step,time_s,vortex_signal_pa,p_upstream_pa,p_downstream_pa,pressure_drop_pa,max_lattice_velocity
10000,0.07931766242246165,957.3707785734687,2388.431193701465,893.3128331751276,1495.1183605263373,0.06794625637335315
10005,0.07935732125367287,1002.8698632557116,2410.059561288411,913.7749771568378,1496.284584131573,0.0673583343159378
10010,0.0793969800848841,1043.2086158192901,2433.708466561979,931.3357634515827,1502.3727031103963,0.06679097719882117
10015,0.07943663891609533,1079.3624766203982,2459.413171005307,945.8932899007998,1513.5198811045072,0.0662080020801847
10020,0.07947629774730657,1112.6230179730178,2487.2109787567224,957.4697030698035,1529.741275686919,0.06561039374171275
10025,0.07951595657851779,1144.5498257580925,2517.1347930041934,966.1776587067571,1550.9571342974364,0.06499887836295061
10030,0.07955561540972902,1176.8932776727504,2549.201401248399,972.1778781992966,1577.0235230491026,0.06439661303325447
10035,0.07959527424094026,1211.4894143551644,2583.3955522744245,975.6354245642353,1607.7601277101892,0.0638386261015163
10040,0.07963493307215148,1250.1323067133865,2619.652027283893,976.6826828692147,1642.9693444146783,0.06326446890984522
10045,0.07967459190336272,1294.4336554084207,2657.838824288013,975.3958782449107,1682.442946043102,0.06270064582063996
10050,0.07971425073457394,1345.6829234613078,2697.7450220129986,971.7894419022255,1725.955580110773,0.0627527879212617
10055,0.07975390956578518,1404.7231101355587,2739.076672097542,965.8290845695409,1773.247587528001,0.06277339386994726
10060,0.07979356839699642,1471.8568808227014,2781.4631106876977,957.4607259218765,1824.0023847658213,0.06275935151259335
10065,0.07983322722820764,1546.7950351571203,2824.4744771223513,946.649196462649,1877.8252806597025,0.06274588810592877
10070,0.07987288605941888,1628.6547215477142,2867.649250502486,933.4185305473494,1934.230719955137,0.06278616734224121
10075,0.0799125448906301,1716.0091014589063,2910.5286673360006,917.8851406082638,1992.6435267277368,0.06282562857041164
10080,0.07995220372184134,1806.984350891193,2952.6934021247475,900.276345402045,2052.4170567227025,0.06286306714821159
10085,0.07999186255305256,1899.3948106276036,2993.7972319307355,880.9294465205854,2112.86778541015,0.06289722164882391
10090,0.0800315213842638,1990.9034793537257,3033.5927365946604,860.2703474547269,2173.3223891399334,0.06292684873556982
10095,0.08007118021547503,2079.193137307519,3071.9453464361404,838.7749045109279,2233.170441925213,0.0629508035199135
10100,0.08011083904668626,2162.1331667159843,3108.8339614912875,816.9199780339252,2291.9139834573625,0.06296811981842632
10105,0.08015049787789749,2237.9282376663828,3144.338516207977,795.1337156201076,2349.2048005878696,0.06297808385119998
10110,0.08019015670910871,2305.237090366742,3178.6168119893428,773.7553113419788,2404.8615006473638,0.06299479720494926
10115,0.08022981554031995,2363.2523409136675,3211.8743339868056,753.0130421927493,2458.8612917940563,0.06301200590326927
10120,0.08026947437153117,2411.7354770789802,3244.3314159853403,733.025917227069,2511.3054987582714,0.06302084931298542
10125,0.08030913320274241,2451.0049884910895,3276.1920077069612,713.8293942530368,2562.3626134539245,0.06305291717401333
10130,0.08034879203395365,2481.8798839281617,3307.617571797636,695.420310346438,2612.1972614511983,0.06308196230499576
10135,0.08038845086516487,2505.585407098394,3338.7085164617592,677.8116201288464,2660.896896332913,0.06310563019756027
10140,0.08042810969637611,2523.631960964958,3369.4942903837896,661.0848364817057,2708.409453902084,0.06312548485396673
10145,0.08046776852758733,2537.681206470819,3399.932027228858,645.4279680072673,2754.5040592215905,0.06314312108528879
10150,0.08050742735879857,2549.4141810994142,3429.9125684488336,631.1494108337027,2798.7631576151307,0.06316004979137327
10155,0.08054708619000979,2560.4146846055137,3459.2719067932203,618.6632007486403,2840.60870604458,0.06318239734105359
10160,0.08058674502122103,2572.0774010504715,3487.8056385817717,608.447210331484,2879.358428250288,0.06324618272338654
10165,0.08062640385243226,2585.5452681318943,3515.283928319501,600.9819102413425,2914.302018078158,0.06331212299290333
10170,0.08066606268364349,2601.675793380233,3541.4647835961237,596.6818186217181,2944.7829649744053,0.06338035438345004
10175,0.08070572151485472,2621.0325262746983,3566.1040740779763,595.833692270858,2970.270381807118,0.06345057877799934
10180,0.08074538034606595,2643.896232842961,3588.9616078943204,598.5543915952843,2990.407216299036,0.06352207713403472
10185,0.08078503917727718,2670.2902491988193,3609.8035470713658,604.7773953557862,3005.0261517155795,0.06359374710294483
10190,0.0808246980084884,2700.0151833598775,3628.4023153840217,614.2709875300765,3014.131327853945,0.063664160599611
10195,0.08086435683969964,2732.6887609318924,3644.535751936,626.6844664515448,3017.8512854844553,0.06373163683197136
10200,0.08090401567091088,2767.786719195701,3657.9874689469575,641.6127622300739,3016.3747067168833,0.0637943262844807
10205,0.0809436745021221,2804.6805118980874,3668.550138547187,658.6658786433072,3009.88425990388,0.06385030142919196
10210,0.08098333333333334,2842.6678604066674,3676.032801381485,677.5284694477624,2998.504331933723,0.06394223272919733
10215,0.08102299216454456,2880.9936068363654,3680.2723701058985,697.9968969416286,2982.27547316427,0.06403111380983173
10220,0.0810626509957558,2918.8610115692773,3681.1484503079914,719.9859162197164,2961.162534088275,0.06410713846139578
10225,0.08110230982696703,2955.437023087188,3678.599598930593,743.5036947621566,2935.0959041684364,0.06416887716391537
10230,0.08114196865817826,2989.857871574409,3672.6383679731075,768.6008127923907,2904.037555180717,0.06421521861459185
10235,0.0811816274893895,3021.24237486915,3663.362107823418,795.3046788622448,2868.057428961173,0.06424540771965587
10240,0.08122128632060072,3048.718823435431,3650.9566634703583,823.5541509891424,2827.402512481216,0.06425906479658305
10245,0.08126094515181195,3071.4675175088732,3635.690855287048,853.1493238305253,2782.541531456523,0.06425618493770427
10250,0.08130060398302318,3088.7760514252345,3617.9009579449653,883.7283955800897,2734.1725623648754,0.06429100707446353
10255,0.08134026281423441,3100.09996189013,3597.966110266317,914.7779475238002,2683.188162742517,0.0643201325218864
10260,0.08137992164544565,3105.1187764867514,3576.277410187918,945.6760824436601,2630.601327744258,0.06433377991243433
10265,0.08141958047665687,3103.777629710105,3553.204990068981,975.761134366612,2577.4438557023686,0.06433290720562451
10270,0.08145923930786811,3096.307180158975,3529.0682396263237,1004.4134534267776,2524.654786199546,0.06431859592612049
10275,0.08149889813907933,3083.218615421273,3504.1142531252,1031.1350786315727,2472.9791744936274,0.06429197173835606
10280,0.08153855697029057,3065.2746267820003,3478.508419358822,1055.6124022602792,2422.896017098543,0.06427269298179336
10285,0.08157821580150179,3043.4402749417277,3452.338985950166,1077.7500730941815,2374.5889128559843,0.06430166922509858
10290,0.08161787463271303,3018.8190378000604,3425.634790533718,1097.6697370342197,2327.965053499498,0.06432056084420254
10295,0.08165753346392426,2992.5793234238463,3398.3927043142253,1115.6737286960476,2282.718975618178,0.06432980032287351
10300,0.08169719229513549,2965.876039444644,3370.609267469308,1132.1802772709732,2238.4289901983348,0.06432959876958036
10305,0.08173685112634672,2939.7713867049215,3342.310001922404,1147.641962152903,2194.668039769501,0.0643199536758089
10310,0.08177650995755795,2915.159353230832,3313.5702334203283,1162.4620993905419,2151.1081340297865,0.06430067629630304
10315,0.08181616878876918,2892.6994200205827,3284.5229150545806,1176.9239300724876,2107.598984982093,0.06427143285108436
10320,0.0818558276199804,2872.7660260493885,3255.3515987607752,1191.1449267863727,2064.2066719744025,0.06430770169632627
10325,0.08189548645119164,2855.4205243266506,3226.2698096605986,1205.0637487875297,2021.206060873069,0.0643423308518971
10330,0.08193514528240288,2840.41089197675,3197.491000701579,1218.461284558621,1979.0297161429583,0.0643639293554575
10335,0.0819748041136141,2827.201251789709,3169.195397937942,1231.0109468311455,1938.1844511067964,0.06437171750814033
10340,0.08201446294482534,2815.0288522500487,3141.5009403464533,1242.348066974091,1899.1528733723624,0.06436500788331197
10345,0.08205412177603656,2802.981774649146,3114.4449588965635,1252.1448133809938,1862.3001455155697,0.06434322712381434
10350,0.0820937806072478,2790.087540297387,3087.981289191908,1260.1761503102164,1827.8051388816918,0.0643059252850002
10355,0.08213343943845904,2775.401927004415,3061.9945022242414,1266.364141272042,1795.6303609521995,0.06426761126661885
10360,0.08217309826967026,2758.088702052089,3036.32942373994,1270.7921020308008,1765.5373217091392,0.064290248073438
10365,0.0822127571008815,2737.4839159589615,3010.8307847637366,1273.6859761947233,1737.1448085690133,0.06429507836449094
10370,0.08225241593209272,2713.14157229561,2985.385405892111,1275.3667458629952,1710.0186600291158,0.06428187577495934
10375,0.08229207476330395,2684.8597768570653,2959.9583357329284,1276.1834322888685,1683.7749034440599,0.06425051560080305
10380,0.08233173359451518,2652.6873267764686,2934.6151406880117,1276.440119405051,1658.1750212829606,0.06420097847676674
10385,0.08237139242572641,2616.910495140559,2909.52501838167,1276.3316339175667,1633.1933844641035,0.06413336242114653
10390,0.08241105125693765,2578.0194453619397,2884.9431386080337,1275.900791746117,1609.0423468619167,0.0640650095667562
10395,0.08245071008814887,2536.6543646836217,2861.1748534649696,1275.0258360425992,1586.1490174223704,0.0640630187103627
10400,0.08249036891936011,2493.5336131018194,2838.52825919823,1273.4407416671436,1565.0875175310864,0.06405123804899057
10405,0.08253002775057133,2449.369698824621,2817.2641847010677,1270.7846463088144,1546.4795383922533,0.06405611563748262
10410,0.08256968658178257,2404.782638506701,2797.5534277289216,1266.6710468688595,1530.882380860062,0.06413160194203864
10415,0.08260934541299379,2360.222768031737,2779.449760867744,1260.763630323033,1518.6861305447107,0.06420227982411028
10420,0.08264900424420503,2315.9150988819933,2762.8841358495,1252.8443803690498,1510.0397554804504,0.06424727164196076
10425,0.08268866307541627,2271.834411444506,2747.681270285512,1242.8611189309117,1504.8201513546,0.06426501427929686
10430,0.08272832190662749,2227.7150445348343,2733.595294448937,1230.9456051015834,1502.6496893473534,0.06425401024276527
10435,0.08276798073783873,2183.093177841805,2720.3573054901676,1217.3989587865772,1502.9583467035905,0.06421281408776748
10440,0.08280763956904995,2137.3740098591165,2707.7253108022446,1202.6474115949404,1505.0778992073042,0.0641400278462154
10445,0.08284729840026119,2089.9128773869134,2695.5266212067477,1187.1769923832205,1508.3496288235272,0.06403431039272617
10450,0.08288695723147241,2040.0985714022206,2683.6843587206477,1171.4596327852946,1512.224725935353,0.06403267161600341
10455,0.08292661606268364,1987.4285105083663,2672.2230422623675,1155.8845844684229,1516.3384577939446,0.06400369838349211
10460,0.08296627489389488,1931.5682056057672,2661.252532736536,1140.7077482360867,1520.5447845004494,0.06407639102066105
10465,0.0830059337251061,1872.390572985073,2650.9340709523385,1126.0278474920967,1524.9062234602418,0.06452523822123188
10470,0.08304559255631734,1809.9934327079948,2641.435810181,1111.793120899621,1529.6426892813788,0.0650010375257314
10475,0.08308525138752856,1744.6955798335046,2632.887369560578,1097.8364166906192,1535.0509528699588,0.06546051291969802
10480,0.0831249102187398,1677.0132127493325,2625.34307334795,1083.9313484488546,1541.4117248990954,0.06605820634939036
10485,0.08316456904995102,1607.619460142486,2618.76166781647,1069.8584576416088,1548.9032101748612,0.06663414863916198
10490,0.08320422788116226,1537.2906291746294,2613.0068202338425,1055.4687474341472,1557.5380727996953,0.06724724852269033
10495,0.0832438867123735,1466.8437510666092,2607.86834180544,1040.732728158661,1567.1356136467791,0.0679203257005359
10500,0.08328354554358472,1397.071039471623,2603.0997608481202,1025.766054883052,1577.3337059650682,0.06854240668106248
10505,0.08332320437479596,1328.6776552139359,2598.4645092236756,1010.8273687269291,1587.6371404967465,0.06927162460016524
10510,0.08336286320600718,1262.2292770116583,2593.7812669797254,996.289223510051,1597.4920434696744,0.06992578489491683
10515,0.08340252203721842,1198.1149418546454,2588.9592695221722,982.5879973247605,1606.3712721974116,0.07064422446864534
10520,0.08344218086842965,1136.528354393958,2584.016525962776,970.1625137229554,1613.8540122398208,0.0712696650796777
10525,0.08348183969964088,1077.4676559985767,2579.077441239042,959.3930185624539,1619.684422676588,0.0718500772550171
10530,0.08352149853085211,1020.7503399471076,2574.3505174856386,950.5518451134175,1623.798672372221,0.0723819020734606
10535,0.08356115736206333,966.0376074315145,2570.090766198028,943.7746579502657,1626.3161082477625,0.07280110941981044
10540,0.08360081619327457,912.861922977446,2566.5544032665434,939.057108220527,1627.4972950460165,0.07314875521618583
10545,0.0836404750244858,860.653121468235,2563.954767080493,936.2768535897546,1627.6779134907385,0.07338652377340106
10550,0.08368013385569703,808.7616620670805,2562.427970071362,935.2361110864429,1627.191858984919,0.0735375258182391
10555,0.08371979268690827,756.4812197318768,2562.0147024826565,935.7160836356903,1626.2986188469663,0.07368386461961526
10560,0.08375945151811949,703.0752571779134,2562.6613117624856,937.5324059796736,1625.1289057828121,0.07373120842407267
10565,0.08379911034933073,647.8123508167918,2564.239461004254,940.5805734609706,1623.658887543283,0.07368895756654947
10570,0.08383876918054195,590.0126720833651,2566.580086313557,944.8621800469165,1621.7179062666405,0.07356700775670298
10575,0.08387842801175319,529.1039723747185,2569.5147176797886,950.4863690694673,1619.0283486103212,0.07337514942504851
10580,0.08391808684296441,464.6812624061048,2572.915991878648,957.6455472861619,1615.2704445924862,0.07312261406999969
10585,0.08395774567417565,396.5616371484891,2576.7295718235387,966.5692777321786,1610.16029409136,0.07281778076571281
10590,0.08399740450538688,324.82527934174476,2580.99157859349,977.4644526601855,1603.5271259333044,0.07246803009522908
10595,0.0840370633365981,249.8354623836032,2585.828634716911,990.4525871229238,1595.376047593987,0.07207971984795113
10600,0.08407672216780934,172.23350602457123,2591.4410969286732,1005.5158793094204,1585.9252176192529,0.07165824470354605
10605,0.08411638099902057,92.90795303831197,2598.0733228451063,1022.4624247475422,1575.6108980975641,0.07120814607669641
10610,0.0841560398302318,12.939904132100764,2605.977220450884,1040.9178761197643,1565.0593443311197,0.0707332387778916
10615,0.08419569866144302,-66.47177872280116,2615.3764085991525,1060.3464281809308,1555.0299804182216,0.0703114478566873
10620,0.08423535749265426,-144.10048252282616,2626.437888362733,1080.0989958743125,1546.3388924884202,0.06993261577114677
10625,0.0842750163238655,-218.79099100465385,2639.2563218795613,1099.4816533620726,1539.7746685174886,0.06952958238703633
10630,0.08431467515507672,-289.5602488929243,2653.8532488461456,1117.8336166856363,1536.0196321605092,0.06910344240288468
10635,0.08435433398628796,-355.6906361587195,2670.1904337087635,1134.6019723862605,1535.588461322503,0.06870865469779674
10640,0.08439399281749918,-416.80549331602185,2688.1936713771806,1149.4004407494483,1538.7932306277323,0.06829294230458144
10645,0.08443365164871042,-472.91668555016645,2707.7813462844188,1162.041835508093,1545.7395107763257,0.06785657667502337
10650,0.08447331047992165,-524.4357955004954,2728.8912130961166,1172.538248314042,1556.3529647820747,0.06740092763120649
10655,0.08451296931113288,-572.1441802390395,2751.499375279903,1181.0686373119995,1570.4307379679033,0.06692719474402703
10660,0.08455262814234411,-617.1221419083272,2775.627150039534,1187.9194168944275,1587.7077331451067,0.06643643455549718
10665,0.08459228697355534,-660.642973534896,2801.3340690865757,1193.4086964847563,1607.9253726018194,0.06592959086829496
10670,0.08463194580476657,-704.0426355329192,2828.698162384963,1197.8079965626168,1630.890165822346,0.06546405052412997
10675,0.0846716046359778,-748.5794084206041,2857.787334062119,1201.275927018327,1656.5114070437921,0.06498961565830834
10680,0.08471126346718903,-795.2994527540102,2888.6275419956073,1203.816285262897,1684.8112567327103,0.06449889695924116
10685,0.08475092229840027,-844.9235582873139,2921.1742618346443,1205.268671051052,1715.9055907835923,0.06399241467745148
10690,0.08479058112961149,-897.767619631088,2955.2932058325755,1205.3338026739834,1749.959403158592,0.06347072785061646
10695,0.08483023996082273,-953.7050235824053,2990.7545884497013,1203.6293056417728,1787.1252828079284,0.06333452250041888
10700,0.08486989879203395,-1012.1739267449974,3027.242730895775,1199.7659690450112,1827.4767618507638,0.06327330201652687
10705,0.08490955762324519,-1072.2272190502026,3064.3799821333237,1193.4303738284236,1870.9496083049,0.06321160819447333
10710,0.08494921645445641,-1132.6186016401093,3101.7613595044386,1184.4581899183718,1917.3031695860668,0.063149426754936
10715,0.08498887528566765,-1191.9151690688918,3138.9944610059115,1172.8837266262497,1966.1107343796618,0.06312770319837074
10720,0.08502853411687888,-1248.6253031260808,3175.738385219801,1158.9554224534766,2016.7829627663243,0.0631377425674111
10725,0.08506819294809011,-1301.3303524362007,3211.735701904334,1143.1132566080155,2068.6224452963183,0.06316151231731779
10730,0.08510785177930134,-1348.8091203789465,3246.8328141651737,1125.9314475551512,2120.9013666100227,0.0631923261217574
10735,0.08514751061051257,-1390.1452904813304,3280.9860417774053,1108.0368456961019,2172.9491960813034,0.06321466105605532
10740,0.0851871694417238,-1424.8094316973081,3314.2530458780484,1090.018655843322,2224.2343900347264,0.06322825885885142
10745,0.08522682827293503,-1452.7091684297202,3346.7714129446426,1072.3473486695834,2274.424064275059,0.0632331890518866
10750,0.08526648710414626,-1474.203560877925,3378.727986330204,1055.3192204596733,2323.408765870531,0.06322986013226108
10755,0.0853061459353575,-1490.0807344348193,3410.3236454623907,1039.0381698805895,2371.285475581801,0.06321900714688491
10760,0.08534580476656872,-1501.5011482282257,3441.7385768001413,1023.4387754409462,2418.299801359195,0.06320165452398006
10765,0.08538546359777996,-1509.9122073580374,3473.102668240796,1008.3461745328876,2464.7564937079082,0.0631790555304195
10770,0.08542512242899118,-1516.9426473787707,3504.4746071469854,993.560357985332,2510.9142491616535,0.06315261230136063
10775,0.08546478126020242,-1524.2866970879647,3535.831769864061,978.94701288768,2556.8847569763807,0.06314772541123835
10780,0.08550444009141364,-1533.5881059862154,3567.0713055059855,964.5152227651025,2602.556082740883,0.06315176843854375
10785,0.08554409892262488,-1546.3327400455123,3598.021200445117,950.4646719032378,2647.556528541879,0.06315560938640176
10790,0.08558375775383611,-1563.7560761564982,3628.4587993608006,937.1911176164112,2691.2676817443894,0.06316024216282606
10795,0.08562341658504734,-1586.769342080127,3658.1334305171936,925.2475722534635,2732.88585826373,0.06320836739408933
10800,0.08566307541625857,-1615.9060564533286,3686.789525851188,915.2680590122768,2771.5214668389112,0.0632650203998026
10805,0.0857027342474698,-1651.2898158632338,3714.186928920976,907.8689415428164,2806.317987378159,0.06332277584273809
10810,0.08574239307868103,-1692.624317014466,3740.1158425808862,903.5478812864367,2836.5679612944496,0.06338098983160341
10815,0.08578205190989227,-1739.2072099939357,3764.404917727715,902.6012990949126,2861.8036186328027,0.06343865261974066
10820,0.0858217107411035,-1789.9695474041662,3786.9221390630923,905.0775761635219,2881.8445628995705,0.06349444140177554
10825,0.08586136957231473,-1843.541475521006,3807.5692594440793,910.7758710559897,2896.7933883880896,0.06356807452384716
10830,0.08590102840352595,-1898.3420430680198,3826.271452496975,919.2909214440001,2906.980531052975,0.06367318747518383
10835,0.08594068723473719,-1952.6869891578647,3842.9645203239197,930.09458214706,2912.8699381768597,0.06377053711468528
10840,0.08598034606594841,-2004.9042954692634,3857.582360121966,942.6371911490305,2914.9451689729353,0.0638582258699028
10845,0.08602000489715965,-2053.444721590605,3870.0474130894213,956.447792410868,2913.599620678553,0.06393448532179152
10850,0.08605966372837089,-2096.974792281303,3880.26644068172,971.2126383464675,2909.0538023352524,0.06399775479434554
10855,0.08609932255958211,-2134.443141498815,3888.133167129583,986.8161432795636,2901.3170238500193,0.06404674588018758
10860,0.08613898139079335,-2165.1168673071415,3893.538127353618,1003.3365232673623,2890.201604086256,0.06408048994942359
10865,0.08617864022200457,-2188.5907588845794,3896.3846048017253,1020.9979891557604,2875.386615645965,0.06409836695740331
10870,0.0862182990532158,-2204.776848768287,3896.6080867323067,1040.0904827575828,2856.517603974724,0.064110106532041
10875,0.08625795788442703,-2213.8833152546554,3894.19553237911,1060.8746133616917,2833.3209190174184,0.06416171847383485
10880,0.08629761671563826,-2216.3901480867053,3889.2002629114095,1083.492276904259,2805.707986007151,0.06419691348016258
10885,0.0863372755468495,-2213.025252664156,3881.7486570077194,1107.9019007454926,2773.846756262227,0.06421617863287638
10890,0.08637693437806072,-2204.740536397535,3872.036103369589,1133.8517952563125,2738.1843081132765,0.06422021848196517
10895,0.08641659320927196,-2192.6846182729923,3860.311635744184,1160.8969825533693,2699.4146531908145,0.06420989807331216
10900,0.08645625204048318,-2178.168006621044,3846.8529809352785,1188.4558953958772,2658.3970855394014,0.06418617909073847
10905,0.08649591087169442,-2162.617775394347,3831.935898414766,1215.8953645181625,2616.040533896604,0.0641500531301812
10910,0.08653556970290564,-2147.521018805357,3815.8031919357777,1242.626894406449,2573.1762975293286,0.06417120086046955
10915,0.08657522853411688,-2134.358494010399,3798.6392505591625,1268.1953129144192,2530.4439376447435,0.06419271603335511
10920,0.08661488736532812,-2124.531040920966,3780.5552524419504,1292.3426845483639,2488.2125678935863,0.06420311195693756
10925,0.08665454619653934,-2119.281510895547,3761.588315512235,1315.0354116654198,2446.5529038468153,0.06420267136547289
10930,0.08669420502775058,-2119.614689751803,3741.7152293120816,1336.4496652222522,2405.2655640898292,0.0641915074317805
10935,0.0867338638589618,-2126.218006245304,3720.8784677831245,1356.9182911547755,2363.960176628349,0.0641695744492308
10940,0.08677352269017304,-2139.38730252405,3699.019569008926,1376.84962964257,2322.1699393663557,0.06420015580950586
10945,0.08681318152138427,-2158.964461424182,3676.113244403399,1396.633908528958,2279.479335874441,0.06424876815827174
10950,0.0868528403525955,-2184.2962849389924,3652.195156610847,1416.5550629063925,2235.6400937044546,0.06428413797117816
10955,0.08689249918380673,-2214.225322699281,3627.3773385348572,1436.7245979359207,2190.6527405989364,0.06430547448996089
10960,0.08693215801501795,-2247.122171267881,3601.8475717393253,1457.0497215109704,2144.797850228355,0.06431201156243739
10965,0.08697181684622919,-2280.96462968822,3575.8522713230527,1477.2413096304726,2098.61096169258,0.06430304283993982
10970,0.08701147567744041,-2313.4624995909567,3549.665893718634,1496.8596425640435,2052.8062511545904,0.06427794696044178
10975,0.08705113450865165,-2342.2191221189732,3523.552860870265,1515.388731837956,2008.164129032309,0.06429587146644601
10980,0.08709079333986289,-2364.9138038913898,3497.7298077366377,1532.3247800851188,1965.4050276515188,0.0643342212942952
10985,0.08713045217107411,-2379.4848857466727,3472.336155091086,1547.2618331838464,1925.0743219072394,0.06435320581909418
10990,0.08717011100228535,-2384.292511203833,3447.4194680354512,1559.9584212237583,1887.461046811693,0.0643524067412113
10995,0.08720976983349657,-2378.243293884704,3422.9390548748015,1570.3727777338654,1852.566277140936,0.06433154565217934
11000,0.0872494286647078,-2360.8651388934345,3398.7874143718277,1578.660357160006,1820.1270572118217,0.0642904773013492
11005,0.08728908749591903,-2332.327787526522,3374.825294326867,1585.1346812882587,1789.6906130386085,0.06422918780626363
11010,0.08732874632713027,-2293.411461127582,3350.9231449027584,1590.1996337658547,1760.7235111369037,0.06416807313559932
11015,0.0873684051583415,-2245.431001495251,3327.000311551263,1594.2667978289248,1732.7335137223383,0.0641989255331117
11020,0.08740806398955273,-2190.125701970688,3303.0537374465202,1597.6742015177842,1705.379535928736,0.06429330422620765
11025,0.08744772282076396,-2129.525938857826,3279.1701314521024,1600.6223419235007,1678.5477895286017,0.06438798627150304
11030,0.08748738165197519,-2065.807523113674,3255.5190127222304,1603.1397237763233,1652.379288945907,0.06448296548496052
11035,0.08752704048318642,-2001.1441483044578,3232.32801178203,1605.0841374838085,1627.2438742982215,0.06457796283011968
11040,0.08756669931439764,-1937.5678026897733,3209.845450410117,1606.178763974897,1603.6666864352198,0.06467246621569916
11045,0.08760635814560888,-1876.8464598579812,3188.297795585479,1606.0753722638324,1582.2224233216466,0.0647657838312445
11050,0.08764601697682012,-1820.3873462037545,3167.850585356504,1604.4317076889938,1563.41887766751,0.06485710416209882
11055,0.08768567580803134,-1769.1721423095464,3148.580683708826,1600.9876238466165,1547.5930598622097,0.06494555622414334
11060,0.08772533463924258,-1723.7274270612247,3130.4654107579786,1595.6250242082506,1534.840386549728,0.06503026478217373
11065,0.0877649934704538,-1684.1298208811208,3113.390689979477,1588.4000901978984,1524.9905997815786,0.06511039709410174
11070,0.08780465230166504,-1650.041390473705,3097.176540074464,1579.5418717959888,1517.6346682784751,0.06518519973154654
11075,0.08784431113287626,-1620.7678960529788,3081.614777983253,1569.4179823622565,1512.1967956209967,0.06525402591254725
11080,0.0878839699640875,-1595.3311439453014,3066.511385759199,1558.4745483547297,1508.0368374044695,0.06531635519663627
11085,0.08792362879529873,-1572.547272689825,3051.7251150869497,1547.162450109837,1504.5626649771127,0.06537180805209637
11090,0.08796328762650996,-1551.1048384352998,3037.1947367991756,1535.864301159927,1501.3304356392487,0.0654201575662275
11095,0.08800294645772119,-1529.639208370214,3022.949713211538,1524.8361190800965,1498.1135941314415,0.06546133950184921
11100,0.08804260528893242,-1506.8020406830008,3009.102481077757,1514.1744203458652,1494.928060731892,0.06549546031736109
11105,0.08808226412014365,-1481.325801380336,2995.824266967694,1503.8142647462803,1492.0100022214135,0.06552280116286191
11110,0.08812192295135489,-1452.083103955532,2983.309636191179,1493.5576987932795,1489.7519373978994,0.0655438147962632
11115,0.08816158178256611,-1418.1394585360954,2971.737128862213,1483.126334192927,1488.610794669286,0.06555911226428685
11120,0.08820124061377735,-1378.7964869337775,2961.2339411569124,1472.2275269639997,1489.0064141929126,0.06556943721580194
11125,0.08824089944498857,-1333.6216461322674,2951.8515809679047,1460.6215194595834,1491.2300615083213,0.06557562765581437
11130,0.08828055827619981,-1282.4606701138607,2943.557023992632,1448.177237606537,1495.379786386095,0.06596916909880197
11135,0.08832021710741103,-1225.4305030131472,2936.2406548182817,1434.907005663933,1501.3336491543487,0.06651867780739387
11140,0.08835987593862227,-1162.8931034122995,2929.7388876218047,1420.9746744702827,1508.764213151522,0.06708736953162733
11145,0.0883995347698335,-1095.4133563303558,2923.8665156144143,1406.6767208223923,1517.189794792022,0.06768281430521454
11150,0.08843919360104473,-1023.7065185285136,2918.4520903562966,1392.4008199614755,1526.0512703948211,0.06829119112039289
11155,0.08847885243225596,-948.5814930372026,2913.369287681976,1378.570324433398,1534.798963248578,0.0688937312630063
11160,0.08851851126346719,-870.8856569614042,2908.558285921869,1365.5853104044702,1542.9729755173987,0.06947852167593303
11165,0.08855817009467842,-791.4553816876585,2904.0333910837085,1353.7710178885056,1550.2623731952028,0.0699866004419345
11170,0.08859782892588965,-711.0745375752768,2899.8760056536944,1343.3426557942237,1556.5333498594707,0.0704961776986829
11175,0.08863748775710088,-630.441890802746,2896.214959484958,1334.3920943192804,1561.8228651656775,0.07092643658948845
11180,0.08867714658831212,-550.147758661167,2893.198625300965,1326.8976429240756,1566.3009823768894,0.07127881118113269
11185,0.08871680541952334,-470.6604880534301,2890.964678055439,1320.7537582677664,1570.2109197876725,0.07157776305670248
11190,0.08875646425073458,-392.32374623108,2889.61358669698,1315.8139435240043,1573.7996431729755,0.07180223603522695
11195,0.0887961230819458,-315.36560125666375,2889.1909554246836,1311.9378953038263,1577.2530601208573,0.07195877851806703
11200,0.08883578191315704,-239.9194441875867,2889.681900387199,1309.033451078181,1580.6484493090181,0.07205415140002712
11205,0.08887544074436826,-166.05494121751804,2891.0181758889134,1307.0851032235973,1583.933072665316,0.07209486379573667
11210,0.0889150995755795,-93.81489610249275,2893.096259255255,1306.1635065618673,1586.9327526933878,0.07208684000733774
11215,0.08895475840679073,-23.251983277124282,2895.802558935645,1306.4140219082021,1589.3885370274427,0.07203522661170439
11220,0.08899441723800196,45.54141726253624,2899.040707055926,1308.0262748793796,1591.0144321765463,0.07194432866944667
11225,0.0890340760692132,112.4161885829376,2902.7557308834275,1311.1902883606456,1591.565442522782,0.0718176489956756
11230,0.08907373490042442,177.16588750555445,2906.9507443734246,1316.047348266656,1590.9033961067687,0.07165799669563794
11235,0.08911339373163565,239.54325422585248,2911.693433556793,1322.644922154171,1589.0485114026221,0.0714676295834858
11240,0.08915305256284689,299.29164919722314,2917.1116551442506,1330.90444179387,1586.2072133503805,0.07124840026054399
11245,0.08919271139405811,356.1872426081412,2923.3794960149567,1340.6086382963324,1582.7708577186243,0.07101117684636596
11250,0.08923237022526935,410.0868407730452,2930.6967604563674,1351.41171891627,1579.2850415400974,0.0707969838607178
11255,0.08927202905648057,460.97614800209647,2939.2657865648885,1362.8715731143488,1576.3942134505396,0.0705551910359867
11260,0.08931168788769181,509.01358194506986,2949.2696274887903,1374.4991173663059,1574.7705101224844,0.0702866880353984
11265,0.08935134671890303,554.5650718148372,2960.8550146568255,1385.8165900040685,1575.038424652757,0.06999250938482585
11270,0.08939100555011427,598.2254144924245,2974.1223302888407,1396.4147386257341,1577.7075916631065,0.06967377981510597
11275,0.0894306643813255,640.8219006126016,2989.123322687208,1405.998812190142,1583.1245104970662,0.06934545933786075
11280,0.08947032321253673,683.3964132263725,3005.865799457289,1414.4151453314844,1591.4506541258047,0.06902256206238588
11285,0.08950998204374797,727.1633992433113,3024.3233101904343,1421.6535917467081,1602.6697184437262,0.0686778619246817
11290,0.08954964087495919,773.44316065326,3044.4470941233285,1427.8254804294957,1616.6216136938328,0.06831250044797733
11295,0.08958929970617042,823.5726456685719,3066.1774299993485,1433.1212788956364,1633.0561511037122,0.06792752945910233
11300,0.08962895853738165,878.798926907336,3089.451972176763,1437.755871084555,1651.6961010922078,0.06752393237792245
11305,0.08966861736859288,940.163331672259,3114.2095582373017,1441.9115785682388,1672.297979669063,0.06710263981791685
11310,0.08970827619980412,1008.3863093280702,3140.389111685016,1445.6893702665836,1694.6997414184323,0.06666453760938978
11315,0.08974793503101534,1083.7643085045781,3167.924388084431,1449.0771006784069,1718.8472874060242,0.06621046757063337
11320,0.08978759386222658,1166.0900499759928,3196.7361994509015,1451.9404365845937,1744.7957628663078,0.06575509739446812
11325,0.0898272526934378,1254.6065390751487,3226.7242483073064,1454.0379938424046,1772.6862544649018,0.06531987734534904
11330,0.08986691152464904,1348.0029149929098,3257.760753948045,1455.057861107249,1802.702892840796,0.06486905126343119
11335,0.08990657035586026,1444.456817767796,3289.687694168175,1454.6688868479766,1835.0188073201982,0.06440311128920301
11340,0.0899462291870715,1541.723587238687,3322.318817525712,1452.5774865875876,1869.7413309381243,0.06392251143382287
11345,0.08998588801828274,1637.2677601687524,3355.4467396964187,1448.5797295625173,1906.8670101339014,0.06363998886186303
11350,0.09002554684949396,1728.427669523548,3388.85456368496,1442.599277621861,1946.255286063099,0.06362686033811153
11355,0.0900652056807052,1812.6001765279798,3422.3306842280117,1434.704278424281,1987.6264058037307,0.0636666089090054
11360,0.09010486451191642,1887.430219452966,3455.6848533939938,1425.1001699279877,2030.584683466006,0.06369006252846185
11365,0.09014452334312766,1950.9891812742637,3488.76327019629,1414.0998798419946,2074.663390354295,0.06369651411115101
11370,0.09018418217433888,2001.9269927621444,3521.4604547118083,1402.0772688735594,2119.383185838249,0.0636855973583911
11375,0.09022384100555011,2039.5851298036553,3553.7259873384414,1389.4130001053604,2164.312987233081,0.06365730914283296
11380,0.09026349983676135,2064.060910974926,3585.564810752279,1376.443592148802,2209.121218603477,0.06361201345964593
11385,0.09030315866797257,2076.2174741998815,3617.0306393446176,1363.4238252773625,2253.606814067255,0.06355042544725781
11390,0.09034281749918381,2077.6382796613634,3648.212989291436,1350.5099556336263,2297.7030336578096,0.06347357501594794
11395,0.09038247633039503,2070.529695735452,3679.2192873256354,1337.7668593657747,2341.452427959861,0.06338783594925344
11400,0.09042213516160627,2057.579805084826,3710.154277993642,1325.1971608396248,2384.9571171540174,0.06338993502764563
11405,0.09046179399281751,2041.7854970099743,3741.099386061001,1312.7856712605417,2428.3137148004594,0.06338107507916341
11410,0.09050145282402873,2026.2625861203687,3772.094716684017,1300.5490996055025,2471.5456170785146,0.06336250241151745
11415,0.09054111165523997,2014.0546067166533,3803.125987502741,1288.579738741888,2514.546248760853,0.06333533321688849
11420,0.09058077048645119,2007.9548718778622,3834.1179661748815,1277.0729714461208,2557.0449947287607,0.06330047141580626
11425,0.09062042931766243,2010.3535960281565,3864.9350774985624,1266.331768564622,2598.6033089339403,0.06325854079022204
11430,0.09066008814887365,2023.118019141738,3895.3889071942513,1256.7461849628219,2638.6427222314296,0.06320983590212706
11435,0.09069974698008489,2047.5094146158362,3925.2514999063296,1248.7511934082613,2676.5003064980683,0.06320534191776599
11440,0.09073940581129612,2084.137398224834,3954.2727108764316,1242.7709066197526,2711.501804256679,0.06326863946049202
11445,0.09077906464250735,2132.9495269058402,3982.199457659785,1239.1603072887133,2743.0391503710716,0.06332292097947761
11450,0.09081872347371858,2193.252796716187,4008.7945356178607,1238.1563438013557,2770.6381918165052,0.06336658676444086
11455,0.0908583823049298,2263.7630081233206,4033.8527128826736,1239.848449593537,2794.0042632891364,0.06339780930129799
11460,0.09089804113614104,2342.677655529341,4057.212123102267,1244.1745522119702,2813.0375708902966,0.06341461626653713
11465,0.09093769996735226,2427.7677317686207,4078.759545661279,1250.9432989098932,2827.8162467513857,0.0634149822580377
11470,0.0909773587985635,2516.4835663758126,4098.428993518022,1259.8777083849216,2838.5512851331005,0.06344234750327063
11475,0.09101701762977474,2606.069687533273,4116.194047712311,1270.6709915054234,2845.5230562068873,0.06354351955984115
11480,0.09105667646098596,2693.683916194153,4132.055437628971,1283.0428620973205,2849.0125755316503,0.06362216430133248
11485,0.0910963352921972,2776.516556432832,4146.026258887666,1296.7848018326167,2849.241457055049,0.06367660450208026
11490,0.09113599412340842,2851.9065044567633,4158.117726307332,1311.7853760399971,2846.332350267335,0.06372106050480378
11495,0.09117565295461966,2917.4520158700307,4168.328313368683,1328.0311830310673,2840.2971303376153,0.0637644457269561
11500,0.09121531178583088,2971.114331611623,4176.63848431354,1345.5843281020002,2831.05415621154,0.0637903504299444
11505,0.09125497061704212,3011.312083777996,4183.012079473755,1364.5422726031272,2818.4698068706275,0.06379867136957637
11510,0.09129462944825335,3037.0033954032247,4187.40400011365,1384.9894685589213,2802.4145315547285,0.06378967605438166
11515,0.09133428827946458,3047.751200938754,4189.772465317356,1406.9516412567307,2782.8208240606255,0.06379874446314496
11520,0.09137394711067581,3043.76611957188,4190.093090055484,1430.362690087112,2759.730399968372,0.06382959372010737
11525,0.09141360594188704,3025.9208017544856,4188.371594060807,1455.0512080644091,2733.320385996398,0.06384460861878773
11530,0.09145326477309827,2995.7304362161144,4184.6521976904705,1480.7492684147749,2703.902929275696,0.06384480363443981
11535,0.09149292360430951,2955.2961212676514,4179.019642662549,1507.1213565522019,2671.898286110347,0.06383124979732402
11540,0.09153258243552073,2907.210804567124,4171.594103087577,1533.8071551674907,2637.7869479200867,0.06380500310324837
11545,0.09157224126673197,2854.430967816821,4162.519743271657,1560.469167140426,2602.0505761312306,0.06376704146237547
11550,0.09161190009794319,2800.1205732725257,4151.949021912169,1586.8353881105381,2565.113633801631,0.06379714364897543
11555,0.09165155892915443,2747.4764690123175,4140.02576294862,1612.72848848588,2527.2972744627396,0.06383045789434924
11560,0.09169121776036565,2699.546149970962,4126.870327389412,1638.075890428136,2488.7944369612756,0.06382215817836578
11565,0.09173087659157689,2659.049436005161,4112.569864600642,1662.8990770461658,2449.670787554476,0.06389328150294145
11570,0.09177053542278812,2628.215418866301,4097.175659916213,1687.284639459052,2409.8910204571607,0.06397045013972052
11575,0.09181019425399935,2608.645194349295,4080.708205164355,1711.3431444049477,2369.3650607594072,0.06400632181224905
11580,0.09184985308521058,2601.2096140646577,4063.169062008533,1735.1642216517603,2328.0048403567725,0.06399948854755143
11585,0.0918895119164218,2605.989585051941,4044.5571714985213,1758.7769038034455,2285.780267695076,0.06395935472551795
11590,0.09192917074763304,2622.264203949378,4024.8862862177875,1782.1230955334722,2242.7631906843153,0.06394691771554012
11595,0.09196882957884427,2648.549118416479,4004.199894303719,1805.049341448545,2199.150552855174,0.06401745339780074
11600,0.0920084884100555,2682.6839904794506,3982.5804679098533,1827.318348475477,2155.2621194343765,0.06418021468194955
11605,0.09204814724126674,2721.9640561965566,3960.1510317608922,1848.6377578267416,2111.5132739341507,0.06433326914099069
11610,0.09208780607247796,2763.3070052098515,3937.0686671506105,1868.7002682344903,2068.36839891612,0.06447653137631115
11615,0.0921274649036892,2803.4432999249852,3913.511277061507,1887.227079233705,2026.284197827802,0.0646102263583352
11620,0.09216712373490042,2839.116098481234,3889.6603417818915,1904.0061657923704,1985.654175989521,0.06473488174625222
11625,0.09220678256611166,2867.2764069364584,3865.6831697389707,1918.9181610342548,1946.765008704716,0.06485129649739516
11630,0.09224644139732288,2885.259959388776,3841.718134810992,1931.9452939862113,1909.7728408247808,0.06496048726791659
11635,0.09228610022853412,2890.9343605128447,3817.865626570458,1943.1623079934043,1874.7033185770538,0.06506361680471366
11640,0.09232575905974535,2882.80783034471,3794.186137035583,1952.711843101353,1841.4742939342302,0.06516191076123895
11645,0.09236541789095658,2860.0940629548977,3770.7053870388318,1960.76969823265,1809.9356888061818,0.06525657078004576
11650,0.09240507672216781,2822.73094470118,3747.424996394838,1967.5071544440543,1779.917841950784,0.06534869204968698
11655,0.09244473555337904,2771.354008469807,3724.3362028815527,1973.057848192551,1751.2783546890016,0.06543919281191576
11660,0.09248439438459027,2707.2284582523753,3701.4337020171415,1977.4955288427454,1723.938173174396,0.06552876159637706
11665,0.0925240532158015,2632.1463165033906,3678.7268507549297,1980.826683779667,1697.9001669752627,0.06561782558381711
11670,0.09256371204701273,2548.2975751261,3656.246174921455,1982.9989477759307,1673.2472271455242,0.06570654084523693
11675,0.09260337087822397,2458.125917243597,3634.044175562974,1983.923035878224,1650.12113968475,0.06579480271041155
11680,0.09264302970943519,2364.1803272169363,3612.1906235519064,1983.5032704602618,1628.6873530916446,0.06588227257283842
11685,0.09268268854064643,2268.9735028913874,3590.7636304806197,1981.6701291007055,1609.0935013799142,0.06596841630147263
11690,0.09272234737185765,2174.8563985252763,3569.838577458053,1978.4079316067769,1591.430645851276,0.06605254918969583
11695,0.09276200620306889,2083.915677528623,3549.4773254560196,1973.7718557845403,1575.7054696714792,0.06613388293483696
11700,0.09280166503428013,1997.8977766235682,3529.719968257833,1967.8906931520917,1561.8292751057413,0.06621157126774338
11705,0.09284132386549135,1918.1602225568604,3510.580775081269,1960.9546747683953,1549.6261003128739,0.06628475221957424
11710,0.09288098269670259,1845.6483085257855,3492.049052543975,1953.1907298940039,1538.8583226499711,0.06635258629178298
11715,0.09292064152791381,1780.8935675760856,3474.0946419253987,1944.830084688336,1529.2645572370627,0.06641429071290685
11720,0.09296030035912504,1724.0297643750223,3456.676873350769,1936.0746588142226,1520.6022145365462,0.06646917035978084
11725,0.09299995919033627,1674.8222128234402,3439.7551979281466,1927.0689607283532,1512.6862371997934,0.06651664576807385
11730,0.0930396180215475,1632.7068046254776,3423.299508483084,1917.883060958005,1505.416447525079,0.06655627807727411
11735,0.09307927685275874,1596.8358625049186,3407.2983447009665,1908.5099581781183,1498.7883865228482,0.06658778998242465
11740,0.09311893568396996,1566.128557634593,3391.763682162789,1898.877711455853,1492.885970706936,0.06661108108746104
11745,0.0931585945151812,1539.3240517524323,3376.731694604549,1888.8737136083641,1487.8579809961848,0.06662623573544617
11750,0.09319825334639242,1515.0357773851597,3362.2596028574794,1878.3760661688548,1483.8835366886246,0.06663352158632688
11755,0.09323791217760366,1491.8054620000817,3348.4193463013926,1867.2857006822635,1481.133645619129,0.06663337792393277
11760,0.09327757100881488,1468.1557256386163,3335.289239540976,1855.5529415005044,1479.7362980404714,0.06662639374346742
11765,0.09331722984002612,1442.6403545087824,3322.9449681905667,1843.1935802217556,1479.751387968811,0.06661327683610489
11770,0.09335688867123736,1413.8916095994655,3311.4512422255893,1830.2918954718077,1481.1593467537816,0.06659481607029637
11775,0.09339654750244858,1380.6640607728323,3300.855206095735,1816.9908591523963,1483.8643469433387,0.06657183967093913
11780,0.09343620633365982,1341.8743575303465,3291.1823604028605,1803.4723996490015,1487.709960753859,0.06654517245806198
11785,0.09347586516487104,1296.6360610018976,3282.435341285266,1789.9324867426728,1492.5028545425932,0.06684631513272814
11790,0.09351552399608228,1244.2882904345863,3274.595488292041,1776.5565893338412,1498.0388989581998,0.06737184391931442
11795,0.0935551828272935,1184.416699798563,3267.6267622891037,1763.500618299758,1504.1261439893458,0.06791482263068026
11800,0.09359484165850473,1116.8654248910727,3261.481298604471,1750.8809539362583,1510.6003446682125,0.0684136767611136
11805,0.09363450048971597,1041.7392543195092,3256.1057325867214,1738.7749453178467,1517.3307872688747,0.06889531531426976
11810,0.0936741593209272,959.3963101727699,3251.4474309301304,1727.2308672757672,1524.2165636543632,0.06934820850714521
11815,0.09371381815213843,870.4326984319196,3247.459892301872,1716.2842591067895,1531.1756331950826,0.069797025553686
11820,0.09375347698334965,775.6615055308814,3244.1068082395996,1705.9762800307333,1538.1305282088663,0.07018194365424289
11825,0.09379313581456089,676.08881243134,3241.364544331716,1696.3694406769378,1544.9951036547782,0.0705062395242722
11830,0.09383279464577213,572.8889062222032,3239.22305290122,1687.556809200572,1551.666243700648,0.07078876710174418
11835,0.09387245347698335,467.37971427784623,3237.685415858857,1679.6623198510993,1558.0230960077579,0.07101991409602532
11840,0.09391211230819459,360.99804564029876,3236.7663217675286,1672.8317497716616,1563.934571995867,0.07119990036490824
11845,0.09395177113940581,255.27298765780688,3236.4898178384283,1667.2158459327568,1569.2739719056715,0.07133268332116231
11850,0.09399142997061705,151.79517700874567,3236.8866813862046,1662.9486070612763,1573.9380743249283,0.07142182268281806
11855,0.09403108880182827,52.179802476901386,3237.9917639260093,1660.1246176679663,1577.867146258043,0.07147040681129811
11860,0.0940707476330395,-41.97802992565812,3239.841691218766,1658.7795114139674,1581.0621798047985,0.07148105365441673
11865,0.09411040646425074,-129.15586534347108,3242.4733356554075,1658.8771561009173,1583.5961795544902,0.07145596494745345
11870,0.09415006529546197,-207.96367911364518,3245.923464648647,1660.306125900619,1585.617338748028,0.07139700994906928
11875,0.0941897241266732,-277.2093700778844,3250.229854359645,1662.8866116086479,1587.343242750997,0.07130581663289759
11880,0.09422938295788442,-335.96787867790704,3255.433911286925,1666.387282757598,1589.046628529327,0.07119436523802697
11885,0.09426904178909566,-383.6511640551298,3261.5844840091927,1670.5499455528998,1591.034538456293,0.07108599515528925
11890,0.09430870062030688,-420.0752368026813,3268.742146987328,1675.118368331054,1593.623778656274,0.07094871484701676
11895,0.09434835945151812,-445.5189750788286,3276.982906276265,1679.8666415233583,1597.1162647529068,0.07078325219291835
11900,0.09438801828272936,-460.7678302550321,3286.4001227727035,1684.6221679184084,1601.777954854295,0.07059047080992843
11905,0.09442767711394058,-467.13435059822245,3297.1035474473656,1689.2790242283072,1607.8245232190584,0.07037132794489974
11910,0.09446733594515182,-466.4474198276746,3309.2147326877084,1693.7990070606284,1615.41572562708,0.07012683254275842
11915,0.09450699477636304,-461.0037241414543,3322.858678724876,1698.199957019701,1624.658721705175,0.06985801072351855
11920,0.09454665360757428,-453.4782774633579,3338.1522942916417,1702.5335062555807,1635.618788036061,0.0695822486603703
11925,0.0945863124387855,-446.79538040248553,3355.1909608298165,1706.8566491556353,1648.3343116741812,0.06929955850303528
11930,0.09462597126999674,-443.9663236836475,3374.035042949977,1711.2029396984292,1662.832103251548,0.06899501003885061
11935,0.09466563010120797,-447.90455376048317,3394.6984531206554,1715.5592917542372,1679.1391613664182,0.06866954670688123
11940,0.0947052889324192,-461.23219106979536,3417.141268151656,1719.8532093041667,1697.288058847489,0.0683240612670109
11945,0.09474494776363043,-486.0933869063924,3441.2678910690506,1723.9530372897848,1717.3148537792658,0.06795940706932634
11950,0.09478460659484166,-523.9900167609492,3466.9314221114164,1727.6810072243197,1739.2504148870967,0.06757640499028278
11955,0.09482426542605289,-575.6538193520171,3493.9438959463455,1730.836105447835,1763.1077904985104,0.06717584512605754
11960,0.09486392425726412,-640.9665255017894,3522.0910615883126,1733.2217479171647,1788.869313671148,0.06675848338171628
11965,0.09490358308847535,-718.9359833095657,3551.1496336381147,1734.6723626396922,1816.4772709984225,0.06632503380699468
11970,0.09494324191968659,-807.7319988711401,3580.904583904259,1735.0734371914402,1845.831146712819,0.06587615841840039
11975,0.09498290075089781,-904.7808928620402,3611.1641328988117,1734.3712436176659,1876.7928892811458,0.06541245685585564
11980,0.09502255958210905,-1006.9130586854096,3641.7705964261672,1732.5708896223412,1909.199706803826,0.06496846693179296
11985,0.09506221841332027,-1110.553584098369,3672.6060124776614,1729.723980714179,1942.8820317634822,0.06451148635428214
11990,0.09510187724453151,-1211.9426744445598,3703.5923448415815,1725.909413295205,1977.6829315463765,0.06403962235206173
11995,0.09514153607574274,-1307.3704229540192,3734.686865507935,1721.2121814106044,2013.4746840973307,0.06386427808989942
12000,0.09518119490695397,-1393.4094583903948,3765.873933855019,1715.7053254411062,2050.168608413913,0.06386760135305172
12005,0.0952208537381652,-1467.1291206218261,3797.1547505894923,1709.4392938757678,2087.7154567137245,0.0638502880254522
12010,0.09526051256937643,-1526.2760610029263,3828.5367564929606,1702.4412687575016,2126.095487735459,0.06381226762344705
12015,0.09530017140058766,-1569.4086058936493,3860.024198933916,1694.72480770515,2165.299391228766,0.06375390398970927
12020,0.09533983023179889,-1595.9759122448168,3891.6110547676153,1686.307923443046,2205.303131324569,0.06367597647927048
12025,0.09537948906301012,-1606.337731419581,3923.2770368919755,1677.2358747900912,2246.0411621018843,0.06357963600541514
12030,0.09541914789422136,-1601.7259621758983,3954.9868808730143,1667.6038156270542,2287.38306524596,0.06349134249759755
12035,0.09545880672543258,-1584.1542525865402,3986.692559116835,1657.5742464259165,2329.1183126909186,0.06347753084027814
12040,0.09549846555664382,-1556.2857516666268,4018.3375548234026,1647.3849846035414,2370.952570219861,0.0634500200441762
12045,0.09553812438785504,-1521.271063702549,4049.8619105419734,1637.3449929937274,2412.516917548246,0.06341027623374729
12050,0.09557778321906628,-1482.568479064299,4081.206531229075,1627.817600249794,2453.388930979281,0.06335963703233771
12055,0.0956174420502775,-1443.7572388445897,4112.31526409734,1619.1930181673847,2493.1222459299556,0.06329923073631152
12060,0.09565710088148874,-1408.3528740738857,4143.133668466945,1611.854168888037,2531.279499578908,0.06322991327523975
12065,0.09569675971269997,-1379.6323554640212,4173.604128022027,1606.1412777435369,2567.46285027849,0.06315222486786617
12070,0.0957364185439112,-1360.4761963095277,4203.657936032207,1602.3211766419763,2601.3367593902303,0.06318799995124053
12075,0.09577607737512243,-1353.2344566246238,4233.2059817432,1600.5666748988365,2632.6393068443635,0.06323145043680212
12080,0.09581573620633366,-1359.6231065242391,4262.1304018045785,1600.9497499778554,2661.180651826723,0.06326480757171475
12085,0.0958553950375449,-1380.655772431576,4290.279776936602,1603.4499259241995,2686.8298510124023,0.06328660768195767
12090,0.09589505386875612,-1416.613302078857,4317.470011699464,1607.9764262184256,2709.4935854810383,0.06329515856861548
12095,0.09593471269996735,-1467.050239902127,4343.491975285805,1614.3999997145966,2729.0919755712084,0.06328861472856172
12100,0.09597437153117859,-1530.834064160748,4368.125529340173,1622.5882559372822,2745.5372734028906,0.06328773692590502
12105,0.09601403036238981,-1606.210853535681,4391.1580756125,1632.4373937803155,2758.7206818321847,0.06339730467306301
12110,0.09605368919360105,-1690.8905439670355,4412.404595126465,1643.8936841244215,2768.510911002044,0.06348509630119055
12115,0.09609334802481227,-1782.1461119650444,4431.725609905711,1656.9600079396364,2774.765601966075,0.06354894437065145
12120,0.09613300685602351,-1876.9232543360886,4449.039706297156,1671.6858438409884,2777.353862456168,0.06358696906317254
12125,0.09617266568723475,-1971.959417021873,4464.328162888686,1688.1427092855697,2776.1854536031165,0.06359764145451954
12130,0.09621232451844597,-2063.912352276199,4477.630624487133,1706.3903711786259,2771.240253308507,0.06357983256120828
12135,0.0962519833496572,-2149.498123053715,4489.0323699694345,1726.4413653962283,2762.591004573206,0.06353284681939744
12140,0.09629164218086843,-2225.636586005351,4498.645231934355,1748.231952146378,2750.4132797879774,0.06350125189749946
12145,0.09633130101207966,-2289.5994218689057,4506.58537238845,1771.6064214194132,2734.978950969037,0.06354879933320097
12150,0.09637095984329089,-2339.1526928246367,4512.951705400664,1796.3189047789058,2716.632800621758,0.06357486819112457
12155,0.09641061867450212,-2372.6837143567795,4517.808683305129,1822.053146292525,2695.7555370126042,0.06358854487358367
12160,0.09645027750571336,-2389.3014877750993,4521.176433995891,1848.4568362104214,2672.7195977854694,0.0635849564951161
12165,0.09648993633692458,-2388.9012747097554,4523.029970244977,1875.1839412257464,2647.846029019231,0.0635648431621251
12170,0.09652959516813582,-2372.1867354662427,4523.30760088374,1901.936655690301,2621.3709451934387,0.06352939453066189
12175,0.09656925399934704,-2340.6465969923747,4521.927033081201,1928.4985447350366,2593.428488346165,0.06347982293920426
12180,0.09660891283055828,-2296.486183475646,4518.80625287828,1954.7521736925935,2564.0540791856865,0.06349859689828487
12185,0.0966485716617695,-2242.516766983058,4513.885359118243,1980.677651508084,2533.2077076101596,0.06351403012293434
12190,0.09668823049298074,-2182.0075602151437,4507.14527817022,2006.3323818860006,2500.8128962842193,0.06351738639138918
12195,0.09672788932419198,-2118.5067525769414,4498.6197731078355,2031.8160863485527,2466.8036867592828,0.06357944343493066
12200,0.0967675481554032,-2055.63990981973,4488.398330238752,2057.228055232427,2431.1702750063255,0.06364731915709079
12205,0.09680720698661444,-1996.896638999104,4476.619180975293,2082.625035179729,2393.994145795564,0.0638493849959361
12210,0.09684686581782566,-1945.4193626316328,4463.453607180668,2107.987942313494,2355.465664867174,0.0640486546905752
12215,0.0968865246490369,-1903.810420918203,4449.084418904329,2133.20380984632,2315.880609058009,0.06424393163473893
12220,0.09692618348024812,-1873.974326262031,4433.682717722856,2158.0664306251656,2275.6162870976905,0.06443400883647997
12225,0.09696584231145935,-1857.0099064730666,4417.3874849250515,2182.2956118373213,2235.09187308773,0.06461773463880303
12230,0.09700550114267059,-1853.1621443384079,4400.29204302653,2205.5714641355285,2194.720578891002,0.06479407650830475
12235,0.09704515997388181,-1861.8365696697329,4382.440114405965,2227.577317631988,2154.8627967739767,0.06496217699106083
12240,0.09708481880509305,-1881.6716367256136,4363.832310196501,2248.043199694041,2115.7891105024596,0.06512139685191833
12245,0.09712447763630427,-1910.6583428237286,4344.441813384029,2266.781646123826,2077.6601672602033,0.0652713420640568
12250,0.09716413646751551,-1946.2926564827426,4324.236189061518,2283.709019248326,2040.5271698131924,0.06541187335673156
12255,0.09720379529872673,-1985.7454819944828,4303.201019371319,2298.848254304695,2004.3527650666238,0.06554309902756562
12260,0.09724345412993797,-2026.0363559906432,4281.3606540381215,2312.31255059346,1969.0481034446616,0.06566535328207738
12265,0.0972831129611492,-2064.199787234104,4258.791863858484,2324.2732664450314,1934.5185974134529,0.0657791632338383
12270,0.09732277179236043,-2097.4360375478313,4235.627494016798,2334.9184069212993,1900.7090870954985,0.0658852078723707
12275,0.09736243062357167,-2123.2405135769127,4212.049099574815,2344.4099600129634,1867.6391395618516,0.06598427199252108
12280,0.09740208945478289,-2139.5076369892404,4188.269659772012,2352.8485517406925,1835.4211080313198,0.06607719760681371
12285,0.09744174828599413,-2144.6063329782214,4164.509408318109,2360.252412150827,1804.2569961672825,0.06616483502609148
12290,0.09748140711720536,-2137.425526700554,4140.969197536314,2366.5547804054077,1774.4144171309063,0.06624799572469393
12295,0.09752106594841659,-2117.3895766954383,4117.8063446449605,2371.6202066883047,1746.1861379566558,0.06632740922805302
12300,0.09756072477962782,-2084.445471482448,4095.1174659276994,2375.2764553239904,1719.841010603709,0.0664036863503148
12305,0.09760038361083904,-2039.0256586678126,4072.9314727743513,2377.355606952362,1695.5758658219893,0.06647729092898505
12310,0.09764004244205028,-1981.992142749944,4051.213961471753,2377.736102573147,1673.477858898606,0.06654852162899934
12315,0.0976797012732615,-1914.568494832302,4029.8820834171247,2376.37723983768,1653.5048435794447,0.06661750447740579
12320,0.09771936010447274,-1838.266308467219,4008.827067831106,2373.339082519402,1635.487985311704,0.06668419575567935
12325,0.09775901893568398,-1754.8113514127986,3987.940242435991,2368.7836009383986,1619.1566414975923,0.06674839399426176
12330,0.0977986777668952,-1666.0725243783231,3967.137871054228,2362.9565528253947,1604.1813182288333,0.06680975930025722
12335,0.09783833659810644,-1573.9943938668835,3946.380448047667,2356.1533901298258,1590.2270579178412,0.0668678381765501
12340,0.09787799542931766,-1480.532301035503,3925.6831613333284,2348.67557460179,1577.0075867315386,0.06692209226064585
12345,0.0979176542605289,-1387.5884971016212,3905.1158561107254,2340.7854990300466,1564.3303570806788,0.06697192980013496
12350,0.09795731309174012,-1296.9486297011645,3884.7927278052316,2332.668420449047,1552.1243073561845,0.06701673893206965
12355,0.09799697192295136,-1210.219845487447,3864.853832079281,2324.408425799083,1540.4454062801979,0.06705592176592409
12360,0.0980366307541626,-1128.7739294280234,3845.442001655277,2315.9827788262414,1529.4592228290358,0.06708892786321345
12365,0.09807628958537382,-1053.7002355235209,3826.679623202748,2307.275564843044,1519.4040583597043,0.06711528512250581
12370,0.09811594841658505,-985.7729084853154,3808.649768280922,2298.1079923901057,1510.5417758908166,0.06713462560800254
12375,0.09815560724779628,-925.4349378857617,3791.385353556062,2288.2796658991656,1503.1056876568964,0.06714670381533315
12380,0.09819526607900751,-872.7985851623298,3774.8684613849455,2277.61315453945,1497.2553068454954,0.06715140545160563
12385,0.09823492491021873,-827.6588597769605,3759.0399703870007,2265.9936121071187,1493.046358279882,0.06714874600989958
12390,0.09827458374142997,-789.5151608725585,3743.817612424541,2253.396166952917,1490.4214454716239,0.06713885999411351
12395,0.09831424257264121,-757.5965465714212,3729.118890498148,2239.8961366690996,1489.2227538290485,0.0671219831744495
12400,0.09835390140385243,-730.8880969610409,3714.8842979834635,2225.6604050297406,1489.223892953723,0.0670984312632531
12405,0.09839356023506367,-708.1585363815705,3701.0961747897145,2210.921912971163,1490.1742618185517,0.06706857856091346
12410,0.09843321906627489,-687.9914712881705,3687.7893463212267,2195.942468724338,1491.8468775968886,0.06703283936373222
12415,0.09847287789748613,-668.8233886911344,3675.051262057173,2180.971340431903,1494.07992162527,0.066991653494319
12420,0.09851253672869736,-648.9907277247742,3663.0113771285323,2166.2079083800727,1496.8034687484596,0.06694547569272292
12425,0.09855219555990859,-626.7863575400529,3651.821606877617,2151.77585020035,1500.045756677267,0.06689476733835245
12430,0.09859185439111982,-600.5235533876021,3641.631422740198,2137.714050296494,1503.9173724437042,0.06706098169905453
12435,0.09863151322233105,-568.6039320923755,3632.5622085301547,2123.986091554908,1508.5761169752468,0.06754671531036627
12440,0.09867117205354228,-529.5852864844198,3624.6856580919193,2110.506439776291,1514.1792183156285,0.06804066036688863
12445,0.0987108308847535,-482.2458074516028,3618.0102468954497,2097.177999170502,1520.8322477249476,0.06849168300852909
12450,0.09875048971596474,-425.6423119368153,3612.478313209989,2083.9332891447248,1528.5450240652644,0.06891564029273707
12455,0.09879014854717598,-359.16113185690483,3607.9743457651884,2070.7705819586863,1537.2037638065021,0.06931700990715381
12460,0.0988298073783872,-282.5607310984408,3604.3430745647793,2057.7771740868666,1546.5659004779127,0.06968401017094487
12465,0.09886946620959844,-196.00474680235766,3601.414268538422,2045.1344147593077,1556.2798537791145,0.07003454645912909
12470,0.09890912504080966,-100.08325327618581,3599.030041897446,2033.1027081140533,1565.927333783393,0.07033694114769534
12475,0.0989487838720209,4.180854206410231,3597.0701172895556,2021.9887060273738,1575.0814112621817,0.07060344372097663
12480,0.09898844270323212,115.34381753293997,3595.4709112453093,2012.100485565621,1583.3704256796882,0.07083028153398882
12485,0.09902810153444336,231.57425150421705,3594.2354032164444,2003.6989260826176,1590.5364771338268,0.07101468254516713
12490,0.0990677603656546,350.7091560745421,3593.432339461366,1996.9543032644735,1596.4780361968926,0.07115879828285647
12495,0.09910741919686582,470.33213983004407,3593.185153926229,1991.9161970609025,1601.2689568653263,0.07126450623684442
12500,0.09914707802807705,587.8710826637305,3593.6527612535674,1988.5024105881257,1605.1503506654417,0.07133343135256105
12505,0.09918673685928828,700.7106414520381,3595.00578385244,1986.5092135292757,1608.4965703231642,0.07136699183726206
12510,0.09922639569049951,806.3139457272721,3597.402551219612,1985.6414750548524,1611.7610761647597,0.07136645488094168
12515,0.09926605452171074,902.3476352490723,3600.9691952773032,1985.5577629784214,1615.411432298882,0.07136089344246344
12520,0.09930571335292197,986.8048028365456,3605.787349517936,1985.9228094192617,1619.8645400986743,0.07132681839954147
12525,0.09934537218413321,1058.1209097428923,3611.891489937192,1986.458308209511,1625.4331817276811,0.07126248900619733
12530,0.09938503101534443,1115.2778017317326,3619.276106581155,1986.9830835720722,1632.2930230090828,0.07116837712740642
12535,0.09942468984655567,1157.8903074290229,3627.9110073361053,1987.4353155960491,1640.4756917400562,0.07104509448553187
12540,0.09946434867776689,1186.268749865421,3637.7614717903903,1987.8725392690685,1649.8889325213217,0.0708933709833892
12545,0.09950400750897813,1201.4496913056832,3648.8089785438037,1988.4490981745355,1660.3598803692682,0.07071402620595224
12550,0.09954366634018935,1205.187185289609,3661.068014260755,1989.3749508683825,1671.6930633923723,0.07050793986556052
12555,0.09958332517140059,1199.898364363592,3674.595103270572,1990.8633936925833,1683.7317095779888,0.07027602514237466
12560,0.09962298400261183,1188.5605064891756,3689.487595880854,1993.077611901231,1696.409983979623,0.0700192071597236
12565,0.09966264283382305,1174.5614077137002,3705.8716977283448,1996.0864504857152,1709.7852472426296,0.06974690681254833
12570,0.09970230166503428,1161.5101554405012,3723.8813620966794,1999.8382165586531,1724.0431455380262,0.06946717928225041
12575,0.09974196049624551,1153.0203269810079,3743.6315838242367,2004.1579242063826,1739.473659617854,0.06916496100482475
12580,0.09978161932745674,1152.481428818134,3765.190926569882,2008.7688040761188,1756.422122493763,0.06884112387824182
12585,0.09982127815866798,1162.8364984772513,3788.558497638581,2013.3340299457743,1775.2244676928065,0.06849650141245321
12590,0.0998609369898792,1186.3839626539414,3813.6499577672407,2017.5104581319388,1796.139499635302,0.06813189373113077
12595,0.09990059582109044,1224.6201008026312,3840.2956351944995,2021.0036138295848,1819.2920213649147,0.06774807046604772
12600,0.09994025465230166,1278.1350488139858,3868.2517082267004,2023.6127744163048,1844.6389338103957,0.06734577026597663
12605,0.0999799134835129,1346.5706260928084,3897.2231409776264,2025.2569451032484,1871.966195874378,0.06692569651615754
12610,0.10001957231472412,1428.6429538869584,3926.8950252126583,2025.9764596388236,1900.9185655738347,0.06648851001096663
12615,0.10005923114593536,1522.2274883455182,3956.967542031291,2025.9100815604008,1931.0574604708902,0.06603482047746526
12620,0.1000988899771466,1624.4993019891665,3987.1891242888655,2025.252740638912,1961.9363836499535,0.06556517973684513
12625,0.10013854880835782,1732.1176180734838,4017.3826430405525,2024.2032587106305,1993.179384329922,0.06508007958102116
12630,0.10017820763956906,1841.4408773897715,4047.4604965791254,2022.913649058633,2024.5468475204925,0.0645799570082283
12635,0.10021786647078028,1948.7569061283616,4077.426180521992,2021.4513040127256,2055.9748765092663,0.06407134509776231
12640,0.10025752530199152,2050.5118907630076,4107.362012939981,2019.7826710796035,2087.579341860377,0.06382026905645993
12645,0.10029718413320274,2143.521831425489,4137.404874765695,2017.7824556289918,2119.6224191367037,0.06375176572111703
12650,0.10033684296441397,2225.1511988334496,4167.713772934082,2015.2669637204895,2152.4468092135926,0.06366068773160913
12655,0.10037650179562521,2293.4461074301225,4198.434427945485,2012.0450549534487,2186.3893729920364,0.06363232522415636
12660,0.10041616062683643,2347.2137372834,4229.666678580677,2007.9763692234474,2221.69030935723,0.06361540695133386
12665,0.10045581945804767,2386.0457357473756,4261.440142513637,2003.024790203982,2258.4153523096547,0.06357767209344779
12670,0.1004954782892589,2410.2899024713615,4293.702272007656,1997.2958528846173,2296.406419123038,0.06352047339188792
12675,0.10053513712047013,2420.980066620517,4326.32085521002,1991.0498470926864,2335.271008117334,0.06344534013827709
12680,0.10057479595168135,2419.737214822,4359.100445600922,1984.6871066985525,2374.41333890237,0.06335387401561328
12685,0.10061445478289259,2408.6548708004257,4391.809590762302,1978.7074487390448,2413.1021420232573,0.06324764947355042
12690,0.10065411361410383,2390.178842519406,4424.213579609083,1973.6508234819282,2450.562756127155,0.06318166625477843
12695,0.10069377244531505,2366.9871231603593,4456.106210999428,1970.0299193688695,2486.0762916305584,0.06319164736742534
12700,0.10073343127652629,2341.871749172952,4487.334140070972,1968.2670046819137,2519.0671353890584,0.0631903196238166
12705,0.10077309010773751,2317.622216339121,4517.808765438354,1968.646408899046,2549.1623565393083,0.06317776292508356
12710,0.10081274893894875,2296.910149864611,4547.503156616547,1971.2909788228587,2576.212177793688,0.06315373555204966
12715,0.10085240777015998,2282.1767896175224,4576.434679207952,1976.1662374929363,2600.268441715016,0.0631176930068683
12720,0.1008920666013712,2275.5272495269724,4604.637073169722,1983.1107379468172,2621.5263352229044,0.06306882137538573
12725,0.10093172543258244,2278.637106895375,4632.128085014528,1991.886220174316,2640.2418648402117,0.0631337835513175
12730,0.10097138426379366,2292.676860260243,4658.8798177863655,2002.2375291199578,2656.6422886664077,0.06321610002294957
12735,0.1010110430950049,2318.258218206708,4684.798501672199,2013.9504870522449,2670.8480146199536,0.06328077324608969
12740,0.10105070192621612,2355.4038842635678,4709.718500833147,2026.89637083315,2682.822129999997,0.06332568610853705
12745,0.10109036075742736,2403.540630323091,4733.412461374751,2041.054284215588,2692.3581771591626,0.06334879169981789
12750,0.1011300195886386,2461.5148267416707,4755.616179155968,2056.507098872584,2699.109080283384,0.06334819469315835
12755,0.10116967841984982,2527.630277064544,4776.063701522934,2073.4119621488526,2702.6517393740814,0.06332222667971621
12760,0.10120933725106106,2599.709448877592,4794.5259840286435,2091.951585352609,2702.5743986760344,0.06329502570972283
12765,0.10124899608227228,2675.1798593304147,4810.845533192695,2112.2765446354583,2698.568988557237,0.0633822782249854
12770,0.10128865491348352,2751.1865121519636,4824.960060287506,2134.450770270312,2690.509290017194,0.06343969643863687
12775,0.10132831374469474,2824.7286006726617,4836.910151648758,2158.411827841092,2678.498323807666,0.06346632652080819
12780,0.10136797257590598,2892.8147043104887,4846.828968167142,2183.9546176396125,2662.8743505275297,0.06346166711602702
12785,0.10140763140711721,2952.6265399812705,4854.915456440745,2210.74237027525,2644.1730861654955,0.06342566969382868
12790,0.10144729023832844,3001.6783007882195,4861.395815928962,2238.3432933371078,2623.0525225918545,0.06338680728462354
12795,0.10148694906953967,3037.9577571801797,4866.480368611987,2266.286052318685,2600.1943162933017,0.06335077877007136
12800,0.1015266079007509,3060.036995782375,4870.324020009493,2294.123473026949,2576.2005469825444,0.06338428565440608
12805,0.10156626673196213,3067.144512342154,4872.997944315052,2321.492168438638,2551.505775876414,0.0634000420450414
12810,0.10160592556317335,3059.1952718764255,4874.478052858016,2348.1565471547665,2526.3215057032494,0.0634039731755181
12815,0.10164558439438459,3036.779941038294,4874.652603984545,2374.028713368802,2500.6238906157428,0.06359621421025208
12820,0.10168524322559583,3001.117671411218,4873.347604904612,2399.1605259606617,2474.1870789439504,0.06378821123989191
12825,0.10172490205680705,2953.9781258863914,4870.365170017846,2423.7095948854885,2446.6555751323576,0.06397984356938109
12830,0.10176456088801829,2897.5782535164194,4865.5274275416805,2447.886128697746,2417.6412988439347,0.06417080687808695
12835,0.10180421971922951,2834.45856671715,4858.717427671705,2471.8912481193097,2386.8261795523954,0.06436060263114518
12840,0.10184387855044075,2767.343401322267,4849.909046813317,2495.8588997895313,2354.050147023786,0.06454854810297464
12845,0.10188353738165197,2698.990507225145,4839.180017773631,2519.812577159059,2319.3674406145724,0.06473380726403542
12850,0.1019231962128632,2632.0373071292506,4826.705534263552,2543.644943618506,2283.060590645046,0.06491543993843348
12855,0.10196285504407444,2568.85357069105,4812.733718629894,2567.1238538244966,2245.609864805397,0.06509246400772474
12860,0.10200251387528567,2511.411969577085,4797.547827832654,2589.923133320618,2207.6246945120356,0.0652639234368513
12865,0.1020421727064969,2461.187936693198,4781.42267732305,2611.671796684121,2169.750880638929,0.06542895390192521
12870,0.10208183153770813,2419.0978872441237,4764.583863600625,2632.0120124261393,2132.5718511744853,0.0655868380482142
12875,0.10212149036891936,2385.4804068534672,4747.177753588203,2650.654640593343,2096.5231129948597,0.06573704394174096
12880,0.1021611492001306,2360.1194873376153,4729.258020340331,2667.4218123489295,2061.836207991402,0.06587924289601152
12885,0.10220080803134182,2342.303723270523,4710.79118896489,2682.268649043464,2028.5225399214264,0.06601330611182851
12890,0.10224046686255306,2330.9118552338464,4691.679878653386,2695.2803292963604,1996.399549357026,0.0661392828435495
12895,0.10228012569376428,2324.513794874914,4671.798935090998,2706.6455158239346,1965.1534192670638,0.06625736543344254
12900,0.10231978452497552,2321.477092182468,4651.037130600961,2716.611708676396,1934.425421924565,0.06636784799038549
12905,0.10235944335618674,2320.0708662672173,4629.336061499244,2725.4314964230302,1903.904565076214,0.06647108546076125
12910,0.10239910218739798,2318.5614948116277,4606.718494374879,2733.310266701579,1873.4082276732997,0.06656745844724482
12915,0.10243876101860921,2315.296104606662,4583.300568901543,2740.3654327420863,1842.9351361594563,0.06665734682512811
12920,0.10247841984982044,2308.7709257612205,4559.285505695843,2746.604792209557,1812.680713486286,0.06674111265109256
12925,0.10251807868103167,2297.6821705914635,4534.940126194935,2751.9278006059412,1783.012325588994,0.06681909072885725
12930,0.1025577375122429,2280.957832432566,4510.55882447868,2756.1490968358107,1754.4097276428697,0.0668915839649441
12935,0.10259739634345413,2257.7701436898597,4486.421979296421,2759.0394135694187,1727.3825657270027,0.06695886046836834
12940,0.10263705517466536,2227.5305036293303,4462.7567211134,2760.375797519182,1702.380923594218,0.06702115004829408
12945,0.1026767140058766,2189.8711329583275,4439.707341836534,2759.991404367318,1679.7159374692164,0.0670786389577172
12950,0.10271637283708783,2144.6198103628003,4417.320638728752,2757.8152913939466,1659.5053473348053,0.06713146298666461
12955,0.10275603166829905,2091.7749774947483,4395.548561243681,2753.894568129609,1641.6539931140724,0.06717969999439106
12960,0.10279569049951029,2031.4877034927204,4374.267272190826,2748.3946304084075,1625.8726417824182,0.06722336353087689
12965,0.10283534933072151,1964.054454113314,4353.3087584104715,2741.5773756058074,1611.731382804664,0.06726239933759343
12970,0.10287500816193275,1889.920896084777,4332.498957078762,2733.7614842941084,1598.7374727846536,0.06729668632685432
12975,0.10291466699314397,1809.6931018347204,4311.695356915105,2725.272241487094,1586.4231154280105,0.06732604321418276
12980,0.10295432582435521,1724.1496164484283,4290.817328046792,2716.3902962702064,1574.4270317765854,0.0673502413734455
12985,0.10299398465556645,1634.2467496571235,4269.863941956132,2707.308860138586,1562.5550818175461,0.06736902371535
12990,0.10303364348677767,1541.1104656377822,4248.916466586555,2698.107138410137,1550.8093281764177,0.06738212847411039
12995,0.1030733023179889,1446.011041784272,4228.12560391218,2688.7446527083016,1539.3809512038783,0.06738931579796661
13000,0.10311296114920013,1350.3204091114283,4207.686338953779,2679.077182773521,1528.6091561802582,0.067390394138088
13005,0.10315261998041136,1255.455668018846,4187.805469851441,2668.8910850555003,1518.9143847959404,0.06738524285484224
13010,0.1031922788116226,1162.8146908708488,4168.668088632017,2657.94945509793,1510.7186335340875,0.06737382746199275
13015,0.10323193764283382,1073.710420972745,4150.409282399179,2646.0415625995424,1504.3677197996362,0.0673562046778372
13020,0.10327159647404506,989.3095391137742,4133.0961608490215,2633.0265421064178,1500.0696187426038,0.06733251594253153
13025,0.10331125530525628,910.5792547209073,4116.723243262177,2618.863529316712,1497.8597139454646,0.0673029700649286
13030,0.10335091413646752,838.2440131434514,4101.221670220188,2603.6230632540387,1497.598606966149,0.06726781775699614
13035,0.10339057296767874,772.7526532856959,4086.480128945635,2587.4781393989015,1499.0019895467335,0.06722732248429746
13040,0.10343023179888998,714.2562644740731,4072.373264555644,2570.6771301994345,1501.6961343562093,0.06718173285302662
13045,0.10346989063010122,662.5973833602279,4058.792061341319,2553.504162274066,1505.287899067253,0.06713126142234674
13050,0.10350954946131244,617.3116134242473,4045.670428133374,2536.2348155377495,1509.4356125956247,0.06707607342867651
13055,0.10354920829252368,577.6426617938416,4033.0030287926397,2519.0957655823318,1513.907263210308,0.06701628678133668
13060,0.1035888671237349,542.5709582299676,4020.8510920394656,2502.2361024448483,1518.6149895946173,0.06695198237005993
13065,0.10362852595494614,510.85470356770406,4009.335187671574,2485.7157163590896,1523.6194713124846,0.0668832217696042
13070,0.10366818478615736,481.08095347557673,3998.616349385132,2469.5128001990875,1529.1035491860443,0.06723857940435811
13075,0.1037078436173686,451.72374085410524,3988.8690248330518,2453.5488063379676,1535.3202184950842,0.0677042399136192
13080,0.10374750244857983,421.20653580659587,3980.250774687518,2437.725795870206,1542.5249788173119,0.06816339915377213
13085,0.10378716127979105,387.96734659313074,3972.874187985475,2421.968654965018,1550.9055330204574,0.06858510540339498
13090,0.10382682011100229,350.5259192674887,3966.786060692748,2406.263590567544,1560.522470125204,0.06898711901080333
13095,0.10386647894221351,307.55312988675405,3961.9575966105285,2390.6848792392566,1571.272717371272,0.06936389562512697
13100,0.10390613777342475,257.9423198791783,3958.287474305574,2375.4039615012325,1582.8835128043415,0.06970326387987152
13105,0.10394579660463597,200.88096030153656,3955.617414087684,2360.6782858593892,1594.939128228295,0.0700069619117506
13110,0.10398545543584721,135.91903266940608,3953.757745977962,2346.82120133229,1606.9365446456718,0.07027642639048055
13115,0.10402511426705845,63.028519857507035,3952.518775146571,2334.157927601933,1618.360847544638,0.07051273704276578
13120,0.10406477309826967,-17.352962655975944,3951.7427481103505,2322.975465314833,1628.7672827955175,0.07072133791862359
13125,0.1041044319294809,-104.30167896245052,3951.331111190899,2313.4756848702095,1637.8554263206893,0.07089965050693632
13130,0.10414409076069213,-196.41682794026497,3951.2625477283,2305.740478892215,1645.522068836085,0.07104604386010949
13135,0.10418374959190337,-291.8635279295522,3951.5988509736976,2299.7158453684947,1651.883005605203,0.07116073335192309
13140,0.1042234084231146,-388.4511835418066,3952.4777631987204,2295.2184529247943,1657.259310273926,0.0712438187033464
13145,0.10426306725432583,-483.74514609718176,3954.0941234326783,2291.964212225754,1662.1299112069241,0.07129535958563187
13150,0.10430272608553706,-575.2058518692288,3956.6726286499147,2289.6143342581345,1667.0582943917802,0.07131543694569617
13155,0.10434238491674828,-660.3462251443666,3960.4368899708647,2287.831001441725,1672.6058885291395,0.07130419697665315
13160,0.10438204374795952,-736.8955960269857,3965.5800293011816,2286.332730242634,1679.2472990585475,0.07126187807796516
13165,0.10442170257917074,-802.9571127610168,3972.241724998572,2284.9392062513434,1687.3025187472285,0.07118882342000576
13170,0.10446136141038198,-857.1457862414302,3980.495433864298,2283.5969962933304,1696.8984375709674,0.0710854827337096
13175,0.10450102024159322,-898.6957710563013,3990.34767900816,2282.38091121594,1707.9667677922198,0.07095240690246721
13180,0.10454067907280444,-927.5279393021972,4001.7490969182954,2281.470358841588,1720.2787380767072,0.07079023825000984
13185,0.10458033790401568,-944.271853334068,4014.614757820649,2281.104929990513,1733.5098278301361,0.07059969853226411
13190,0.1046199967352269,-950.2395713978551,4028.8495126869943,2281.527692479364,1747.3218202076305,0.07038157588007148
13195,0.10465965556643814,-947.3521339960726,4044.373133837744,2282.9272987083145,1761.4458351294293,0.07013671145430601
13200,0.10469931439764936,-938.0229927248465,4061.140031247657,2285.390423987511,1775.7496072601461,0.06987952612741215
13205,0.1047389732288606,-925.0059917037781,4079.1493754482294,2288.8741020429657,1790.2752734052638,0.06960343092511444
13210,0.10477863206007183,-911.2186417065643,4098.443353774994,2293.2035845767673,1805.2397691982264,0.0693031379611262
13215,0.10481829089128306,-899.5540214594096,4119.093659590723,2298.0962259119065,1820.9974336788168,0.06897959338265822
13220,0.10485794972249429,-892.6962225792233,4141.178694904475,2303.206630195606,1837.9720647088693,0.06863371482460434
13225,0.10489760855370552,-892.954311696704,4164.755892514984,2308.1839696074244,1856.5719229075598,0.06826638638923577
13230,0.10493726738491675,-902.1279850670469,4189.834671460754,2312.7298721359552,1877.104799324799,0.06787845471809684
13235,0.10497692621612797,-921.4145090229356,4216.355625821207,2316.6451185405417,1899.7105072806648,0.0674707255391389
13240,0.10501658504733921,-951.3617417108326,4244.180590178729,2319.85565490847,1924.3249352702592,0.06704396032767423
13245,0.10505624387855045,-991.8669665100397,4273.096377382261,2322.412707213047,1950.6836701692146,0.06659887319492787
13250,0.10509590270976167,-1042.2169640977543,4302.832545315667,2324.4672318238186,1978.3653134918482,0.0661361286889502
13255,0.10513556154097291,-1101.1619581538507,4333.0909276946095,2326.224420350391,2006.8665073442185,0.06565634166056941
13260,0.10517522037218413,-1167.015005469286,4363.582322949918,2327.8883130977,2035.6940098522182,0.06516008051235034
13265,0.10521487920339537,-1237.7687091640598,4394.064122093886,2329.6087916598485,2064.4553304340375,0.06464787488660187
13270,0.10525453803460659,-1311.2220754632692,4424.372117972925,2331.4427992711644,2092.92931870176,0.0641202281766314
13275,0.10529419686581783,-1385.1111262268385,4454.440441562776,2333.3386458793466,2121.1017956834294,0.06365205907083586
13280,0.10533385569702906,-1457.2370406904236,4484.305452384153,2335.147335483616,2149.1581169005367,0.063653280839071
13285,0.10537351452824029,-1525.5851714260302,4514.092171358845,2336.6590661461805,2177.4331052126645,0.06363053642485199
13290,0.10541317335945152,-1588.4278029237212,4543.9849999538865,2337.657628844665,2206.3273711092215,0.06358387542337826
13295,0.10545283219066275,-1644.4037678676523,4574.1874342128,2337.98150319918,2236.20593101362,0.06351376608348663
13300,0.10549249102187398,-1692.5695924380266,4604.877680359601,2337.5788248574518,2267.2988555021493,0.0634210470107642
13305,0.10553214985308522,-1732.4197545420275,4636.168052135471,2336.5444170472774,2299.6236350881936,0.06330685921951958
13310,0.10557180868429644,-1763.877317088022,4668.075532507104,2335.1305436268344,2332.9449888802696,0.06330129567526403
13315,0.10561146751550768,-1787.2596442670708,4700.508941957651,2333.7282644908323,2366.7806774668184,0.06328939745369144
13320,0.1056511263467189,-1803.226159701168,4733.275093164202,2332.822198512732,2400.45289465147,0.06325968379760527
13325,0.10569078517793014,-1812.715653908545,4766.102701408669,2332.926901173924,2433.1758002347456,0.06321313244618884
13330,0.10573044400914136,-1816.879623959048,4798.679385512828,2334.5168107079635,2464.1625748048646,0.06315058978929301
13335,0.1057701028403526,-1817.0161714667092,4830.694556253862,2337.96301859877,2492.7315376550923,0.06307272660353136
13340,0.10580976167156383,-1814.5069166911837,4861.879896587382,2343.48871589611,2518.391180691272,0.06302606757995272
13345,0.10584942050277506,-1810.7578547267915,4892.039729563172,2351.1513790654403,2540.8883504977316,0.0630808116352806
13350,0.1058890793339863,-1807.1443446612773,4921.065714276437,2360.8544072682807,2560.211307008156,0.06312075765580313
13355,0.10592873816519752,-1804.9603437043272,4948.933541454445,2372.385119873074,2576.548421581371,0.06314495676237145
13360,0.10596839699640875,-1805.3721941720453,4975.682935290574,2385.470925048954,2590.21201024162,0.0631522829542311
13365,0.10600805582761998,-1809.3773633195674,5001.3855670492385,2399.8420506152183,2601.54351643402,0.06314148242492523
13370,0.10604771465883121,-1817.7683625934708,5026.107806963734,2415.288115983599,2610.8196909801354,0.06311123003442781
13375,0.10608737349004245,-1831.1017713891824,5049.876155591937,2431.697216373855,2618.178939218082,0.06306019124507364
13380,0.10612703232125367,-1849.6722025300455,5072.65255160034,2449.069827790497,2623.582723809843,0.06311532164918941
13385,0.10616669115246491,-1873.4914918380612,5094.324687219882,2467.505037548484,2626.8196496713986,0.06319141743558282
13390,0.10620634998367613,-1902.2744375561842,5114.713376012075,2487.162344425084,2627.551031586991,0.06324169285512106
13395,0.10624600881488737,-1935.4337690869374,5133.595511062985,2508.2073824641416,2625.388128598843,0.06326453259004007
13400,0.10628566764609859,-1972.088137819989,5150.737926620335,2530.753314438511,2619.984612181824,0.06325862712981625
13405,0.10632532647730983,-2011.0872092552147,5165.935201238588,2554.810566795921,2611.124634442667,0.06322302434028745
13410,0.10636498530852107,-2051.0570119143104,5179.043606530123,2580.255825941949,2598.787780588174,0.06318508226643288
13415,0.10640464413973229,-2090.4665285017854,5190.0042031973535,2606.8271746036457,2583.1770285937077,0.06323518837714028
13420,0.10644430297094352,-2127.7134256320787,5198.8503482764245,2634.146809042147,2564.7035392342773,0.06327520744918225
13425,0.10648396180215475,-2161.223412520312,5205.698112029162,2661.7671138034416,2543.9309982257205,0.063400597252439
13430,0.10652362063336598,-2189.5547273862485,5210.721608827352,2689.2311520517273,2521.4904567756244,0.06359490628591731
13435,0.10656327946457722,-2211.4973586347646,5214.118281084108,2716.1357808649072,2497.982500219201,0.06378762105130334
13440,0.10660293829578844,-2226.156285517514,5216.071121900279,2742.1851360243986,2473.88598587588,0.06397859872313187
13445,0.10664259712699968,-2233.0094010230578,5216.71531464149,2767.224187303805,2449.491127337685,0.06416772294462529
13450,0.1066822559582109,-2231.9336234587067,5216.115750197375,2791.24602409449,2424.8697261028847,0.06435487533086931
13455,0.10672191478942214,-2223.1964955988146,5214.259601464844,2814.3717034791557,2399.8878979856886,0.06453989933274787
13460,0.10676157362063336,-2207.414666972763,5211.0650754270355,2836.8068609411766,2374.258214485859,0.0647225634441527
13465,0.1068012324518446,-2185.484438677281,5206.404251137371,2858.7837870967774,2347.6204640405936,0.06490253137394024
13470,0.10684089128305584,-2158.4925304091394,5200.135189647811,2880.500416569814,2319.6347730779967,0.06507934596040013
13475,0.10688055011426706,-2127.617078330806,5192.136804165179,2902.068117577929,2290.0686865872494,0.06525243143489852
13480,0.1069202089454783,-2094.029428643026,5182.339623132751,2923.4782510554637,2258.861372077287,0.06542111555685524
13485,0.10695986777668952,-2058.806559656449,5170.746599410443,2944.593615121215,2226.1529842892282,0.06558466972716004
13490,0.10699952660790076,-2022.8621122234035,5157.440261000962,2965.165919406499,2192.274341594463,0.06574236207065541
13495,0.10703918543911198,-1986.9013406749593,5142.5752848896245,2984.8753546081048,2157.6999302815198,0.06589351621117277
13500,0.10707884427032321,-1951.4022047546398,5126.358419374206,3003.3841227558305,2122.974296618376,0.06603756741960126
13505,0.10711850310153445,-1916.621713292076,5109.0200205789015,3020.3932487682696,2088.626771810632,0.0661741081424831
13510,0.10715816193274567,-1882.6238636027263,5090.782882964743,3035.6915439311183,2055.091339033625,0.06630291652657921
13515,0.10719782076395691,-1849.3233783463388,5071.834315726393,3049.187286465508,2022.6470292608847,0.06642396414931437
13520,0.10723747959516813,-1816.5381136776964,5052.306556516615,3060.9166856320912,1991.389870884524,0.06653740229966006
13525,0.10727713842637937,-1784.042593801726,5032.2688333676615,3071.0278320805023,1961.2410012871592,0.06664352930079741
13530,0.1073167972575906,-1751.6156200190474,5011.732051101183,3079.743707187108,1931.988343914075,0.0667427440005385
13535,0.10735645608880183,-1719.076221307018,4990.664644222294,3087.3119557994114,1903.3526884228822,0.06683549225093828
13540,0.10739611492001307,-1686.3041937494534,4969.016068710796,3093.9516736720316,1875.0643950387648,0.06692221371008136
13545,0.10743577375122429,-1653.2438767621372,4946.743089740535,3099.807897215873,1846.935192524662,0.06700329561408906
13550,0.10747543258243553,-1619.8923213405174,4923.833695479405,3104.922737343951,1818.9109581354537,0.06707903850099663
13555,0.10751509141364675,-1586.2752487267821,4900.324154135589,3109.2285764473786,1791.0955776882106,0.06714963660090377
13560,0.10755475024485799,-1552.4158037672307,4876.306243115432,3112.5642277075654,1763.7420154078668,0.06721517318758452
13565,0.10759440907606921,-1518.301794364783,4851.923662699334,3114.71039702747,1737.213265671864,0.06727562903250943
13570,0.10763406790728045,-1483.8567874355379,4827.358679854995,3115.4371010458103,1711.9215788091847,0.06733090052439462
13575,0.10767372673849168,-1448.919255805118,4802.811743675125,3114.5535565875875,1688.2581870875379,0.06738082318804202
13580,0.1077133855697029,-1413.2322924924124,4778.477900359369,3111.950800700695,1666.5270996586746,0.06742519628933281
13585,0.10775304440091414,-1376.4446583064014,4754.524188539773,3107.628891345579,1646.8952971941935,0.06746380486611969
13590,0.10779270323212536,-1338.1224670695879,4731.071828897227,3101.7036148571246,1629.368214040102,0.06749643670673589
13595,0.1078323620633366,-1297.7698366482584,4708.1860533455465,3094.391580352641,1613.7944729929054,0.06752289327695726
13600,0.10787202089454784,-1254.8563630689775,4685.875035844797,3085.9766682184636,1599.8983676263333,0.06754299510510323
13605,0.10791167972575906,-1208.8492027665493,4664.0978202497945,3076.7642612562568,1587.3335589935377,0.06755658339872411
13610,0.1079513385569703,-1159.2477132669762,4642.779643839199,3067.0318842518323,1575.7477595873665,0.06756352043947031
13615,0.10799099738818152,-1105.6188408086357,4621.8318750653625,3056.9854138821156,1564.846461183247,0.06756369141484647
13620,0.10803065621939276,-1047.6316166452302,4601.173118961038,3046.7288238395126,1554.4442951215256,0.06755700974982509
13625,0.10807031505060398,-985.0891409195101,4580.747998139883,3036.252768667808,1544.4952294720747,0.06754342680734542
13630,0.10810997388181522,-917.956272930578,4560.540672659907,3025.4437320620314,1535.0969405978753,0.06752294529975854
13635,0.10814963271302645,-846.3809763153301,4540.58118007234,3014.1116743906477,1526.4695056816927,0.06749563426450672
13640,0.10818929154423768,-770.707038051034,4520.943940067031,3002.030816959794,1518.913123107237,0.06746164239482101
13645,0.10822895037544891,-691.4758868386446,4501.739039658346,2988.985972240783,1512.7530674175628,0.06742120617853009
13650,0.10826860920666014,-609.4156510502107,4483.097994990917,2974.816022750788,1508.281972240129,0.06737464980776575
13655,0.10830826803787137,-525.4164913387592,4465.156441892297,2959.446859471048,1505.7095824212493,0.06732237508811738
13660,0.1083479268690826,-440.49253917318356,4448.0365738067985,2942.908153498019,1505.1284203087794,0.06726484131718995
13665,0.10838758570029383,-355.73223994892123,4431.832106868781,2925.33137516672,1506.5007317020609,0.06720253692793068
13670,0.10842724453150507,-272.2402223647118,4416.598124108278,2906.9299559910273,1509.6681681172508,0.0671359462046297
13675,0.10846690336271629,-191.07470914733813,4402.3473802518065,2887.9657897923153,1514.3815904594912,0.06706551527925396
13680,0.10850656219392753,-113.18481009398101,4389.053620966582,2868.708783308802,1520.3448376577794,0.06699162176561996
13685,0.10854622102513875,-39.351865776508475,4376.661320826832,2849.397410944258,1527.263909882574,0.06691455182893957
13690,0.10858587985634999,29.861428489533864,4365.100151070554,2830.2079484227734,1534.8922026477803,0.06683448739453263
13695,0.10862553868756121,94.15083218465861,4354.301644024179,2811.2382954593813,1543.0633485647977,0.06675150480975606
13700,0.10866519751877245,153.4963320785905,4344.215089491502,2792.5093853830226,1551.7057041084795,0.06699574759599827
13705,0.10870485634998368,208.17118198984008,4334.819773216057,2773.983688691866,1560.836084524191,0.06745049727165274
13710,0.1087445151811949,258.7320164072271,4326.13125164963,2755.5969277120653,1570.5343239375647,0.06791055757356367
13715,0.10878417401240614,305.98886655391016,4318.200365030719,2737.2964812830414,1580.9038837476774,0.0683365815387945
13720,0.10882383284361737,350.95557236121795,4311.104967202458,2719.078567941166,1592.0263992612922,0.06873273210835673
13725,0.1088634916748286,394.7832213966153,4304.935694370804,2701.016410681167,1603.9192836896373,0.06911664098911151
13730,0.10890315050603984,438.6814094409301,4299.778281409728,2683.2731889700085,1616.5050924397196,0.0694641282993454
13735,0.10894280933725106,483.83374268456873,4295.695739926144,2666.096392098777,1629.5993478273667,0.06977651810007857
13740,0.1089824681684623,531.3146336902751,4292.713950572437,2649.7937025599895,1642.9202480124477,0.0700548727121961
13745,0.10902212699967352,582.0139328780874,4290.813789113032,2634.6941216192986,1656.1196674937332,0.0702999556660343
13750,0.10906178583088476,636.5745146565218,4289.931823983388,2621.1010328375205,1668.8307911458678,0.07051453901724142
13755,0.10910144466209598,695.3461295399393,4289.970061615544,2609.245703532588,1680.7243580829563,0.07070121227180667
13760,0.10914110349330722,758.3572524497135,4290.813469096468,2599.249973099189,1691.563495997279,0.07085528321163281
13765,0.10918076232451845,825.305737150587,4292.352427800953,2591.1054792846544,1701.2469485162983,0.070976902284555
13770,0.10922042115572968,895.5688863348421,4294.506196393828,2584.673946819993,1709.8322495738348,0.07106615572683096
13775,0.10926007998694091,968.2337082560039,4297.243111177279,2579.709296440312,1717.5338147369675,0.07112312264769437
13780,0.10929973881815214,1042.148032584613,4300.593698347326,2575.898296163497,1724.6954021838287,0.07114791707160727
13785,0.10933939764936337,1115.9922092329205,4304.654033518874,2572.9129036882828,1731.741129830591,0.07114071411874043
13790,0.1093790564805746,1188.369060356534,4309.578350738136,2570.465012747132,1739.1133379910038,0.07110176264384509
13795,0.10941871531178583,1257.906856354682,4315.561785860848,2568.3535216177042,1747.2082642431442,0.07103138842682322
13800,0.10945837414299707,1323.367064516172,4322.815910231364,2566.4947307685397,1756.3211794628241,0.07092999234008718
13805,0.10949803297420829,1383.7464057190887,4331.541049577292,2564.929960496807,1766.6110890804853,0.07079804710726365
13810,0.10953769180541953,1438.362134033271,4341.900025555465,2563.8085127358518,1778.091512819613,0.07063609483896485
13815,0.10957735063663075,1486.9107631379602,4353.997749652502,2563.34891886617,1790.6488307863315,0.07044474603402032
13820,0.10961700946784199,1529.4934728483977,4367.870045821785,2563.785852924108,1804.0841928976774,0.07022467957568711
13825,0.10965666829905321,1566.6054485571847,4383.483363154561,2565.313180624913,1818.1701825296477,0.06997664261451363
13830,0.10969632713026445,1599.0905602331525,4400.745000161502,2568.0346232548086,1832.710376906693,0.06971888644838589
13835,0.10973598596147568,1628.0663322769017,4419.521515086992,2571.932138844251,1847.5893762427409,0.069435021570729
13840,0.10977564479268691,1654.8267004138943,4439.661537831341,2576.8585928336465,1862.8029449976943,0.06912573907121627
13845,0.10981530362389814,1680.7315890307077,4461.018509081959,2582.556334188102,1878.4621748938566,0.06879203354052078
13850,0.10985496245510937,1707.0930924514498,4483.469060666928,2588.6979630511046,1894.7710976158237,0.06843490388439648
13855,0.1098946212863206,1735.0682180561762,4506.92375159852,2594.9410014103996,1911.98275018812,0.06805533990015288
13860,0.10993428011753183,1765.5677752303025,4531.328478222071,2600.9853122877525,1930.3431659343182,0.0676543081701486
13865,0.10997393894874306,1799.1899023761907,4556.656783581124,2606.621541513014,1950.0352420681097,0.06723273827398227
13870,0.1100135977799543,1836.1846958085312,4582.895154610469,2611.7606962708273,1971.1344583396417,0.06679151055894061
13875,0.11005325661116552,1876.4533770890266,4610.024867653782,2616.4388656546735,1993.5860019991087,0.06633144685729693
13880,0.11009291544237676,1919.5816384599216,4638.00471946443,2620.7962619062346,2017.2084575581957,0.06585330553204986
13885,0.11013257427358798,1964.902750878761,4666.758862654594,2625.035176089402,2041.723686565192,0.06535778199302773
13890,0.11017223310479922,2011.58236403377,4696.1729188585705,2629.3659752007343,2066.806943657836,0.06484551530224258
13895,0.11021189193601046,2058.7143011167427,4726.099744014804,2633.952936941,2092.1468070738038,0.06431710069757157
13900,0.11025155076722168,2105.4155101870256,4756.374039101606,2638.8719026038816,2117.5021364977247,0.06377310692369387
13905,0.11029120959843292,2150.9088912320194,4786.83292807852,2644.0893295580804,2142.7435985204397,0.06355544679369908
13910,0.11033086842964414,2194.5849177932023,4817.338151571368,2649.467815826565,2167.870335744803,0.0635017198172571
13915,0.11037052726085538,2236.0364911873303,4847.795003743682,2654.7975040147226,2192.9974997289596,0.06342443992489785
13920,0.1104101860920666,2275.065733242858,4878.163696156645,2659.8471697332184,2218.3165264234262,0.06332462500800799
13925,0.11044984492327783,2311.665684024978,4908.460337376735,2664.424466226428,2244.035871150307,0.06334404577314028
13930,0.11048950375448907,2345.983312414508,4938.74683163726,2668.432655019452,2270.314176617808,0.06334041944572098
13935,0.1105291625857003,2378.272194980244,4969.111265135442,2671.9116512127134,2297.199613922729,0.06331426602771402
13940,0.11056882141691153,2408.8433414138804,4999.642291404932,2675.0542475582197,2324.588043846712,0.06326632061653761
13945,0.11060848024812275,2438.021089404566,5030.402255530195,2678.193332110424,2352.2089234197715,0.0631974617121442
13950,0.11064813907933399,2466.1083623379986,5061.404070851005,2681.7617717922953,2379.6422990587093,0.06310864080735219
13955,0.11068779791054521,2493.3627422524924,5092.596135540433,2686.2322030675077,2406.3639324729256,0.06306765846078916
13960,0.11072745674175645,2519.9825633201986,5123.858007218937,2692.048103898236,2431.809903320701,0.06310428101292676
13965,0.11076711557296769,2546.101028575521,5155.007472588196,2699.559353899557,2455.4481186886387,0.06312320508000063
13970,0.11080677440417891,2571.7861548590527,5185.817492864761,2708.97462833256,2476.8428645322015,0.06312437840867675
13975,0.11084643323539015,2597.0447230792015,5216.039719881012,2720.3395876058353,2495.700132275177,0.06310761113461369
13980,0.11088609206660137,2621.828799998165,5245.430212386206,2733.5446236568296,2511.8855887293767,0.06307258180317091
13985,0.1109257508978126,2646.043445657581,5273.772813539566,2748.359994865051,2525.4128186745156,0.06301885130665362
13990,0.11096540972902383,2669.5539482479226,5300.8963522632885,2764.490747562484,2536.4056047008044,0.0629458836974193
13995,0.11100506856023507,2692.1907005596463,5326.683200222472,2781.6399839821324,2545.0432162403395,0.0630019695432661
14000,0.1110447273914463,2713.75012723083,5351.068440802845,2799.567543715837,2551.5008970870076,0.06306120847455958
14005,0.11108438622265752,2733.991178814304,5374.0306432651605,2818.1322845890445,2555.898358676116,0.06309781216599203
14010,0.11112404505386876,2752.628708708884,5395.576674249111,2837.3096290084486,2558.267045240663,0.06311037930639823
14015,0.11116370388507998,2769.3269945944294,5415.723884799371,2857.181177620495,2558.5427071788763,0.06309760770869768
14020,0.11120336271629122,2783.697973973458,5434.483248456322,2877.8989581467363,2556.584290309586,0.06305834988291346
14025,0.11124302154750246,2795.3087460339093,5451.846575783415,2899.6321177620953,2552.2144580213194,0.06302024010012439
14030,0.11128268037871368,2803.701279986728,5467.77990087066,2922.507515840614,2545.272385030046,0.06308629649338238
14035,0.11132233920992492,2808.4243827488176,5482.22375319461,2946.5569695255313,2535.666783669079,0.06321631489984848
14040,0.11136199804113614,2809.074656114487,5495.09960116336,2971.6825619878473,2523.4170391755124,0.06340473529479265
14045,0.11140165687234738,2805.3404840606763,5506.3205976329355,2997.647709026296,2508.6728886066394,0.06359313948095612
14050,0.1114413157035586,2797.0419277993506,5515.804110692588,3024.0963669431558,2491.7077437494327,0.06378142333679793
14055,0.11148097453476984,2784.160135422685,5523.483477888487,3050.5969678144183,2472.8865100740686,0.06396942147019939
14060,0.11152063336598107,2766.8521821917193,5529.316907979621,3076.702596535731,2452.6143114438896,0.06415691389765688
14065,0.1115602921971923,2745.4502765280095,5533.29227590834,3102.015617026422,2431.276658881918,0.06434363288069175
14070,0.11159995102840353,2720.4469209061467,5535.427471993273,3126.244065257865,2409.183406735408,0.06452926713248544
14075,0.11163960985961476,2692.4690668754533,5535.766767509206,3149.238797143493,2386.5279703657134,0.06471346157313394
14080,0.11167926869082599,2662.244287934126,5534.374221743144,3171.004232877762,2363.3699888653814,0.06489581224666909
14085,0.11171892752203721,2630.560919178237,5531.325446164078,3191.6807737051986,2339.6446724588795,0.0650758576601621
14090,0.11175858635324845,2598.2228450023595,5526.699088072349,3211.5025256468302,2315.1965624255186,0.06525306932276272
14095,0.11179824518445969,2565.999072413316,5520.569254720801,3230.7387473785316,2289.8305073422694,0.06542684528344869
14100,0.11183790401567091,2534.5689438391037,5512.999827544333,3249.630515471396,2263.369312072937,0.0655965106887257
14105,0.11187756284688215,2504.465721862509,5504.041268515132,3268.334885435715,2235.7063830794173,0.06576132866202802
14110,0.11191722167809337,2476.023618786644,5493.730148301607,3286.8871942938854,2206.842954007722,0.06592052321900412
14115,0.11195688050930461,2449.3351394401984,5482.0912775523075,3305.188451332572,2176.9028262197353,0.06607331376785205
14120,0.11199653934051583,2424.225968113081,5469.14203617961,3323.0197550348694,2146.1222811447406,0.06621895844407004
14125,0.11203619817172707,2400.2531614978943,5454.898287251907,3340.0803621777054,2114.817925074202,0.06635680158167949
14130,0.1120758570029383,2376.72936166383,5439.381124432836,3356.0414703022598,2083.3396541305765,0.06648631944206197
14135,0.11211551583414953,2352.7719143667027,5422.62361492704,3370.604841648846,2052.0187732781937,0.06660715815277919
14140,0.11215517466536076,2327.3721906981245,5404.676652468552,3383.5546425086136,2021.1220099599382,0.06671915868110342
14145,0.11219483349657199,2299.477918331327,5385.613041299477,3394.7924084084448,1990.8206328910323,0.06682236539491615
14150,0.11223449232778322,2268.080325302821,5365.529031813139,3404.3485372523864,1961.1804945607528,0.06691701699898411
14155,0.11227415115899445,2232.298238134821,5344.54276568875,3412.36844985384,1932.1743158349095,0.06700352095011927
14160,0.11231380999020568,2191.4524278088843,5322.789481185652,3419.076596775793,1903.7128844098593,0.06708241444284474
14165,0.11235346882141692,2145.124846166196,5300.4138462733345,3424.725837119202,1875.6880091541325,0.06715431641915477
14170,0.11239312765262814,2093.1985335682384,5277.560343536959,3429.542516006208,1848.0178275307512,0.06721987565852162
14175,0.11243278648383938,2035.8748642371593,5254.363106825523,3433.6782814803114,1820.6848253452113,0.06727971988745013
14180,0.1124724453150506,1973.6657194150455,5230.936883654608,3437.1781887564434,1793.7586948981648,0.06733441018232465
14185,0.11251210414626184,1907.3595685118592,5207.370778097723,3439.9712671632647,1767.3995109344582,0.06738440395131777
14190,0.11255176297747307,1837.9625963012875,5183.726078558881,3441.8851764591514,1741.84090209973,0.06743002867414818
14195,0.1125914218086843,1766.6188986864795,5160.038820875878,3442.6817841422794,1717.3570367335983,0.06747146748353287
14200,0.11263108063989553,1694.5169202201653,5136.326873938598,3442.106412798702,1694.2204611398956,0.0675087566423693
14205,0.11267073947110676,1622.791947034182,5112.600415404081,3439.940927690164,1672.6594877139173,0.06754179401684568
14210,0.112710398302318,1552.4357604778681,5088.873880141685,3436.050229153805,1652.8236509878798,0.06757035678761898
14215,0.11275005713352922,1484.2239131735973,5065.177005663587,3430.413148941308,1634.763856722279,0.06759412594540763
14220,0.11278971596474045,1418.668429511656,5041.562610954292,3423.1318921068423,1618.4307188474495,0.06761271469560734
14225,0.11282937479595169,1355.9995687527507,5018.109275601704,3414.4183662322407,1603.6909093694635,0.06762569786486602
14230,0.11286903362716291,1296.1755995123879,4994.9180593177225,3404.560167070285,1590.3578922474376,0.06763263981665751
14235,0.11290869245837415,1238.9154651236574,4972.103626050714,3393.8727978095453,1578.230828241169,0.06763311918519534
14240,0.11294835128958537,1183.74671545925,4949.781348129042,3382.6471856538847,1567.1341624751576,0.06762674974400794
14245,0.11298801012079661,1130.0605859070997,4928.052894444007,3371.1022912952926,1556.950603148714,0.06761319766876905
14250,0.11302766895200783,1077.1674340525506,4906.99324317995,3359.351491924079,1547.641751255871,0.06759219606483291
14255,0.11306732778321907,1024.348179320833,4886.641901348409,3347.3887113171327,1539.2531900312765,0.06756355773478327
14260,0.1131069866144303,970.8999518795104,4867.0003808416795,3335.096515676914,1531.9038651647656,0.06752718675091458
14265,0.11314664544564153,916.1759698388828,4848.0368067051295,3322.274316006107,1525.7624906990227,0.06748308863931599
14270,0.11318630427685276,859.620270256366,4829.69713431968,3308.681181903294,1521.015952416386,0.06743137816703824
14275,0.11322596310806399,800.797420227278,4811.921090826866,3294.085238164365,1517.835852662501,0.06737228316542782
14280,0.11326562193927522,739.4162978663016,4794.659900636037,3278.3106196915073,1516.3492809445293,0.06730614274581025
14285,0.11330528077048645,675.3462084165094,4777.892334081005,3261.273638901118,1516.6186951798873,0.06723339872533537
14290,0.11334493960169768,608.6235592729327,4761.6357754417595,3243.0019997702852,1518.6337756714743,0.06715457995478616
14295,0.11338459843290892,539.448187934337,4745.949857231732,3223.6341368401168,1522.3157203916148,0.06707028027118836
14300,0.11342425726412014,468.1698608113038,4730.931617753644,3203.3994558642516,1527.5321618893922,0.06698113170123046
14305,0.11346391609533138,395.2667896096518,4716.7028361345865,3182.583734501685,1534.1191016329017,0.06688777510672811
14310,0.1135035749265426,321.3186455199875,4703.391825046276,3161.486588664209,1541.9052363820665,0.06679083062076462
14315,0.11354323375775384,246.9762512429088,4691.11315478134,3140.3792571627714,1550.7338976185688,0.06669087004572803
14320,0.11358289258896508,172.92915333346355,4679.949270016685,3119.470765695149,1560.4785043215356,0.06659019389282247
14325,0.1136225514201763,99.87125912970305,4669.937626677271,3098.8888319342605,1571.0487947430101,0.06702752038862908
14330,0.11366221025138754,28.464370252595472,4661.0658897049,3078.678968941784,1582.3869207631155,0.06747997480399799
14335,0.11370186908259876,-40.69982853474221,4653.2761256979675,3058.8216644781996,1594.4544612197678,0.06793461695145124
14340,0.11374152791381,-107.13708311940036,4646.477135454625,3039.2639285236255,1607.2132069309991,0.06835935221813977
14345,0.11378118674502122,-170.50296590915832,4640.562468552014,3019.9585978244154,1620.6038707275989,0.06875131265277691
14350,0.11382084557623245,-230.61480273110192,4635.430569214474,3000.903137088751,1634.5274321257234,0.06913460878961947
14355,0.11386050440744369,-287.4577194484409,4631.00313844276,2982.1696236938615,1648.8335147488988,0.06948180200180434
14360,0.11390016323865491,-341.17133275042806,4627.238233442601,2963.919185611302,1663.319047831299,0.06979399004859303
14365,0.11393982206986615,-392.0170000304606,4624.135770216232,2946.3971044921996,1677.7386657240327,0.07007202100138214
14370,0.11397948090107737,-440.3294894893502,4621.734707480444,2929.9085554023463,1691.8261520780975,0.07031647068641397
14375,0.11401913973228861,-486.4603127490468,4620.1029259805555,2914.7788240702953,1705.3241019102602,0.07052992099566247
14380,0.11405879856349983,-530.7218438576424,4619.322304229361,2901.3050791728747,1718.0172250564865,0.07071524492943738
14385,0.11409845739471107,-573.3412888949792,4619.472414316376,2889.708739941134,1729.7636743752419,0.07086729785141643
14390,0.1141381162259223,-614.4317129662818,4620.616434148206,2880.0977479345333,1740.518686213673,0.07098617463784447
14395,0.11417777505713353,-653.9842795976729,4622.79227931644,2872.4465111144555,1750.3457682019844,0.0710719410832738
14400,0.11421743388834477,-691.8824111622384,4626.010748342684,2866.5981633215138,1759.41258502117,0.07112468376246457
14405,0.11425709271955599,-727.9354558342861,4630.260921768758,2862.289615126265,1767.971306642493,0.0711445438388532
14410,0.11429675155076723,-761.9270918938819,4635.5214879434725,2859.1954386825823,1776.3260492608902,0.0711317344611816
14415,0.11433641038197845,-793.6722350449086,4641.775403124074,2856.982802987144,1784.7926001369297,0.07108654449923976
14420,0.11437606921318969,-823.0755165654546,4649.024575038394,2855.367257329816,1793.657317708578,0.07100933328899231
14425,0.11441572804440092,-850.1842592373864,4657.301218382332,2854.158705293138,1803.142513089194,0.07090052159244432
14430,0.11445538687561214,-875.229152423397,4666.673165821904,2853.2885949630277,1813.3845708588765,0.07076058327568731
14435,0.11449504570682338,-898.6465305654046,4677.241596755921,2852.8129064149266,1824.4286903409943,0.07059004068306754
14440,0.1145347045380346,-921.0774426771395,4689.131131647976,2852.89026910698,1836.2408625409957,0.07038946486086237
14445,0.11457436336924584,-943.3407438652071,4702.473737016634,2853.739531966318,1848.7342050503162,0.07015948013077133
14450,0.11461402220045706,-966.3802968677292,4717.389101243316,2855.58529728599,1861.8038039573262,0.06990077133674556
14455,0.1146536810316683,-991.1898398286444,4733.964841891428,2858.6024194374877,1875.3624224539399,0.06961409149800145
14460,0.11469333986287954,-1018.7226557517752,4752.239967494098,2862.870710413211,1889.369257080887,0.06930937384379468
14465,0.11473299869409076,-1049.7961489641725,4772.194446504068,2868.349011147545,1903.845435356523,0.06898627041912576
14470,0.114772657525302,-1085.0030396439174,4793.746660319675,2874.8738034140456,1918.8728569056298,0.06863800130187121
14475,0.11481231635651322,-1124.640584599983,4816.759151150008,2882.1824833652213,1934.5766677847864,0.06826558029259913
14480,0.11485197518772446,-1168.6669043034594,4841.051675743548,2889.956353256416,1951.0953224871319,0.06787004402736754
14485,0.11489163401893569,-1216.6895569172875,4866.419393108479,2897.874370143477,1968.5450229650023,0.06745243701302753
14490,0.11493129285014692,-1267.9868188266119,4892.653250274846,2905.666551919845,1986.986698355001,0.06701379430843624
14495,0.11497095168135815,-1321.5577813493992,4919.559406294086,2913.1561188607516,2006.4032874333348,0.0665551234932383
14500,0.11501061051256938,-1376.1942861268294,4946.9748712967685,2920.2818981733453,2026.6929731234231,0.06607738785118959
14505,0.11505026934378061,-1430.5663800903071,4974.777348310712,2927.096726051988,2047.6806222587243,0.06558149282071368
14510,0.11508992817499183,-1483.3132735565573,5002.888372880127,2933.7426683463877,2069.145704533739,0.06506827766187563
14515,0.11512958700620307,-1533.133140039547,5031.270017257904,2940.408782798528,2090.861234459376,0.06453851387040946
14520,0.11516924583741431,-1578.8667020970252,5059.916430113542,2947.2808301180885,2112.635599995454,0.06399291108314073
14525,0.11520890466862553,-1619.5707356841067,5088.8421439241265,2954.4940239651223,2134.348119959004,0.06345955630163348
14530,0.11524856349983677,-1654.5781220051358,5118.069320709858,2962.0992266347557,2155.9700940751027,0.06338045165012206
14535,0.11528822233104799,-1683.5410747158908,5147.615946281392,2970.0500872086063,2177.5658590727858,0.06333043200552955
14540,0.11532788116225923,-1706.4542004192385,5177.48652565968,2978.2140999190665,2199.272425740614,0.06334832572693183
14545,0.11536753999347045,-1723.6546943468197,5207.666214292224,2986.405396063805,2221.2608182284193,0.06334199627005202
14550,0.11540719882468169,-1735.7985625372476,5238.118669135424,2994.4323728498366,2243.6862962855876,0.06331144267971209
14555,0.11544685765589292,-1743.8141799420227,5268.787315585464,3002.150006130869,2266.637309454595,0.0632569919906947
14560,0.11548651648710415,-1748.8371835830835,5299.599259702711,3009.5055783884427,2290.093681314268,0.06317925712797352
14565,0.11552617531831538,-1752.1328859934356,5330.470764337254,3016.567812955111,2313.902951382143,0.06307908102227032
14570,0.1155658341495266,-1755.0134246000957,5361.313072883732,3023.532776273432,2337.7802966103004,0.06308951564312394
14575,0.11560549298073784,-1758.7565081027524,5392.0374143682475,3030.7046856656966,2361.332728702551,0.06311188360521679
14580,0.11564515181194907,-1764.5311784463356,5422.558249899723,3038.4549392812723,2384.1033106184505,0.06311445869538365
14585,0.1156848106431603,-1773.33414862768,5452.794190918791,3047.1671805611304,2405.6270103576608,0.0630975512351655
14590,0.11572446947437154,-1785.9387181890029,5482.666478285186,3057.179080331453,2425.487397953733,0.06306139919893004
14595,0.11576412830558276,-1802.8574257805376,5512.095387620989,3068.7321710509245,2443.363216570064,0.0630061506745484
14600,0.115803787136794,-1824.319410438627,5540.995348094849,3081.939379001351,2459.055969093498,0.06293185693569184
14605,0.11584344596800522,-1850.2634547194825,5569.2698654442165,3096.776244162319,2472.4936212818975,0.0628955978979146
14610,0.11588310479921646,-1880.3472878776383,5596.807476054755,3113.0969727720326,2483.7105032827226,0.06295782246190247
14615,0.1159227636304277,-1913.9725770685131,5623.479894912475,3130.6714458010365,2492.8084491114387,0.06299923774645183
14620,0.11596242246163892,-1950.323232958383,5649.143244953746,3149.2351385360835,2499.9081064176626,0.0630187263296628
14625,0.11600208129285015,-1988.4127713546254,5673.642785967701,3168.5414336666668,2505.101352301034,0.0630151762520116
14630,0.11604174012406138,-2027.1352934987513,5696.820950506728,3188.405520793765,2508.415429712963,0.06298751766637131
14635,0.11608139895527261,-2065.314803813399,5718.5278320438765,3208.7310111035686,2509.796820940308,0.06293476198627158
14640,0.11612105778648384,-2101.749211730392,5738.63267425546,3229.5141452848375,2509.1185289706227,0.06296046973649475
14645,0.11616071661769507,-2135.247991136581,5757.034505755228,3250.8252509241897,2506.209254831038,0.06314378731167253
14650,0.11620037544890631,-2164.665180230253,5773.669960704352,3272.771913043306,2500.898047661046,0.06332558502179293
14655,0.11624003428011753,-2188.9312089320624,5788.516589108397,3295.4521522245095,2493.0644368838875,0.06350599100132201
14660,0.11627969311132877,-2207.0872837424918,5801.590595142051,3318.9079619371732,2482.6826332048777,0.06368515478850398
14665,0.11631935194253999,-2218.3246625180354,5812.938876608021,3343.089425012733,2469.849451595288,0.06386323189291797
14670,0.11635901077375123,-2222.0286100375856,5822.626327216141,3367.8373622867452,2454.788964929396,0.06404037128025981
14675,0.11639866960496245,-2217.8239847535287,5830.720398589005,3392.8885672169863,2437.8318313720183,0.06421670461963988
14680,0.11643832843617369,-2205.6171360945164,5837.27566638953,3417.9029820987926,2419.372684290737,0.06439233562587328
14685,0.11647798726738492,-2185.627693000358,5842.321394589152,3442.5076524026867,2399.8137421864653,0.06456732785544116
14690,0.11651764609859615,-2158.404086079599,5845.85471836061,3466.3488720687774,2379.5058462918323,0.06474168986395415
14695,0.11655730492980738,-2124.8180596437214,5847.841080299511,3489.142276846105,2358.6988034534065,0.06491535757952599
14700,0.11659696376101861,-2086.0355456506127,5848.222124942423,3510.711059445032,2337.511065497391,0.06508817489337712
14705,0.11663662259222984,-2043.4636089793585,5846.929683614201,3531.004857438137,2315.924826176064,0.06525987458695823
14710,0.11667628142344107,-1998.6753999508182,5843.903128136049,3550.0957050923266,2293.807423043723,0.06543006257399689
14715,0.1167159402546523,-1953.3170509750266,5839.106566197044,3568.151963767677,2270.9546024293672,0.06559820883411428
14720,0.11675559908586354,-1909.0022708258352,5832.54229613851,3585.3954455559533,2247.146850582557,0.06576364820977215
14725,0.11679525791707476,-1867.2020684684398,5824.257658380939,3602.0501691942295,2222.207489186709,0.06592559338406498
14730,0.116834916748286,-1829.1384766475412,5814.34375766632,3618.2927086181444,2196.0510490481756,0.06608316093253273
14735,0.11687457557949722,-1795.6920337262409,5802.926193496057,3634.2136343659254,2168.7125591301315,0.06623540955707857
14740,0.11691423441070846,-1767.3326800119985,5790.149574569788,3649.7972276566557,2140.352346913132,0.06638138777159623
14745,0.11695389324191968,-1744.0822500180489,5776.1588733855715,3664.9229539246553,2111.235919460916,0.06652018675714114
14750,0.11699355207313092,-1725.5137861508724,5761.081346775038,3679.3878645452646,2081.693482229773,0.06665099313420483
14755,0.11703321090434216,-1710.7887616788917,5745.012675510819,3692.9450069313384,2052.06766857948,0.06677313619406454
14760,0.11707286973555338,-1698.7286710000558,5728.010169736468,3705.349859198055,2022.660310538413,0.06688612472686847
14765,0.11711252856676461,-1687.913224828936,5710.094494194682,3716.405352968661,1993.6891412260206,0.06698966987124198
14770,0.11715218739797584,-1676.794418105314,5691.259652741461,3725.996477665031,1965.26317507643,0.06708369216140449
14775,0.11719184622918707,-1663.8145415261097,5671.489273717454,3734.1076757044316,1937.3815980130225,0.06716831286416614
14780,0.11723150506039831,-1647.5168468540496,5650.775905096201,3740.8197921497613,1909.95611294644,0.06724383146478999
14785,0.11727116389160953,-1626.6396832550317,5629.139347216666,3746.28751616805,1882.8518310486156,0.06731069250446144
14790,0.11731082272282077,-1600.1878668388931,5606.640179860855,3750.7021972038374,1855.9379826570175,0.06736944571555173
14795,0.117350481554032,-1567.4781652585302,5583.385569913339,3754.2478327949843,1829.1377371183548,0.0674207034977618
14800,0.11739014038524323,-1528.1585660068708,5559.525994997456,3757.059319885881,1802.4666751115751,0.0674650993192934
14805,0.11742979921645445,-1482.2031861855744,5535.24337052404,3759.191492029536,1776.0518784945039,0.0675032498069288
14810,0.11746945804766569,-1429.886228078392,5510.732835464127,3760.6051771338084,1750.1276583303184,0.06753572234402601
14815,0.11750911687887693,-1371.739375084418,5486.181761047745,3761.173002476545,1725.0087585711995,0.06756300913336287
14820,0.11754877571008815,-1308.497574349688,5461.750114901927,3760.7036794823975,1701.0464354195296,0.06758550802783751
14825,0.11758843454129939,-1241.0383491805928,5437.556016026043,3758.979829690649,1678.5761863353941,0.0676035100121054
14830,0.11762809337251061,-1170.3196549310442,5413.669216233289,3755.801784548487,1657.8674316848023,0.06761719298148501
14835,0.11766775220372185,-1097.3208269030301,5390.113580765647,3751.0286967942216,1639.0848839714258,0.06762662133021666
14840,0.11770741103493307,-1022.990356447156,5366.877778614468,3744.6089190502644,1622.268859564204,0.06763175076694672
14845,0.1177470698661443,-948.2031000672428,5343.931735988649,3736.59377875685,1607.337957231799,0.06763243770209643
14850,0.11778672869735554,-873.7281804021568,5321.2453058300525,3727.132154365381,1594.1131514646713,0.06762845251747125
14855,0.11782638752856676,-800.2074730010459,5298.80528072716,3716.4469801319915,1582.3583005951682,0.06761949605668074
14860,0.117866046359778,-728.143451888383,5276.627367397754,3704.7982488640887,1571.8291185336652,0.0676052187603952
14865,0.11790570519098922,-657.8945473084218,5254.760912290863,3692.439588338651,1562.3213239522124,0.06758524196376563
14870,0.11794536402220046,-589.6761969902373,5233.285747607128,3679.5766008109745,1553.7091467961532,0.06755918089481835
14875,0.11798502285341168,-523.5663892790626,5212.302173706094,3666.3347004809557,1545.9674732251387,0.06752666879180613
14880,0.11802468168462292,-459.51541383991844,5191.916470781026,3652.74229052535,1539.1741802556758,0.06748738127476459
14885,0.11806434051583416,-397.360312932175,5172.22517304902,3638.7321858107543,1533.4929872382654,0.06744105971893112
14890,0.11810399934704538,-336.8447383803832,5153.301491541769,3624.160785102584,1529.1407064391847,0.067387532011079
14895,0.11814365817825662,-277.64434909659894,5135.186724440086,3608.84126626465,1526.3454581754363,0.06732672888072357
14900,0.11818331700946784,-219.39664573416485,5117.888372412156,3592.584602647645,1525.303769764511,0.067258694117352
14905,0.11822297584067908,-161.73266612911812,5101.38522079746,3575.2409054685522,1526.1443153289074,0.06718358746459847
14910,0.11826263467189031,-104.30684828584481,5085.638169887179,3556.7336890293705,1528.9044808578087,0.06710167976779953
14915,0.11830229350310154,-46.8211091396779,5070.60440407026,3537.0810869632683,1533.5233171069917,0.06701334088792588
14920,0.11834195233431277,10.960017838469412,5056.251841468848,3516.4005382125983,1539.85130325625,0.06691902177170514
14925,0.118381611165524,69.20469412277225,5042.570826041257,3494.8965489565285,1547.6742770847281,0.06681923268376955
14930,0.11842126999673523,128.0190473078128,5029.580688528637,3472.834257494163,1556.7464310344744,0.06671451983584464
14935,0.11846092882794645,187.46015957878353,5017.329941318497,3450.5041140482545,1566.8258272702424,0.06660544247920534
14940,0.11850058765915769,247.55345905752665,5005.890218014212,3428.1845610545843,1577.705656959628,0.06664854751351064
14945,0.11854024649036893,308.3109390825225,4995.345325634076,3406.1098659411377,1589.2354596929385,0.06708479263629967
14950,0.11857990532158015,369.74701222413796,4985.777691590795,3384.4491594009914,1601.3285321898038,0.0675340073034134
14955,0.11861956415279139,431.88950443113526,4977.254897112722,3363.3004641859734,1613.9544329267483,0.06798469735793453
14960,0.11865922298400261,494.78402197506693,4969.818847645361,3342.700483649173,1627.1183639961878,0.06840773530347123
14965,0.11869888181521385,558.49056708223,4963.479505631981,3322.647727951492,1640.8317776804888,0.06879612786826152
14970,0.11873854064642507,623.0719173109237,4958.214157529034,3303.1338078875838,1655.0803496414505,0.06917758838514632
14975,0.1187781994776363,688.574091391145,4953.972113609485,3284.1759704959586,1669.7961431135263,0.0695229415321439
14980,0.11881785830884754,755.0003146264612,4950.683764854562,3265.8435593995896,1684.840205454972,0.06983319369990365
14985,0.11885751714005877,822.2812103083529,4948.272230845338,3248.2721743468874,1700.0000564984502,0.0701091201577413
14990,0.11889717597127,890.2452267886829,4946.6655388250765,3231.6617092459537,1715.0038295791228,0.07035125398172602
14995,0.11893683480248123,958.5941988503469,4945.8073958282175,3216.257727586338,1729.5496682418793,0.07056265769845317
15000,0.11897649363369246,1026.889101008358,4945.66507940335,3202.319152918625,1743.3459264847252,0.07074551364844632
15005,0.11901615246490369,1094.5503020500933,4946.233638653231,3190.078293809727,1756.1553448435038,0.07089492670087412
15010,0.11905581129611492,1160.8750227065307,4947.5363031875495,3179.7011334767617,1767.8351697107878,0.07101103077214915
15015,0.11909547012732616,1225.0724925337454,4949.621600385859,3171.2561440739946,1778.3654563118644,0.07109393310884822
15020,0.11913512895853738,1286.3148913487248,4952.558088368265,3164.6984968153524,1787.8595915529127,0.07114375196359339
15025,0.11917478778974862,1343.7999636539107,4956.427789720736,3159.873654228129,1796.5541354926067,0.07116064109325124
15030,0.11921444662095984,1396.8195554636318,4961.319376319377,3156.540502458073,1804.7788738613035,0.07114480200679935
15035,0.11925410545217108,1444.8274472671642,4967.321958153417,3154.41018742739,1812.9117707260266,0.0710964869195293
15040,0.1192937642833823,1487.4997912821218,4974.520033555389,3153.193500757538,1821.326532797851,0.0710159963782852
15045,0.11933342311459354,1524.7821147558989,4982.989831768086,3152.647744339311,1830.3420874287754,0.07090367553173314
15050,0.11937308194580477,1556.9180428788213,4992.7969821138795,3152.613930298551,1840.1830518153283,0.07075991222643903
15055,0.119412740777016,1584.4564153909105,5003.9952245037575,3153.0370030009594,1850.958221502798,0.0705851388240625
15060,0.11945239960822723,1608.2351393675494,5016.625760931825,3153.9651482975455,1862.66061263428,0.07037983820379143
15065,0.11949205843943846,1629.3418241264062,5030.716840053156,3155.5284867425485,1875.188353310608,0.07014455314291189
15070,0.11953171727064969,1649.0529436062648,5046.283247544028,3157.90164154057,1888.3816060034583,0.06987989736630944
15075,0.11957137610186093,1668.754966817044,5063.325510061482,3161.257937811041,1902.0675722504416,0.06958656611302842
15080,0.11961103493307215,1689.8525645666327,5081.828774336529,3165.7246341693667,1916.1041401671623,0.0692653440697013
15085,0.11965069376428339,1713.670530591925,5101.761467181457,3171.34826837662,1930.413198804837,0.06892134862541492
15090,0.11969035259549461,1741.3572269937963,5123.073960674442,3178.0769983938517,1944.9969622805902,0.06856376997089
15095,0.11973001142670585,1773.7978874841597,5145.6975518706195,3185.7632225652524,1959.934329305367,0.06818138675435859
15100,0.11976967025791707,1811.5457277383211,5169.544113138771,3194.1855407818252,1975.3585723569454,0.06777526217791979
15105,0.11980932908912831,1854.7774123213749,5194.5067713512335,3203.0851617425856,1991.421609608648,0.06734648762952422
15110,0.11984898792033954,1903.277137693418,5220.461924454868,3212.208985150063,2008.2529393048044,0.06689616656973424
15115,0.11988864675155077,1956.450762640503,5247.27279839946,3221.350366955544,2025.9224314439161,0.06642539737133041
15120,0.119928305582762,2013.368525628694,5274.7945884799665,3230.3792366962484,2044.415351783718,0.06593525661276098
15125,0.11996796441397323,2072.832369856698,5302.881026542415,3239.2556193465293,2063.625407195886,0.06542678426174278
15130,0.12000762324518446,2133.4620114797185,5331.391984295934,3248.0242134498503,2083.3677708460837,0.06490097201630805
15135,0.12004728207639569,2193.7926714387754,5360.20148369159,3256.7917397694987,2103.409743922091,0.06435875580291114
15140,0.12008694090760692,2252.376729316363,5389.205266719352,3265.6924485297395,2123.5128181896125,0.06380101304975168
15145,0.12012659973881816,2307.881320804956,5418.3269214837255,3274.8496784459007,2143.477243037825,0.06329817002152766
15150,0.12016625857002938,2359.17408171472,5447.521524636319,3284.342153939193,2163.1793706971257,0.06332902958977189
15155,0.12020591740124062,2405.3899894449446,5476.77589965579,3294.182606968149,2182.5932926876417,0.06334328710152216
15160,0.12024557623245184,2445.9737795416922,5506.104941276553,3304.3135490200225,2201.791392256531,0.0633325768835459
15165,0.12028523506366308,2480.6948211327312,5535.544004147387,3314.62120029782,2220.9228038495667,0.06329651172158945
15170,0.1203248938948743,2509.634450787024,5565.138018621354,3324.964548270866,2240.1734703504876,0.06323506499610723
15175,0.12036455272608554,2533.1491044815357,5594.928642038548,3335.2131437436124,2259.7154982949355,0.0631485534527031
15180,0.12040421155729678,2551.8154658637036,5624.941222308146,3345.2852812725896,2279.6559410355567,0.06309799728868556
15185,0.120443870388508,2566.365610534846,5655.173512578956,3355.1780681314567,2299.9954444474997,0.06312720518788782
15190,0.12048352921971923,2577.620393250429,5685.587872267602,3364.9825790663717,2320.60529320123,0.06313379876681452
15195,0.12052318805093046,2586.428137794432,5716.108149931213,3374.8804455429054,2341.2277043883078,0.063118259238347
15200,0.1205628468821417,2593.6134790508186,5746.6216731495115,3385.122153947651,2361.4995192018605,0.06308112781733335
15205,0.12060250571335293,2599.938615990926,5776.985919971309,3395.991183434154,2380.994736537155,0.0630229601658614
15210,0.12064216454456415,2606.0768784454317,5807.038673883994,3407.7610767514243,2399.27759713257,0.06294428969947444
15215,0.12068182337577539,2612.5967910409317,5836.609907468852,3420.6539783231037,2415.955929145748,0.06284560068795558
15220,0.12072148220698661,2619.9538579886835,5865.533398018383,3434.8087969546327,2430.7246010637505,0.06288338666129238
15225,0.12076114103819785,2628.4870033408324,5893.65619991862,3450.265055948512,2443.391143970108,0.0629214432868886
15230,0.12080079986940907,2638.4168128453784,5920.844571605459,3466.96515225736,2453.8794193480994,0.06293886672891169
15235,0.12084045870062031,2649.8433019534746,5946.985700407998,3484.773891363526,2462.2118090444715,0.0629349284518555
15240,0.12088011753183155,2662.741823765613,5971.985445272238,3503.5106239834954,2468.474821288743,0.06290886781144352
15245,0.12091977636304277,2676.9569079150942,5995.763143003307,3522.9868255612923,2472.7763174420147,0.06285992058026138
15250,0.120959435194254,2692.195208549403,6018.245113734047,3543.041028724073,2475.204085009974,0.06288280049426251
15255,0.12099909402546523,2708.0201323141505,6039.358715376632,3563.5638022617427,2475.7949131148894,0.06306981316026515
15260,0.12103875285667647,2723.851783846252,6059.02857773054,3584.5077674499794,2474.5208102805605,0.06325518675632112
15265,0.12107841168788769,2738.9762299742733,6077.176041175982,3605.880945509481,2471.2950956665013,0.06343878610517226
15270,0.12111807051909892,2752.5674601568885,6093.721975333086,3627.725334781824,2465.9966405512623,0.06362054328007613
15275,0.12115772935031016,2763.7237535957697,6108.592266952693,3650.085769954775,2458.5064969979176,0.06380044078827699
15280,0.12119738818152138,2771.517700583262,6121.724565020316,3672.976169885603,2448.7483951347126,0.06397849516361698
15285,0.12123704701273262,2775.0563903245543,6133.074534420961,3696.3508211328926,2436.723713288068,0.0641547425939172
15290,0.12127670584394384,2773.545937565006,6142.619987220443,3720.087273804165,2422.5327134162785,0.06432922728600021
15295,0.12131636467515508,2766.3531854068888,6150.361804379737,3743.984981785307,2406.37682259443,0.06450199228874494
15300,0.1213560235063663,2753.057442174292,6156.321386189293,3767.780520922786,2388.540865266507,0.06467307168294759
15305,0.12139568233757754,2733.4864516900575,6160.535251898853,3791.1767584165923,2369.3584934822607,0.06484248259693991
15310,0.12143534116878878,2707.733050363042,6163.048104471444,3813.880441202888,2349.167663268556,0.06501021553133764
15315,0.121475,2676.1514987414885,6163.905995567549,3835.6409108249322,2328.265084742617,0.0651762219868202
15320,0.12151465883121124,2639.3346715595017,6163.151092315927,3856.282381344825,2306.868710971102,0.06534039929381776
15325,0.12155431766242246,2598.074770044172,6160.8190216901885,3875.723469830852,2285.0955518593364,0.06550257366143218
15330,0.1215939764936337,2553.3109559302666,6156.9390253663705,3893.980174825202,2262.9588505411684,0.06566248355421533
15335,0.12163363532484492,2506.067570845188,6151.536425974885,3911.15174430214,2240.384681672745,0.06581976631052211
15340,0.12167329415605616,2457.3867811828873,6144.636388680277,3927.392213088859,2217.2441755914183,0.06597395120975154
15345,0.12171295298726739,2408.2598440483885,6136.26777747808,3942.873163531052,2193.3946139470277,0.06612446184130504
15350,0.12175261181847861,2359.5617205595063,6126.466058954649,3957.7449299459604,2168.721129008689,0.06627062962225698
15355,0.12179227064968985,2311.9941928244616,6115.274607735898,3972.103702101022,2143.170905634876,0.06641171880056582
15360,0.12183192948090107,2266.0425714664016,6102.7442776710295,3985.9707418618955,2116.773535809134,0.06654696153879096
15365,0.12187158831211231,2221.950208221619,6088.931580668398,3999.2874601173576,2089.6441205510405,0.06667560003540679
15370,0.12191124714332355,2179.7133232990573,6073.8961551977645,4011.9269054516685,2061.969249746096,0.06679693142290202
15375,0.12195090597453477,2139.096407564536,6057.6983503891,4023.718938393292,2033.9794119958078,0.06691035060586403
15380,0.12199056480574601,2099.6661600688744,6040.397685954691,4034.4836688685627,2005.9140170861283,0.06701538635314895
15385,0.12203022363695723,2060.8400664306073,6022.0526973177875,4044.066162407108,1977.9865349106794,0.06711172678069854
15390,0.12206988246816847,2021.944610666524,6002.7222967326215,4052.3652820356347,1950.3570146969869,0.0671992316891419
15395,0.12210954129937969,1982.2777550008705,5982.468359750368,4059.350841144618,1923.1175186057503,0.067277930821062
15400,0.12214920013059093,1941.1705049337916,5961.358883267186,4065.0657156844522,1896.2931675827335,0.06734800872838709
15405,0.12218885896180216,1898.0428174303238,5939.470852338789,4069.6126855352686,1869.8581668035204,0.06740977836694195
15410,0.12222851779301339,1852.4496207151833,5916.891961818103,4073.128903124401,1843.7630586937016,0.06746364659550311
15415,0.12226817662422462,1804.1132852429278,5893.720575369477,4075.753387858585,1817.967187510892,0.06751007535616337
15420,0.12230783545543585,1752.939655713812,5870.063716984076,4077.594319419791,1792.4693975642845,0.06754954243271578
15425,0.12234749428664708,1699.0159001351922,5846.033377046994,4078.702888691577,1767.3304883554174,0.06758250536881537
15430,0.1223871531178583,1642.590042549618,5821.7418507319135,4079.0590844403405,1742.682766291573,0.06760937146551821
15435,0.12242681194906954,1584.0340402248025,5797.297094248053,4078.5723450509213,1718.724749197132,0.06763047587689525
15440,0.12246647078028078,1523.794381956016,5772.799106557728,4077.0969959227577,1695.7021106349703,0.0676460687959673
15445,0.122506129611492,1462.3360348209549,5748.338103059383,4074.459435758735,1673.878667300648,0.0676563116811498
15450,0.12254578844270324,1400.0867394711504,5723.9947930324215,4070.49171701885,1653.5030760135714,0.06766128152190863
15455,0.12258544727391446,1337.3888225834312,5699.842513123371,4065.0649343875207,1634.77757873585,0.06766098138278244
15460,0.1226251061051257,1274.4647189136908,5675.950448827621,4058.11591067466,1617.8345381529607,0.06765535498990011
15465,0.12266476493633692,1211.4003756434363,5652.3868393788725,4049.66200971817,1602.7248296607027,0.06764430300256839
15470,0.12270442376754816,1148.1479918085097,5629.221014555107,4039.8012235561127,1589.4197909989944,0.06762769886909173
15475,0.1227440825987594,1084.5466439177922,5606.5233890719455,4028.6975110587573,1577.8258780131882,0.06760540275797308
15480,0.12278374142997062,1020.356840503282,5584.363088336554,4016.5541604674945,1567.8089278690595,0.06757727286269632
15485,0.12282340026118185,955.303415851376,5562.803565323501,4003.5801861082523,1559.2233792152488,0.06754317421530515
15490,0.12286305909239308,889.120673897401,5541.897211563101,3989.9560454611615,1551.9411661019399,0.06750298580308974
15495,0.12290271792360431,821.5942854585323,5521.6803859661395,3975.805058002763,1545.8753279633765,0.06745660709401886
15500,0.12294237675481555,752.5958073552338,5502.170355521419,3961.1758217908337,1540.9945337305853,0.06740396496605747
15505,0.12298203558602677,682.1073550315855,5483.365322604926,3946.038871574998,1537.3264510299282,0.06734502155412957
15510,0.12302169441723801,610.235465896194,5465.2480655920435,3930.298190830657,1534.9498747613866,0.06727978283814702
15515,0.12306135324844923,537.2142630032822,5447.792887871819,3913.8154692214835,1533.977418650336,0.06720830711543402
15520,0.12310101207966047,463.39864348868014,5430.97474800092,3896.442688338543,1534.532059662377,0.06713071203535129
15525,0.12314067091087169,389.2485492436949,5414.778826414132,3878.057141910384,1536.7216845037478,0.06704717874975458
15530,0.12318032974208293,315.3056636019692,5399.208527392675,3858.592612675281,1540.615914717394,0.06695795196900066
15535,0.12321998857329416,242.1642565388579,5384.290100672201,3838.061193002603,1546.2289076695984,0.06686333522938503
15540,0.12325964740450539,170.43833250607577,5370.07268172344,3816.5619974592732,1553.5106842641667,0.06676368133554612
15545,0.12329930623571662,100.72753382505744,5356.623480093177,3794.275444505506,1562.348035587671,0.06665937859515239
15550,0.12333896506692785,33.584210830696975,5344.018894466944,3771.444438238828,1572.5744562281166,0.06655083400402786
15555,0.12337862389813908,-30.51639616086186,5332.333260569158,3748.3461777451803,1583.9870828239773,0.06649164663427247
15560,0.1234182827293503,-91.2016857356034,5321.6275164957015,3725.260020384909,1596.3674961107927,0.0669350467182894
15565,0.12345794156056154,-148.22252539584997,5311.9401473269745,3702.437501844413,1609.5026454825615,0.06737894613422261
15570,0.12349760039177278,-201.46938947444232,5303.282314423028,3680.08012371422,1623.2021907088078,0.0678264139132767
15575,0.123537259222984,-250.98365094027668,5295.638184312311,3658.3289276895844,1637.3092566227265,0.06826134212501637
15580,0.12357691805419524,-296.96316939379994,5288.970353593705,3637.2674697920547,1651.7028838016504,0.06866093656920637
15585,0.12361657688540646,-339.76039250205577,5283.229177909227,3616.9370480733205,1666.292129835906,0.06904308271432769
15590,0.1236562357166177,-379.8705469624956,5278.364000090795,3597.3604737883493,1681.003526302446,0.0693995070132339
15595,0.12369589454782892,-417.90762503276983,5274.333911159676,3578.5688401589737,1695.7650710007024,0.06972019109121196
15600,0.12373555337904016,-454.5670306359275,5271.115839815615,3560.6250335448526,1710.4908062707623,0.07000597751047608
15605,0.1237752122102514,-490.575830551536,5268.708408618799,3543.638326664407,1725.0700819543918,0.07025748118121954
15610,0.12381487104146262,-526.6341074527763,5267.13097336564,3527.766204534422,1739.364768831218,0.07047552913028804
15615,0.12385452987267385,-563.3532774669234,5266.418359697754,3513.202258060341,1753.2161016374125,0.0706673220603337
15620,0.12389418870388508,-601.1987772442048,5266.612783809809,3500.1520020756557,1766.4607817341534,0.07082541199861267
15625,0.12393384753509631,-640.4448198770597,5267.7550719034325,3488.8012086491804,1778.9538632542522,0.07095002579149462
15630,0.12397350636630754,-681.1478592249305,5269.877429313001,3479.2832016519505,1790.5942276610504,0.07104136241091759
15635,0.12401316519751877,-723.1431922377537,5272.999618839103,3471.6521031703887,1801.3475156687145,0.07109962676601699
15640,0.12405282402873001,-766.0661860871787,5277.129575356978,3465.868084874172,1811.2614904828065,0.07112504889859346
15645,0.12409248285994123,-809.3964404319831,5282.268400968907,3461.798400444203,1820.4700005247046,0.07111788992627473
15650,0.12413214169115247,-852.5202495993199,5288.418601158886,3459.234803283246,1829.1837978756403,0.07107843851084614
15655,0.12417180052236369,-894.8043758498652,5295.593584716833,3457.924550282584,1837.6690344342492,0.07100700280249142
15660,0.12421145935357493,-935.6726231588254,5303.8260457057995,3457.6092967364225,1846.216748969377,0.07090390276925138
15665,0.12425111818478617,-974.6761494781172,5313.172961697225,3458.064444844915,1855.10851685231,0.07076946681131376
15670,0.12429077701599739,-1011.5489366816851,5323.715552959305,3459.13131597385,1864.5842369854545,0.07060403495990203
15675,0.12433043584720863,-1046.2413478930648,5335.553525601172,3460.7359283833594,1874.8175972178124,0.07040796917699527
15680,0.12437009467841985,-1078.9271557787679,5348.794070753061,3462.890875263034,1885.9031954900265,0.07018166965456575
15685,0.12440975350963109,-1109.9826231094617,5363.537183926543,3465.6802279248027,1897.85695600174,0.06992559480196636
15690,0.12444941234084231,-1139.939822010639,5379.859686629786,3469.2308054420846,1910.6288811877012,0.06964028192843841
15695,0.12448907117205354,-1169.4199230389513,5397.800708751144,3473.675841442082,1924.1248673090622,0.06932636549093928
15700,0.12452873000326478,-1199.055119622928,5417.351240013032,3479.118495496345,1938.232744516687,0.0689845901280972
15705,0.124568388834476,-1229.409636000713,5438.449699643281,3485.602530586352,1952.847169056929,0.0686208828695821
15710,0.12460804766568724,-1260.9104858762266,5460.9844278351775,3493.095862767908,1967.8885650672696,0.06824256409363072
15715,0.12464770649689846,-1293.797149748027,5484.802776572747,3501.4899423105817,1983.3128342621649,0.06783949869250633
15720,0.1246873653281097,-1328.0963161969707,5509.725317479393,3510.614632110342,1999.1106853690512,0.06741277670240386
15725,0.12472702415932092,-1363.6238424226576,5535.56282242064,3520.265097519944,2015.2977249006963,0.06696353041130815
15730,0.12476668299053216,-1400.011944480526,5562.13327394951,3530.234860881078,2031.898413068432,0.0664929142794019
15735,0.1248063418217434,-1436.7561832500692,5589.27629075453,3540.3480782757456,2048.9282124787846,0.06600208466162058
15740,0.12484600065295462,-1473.2747096014646,5616.862960000907,3550.4844681451927,2066.3784918557144,0.0654921813192083
15745,0.12488565948416586,-1508.9717023097005,5644.8000101423395,3560.5920544711257,2084.2079556712138,0.06496431227999246
15750,0.12492531831537708,-1543.2977515698858,5673.0283300770725,3570.685592522252,2102.3427375548204,0.06441954302746572
15755,0.12496497714658832,-1575.8015669742267,5701.516824064768,3580.8316380888677,2120.6851859759004,0.06385889035224883
15760,0.12500463597779954,-1606.1692116941585,5730.253298289048,3591.1240449417296,2139.1292533473184,0.06328332056452654
15765,0.12504429480901078,-1634.2486559524186,5759.234385413856,3601.655636973271,2157.578748440585,0.06327996978600714
15770,0.125083953640222,-1660.0586824216148,5788.456401031385,3612.492494174402,2175.963906856983,0.06328333444453374
15775,0.12512361247143325,-1683.7822080074093,5817.908556168534,3623.656579323817,2194.2519768447173,0.06326266601754718
15780,0.12516327130264446,-1705.745141849592,5847.569259656794,3635.120480852147,2212.448778804647,0.06321736700156688
15785,0.1252029301338557,-1726.3830918585995,5877.405501760662,3646.815291403193,2230.5902103574695,0.06314716857495116
15790,0.12524258896506693,-1746.1994424859695,5907.3746735917985,3658.6496918519265,2248.724981739872,0.06306672040204758
15795,0.12528224779627817,-1765.7192374670617,5937.427757723994,3670.5358189505823,2266.8919387734113,0.063111371266193
15800,0.1253219066274894,-1785.4435685538651,5967.512675490422,3682.416007951343,2285.096667539079,0.06313204545382801
15805,0.1253615654587006,-1805.8086286375783,5997.576689050389,3694.2843369721186,2303.2923520782706,0.06312885406028369
15810,0.12540122428991185,-1827.1523731303546,6027.56708142044,3706.1980753648,2321.3690060556405,0.06310208096860592
15815,0.1254408831211231,-1849.6902551382186,6057.429798332726,3718.2763721327105,2339.1534262000155,0.06305213962108103
15820,0.12548054195233432,-1873.5002527978363,6087.106241552092,3730.6863002047558,2356.419941347336,0.06297953105481037
15825,0.12552020078354553,-1898.5167363246906,6116.52886041538,3743.6190763525024,2372.909784062878,0.06288480614444003
15830,0.12555985961475677,-1924.5326580077472,6145.616511032093,3757.261315538026,2388.3551954940667,0.06287288650854501
15835,0.125599518445968,-1951.209802958358,6174.270677422347,3771.7671260027923,2402.5035514195547,0.06291078335189576
15840,0.12563917727717924,-1978.096967142044,6202.373549769308,3787.236531862988,2415.1370179063197,0.06292687520888814
15845,0.12567883610839048,-2004.6555712766894,6229.788652948566,3803.704228153635,2426.084424794931,0.06292078470387068
15850,0.1257184949396017,-2030.2912988543944,6256.364278748491,3821.1403819079733,2435.223896840518,0.06289211661231325
15855,0.12575815377081292,-2054.3891318231413,6281.939490839563,3839.462608259835,2442.476882579728,0.062840471153056
15860,0.12579781260202416,-2076.3481532107967,6306.352038262855,3858.5559372242424,2447.7961010386125,0.06281208660397104
15865,0.1258374714332354,-2095.61220579091,6329.447204074243,3878.2960344801527,2451.1511695940903,0.0629956807391627
15870,0.12587713026444663,-2111.6932223984277,6351.086466998803,3898.570459723106,2452.516007275697,0.06317823166565004
15875,0.12591678909565784,-2124.185680631682,6371.154865269259,3919.2934087788335,2451.8614564904256,0.06335956813705741
15880,0.12595644792686908,-2132.7727204108455,6389.5661004094745,3940.4110105345,2449.1550898749747,0.06353957537376037
15885,0.12599610675808032,-2137.2263375477337,6406.2646765909,3961.8964543062207,2444.3682222846796,0.06371818799435636
15890,0.12603576558929155,-2137.405123957483,6421.224717106333,3983.7365143486,2437.488202757733,0.06389538105559367
15895,0.1260754244205028,-2133.25294230786,6434.44551732812,4005.912923785831,2428.5325935422893,0.06407115966334934
15900,0.126115083251714,-2124.8007723848127,6445.944359912168,4028.3831442382034,2417.5612156739644,0.06424554749362955
15905,0.12615474208292524,-2112.172172151431,6455.74758643957,4051.0651743621816,2404.6824120773886,0.06441857441482976
15910,0.12619440091413647,-2095.590957753369,6463.881312892449,4073.8301477106834,2390.051165181766,0.06459026329403844
15915,0.1262340597453477,-2075.3883691405485,6470.363395117225,4096.504795989356,2373.8585991278687,0.06476061604725826
15920,0.12627371857655892,-2052.006456869715,6475.198199198873,4118.883757658674,2356.3144415401994,0.06492959907850014
15925,0.12631337740777016,-2025.9946939346387,6478.375354271875,4140.7496301860865,2337.6257240857885,0.06509712844591307
15930,0.1263530362389814,-1997.9976287865015,6479.872977359661,4161.897022258635,2317.9759551010256,0.06526305537569377
15935,0.12639269507019263,-1968.7324104884538,6479.664964811476,4182.15599028921,2297.508974522266,0.06542715307942663
15940,0.12643235390140387,-1938.9559860579702,6477.731023868025,4201.410312251402,2276.320711616623,0.06558910616005298
15945,0.12647201273261507,-1909.4226466698515,6474.067391750472,4219.607039962786,2254.460351787686,0.06574850413703957
15950,0.1265116715638263,-1880.833521230621,6468.695861377172,4236.755471984505,2231.9403893926674,0.06590484068979757
15955,0.12655133039503755,-1853.7807693039035,6461.668926182243,4252.915756298121,2208.753169884122,0.06605752002347955
15960,0.12659098922624878,-1828.690663731728,6453.0695715951415,4268.179348887481,2184.8902227076605,0.06620587125222611
15965,0.12663064805746002,-1805.771268126667,6443.0053426021195,4282.645119751483,2160.360222850636,0.06634917088722557
15970,0.12667030688867123,-1784.9715408008774,6431.597564136623,4296.3957032564,2135.2018608802227,0.06648667250794023
15975,0.12670996571988247,-1765.9588686916281,6418.9676969388875,4309.478578767045,2109.489118171842,0.06661764165399381
15980,0.1267496245510937,-1748.1208302775817,6405.22351764133,4321.895365610619,2083.328152030711,0.06674139310564818
15985,0.12678928338230494,-1730.5943501481247,6390.447952695497,4333.601126273796,2056.8468264217017,0.06685732720473034
15990,0.12682894221351615,-1712.321743100496,6374.6929352895195,4344.513434884963,2030.1795004045562,0.0669649618147653
15995,0.12686860104472739,-1692.1292200008102,6357.979688329363,4354.528998849631,2003.4506894797323,0.06706395693713993
16000,0.12690825987593862,-1668.8201245774503,6340.305564613782,4363.5441243008645,1976.7614403129173,0.06715412979914277
16005,0.12694791870714986,-1641.2731908817432,6321.6562555298715,4371.474600517871,1950.1816550120002,0.06723545925250307
16010,0.1269875775383611,-1608.535755249347,6302.021076258973,4378.270791876327,1923.750284382646,0.0673080793884098
16015,0.1270272363695723,-1569.9029737675223,6281.40837016639,4383.924818092529,1897.4835520738616,0.06737226323001448
16020,0.12706689520078354,-1524.9762108147465,6259.857986748614,4388.468435674461,1871.3895510741531,0.06742839810215201
16025,0.12710655403199478,-1473.696301204504,6237.448306006691,4391.96223076594,1845.4860752407512,0.06747695476197427
16030,0.12714621286320602,-1416.3498852268053,6214.296318781243,4394.478569174211,1819.817749607032,0.06751845262324792
16035,0.12718587169441725,-1353.5492314064322,6190.550632363644,4396.082039803871,1794.4685925597723,0.0675534234773139
16040,0.12722553052562846,-1286.187857914807,6166.378685393796,4396.8116148801155,1769.5670705136808,0.06758237606708864
16045,0.1272651893568397,-1215.3758989886187,6141.950635551996,4396.668352172934,1745.2822833790624,0.0676057637472867
16050,0.12730484818805093,-1142.3605725602715,6117.423075733526,4395.611284536555,1721.8117911969712,0.06762395726821085
16055,0.12734450701926217,-1068.4382298507699,6092.925781520428,4393.56244002082,1699.3633414996084,0.06763722442440488
16060,0.1273841658504734,-994.8651539423768,6068.554070468593,4390.420067972208,1678.1340024963847,0.06764571787554548
16065,0.12742382468168462,-922.7743404758339,6044.368182041021,4386.077491170313,1658.2906908707082,0.06764947185707286
16070,0.12746348351289585,-853.1048142608606,6020.3996084553155,4380.443886043986,1639.9557224113296,0.06764840777757188
16075,0.1275031423441071,-786.5486143618164,5996.662835335017,4373.462921789187,1623.19991354583,0.06764234792529081
16080,0.12754280117531833,-723.5185785041799,5973.169803819372,4365.1256210792535,1608.0441827401182,0.0676310357920924
16085,0.12758246000652954,-664.137776067797,5949.943832818106,4355.474937241798,1594.4688955763077,0.06761416099232662
16090,0.12762211883774077,-608.2492548335526,5927.029869404855,4344.601139591426,1582.4287298134295,0.06759138650005236
16095,0.127661777668952,-555.4430479237731,5904.498744483782,4332.6288434357075,1571.869901048074,0.06756237598409326
16100,0.12770143650016325,-505.0963973188914,5882.444430322907,4319.698081968529,1562.746348354378,0.06752681934630415
16105,0.12774109533137448,-456.4229712887568,5860.974844409374,4305.942909921145,1555.0319344882291,0.0674844550623047
16110,0.1277807541625857,-408.52735074664815,5840.198185249974,4291.471466866702,1548.7267183832719,0.06743508845524591
16115,0.12782041299379693,-360.4619132346602,5820.20780382548,4276.351149484685,1543.856654340795,0.0673786054864932
16120,0.12786007182500816,-311.2840459591189,5801.06898201738,4260.601612614205,1540.4673694031753,0.06731498195788006
16125,0.1278997306562194,-260.1120254609077,5782.810619853049,4244.196914773154,1538.6137050798943,0.0672442881889535
16130,0.12793938948743064,-206.17776712720342,5765.423802216,4227.076498294761,1538.3473039212386,0.06716668931163308
16135,0.12797904831864185,-148.87409867125098,5748.867744639303,4209.163134264537,1539.7046103747662,0.06708244138455252
16140,0.12801870714985308,-87.7935982796248,5733.082026691411,4190.384740505852,1542.6972861855584,0.06699188362212306
16145,0.12805836598106432,-22.755785325341094,5718.002657337725,4170.696309319397,1547.3063480183282,0.06689542716936352
16150,0.12809802481227556,46.1801316992337,5703.578677618352,4150.098176834935,1553.4805007834175,0.06679354100191029
16155,0.1281376836434868,118.71860824451369,5689.7858750674495,4128.647527847268,1561.1383472201815,0.06668673564197837
16160,0.128177342474698,194.3472495949659,5676.634789165232,4106.461242902798,1570.1735462624338,0.06657554541988259
16165,0.12821700130590924,272.3707551566358,5664.171393115322,4083.7097450073957,1580.461648107926,0.06646050997937678
16170,0.12825666013712048,351.95626809363876,5652.470377884262,4060.6031164266,1591.8672614576622,0.06650242916566775
16175,0.1282963189683317,432.1862663594743,5641.6225018911055,4037.3721392373186,1604.2503626537869,0.06694863559234353
16180,0.12833597779954292,512.1148880416604,5631.718672244267,4014.247806600952,1617.4708656433145,0.06739495154431922
16185,0.12837563663075416,590.8237174447909,5622.834040454786,3991.443074526041,1631.3909659287451,0.06784360045190502
16190,0.1284152954619654,667.4733245557331,5615.0153117928585,3969.1401133726354,1645.8751984202231,0.06827724223847415
16195,0.12845495429317663,741.3471038565381,5608.273723942786,3947.4851506696814,1660.7885732731047,0.06867539419103723
16200,0.12849461312438787,811.8842368113369,5602.584928265498,3926.591384560338,1675.99354370516,0.06905720891096065
16205,0.12853427195559908,878.6991010743163,5597.8955810419975,3906.5487077966613,1691.3468732453362,0.06941153650303776
16210,0.12857393078681031,941.5853984706614,5594.1351275221905,3887.4374799168763,1706.6976476053142,0.06972980040418617
16215,0.12861358961802155,1000.5047812120188,5591.2303077428805,3869.342655129972,1721.8876526129084,0.07001277444603783
16220,0.1286532484492328,1055.5616993142357,5589.119508256806,3852.3644441754764,1736.7550640813292,0.07026102763867993
16225,0.12869290728044402,1106.9682159389363,5587.764283325007,3836.622422582834,1751.1418607421733,0.07047615532726215
16230,0.12873256611165523,1155.0041580169814,5587.156099023419,3822.2514663961847,1764.9046326272346,0.07066390390990045
16235,0.12877222494286647,1199.9787428003006,5587.317433437581,3809.3897970762205,1777.9276363613603,0.07081753992141124
16240,0.1288118837740777,1242.1994958839132,5588.297551294277,3798.1613340019067,1790.13621729237,0.0709373368266281
16245,0.12885154260528894,1281.9528759002396,5590.164308819457,3788.6560467207614,1801.5082620986955,0.07102355810911831
16250,0.12889120143650015,1319.4988287164483,5592.994026499328,3780.912708432516,1812.0813180668124,0.07107648582869804
16255,0.1289308602677114,1355.078961155194,5596.861672933049,3774.908181873825,1821.9534910592238,0.07109643422901187
16260,0.12897051909892263,1388.9356445354001,5601.8333189637415,3770.556143304164,1831.2771756595776,0.07108375019835689
16265,0.12901017793013386,1421.337547070585,5607.962138835186,3767.716218076745,1840.2459207584411,0.07103880467017622
16270,0.1290498367613451,1452.606107456224,5615.288323640493,3766.21228448963,1849.0760391508634,0.07096198009637279
16275,0.1290894955925563,1483.1373676418862,5623.842338975637,3765.8567015297112,1857.985637445926,0.07085365898899885
16280,0.12912915442376754,1513.4142831828326,5633.6502027018705,3766.4758905380077,1867.1743121638629,0.07071421746393325
16285,0.12916881325497878,1544.0059212748342,5644.739031004059,3767.932357713734,1876.8066732903253,0.07054402611118515
16290,0.12920847208619002,1575.5516051430277,5657.141077017096,3770.138962940336,1887.0021140767599,0.07034345875434024
16295,0.12924813091740125,1608.7298652362756,5670.89485643547,3773.0628544701835,1897.832001965286,0.07011290807652759
16300,0.12928778974861246,1644.213867962099,5686.04263052864,3776.7186313188718,1909.3239992097683,0.06985280590287117
16305,0.1293274485798237,1682.6167120669552,5702.624352931705,3781.1524893779124,1921.471863553793,0.06956364524401087
16310,0.12936710741103494,1724.4315140970007,5720.669008380668,3786.420881500089,1934.248126880579,0.0692460010287134
16315,0.12940676624224617,1769.972404856146,5740.1849106543,3792.568213476179,1947.6166971781213,0.06890054672689108
16320,0.1294464250734574,1819.3232249625298,5761.150852994755,3799.6081261708464,1961.5427268239087,0.068528064691292
16325,0.12948608390466862,1872.3006106457706,5783.509950861751,3807.5120075468362,1975.9979433149151,0.06814520943089118
16330,0.12952574273587986,1928.4371347686465,5807.167595112938,3816.206757389126,1990.9608377238123,0.06773794244435227
16335,0.1295654015670911,1986.9882136698911,5831.994229792636,3825.5818505646475,2006.4123792279888,0.0673067895795347
16340,0.12960506039830233,2046.9638421335512,5857.832824609063,3835.503830554738,2022.328994054325,0.0668528294600938
16345,0.12964471922951354,2107.1833237639266,5884.510094541623,3845.8349076595855,2038.675186882038,0.06637718156616546
16350,0.12968437806072478,2166.348561525043,5911.849883010565,3856.451625951641,2055.3982570589237,0.06588098847505103
16355,0.129724036891936,2223.1296148834576,5939.686782671434,3867.259729090129,2072.4270535813052,0.06536539820888533
16360,0.12976369572314725,2276.255324717381,5967.878067497758,3878.202340967699,2089.675726530059,0.06483154826825561
16365,0.12980335455435849,2324.6017702082104,5996.312331241294,3889.2601535540803,2107.0521776872133,0.06428055252837951
16370,0.1298430133855697,2367.271861900057,6024.913791936261,3900.444128102426,2124.469663833835,0.06371349165966635
16375,0.12988267221678093,2403.660175056251,6053.641914432209,3911.7828659228,2141.859048509409,0.06324582633269336
16380,0.12992233104799217,2433.498023379729,6082.486697312989,3923.3079287816063,2159.178768531383,0.0632517990121384
16385,0.1299619898792034,2456.8748290498625,6111.460556248771,3935.04074284658,2176.4198134021913,0.06323464113802596
16390,0.13000164871041464,2474.2332788548597,6140.588133968854,3946.9842337140462,2193.6039002548077,0.06319368827253732
16395,0.13004130754162585,2486.3377560800745,6169.895538034886,3959.1211336732986,2210.7744043615876,0.06312855587700464
16400,0.1300809663728371,2494.218070143336,6199.40044901855,3971.4192603573288,2227.981188661221,0.0630391506074755
16405,0.13012062520404832,2499.093228924441,6229.104281836931,3983.842372334589,2245.2619095023415,0.06305835710604576
16410,0.13016028403525956,2502.282340248386,6258.987173454854,3996.3638569048194,2262.623316550035,0.06308621471863016
16415,0.13019994286647077,2505.1111020629637,6289.006079625912,4008.9798122672373,2280.026267358675,0.0630906306935641
16420,0.130239601697682,2508.822390395793,6319.0957706404615,4021.7182095876587,2297.377561052803,0.06307168758264825
16425,0.13027926052889324,2514.4982129525883,6349.172100278102,4034.641727005135,2314.530373272967,0.06302961387130038
16430,0.13031891936010448,2522.9981673633674,6379.136649118484,4047.8433190536953,2331.2933300647883,0.06296475039184074
16435,0.13035857819131572,2534.917123460898,6408.8817516797335,4061.4352700841664,2347.446481595567,0.06287751756871626
16440,0.13039823702252692,2550.5626819775844,6438.295009129686,4075.533979204587,2362.761029925099,0.06283067632925207
16445,0.13043789585373816,2569.9513467929,6467.262632438356,4090.243685118243,2377.0189473201135,0.0628765782733954
16450,0.1304775546849494,2592.821290240317,6495.67129621579,4105.642542283763,2390.028753932027,0.0629003094200834
16455,0.13051721351616064,2618.6589053617577,6523.408542163601,4121.773868324796,2401.6346738388047,0.0629014296124482
16460,0.13055687234737187,2646.735828367417,6550.3620890213415,4138.644147687706,2411.7179413336353,0.06287950810880814
16465,0.13059653117858308,2676.152723774812,6576.418633865654,4156.227797396374,2420.19083646928,0.0628341338364691
16470,0.13063619000979432,2705.8859806951427,6601.46283665738,4174.477150940243,2426.985685717137,0.06276492861832415
16475,0.13067584884100555,2734.8337918547463,6625.377152591065,4193.334955671527,2432.0421969195386,0.06294866043191369
16480,0.1307155076722168,2761.859024556934,6648.043017076219,4212.746171174645,2435.2968459015747,0.06313129586083265
16485,0.13075516650342803,2785.8277709368326,6669.343613412989,4232.666109327163,2436.6775040858256,0.06331216340580971
16490,0.13079482533463924,2805.644142415546,6689.168098484201,4253.062902056232,2436.1051964279695,0.0634911096336702
16495,0.13083448416585047,2820.2832316306667,6707.416782713758,4273.913692000499,2433.5030907132586,0.06366805842510476
16500,0.1308741429970617,2828.824700688031,6724.006432110918,4295.19548323228,2428.8109488786376,0.06384300066291032
16505,0.13091380182827295,2830.4888879381037,6738.874667208166,4316.872908430429,2422.0017587777375,0.06401598256455322
16510,0.13095346065948416,2824.6757373840087,6751.982450979785,4338.885968323062,2413.0964826567233,0.06418709325572776
16515,0.1309931194906954,2811.00468797137,6763.313924353829,4361.140905359979,2402.17301899385,0.06435645178516528
16520,0.13103277832190663,2789.351581127439,6772.87334328382,4383.506770161241,2389.366573122579,0.06452419341517251
16525,0.13107243715311787,2759.8773206099672,6780.679505495553,4405.819064427488,2374.8604410680646,0.06469045479438498
16530,0.1311120959843291,2723.0428860264033,6786.758680252445,4427.8903540917945,2358.86832616065,0.06485535759886629
16535,0.1311517548155403,2679.60642127706,6791.137499952111,4449.526258944174,2341.6112410079377,0.06501899043606331
16540,0.13119141364675155,2630.6001676580977,6793.837393467075,4470.544051112953,2323.2933423541226,0.06518138921780164
16545,0.13123107247796278,2577.28741413552,6794.871868249818,4490.790477266287,2304.0813909835315,0.06534251676160362
16550,0.13127073130917402,2521.101793978377,6794.247317548813,4510.155484710376,2284.091832838437,0.0655022429853257
16555,0.13131039014038526,2463.57276375798,6791.967182594579,4528.579266433386,2263.387916161193,0.0656603276105597
16560,0.13135004897159647,2406.2418765043108,6788.038451003605,4546.051296574814,2241.9871544287907,0.06581640766536748
16565,0.1313897078028077,2350.574722011622,6782.478848259749,4562.601554453499,2219.8772938062493,0.06596999215797976
16570,0.13142936663401894,2297.8735079136054,6775.322851934893,4578.2856290750615,2197.0372228598317,0.06612046598635654
16575,0.13146902546523018,2249.1954683213044,6766.624896877553,4593.166562004695,2173.4583348728574,0.06626710441651192
16580,0.13150868429644139,2205.282638256202,6756.458788514241,4607.2968950429595,2149.1618934712815,0.06640909835363976
16585,0.13154834312765262,2166.508765374655,6744.91323888336,4620.704319215449,2124.208919667911,0.06654558928943763
16590,0.13158800195886386,2132.8488264137227,6732.084365036915,4633.383583576345,2098.7007814605704,0.06667571146043726
16595,0.1316276607900751,2103.875410325006,6718.066721451901,4645.2960565793055,2072.7706648725953,0.06679863764976891
16600,0.13166731962128633,2078.784025311958,6702.94481098794,4656.376784913388,2046.568026074552,0.06691362442833786
16605,0.13170697845249754,2056.446452366203,6686.786955002232,4666.547370706281,2020.2395842959513,0.06702005258759258
16610,0.13174663728370878,2035.4881757998323,6669.642923324335,4675.731796608882,1993.911126715453,0.06711745906643227
16615,0.13178629611492002,2014.3833408730502,6651.545936558203,4683.871719282314,1967.6742172758886,0.06720555770025623
16620,0.13182595494613125,1991.5591344068198,6632.5187253219,4690.937862288992,1941.5808630329084,0.0672842474180004
16625,0.1318656137773425,1965.5011350580107,6612.582458470298,4696.934959529135,1915.6474989411627,0.06735360785124135
16630,0.1319052726085537,1934.8518529080566,6591.766718947977,4701.8990689254615,1889.8676500225156,0.06741388349230659
16635,0.13194493143976493,1898.4959590954672,6570.118448289986,4705.88771002058,1864.2307382694062,0.06746545840713197
16640,0.13198459027097617,1855.627162893924,6547.707959885213,4708.9648327471305,1838.7431271380829,0.06750882402099033
16645,0.1320242491021874,1805.7930605086808,6524.630706859339,4711.183765533151,1813.4469413261877,0.0675445426794286
16650,0.13206390793339864,1748.9155326931118,6501.004365086895,4712.571774239434,1788.4325908474611,0.06757320962505667
16655,0.13210356676460985,1685.2855655931976,6476.961772143882,4713.1195855227315,1763.8421866211502,0.06759541582125955
16660,0.1321432255958211,1615.5329074526808,6452.641137936039,4712.778247520827,1739.862890415212,0.0676117137739413
16665,0.13218288442703233,1540.5728339723432,6428.175519184635,4711.4642224473055,1716.7112967373296,0.06762258818703926
16670,0.13222254325824356,1461.5343529498368,6403.683696204029,4709.071935847933,1694.611760356096,0.06762843292992923
16675,0.13226220208945477,1379.676112986373,6379.26426793645,4705.491488104588,1673.772779831862,0.06762953536717031
16680,0.132301860920666,1296.2976696618693,6354.994056299692,4700.628173364697,1654.3658829349943,0.0676260685852199
16685,0.13234151975187725,1212.6542279283144,6330.930942507801,4694.420061625518,1636.5108808822824,0.06761809146424487
16690,0.13238117858308848,1129.8823219648416,6307.120263150567,4686.850255241702,1620.2700079088645,0.06760555594718319
16695,0.13242083741429972,1048.942172291871,6283.60309842359,4677.951453829464,1605.651644594126,0.06758832034448653
16700,0.13246049624551093,970.5799897370039,6260.424371601126,4667.801939898196,1592.62243170293,0.06756616717268758
16705,0.13250015507672216,895.3107699812099,6237.638744456437,4656.513732780427,1581.1250116760102,0.06753882391387336
16710,0.1325398139079334,823.4196809455398,6215.312825943209,4644.215129008185,1571.097696935024,0.06750598519650078
16715,0.13257947273914464,754.9784317856233,6193.523092140745,4631.030875141901,1562.492216998844,0.06746733516792111
16720,0.13261913157035587,689.872256531482,6172.349944526916,4617.063622971369,1555.2863215555471,0.06742256914711446
16725,0.13265879040156708,627.8333087679539,6151.8692750306745,4602.380041606732,1549.489233423942,0.06737141390376958
16730,0.13269844923277832,568.4770650796481,6132.143541228734,4587.0040786719455,1545.1394625567882,0.06731364603938043
16735,0.13273810806398956,511.3393579518556,6113.214532222072,4570.9185519472685,1542.2959802748037,0.06724910794563597
16740,0.1327777668952008,455.912505269288,6095.099677000092,4554.074759715162,1541.0249172849299,0.06717772074600287
16745,0.13281742572641203,401.6794407067082,6077.792979697385,4536.4083911771,1541.3845885202845,0.06709949358143105
16750,0.13285708455762324,348.1447842240964,6061.2706288819945,4517.858942027043,1543.4116868549518,0.06701452866329739
16755,0.13289674338883448,294.8616404023628,6045.500254330956,4498.389274500916,1547.1109798300395,0.06692302172052862
16760,0.1329364022200457,241.45287021971853,6030.451940789948,4478.001993178418,1552.4499476115298,0.06682525778519513
16765,0.13297606105125695,187.6258622611531,6016.1086568207165,4456.749919379563,1559.3587374411536,0.06672160261472758
16770,0.13301571988246816,133.18044661902422,6002.473829682676,4434.739021308051,1567.7348083746256,0.06661249034937497
16775,0.1330553787136794,78.0103574606419,5989.574386120953,4412.123500717544,1577.4508854034093,0.0664984081882279
16780,0.13309503754489063,22.099266056571196,5977.458554841296,4389.094114155669,1588.3644406856274,0.06637987892814451
16785,0.13313469637610187,-34.48735596457391,5966.188867651505,4365.861978370944,1600.3268892805609,0.06663502920339127
16790,0.1331743552073131,-91.61346037519115,5955.831841384963,4342.640869503851,1613.190971881112,0.06707208233231765
16795,0.13321401403852431,-149.08605450211098,5946.446534075396,4319.63123434511,1626.815299730286,0.06752306274839218
16800,0.13325367286973555,-206.6708732244133,5938.07439013502,4297.0087395890905,1641.0656505459292,0.06797369568588937
16805,0.1332933317009468,-264.1096520413503,5930.732480933138,4274.919245947109,1655.8132349860289,0.06839495779862556
16810,0.13333299053215802,-321.13802631608905,5924.411491740855,4253.480766288779,1670.9307254520763,0.06878169629024075
16815,0.13337264936336926,-377.5022678880364,5919.078783423825,4232.791494040967,1686.287289382858,0.06916012661381901
16820,0.13341230819458047,-432.972381691568,5914.685799440283,4212.941660936213,1701.7441385040693,0.0695018648943369
16825,0.1334519670257917,-487.3489684690189,5911.178225445899,4194.026086277668,1717.1521391682318,0.06980773823955266
16830,0.13349162585700294,-540.4619986765506,5908.506818036436,4176.154029583056,1732.3527884533796,0.07007837767668902
16835,0.13353128468821418,-592.1612123139575,5906.636790970074,4159.453448628565,1747.1833423415092,0.07031422374993584
16840,0.1335709435194254,-642.2999084928852,5905.554067881478,4144.067933307277,1761.486134574201,0.07051980950300689
16845,0.13361060235063663,-690.7158570513134,5905.267469047546,4130.146214288391,1775.121254759155,0.07069477764156777
16850,0.13365026118184786,-737.214377760994,5905.806815211736,4117.8258965006125,1787.9809187111232,0.07083543190512337
16855,0.1336899200130591,-781.5588904501265,5907.217794865811,4107.21455225478,1800.003242611031,0.07094204407619327
16860,0.13372957884427034,-823.473325680688,5909.555063766459,4098.372173555761,1811.1828902106981,0.07101490630373514
16865,0.13376923767548154,-862.6588748696877,5912.875299638794,4091.298994029252,1821.576305609542,0.07105435093579987
16870,0.13380889650669278,-898.8250365884846,5917.231782102329,4085.931797158749,1831.29998494358,0.07106075446142947
16875,0.13384855533790402,-931.7322611046802,5922.671562242756,4082.1501855325173,1840.521376710239,0.07103452895458086
16880,0.13388821416911525,-961.2411677386212,5929.235558704209,4079.792234514038,1849.4433241901716,0.07097610629552112
16885,0.1339278730003265,-987.3616724953831,5936.961141714982,4078.676943454114,1858.284198260868,0.07088592097185428
16890,0.1339675318315377,-1010.2946436814236,5945.886119776628,4078.629386442993,1867.256733333635,0.07076439659219654
16895,0.13400719066274894,-1030.458988188796,5956.052666827381,4079.5038075914767,1876.5488592359038,0.07061193973260575
16900,0.13404684949396017,-1048.4983238409418,5967.509698027238,4081.20026566369,1886.3094323635482,0.07042894281511373
16905,0.1340865083251714,-1065.2634782439563,5980.312521240544,4083.671737563852,1896.640783676692,0.07021579580325818
16910,0.13412616715638265,-1081.769762008449,5994.519187318097,4086.920550336878,1907.5986369812185,0.06997290490949437
16915,0.13416582598759386,-1099.1310250683582,6010.183708089975,4090.9851915604627,1919.1985165295123,0.06970071543401896
16920,0.1342054848188051,-1118.475596064833,6027.347049940555,4095.9204726401163,1931.4265773004386,0.0693997353618788
16925,0.13424514365001633,-1140.8519516763504,6046.027388188567,4101.775282796921,1944.2521053916462,0.06907055640880515
16930,0.13428480248122757,-1167.13395456921,6066.211400715042,4108.572525082246,1957.638875632796,0.0687138697370972
16935,0.13432446131243878,-1197.9363373239603,6087.848323151355,4116.295224075386,1971.553099075969,0.06833380632525099
16940,0.13436412014365,-1233.5505000444632,6110.84808817785,4124.881394164389,1985.9666940134603,0.06794066940372633
16945,0.13440377897486125,-1273.908552698285,6135.084204415085,4134.228372562719,2000.8558318523656,0.0675229579154371
16950,0.13444343780607249,-1318.5801001635664,6160.401226709365,4144.205355298326,2016.1958714110388,0.0670816897435013
16955,0.13448309663728372,-1366.8020922902078,6186.625886333292,4154.671234047215,2031.9546522860774,0.06661793320869774
16960,0.13452275546849493,-1417.537916838507,6213.580336193108,4165.493846237477,2048.086489955632,0.0661327920225782
16965,0.13456241429970617,-1469.558586600323,6241.095633486726,4176.56660815086,2064.529025335866,0.06562738976492523
16970,0.1346020731309174,-1521.536923046429,6269.023581874751,4187.819211314952,2081.204370559799,0.06510285538144331
16975,0.13464173196212864,-1572.145232155391,6297.245372059304,4199.220458915064,2098.0249131442397,0.06456031077610751
16980,0.13468139079333988,-1620.1478564626104,6325.6760198652855,4210.773091647989,2114.902928217297,0.06400086106535563
16985,0.1347210496245511,-1664.4816587314476,6354.264290451619,4222.502214416682,2131.7620760349364,0.0634255875465976
16990,0.13476070845576232,-1704.3194083235244,6382.9884876727665,4234.440304221634,2148.548183451133,0.06323468151102903
16995,0.13480036728697356,-1739.1128473119325,6411.8490615917735,4246.612459940439,2165.2366016513342,0.06322509108073716
17000,0.1348400261181848,-1768.613823781388,6440.859359662373,4259.025402271001,2181.8339573913718,0.06319154889745757
17005,0.134879684949396,-1792.8734021311443,6470.0359767324235,4271.662787474939,2198.3731892574842,0.06313354389298646
17010,0.13491934378060724,-1812.2204205545286,6499.390049214566,4284.487879098725,2214.902170115841,0.06305086197910001
17015,0.13495900261181848,-1827.2225440439743,6528.920530437584,4297.452874947104,2231.46765549048,0.06303438355191066
17020,0.13499866144302972,-1838.6342373167836,6558.610044214689,4310.512611329551,2248.097432885138,0.06306705780716097
17025,0.13503832027424095,-1847.3369267885478,6588.423422941161,4323.639323725325,2264.7840992158362,0.06307586208267549
17030,0.13507797910545216,-1854.2766794381832,6618.308578900204,4336.834871642132,2281.473707258072,0.06306087567887894
17035,0.1351176379366634,-1860.4039851859166,6648.199009106798,4350.137397539933,2298.0616115668654,0.063022343444489
17040,0.13515729676787464,-1866.618963742479,6678.017051452791,4363.6206544107135,2314.3963970420773,0.06296064102103313
17045,0.13519695559908587,-1873.723984140252,6707.677018640931,4377.385909276904,2330.291109364027,0.06287623995684521
17050,0.1352366144302971,-1882.384714180152,6737.087523130244,4391.548020289258,2345.5395028409866,0.06278387797115262
17055,0.13527627326150832,-1893.1002050274774,6766.152620553691,4406.218599325704,2359.9340212279867,0.06283234158692229
17060,0.13531593209271955,-1906.1826420446096,6794.771764668374,4421.48980621028,2373.281958458094,0.06285897354558032
17065,0.1353555909239308,-1921.7474951860286,6822.838901808124,4437.422133269846,2385.416768538278,0.06286340251786365
17070,0.13539524975514203,-1939.7145813108095,6850.241269238694,4454.038582811464,2396.20268642723,0.06284525125997713
17075,0.13543490858635326,-1959.8197934959635,6876.8585607129235,4471.3261472556405,2405.532413457283,0.06280414525883339
17080,0.13547456741756447,-1981.6360642822792,6902.56307728595,4489.243825402425,2413.319251883526,0.06273972508511384
17085,0.1355142262487757,-2004.6009068378294,6927.2213122602525,4507.73493850127,2419.486373758982,0.06287316374206678
17090,0.13555388507998695,-2028.047130802293,6950.697161956076,4526.740581843753,2423.9565801123235,0.06305740644169813
17095,0.13559354391119818,-2051.2334410522008,6972.856650108641,4546.210866650819,2426.6457834578214,0.06324043315015856
17100,0.1356332027424094,-2073.3726601649305,6993.573743963042,4566.111203188709,2427.4625407743333,0.0634219433919301
17105,0.13567286157362063,-2093.656957758487,7012.736565434725,4586.422100980101,2426.3144644546237,0.06360170127388139
17110,0.13571252040483187,-2111.2811488697967,7030.253104796266,4607.132526307044,2423.1205784892218,0.06377953257622464
17115,0.1357521792360431,-2125.466228141509,7046.055474453434,4628.2284002442075,2417.8270742092263,0.06395532055061597
17120,0.13579183806725434,-2135.48542794807,7060.101840259062,4649.678994605243,2410.4228456538185,0.06412900071971317
17125,0.13583149689846555,-2140.6941711127333,7072.375462017633,4671.424532057666,2400.9509299599677,0.06430055463834458
17130,0.13587115572967678,-2140.5636396840737,7082.880749323854,4693.368108661067,2389.512640662787,0.06447000225770262
17135,0.13591081456088802,-2134.7158402386235,7091.636826664227,4715.374183668458,2376.262642995769,0.06463739233250837
17140,0.13595047339209926,-2122.9565790585384,7098.669683668369,4737.274518684501,2361.3951649838673,0.06480279030029938
17145,0.1359901322233105,-2105.3020603283408,7104.004413254285,4758.880889871525,2345.12352338276,0.06496626326936611
17150,0.1360297910545217,-2081.9949931425117,7107.659172141344,4780.002469899658,2327.6567022416866,0.06512786215775195
17155,0.13606944988573294,-2053.5069676593075,7109.64225122991,4800.464773998776,2309.1774772311337,0.06528760157301775
17160,0.13610910871694418,-2020.5251096113511,7109.953027452779,4820.126688420594,2289.8263390321845,0.06544543863010821
17165,0.1361487675481554,-1983.9223331547819,7108.586699921875,4838.8924220049785,2269.6942779168967,0.06560125247738913
17170,0.13618842637936662,-1944.7117274661796,7105.541792856149,4856.7161736594335,2248.8256191967157,0.0657548267364097
17175,0.13622808521057786,-1903.986770783873,7100.828672031037,4873.598697420704,2227.2299746103326,0.06590583725609282
17180,0.1362677440417891,-1862.8503214389243,7094.476974513343,4889.576495580096,2204.9004789332466,0.06605384744690763
17185,0.13630740287300033,-1822.3368012636056,7086.540004367855,4904.705773962855,2181.8342304049993,0.0661983129407532
17190,0.13634706170421157,-1783.3335804012509,7077.09478226163,4919.044277523464,2158.0505047381657,0.06633859642652105
17195,0.13638672053542278,-1746.5089561022696,7066.237410743894,4932.634497391901,2133.6029133519924,0.06647399233182781
17200,0.13642637936663402,-1712.2547771534396,7054.074498282002,4945.4914291973855,2108.583069084617,0.06660375973318855
17205,0.13646603819784525,-1680.6512066328905,7040.7123176926225,4957.597125848244,2083.1151918443784,0.06672716070811752
17210,0.1365056970290565,-1651.4590993760162,7026.245942077433,4968.902906765716,2057.3430353117174,0.06684350052077996
17215,0.13654535586026773,-1624.1421752961523,7010.7506771272665,4979.338530211167,2031.4121469160991,0.06695216572383804
17220,0.13658501469147893,-1597.9171962460673,6994.277678799881,4988.82621573206,2005.4514630678214,0.06705265652114381
17225,0.13662467352269017,-1571.8265571374236,6976.854804902526,4997.296409782707,1979.5583951198187,0.06714461050491595
17230,0.1366643323539014,-1544.8249085017446,6958.492676040759,5004.701830080329,1953.7908459604296,0.06722781599186345
17235,0.13670399118511264,-1515.8701621979362,6939.19483855032,5011.0266876348605,1928.1681509154596,0.06730221441680108
17240,0.13674365001632388,-1484.0095664791252,6918.970052909286,5016.289004496518,1902.6810484127682,0.06736789238438624
17245,0.1367833088475351,-1448.4531237464612,6897.8442573439825,5020.535413141445,1877.3088442025373,0.06742506486728901
17250,0.13682296767874633,-1408.628885153038,6875.869781457608,5023.829432770252,1852.0403486873556,0.06747405159237804
17255,0.13686262650995756,-1364.2170226370326,6853.129911735839,5026.235626834736,1826.8942849011037,0.06751524888219208
17260,0.1369022853411688,-1315.1616797608476,6829.737838352936,5027.802954668355,1801.934883684581,0.06754909919115687
17265,0.13694194417238,-1261.6613212884045,6805.830152847516,5028.550845865426,1777.27930698209,0.06757606039970393
17270,0.13698160300359125,-1204.1397084885148,6781.556181565344,5028.461005416989,1753.0951761483548,0.06759657669970914
17275,0.13702126183480248,-1143.2008463787838,6757.065292999018,5027.476812106064,1729.588480892954,0.06761105267504969
17280,0.13706092066601372,-1079.5723337058334,6732.494722490784,5025.510641762008,1706.9840807287756,0.06761983195290766
17285,0.13710057949722496,-1014.0424227954791,6707.960322945269,5022.457845784242,1685.502477161027,0.06762318153650179
17290,0.13714023832843616,-947.3965893692839,6683.55199936739,5018.214769043547,1665.337230323843,0.06762128258099198
17295,0.1371798971596474,-880.3593300161783,6659.334555966835,5012.697369760083,1646.6371862067517,0.06761422791871707
17300,0.13721955599085864,-813.5461370237012,6635.353500474606,5005.856868394725,1629.4966320798812,0.06760202610259694
17305,0.13725921482206987,-747.4291898132697,6611.644271017864,4997.689423995182,1613.9548470226828,0.06758461119052724
17310,0.1372988736532811,-682.3184612357727,6588.2426151500695,4988.237993079982,1600.0046220700879,0.06756185703891161
17315,0.13733853248449232,-618.3580027232724,6565.193622471878,4977.586030687077,1587.6075917848011,0.06753359460120699
17320,0.13737819131570356,-555.5355189753677,6542.557243986972,4965.844244612784,1576.7129993741883,0.06749963068424336
17325,0.1374178501469148,-493.70227680946846,6520.408951275509,4953.1329110467095,1567.2760402287995,0.06745976678359576
17330,0.13745750897812603,-432.6000609468547,6498.835315924048,4939.563062532581,1559.2722533914666,0.06741381692224686
17335,0.13749716780933727,-371.892230338477,6477.925473892094,4925.220031898729,1552.7054419933647,0.0673616237464867
17340,0.13753682664054848,-311.19668515720787,6457.76041483663,4910.152366776284,1547.608048060346,0.0673030723927685
17345,0.1375764854717597,-250.11935514391007,6438.402581506078,4894.368124243552,1544.0344572625254,0.0672381017805811
17350,0.13761614430297095,-188.28730922615523,6419.888251791745,4877.83921042643,1542.0490413653142,0.06716671302427142
17355,0.1376558031341822,-125.38056416865311,6402.224602372442,4860.512993405161,1541.7116089672809,0.06708897465685604
17360,0.1376954619653934,-61.161181192899676,6385.392340349298,4842.32914443484,1543.0631959144584,0.06700502440238852
17365,0.13773512079660463,4.502434358520077,6369.353559743667,4823.2387714130255,1546.1147883306412,0.06691506737551875
17370,0.13777477962781587,71.61856847891704,6354.063306575974,4803.222547599875,1550.840758976099,0.06681937082892517
17375,0.1378144384590271,140.06498828379063,6339.482483877124,4782.304760786933,1557.1777230901907,0.06671825585657304
17380,0.13785409729023834,209.593078208939,6325.589392114658,4760.560964992328,1565.02842712233,0.0666120867081703
17385,0.13789375612144955,279.84352738469715,6312.38746241826,4738.118068417831,1574.2693940004292,0.06650125850216172
17390,0.1379334149526608,350.372196882513,6299.907545141649,4715.14703247107,1584.7605126705794,0.06638618411216644
17395,0.13797307378387202,420.68346456920426,6288.204284727195,4691.849651258367,1596.354633468828,0.06639031200508734
17400,0.13801273261508326,490.2675733756587,6277.347379468601,4668.4419013483885,1608.9054781202121,0.06683017738202524
17405,0.1380523914462945,558.6383731684919,6267.409605901544,4645.1369143572065,1622.2726915443372,0.06727559727779749
17410,0.1380920502775057,625.3681897027027,6258.45414370755,4622.130621031601,1636.3235226759498,0.06772372396752578
17415,0.13813170910871694,690.117097071593,6250.523832460033,4599.592531795108,1650.9313006649254,0.06816234212931384
17420,0.13817136793992818,752.654373032975,6243.634521814677,4577.663046767869,1665.9714750468083,0.06856550028274433
17425,0.13821102677113942,812.8703069319895,6237.773764006703,4556.457317936755,1681.3164460699472,0.0689484888786679
17430,0.13825068560235063,870.7769296384658,6232.90495642642,4536.074279690775,1696.8306767356444,0.06930795919712457
17435,0.13829034443356186,926.496876615905,6228.975926844606,4516.608311129128,1712.3676157154778,0.06963113887479395
17440,0.1383300032647731,980.2406685932374,6225.930100990058,4498.160353530404,1727.7697474596544,0.06991873020369091
17445,0.13836966209598434,1032.2742033483241,6223.7179702597305,4480.845347120609,1742.872623139121,0.07017124256698279
17450,0.13840932092719557,1082.8799568690365,6222.306654706728,4464.793602973263,1757.5130517334655,0.07038926951078378
17455,0.13844897975840678,1132.3168684207526,6221.685891023491,4450.145060805286,1771.540830218205,0.07058062348730089
17460,0.13848863858961802,1180.7846729339512,6221.869628276135,4437.0370329354355,1784.8325953406993,0.07073741771966603
17465,0.13852829742082926,1228.3982257938233,6222.893384144519,4425.587640331292,1797.3057438132264,0.07085992612446139
17470,0.1385679562520405,1275.1760787285048,6224.808383930277,4415.8783383773625,1808.9300455529146,0.07094843238786848
17475,0.13860761508325173,1321.0454319767673,6227.6740890706,4407.939411329047,1819.7346777415523,0.07100325780688016
17480,0.13864727391446294,1365.8630360581783,6231.550909403731,4401.7419374436995,1829.8089719600312,0.07102477243792717
17485,0.13868693274567417,1409.4491503149216,6236.4946659263005,4397.19853529949,1839.2961306268107,0.07101339148761346
17490,0.1387265915768854,1451.629727114887,6242.553803173162,4394.173432019338,1848.380371153824,0.0709695614339386
17495,0.13876625040809665,1492.2808617935634,6249.769588229716,4392.500427742554,1857.2691604871616,0.07089374158941064
17500,0.13880590923930788,1531.3693135720846,6258.17875687471,4392.00560976937,1866.1731471053408,0.07078638674006406
17505,0.1388455680705191,1568.9834735863733,6267.817450056128,4392.530591980203,1875.286858075925,0.07064793538369109
17510,0.13888522690173033,1605.350339212739,6278.724956489519,4393.951875705965,1884.7730807835542,0.07047880635225609
17515,0.13892488573294157,1640.8356298553986,6290.945803271972,4396.192695932963,1894.7531073390091,0.0702794046698726
17520,0.1389645445641528,1675.9259663349962,6304.529103145971,4399.225261230139,1905.303841915832,0.07005013573506254
17525,0.139004203395364,1711.1939118512073,6319.524691710364,4403.063270484851,1916.4614212255128,0.06979142557197486
17530,0.13904386222657525,1747.2485526082269,6335.976336065209,4407.74655759928,1928.2297784659286,0.06950374408867026
17535,0.13908352105778649,1784.6760815692855,6353.913009869095,4413.32125359183,1940.5917562772647,0.06918762802432672
17540,0.13912317988899772,1823.9763754254427,6373.339757403646,4419.819649814723,1953.5201075889236,0.06884370050273465
17545,0.13916283872020896,1865.5025796391633,6394.229897516398,4427.243853866722,1966.9860436496756,0.06847268473843643
17550,0.13920249755142017,1909.4109619693318,6416.520194987461,4435.556401608283,1980.9637933791782,0.06808607989797419
17555,0.1392421563826314,1955.6275471015606,6440.110172429292,4444.679445878175,1995.430726551117,0.06767951334244783
17560,0.13928181521384264,2003.836268343145,6464.866039673143,4454.5023236250845,2010.3637160480584,0.06724882881673741
17565,0.13932147404505388,2053.4907835740155,6490.628918420671,4464.895590642285,2025.7333277783855,0.06679505319594607
17570,0.13936113287626511,2103.8491558377846,6517.22629521998,4475.728355848155,2041.497939371825,0.06631926078845798
17575,0.13940079170747632,2154.0278637716256,6544.485088042945,4486.885191873967,2057.5998961689775,0.06582255843982522
17580,0.13944045053868756,2203.069582613969,6572.244459019562,4498.279143204268,2073.965315815294,0.06530607057672375
17585,0.1394801093698988,2250.018120313107,6600.366584360855,4509.858327604855,2090.5082567560003,0.06477092559036914
17590,0.13951976820111003,2293.9937524105744,6628.743972724857,4521.60510978797,2107.1388629368867,0.0642182444913639
17595,0.13955942703232124,2334.26268326764,6657.302520397095,4533.528491612125,2123.7740287849692,0.06364913222152976
17600,0.13959908586353248,2370.2951232744886,6686.000186086087,4545.65184709552,2140.348338990567,0.06319359966351144
17605,0.13963874469474372,2401.8073037604527,6714.821831668224,4557.999110133698,2156.822721534526,0.06319053379883335
17610,0.13967840352595495,2428.7836837588907,6743.771296248699,4570.582785686721,2173.1885105619785,0.06316420480181904
17615,0.1397180623571662,2451.476850883543,6772.86207410638,4583.396647310611,2189.4654267957685,0.06311395241600008
17620,0.1397577211883774,2470.384401344893,6802.108022612471,4596.4148238758935,2205.693198736578,0.06303939877153024
17625,0.13979738001958864,2486.204416785491,6831.515349271216,4609.597432744221,2221.917916526995,0.06299082985532124
17630,0.13983703885079987,2499.7737362639364,6861.07676899924,4622.901341595358,2238.175427403882,0.06303212798769763
17635,0.1398766976820111,2511.995488440189,6890.768259059776,4636.293401267898,2254.474857791878,0.06304954676695486
17640,0.13991635651322235,2523.763690615235,6920.548355966274,4649.762876659924,2270.7854793063507,0.06304301392747892
17645,0.13995601534443355,2535.89274107807,6950.359520826884,4663.329957406209,2287.029563420675,0.0630126454080616
17650,0.1399956741756448,2549.0583294459207,6980.130817189634,4677.048120690609,2303.0826964990256,0.06295871339915461
17655,0.14003533300685603,2563.7540710730113,7009.781041791219,4690.999537325216,2318.781504466003,0.06288161223863338
17660,0.14007499183806726,2580.2656728213706,7039.221530535875,4705.284325018082,2333.937205517793,0.06278182496191101
17665,0.1401146506692785,2598.662264006379,7068.358097293343,4720.005877919742,2348.3522193736017,0.0628068231542504
17670,0.1401543095004897,2618.803028123477,7097.0918878433995,4735.255401639976,2361.836486203423,0.06283886757125538
17675,0.14019396833170095,2640.356463193491,7125.319266631007,4751.098946561806,2374.220320069201,0.06284833336057023
17680,0.14023362716291218,2662.829250270243,7152.931126531217,4767.569624852914,2385.3615016783033,0.06283489088917248
17685,0.14027328599412342,2685.6015396791563,7179.812171052635,4784.666467387536,2395.145703665099,0.0627982234263615
17690,0.14031294482533463,2707.965329518313,7205.840745086502,4802.359821121734,2403.4809239647675,0.06273803514426737
17695,0.14035260365654587,2729.162586121313,7230.8896942973915,4820.601674332575,2410.288019964816,0.0628046432819006
17700,0.1403922624877571,2748.420067930703,7254.828543743308,4839.338180907687,2415.4903628356205,0.06298639892271238
17705,0.14043192131896834,2764.9786695511802,7277.527039922327,4858.521192471634,2419.005847450693,0.06316707123035604
17710,0.14047158015017958,2778.1165098723227,7298.859832841289,4878.115899208462,2420.743933632827,0.06334643318848517
17715,0.14051123898139078,2787.1666726879716,7318.711818907265,4898.102650221069,2420.6091686861964,0.06352431905412194
17720,0.14055089781260202,2791.5319751035713,7336.983455230316,4918.472439186108,2418.511016044208,0.06370061765783572
17725,0.14059055664381326,2790.6998574704644,7353.595230122835,4939.217069468552,2414.3781606542834,0.0638752645050609
17730,0.1406302154750245,2784.260118166018,7368.490475632882,4960.316304232496,2408.1741714003865,0.06404823333973525
17735,0.14066987430623573,2771.92676871874,7381.635871683915,4981.725073206385,2399.91079847753,0.0642195275034505
17740,0.14070953313744694,2753.563150216749,7393.019328856332,5003.363885420332,2389.6554434360005,0.06438917103968049
17745,0.14074919196865818,2729.207278109591,7402.64541613896,5025.114978638313,2377.530437500647,0.06455719916352434
17750,0.1407888507998694,2699.0928511041448,7410.5290374484775,5046.825563372585,2363.7034740758927,0.06472364754151592
17755,0.14082850963108065,2663.660948814604,7416.688530675807,5068.318047156414,2348.370483519393,0.0648885398634741
17760,0.14086816846229186,2623.5582651365226,7421.139626779684,5089.405663731056,2331.7339630486276,0.06505187344895447
17765,0.1409078272935031,2579.619502612072,7423.891654802308,5109.9107834118895,2313.9808713904185,0.06521360307759118
17770,0.14094748612471433,2532.833741891328,7424.94697352381,5129.682577968287,2295.264395555523,0.06537362379404052
17775,0.14098714495592557,2484.2966048293288,7424.30391005382,5148.610775412748,2275.693134641072,0.06553175402177976
17780,0.1410268037871368,2435.151430831976,7421.962641565685,5166.63295250539,2255.329689060295,0.06568772082225074
17785,0.14106646261834802,2386.523377166105,7417.932679161481,5183.734031948135,2234.198647213346,0.06584114945058163
17790,0.14110612144955925,2339.4505301091854,7412.2401148258095,5199.9381352281525,2212.301979597657,0.06599155938812074
17795,0.1411457802807705,2294.8161239424167,7404.932724728354,5215.294399166506,2189.6383255618475,0.06613836870241133
17800,0.14118543911198173,2253.286099965853,7396.081427188413,5229.859509778548,2166.2219174098645,0.06628090787461413
17805,0.14122509794319296,2215.256558392124,7385.777388735774,5243.680317632322,2142.0970711034524,0.06641844319431603
17810,0.14126475677440417,2180.8159432380403,7374.125070279812,5256.779853889753,2117.3452163900583,0.06655020858784251
17815,0.1413044156056154,2149.72665495938,7361.232467619355,5269.14937068495,2092.083096934405,0.06667544352352842
17820,0.14134407443682664,2121.4298305025986,7347.2004969026375,5280.747814081798,2066.452682820839,0.06679343365758163
17825,0.14138373326803788,2095.0751215397986,7332.113743965255,5291.508636458311,2040.6051075069436,0.06690355034728843
17830,0.14142339209924912,2069.574643798263,7316.034576443068,5301.352362851828,2014.6822135912398,0.06700528517745137
17835,0.14146305093046033,2043.6773796385805,7299.0019585649015,5310.2021437879075,1988.799814776994,0.06709827621638251
17840,0.14150270976167156,2016.057838052067,7281.035352513617,5317.998902885623,1963.0364496279944,0.06718232371984412
17845,0.1415423685928828,1985.4112431509175,7262.1430383189545,5324.712761694291,1937.4302766246637,0.06725739423628571
17850,0.14158202742409404,1950.5471612282918,7242.333255153426,5330.348195437242,1911.985059716184,0.06732361331050933
17855,0.14162168625530525,1910.4741577211344,7221.625954507199,5334.941691816125,1886.6842626910739,0.06738124804142788
17860,0.14166134508651648,1864.469416596511,7200.062791381268,5338.552279018625,1861.5105123626427,0.06743068149902777
17865,0.14170100391772772,1812.1288204481093,7177.713305109003,5341.246821836451,1836.466483272552,0.06747238141010685
17870,0.14174066274893896,1753.3944817521365,7154.675997756573,5343.0831285168215,1811.592869239752,0.06750686562471694
17875,0.1417803215801502,1688.558066199717,7131.074054481742,5344.094420534787,1786.979633946955,0.06753466676771637
17880,0.1418199804113614,1618.2395816113185,7107.0465527883225,5344.2784844361495,1762.768068352173,0.06755629826350694
17885,0.14185963924257264,1543.342805084215,7082.736942763292,5343.593899285587,1739.1430434777049,0.06757222367015886
17890,0.14189929807378387,1464.9902781908786,7058.281144995603,5341.964309868901,1716.3168351267022,0.0675828309963126
17895,0.1419389569049951,1384.4427148209074,7033.797679512331,5339.2900897487625,1694.5075897635688,0.06758841337955657
17900,0.14197861573620635,1303.0094415926987,7009.3817864084795,5335.465242443303,1673.916543965176,0.06758915713504274
17905,0.14201827456741756,1221.9577211292572,6985.104619363707,5330.396325621176,1654.7082937425303,0.06758513770574451
17910,0.1420579333986288,1142.42912213013,6961.017475282013,5324.019763698512,1636.9977115835009,0.06757632346815176
17915,0.14209759222984003,1065.370298202949,6937.159911116662,5316.314217479666,1620.8456936369967,0.06756258672676682
17920,0.14213725106105127,991.4836795228821,6913.5697385274225,5307.305637505204,1606.2641010222187,0.0675437206631025
17925,0.1421769098922625,921.2009872859899,6890.29247149171,5297.064041615657,1593.2284298760533,0.06751946059332527
17930,0.1422165687234737,854.6796496881707,6867.387927828806,5285.692640883517,1581.695286945289,0.06748950770691818
17935,0.14225622755468495,791.8196729154834,6844.932330386936,5273.311379815874,1571.6209505710622,0.06745355352193816
17940,0.1422958863858962,732.2967416483752,6823.015279587276,5260.037983600284,1562.9772959869924,0.06741130354969394
17945,0.14233554521710742,675.6065137915084,6801.732151678327,5245.970035532434,1555.7621161458928,0.06736249901405567
17950,0.14237520404831863,621.1151905979996,6781.173553541407,5231.17138057678,1550.0021729646269,0.06730693580878404
17955,0.14241486287952987,568.1122102833378,6761.414191621149,5215.665329309227,1545.7488623119225,0.06724448012243532
17960,0.1424545217107411,515.8619292330268,6742.503720095079,5199.4358871220775,1543.0678329730017,0.06717508029548434
17965,0.14249418054195234,463.65204083340905,6724.461765726349,5182.436791321038,1542.0249744053108,0.06709877453901321
17970,0.14253383937316358,410.8370160581944,6707.278455918594,5164.60676273626,1542.671693182334,0.06701569421330333
17975,0.1425734982043748,356.8750361798657,6690.920588166842,5145.888307561136,1545.0322806057065,0.06692606250558797
17980,0.14261315703558602,301.3569232073496,6675.342333433222,5126.2468194103485,1549.0955140228734,0.06683018858454381
17985,0.14265281586679726,244.02572793006402,6660.498340624294,5105.6867235842965,1554.8116170399971,0.06672845761303918
17990,0.1426924746980085,184.78609928659807,6646.356537819404,5084.261966805105,1562.0945710142996,0.06662131729584185
17995,0.14273213352921973,123.70333595852117,6632.907943765131,5062.079180362107,1570.828763403024,0.06650926184337451
18000,0.14277179236043094,60.992921290268896,6620.171414746771,5039.2931486758,1580.8782660709712,0.066392814296853
