step,time_s,vortex_signal_pa,p_upstream_pa,p_downstream_pa,pressure_drop_pa,max_lattice_velocity
30000,0.08923237022526934,-5075.194249195118,7990.040881723633,4470.541988595094,3519.498893128539,0.0799603079782382
30005,0.08924724228697355,-5072.117116664602,8024.826976430411,4502.567262640601,3522.25971378981,0.07990096597533643
30010,0.08926211434867776,-5069.0449700453955,8059.768029946315,4533.625187917265,3526.1428420290504,0.07980559874471974
30015,0.08927698641038197,-5065.813784120593,8094.817977660206,4563.547160049593,3531.2708176106134,0.07970702056864161
30020,0.08929185847208619,-5062.122948328999,8129.912290499756,4592.163891277998,3537.7483992217576,0.07970557269549826
30025,0.0893067305337904,-5057.531634704524,8164.971219948158,4619.312409990877,3545.658809957281,0.07966817795235456
30030,0.08932160259549461,-5051.469754569842,8199.904703964268,4644.844375421044,3555.0603285432244,0.07959368993222662
30035,0.08933647465719882,-5043.261331466469,8234.61863807368,4668.635273282256,3565.983364791424,0.0794813887897744
30040,0.08935134671890303,-5032.156388447054,8269.022043815497,4690.593803724703,3578.428240090794,0.07944642037300301
30045,0.08936621878060724,-5017.3665510243845,8303.034550884655,4710.670622741317,3592.363928143338,0.07943664772258195
30050,0.08938109084231145,-4998.099658945649,8336.593565284646,4728.865561287475,3607.72800399717,0.07938852528745317
30055,0.08939596290401566,-4973.589703205287,8369.660519537501,4745.232509879661,3624.4280096578404,0.07930101341527462
30060,0.08941083496571987,-4943.120092681774,8402.225673558936,4759.881296872788,3642.3443766861483,0.0791806604392538
30065,0.08942570702742408,-4906.040181980929,8434.311032230764,4772.976083246032,3661.3349489847315,0.07920163463295211
30070,0.0894405790891283,-4861.776671704613,8465.971050125834,4784.730029447954,3681.2410206778804,0.07918264579344482
30075,0.08945545115083252,-4809.842504961537,8497.290900696731,4795.396250930691,3701.89464976604,0.07912230183588738
30080,0.08947032321253673,-4749.845998102484,8528.38220630152,4805.255360527878,3723.1268457736414,0.0790198316992474
30085,0.08948519527424094,-4681.502187069739,8559.376273692324,4814.600186146938,3744.776087545386,0.07894954715984454
30090,0.08950006733594515,-4604.64701472546,8590.415069835284,4823.718532270107,3766.696537565177,0.07896047898893647
30095,0.08951493939764936,-4519.253450019378,8621.64040235032,4832.875097019069,3788.7653053312515,0.07892821899889961
30100,0.08952981145935357,-4425.447349470729,8653.182013430138,4842.293832583633,3810.888180846505,0.07885177398791082
30105,0.08954468352105778,-4323.520163609935,8685.145513083547,4852.142117092346,3833.0033959912016,0.07873095470813853
30110,0.08955955558276199,-4213.9355892139465,8717.601215998518,4862.51806969175,3855.083146306769,0.07870722748755483
30115,0.0895744276444662,-4097.327916231685,8750.574962256029,4873.442178900441,3877.132783355588,0.07870442968018646
30120,0.08958929970617041,-3974.490920484116,8784.041872880965,4884.854132652124,3899.187740228842,0.07865593124607412
30125,0.08960417176787462,-3846.3574459033443,8817.923724342445,4896.615356570189,3921.308367772256,0.0786292234031429
30130,0.08961904382957885,-3713.971040112946,8852.090259182296,4908.517317316535,3943.572941865761,0.07869507514580773
30135,0.08963391589128306,-3578.451942169732,8886.364341832814,4920.295172476086,3966.069169356728,0.07874780165795472
30140,0.08964878795298727,-3440.9602377490937,8920.530485199335,4931.645894654941,3988.884590544394,0.07878746130818821
30145,0.08966366001469148,-3302.6590552673947,8954.345971833634,4942.249611665293,4012.0963601683416,0.07881411730884395
30150,0.08967853207639569,-3164.6803282666056,8987.553609836084,4951.792625051215,4035.76098478487,0.07887941050861212
30155,0.0896934041380999,-3028.0950242393383,9019.895108407374,4959.990419764188,4059.904688643186,0.07895062946007683
30160,0.08970827619980411,-2893.889011967385,9051.124118021573,4966.608966078686,4084.5151519428873,0.07902052893042108
30165,0.08972314826150832,-2762.9450822082244,9081.018126245568,4971.482734931087,4109.535391314481,0.07907938988481056
30170,0.08973802032321253,-2636.031173570781,9109.388596115448,4974.528086750558,4134.86050936489,0.07917142915504825
30175,0.08975289238491674,-2513.7946230672987,9136.088944603243,4975.751036280871,4160.337908322373,0.079262590198888
30180,0.08976776444662095,-2396.7621991571277,9161.020155783724,4975.248823995035,4185.771331788689,0.07934253084167114
30185,0.08978263650832517,-2285.3456582492504,9184.133987960682,4973.205212286324,4210.928775674358,0.07941117208064484
30190,0.08979750857002938,-2179.8524589834146,9205.433857662998,4969.879930827552,4235.553926835446,0.0794684516921106
30195,0.0898123806317336,-2080.5009915396263,9224.973566612114,4965.593164587945,4259.38040202417,0.07953128627299016
30200,0.0898272526934378,-1987.4392387625744,9242.854088048905,4960.706348563198,4282.1477394857075,0.07962329366098957
30205,0.08984212475514201,-1900.7652695801557,9259.218656958481,4955.600755138119,4303.617901820362,0.0797034404654323
30210,0.08985699681684622,-1820.5474977011377,9274.246425474237,4950.65541043516,4323.591015039077,0.07977159748912357
30215,0.08987186887855043,-1746.842335904952,9288.144957377637,4946.225768281687,4341.91918909595,0.07982766168763339
30220,0.08988674094025464,-1679.706818664667,9301.141847459074,4942.624348924525,4358.517498534548,0.07987155816843962
30225,0.08990161300195885,-1619.2040018769762,9313.475762139127,4940.10427484629,4373.371487292838,0.07993774124304498
30230,0.08991648506366307,-1565.3995076781684,9325.387204750063,4938.846364489857,4386.540840260206,0.08001617895835617
30235,0.08993135712536728,-1518.3484781287875,9337.109309290847,4938.950213083698,4398.159096207149,0.0800814181258682
30240,0.0899462291870715,-1478.0734077281409,9348.858957936302,4940.429507344177,4408.429450592124,0.08013334937233622
30245,0.08996110124877571,-1444.534741064359,9360.82849873888,4943.211673653378,4417.616825085502,0.08017191476491256
30250,0.08997597331047992,-1417.5975519035464,9373.178310548825,4947.1418218238505,4426.036488724974,0.08019711317074504
30255,0.08999084537218413,-1396.9987889273198,9386.030423116004,4951.99079690884,4434.0396262071645,0.08024144350857193
30260,0.09000571743388834,-1382.320186974473,9399.46335443391,4957.466982716276,4441.996371717634,0.08029871605411025
30265,0.09002058949559255,-1372.971773324628,9413.508279979242,4963.231324024641,4450.2769559546,0.08034149249037885
30270,0.09003546155729676,-1368.1898633562264,9428.146607558547,4968.914873146606,4459.231734411941,0.08036988654265252
30275,0.09005033361900097,-1367.0516456818636,9443.309006215663,4974.1380431429225,4469.17096307274,0.08038410579163417
30280,0.09006520568070518,-1368.5061896879797,9458.875935028858,4978.530674501231,4480.345260527627,0.08038445600072085
30285,0.09008007774240939,-1371.4193710706013,9474.67973827492,4981.751986362672,4492.927751912247,0.08037894271521528
30290,0.0900949498041136,-1374.628224499576,9490.50840778022,4983.509466836302,4506.998940943919,0.08040934183247712
30295,0.09010982186581783,-1376.9989365712077,9506.111141600635,4983.575740468143,4522.535401132493,0.08042539481455116
30300,0.09012469392752204,-1377.4822717895809,9521.20582455774,4981.802432514748,4539.403392042991,0.0804275905371318
30305,0.09013956598922625,-1375.1606908499634,9535.48849714224,4978.130052833125,4557.358444309115,0.08045489846052523
30310,0.09015443805093046,-1369.282636283957,9548.644752985558,4972.592991646082,4576.051761339476,0.0804905535182889
30315,0.09016931011263467,-1359.2811945007898,9560.362818034919,4965.318904590723,4595.043913444196,0.0805131618316381
30320,0.09018418217433888,-1344.776322976909,9570.347842357265,4956.52209625495,4613.825746102315,0.08053443727004536
30325,0.09019905423604309,-1325.5617831031013,9578.336717345952,4946.490983225689,4631.845734120263,0.08059108614258056
30330,0.0902139262977473,-1301.5795918668273,9584.11255948044,4935.570278085361,4648.542281395079,0.08063412944458274
30335,0.09022879835945151,-1272.885994260716,9587.517911203393,4924.139097433851,4663.378813769542,0.08066389024316839
30340,0.09024367042115572,-1239.6135299403322,9588.465718162797,4912.586658981525,4675.879059181272,0.08068069906937582
30345,0.09025854248285993,-1201.9336865125333,9586.947248901202,4901.287508205235,4685.659740695967,0.08068490029351341
30350,0.09027341454456415,-1160.0239669051853,9583.036310181975,4890.57825454604,4692.458055635935,0.08067686075311394
30355,0.09028828660626836,-1114.0421070416105,9576.889350464411,4880.737600038681,4696.15175042573,0.08065697850145104
30360,0.09030315866797257,-1064.1088696267398,9568.74130553694,4871.971054092036,4696.770251444904,0.08065880326912338
30365,0.09031803072967678,-1010.2995280762407,9558.897298753007,4864.401220680142,4694.496078072865,0.08067035666559827
30370,0.090332902791381,-952.6430379305348,9547.72054723275,4858.063999820632,4689.656547412118,0.08066924674640942
30375,0.0903477748530852,-891.1271284940849,9535.61703712644,4852.910534119801,4682.706503006639,0.08065602029834376
30380,0.09036264691478942,-825.7072338747566,9523.017713159787,4848.814301001285,4674.203412158502,0.08063127687129742
30385,0.09037751897649363,-756.3173399751358,9510.359078109366,4845.582426291524,4664.776651817842,0.08059565414648244
30390,0.09039239103819784,-682.8813733867901,9498.06320976425,4842.970081448354,4655.093128315896,0.08054981030434015
30395,0.09040726309990205,-605.3245219454129,9486.518263278589,4840.696721633223,4645.821541645366,0.08049589421387686
30400,0.09042213516160626,-523.5846131602457,9476.060518871163,4838.462917683328,4637.597601187836,0.08053014317590547
30405,0.09043700722331048,-437.6241481945335,9466.958945079543,4835.966622485908,4630.9923225936345,0.08055088132277043
30410,0.09045187928501469,-347.44364149281955,9459.403073660957,4832.917878478952,4626.485195182005,0.08055859890206277
30415,0.0904667513467189,-253.0965341855608,9453.494737888619,4829.05120067476,4624.443537213859,0.0805537900869774
30420,0.09048162340842311,-154.7052650250289,9449.243941945708,4824.135136725308,4625.1088052203995,0.08053694458444376
30425,0.09049649547012732,-52.47732832627571,9446.568846005406,4817.978787628065,4628.590058377341,0.08050854379640564
30430,0.09051136753183153,53.280424024727836,9445.299609636,4810.435345242367,4634.864264393634,0.08046906034633755
30435,0.09052623959353574,162.15118376074315,9445.185664058938,4801.402943245883,4643.782720813055,0.08045584328490837
30440,0.09054111165523995,273.6030098397796,9445.905891760507,4790.823306565956,4655.082585194551,0.08045531085035522
30445,0.09055598371694416,386.990201740643,9447.081170369458,4778.678804140067,4668.402366229391,0.08044380096163738
30450,0.09057085577864837,501.56156035517415,9448.288762143373,4764.988549425998,4683.300212717375,0.0804219421652717
30455,0.09058572784035258,616.475090083838,9449.078070477026,4749.8041485003605,4699.273921976665,0.0803903350927702
30460,0.09060059990205681,730.8180881784865,9448.987313763204,4733.205573686101,4715.781740077103,0.08034953877704418
30465,0.09061547196376102,843.6312289024263,9447.560669099823,4715.297460370687,4732.263208729136,0.08030005750971701
30470,0.09063034402546523,953.935178646695,9444.365412079425,4696.205915761328,4748.159496318098,0.08024232847036775
30475,0.09064521608716944,1060.7583952806444,9439.008534857301,4676.075726587875,4762.9328082694265,0.08022847741091976
30480,0.09066008814887365,1163.1649583475491,9431.152280901919,4655.06769335261,4776.084587549309,0.08025187454333872
30485,0.09067496021057786,1260.2814457934173,9420.528010180047,4633.355728983074,4787.172281196973,0.08026347992545504
30490,0.09068983227228207,1351.321962914435,9406.947817537657,4611.123354246244,4795.824463291413,0.08026351288923567
30495,0.09070470433398628,1435.610441385461,9390.313376320804,4588.55930113034,4801.754075190464,0.08025208693416311
30500,0.09071957639569049,1512.5993036434502,9370.621567059387,4565.852085530934,4804.769481528452,0.08022921047414092
30505,0.0907344484573947,1581.8835882094054,9347.966568619151,4543.183608810741,4804.78295980841,0.08019479722730438
30510,0.09074932051909891,1643.20970099831,9322.538224309852,4520.722063559311,4801.816160750541,0.08014868480040567
30515,0.09076419258080314,1696.478117358317,9294.61663613012,4498.614616629098,4796.002019501022,0.08010679180754908
30520,0.09077906464250735,1741.7396075821562,9264.563078639914,4476.980485031179,4787.582593608735,0.08010798454413502
30525,0.09079393670421156,1779.1848796342201,9232.807457842342,4455.905074367294,4776.902383475048,0.08009711249228824
30530,0.09080880876591577,1809.127909344712,9199.832673039056,4435.435794466505,4764.396878572551,0.08009816841676244
30535,0.09082368082761998,1831.9836474956837,9166.156375705908,4415.580002773296,4750.576372932613,0.08009924651754786
30540,0.09083855288932419,1848.241244230746,9132.31076050355,4396.305277917134,4736.005482586415,0.08008358677031055
30545,0.0908534249510284,1858.4344001846002,9098.821163495937,4377.5419405613875,4721.27922293455,0.08005121082886248
30550,0.09086829701273261,1863.1109117180604,9066.184366428577,4359.187474055266,4706.996892373311,0.08000217882707167
30555,0.09088316907443682,1862.8038705073595,9034.847592154327,4341.112307206466,4693.735284947861,0.0799365785462857
30560,0.09089804113614103,1858.0072206252244,9005.189203406859,4323.166340441409,4682.022862965449,0.0799009746301428
30565,0.09091291319784524,1849.1583597844165,8977.50207036646,4305.185631947565,4672.316438418895,0.07988835893522508
30570,0.09092778525954946,1836.630088230174,8951.980449188026,4286.998790867563,4664.981658320463,0.07986050493658639
30575,0.09094265732125367,1820.7333957001792,8928.711024822418,4268.432808546306,4660.278216276112,0.07981770519175799
30580,0.09095752938295788,1801.7313594324887,8907.668538769454,4249.318246139009,4658.350292630445,0.079780538144589
30585,0.0909724014446621,1779.8629435953626,8888.716172743196,4229.493843048364,4659.222329694831,0.07974667021756054
30590,0.0909872735063663,1755.3739810982133,8871.610618262566,4208.8106873577335,4662.799930904833,0.07969417024781797
30595,0.09100214556807051,1728.5513691751767,8856.011549408433,4187.136089952239,4668.875459456194,0.0796232888581988
30600,0.09101701762977472,1699.755778029834,8841.495042419803,4164.357242081717,4677.137800338086,0.07953429121137223
30605,0.09103188969147893,1669.4481175729024,8827.570354648531,4140.384638958995,4687.185715689536,0.07942745319335397
30610,0.09104676175318314,1638.2056521208406,8813.69938397111,4115.155150095906,4698.544233875205,0.07933745798565407
30615,0.09106163381488735,1606.724882681492,8799.31807262995,4088.6345346276585,4710.683538002292,0.07929514335234278
30620,0.09107650587659157,1575.8099183438999,8783.858990249855,4060.8191493432887,4723.0398409065665,0.07923807009250985
30625,0.09109137793829579,1546.3467782509815,8766.774323025425,4031.7365799719983,4735.037743053427,0.07916660777415055
30630,0.09110625,1519.2656651767647,8747.558503324095,4001.444938862786,4746.11356446131,0.07909780926479398
30635,0.09112112206170421,1495.494545754971,8725.76972945156,3970.030612907436,4755.739116544124,0.07903989416159807
30640,0.09113599412340842,1475.9082469475215,8701.049642956292,3937.604318894595,4763.445324061697,0.07896486665950786
30645,0.09115086618511263,1461.2776855133388,8673.140446971875,3904.295438283228,4768.845008688646,0.07887291675591222
30650,0.09116573824681684,1452.2237923452258,8641.898765224782,3870.244765645237,4771.653999579545,0.07876416447536608
30655,0.09118061030852105,1449.1802209095458,8607.305565718301,3835.5960093378894,4771.709556380412,0.07863865589366567
30660,0.09119548237022526,1452.3681114440014,8569.47152044723,3800.4866063656777,4768.984914081553,0.07853148270000851
30665,0.09121035443192947,1461.785113543926,8528.637260640051,3765.0386161072397,4763.598644532811,0.07842563856036658
30670,0.09122522649363368,1477.2096540323419,8485.168132151679,3729.3505908463626,4755.817541305316,0.07830017331064427
30675,0.09124009855533789,1498.2201794138382,8439.54326678127,3693.4913403243586,4746.05192645691,0.078202320878997
30680,0.09125497061704212,1524.227899358656,8392.339060509486,3657.4963864696106,4734.842674039875,0.07811543444787357
30685,0.09126984267874633,1554.5204957443057,8344.207474725934,3621.3676449267405,4722.8398297991935,0.0780145671862097
30690,0.09128471474045054,1588.3134183411767,8295.849926095723,3585.0765040695346,4710.773422026188,0.07793396373907774
30695,0.09129958680215475,1624.8048319816826,8247.987871622578,3548.570055914341,4699.417815708237,0.07784729405829584
30700,0.09131445886385896,1663.230060342652,8201.331491370176,3511.7798337254862,4689.55165764469,0.07774427408449533
30705,0.09132933092556317,1702.9114989331201,8156.548087507222,3474.632091321004,4681.915996186218,0.07762469069649582
30710,0.09134420298726738,1743.3004041196946,8114.231926730286,3437.058465869989,4677.173460860297,0.07748833928964224
30715,0.09135907504897159,1784.007618819243,8074.877235840873,3399.0058228166313,4675.871413024242,0.07739567520965114
30720,0.0913739471106758,1824.8210671108495,8038.855912151145,3360.444187823369,4678.411724327776,0.07749240607637044
30725,0.09138881917238001,1865.708664616422,8006.401239475032,3321.3719054559197,4685.029334019112,0.07756771906023817
30730,0.09140369123408422,1906.8061324131008,7977.598526892229,3281.8174924616387,4695.78103443059,0.07762035816839319
30735,0.09141856329578844,1948.3901078680287,7952.383141271037,3241.838031311826,4710.545109959211,0.07764915870163969
30740,0.09143343535749265,1990.837969045398,7930.545922914267,3201.5143305087454,4729.031592405521,0.07765306428054516
30745,0.09144830741919686,2034.576940506789,7911.7454977424795,3160.9434171985836,4750.8020805438955,0.07763114177836757
30750,0.09146317948090107,2080.026247938183,7895.526570792079,3120.229187772556,4775.297383019522,0.07758259386108932
30755,0.09147805154260528,2127.5371606522517,7881.342942335405,3079.4721989839863,4801.870743351418,0.0775067689322194
30760,0.0914929236043095,2177.336468398235,7868.583759082927,3038.7596278677324,4829.824131215195,0.07757726865015814
30765,0.0915077956660137,2229.4790577315202,7856.601415650245,2998.1563718022517,4858.4450438479935,0.07768009462435047
30770,0.09152266772771792,2283.8146497115795,7844.739557164433,2957.698120662749,4887.041436501684,0.07775916263928585
30775,0.09153753978942213,2339.9724458173678,7832.359788433371,2917.3870358167446,4914.972752616626,0.07781352429552132
30780,0.09155241185112634,2397.3655676476815,7818.865941050407,2877.1904378299287,4941.675503220478,0.07784233302566358
30785,0.09156728391283055,2455.215048877953,7803.725051143838,2837.042652139451,4966.682399004387,0.07784484531808732
30790,0.09158215597453477,2512.591069392536,7786.484518253419,2796.849900821847,4989.634617431572,0.07782042169241388
30795,0.09159702803623898,2568.467403016688,7766.78521366794,2756.4978704334662,5010.287343234474,0.0777685280126894
30800,0.09161190009794319,2621.78388233675,7744.370555420729,2715.8613473954383,5028.509208025291,0.07768873757468087
30805,0.0916267721596474,2671.511153546785,7719.091748200114,2674.815117715197,5044.276630484917,0.07758073418942212
30810,0.09164164422135161,2716.712083715402,7690.909492753042,2633.245204798686,5057.664287954356,0.07763275869948182
30815,0.09165651628305582,2756.5947998618103,7659.89250569704,2591.0594920389526,5068.833013658088,0.07771778046853209
30820,0.09167138834476003,2790.5533531656574,7626.213171551505,2548.196857389585,5078.01631416192,0.07777905842709924
30825,0.09168626040646424,2818.1932719914203,7590.140595696448,2504.634128376975,5085.506467319474,0.077815554336384
30830,0.09170113246816845,2839.3406648077835,7552.031263695933,2460.3904217724116,5091.640841923521,0.07782627567203836
30835,0.09171600452987266,2854.0349461879705,7512.317461058949,2415.5287223188675,5096.788738740082,0.07781029285777259
30840,0.09173087659157687,2862.5065919250287,7471.49358427402,2370.154834123469,5101.338750150551,0.07776675673114118
30845,0.0917457486532811,2865.1424985889084,7430.100487455952,2324.414065474143,5105.686421981809,0.07769491523672488
30850,0.09176062071498531,2862.4424508702195,7388.708060032364,2278.486153172591,5110.221906859773,0.07759412847314087
30855,0.09177549277668952,2854.9708148677078,7347.896314694377,2232.5789815555545,5115.3173331388225,0.0775856461844052
30860,0.09179036483839373,2843.3078210817653,7308.235373084846,2186.921606479824,5121.3137666050225,0.07768941323747375
30865,0.09180523690009794,2828.0046536108457,7270.264859726756,2141.756974039957,5128.5078856867985,0.07776797429413122
30870,0.09182010896180215,2809.546044045024,7234.473341817981,2097.3345599466297,5137.138781871352,0.07781976953522184
30875,0.09183498102350636,2788.3232510125245,7201.278571475807,2053.9029898895296,5147.375581586278,0.07784331888558106
30880,0.09184985308521057,2764.619295746188,7171.009383027003,2011.7025771235521,5159.306805903451,0.07783724416563799
30885,0.09186472514691478,2738.607235827436,7143.890153883336,1970.9576659840436,5172.932487899292,0.07780028992088103
30890,0.09187959720861899,2710.3611911199628,7120.028735890772,1931.868716227871,5188.160019662901,0.07773134257289672
30895,0.0918944692703232,2679.87885121871,7099.408690481316,1894.6041960199918,5204.804494461324,0.07762944763372341
30900,0.09190934133202742,2647.1133225596504,7081.886508832407,1859.2925403791198,5222.593968453288,0.07766253164967737
30905,0.09192421339373164,2612.0114312446995,7067.194271872073,1826.0146298141167,5241.179642057956,0.07777067889484622
30910,0.09193908545543585,2574.555006256865,7054.947920820794,1794.7973994388294,5260.150521381965,0.07784870752161205
30915,0.09195395751714006,2534.8012719040944,7044.660993164207,1765.6092602968786,5279.051732867329,0.07789480777387567
30920,0.09196882957884427,2492.918345996956,7035.763362500297,1738.3579799767995,5297.405382523498,0.07790732737466856
30925,0.09198370164054848,2449.212048051759,7027.624232986046,1712.8915317435728,5314.732701242473,0.07788479658862353
30930,0.09199857370225269,2404.140826803516,7019.57840254907,1689.002205192973,5330.5761973560975,0.07782595109918125
30935,0.0920134457639569,2358.316626716214,7010.954635779757,1666.4340162626434,5344.520619517114,0.07784325504334252
30940,0.09202831782566111,2312.4908644510247,7001.104879681969,1644.8932027157455,5356.211676966223,0.07787160271786284
30945,0.09204318988736532,2267.526236361032,6989.433008436811,1624.0613779770115,5365.3716304598,0.07789435511320143
30950,0.09205806194906954,2224.3566248494976,6975.4217898744355,1603.610761424269,5371.811028450166,0.07791131200466958
30955,0.09207293401077375,2183.9386907079593,6958.656821486553,1583.2208095298365,5375.436011956716,0.07792598050396662
30960,0.09208780607247796,2147.19963346308,6938.846286892495,1562.5955271905354,5376.250759701959,0.0779548042364649
30965,0.09210267813418217,2114.9859454389316,6915.835538119971,1541.4807214320895,5374.354816687881,0.07797701053604364
30970,0.09211755019588638,2088.017745195874,6889.6157188520265,1519.6804492677222,5369.9352695843045,0.07799233847485482
30975,0.0921324222575906,2066.8525158207885,6860.325908964655,1497.071893871036,5363.254015093619,0.07800053042272398
30980,0.0921472943192948,2051.860932153239,6828.248583364647,1473.617876399453,5354.630706965194,0.07800134584769498
30985,0.09216216638099901,2043.216122890472,6793.798520968671,1449.3761856344167,5344.422335334255,0.07801731154926958
30990,0.09217703844270322,2040.8963711587112,6757.505647364757,1424.5049049075853,5333.000742457172,0.07802706249113694
30995,0.09219191050440743,2044.7000776087998,6719.992618350516,1399.2629603731848,5320.729657977331,0.07802867178350296
31000,0.09220678256611164,2054.2709054952948,6681.948224285867,1374.0052289434077,5307.942995342459,0.07802211847674005
31005,0.09222165462781587,2069.1304393268965,6644.097897042512,1349.1717429391597,5294.926154103352,0.07800746986649253
31010,0.09223652668952008,2088.715392593879,6607.172722529411,1325.2708165596619,5281.901905969749,0.07800051897540919
31015,0.09225139875122429,2112.416327661869,6571.878402810892,1302.8562915902846,5269.022111220607,0.07799520530433623
31020,0.0922662708129285,2139.6149294915326,6538.865581207136,1282.499542617596,5256.36603858954,0.07798228479909203
31025,0.09228114287463271,2169.7170623067573,6508.702853498228,1264.757372720619,5243.945480777609,0.07796221599137357
31030,0.09229601493633692,2202.1791407347164,6481.853649567167,1250.1374362137685,5231.716213353398,0.07793550908860823
31035,0.09231088699804113,2236.5258076501377,6458.657989367903,1239.0632993199806,5219.594690047922,0.07791140166993703
31040,0.09232575905974534,2272.3575763008007,6439.319897371674,1231.8416329160657,5207.478264455609,0.07789985233257493
31045,0.09234063112144955,2309.3479731721663,6423.901000876477,1228.6342542641441,5195.266746612333,0.07788300640264431
31050,0.09235550318315376,2347.230755695427,6412.320542520761,1229.4377282869864,5182.882814233774,0.07786130421275812
31055,0.09237037524485797,2385.778860516634,6404.361715361431,1234.07295016026,5170.288765201171,0.0778350946393362
31060,0.0923852473065622,2424.7777178440006,6399.683898029253,1242.1865380977426,5157.497359931511,0.07781030705947725
31065,0.0924001193682664,2463.996310838131,6397.8400533287395,1253.2649893814244,5144.575063947315,0.07780503676184312
31070,0.09241499142997062,2503.159773414822,6398.298284982575,1266.661462159853,5131.636822822722,0.0777952917409604
31075,0.09242986349167483,2541.9273608830226,6400.466350805504,1281.6338497051017,5118.832501100402,0.07778101486058028
31080,0.09244473555337904,2579.8792839497523,6403.717825480053,1297.3916493545798,5106.326176125473,0.0777621005695827
31085,0.09245960761508325,2616.515166910141,6407.418600179059,1313.148140587634,5094.270459591425,0.07774226091862403
31090,0.09247447967678746,2651.2657773818614,6410.952494637442,1328.1737086270207,5082.778786010422,0.07774456555795016
31095,0.09248935173849167,2683.5182034182008,6413.744922917771,1341.8458827623006,5071.89904015547,0.07774110900418754
31100,0.09250422380019588,2712.652912737526,6415.283771263921,1353.691854649095,5061.591916614826,0.07773181540139111
31105,0.09251909586190009,2738.08930719937,6415.136884690398,1363.4198930020527,5051.716991688345,0.07771668253705599
31110,0.0925339679236043,2759.3347772453085,6412.965789069896,1370.937105554752,5042.028683515145,0.07769578648164506
31115,0.09254883998530852,2776.0312185836415,6408.535474158783,1376.3522892415904,5032.183184917192,0.07769416072801484
31120,0.09256371204701273,2787.992814272078,6401.720216940093,1379.9639917634267,5021.756225176667,0.07769213708063803
31125,0.09257858410871694,2795.2297834431693,6392.505531825127,1382.235211578214,5010.270320246913,0.07768382992993092
31130,0.09259345617042115,2797.9546981691497,6380.986402744612,1383.7572420680656,4997.229160676547,0.07766950435593613
31135,0.09260832823212536,2796.570569719043,6367.361996470451,1385.2059201146355,4982.1560763558155,0.07764943318710467
31140,0.09262320029382957,2791.6427114095086,6351.927092288656,1387.2939287990937,4964.633163489562,0.07765123935582692
31145,0.09263807235553378,2783.8588315171824,6335.060502388771,1390.7228414428143,4944.3376609459565,0.07769343952943182
31150,0.092652944417238,2773.9833996555417,6317.210805318346,1396.1383308580218,4921.072474460324,0.07772760654393483
31155,0.0926678164789422,2762.812755027736,6298.879770402844,1404.0914726442804,4894.788297758563,0.07775346060689778
31160,0.09268268854064642,2751.136631176446,6280.6039092428755,1415.008415809032,4865.595493433843,0.0777707759447324
31165,0.09269756060235063,2739.7099614053955,6262.934646924581,1429.1699424559793,4833.764704468602,0.07777938785745384
31170,0.09271243266405485,2729.2364023401083,6246.41765963544,1446.7016480326336,4799.716011602806,0.07777919716863405
31175,0.09272730472575906,2720.3624750440813,6231.571980298583,1467.574697747237,4763.997282551346,0.07777017198134528
31180,0.09274217678746327,2713.679073980532,6218.869534051832,1491.6164040767756,4727.253129975056,0.07775234681118655
31185,0.09275704884916748,2709.7257332800937,6208.715832057242,1518.5292715285802,4690.186560528661,0.0777638906492653
31190,0.09277192091087169,2708.992696813076,6201.432618318927,1547.9167046717553,4653.515913647172,0.07786193250054937
31195,0.0927867929725759,2711.9165453047676,6197.243313541612,1579.3132942187856,4617.930019322826,0.0779557529249063
31200,0.09280166503428011,2718.86673523192,6196.262108478797,1612.2174836606705,4584.044624818127,0.07804561364220253
31205,0.09281653709598432,2730.122599597626,6198.487500778812,1646.1244574900822,4552.36304328873,0.07813172933615266
31210,0.09283140915768853,2745.8427605017228,6203.800923573078,1680.5572512945898,4523.243672278488,0.07821426181056357
31215,0.09284628121939274,2766.0310895045104,6211.97087319819,1715.094331214347,4496.876541983843,0.07829331576345928
31220,0.09286115328109695,2790.504936694133,6222.662616799276,1749.392197551491,4473.270419247785,0.07836893500414502
31225,0.09287602534280118,2818.872029891304,6235.453174968823,1783.2019158802004,4452.251259088623,0.0784470333511974
31230,0.09289089740450539,2850.522052396698,6249.850870862491,1816.3788581536737,4433.472012708818,0.0785285484170569
31235,0.0929057694662096,2884.637442954834,6265.318363333177,1848.885339069946,4416.433024263231,0.07861742063081543
31240,0.09292064152791381,2920.2256110838907,6281.29778461865,1880.7862500769056,4400.511534541745,0.07873498194673915
31245,0.09293551358961802,2956.171871363441,6297.236421590706,1912.2382087393676,4384.998212851338,0.07884737791938876
31250,0.09295038565132223,2991.3094188656087,6312.611338077599,1943.473130290295,4369.138207787304,0.07895422472418714
31255,0.09296525771302644,3024.500054161146,6326.951441929648,1974.7774608113584,4352.17398111829,0.07905508075108905
31260,0.09298012977473065,3054.71750438416,6339.855744003391,2006.4685569828546,4333.387187020537,0.07914945421574633
31265,0.09299500183643486,3081.1243217442952,6351.00691019892,2038.8698310218285,4312.137079177091,0.07923681605095095
31270,0.09300987389813907,3103.133558858034,6360.179631091016,2072.2862885690097,4287.893342522006,0.07931661793260518
31275,0.09302474595984328,3120.4476698121603,6367.243776007953,2106.9819741909278,4260.261801817025,0.07938831461820765
31280,0.0930396180215475,3133.069220598709,6372.162706336337,2143.16062218011,4229.002084156227,0.079478321575652
31285,0.09305449008325171,3141.280812816479,6374.987448587099,2180.950520657485,4194.036927929614,0.0795863221607361
31290,0.09306936214495592,3145.594896241694,6375.847638340914,2220.394273308582,4155.453365032332,0.07969419058787905
31295,0.09308423420666014,3146.6775966614327,6374.940229780074,2261.443823085338,4113.496406694736,0.07979220816873953
31300,0.09309910626836435,3145.253989302755,6372.51693410064,2303.9608146126634,4068.556119487977,0.07988014099913408
31305,0.09311397833006856,3142.005022745725,6368.871235023586,2347.7221302870394,4021.149104736547,0.07995787706189617
31310,0.09312885039177277,3137.4681299468593,6364.325672015396,2392.4302364616838,3971.895435553712,0.08002543236224892
31315,0.09314372245347698,3131.9540699766517,6359.2199199994975,2437.7278061404313,3921.492113859066,0.08008295139186852
31320,0.09315859451518119,3125.4914624926205,6353.900052438663,2483.2159256809523,3870.6841267577106,0.0801386215542679
31325,0.0931734665768854,3117.8077509506356,6348.7092573011405,2528.475033979958,3820.2342233211825,0.08023027982966766
31330,0.09318833863858961,3108.3511718945697,6343.980169911523,2573.0875851903756,3770.8925847211476,0.08032925449910217
31335,0.09320321070029383,3096.3532040160876,6340.028872249777,2616.661285816725,3723.367586433052,0.08041936554413076
31340,0.09321808276199804,3080.9256248839797,6337.1504691750815,2658.851659004234,3678.2988101708474,0.08050103226512394
31345,0.09323295482370225,3061.181515631667,6335.615988467538,2699.3826589899713,3636.2333294775667,0.08057472968578246
31350,0.09324782688540646,3036.366069316254,6335.670184912909,2738.0641157572545,3597.606069155654,0.08064096698534234
31355,0.09326269894711067,3005.9814247045706,6337.529697240876,2774.8049393546603,3562.7247578862157,0.08070047152842798
31360,0.09327757100881488,2969.890215222565,6341.380954518155,2809.621245800579,3531.759708717576,0.08077126694950845
31365,0.0932924430705191,2928.385015983322,6347.377289378855,2842.6388605287857,3504.738428850069,0.08085549450903366
31370,0.0933073151322233,2882.215013048201,6355.634899007674,2874.0899828001957,3481.5449162074783,0.08096341203401686
31375,0.09332218719392751,2832.566403703994,6366.227580436854,2904.304126559437,3461.9234538774167,0.08106496243639232
31380,0.09333705925563172,2780.9985320327296,6379.180505956648,2933.6937650920427,3445.486740864605,0.0811601983613683
31385,0.09335193131733593,2729.3428260739365,6394.463633189042,2962.735380357079,3431.7282528319633,0.08124910078219841
31390,0.09336680337904016,2679.575592066539,6411.985599300876,2991.9468419799614,3420.0387573209146,0.08133157305188636
31395,0.09338167544074437,2633.6781995764527,6431.589083237761,3021.8622101944998,3409.726873043261,0.08141794506950345
31400,0.09339654750244858,2593.4989708099874,6453.048613698579,3053.005170127631,3400.043443570948,0.08150192595900685
31405,0.09341141956415279,2560.6302228557947,6476.071661827397,3085.86236221062,3390.209299616777,0.08157802632786762
31410,0.093426291625857,2536.3116492963804,6500.303616219141,3120.857876434955,3379.445739784186,0.08166676021946287
31415,0.09344116368756121,2521.3679350604743,6525.3369345513165,3158.3301287985128,3367.0068057528038,0.0817712660424391
31420,0.09345603574926542,2516.1846003011415,6550.724440999065,3198.512240861013,3352.212200138052,0.08186671139859061
31425,0.09347090781096963,2520.7219961450865,6575.99642239682,3241.516905567093,3334.479516829727,0.08195263189022715
31430,0.09348577987267384,2534.5635291878707,6600.680887302309,3287.3265553775086,3313.3543319248006,0.08202860555109917
31435,0.09350065193437805,2556.990922412353,6624.326098113211,3335.789463445504,3288.5366346677065,0.08210553583294754
31440,0.09351552399608226,2587.0769159352776,6646.524268639852,3386.6222112512605,3259.902057388592,0.08217328004467497
31445,0.09353039605778649,2623.7844877565553,6666.935139490979,3439.4187430944057,3227.5163963965733,0.08222985110353614
31450,0.0935452681194907,2666.0615606225124,6685.308007786241,3493.6659845886807,3191.642023197561,0.08227509198982204
31455,0.0935601401811949,2712.9212674141572,6701.500710669023,3548.7657087054636,3152.735001963559,0.08230892101285261
31460,0.09357501224289912,2763.5000424110103,6715.494066425388,3604.0619743033085,3111.4320921220797,0.08236817272830303
31465,0.09358988430460333,2817.088812917653,6727.400389728916,3658.873042096375,3068.527347632541,0.08242187043362931
31470,0.09360475636630754,2873.136002061486,6737.464943029328,3712.526222911139,3024.9387201181894,0.08246884074818567
31475,0.09361962842801175,2931.2244973781358,6746.059576802309,3764.3936924139734,2981.665884388335,0.0825121422756793
31480,0.09363450048971596,2991.0278018168337,6753.66833816034,3813.9269935987745,2939.7413445615653,0.08254442414440959
31485,0.09364937255142017,3052.252949591584,6760.8654534107645,3860.687822304982,2900.1776311057824,0.08256582171865551
31490,0.09366424461312438,3114.5792075043773,6768.286751238415,3904.3728109499307,2863.913940288484,0.08257650860117348
31495,0.09367911667482859,3177.6019364441636,6776.596206156961,3944.83041273742,2831.765793419541,0.08257668477296273
31500,0.09369398873653281,3240.790178622571,6786.449759892595,3982.0686165559637,2804.381143336631,0.08256656371174421
31505,0.09370886079823702,3303.4645950425197,6798.458849817889,4016.253018931616,2782.205830886273,0.0825547971806487
31510,0.09372373285994123,3364.799489143338,6813.156098486929,4047.695635958408,2765.4604625285215,0.08255673325653154
31515,0.09373860492164544,3423.849183075211,6830.965397912326,4076.835632213299,2754.129765699027,0.08256568002982034
31520,0.09375347698334965,3479.5954861297037,6852.1781986113165,4104.213761310569,2747.9644373007477,0.08256490451059255
31525,0.09376834904505386,3531.0100041815062,6876.937259154378,4130.44267256764,2746.4945865867376,0.08255438306839835
31530,0.09378322110675807,3577.123114869157,6905.2285130613,4156.175308583362,2749.0532044779384,0.08253407545933526
31535,0.09379809316846228,3617.090900595849,6936.881146627391,4182.073423432419,2754.807723194972,0.08250392257128183
31540,0.0938129652301665,3650.2522133783195,6971.575512127235,4208.777863274067,2762.7976488531676,0.08247131958200997
31545,0.0938278372918707,3676.1700532135965,7008.858153716469,4236.881772049276,2771.976381667193,0.0824284881526758
31550,0.09384270935357492,3694.654058759804,7048.1629952574995,4266.907419797094,2781.2555754604055,0.08237523060020079
31555,0.09385758141527914,3705.7635452160607,7088.837603818807,4299.286982954049,2789.5506208647585,0.0823134669883991
31560,0.09387245347698335,3709.792678573931,7130.173361580411,4334.347378796222,2795.8259827841894,0.08224421475477248
31565,0.09388732553868756,3707.2407572909624,7171.438315198018,4372.299169175462,2799.139146022556,0.08216381094427536
31570,0.09390219760039177,3698.771146348766,7211.91139930379,4413.2295638052055,2798.6818354985844,0.08207301044441588
31575,0.09391706966209598,3685.1623602277787,7250.91664101237,4457.099611686138,2793.817029326232,0.08200269985671549
31580,0.09393194172380019,3667.254434034467,7287.855854635756,4503.74571050063,2784.1101441351266,0.08192258581593091
31585,0.0939468137855044,3645.8933820630673,7322.238255442927,4552.88554384996,2769.3527115929664,0.08183098534769506
31590,0.09396168584720861,3621.8764520731647,7353.705392913155,4604.1284562485,2749.5769366646555,0.08172783508841759
31595,0.09397655790891282,3595.901113779525,7382.049864562083,4656.9901034279765,2725.0597611341063,0.0816131330824195
31600,0.09399142997061703,3568.5211701675444,7407.226452756432,4710.910997723814,2696.315455032618,0.08148693621647622
31605,0.09400630203232124,3540.1138144688953,7429.354648573136,4765.27834029223,2664.0763082809062,0.0813493549049558
31610,0.09402117409402547,3510.861579195949,7448.711990325942,4819.450326511918,2629.2616638140234,0.08120054567314011
31615,0.09403604615572968,3480.7526744762176,7465.718230117026,4872.781951228352,2592.9362788886738,0.0810407024418449
31620,0.09405091821743389,3449.6020437384614,7480.911007900205,4924.65123765058,2556.259770249625,0.08087004737104479
31625,0.0940657902791381,3417.093591934926,7494.914398213607,4974.484769121604,2520.429629092003,0.08068919036990277
31630,0.09408066234084231,3382.841648957435,7508.402326922867,5021.781412866599,2486.6209140562687,0.08049896764116127
31635,0.09409553440254652,3346.467132957482,7522.059358183573,5066.133184648946,2455.926173534627,0.08029879816771394
31640,0.09411040646425073,3307.681458040076,7536.5416573521325,5107.242310112864,2429.299347239268,0.08008896275006278
31645,0.09412527852595494,3266.369377920239,7552.440993627922,5144.933690693889,2407.507302934033,0.07986973555736109
31650,0.09414015058765915,3222.6610142412283,7570.254432505402,5179.162176335051,2391.092256170351,0.07965022486725766
31655,0.09415502264936336,3176.9835385582137,7590.361888889588,5210.014276460314,2380.347612429274,0.07943697379651758
31660,0.09416989471106757,3130.084481266349,7613.013004964519,5237.7041917592915,2375.308813205227,0.07921468363482663
31665,0.0941847667727718,3083.0213752091786,7638.323949231931,5262.564304915988,2375.7596443159428,0.07898362458207836
31670,0.094199638834476,3037.1161491918137,7666.283793781225,5285.030511093674,2381.2532826875504,0.07874407832750019
31675,0.09421451089618021,2993.8769117772663,7696.769218685814,5305.622986438832,2391.1462322469815,0.07849633894384245
31680,0.09422938295788442,2954.8939125333036,7729.565520765185,5324.923181641477,2404.6423391237086,0.0782407129675669
31685,0.09424425501958864,2921.719905678934,7764.391364262944,5343.54799202088,2420.843372242064,0.077977518401864
31690,0.09425912708129285,2895.747330552707,7800.924474981694,5362.122202885062,2438.802272096633,0.07770708247952265
31695,0.09427399914299706,2878.095329467721,7838.825582880954,5381.250441031463,2457.575141849491,0.07742973810512223
31700,0.09428887120470127,2869.5185782142103,7877.758351669153,5401.489970922216,2476.2683807469366,0.07714581896315387
31705,0.09430374326640548,2870.347407975145,7917.403740505598,5423.32573433475,2494.0780061708474,0.07685565334678461
31710,0.09431861532810969,2880.465161944691,7957.468123981596,5447.14901280051,2510.3191111810866,0.07655955685170499
31715,0.0943334873898139,2899.324685738335,7997.685426090361,5473.240960079521,2524.44446601084,0.07625782420508478
31720,0.09434835945151812,2926.0018404666785,8037.814368534539,5501.761985643381,2536.0523828911582,0.0760071792111638
31725,0.09436323151322233,2959.280413961989,8077.632574377087,5532.747570391902,2544.885003985185,0.0761205862541091
31730,0.09437810357492654,2997.760110564943,8116.929618757497,5566.110592115192,2550.8190266423053,0.07619247546066926
31735,0.09439297563663075,3039.977582393382,8155.501139159877,5601.649688922108,2553.8514502377693,0.07630601122861821
31740,0.09440784769833496,3084.529737715788,8193.145818854802,5639.062673152123,2554.083145702679,0.07642465281822541
31745,0.09442271976003917,3130.1887386603726,8229.666495604179,5677.963611621099,2551.70288398308,0.07649536127778983
31750,0.09443759182174338,3175.9990519556804,8264.875915936836,5717.901983613427,2546.97393232341,0.07654321615586089
31755,0.0944524638834476,3221.348522477413,8298.606865370153,5758.38235846152,2540.224506908633,0.07666895823020048
31760,0.0944673359451518,3266.0076083067847,8330.725670527638,5798.88329794264,2531.842372584998,0.07674029883459683
31765,0.09448220800685601,3310.133571592439,8361.147488152084,5838.874633518535,2522.2728546335493,0.07675065451500936
31770,0.09449708006856022,3354.2394577497726,8389.851437207517,5877.832799591731,2512.0186376157862,0.07686410214978387
31775,0.09451195213026445,3399.1309376637682,8416.89352539069,5915.254401354701,2501.639124035988,0.07693991340635362
31780,0.09452682419196866,3445.817252020908,8442.415464846401,5950.66854189844,2491.746922947961,0.07694768390364704
31785,0.09454169625367287,3495.4052116719554,8466.647827691819,5983.648542952765,2482.999284739054,0.07703649060658722
31790,0.09455656831537708,3548.987066766761,8489.906504910101,6013.823539356781,2476.08296555332,0.07712229130689831
31795,0.09457144037708129,3607.5337104459923,8512.58204074259,6040.890050126369,2471.691990616222,0.07713363260059591
31800,0.0945863124387855,3671.8039349569144,8535.122060720552,6064.623131989663,2470.498928730889,0.07719131132438758
31805,0.09460118450048971,3742.2783424034756,8558.00764493398,6084.886245323751,2473.1213996102288,0.07729182895668969
31810,0.09461605656219392,3819.123312596083,8581.72507649473,6101.638648875022,2480.086427619707,0.07731238167216395
31815,0.09463092862389813,3902.186634456044,8606.734879825353,6114.939090858089,2491.7957889672643,0.07732442375879338
31820,0.09464580068560234,3991.0226090196884,8633.440416276164,6124.944813636751,2508.495602639413,0.07749538099596237
31825,0.09466067274730655,4084.941203873932,8662.15848789787,6131.905391477725,2530.253096420145,0.07760141153135386
31830,0.09467554480901078,4183.073615705978,8693.094380545055,6136.1515641291935,2556.9428164158617,0.07763272695044057
31835,0.09469041687071499,4284.4456002266525,8726.323533561444,6138.079867671075,2588.24366589037,0.07778929971677215
31840,0.0947052889324192,4388.050143429017,8761.781555028954,6138.134360173623,2623.6471948553317,0.07788284405023922
31845,0.0947201609941234,4492.9122632500475,8799.263637313323,6136.786998895266,2662.4766384180566,0.07789177260858873
31850,0.09473503305582762,4598.140610874776,8838.433627076713,6134.518218316917,2703.9154087597954,0.07799465838037223
31855,0.09474990511753183,4702.962714850491,8878.842153550595,6131.7990192388015,2747.0431343117934,0.07808052136226235
31860,0.09476477717923604,4806.742846010078,8919.952420783538,6129.07548984041,2790.876930943128,0.07807276315592376
31865,0.09477964924094025,4908.983332058052,8961.171624309634,6126.7562394530505,2834.415384856584,0.07811662965893178
31870,0.09479452130264446,5009.311578085814,9001.88554023881,6125.202823688348,2876.682716550463,0.07820286846763169
31875,0.09480939336434867,5107.456012708994,9041.49369836586,6124.722934330935,2916.7707640349263,0.07818817605562635
31880,0.09482426542605288,5203.214709609639,9079.442688058381,6125.565941077034,2953.8767469813474,0.07816842350584138
31885,0.0948391374877571,5296.42059788279,9115.255509463219,6127.920296152239,2987.33521331098,0.07826522015344461
31890,0.09485400954946131,5386.907039977044,9148.55539323705,6131.912321024756,3016.643072212293,0.07825598320556731
31895,0.09486888161116552,5474.477176107026,9179.083076197221,6137.605958176397,3041.4771180208245,0.0781678570005056
31900,0.09488375367286973,5558.879848935661,9206.70705293758,6145.003168547899,3061.7038843896808,0.07828617363391835
31905,0.09489862573457394,5639.794178888604,9231.426766213071,6154.044774668828,3077.3819915442436,0.0782957332485203
31910,0.09491349779627815,5716.82402824302,9253.369029837697,6164.611683115324,3088.757346722373,0.07833614375069331
31915,0.09492836985798236,5789.502763473418,9272.778210280641,6176.526557863675,3096.251652416966,0.07842213534491058
31920,0.09494324191968657,5857.307994051683,9290.00086387583,6189.556140935267,3100.444722940563,0.07839595611845065
31925,0.09495811398139078,5919.685394600857,9305.465677636797,6203.414505100167,3102.0511725366305,0.07849150080629622
31930,0.094972986043095,5976.080312152107,9319.659722656746,6217.767553395409,3101.8921692613376,0.07857384761840534
31935,0.0949878581047992,6025.975568009614,9333.102204461175,6232.239041152466,3100.863163308709,0.07853369162793405
31940,0.09500273016650343,6068.933595510777,9346.317062269636,6246.418295869175,3099.8987664004608,0.07860859949469536
31945,0.09501760222820764,6104.640728625812,9359.805887954408,6259.869674621959,3099.9362133324485,0.07869459159065431
31950,0.09503247428991185,6132.951040918466,9374.022661415855,6272.143664332823,3101.878997083031,0.07864970712506635
31955,0.09504734635161606,6153.92667617121,9389.351701162259,6282.789430468994,3106.5622706932645,0.07868225607424721
31960,0.09506221841332027,6167.871229919675,9406.090001035791,6291.368571316274,3114.721429719517,0.07877904855231074
31965,0.09507709047502448,6175.3525908961265,9424.43478806908,6297.469829595397,3126.9649584736835,0.07873903393902974
31970,0.09509196253672869,6177.2118724591455,9444.476736362045,6300.724519068833,3143.752217293212,0.0787099741436306
31975,0.0951068345984329,6174.555731584595,9466.198861867028,6300.822397297524,3165.3764645695037,0.07882469844701816
31980,0.09512170666013711,6168.730475216506,9489.480754616909,6297.5276191271405,3191.953135489768,0.07879945856519495
31985,0.09513657872184132,6161.277798369614,9514.107516386053,6290.694224189797,3223.4132921962564,0.07870105743717826
31990,0.09515145078354553,6153.873643664498,9539.782582513191,6280.280364335249,3259.5022181779423,0.07884158691258322
31995,0.09516632284524976,6148.253355717369,9566.143516659386,6266.360214272705,3299.7833023866806,0.07884184642243001
32000,0.09518119490695397,6146.127863853204,9592.779861083927,6249.132302322061,3343.647558761866,0.07880407850105191
32005,0.09519606696865818,6149.09690130464,9619.252177196548,6228.922922027649,3390.3292551688983,0.07882382473150722
32010,0.09521093903036239,6158.566096088466,9645.11149300433,6206.183396392085,3438.928096612244,0.07886077856181965
32015,0.0952258110920666,6175.674993825008,9669.91845975768,6181.480289081849,3488.4381706758313,0.07887480719843933
32020,0.09524068315377081,6201.242577653625,9693.261591122513,6155.478175136125,3537.783415986388,0.0787930540679517
32025,0.09525555521547502,6235.7355930064605,9714.774006253747,6128.915242249476,3585.8587640042706,0.07884407846089704
32030,0.09527042727717923,6279.263033081283,9734.148125965528,6102.572707337896,3631.5754186276326,0.07889604936014585
32035,0.09528529933888344,6331.597680624413,9751.147791362617,6077.239701533024,3673.9080898295924,0.0788155555469656
32040,0.09530017140058765,6392.222916845607,9765.617306199354,6053.675802148726,3711.9415040506283,0.07880000139503697
32045,0.09531504346229186,6460.400431582814,9777.486969129419,6032.573693822299,3744.91327530712,0.07889011924453783
32050,0.09532991552399608,6535.252324990459,9786.774777436485,6014.524477532791,3772.250299903694,0.07882552934653758
32055,0.0953447875857003,6615.849642427606,9793.584157277612,5999.987911824746,3793.5962454528653,0.07874591913669271
32060,0.0953596596474045,6701.298791301831,9798.097800464586,5989.269405113127,3808.828395351459,0.07886303070690806
32065,0.09537453170910871,6790.817590546267,9800.567942217733,5982.504958026908,3818.062984190825,0.07882786861090317
32070,0.09538940377081292,6883.7938231926555,9801.303663530554,5979.654579124111,3821.6490844064438,0.07865001351653535
32075,0.09540427583251714,6979.8209364011145,9800.656005557892,5980.504067074756,3820.1519384831363,0.07880264274164901
32080,0.09541914789422135,7078.707757700715,9799.001805600841,5984.674549996682,3814.3272556041593,0.07880755415757869
32085,0.09543401995592556,7180.461570201325,9796.727182749519,5991.638845596836,3805.0883371526825,0.07864087394503441
32090,0.09544889201762977,7285.246434784097,9794.211514874869,6000.743559199038,3793.467955675831,0.07870648344250915
32095,0.09546376407933398,7393.321095233856,9791.812578904228,6011.235836359261,3780.5767425449667,0.07875855527512206
32100,0.09547863614103819,7504.962962773267,9789.853312576057,6022.293770895716,3767.5595416803408,0.07864470255530168
32105,0.09549350820274241,7620.386319271292,9788.610445438879,6033.059566309185,3755.5508791296934,0.07857229065283343
32110,0.09550838026444662,7739.663748716095,9788.30508238684,6042.6745950145205,3745.6304873723193,0.07867555385727261
32115,0.09552325232615083,7862.659679866746,9789.09523143638,6050.315453797683,3738.779777638697,0.07862011240958953
32120,0.09553812438785504,7988.983677942268,9791.07025352465,6055.229964273841,3735.8402892508084,0.07838325401655921
32125,0.09555299644955925,8117.968814471956,9794.24725885102,6056.771835438451,3737.4754234125703,0.07853922174544842
32130,0.09556786851126346,8248.677350065924,9798.569549628664,6054.43244308442,3744.1371065442445,0.07854514509087711
32135,0.09558274057296767,8379.932584294524,9803.907276392925,6047.867960490745,3756.0393159021805,0.07838020220676427
32140,0.09559761263467188,8510.372687524845,9810.060503526893,6036.9199768062,3773.140526720693,0.0783342522613738
32145,0.0956124846963761,8638.520191623233,9816.764852472203,6021.627834857638,3795.1370176145647,0.07840221713839277
32150,0.0956273567580803,8762.859842656195,9823.699807187953,6002.231251611673,3821.468555576281,0.07830469254035775
32155,0.09564222881978451,8881.917560001299,9830.499638153718,5979.162352005454,3851.337286148265,0.07809681174686271
32160,0.09565710088148874,8994.333870143604,9836.76674831312,5953.027001028261,3883.7397472848597,0.07818575010289747
32165,0.09567197294319295,9098.926002052645,9842.087086659458,5924.576167346009,3917.5109193134485,0.07816000678738773
32170,0.09568684500489716,9194.73378824989,9846.047127753516,5894.668878011217,3951.378249742299,0.07802491207666905
32175,0.09570171706660137,9281.045876674849,9848.251786227751,5864.229013695021,3984.0227725327295,0.07789431854055788
32180,0.09571658912830558,9357.404781183666,9848.342526939929,5834.198661442803,4014.1438654971253,0.07794027738124831
32185,0.09573146119000979,9423.591864862197,9846.014844922172,5805.490946072892,4040.52389884928,0.07784703106322381
32190,0.095746333251714,9479.595893543836,9841.034228759016,5778.945207715156,4062.0890210438592,0.07767412432409614
32195,0.09576120531341821,9525.570603774431,9833.249696159093,5755.287122596041,4077.9625735630525,0.07764704472239375
32200,0.09577607737512242,9561.787363082076,9822.604016242674,5735.095933757239,4087.508082485435,0.07760902503999412
32205,0.09579094943682663,9588.588502904098,9809.139825750797,5718.780421829042,4090.359403921755,0.07751203295596029
32210,0.09580582149853084,9606.345671782969,9793.001017832432,5706.564644451345,4086.436373381087,0.07728559996621223
32215,0.09582069356023507,9615.426063352428,9774.429033581315,5698.483835614344,4075.945197966971,0.07732984010307725
32220,0.09583556562193928,9616.167976774592,9753.754004693941,5694.390209113905,4059.363795580036,0.07725165909705951
32225,0.09585043768364349,9608.86604947174,9731.381052298799,5693.967786809749,4037.41326548905,0.07712940505255919
32230,0.0958653097453477,9593.765683267318,9707.772402709077,5696.754817328991,4011.0175853800865,0.07698314967254141
32235,0.0958801818070519,9571.06555943614,9683.426292163202,5702.17191655738,3981.254375605821,0.07695617094053046
32240,0.09589505386875612,9540.926579285078,9658.85386091296,5709.553795275413,3949.300065637546,0.07689332495644538
32245,0.09590992593046033,9503.485074193875,9634.555356462397,5718.182370530665,3916.372985931732,0.07670789764396267
32250,0.09592479799216454,9458.867877310218,9610.996968569561,5727.319187212431,3883.6777813571307,0.07662959633828734
32255,0.09593967005386875,9407.207052993876,9588.589515606516,5736.23537765021,3852.3541379563067,0.07655511866386837
32260,0.09595454211557296,9348.652781653607,9567.6700185707,5744.237812230628,3823.4322063400714,0.07649417138187983
32265,0.09596941417727717,9283.383890478171,9548.48696826317,5750.690586444511,3797.79638181866,0.07632335116678192
32270,0.09598428623898139,9211.61646330035,9531.189844493958,5755.03149461419,3776.158349879768,0.07622672031990634
32275,0.0959991583006856,9133.611554794134,9515.82320717846,5756.783610446865,3759.0395967315953,0.07616762253240801
32280,0.09601403036238981,9049.683107189112,9502.325460469669,5755.562489687357,3746.7629707823116,0.0760524148947931
32285,0.09602890242409402,8960.206694993787,9490.532195278858,5751.079796653959,3739.4523986248987,0.07592399357434436
32290,0.09604377448579823,8865.628823585786,9480.183840070065,5743.144305963199,3737.039534106866,0.07577453802579526
32295,0.09605864654750244,8766.475467592878,9470.937191786768,5731.66122497081,3739.275966815959,0.07573428841582074
32300,0.09607351860920665,8663.357780263335,9462.38025920932,5716.630620849883,3745.749638359437,0.07556925655983572
32305,0.09608839067091086,8556.97284099356,9454.049735881803,5698.145445073251,3755.904290808552,0.07548519185308634
32310,0.09610326273261507,8448.09807218096,9445.45033829856,5676.389282812616,3769.061055485944,0.07530225503178381
32315,0.09611813479431928,8337.579252445492,9436.075206073396,5651.633590523968,3784.4416155494273,0.07526238683294174
32320,0.0961330068560235,8226.313249816205,9425.426568349594,5624.233895244233,3801.192673105361,0.07508511818426113
32325,0.09614787891772772,8115.227099110798,9413.035930831778,5594.624263229997,3818.411667601781,0.07502179362568286
32330,0.09616275097943193,8005.254690696524,9398.483117844004,5563.3093175251015,3835.173800318902,0.07484518396567294
32335,0.09617762304113614,7897.311519459649,9381.413594789286,5530.853177704735,3850.560417084552,0.07477045925269293
32340,0.09619249510284035,7792.267345990037,9361.553577752129,5497.864883380945,3863.6886943711843,0.07464163997870422
32345,0.09620736716454456,7690.9167515868785,9338.72249321472,5464.980130304335,3873.742362910385,0.07455658595433859
32350,0.09622223922624877,7593.948437885003,9312.842376709543,5432.839498701477,3880.0028780080656,0.07438113079665301
32355,0.09623711128795298,7501.915303787852,9283.943802964499,5402.063795258754,3881.880007705745,0.07431518437647083
32360,0.09625198334965719,7415.208283562664,9252.167942256923,5373.227637460995,3878.9403047959286,0.07420645864158015
32365,0.0962668554113614,7334.037304844669,9217.76436603425,5346.832898114148,3870.9314679201016,0.07427173908725121
32370,0.09628172747306561,7258.422460700108,9181.084306316536,5323.283967269989,3857.8003390465465,0.07447130955981096
32375,0.09629659953476982,7188.197694154787,9142.5692259567,5302.866847440975,3839.7023785157253,0.07466144594956518
32380,0.09631147159647405,7123.028112913683,9102.734783558486,5285.733811706162,3817.0009718523243,0.07484024062724663
32385,0.09632634365817826,7062.440619986446,9062.150563938465,5271.894772474476,3790.255791463989,0.075124435204668
32390,0.09634121571988247,7005.865983420702,9021.416264216943,5261.215786242946,3760.2004779739973,0.07538468247397816
32395,0.09635608778158668,6952.688899453043,8981.135339732204,5253.424450029829,3727.7108897023745,0.07561944904953295
32400,0.09637095984329089,6902.301208165656,8941.887383575515,5248.121469986037,3693.7659135894783,0.0758266140715996
32405,0.0963858319049951,6854.152480330871,8904.20070336255,5244.797433677289,3659.403269685262,0.07600420551749598
32410,0.09640070396669931,6807.792000953191,8868.526642049932,5242.853724595434,3625.672917454498,0.07617105551552318
32415,0.09641557602840352,6762.896842031118,8835.21715066523,5241.626480345819,3593.5906703194114,0.07647422227435553
32420,0.09643044809010773,6719.282127703274,8804.506957233318,5240.412466661585,3564.0944905717324,0.07675183740769904
32425,0.09644532015181194,6676.891575035114,8776.501399797726,5238.495750802346,3538.0056489953795,0.07700152991365909
32430,0.09646019221351615,6635.768811182903,8751.17062798127,5235.174178117348,3515.996449863922,0.07722195587529208
32435,0.09647506427522037,6596.012573366675,8728.350464291847,5229.784907668124,3498.565556623723,0.07741309866609591
32440,0.09648993633692458,6557.721208868912,8707.749796938455,5221.72856804119,3486.0212288972652,0.07758609612372884
32445,0.0965048083986288,6520.933424850419,8688.963994121421,5210.491787841641,3478.47220627978,0.07790671521066542
32450,0.096519680460333,6485.572790272699,8671.49352258143,5195.667783219084,3475.8257393623453,0.07819908175239748
32455,0.09653455252203721,6451.403077784776,8654.766743024504,5176.974327360142,3477.792415664362,0.07846301130951548
32460,0.09654942458374142,6418.0001995137745,8638.165744069958,5154.267943624093,3483.897800445865,0.07869944804203333
32465,0.09656429664544564,6384.744427520939,8621.054046849458,5127.552819751578,3493.5012270978805,0.07890992989457171
32470,0.09657916870714985,6350.834240237935,8602.805034408057,5096.982965575033,3505.822068833024,0.07909596537402813
32475,0.09659404076885406,6315.320891607348,8582.8300026693,5062.856602535683,3519.9734001336165,0.079393715344452
32480,0.09660891283055827,6277.160707457395,8560.604769753674,5025.602548329285,3535.002221424389,0.07969258564446417
32485,0.09662378489226248,6235.28016964883,8535.69380856887,4985.759181643854,3549.9346269250163,0.0799655341167365
32490,0.0966386569539667,6188.6473923633375,8507.770892488204,4943.947206599596,3563.8236858886085,0.08021350019866025
32495,0.09665352901567091,6136.343036618324,8476.635291388071,4900.837811977542,3575.7974794105294,0.0804368049583674
32500,0.09666840107737512,6077.624024248783,8442.222657974717,4857.118028886705,3585.1046290880113,0.08063507013550855
32505,0.09668327313907933,6011.97429785366,8404.609926397045,4813.455276955357,3591.154649441688,0.08084553064061357
32510,0.09669814520078354,5939.138215335408,8364.013812083504,4770.463316606613,3593.5504954768903,0.08114271408035714
32515,0.09671301726248775,5859.133936543218,8320.782839590704,4728.672003067907,3592.1108365227965,0.08141510592912808
32520,0.09672788932419196,5772.246051756383,8275.383202742118,4688.503162631322,3586.8800401107956,0.08166201856363214
32525,0.09674276138589617,5678.998377156637,8228.379133299894,4650.2544107388885,3578.124722561005,0.08188252274311263
32530,0.09675763344760038,5580.109333162483,8180.408771753901,4614.091815728984,3566.316956024917,0.08207590063433115
32535,0.0967725055093046,5476.433747612818,8132.156761058052,4580.0512099240605,3552.105551133992,0.08224204397941576
32540,0.0967873775710088,5368.896043633015,8084.324910910755,4548.0469923219625,3536.277918588792,0.08246276151158036
32545,0.09680224963271303,5258.420290469857,8037.602316599211,4517.886713957711,3519.7156026414996,0.08272384555208775
32550,0.09681712169441724,5145.862671848546,7992.636282394145,4489.289648366429,3503.3466340277164,0.08295930035057589
32555,0.09683199375612145,5031.951837805644,7950.005317822988,4461.907767267068,3488.09755055592,0.08316935877848451
32560,0.09684686581782566,4917.242202019507,7910.195366341233,4435.347793201209,3474.847573140024,0.0833549628488192
32565,0.09686173787952987,4802.084238497055,7873.580297307037,4409.193081230635,3464.387216076402,0.08351760163166626
32570,0.09687660994123408,4686.614341390098,7840.407531389339,4383.023991011423,3457.383540377916,0.08365899471367909
32575,0.09689148200293829,4570.76514634167,7810.789455559268,4356.435342121276,3454.354113437992,0.0838577608997547
32580,0.0969063540646425,4454.29540089213,7784.701005978487,4329.049737259306,3455.6512687191807,0.0840846937074817
32585,0.09692122612634671,4336.836519801898,7761.98346330744,4300.526102100446,3461.4573612069935,0.08429097945702063
32590,0.09693609818805092,4217.951231315025,7742.354138656329,4270.563627788243,3471.790510868086,0.0844777341818414
32595,0.09695097024975513,4097.198598435773,7725.421266182697,4238.902137207795,3486.519128974902,0.08464581246852133
32600,0.09696584231145935,3974.1991682826283,7710.70310892385,4205.320418856242,3505.3826900676077,0.08479567451457512
32605,0.09698071437316357,3848.693947690043,7697.65007552252,4169.634109115462,3528.015966407058,0.0849912494524791
32610,0.09699558643486778,3720.5914857192397,7685.668563543058,4131.694313190967,3553.974250352091,0.08519207658236379
32615,0.09701045849657199,3589.9986736647174,7674.145287793985,4091.387573335453,3582.7577144585316,0.08537536470377788
32620,0.0970253305582762,3457.2326466530703,7662.470997567185,4048.6372797915647,3613.8337177756202,0.08554186905278013
32625,0.0970402026199804,3322.8130057101685,7650.062702944572,4003.406317136725,3646.656385807847,0.08569241346282241
32630,0.09705507468168462,3187.435406207561,7636.383776525397,3955.700623742427,3680.6831527829695,0.08582763915613585
32635,0.09706994674338883,3051.9293634268743,7620.961529024598,3905.5732798331983,3715.3882491914,0.08602444421037003
32640,0.09708481880509304,2917.2046304344776,7603.402042088625,3853.128595293043,3750.2734467955825,0.08621048112699992
32645,0.09709969086679725,2784.191431756427,7583.4021657862895,3798.5254184138594,3784.87674737243,0.08637960473068709
32650,0.09711456292850146,2653.7802218395523,7560.7586518654,3741.9786561304572,3818.7799957349425,0.08653206773325291
32655,0.09712943499020568,2526.766588860826,7535.374403554511,3683.757983178821,3851.6164203756903,0.08666794644469472
32660,0.09714430705190989,2403.8063436548964,7507.261793176145,3624.1830513074387,3883.0787418687064,0.08678716508534536
32665,0.0971591791136141,2285.384640984506,7476.542955026382,3563.6151447128777,3912.927810313504,0.08688960187598177
32670,0.09717405117531831,2171.8013928822056,7443.446929309145,3502.4459495083797,3941.0009798007654,0.08702371740135156
32675,0.09718892323702252,2063.1735670770686,7408.303530549639,3441.0846351857735,3967.218895363865,0.0871611152567173
32680,0.09720379529872673,1959.4533403728342,7371.533848592508,3379.944582456421,3991.5892661360867,0.08728127602369343
32685,0.09721866736043094,1860.4595562922404,7333.6373666873005,3319.4308082637267,4014.206558423574,0.08738452581646669
32690,0.09723353942213515,1765.9187478503231,7295.175800669576,3259.9286002569147,4035.2472004126616,0.08747129106895142
32695,0.09724841148383936,1675.511374857529,7256.7539187754055,3201.7933502372225,4054.960568538183,0.08754213297826727
32700,0.09726328354554357,1588.9188603892708,7218.997779016112,3145.3412958281065,4073.6564831880055,0.08759775142820864
32705,0.09727815560724778,1505.8672718454045,7182.531006131187,3090.840903646702,4091.6901024844847,0.08766012841801155
32710,0.09729302766895201,1426.1639642408481,7147.949910853949,3038.50484402137,4109.445066832579,0.08774176589743757
32715,0.09730789973065622,1349.7241923269753,7115.798415923371,2988.4827318001753,4127.315684123196,0.0878091747440996
32720,0.09732277179236043,1276.5855218770757,7086.543877592117,2940.8549033206286,4145.688974271488,0.08786313289119088
32725,0.09733764385406464,1206.9086862464978,7060.554961755533,2895.6274416137503,4164.927520141783,0.08790443283794254
32730,0.09735251591576885,1140.964368822174,7038.08274070961,2852.728531872138,4185.3542088374725,0.08793389717646538
32735,0.09736738797747306,1079.1064161724112,7019.246114456458,2812.0061600793774,4207.239954377081,0.08795238856158287
32740,0.09738226003917727,1021.73322829159,7004.02252482869,2773.227261786734,4230.795263041956,0.0880431442583682
32745,0.09739713210088148,969.2403368915111,6992.244720325698,2736.0786823102408,4256.166038015457,0.08812772231598648
32750,0.09741200416258569,921.968280752893,6983.604052603326,2700.1706059618678,4283.433446641458,0.0882032257773485
32755,0.0974268762242899,880.1507266175486,6977.660458602294,2665.0432894133723,4312.617169188921,0.08829657658019985
32760,0.09744174828599411,843.8682054734127,6973.8589253582195,2630.1778811414383,4343.681044216781,0.08839563874824828
32765,0.09745662034769834,813.0125913560987,6971.551869514394,2595.011800461874,4376.54006905252,0.08848589718835574
32770,0.09747149240940255,787.266467155916,6970.026517356959,2558.9586328920864,4411.067884464872,0.08856736470904009
32775,0.09748636447110676,766.099995422223,6968.536072946199,2521.4318714736787,4447.104201472521,0.08863987586824443
32780,0.09750123653281097,748.7860911950252,6966.333234070359,2481.8712284645126,4484.462005605847,0.08870324585527184
32785,0.09751610859451518,734.4327367130259,6962.704469250127,2439.769785182662,4522.934684067464,0.08875741689440342
32790,0.09753098065621939,722.029390757582,6957.003407686379,2394.7000149261257,4562.303392760254,0.08883666981723351
32795,0.0975458527179236,710.5029500464475,6948.681717540005,2346.3367227891695,4602.344994750835,0.08890934906746092
32800,0.09756072477962781,698.7778588365309,6937.315949620689,2294.4751870433324,4642.840762577356,0.08897230354684252
32805,0.09757559684133202,685.8347701560924,6922.6289915878015,2239.0432288893144,4683.585762698487,0.08902549696653027
32810,0.09759046890303623,670.7625931570342,6904.505002061999,2180.1065099052366,4724.398492156763,0.089069167689644
32815,0.09760534096474044,652.7997858609292,6882.996969744911,2117.866957660877,4765.130012084035,0.08910381899104153
32820,0.09762021302644466,631.3622291194965,6858.326364873147,2052.6547635954335,4805.671601277714,0.08913907128212516
32825,0.09763508508814887,606.0566284307274,6830.87471141985,1984.9148354187378,4845.959876001112,0.08918612967524932
32830,0.09764995714985308,576.6798200289895,6801.167300296747,1915.1888882916992,4885.978412005048,0.0892234529264667
32835,0.0976648292115573,543.2054582151204,6769.8496762382165,1844.0945023265626,4925.755173911653,0.08925167878306214
32840,0.0976797012732615,505.7602970521475,6737.657945017055,1772.3024662051212,4965.355478811934,0.08927157571619063
32845,0.09769457333496571,464.5926449896683,6705.384335083407,1700.5136066368843,5004.870728446523,0.08928391930596481
32850,0.09770944539666993,420.03563508903244,6673.839777794253,1629.4361059749292,5044.403671819324,0.08928938170139547
32855,0.09772431745837414,372.46788616336653,6643.815511163493,1559.764053904053,5084.05145725944,0.08929834202916766
32860,0.09773918952007835,322.27408151558575,6616.045828563682,1492.157692515734,5123.888136047948,0.08931057250708682
32865,0.09775406158178256,269.8079852188439,6591.174056546714,1427.225545343173,5163.948511203542,0.089315781353867
32870,0.09776893364348677,215.36039756812625,6569.723644846564,1365.508408035096,5204.215236811468,0.08931471040162696
32875,0.09778380570519099,159.1344694768095,6552.075899633934,1307.4650367071729,5244.610862926761,0.08930795730606936
32880,0.0977986777668952,101.23058634265135,6538.4554187275335,1253.4593144775072,5284.996104250026,0.08929596853607039
32885,0.09781354982859941,41.642593729666714,6528.923741458659,1203.748725743595,5325.175015715064,0.08927906244244188
32890,0.09782842189030362,-19.733609180409076,6523.381168813886,1158.4741165399332,5364.907052273953,0.08926745423218509
32895,0.09784329395200783,-83.07913140307755,6521.5762050534395,1117.650932620879,5403.925272432561,0.08925830723256921
32900,0.09785816601371204,-148.6201038760173,6523.121665390886,1081.1623676253591,5441.959297765527,0.08924508607085933
32905,0.09787303807541625,-216.58731444474597,6527.516206247101,1048.7550938608092,5478.761112386292,0.08922813813921976
32910,0.09788791013712046,-287.17141493756435,6534.169867954697,1020.0384518283767,5514.131416126321,0.08920767754141251
32915,0.09790278219882467,-360.47858826637275,6542.432162098997,994.4880959267715,5547.944066172226,0.08918379874301563
32920,0.09791765426052888,-436.4919169138393,6551.621260622508,971.4551019043755,5580.1661587181325,0.08916366851131578
32925,0.0979325263222331,-515.0433240767975,6561.052923224952,950.1814256672282,5610.871497557724,0.0891509791895403
32930,0.09794739838393732,-595.7998554018541,6570.067918242917,929.8223517785003,5640.245566464417,0.08913544804103007
32935,0.09796227044564153,-678.266354506728,6578.0568478011255,909.4761671580628,5668.580680643063,0.08911696661669861
32940,0.09797714250734574,-761.8045170081691,6584.4814805309725,888.2207419565809,5696.260738574391,0.08909527121702028
32945,0.09799201456904995,-845.6662392751623,6588.891922142944,865.1560248609018,5723.735897282042,0.08907213229724208
32950,0.09800688663075416,-929.0374653869844,6590.939211125251,839.450713994961,5751.48849713029,0.08906392263012243
32955,0.09802175869245837,-1011.0876432391524,6590.383202613955,810.3906162784821,5779.992586335473,0.08908231422587046
32960,0.09803663075416258,-1091.0195633318071,6587.095873794299,777.4255572063552,5809.670316587944,0.08910348825877797
32965,0.09805150281586679,-1168.1147647083162,6581.060418327171,740.2112716508467,5840.849146676324,0.08913129144843497
32970,0.098066374877571,-1241.7706944374227,6572.3666697887575,698.6426046519655,5873.724065136792,0.08917575570914608
32975,0.09808124693927521,-1311.5271267402613,6561.203490415784,652.8746467716085,5908.328843644175,0.08921473144930953
32980,0.09809611900097942,-1377.0806867637289,6547.8487764619595,603.3291343763251,5944.519642085635,0.08924766883206692
32985,0.09811099106268364,-1438.2874609820083,6532.657672335078,550.6845146747347,5981.9731576603435,0.08927394890176897
32990,0.09812586312438785,-1495.154513726195,6516.049475418869,495.84939819155414,6020.200077227315,0.08929289901364146
32995,0.09814073518609207,-1547.8216878815206,6498.493585334858,439.9205378275128,6058.573047507345,0.08930380642127414
33000,0.09815560724779628,-1596.5354502557543,6480.494737460452,384.1278101259284,6096.366927334523,0.08934407848040928
33005,0.09817047930950049,-1641.6168748568048,6462.5776848906735,329.7697795922124,6132.807905298461,0.0893780372051823
33010,0.0981853513712047,-1683.4262167654756,6445.271470764287,278.14419015686144,6167.127280607426,0.08940300257166656
33015,0.0982002234329089,-1722.326896775519,6429.093466127758,230.478085359972,6198.615380767786,0.08941831756190743
33020,0.09821509549461312,-1758.6519915753188,6414.533423555847,187.86219720255082,6226.671226353295,0.08942331342106241
33025,0.09822996755631733,-1792.6763751187477,6402.0378888242285,151.19379718487448,6250.844091639354,0.08943934351201874
33030,0.09824483961802154,-1824.5973705649535,6391.995396851836,121.13143964666041,6270.863957205175,0.0894700707234328
33035,0.09825971167972575,-1854.5260865732298,6384.722935448016,98.06403366836474,6286.658901779651,0.08948980928838166
33040,0.09827458374142997,-1882.4905375412668,6380.45418086303,82.09555428333877,6298.358626579691,0.08949788390758347
33045,0.09828945580313418,-1908.450273455152,6379.329992466001,73.04555563814178,6306.284436827859,0.08949358446874434
33050,0.09830432786483839,-1932.3207270549397,6381.391609698461,70.46458697594048,6310.927022722521,0.08950486639811848
33055,0.0983191999265426,-1954.0040276206514,6386.576937343711,73.66272901772359,6312.914208325987,0.0895293217474195
33060,0.09833407198824681,-1973.4218668450849,6394.720245184808,81.7488263481232,6312.971418836685,0.08954045521504989
33065,0.09834894404995102,-1990.545369976012,6405.555545638289,93.67761797701988,6311.8779276612695,0.08953748872118397
33070,0.09836381611165523,-2005.417019619751,6418.723839546415,108.30185255300655,6310.421986993408,0.08951965322238704
33075,0.09837868817335944,-2018.1606068752158,6433.784322618114,124.42657079456409,6309.35775182355,0.08953673862096528
33080,0.09839356023506365,-2028.9769138879233,6450.229507882646,140.86297975577685,6309.3665281268695,0.08954973639042073
33085,0.09840843229676786,-2038.1251564170302,6467.504031894592,156.47966692323706,6311.024364971355,0.08954685271414987
33090,0.09842330435847207,-2045.8927556340468,6485.026674442501,170.24925844830736,6314.777415994194,0.08952741682776304
33095,0.0984381764201763,-2052.5582853131555,6502.214848762723,181.288985627092,6320.925863135631,0.08950445159749534
33100,0.09845304848188051,-2058.353984149033,6518.510540345997,188.89397413459108,6329.616566211405,0.0895193717035608
33105,0.09846792054358472,-2063.434682281506,6533.406422563039,192.56240965355613,6340.844012909483,0.08951700975211127
33110,0.09848279260528893,-2067.859225546523,6546.4706937703995,192.01206249173606,6354.458631278663,0.08949675518881005
33115,0.09849766466699314,-2071.588607020621,6557.369098362085,187.1879683828238,6370.181129979262,0.08945805578303909
33120,0.09851253672869735,-2074.502379391827,6565.8826396786935,178.2613526330792,6387.621287045615,0.08945021961057406
33125,0.09852740879040156,-2076.431994388201,6571.919675992545,165.62013944787358,6406.299536544671,0.08945063599450379
33130,0.09854228085210577,-2077.206979052206,6575.521404411081,149.8516024533523,6425.669801957729,0.08943160963636938
33135,0.09855715291380998,-2076.7077240666786,6576.8601593930725,131.71788864095728,6445.142270752115,0.08939252437261368
33140,0.09857202497551419,-2074.9174155505734,6576.230447627668,112.12529568411566,6464.105151943552,0.08934732833527126
33145,0.0985868970372184,-2071.965424535509,6574.033161832826,92.08831607699351,6481.944845755833,0.08935202885576801
33150,0.09860176909892263,-2068.1552696324093,6570.753908466042,72.68959471909653,6498.064313746945,0.08933526502030376
33155,0.09861664116062684,-2063.97197003204,6566.936799067227,55.03708695547386,6511.899712111754,0.0892964951053496
33160,0.09863151322233105,-2060.066005998726,6563.155355419464,40.219849978754176,6522.93550544071,0.08923537953998187
33165,0.09864638528403526,-2057.2139245494,6559.982342830971,29.264041609974974,6530.718301220996,0.08921982408854708
33170,0.09866125734573947,-2056.2585422197826,6557.960367054474,23.090819618898983,6534.8695474355745,0.08920596123898705
33175,0.09867612940744368,-2058.034368856069,6557.5749601431735,22.47790995138532,6535.097050191788,0.0891685741278588
33180,0.09869100146914789,-2063.2859961644044,6559.231664319498,28.026619428184368,6531.205044891314,0.08910768552740668
33185,0.0987058735308521,-2072.5885009070935,6563.238328919058,40.13598474131076,6523.102344177748,0.08905136631669748
33190,0.09872074559255631,-2086.279222240304,6569.793485799849,58.98555585216976,6510.807929947679,0.08904314849484558
33195,0.09873561765426052,-2104.409508904742,6578.981280085259,84.52799616543673,6494.453283919822,0.08901074552802256
33200,0.09875048971596473,-2126.7232287364654,6590.773020629346,116.49224368450079,6474.2807769448455,0.0889544534061604
33205,0.09876536177766895,-2152.6661283900553,6605.03499263602,154.39743220499017,6450.637560431031,0.08887477062356533
33210,0.09878023383937316,-2181.426774329481,6621.541760889121,197.57715133573944,6423.964609553382,0.0888526351836357
33215,0.09879510590107737,-2212.0061604740245,6639.9938135197435,245.21297442071875,6394.780839099025,0.08883049287763527
33220,0.09880997796278158,-2243.309581150295,6660.038092750889,296.3755585363788,6363.66253421451,0.08878394653510495
33225,0.0988248500244858,-2274.2515079629457,6681.289774109575,350.07107825821953,6331.218695851356,0.08871338702318364
33230,0.09883972208619,-2303.862393747616,6703.353623654198,405.2903494880578,6298.06327416614,0.08863997574442962
33235,0.09885459414789421,-2331.385854097676,6725.843399883221,461.0577759058019,6264.785623977419,0.0886312818585571
33240,0.09886946620959843,-2356.355652267274,6748.398064834255,516.4772381210298,6231.920826713225,0.08859667312864633
33245,0.09888433827130264,-2378.644204627781,6770.69399102262,570.7722557112397,6199.92173531138,0.08853638583561918
33250,0.09889921033300685,-2398.477586219467,6792.452836378812,623.318176634584,6169.134659744228,0.08845088833646306
33255,0.09891408239471106,-2416.415774123138,6813.445235766251,673.6647565982258,6139.7804791680255,0.0884036969163049
33260,0.09892895445641528,-2433.300611017509,6833.49085819211,721.5482295052258,6111.942628686884,0.08838029719171324
33265,0.09894382651811949,-2450.1772396063247,6852.455655994297,766.8927663734828,6085.562889620814,0.08832944176695935
33270,0.0989586985798237,-2468.197205011528,6870.247265272847,809.8019907999548,6060.4452744728915,0.08825185424767565
33275,0.09897357064152791,-2488.512861621615,6886.809513409068,850.5418814297819,6036.267631979286,0.0881485881937072
33280,0.09898844270323212,-2512.1731239731153,6902.116880940405,889.5168760264789,6012.600004913927,0.08812355546945867
33285,0.09900331476493633,-2540.03005431681,6916.169594043153,927.2412527915471,5988.928341251605,0.08808417901257294
33290,0.09901818682664054,-2572.6644406950613,6928.989831135327,964.307893882776,5964.6819372525515,0.0880176535077295
33295,0.09903305888834475,-2610.3365827118846,6940.6193408285235,1001.3563644900153,5939.262976338508,0.08792531390326713
33300,0.09904793095004896,-2652.966160074216,6951.1186000633525,1039.0419312227543,5912.076668840598,0.08783152145402068
33305,0.09906280301175317,-2700.142478373622,6960.567486762243,1078.006774468684,5882.560712293559,0.08780948766509364
33310,0.09907767507345738,-2751.163719524911,6969.067288652515,1118.8542952878643,5850.212993364651,0.08776034084936489
33315,0.09909254713516161,-2805.1012402500405,6976.7437089898895,1162.1271314862524,5814.616577503637,0.08768534585202846
33320,0.09910741919686582,-2860.882661000413,6983.750361933109,1208.2892996611583,5775.461062271951,0.08758596693112522
33325,0.09912229125857003,-2917.385687156275,6990.272091857353,1257.7127550336404,5732.559336823713,0.08752067308362231
33330,0.09913716332027424,-2973.5335138630685,6996.527332114113,1310.6685686168446,5685.858763497268,0.08749373021176683
33335,0.09915203538197845,-3028.38245492445,7002.768676071068,1367.3228144285895,5635.445861642478,0.08744002352212578
33340,0.09916690744368266,-3081.193187802066,7009.280898183045,1427.7371018178935,5581.543796365151,0.08736074287860426
33345,0.09918177950538687,-3131.4786786465093,7016.375850661981,1491.8734666864996,5524.502383975481,0.0872572719200293
33350,0.09919665156709108,-3179.02428001131,7024.383964141904,1559.6030648350645,5464.780899306839,0.08721868318958989
33355,0.09921152362879529,-3223.8784295001,7033.642465880787,1630.7178293485626,5402.924636532225,0.0871862260367262
33360,0.0992263956904995,-3266.315516810207,7044.48084402279,1704.944014986714,5339.536829036076,0.08712629026482727
33365,0.09924126775220371,-3306.7754952013465,7057.2044685016135,1781.9564112035434,5275.24805729807,0.08704016334491853
33370,0.09925613981390793,-3345.7873596953973,7072.077568377184,1861.3920060246107,5210.6855623525735,0.0869293820336228
33375,0.09927101187561214,-3383.8854099497667,7089.306916761651,1942.8620477069169,5146.444869054734,0.08691056210117724
33380,0.09928588393731635,-3421.5280364069417,7109.027566761736,2025.9617723469264,5083.06579441481,0.08686802205984978
33385,0.09930075599902057,-3459.0284680587406,7131.291820614481,2110.2775040661763,5021.014316548305,0.08679751451456824
33390,0.09931562806072478,-3496.505466605741,7156.062329920266,2195.3913231103065,4960.67100680996,0.08670066942442457
33395,0.09933050012242899,-3533.8594738910483,7183.209865523213,2280.8839521651807,4902.325913358032,0.08659981787678768
33400,0.0993453721841332,-3570.7765209731438,7212.515916380406,2366.3368479994774,4846.179068380929,0.08657370879767913
33405,0.0993602442458374,-3606.7587277125745,7243.6799289619685,2451.3346388070963,4792.345290154872,0.08651839872681442
33410,0.09937511630754162,-3641.1769648844365,7276.330720306196,2535.4689870933007,4740.861733212895,0.08643552805393832
33415,0.09938998836924583,-3673.3386952075007,7310.041407844506,2618.344695481935,4691.696712362571,0.08632698707259723
33420,0.09940486043095004,-3702.562508555845,7344.347096345628,2699.5884586122907,4644.758637733337,0.08623683901154214
33425,0.09941973249265426,-3728.250572630777,7378.764529284389,2778.8601741443617,4599.904355140027,0.08619686232568109
33430,0.09943460455435847,-3749.9510718640395,7412.812920982934,2855.866243106965,4556.946677875969,0.08613913681517815
33435,0.09944947661606268,-3767.404472100245,7446.035207492908,2930.3738864038155,4515.661321089092,0.08608985499255462
33440,0.09946434867776689,-3780.569792571717,7478.018964292074,3002.2252279248682,4475.793736367206,0.08601573752879872
33445,0.0994792207394711,-3789.6296165148797,7508.4162248923685,3071.34976590545,4437.066458986918,0.08591892497732377
33450,0.09949409280117531,-3794.9749741707797,7536.961397478784,3137.7738714190846,4399.1875260597,0.08583476742578254
33455,0.09950896486287952,-3797.1731993903495,7563.486430447348,3201.626101474095,4361.860328973253,0.08580394264651786
33460,0.09952383692458373,-3796.923201575626,7587.932345004381,3263.13737448685,4324.794970517531,0.08574631153635427
33465,0.09953870898628794,-3795.0032329351016,7610.356261585759,3322.6354088992784,4287.720852686481,0.08566405301004806
33470,0.09955358104799215,-3792.2162178841177,7630.933123994736,3380.5332528285085,4250.399871166228,0.08555953580053029
33475,0.09956845310969636,-3789.337205861463,7649.951491875279,3437.312209905293,4212.639281969987,0.0854569345065137
33480,0.09958332517140059,-3787.066725043836,7667.803038732014,3493.4999579800015,4174.303080752013,0.08541698889488535
33485,0.0995981972331048,-3785.9929576527725,7684.9657558257,3549.645113719009,4135.320642106692,0.08535106706151586
33490,0.09961306929480901,-3786.564864690548,7701.981303543629,3606.289859671731,4095.691443871898,0.08526152626757645
33495,0.09962794135651322,-3789.0776917418357,7719.4274378488735,3663.9424654445056,4055.484972404368,0.08515088002029261
33500,0.09964281341821743,-3793.6716195503127,7737.8869234384265,3723.0515610916973,4014.835362346729,0.08503166089812252
33505,0.09965768547992164,-3800.343565513517,7757.914772128518,3783.9838471887206,3973.9309249397975,0.08498436852332926
33510,0.09967255754162585,-3808.971205049828,7780.005957501048,3847.006576261271,3932.999381239777,0.08491218691335242
33515,0.09968742960333006,-3819.347161945424,7804.565903581654,3912.2756696015817,3892.2902339800726,0.08481748308103211
33520,0.09970230166503427,-3831.220119666782,7831.88598845521,3979.8298162549117,3852.0561722002985,0.08471223034017918
33525,0.09971717372673848,-3844.3385321572305,7862.126026082334,4049.5904140705625,3812.5356120117713,0.08463635997406245
33530,0.09973204578844269,-3858.4919142860963,7895.305199794641,4121.366820365114,3773.9383794295272,0.08454253827413492
33535,0.09974691785014692,-3873.5445975938737,7931.302255483361,4194.866120137426,3736.4361353459344,0.0844456773225055
33540,0.09976178991185113,-3889.45747822553,7969.864982741208,4269.706499497051,3700.1584832441577,0.08441160560405561
33545,0.09977666197355534,-3906.2946520968335,8010.6281981731745,4345.433309742746,3665.1948884304284,0.08435442909750315
33550,0.09979153403525955,-3924.2137744960787,8053.138685870217,4421.536984924847,3631.60170094537,0.08427650753380052
33555,0.09980640609696376,-3943.441221102697,8096.884933687744,4497.472089222581,3599.4128444651624,0.08418028031887491
33560,0.09982127815866797,-3964.235309812202,8141.329105493224,4572.676882352205,3568.652223141019,0.08406820392374044
33565,0.09983615022037218,-3986.842602214529,8185.938559879887,4646.5928777385925,3539.3456821412947,0.08400461367126018
33570,0.09985102228207639,-4011.4533418680817,8230.21438259074,4718.683922834265,3511.5304597564755,0.08393972981026629
33575,0.0998658943437806,-4038.1622308176657,8273.714824421542,4788.454360422876,3485.2604639986666,0.08385399619486378
33580,0.09988076640548481,-4066.9399759023063,8316.072174968953,4855.465845737704,3460.606329231249,0.08375017574171405
33585,0.09989563846718902,-4097.6194849686835,8357.002373356156,4919.352406286313,3437.649967069842,0.08363110383173337
33590,0.09991051052889324,-4129.898520407737,8396.30746064267,4979.833343583006,3416.4741170596644,0.08352449617935301
33595,0.09992538259059745,-4163.358359236265,8433.871713835264,5036.723587416344,3397.1481264189197,0.08344107427117044
33600,0.09994025465230166,-4197.4959106232545,8469.652880515278,5089.941120269882,3379.7117602453955,0.08334619800803138
33605,0.09995512671400587,-4231.76510159567,8503.670293797057,5139.511091264503,3364.1592025325535,0.08327130444210437
33610,0.09996999877571008,-4265.622369605915,8535.991759676317,5185.56624303196,3350.4255166443572,0.08320332598759408
33615,0.0999848708374143,-4298.570893909633,8566.720977454324,5228.3432992892385,3338.377678165086,0.08311924106531474
33620,0.0999997428991185,-4330.198729665663,8595.986915475356,5268.175031426373,3327.8118840489833,0.08302214326268326
33625,0.10001461496082271,-4360.207141125837,8623.93607960834,5305.47786574725,3318.4582138610904,0.08291495325930852
33630,0.10002948702252693,-4388.426942977648,8650.728054113393,5340.735127530182,3309.9929265832116,0.08280032307381936
33635,0.10004435908423114,-4414.822291890667,8676.534138461968,5374.476343911357,3302.057794550611,0.08273175891255118
33640,0.10005923114593535,-4439.482869568126,8701.53841662112,5407.253418563003,3294.2849980581177,0.08265047142157986
33645,0.10007410320763957,-4462.606563609561,8725.940230225808,5439.6148925986945,3286.325337627113,0.08255845842186732
33650,0.10008897526934378,-4484.475468367453,8749.956818749386,5472.07984281167,3277.8769759377165,0.08245855848947495
33655,0.10010384733104799,-4505.428271713821,8773.824853908447,5505.113161630206,3268.7116922782407,0.0823533165654301
33660,0.1001187193927522,-4525.831918288217,8797.799730404775,5539.103952863262,3258.695777541513,0.08225464446922247
33665,0.10013359145445641,-4546.054948052924,8822.151763655345,5574.3485410859685,3247.803222569377,0.08217695371890076
33670,0.10014846351616062,-4566.44422944036,8847.15885551605,5611.0391557115045,3236.119699804546,0.0820939414799383
33675,0.10016333557786483,-4587.3060689558415,8873.095675822373,5649.258783093763,3223.83689272861,0.08200711744325072
33680,0.10017820763956904,-4608.891999375117,8900.2199144786,5688.982078616954,3211.237835861645,0.08195367318975334
33685,0.10019307970127325,-4631.389018802465,8928.756623822614,5730.08169586517,3198.6749279574433,0.08189311820665635
33690,0.10020795176297746,-4654.913736407003,8958.882033025478,5772.339000476187,3186.5430325492916,0.08182576514006243
33695,0.10022282382468167,-4679.509798320296,8990.708424227472,5815.457934234163,3175.250489993309,0.0817534881519625
33700,0.1002376958863859,-4705.1480867247055,9024.271681208329,5859.080781324072,3165.1908998842573,0.08167774383095563
33705,0.10025256794809011,-4731.729423519659,9059.522948067435,5902.804729959991,3156.718218107444,0.08159955540779022
33710,0.10026744000979432,-4759.089753901468,9096.325487210852,5946.198364100029,3150.127123110823,0.08151952867081393
33715,0.10028231207149853,-4787.007918942791,9134.457346543328,5988.817501115965,3145.639845427363,0.08143789789663806
33720,0.10029718413320274,-4815.2160640486345,9173.61989603186,6030.220058844998,3143.399837186862,0.08135459745628704
33725,0.10031205619490695,-4843.412447571069,9213.45174215037,6069.979850803626,3143.471891346744,0.08127954975421077
33730,0.10032692825661116,-4871.275967163924,9253.547040652624,6107.699349694167,3145.847690958457,0.08120585818471086
33735,0.10034180031831537,-4898.481234759143,9293.47685693505,6143.021519848419,3150.4553370866315,0.08114025857911335
33740,0.10035667238001958,-4924.712660513722,9332.812003291465,6175.640803932293,3157.1711993591716,0.0810806246117587
33745,0.10037154444172379,-4949.675890048754,9371.145726129653,6205.313271247038,3165.832454882615,0.08101688722619993
33750,0.100386416503428,-4973.105157186121,9408.114714778527,6231.865812701372,3176.2489020771545,0.08094986952315714
33755,0.10040128856513222,-4994.765658175585,9443.417130112444,6255.204122290279,3188.2130078221653,0.08088006890973011
33760,0.10041616062683643,-5014.450827362012,9476.826666836214,6275.319059486943,3201.507607349271,0.08080771628035822
33765,0.10043103268854064,-5031.975244240329,9508.202023641572,6292.290864530154,3215.911159111418,0.08073285508307118
33770,0.10044590475024485,-5047.164660101711,9537.491517965304,6306.290621510507,3231.2008964547967,0.08065543272113032
33775,0.10046077681194907,-5059.845157728614,9564.732911842306,6317.578353219408,3247.1545586228976,0.08057539532049146
33780,0.10047564887365328,-5069.833658995001,9590.048788808459,6326.497204555858,3263.551584252601,0.08049277644127005
33785,0.10049052093535749,-5076.931842209506,9613.638028126426,6333.463339904198,3280.1746882222287,0.08042185761533759
33790,0.1005053929970617,-5080.925051798136,9635.76406219125,6338.951446955064,3296.8126152361865,0.08036435178660024
33795,0.1005202650587659,-5081.587056837534,9656.740684420285,6343.4760932332865,3313.2645911869986,0.08030737330589235
33800,0.10053513712047012,-5078.6906606186185,9676.916210091267,6347.569592349749,3329.3466177415185,0.08025049632782706
33805,0.10055000918217433,-5072.023321692193,9696.656792794842,6351.757456215697,3344.899336579145,0.08019329661637709
33810,0.10056488124387855,-5061.4062577458735,9716.329671674419,6356.532875418,3359.796796256419,0.08013545429421345
33815,0.10057975330558276,-5046.7150755358125,9736.28707240608,6362.331918809561,3373.9551535965184,0.08007683601323061
33820,0.10059462536728697,-5027.899855831074,9756.851407784829,6369.511224009902,3387.340183774926,0.08001754939649425
33825,0.10060949742899118,-5005.002806946988,9778.30232152728,6378.329837790627,3399.972483736654,0.07995796559060828
33830,0.10062436949069539,-4978.172007816765,9800.86599426966,6388.936567826906,3411.9294264427535,0.07989870915714692
33835,0.1006392415523996,-4947.670275924436,9824.70699137841,6401.363765852686,3423.343225525725,0.0798406179362594
33840,0.10065411361410381,-4913.878692468912,9849.922790730283,6415.527939316883,3434.3948514134,0.07978467853928001
33845,0.10066898567580802,-4877.294698367314,9876.540999967363,6431.237053158783,3445.30394680858,0.07975069700123778
33850,0.10068385773751223,-4838.524890844562,9904.519170414014,6448.203896027154,3456.3152743868604,0.0797200815501497
33855,0.10069872979921644,-4798.272711491525,9933.7470468828,6466.064489363394,3467.6825575194052,0.07968891888032027
33860,0.10071360186092065,-4757.3211895908225,9964.051059058995,6484.4002363792415,3479.650822679753,0.07965799656876577
33865,0.10072847392262488,-4716.510893832649,9995.20085284315,6502.762346594802,3492.438506248349,0.07964483210527193
33870,0.10074334598432909,-4676.713362546008,10026.917664659695,6520.697023481211,3506.2206411784846,0.07963773153798367
33875,0.1007582180460333,-4638.800605453924,10058.88434115507,6537.7699540942485,3521.114387060821,0.07964664405250022
33880,0.10077309010773751,-4603.611811939552,10090.75678572414,6553.588773419199,3537.16801230494,0.07965958444869398
33885,0.10078796216944172,-4571.919092930043,10122.176562691722,6567.822374623923,3554.3541880677994,0.079674316912017
33890,0.10080283423114593,-4544.394780867578,10152.78430939778,6580.216181722465,3572.5681276753157,0.07969007731890267
33895,0.10081770629285014,-4521.583321392071,10182.23350523899,6590.602776382786,3591.630728856204,0.0797061821541006
33900,0.10083257835455435,-4503.880919679158,10210.204042650907,6598.9075600275055,3611.296482623401,0.07972204055742066
33905,0.10084745041625856,-4491.525718993893,10236.414961348357,6605.149420793974,3631.265540554383,0.07973716057454362
33910,0.10086232247796277,-4484.600355447259,10260.635667983153,6609.436646812831,3651.1990211703223,0.07975114993455522
33915,0.10087719453966698,-4483.04733784468,10282.69498828105,6611.958566682035,3670.7364215990146,0.07976371194770983
33920,0.1008920666013712,-4486.696041882473,10302.487497238717,6612.973590041227,3689.51390719749,0.0797746373828217
33925,0.10090693866307542,-4495.298455994925,10319.976741714963,6612.7944545731,3707.1822871418635,0.07978467680603513
33930,0.10092181072477963,-4508.569463949105,10335.195191395856,6611.771556086572,3723.4236353092847,0.07980155587622424
33935,0.10093668278648384,-4526.226650739132,10348.24099986273,6610.275249462251,3737.965750400479,0.07981730438657696
33940,0.10095155484818805,-4548.0245396618575,10359.271892112856,6608.677972573635,3750.593919539221,0.0798318573993622
33945,0.10096642690989226,-4573.778858488568,10368.4966842198,6607.336980537647,3761.159703682152,0.0798452094071759
33950,0.10098129897159647,-4603.3778080052225,10376.165059218187,6606.578401785197,3769.5866574329903,0.0798573937608027
33955,0.10099617103330068,-4636.779161770329,10382.556259166598,6606.683252919349,3775.8730062472496,0.07986846340823363
33960,0.10101104309500489,-4673.994065099708,10387.967311161656,6607.875979692546,3780.0913314691097,0.07987847417718666
33965,0.1010259151567091,-4715.060291255064,10392.701303821243,6610.316020265215,3782.3852835560274,0.07988747129431403
33970,0.10104078721841331,-4760.009145704582,10397.05609891904,6614.092800391954,3782.9632985270855,0.07989547932731636
33975,0.10105565928011753,-4808.830964112361,10401.313731533206,6619.224452106566,3782.08927942664,0.07990249532298295
33980,0.10107053134182174,-4861.444134705094,10405.730647864959,6625.660385365589,3780.07026249937,0.07991530898286732
33985,0.10108540340352595,-4917.671842272165,10410.52886988365,6633.287633141049,3777.2412367426014,0.07993656788537955
33990,0.10110027546523016,-4977.229449418506,10415.888165162365,6641.940644348722,3773.9475208136428,0.07995704285835961
33995,0.10111514752693437,-5039.723842741577,10421.93933226272,6651.413938068569,3770.525394194151,0.07997656540289157
34000,0.10113001958863858,-5104.664436133948,10428.758771112512,6661.476787936487,3767.2819831760253,0.07999493006551853
34005,0.1011448916503428,-5171.48407223814,10436.364573493633,6671.888911551586,3764.475661942047,0.08001189612476294
34010,0.101159763712047,-5239.566970013013,10444.714419664375,6682.416026672047,3762.2983929923275,0.08002719162247356
34015,0.10117463577375121,-5308.280236024037,10453.705585173995,6692.844124504511,3760.8614606694846,0.08004051949032026
34020,0.10118950783545543,-5377.00532530305,10463.177334881308,6702.991407946399,3760.185926934909,0.08005559818379783
34025,0.10120437989715964,-5445.166178604295,10472.915904378056,6712.717042096347,3760.19886228171,0.08008407591649093
34030,0.10121925195886386,-5512.251493253252,10482.662145500643,6721.926145650653,3760.7359998499896,0.08010974344670085
34035,0.10123412402056807,-5577.829570732147,10492.121752025996,6730.5707852206915,3761.5509668053046,0.08013225238391304
34040,0.10124899608227228,-5641.5552583926155,10500.977798045102,6738.647085255963,3762.3307127891385,0.08015128271890867
34045,0.10126386814397649,-5703.16949041565,10508.905131500855,6746.188898873041,3762.716232627814,0.08016655617072017
34050,0.1012787402056807,-5762.4926833899535,10515.58598607075,6753.258768373252,3762.327217697498,0.0801778477998187
34055,0.10129361226738491,-5819.413658699692,10520.726022502902,6759.937114905549,3760.7889075973535,0.080184994656433
34060,0.10130848432908912,-5873.875828258364,10524.069900720175,6766.310720085501,3757.7591806346736,0.08020339671858319
34065,0.10132335639079333,-5925.862154917488,10525.415429821209,6772.461592563897,3752.9538372573115,0.08022380144863193
34070,0.10133822845249754,-5975.380007534502,10524.625355622939,6778.45725070838,3746.168104914558,0.08023979713961592
34075,0.10135310051420175,-6022.44662040464,10521.635932270357,6784.343304960859,3737.292627309498,0.0802514657920839
34080,0.10136797257590596,-6067.07556599134,10516.461588258919,6790.139000446503,3726.322587812416,0.08025894244147667
34085,0.10138284463761019,-6109.264534399948,10509.1952333834,6795.836096119098,3713.3591372643014,0.08026345381517791
34090,0.1013977166993144,-6148.984789123518,10500.004048462211,6801.401130294488,3698.602918167723,0.08028663644189446
34095,0.10141258876101861,-6186.172876051636,10489.120931552734,6806.780778952159,3682.3401526005746,0.08031282042304455
34100,0.10142746082272282,-6220.725395800531,10476.832111770123,6811.9096840355505,3664.922427734573,0.08033574841431239
34105,0.10144233288442703,-6252.497788401528,10463.461748509235,6816.719849598266,3646.741898910969,0.08035568855735273
34110,0.10145720494613124,-6281.30802068682,10449.354573502484,6821.150509806661,3628.2040636958227,0.08037287380144337
34115,0.10147207700783545,-6306.94575124765,10434.857775421639,6825.1572953142195,3609.700480107419,0.08038748864178155
34120,0.10148694906953966,-6329.186980124845,10420.303353224303,6828.719583211888,3591.583770012415,0.08039965956540081
34125,0.10150182113124387,-6347.813448066529,10405.99207261676,6831.845113985503,3574.146958631257,0.0804094498638903
34130,0.10151669319294808,-6362.6352737435855,10392.179964420731,6834.571280032107,3557.608684388624,0.08043135819024826
34135,0.10153156525465229,-6373.514681332307,10379.068033014544,6836.962897374947,3542.1051356395974,0.08045755112754356
34140,0.10154643731635651,-6380.388337930957,10366.795535021685,6839.106711753984,3527.688823267701,0.080480562257331
34145,0.10156130937806072,-6383.2858927988555,10355.436882568112,6841.103299607689,3514.333582960423,0.08050026249041925
34150,0.10157618143976493,-6382.34279454416,10345.001956409555,6843.057342764443,3501.9446136451115,0.08051650373100629
34155,0.10159105350146914,-6377.806262090997,10335.439407162801,6845.067435729396,3490.3719714334056,0.08052913390856249
34160,0.10160592556317335,-6370.034226516601,10326.642390671594,6847.216602453653,3479.425788217941,0.08053801111438846
34165,0.10162079762487757,-6359.487941355059,10318.456127377698,6849.564559233507,3468.8915681441913,0.08054301560837468
34170,0.10163566968658178,-6346.71960234262,10310.686686823952,6852.142491825457,3458.544194998495,0.08056270669192296
34175,0.10165054174828599,-6332.356617403756,10303.110461728755,6854.950766377965,3448.1596953507897,0.08058137583216914
34180,0.1016654138099902,-6317.084108450295,10295.48389261731,6857.95962154144,3437.5242710758703,0.08059540786826323
34185,0.1016802858716944,-6301.626875984061,10287.553114323848,6861.112545653107,3426.4405686707405,0.08060484886748287
34190,0.10169515793339862,-6286.731541914225,10279.063302228626,6864.331769030756,3414.73153319787,0.08060978040354591
34195,0.10171002999510284,-6273.149054243937,10269.7675847031,6867.525122457486,3402.2424622456147,0.08061031073504671
34200,0.10172490205680705,-6261.617326993921,10259.435448942906,6870.593438827867,3388.8420101150386,0.08060656479341273
34205,0.10173977411851126,-6252.8435993403655,10247.86059475325,6873.437702382671,3374.4228923705796,0.08060210921018021
34210,0.10175464618021547,-6247.486172801264,10234.868183997114,6875.9652654855945,3358.9029185115196,0.08061245432168153
34215,0.10176951824191968,-6246.1355072462975,10220.321395798044,6878.094635994271,3342.2267598037733,0.0806183259932675
34220,0.10178439030362389,-6249.295152099929,10204.127136969128,6879.758563313598,3324.36857365553,0.08061986152049405
34225,0.1017992623653281,-6257.363544689737,10186.240685706702,6880.905389336504,3305.3352963701973,0.08061718585884516
34230,0.10181413442703231,-6270.61819082548,10166.668980080382,6881.498851558947,3285.170128521435,0.08061041239814294
34235,0.10182900648873652,-6289.204029239643,10145.472219153311,6881.516701239494,3263.955517913817,0.08059964567599869
34240,0.10184387855044073,-6313.127780361334,10122.76344081453,6880.948606858969,3241.814833955561,0.08058498513881919
34245,0.10185875061214494,-6342.259752117965,10098.705789423828,6879.79383895123,3218.9119504725977,0.0805767627527934
34250,0.10187362267384917,-6376.343940226254,10073.507293320708,6878.059175928471,3195.4481173922377,0.08057674368686353
34255,0.10188849473555338,-6415.016393613183,10047.413132376436,6875.757345358156,3171.6557870182796,0.08057264443841201
34260,0.10190336679725759,-6457.8308349561685,10020.695574008138,6872.906147437865,3147.7894265702726,0.08056460864039035
34265,0.1019182388589618,-6504.28957645951,9993.641969305578,6869.528231457445,3124.1137378481326,0.08055278363887393
34270,0.10193311092066601,-6553.876999847875,9966.541401606513,6865.651346887144,3100.890054719369,0.08053731633916922
34275,0.10194798298237022,-6606.092405669082,9939.670740935922,6861.308796750416,3078.361944185506,0.0805183478930369
34280,0.10196285504407443,-6660.478966430483,9913.28095681807,6856.539797249362,3056.741159568707,0.08049600794683444
34285,0.10197772710577864,-6716.645864699096,9887.584564713805,6851.389493150611,3036.195071563194,0.08048801327918095
34290,0.10199259916748285,-6774.281415184667,9862.745023026864,6845.9084764783,3016.836546548564,0.08048199106608482
34295,0.10200747122918706,-6833.155950696159,9838.868763535975,6840.15177902845,2998.716984507525,0.08047256687573787
34300,0.10202234329089127,-6893.114349524159,9816.000342277162,6834.177425674427,2981.822916602736,0.08045981294077609
34305,0.1020372153525955,-6954.059145763071,9794.120961694196,6828.044717679042,2966.076244015154,0.08044377473537469
34310,0.1020520874142997,-7015.926073412286,9773.15036437126,6821.8124458423745,2951.337918528886,0.08042447276362512
34315,0.10206695947600392,-7078.654576074476,9752.951861844198,6815.537208668691,2937.414653175507,0.08040190546789545
34320,0.10208183153770813,-7142.156241192047,9733.34006481168,6809.271941219812,2924.0681235918682,0.08038523187094593
34325,0.10209670359941234,-7206.28429751632,9714.090743639146,6803.064666913965,2911.026076725181,0.08038068145241954
34330,0.10211157566111655,-7270.807264686642,9694.95218075993,6796.9573930398,2897.9947877201303,0.08037254004665789
34335,0.10212644772282076,-7335.389576637846,9675.657378072023,6790.985005638034,2884.672372433989,0.08036076377864723
34340,0.10214131978452497,-7399.581519837153,9655.936539297996,6785.173997840295,2870.7625414577014,0.08035081450231496
34345,0.10215619184622918,-7462.820134636563,9635.529337136939,6779.540894524518,2855.988442612421,0.08033808588044239
34350,0.10217106390793339,-7524.441840154274,9614.196571562221,6774.090310788633,2840.1062607735876,0.08033328036053713
34355,0.1021859359696376,-7583.706503761464,9591.730905359838,6768.812688467947,2822.9182168918915,0.08034044199429174
34360,0.10220080803134182,-7639.831563711075,9567.966410989295,6763.681874108655,2804.2845368806393,0.08034355922914924
34365,0.10221568009304603,-7692.033734098767,9542.786676424286,6758.652811953431,2784.133864470855,0.08034258650156123
34370,0.10223055215475024,-7739.574896498234,9516.131206231372,6753.659707037409,2762.4714991939627,0.08033748071788585
34375,0.10224542421645445,-7781.80812860579,9487.999836303348,6748.6150518596005,2739.384784443748,0.08032820458091572
34380,0.10226029627815866,-7818.219529614866,9458.454877677412,6743.409897342764,2715.0449803346473,0.08031472960812407
34385,0.10227516833986287,-7848.461629006366,9427.620734675658,6737.915683876322,2689.7050507993363,0.08030707786989566
34390,0.10229004040156708,-7872.3747185974735,9395.68081477968,6731.987836412992,2663.6929783666883,0.08031276484028707
34395,0.1023049124632713,-7889.993391054194,9362.871661454808,6725.471178859219,2637.400482595589,0.0803133575202424
34400,0.1023197845249755,-7901.536827774882,9329.474386606298,6718.207050856592,2611.267335749706,0.08030885717924956
34405,0.10233465658667971,-7907.382852144131,9295.803641306162,6710.041829865678,2585.761811440484,0.08029928608814516
34410,0.10234952864838393,-7908.027328552253,9262.194525565983,6700.836389879497,2561.358135686486,0.08028468661512338
34415,0.10236440071008815,-7904.032008336284,9228.987986839567,6690.475881859167,2538.5121049804,0.08026512000743069
34420,0.10237927277179236,-7895.965261256681,9196.515383259743,6678.8791161666895,2517.636267093053,0.08025286640627903
34425,0.10239414483349657,-7884.341145599734,9165.082984981827,6666.006777195173,2499.076207786655,0.08025141187602709
34430,0.10240901689520078,-7869.562831266052,9134.957249612826,6651.867714168226,2483.0895354446,0.08024434306567702
34435,0.10242388895690499,-7851.876389901717,9106.351727951587,6636.522632651349,2469.829095300238,0.08023177763639497
34440,0.1024387610186092,-7831.340334732705,9079.416424074632,6620.084655537103,2459.3317685375296,0.08021385135193654
34445,0.10245363308031341,-7807.815020365565,9054.230338695532,6602.71642140891,2451.513917286622,0.08019071651213151
34450,0.10246850514201762,-7780.974166938689,9030.797760028874,6584.623629686588,2446.174130342286,0.08016254006610682
34455,0.10248337720372183,-7750.338510699116,9009.048634177838,6566.045210861958,2443.0034233158794,0.08014472372726206
34460,0.10249824926542604,-7715.3291448716345,8988.843061538735,6547.240579586842,2441.6024819518934,0.080134789666806
34465,0.10251312132713025,-7675.335800312952,8969.979653606766,6528.474698926877,2441.504954679889,0.0801194035612246
34470,0.10252799338883448,-7629.793436821005,8952.207181477599,6510.001922417357,2442.2052590602425,0.08009874750267347
34475,0.10254286545053869,-7578.259344110763,8935.238691751372,6492.049759663017,2443.1889320883556,0.08007300729532021
34480,0.1025577375122429,-7520.482664771726,8918.767090890075,6474.803802712535,2443.9632881775397,0.08004236933913154
34485,0.10257260957394711,-7456.45890435852,8902.481127218083,6458.395029979082,2444.086097239001,0.08000701775515977
34490,0.10258748163565132,-7386.46350859027,8886.080736802647,6442.890558979954,2443.190177822693,0.07998568665189032
34495,0.10260235369735553,-7311.060771836741,8869.29085496035,6428.288652892494,2441.002202067857,0.07996868674858013
34500,0.10261722575905974,-7231.0869227334115,8851.87300479149,6414.518423735611,2437.35458105588,0.07994642373589853
34505,0.10263209782076395,-7147.608902037445,8833.634224473979,6401.444259871391,2432.1899646025877,0.07991904543997383
34510,0.10264696988246816,-7061.862799423382,8814.43315014288,6388.874591345003,2425.5585587978776,0.07988670060829185
34515,0.10266184194417237,-6975.177883634785,8794.1832989143,6376.574247132902,2417.609051781398,0.07984954141268868
34520,0.10267671400587658,-6888.893445152176,8772.853774377774,6364.279396322127,2408.5743780556477,0.07980772706865079
34525,0.1026915860675808,-6804.276159482315,8750.467733975449,6351.713924323694,2398.7538096517546,0.07978070306756337
34530,0.10270645812928501,-6722.445354888842,8727.09901564768,6338.606077218732,2388.492938428948,0.07975620337309024
34535,0.10272133019098922,-6644.312508202446,8702.867330189632,6324.704295295378,2378.1630348942545,0.07972649695151994
34540,0.10273620225269343,-6570.539654770167,8677.932400149448,6309.791321756798,2368.1410783926494,0.0796918166471012
34545,0.10275107431439764,-6501.519399268564,8652.487378771313,6293.695882437169,2358.7914963341445,0.07965242924595671
34550,0.10276594637610185,-6437.377092074288,8626.751822154734,6276.3014588806245,2350.45036327411,0.0796086361916015
34555,0.10278081843780607,-6377.993719573659,8600.96441873627,6257.551899865126,2343.412518871144,0.07956077155354695
34560,0.10279569049951028,-6323.046333195165,8575.375605109311,6237.453822222857,2337.921782886455,0.07952407394099231
34565,0.10281056256121449,-6272.061539255372,8550.240120798886,6216.075931527321,2334.164189271565,0.07949364462357568
34570,0.1028254346229187,-6224.476754197577,8525.809486883423,6193.545539003052,2332.2639478803712,0.07945911194975504
34575,0.1028403066846229,-6179.703604973926,8502.324349062237,6170.042654489507,2332.28169457273,0.07942086263045865
34580,0.10285517874632713,-6137.187986540404,8480.006621333503,6145.792090522967,2334.2145308105364,0.0793792670306766
34585,0.10287005080803134,-6096.461814585437,8459.051414056968,6121.054020164885,2337.997393892084,0.07933466158892777
34590,0.10288492286973555,-6057.182355590187,8439.618832019916,6096.113403073931,2343.505428945985,0.07928733132333403
34595,0.10289979493143976,-6019.156099511437,8421.825872960902,6071.268654139572,2350.55721882133,0.07925319268910352
34600,0.10291466699314397,-5982.345389861153,8405.738820744438,6046.819906985348,2358.91891375909,0.0792249806613239
34605,0.10292953905484818,-5946.857377134346,8391.366677330181,6023.057246638063,2368.3094306921184,0.07919267887993102
34610,0.10294441111655239,-5912.916255340322,8378.656279781782,6000.2493605658265,2378.406919215956,0.07915634342062786
34615,0.1029592831782566,-5880.821116953524,8367.48977496534,5978.633168169765,2388.8566067955744,0.07911596395327822
34620,0.10297415523996081,-5850.89304407122,8357.685059710228,5958.40509276262,2399.279966947607,0.07907148296022891
34625,0.10298902730166502,-5823.4161461346675,8348.999637670946,5939.714678413311,2409.284959257635,0.07902282421717226
34630,0.10300389936336925,-5798.578039749733,8341.138110513386,5922.661171529343,2418.476938984043,0.07898860881852314
34635,0.10301877142507346,-5776.41561894615,8333.763236451183,5907.293451928344,2426.4697845228384,0.0790381119419108
34640,0.10303364348677767,-5756.771779716483,8326.510186481268,5893.613317427627,2432.8968690536403,0.07908217724114153
34645,0.10304851554848188,-5739.26798595157,8319.003341851763,5881.581648373178,2437.4216934785854,0.07912054728191383
34650,0.10306338761018609,-5723.296216708295,8310.874735710799,5871.1264858700615,2439.748249840737,0.07915294619991675
34655,0.1030782596718903,-5708.032027778711,8301.783070666368,5862.151647524773,2439.6314231415954,0.07920766472953374
34660,0.10309313173359451,-5692.468386357303,8291.432156274888,5854.544272273887,2436.887884001001,0.0792743676445062
34665,0.10310800379529872,-5675.467846267035,8279.587611057294,5848.1797075375125,2431.407903519781,0.07933452224405048
34670,0.10312287585700293,-5655.82878916472,8266.090759137036,5842.922472618099,2423.168286518937,0.07938818049656964
34675,0.10313774791870714,-5632.360102348324,8250.868812109284,5838.622654674771,2412.2461574345125,0.07943558098126832
34680,0.10315261998041135,-5603.957960160002,8233.940648198271,5835.107966239494,2398.8326819587774,0.07947716808938897
34685,0.10316749204211557,-5569.678382904077,8215.417766366954,5832.172701690902,2383.2450646760526,0.07951359172396942
34690,0.10318236410381978,-5528.799906881325,8195.500284702219,5829.565799829022,2365.934484873197,0.07954568462238278
34695,0.103197236165524,-5480.87185008063,8174.4681513393425,5826.98094027362,2347.4872110657225,0.07958264975088788
34700,0.1032121082272282,-5425.745070315195,8152.668023684243,5824.051872815163,2328.6161508690802,0.07962603755219964
34705,0.10322698028893242,-5363.583540397229,8130.496529656159,5820.355869434947,2310.140660221212,0.079667769327325
34710,0.10324185235063663,-5294.856303782365,8108.380837093701,5815.427283251033,2292.953553842668,0.07973307825274537
34715,0.10325672441234084,-5220.3103098051,8086.757611678757,5808.781815314096,2277.9757963646607,0.07981124526522188
34720,0.10327159647404505,-5140.925266829947,8066.0515316474875,5799.950456802195,2266.1010748452927,0.07988927919967323
34725,0.10328646853574926,-5057.85212443625,8046.6545461909445,5788.5204717869,2258.1340744040444,0.07996744401560149
34730,0.10330134059745347,-4972.337323756975,8028.907015396609,5774.17948076527,2254.727534631339,0.08004579715790948
34735,0.10331621265915768,-4885.6357848218395,8013.081757883237,5756.757894900925,2256.3238629823118,0.08012656734421685
34740,0.1033310847208619,-4798.916903880892,7999.3718652353145,5736.264737230534,2263.107128004781,0.08021931605060878
34745,0.10334595678256611,-4713.1696043710335,7987.882928766998,5712.912278501943,2274.970650265055,0.08031072632898524
34750,0.10336082884427032,-4629.114451326203,7978.630074250699,5687.12584663375,2291.504227616949,0.0804002742048016
34755,0.10337570090597453,-4547.13245800806,7971.5399266284185,5659.536523838298,2312.00340279012,0.08048736886553255
34760,0.10339057296767874,-4467.220771050354,7966.457344397118,5630.956074466459,2335.501269930659,0.08057138709806229
34765,0.10340544502938295,-4388.984244065364,7963.156489666064,5602.33517773411,2360.8213119319535,0.08067006654199457
34770,0.10342031709108716,-4311.66863750419,7961.355552618597,5574.7076898811565,2386.647862737441,0.08078368427410709
34775,0.10343518915279137,-4234.235987120445,7960.734243777612,5549.125052514664,2411.609191262948,0.0808921584543376
34780,0.10345006121449558,-4155.476338004633,7960.953014932365,5526.585947375857,2434.367067556507,0.08099502411938285
34785,0.1034649332761998,-4074.143772221056,7961.672874352842,5507.966771223227,2453.7061031296153,0.08109187101606688
34790,0.103479805337904,-3989.099817026943,7962.574623349513,5493.95843096674,2468.616192382773,0.08119669460123753
34795,0.10349467739960823,-3899.445001504875,7963.376356276409,5485.014368724273,2478.3619875521363,0.08129496956604197
34800,0.10350954946131244,-3804.6200787671287,7963.848133408934,5481.313706816335,2482.5344265925987,0.08138622051062865
34805,0.10352442152301665,-3704.4621553462525,7963.822859423991,5482.742081598168,2481.080777825823,0.08147025940182531
34810,0.10353929358472086,-3599.20703838775,7963.202588366838,5488.891261574972,2474.311326791866,0.08154694816371573
34815,0.10355416564642507,-3489.436577414863,7961.959739864266,5499.07717399824,2462.882565866026,0.08161620353050773
34820,0.10356903770812928,-3375.9775980879926,7960.133056787272,5512.374641363345,2447.7584154239266,0.08171680093519572
34825,0.10358390976983349,-3259.7662050488752,7957.818554156013,5527.6660784394735,2430.15247571654,0.0818156126980241
34830,0.1035987818315377,-3141.696876045985,7955.156176250763,5543.700705043677,2411.455471207086,0.08190692773863698
34835,0.10361365389324191,-3022.4790907606844,7952.313345959137,5559.160515575074,2393.1528303840632,0.08200334607438674
34840,0.10362852595494612,-2902.524578940893,7949.466994043732,5572.729271924928,2376.7377221188035,0.08209720706940397
34845,0.10364339801665033,-2781.8852038230593,7946.7859269108785,5583.161050097138,2363.6248768137402,0.08218392737690572
34850,0.10365827007835456,-2660.2549856640076,7944.415467903108,5589.3452376391,2355.0702302640084,0.08226382427746787
34855,0.10367314214005877,-2537.0403608547144,7942.4661477855725,5590.365222905201,2352.100924880371,0.08233728410104435
34860,0.10368801420176298,-2411.4916856646623,7941.007814411375,5585.548265108039,2355.4595493033357,0.08240474952288551
34865,0.10370288626346719,-2282.878045254168,7940.069906212565,5574.504194429865,2365.5657117827004,0.08247987491135002
34870,0.1037177583251714,-2150.678723335292,7939.647854091548,5557.1507527514095,2382.497101340138,0.08258487859536644
34875,0.10373263038687561,-2014.7601399443124,7939.714739839677,5533.723683650088,2405.9910561895895,0.08269047733456135
34880,0.10374750244857982,-1875.5078820132526,7940.236565976199,5504.77024223536,2435.4663237408395,0.08280320949332556
34885,0.10376237451028403,-1733.8897538741999,7941.188903884696,5471.125680964042,2470.063222920654,0.08291085290576998
34890,0.10377724657198824,-1591.4364963739436,7942.5723867799825,5433.873432486433,2508.69895429355,0.0830135794732393
34895,0.10379211863369245,-1450.139939909645,7944.424563549085,5394.291006240016,2550.133557309069,0.0831114676676564
34900,0.10380699069539666,-1312.281377390383,7946.826038169336,5353.784828230646,2593.0412099386904,0.08320448084798421
34905,0.10382186275710088,-1180.213513119702,7949.899540572399,5313.81816757709,2636.081372995309,0.08329245195098824
34910,0.1038367348188051,-1056.1257728990513,7953.801513452502,5275.8367546779855,2677.9647587745167,0.08337507702905765
34915,0.1038516068805093,-941.824329363541,7958.706826140728,5241.196650713973,2717.5101754267544,0.08348892081589676
34920,0.10386647894221351,-838.5551666087058,7964.788196307616,5211.098429231364,2753.689767076252,0.08361648765593399
34925,0.10388135100391772,-746.8918810860491,7972.192672512027,5186.530910474107,2785.6617620379193,0.08374464331545477
34930,0.10389622306562193,-666.7010581332493,7981.017991282195,5168.226718485493,2812.7912727967023,0.0838645614224344
34935,0.10391109512732614,-597.1883479803837,7991.291703014292,5156.630975369274,2834.6607276450177,0.08397553389730657
34940,0.10392596718903035,-537.018934827136,8002.955653660041,5151.883633543539,2851.0720201165022,0.08407685653006178
34945,0.10394083925073457,-484.4977866876916,8015.857771391491,5153.815343678657,2862.042427712834,0.08416785767311527
34950,0.10395571131243878,-437.78847297331504,8029.752252652763,5161.956366303371,2867.7958863493914,0.08424792333242599
34955,0.10397058337414299,-395.14486691729144,8044.308315955213,5175.557803749459,2868.7505122057546,0.08431651730032841
34960,0.10398545543584721,-355.1280657528914,8059.12683869873,5193.624264903418,2865.502573795312,0.08440010209289898
34965,0.10400032749755142,-316.7816737596477,8073.76352132764,5214.956882854556,2858.8066384730837,0.08451171802145138
34970,0.10401519955925563,-279.7424118491317,8087.756785220666,5238.20531991453,2849.5514653061355,0.08461452018428996
34975,0.10403007162095984,-244.26983221307455,8100.6583950708855,5261.927004302852,2838.7313907680336,0.08470480329987147
34980,0.10404494368266405,-211.1883424563939,8112.064746656198,5284.651393445691,2827.413353210507,0.0847824432629585
34985,0.10405981574436826,-181.74590132941194,8121.646804786554,5304.946633531108,2816.7001712554456,0.08484744155193429
34990,0.10407468780607247,-157.40524608884425,8129.176757588636,5321.485672288637,2807.691085299999,0.08489992658789663
34995,0.10408955986777668,-139.59359263833358,8134.549553804259,5333.108744237447,2801.4408095668114,0.0849555388928343
35000,0.10410443192948089,-129.44361032348843,8137.797632701295,5338.879204604202,2798.918428097093,0.0850006969304132
35005,0.1041193039911851,-127.56069467502857,8139.097392781892,5338.12992035743,2800.9674724244624,0.08505332037935183
35010,0.10413417605288931,-133.8485223183161,8138.766328531794,5330.497796174818,2808.268532356976,0.08513358332996288
35015,0.10414904811459354,-147.41698967822322,8137.250321288853,5315.944486637941,2821.3058346509124,0.08520342466306116
35020,0.10416392017629775,-166.5853119649928,8135.101284336137,5294.761910938585,2840.3393733975518,0.08526320062595903
35025,0.10417879223800196,-188.98031984831232,8132.946171224148,5267.5618495405,2865.3843216836485,0.085321529320883
35030,0.10419366429970617,-211.71795132089392,8131.44916588344,5235.249672922513,2896.1994929609273,0.08537916677926513
35035,0.10420853636141038,-231.64627481423668,8131.269580393008,5198.983120302931,2932.2864600900775,0.0854272048869048
35040,0.10422340842311459,-245.62204638508047,8133.018502232306,5160.117964401431,2972.900537830875,0.08546580582717352
35045,0.1042382804848188,-250.7900281498096,8137.217495862652,5120.143282321796,3017.0742135408564,0.08549507025170458
35050,0.10425315254652301,-244.834828754927,8144.262642442475,5080.609795733903,3063.652846708572,0.08551876778865847
35055,0.10426802460822722,-226.17844213537592,8154.396890667618,5043.055243115474,3111.3416475521444,0.08558265744601128
35060,0.10428289666993143,-194.10253624557117,8167.69310564415,5008.930932014889,3158.7621736292613,0.08564792659260229
35065,0.10429776873163564,-148.78246644871706,8184.049374752063,4979.533468913682,3204.5159058383815,0.08570707732585368
35070,0.10431264079333986,-91.22942995974063,8203.197116192661,4955.945209956758,3247.2519062359033,0.08575599656415225
35075,0.10432751285504407,-23.147361850385096,8224.721422698327,4938.986290290281,3285.7351324080455,0.08579431762995
35080,0.10434238491674828,53.27895534900472,8248.091974045357,4929.180266509309,3318.911707536048,0.08582165955376879
35085,0.1043572569784525,135.63977394097674,8272.701899777167,4926.734538916616,3345.967360860551,0.08584751290840598
35090,0.1043721290401567,221.56990961816973,8297.91129489021,4931.535886140102,3366.3754087501075,0.08586425476843532
35095,0.10438700110186092,308.9997734612116,8323.091777734371,4943.1607008973215,3379.9310768370497,0.08586864485552947
35100,0.10440187316356513,396.3582444730491,8347.668562028586,4960.898897069898,3386.769664958688,0.08586033783351026
35105,0.10441674522526934,482.7043641838809,8371.156954324993,4983.789978119954,3387.3669762050395,0.08583902303515577
35110,0.10443161728697355,567.7747981065368,8393.190887637938,5010.669406196194,3382.521481441744,0.08585121020643315
35115,0.10444648934867776,651.9457646928176,8413.541936626501,5040.223157899718,3373.3187787267834,0.0858533803104079
35120,0.10446136141038197,736.1197237218039,8432.12811303347,5071.04814660471,3361.0799664287597,0.08585272017836591
35125,0.10447623347208619,821.5565783245902,8449.012529511918,5101.715979924586,3347.2965495873323,0.08583882871374314
35130,0.1044911055337904,909.6749809319163,8464.392704275708,5130.837275324608,3333.5554289511,0.08581151515162795
35135,0.10450597759549461,1001.8508617252382,8478.581846976265,5157.123497760449,3321.4583492158163,0.08577066716771259
35140,0.10452084965719882,1099.2377460754788,8491.983914894867,5179.443094980591,3312.5408199142757,0.0857162548122638
35145,0.10453572171890303,1202.6277591314793,8505.06454510082,5196.868722847559,3308.195822253261,0.08564973383884529
35150,0.10455059378060724,1312.3647922692626,8518.320124831262,5208.712714477169,3309.6074103540923,0.08557773319342792
35155,0.10456546584231145,1428.3135266491472,8532.247227494898,5214.548735412019,3317.698492082879,0.08549247896796593
35160,0.10458033790401566,1549.8810335344342,8547.314401081238,5214.218751284452,3333.0956497967854,0.08539422332660758
35165,0.10459520996571987,1676.0822738264678,8563.937871209106,5207.825848878825,3356.1120223302805,0.08529012575713076
35170,0.10461008202742408,1805.637358853306,8582.4621759671,5195.7148269545105,3386.7473490125903,0.08517429790863519
35175,0.1046249540891283,1937.0869146468358,8603.146177208564,5178.443513989299,3424.7026632192647,0.08507772169160174
35180,0.10463982615083252,2068.9120756402344,8626.15439138495,5156.74824910307,3469.4061422818795,0.0849795640387448
35185,0.10465469821253673,2199.6471658749915,8651.553228550523,5131.506798093608,3520.046430456915,0.08487197439302956
35190,0.10466957027424094,2327.9756212285547,8679.31155589279,5103.701259026968,3575.6102968658215,0.08475365283969732
35195,0.10468444233594515,2452.8027776710533,8709.305000531238,5074.382472163719,3634.9225283675187,0.08462605042278369
35200,0.10469931439764936,2573.302395022304,8741.323525710963,5044.636383406433,3696.6871423045295,0.08448929369965953
35205,0.10471418645935357,2688.9367825938743,8775.081984016151,5015.551990964494,3759.5299930516576,0.08434224377485756
35210,0.10472905852105778,2799.4527545122246,8810.233498001913,4988.190106403336,3822.043391598577,0.08418502229365445
35215,0.10474393058276199,2904.8571147509274,8846.38558361118,4963.552225691395,3882.833357919785,0.08401773754808746
35220,0.1047588026444662,3005.3759273232145,8883.118878907553,4942.54924953816,3940.5696293693927,0.08384048917805417
35225,0.10477367470617041,3101.401681945108,8920.008160449073,4925.970447641136,3994.037712807937,0.08365337332167617
35230,0.10478854676787462,3193.4319963078515,8956.645037543325,4914.453736393081,4042.191301150244,0.08345648702164433
35235,0.10480341882957885,3282.003095072696,8992.661348184627,4908.458873267813,4084.202474916814,0.08324993080796113
35240,0.10481829089128306,3367.6212441123316,9027.751895249283,4908.2454670593615,4119.506428189921,0.08303380870744821
35245,0.10483316295298727,3450.6956746217475,9061.69482710029,4913.857732833241,4147.837094267048,0.08280822544459934
35250,0.10484803501469148,3531.47719397298,9094.367760469617,4925.117702507697,4169.25005796192,0.0825732812183773
35255,0.10486290707639569,3610.0074007821345,9125.75774113129,4941.628174430744,4184.129566700546,0.08232906504908558
35260,0.1048777791380999,3686.0838910816424,9155.963399832728,4962.7860874301705,4193.177312402558,0.08209183840775956
35265,0.10489265119980411,3759.2467636476104,9185.18821541605,4987.806276162928,4197.381939253122,0.0818614998162502
35270,0.10490752326150832,3828.790887402872,9213.724623817372,5015.754755798453,4197.969868018919,0.08162224236711105
35275,0.10492239532321253,3893.8066896866408,9241.929733020987,5045.5898675512935,4196.339865469693,0.08137402877772643
35280,0.10493726738491674,3953.2497121847728,9270.1944876644,5076.208887558344,4193.985600106055,0.0811168026461281
35285,0.10495213944662095,4006.0360477067775,9298.909104282848,5106.497166902882,4192.411937379966,0.08085050134351367
35290,0.10496701150832517,4051.1573120632665,9328.42829512727,5135.376629272025,4193.051665855246,0.08057507289645698
35295,0.10498188357002938,4087.805407524554,9359.04007222769,5161.850572506449,4197.189499721241,0.08029049499849021
35300,0.1049967556317336,4115.494462557737,9390.941693718129,5185.042213866103,4205.899479852025,0.07999679396641875
35305,0.1050116276934378,4134.165515660277,9424.225581938783,5204.2252250014435,4220.000356937339,0.07969406145585509
35310,0.10502649975514201,4144.2592962051585,9458.876889421992,5218.845482741665,4240.031406680327,0.07938246702800526
35315,0.10504137181684622,4146.744302906456,9494.782963600492,5228.534221274251,4266.248742326241,0.07906226514040784
35320,0.10505624387855043,4143.091499779372,9531.753456213299,5233.113509291218,4298.6399469220805,0.07873379574149837
35325,0.10507111594025464,4135.193117599764,9569.548447513667,5232.595348839737,4336.95309867393,0.07839747831660636
35330,0.10508598800195885,4125.23050330224,9607.910905420267,5227.17566621084,4380.735239209427,0.07805379989907951
35335,0.10510086006366307,4115.503456171262,9646.599233840589,5217.224125193521,4429.3751086470675,0.0777032981535069
35340,0.10511573212536728,4108.23956321524,9685.415676167415,5203.270212093968,4482.145464073446,0.0775367402550139
35345,0.1051306041870715,4105.405414256196,9724.226938499436,5185.985613394682,4538.241325104754,0.07750248859965976
35350,0.10514547624877571,4108.541531846612,9762.97449971003,5166.162678790017,4596.811820920013,0.07744413959808075
35355,0.10516034831047992,4118.639475214466,9801.673517139187,5144.688796714393,4656.9847204247935,0.07739015797769976
35360,0.10517522037218413,4136.073692756057,9840.400798787781,5122.516779352191,4717.88401943559,0.07736094808154662
35365,0.10519009243388834,4160.593575775394,9879.273763061803,5100.631769368336,4778.641993693467,0.07731682731438827
35370,0.10520496449559255,4191.374131756995,9918.423441517747,5080.015625782207,4838.40781573554,0.07725901618340214
35375,0.10521983655729676,4227.117782235666,9957.965256581903,5061.610116062786,4896.355140519117,0.07719876642558583
35380,0.10523470861900097,4266.195554803973,9997.971462552732,5046.280463346618,4951.690999206115,0.07718282260594074
35385,0.10524958068070518,4306.813460116791,10038.44879321924,5034.780844498986,5003.667948720255,0.07715282974723749
35390,0.10526445274240939,4347.188860150184,10079.324100283111,5027.723324833153,5051.600775449958,0.07710964898779057
35395,0.1052793248041136,4385.721736278885,10120.439727316385,5025.55150426754,5094.888223048845,0.07705417215609295
35400,0.10529419686581783,4421.146594011523,10161.559198628223,5028.519911320309,5133.0392873079145,0.07699486361851823
35405,0.10530906892752204,4452.6521176370115,10202.382660898451,5036.6799820422,5165.702678856251,0.07698137467215489
35410,0.10532394098922625,4479.957671310904,10242.570521359794,5049.8733330833,5192.697188276494,0.07695398105262931
35415,0.10533881305093046,4503.338578207416,10281.77296354278,5067.73296424281,5214.03999929997,0.07691342209030445
35420,0.10535368511263467,4523.596074869701,10319.662529337247,5089.692942692178,5229.969586645069,0.07686053140042585
35425,0.10536855717433888,4541.9730263537385,10355.966734133306,5115.006943556156,5240.95979057715,0.07679622430851617
35430,0.10538342923604309,4560.022600586361,10390.497703019852,5142.775678175002,5247.722024844849,0.0767788574502027
35435,0.1053983012977473,4579.443354401612,10423.17604441787,5171.9827056253625,5251.193338792508,0.07675126675529055
35440,0.10541317335945151,4601.899413447822,10454.046583725103,5201.537428969205,5252.509154755898,0.07671044425746033
35445,0.10542804542115572,4628.847379816285,10483.28414938216,5230.32331594648,5252.96083343568,0.07665737942472593
35450,0.10544291748285993,4661.391336384249,10511.188333856055,5257.248682398019,5253.939651458036,0.07659313626114904
35455,0.10545778954456415,4700.1835606975,10538.167033702633,5281.296873852997,5256.870159849636,0.07658982882882966
35460,0.10547266160626836,4745.38185235348,10564.709571068965,5301.572495525466,5263.137075543498,0.07659010659536307
35465,0.10548753366797257,4796.665954359556,10591.351237427469,5317.3405463398185,5274.01069108765,0.07660004233148486
35470,0.10550240572967678,4853.307021636725,10618.63206234872,5328.05591374796,5290.5761486007605,0.07660743087458573
35475,0.105517277791381,4914.2770291716315,10647.053357738685,5333.3816111153055,5313.6717466233795,0.07661236992520153
35480,0.1055321498530852,4978.380581775898,10677.035992764784,5333.195248144524,5343.84074462026,0.07661495778355015
35485,0.10554702191478942,5044.390313404539,10708.884328790244,5327.584337607438,5381.299991182806,0.07661529719382637
35490,0.10556189397649363,5111.168783883148,10742.759260160296,5316.8319824818445,5425.927277678451,0.07661349578578806
35495,0.10557676603819784,5177.763764188854,10778.662906548201,5301.395126192574,5477.267780355627,0.07660966339787502
35500,0.10559163809990205,5243.469003491329,10816.436288678518,5281.877827462203,5534.558461216316,0.07661249717311926
35505,0.10560651016160626,5307.847933045659,10855.76994407687,5259.001957639254,5596.767986437616,0.07662150974027769
35510,0.10562138222331048,5370.722454721512,10896.226086710558,5233.577384996496,5662.648701714062,0.07662825342323938
35515,0.10563625428501469,5432.132499455831,10937.269774286553,5206.473205332288,5730.796568954265,0.07663280125386784
35520,0.1056511263467189,5492.274259454809,10978.305784531864,5178.590997459796,5799.714787072067,0.07663520004712664
35525,0.10566599840842311,5551.425958326211,11018.71762228479,5150.840505892264,5867.877116392526,0.07663546767974087
35530,0.10568087047012732,5609.8699107578905,11057.90530032683,5124.117643549167,5933.787656777662,0.07663359320475964
35535,0.10569574253183153,5667.8186825286175,11095.319179276914,5099.284315127735,5996.034864149179,0.07662954020644432
35540,0.10571061459353574,5725.351664190019,11130.488053883553,5077.149330928087,6053.338722955466,0.07663788487022655
35545,0.10572548665523995,5782.366592315862,11163.04062860599,5058.4496475148135,6104.590981091176,0.07675645151094158
35550,0.10574035871694416,5838.548740183482,11192.720334529786,5043.831354996165,6148.888979533621,0.07688754073106119
35555,0.10575523077864837,5893.35885097215,11219.393958777484,5033.830220107167,6185.5637386703165,0.07693862769493988
35560,0.10577010284035258,5946.039524556295,11243.054734416648,5028.852137015799,6214.202597400849,0.07696464000815945
35565,0.10578497490205681,5995.638739784543,11263.820422567273,5029.154436590866,6234.665985976407,0.07711448558332903
35570,0.10579984696376102,6041.048473411838,11281.926640737356,5034.829529442176,6247.09711129518,0.0771801485747033
35575,0.10581471902546523,6081.055888061041,11297.715423392912,5045.792672873301,6251.922750519611,0.07715952662904249
35580,0.10582959108716944,6114.404206683652,11311.618897823597,5061.77565490075,6249.843242922847,0.07733473007837437
35585,0.10584446314887365,6139.860086612462,11324.138110399139,5082.327848325291,6241.810262073848,0.07755183598069793
35590,0.10585933521057786,6156.2840151078135,11335.817442333237,5106.82546289353,6228.9919794397065,0.0777033896124209
35595,0.10587420727228207,6162.699983311906,11347.215617942715,5134.489051403862,6212.726566538853,0.07780608859178309
35600,0.10588907933398628,6158.360500023079,11358.87488476538,5164.408582226972,6194.466302538409,0.07803829805366334
35605,0.10590395139569049,6142.802927314702,11371.290381127168,5195.574834620001,6175.715546507167,0.07819744176734915
35610,0.1059188234573947,6115.893200724026,11384.881891489302,5226.915596027024,6157.966295462278,0.07828096466172584
35615,0.10593369551909891,6077.853297556114,11399.970080188257,5257.335142034288,6142.634938153969,0.07836188602183224
35620,0.10594856758080314,6029.269430189483,11416.758916017125,5285.755674849297,6131.003241167828,0.07850414092011647
35625,0.10596343964250735,5971.078968490604,11435.325429518543,5311.159647361999,6124.165782156544,0.0785617268745061
35630,0.10597831170421156,5904.535574974852,11455.617280563834,5332.632062323138,6122.985218240697,0.07853353155141463
35635,0.10599318376591577,5831.153868170291,11477.45795353091,5349.401802584797,6128.056150946112,0.0785588798345196
35640,0.10600805582761998,5752.636854949428,11500.558822082305,5360.880782542666,6139.678039539639,0.07856477539934764
35645,0.10602292788932419,5670.791050613385,11524.53689073759,5366.699261346821,6157.8376293907695,0.07847704400927355
35650,0.1060377999510284,5587.435351868135,11548.936753040258,5366.735148519174,6182.201604521084,0.07829755573315153
35655,0.10605267201273261,5504.310234682956,11573.255204611432,5361.134729108881,6212.120475502551,0.07822350582625316
35660,0.10606754407443682,5422.993801209059,11596.966989012473,5350.322104999426,6246.644884013047,0.07805558111078689
35665,0.10608241613614103,5344.8307784294775,11619.550295252708,5334.994915429644,6284.555379823064,0.07818140500039242
35670,0.10609728819784524,5270.879901834431,11640.510823268638,5316.10461494602,6324.406208322618,0.07830743973976362
35675,0.10611216025954946,5201.884178267448,11659.403446414888,5294.82071877277,6364.582727642118,0.0783552753669505
35680,0.10612703232125367,5138.267165288024,11675.850696079373,5272.47986176653,6403.370834312843,0.0784724563971766
35685,0.10614190438295788,5080.156482524242,11689.557454836617,5250.522080667995,6439.035374168621,0.07853708133399274
35690,0.1061567764446621,5027.433279288111,11700.321370255191,5230.418201169819,6469.903169085372,0.07851395913265333
35695,0.1061716485063663,4979.8035385605735,11708.038610212707,5213.593360722363,6494.4452494903435,0.07840470435551057
35700,0.10618652056807051,4936.884309751207,11712.704707683759,5201.352319991048,6511.352387692711,0.07832108518181459
35705,0.10620139262977472,4898.295725741846,11714.410430027776,5194.812172048139,6519.598257979637,0.07819180090889091
35710,0.10621626469147893,4863.748417543211,11713.332884666599,5194.847313970307,6518.485570696292,0.0779682684184988
35715,0.10623113675318314,4833.115974434799,11709.722438133853,5202.050192065497,6507.672246068356,0.07765628954838544
35720,0.10624600881488735,4806.483471335342,11703.886433731424,5216.709584228881,6487.1768495025435,0.07788400540076165
35725,0.10626088087659157,4784.1656422553115,11696.171059462587,5238.806343446424,6457.364716016164,0.07803438356517102
35730,0.10627575293829579,4766.691697649219,11686.942939950433,5268.024919682993,6418.918020267441,0.07809054866229874
35735,0.106290625,4754.757652455453,11676.572018024268,5303.777869043838,6372.79414898043,0.07805290158940971
35740,0.10630549706170421,4749.150917519499,11665.41701890752,5345.240086355051,6320.176932552468,0.07792418557073869
35745,0.10632036912340842,4750.655390864242,11653.814288260499,5391.389635927695,6262.424652332804,0.07780998024763965
35750,0.10633524118511263,4759.947969907909,11642.07016674719,5441.052637645563,6201.017529101627,0.07760742209385807
35755,0.10635011324681684,4777.4989240470495,11630.456448531018,5492.950442099736,6137.506006431282,0.07730927626986904
35760,0.10636498530852105,4803.488627001196,11619.2080062665,5545.748046971026,6073.459959295475,0.07720802521223505
35765,0.10637985737022526,4837.751613364406,11608.521444414773,5598.103178892391,6010.418265522382,0.07733531500008427
35770,0.10639472943192947,4879.7558908828,11598.553691845043,5648.715600208819,5949.838091636225,0.07735965438371684
35775,0.10640960149363368,4928.621255241147,11589.419720845244,5696.3760051963645,5893.04371564888,0.07728403422799897
35780,0.10642447355533789,4983.175542098117,11581.188993211748,5740.013425947502,5841.175567264247,0.07711409846942467
35785,0.10643934561704212,5042.042904313692,11573.880683069148,5778.739499514084,5795.141183555064,0.07685791235913345
35790,0.10645421767874633,5103.753900315756,11567.458128491036,5811.887400043069,5755.570728447968,0.07673758708840409
35795,0.10646908974045054,5166.863978207493,11561.823275116072,5839.042859100046,5722.780416016026,0.07674565133194325
35800,0.10648396180215475,5230.065382406141,11556.812083895353,5860.064614325784,5696.747469569569,0.07675145305893605
35805,0.10649883386385896,5292.2780707816555,11552.191986528915,5875.091932870663,5677.100053658251,0.07675513403316912
35810,0.10651370592556317,5352.708147692708,11547.662485161805,5884.537579979524,5663.1249051822815,0.07675681430144521
35815,0.10652857798726738,5410.867374860023,11542.859890587968,5889.065689251334,5653.794201336634,0.07675658000817397
35820,0.10654345004897159,5466.553719468197,11537.366948939007,5889.555299260824,5647.811649678183,0.07675531241125487
35825,0.1065583221106758,5519.799355809996,11530.727703661243,5887.051651835465,5643.676051825778,0.07676941971025414
35830,0.10657319417238001,5570.797615420759,11522.467391373493,5882.708490312682,5639.758901060811,0.07678120581231083
35835,0.10658806623408422,5619.822925799328,11512.116533495444,5877.725384999585,5634.391148495859,0.07679052127316087
35840,0.10660293829578844,5667.157283030321,11499.237754266533,5873.284462108789,5625.953292157744,0.0767971463813365
35845,0.10661781035749265,5713.033561008831,11483.453341740387,5870.4908221221285,5612.962519618259,0.07680080439644868
35850,0.10663268241919686,5757.600949244064,11464.471272833543,5870.320466755414,5594.15080607813,0.0768011825350973
35855,0.10664755448090107,5800.912387975822,11442.10741137878,5873.5787990799345,5568.5286122988455,0.07680531660283635
35860,0.10666242654260528,5842.929370524072,11416.301870677438,5880.87180425004,5535.430066427398,0.07681797673847708
35865,0.1066772986043095,5883.536874696631,11387.12806458872,5892.590931892816,5494.537132695904,0.07682586231757124
35870,0.1066921706660137,5922.560850795027,11354.793663809922,5908.911556599026,5445.882107210896,0.07682874129155076
35875,0.10670704272771792,5959.782395407281,11319.633413765836,5929.803775560881,5389.829638204955,0.0768264899738873
35880,0.10672191478942213,5994.945745800587,11282.09444726755,5955.053320499513,5327.0411267680365,0.0768191156020582
35885,0.10673678685112634,6027.760545042379,11242.715255154812,5984.289635582714,5258.425619572097,0.07681793967146622
35890,0.10675165891283055,6057.901473661054,11202.099818799326,6017.0178110059405,5185.082007793386,0.07681905498721071
35895,0.10676653097453477,6085.009612590661,11160.888560543974,6052.651122423389,5108.237438120585,0.07681485465363032
35900,0.10678140303623898,6108.699542848581,11119.727767358167,6090.541396383087,5029.18637097508,0.07680588863418497
35905,0.10679627509794319,6128.5744632029155,11079.239043088748,6130.005211628985,4949.233831459763,0.07679281891316399
35910,0.1068111471596474,6144.249195216529,11039.990199904869,6170.344908822233,4869.645291082636,0.07677638567594114
35915,0.10682601922135161,6155.378689053332,11002.468849936233,6210.864348261767,4791.604501674466,0.07675736865847808
35920,0.10684089128305582,6161.688236840406,10967.05982139757,6250.880174443592,4716.179646953978,0.07674014412768272
35925,0.10685576334476003,6163.001332154611,10934.027394105846,6289.72991129062,4644.2974828152255,0.07673463951498531
35930,0.10687063540646424,6159.261805329002,10903.503203770437,6326.778474783203,4576.724728987234,0.07672785489132293
35935,0.10688550746816845,6150.548028971887,10875.480471478559,6361.424658606057,4514.0558128725015,0.07672040882395881
35940,0.10690037952987266,6137.078132796418,10849.814947925744,6393.108873700879,4456.706074224866,0.07671280981400083
35945,0.10691525159157687,6119.20604272908,10826.232611644775,6421.322978626577,4404.909633018197,0.07670544750120217
35950,0.1069301236532811,6097.408821686864,10804.343743534027,6445.622505660353,4358.721237873674,0.07669859124366633
35955,0.10694499571498531,6072.266441230748,10783.66256105871,6465.641042085284,4318.021518973426,0.07669239408561256
35960,0.10695986777668952,6044.43586509699,10763.63120041479,6481.1060268728725,4282.525173541917,0.07669642831150347
35965,0.10697473983839373,6014.622052269862,10743.646554033083,6491.854811666057,4251.791742367026,0.07670722879568086
35970,0.10698961190009794,5983.548880756734,10723.08835786009,6497.849537374958,4225.238820485131,0.07671787763253735
35975,0.10700448396180215,5951.9327644007635,10701.346996197532,6499.189208138142,4202.1577880593895,0.07672818419926629
35980,0.10701935602350636,5920.4608137930445,10677.849725378179,6496.117312102677,4181.732413275502,0.07673789624470034
35985,0.10703422808521057,5889.773998368955,10652.084345960711,6489.023451512084,4163.060894448628,0.07674671200876165
35990,0.10704910014691478,5860.454325386658,10623.6196911273,6478.437712103407,4145.181979023893,0.07675429351765004
35995,0.10706397220861899,5833.014029779808,10592.122567117494,6465.0169312448825,4127.105635872612,0.07676794372389445
36000,0.1070788442703232,5807.88452451943,10557.370930987523,6449.5226156858425,4107.8483153016805,0.07678872231194996
36005,0.10709371633202742,5785.403548358814,10519.263117843415,6432.790994424197,4086.4721234192175,0.07680666435011646
36010,0.10710858839373164,5765.800470067525,10477.82287451573,6415.696519984938,4062.126354530792,0.07682146507588443
36015,0.10712346045543585,5749.181707475084,10433.19988888536,6399.110961769295,4034.088927116065,0.07683286368333232
36020,0.10713833251714006,5735.5201206258935,10385.665496619644,6383.860939289853,4001.8045573297904,0.07684065859800297
36025,0.10715320457884427,5724.653378451572,10335.603350496845,6370.687173345824,3964.9161771510217,0.07684472096538732
36030,0.10716807664054848,5716.296132747208,10283.495063020879,6360.208758196796,3923.2863048240824,0.07686279816781624
36035,0.10718294870225269,5710.069139504115,10229.90115107106,6352.895306302268,3877.0058447687925,0.07687695724378069
36040,0.1071978207639569,5705.545460209979,10175.437965115578,6349.048915761472,3826.3890493541057,0.07688676859876141
36045,0.10721269282566111,5702.3101661378405,10120.751612522472,6348.796699329403,3771.954913193069,0.07689241853528195
36050,0.10722756488736532,5700.0263994414245,10066.490136407961,6352.093327465108,3714.3968089428536,0.07689417755692514
36055,0.10724243694906953,5698.498066328666,10013.275363668552,6358.73194924497,3654.5434144235824,0.07689238666643518
36060,0.10725730901077375,5697.71850453937,9961.67588518771,6368.36119569318,3593.3146894945294,0.07690020629579193
36065,0.10727218107247796,5697.895500079413,9912.182585587288,6380.505854768732,3531.6767308185563,0.0769094623054958
36070,0.10728705313418217,5699.44594649252,9865.188007961973,6394.5891956126125,3470.5988123493607,0.07691533346895575
36075,0.10730192519588638,5702.957774671835,9820.970625113572,6409.955634744906,3411.014990368666,0.07691821485404526
36080,0.1073167972575906,5709.121765443399,9779.68479623315,6425.893232301064,3353.7915639320863,0.07691846678071271
36085,0.1073316693192948,5718.640595821616,9741.356826750798,6441.656151680227,3299.7006750705714,0.07691639618254012
36090,0.10734654138099901,5732.126147419903,9705.887144302491,6456.487561591781,3249.39958271071,0.07691224533429321
36095,0.10736141344270322,5749.998166040557,9673.058197841301,6469.643459503265,3203.414738338036,0.07691972851250024
36100,0.10737628550440743,5772.397587276844,9642.547333792683,6480.417591738902,3162.1297420537812,0.0769261432568646
36105,0.10739115756611164,5799.12630973563,9613.943654383218,6488.167133886508,3125.77652049671,0.07692990859980088
36110,0.10740602962781585,5829.6221590093755,9586.76775111765,6492.338196839576,3094.4295542780737,0.07693112270457475
36115,0.10742090168952008,5862.973582751651,9560.49323113872,6492.489667792231,3068.0035633464895,0.07692986847116676
36120,0.10743577375122429,5897.973677668325,9534.569082005719,6488.313508213345,3046.255573792374,0.07692622604996498
36125,0.1074506458129285,5933.208053143501,9508.442093756757,6479.649520681003,3028.7925730757543,0.07692028237347884
36130,0.10746551787463271,5967.166543326931,9481.578714777183,6466.492829912143,3015.0858848650396,0.07691480506382517
36135,0.10748038993633692,5998.365718978883,9453.48581667787,6448.99289921341,3004.4929174644603,0.07691773226370799
36140,0.10749526199804113,6025.468168003228,9423.729871691796,6427.443739424686,2996.2861322671097,0.0769181125839144
36145,0.10751013405974534,6047.385794426157,9391.954025708617,6402.265911341066,2989.688114367551,0.07691613732149023
36150,0.10752500612144955,6063.357522850497,9357.892523083834,6373.981791545379,2983.9107315384554,0.07691198518507085
36155,0.10753987818315376,6072.995904955618,9321.381948327335,6343.186205789562,2978.1957425377723,0.07690580831370163
36160,0.10755475024485797,6076.301170108602,9282.368818758354,6310.514843927052,2971.8539748313015,0.07689771885983963
36165,0.10756962230656218,6073.644427577508,9240.91318753517,6276.6128568556505,2964.30033067952,0.07688777814225833
36170,0.1075844943682664,6065.723663520293,9197.18807048901,6242.1057744764385,2955.0822960125715,0.07688181251014521
36175,0.10759936642997062,6053.4970211421705,9151.474655994194,6207.574481759067,2943.9001742351275,0.07688124241404566
36180,0.10761423849167483,6038.098065987476,9104.153367511099,6173.535539168562,2930.617828342537,0.07687828876393113
36185,0.10762911055337904,6020.737847388691,9055.690920901214,6140.427678826035,2915.263242075179,0.07687283889645163
36190,0.10764398261508325,6002.598955863279,9006.623579540983,6108.604845701786,2898.018733839197,0.07686475408265732
36195,0.10765885467678746,5984.727579654288,8957.536905877687,6078.3356574722775,2879.2012484054094,0.07685389141982957
36200,0.10767372673849167,5967.930667547315,8909.04248386998,6049.808613077125,2859.2338707928548,0.07684012722828579
36205,0.10768859880019588,5952.68640682749,8861.752363004363,6023.141813456002,2838.6105495483616,0.07682390046730535
36210,0.10770347086190009,5939.0769124832295,8816.252327054872,5998.395439312033,2817.856887742839,0.07681721216634159
36215,0.1077183429236043,5926.751851134663,8773.075447585927,5975.584860676776,2797.490586909151,0.07680703398652895
36220,0.10773321498530851,5914.930301617716,8732.67763960216,5954.692132028868,2777.985507573291,0.07679350737848027
36225,0.10774808704701273,5902.445261007563,8695.416992128707,5935.673824390501,2759.7431677382056,0.07677685420771244
36230,0.10776295910871694,5887.83090703461,8661.538435520019,5918.463678757898,2743.07475676212,0.07675756178416998
36235,0.10777783117042115,5869.447467771148,8631.164832108689,5902.969388467038,2728.195443641651,0.0767417246168958
36240,0.10779270323212536,5845.633126776931,8604.294911902978,5889.063828359897,2715.231083543081,0.07673348317295815
36245,0.10780757529382957,5814.8678104531355,8580.807749022726,5876.572097978206,2704.2356510445197,0.07672329539428535
36250,0.10782244735553378,5775.930908760865,8560.472833002534,5865.2566641988715,2695.216168803662,0.07671172353421424
36255,0.107837319417238,5728.034590378427,8542.964353315132,5854.803512589045,2688.1608407260874,0.0766992954743041
36260,0.1078521914789422,5670.916527503675,8527.878150274355,5844.8124219630035,2683.0657283113514,0.07668647658739593
36265,0.10786706354064642,5604.880216929851,8514.749886777983,5834.79420483199,2679.955681945993,0.07667364721047384
36270,0.10788193560235063,5530.7770293012745,8503.073299203339,5824.177029447201,2678.8962697561383,0.07666108720529609
36275,0.10789680766405484,5449.930851891771,8492.317793186525,5812.322856746609,2679.9949364399154,0.07664896827843727
36280,0.10791167972575906,5364.012900238433,8481.945057505987,5798.553746565925,2683.391310940062,0.07663838126120609
36285,0.10792655178746327,5274.880166940397,8471.424694331654,5782.186500401592,2689.238193930062,0.07663675028548138
36290,0.10794142384916748,5184.395314349139,8460.24905853095,5762.572997146981,2697.6760613839688,0.07663514517448392
36295,0.10795629591087169,5094.248004672629,8447.94754972464,5739.1427938200895,2708.804755904551,0.07663343710225039
36300,0.1079711679725759,5005.797370676564,8434.100523076138,5711.444200001511,2722.656323074628,0.0766314377737137
36305,0.10798604003428011,4919.952610827369,8418.352810502438,5679.180120874833,2739.172689627605,0.07662891983739788
36310,0.10800091209598432,4837.103970373804,8400.426614608616,5642.235462029879,2758.1911525787364,0.07662563636790524
36315,0.10801578415768853,4757.110345529474,8380.133298561726,5600.693707387085,2779.4395911746415,0.0766213377230743
36320,0.10803065621939274,4679.343241977704,8357.383390880945,5554.841292697677,2802.5420981832676,0.0766171109889486
36325,0.10804552828109695,4602.780637859447,8332.19399303081,5505.159466406476,2827.034526624335,0.0766209843795333
36330,0.10806040034280116,4526.139153721997,8304.692746082477,5452.30434177077,2852.388404311707,0.07662299103324557
36335,0.10807527240450539,4448.029378689918,8275.117591433664,5397.076720563065,2878.040870870599,0.0766229995689305
36340,0.1080901444662096,4367.1176007929125,8243.811745427962,5340.383967955969,2903.427777471993,0.07662089701686622
36345,0.10810501652791381,4282.277632564702,8211.213582174669,5283.196718069058,2928.0168641056107,0.07661658302913693
36350,0.10811988858961802,4192.718697851957,8177.841457279157,5226.503464297869,2951.337992981288,0.07660996380760142
36355,0.10813476065132223,4098.0789589506385,8144.273874605843,5171.266096445453,2973.0077781603904,0.07660253941675213
36360,0.10814963271302644,3998.478543800692,8111.125760022777,5118.379143822481,2992.7466162002966,0.07660322980103368
36365,0.10816450477473065,3894.530185274141,8079.02192050829,5068.634858246533,3010.387062261757,0.0766011173182705
36370,0.10817937683643486,3787.309241723974,8048.569000230879,5022.695384162983,3025.8736160678964,0.07659612748868741
36375,0.10819424889813907,3678.287600410101,8020.32737735543,4981.07226760147,3039.25510975396,0.07658819136082902
36380,0.10820912095984328,3569.2377214040043,7994.784473803975,4944.112673771401,3050.6718000325736,0.07657725508141407
36385,0.10822399302154749,3462.1140556686505,7972.330886594461,4911.991141893479,3060.339744700982,0.07656328956897107
36390,0.10823886508325171,3358.9196185595547,7953.24061087884,4884.705650947068,3068.5349599317724,0.07655104545005363
36395,0.10825373714495592,3261.5659821494064,7937.656426082024,4862.077196078267,3075.5792300037574,0.07654308961081194
36400,0.10826860920666014,3171.7355839768334,7925.581266478363,4843.752811447057,3081.8284550313065,0.0765317486815423
36405,0.10828348126836435,3090.7559887770885,7916.876102071219,4829.212738341233,3087.6633637299865,0.07651714445573296
36410,0.10829835333006856,3019.496251898998,7911.264524504775,4817.7829348974665,3093.4815896073087,0.07649943583360187
36415,0.10831322539177277,2958.2953124380447,7908.343884283825,4808.654160247782,3099.689724036043,0.07648532608769883
36420,0.10832809745347698,2906.930912336069,7907.602487121802,4800.908405480201,3106.6940816416018,0.0764792073062019
36425,0.10834296951518119,2864.6346547690196,7908.442059028468,4793.552606855705,3114.8894521727634,0.07647012664166025
36430,0.1083578415768854,2830.1546018026215,7910.204456099311,4785.558579734341,3124.64587636497,0.0764584311239632
36435,0.10837271363858961,2801.861738540346,7912.201435694833,4775.907184990966,3136.294250703867,0.07644448032263042
36440,0.10838758570029382,2777.8914042534034,7913.746212841114,4763.634060643349,3150.1121521977657,0.0764286344842983
36445,0.10840245776199804,2756.3061943799953,7914.1854773125215,4747.873913996184,3166.311563316338,0.07641124301393099
36450,0.10841732982370225,2735.2636069716013,7912.930517011774,4727.900391305318,3185.0301257064557,0.07639263351849199
36455,0.10843220188540646,2713.1704444988823,7909.486064663924,4703.158889139947,3206.3271755239766,0.07637310157707014
36460,0.10844707394711067,2688.8070804616123,7903.475458824507,4673.2902846418565,3230.1851741826504,0.07636079087650426
36465,0.10846194600881488,2661.4082482626027,7894.66070985491,4638.144365343285,3256.516344511625,0.07634767513401255
36470,0.1084768180705191,2630.692671509651,7882.956126339256,4597.78264044344,3285.173485895816,0.07633387000915444
36475,0.1084916901322233,2596.840802984449,7868.434331196249,4552.471101652898,3315.963229543351,0.07631954461126042
36480,0.10850656219392751,2560.4269358230554,7851.323813210202,4502.664249359817,3348.659563850385,0.0763048005355912
36485,0.10852143425563172,2522.3176213461124,7831.997630374665,4448.982199930253,3383.0154304444122,0.07628967183615613
36490,0.10853630631733593,2483.5515700144424,7810.953488454722,4392.182879819932,3418.77060863479,0.07627412814254987
36495,0.10855117837904014,2445.2165523183603,7788.786113436715,4333.131198322352,3455.6549151143627,0.07625808076857882
36500,0.10856605044074437,2408.33655890213,7766.153545351148,4272.766748009015,3493.386797342133,0.07624139144264827
36505,0.10858092250244858,2373.7785555296427,7743.739610564378,4212.071129491557,3531.668481072821,0.07622388312729175
36510,0.10859579456415279,2342.1837725985315,7722.21528215426,4152.035561873317,3570.179720280943,0.07621189769004155
36515,0.108610666625857,2313.9246472586638,7702.201827568086,4093.629123235747,3608.5727043323386,0.07620041294130205
36520,0.10862553868756121,2289.085903906156,7684.238515371596,4037.767823370858,3646.470692000738,0.07618732117663453
36525,0.10864041074926542,2267.466931316657,7668.7572028861405,3985.2847522647394,3683.472450621401,0.07617243641963978
36530,0.10865528281096963,2248.602322769755,7656.065404826946,3936.901740256261,3719.1636645706853,0.07615559648556035
36535,0.10867015487267384,2231.7977410853737,7646.338551656006,3893.2032465254383,3753.1353051305673,0.07613667467292991
36540,0.10868502693437805,2216.178709480957,7639.621219096884,3854.613480391872,3785.0077387050114,0.07611558910583634
36545,0.10869989899608226,2200.7501777614034,7635.8362841399285,3821.377968859361,3814.4583152805676,0.07609230884987729
36550,0.10871477105778647,2184.4645713455056,7634.800348362632,3793.550840603574,3841.2495077590575,0.07606685600804002
36555,0.1087296431194907,2166.2954256859457,7636.243428319986,3770.9889583444315,3865.254469975555,0.07604464550379761
36560,0.1087445151811949,2145.3126942600975,7639.8308499285695,3753.3536995272716,3886.477150401298,0.07602364698987676
36565,0.10875938724289912,2120.754594635626,7645.185454503099,3740.1207067990604,3905.064747704039,0.07600070375513192
36570,0.10877425930460333,2092.089769037687,7651.90855327678,3730.5973870974553,3921.311166179325,0.0759760505739916
36575,0.10878913136630754,2059.063014428102,7659.598473409565,3723.9474251106717,3935.651048298893,0.07594993054137253
36580,0.10880400342801175,2021.7182686697724,7667.86595420965,3719.2211733781683,3948.644780831482,0.07592257684453338
36585,0.10881887548971596,1980.394119613311,7676.346035141401,3715.3905327510106,3960.955502390391,0.07589543419962579
36590,0.10883374755142017,1935.689753641656,7684.706409624377,3711.3868467771854,3973.3195628471913,0.07588072833283427
36595,0.10884861961312438,1888.4026480656994,7692.652498902442,3706.140368760577,3986.512130141865,0.07586609672422596
36600,0.10886349167482859,1839.4429543930873,7699.929730422988,3698.619966139274,4001.309764283714,0.07585172499120743
36605,0.1088783637365328,1789.7328833505285,7706.3236818123605,3687.8718447113447,4018.451837101016,0.0758377230215043
36610,0.10889323579823702,1740.1019636936435,7711.658862849584,3673.0561572255197,4038.602705624064,0.07582412594711586
36615,0.10890810785994123,1691.1903258606676,7715.796937943539,3653.480381388171,4062.316556555368,0.07581089883427061
36620,0.10892297992164544,1643.3717985001217,7718.635127955048,3628.628315853133,4090.0068121019153,0.07579971463946805
36625,0.10893785198334965,1596.706484282106,7720.105371427946,3598.183486754009,4121.921884673937,0.07579540746921377
36630,0.10895272404505386,1550.9288412393694,7720.1745852554395,3562.045746651044,4158.128838604396,0.07579083892362916
36635,0.10896759610675807,1505.4727358183168,7718.846072622662,3520.3399556976806,4198.506116924982,0.07578582576636878
36640,0.10898246816846228,1459.530261066734,7716.161822568752,3473.415913599835,4242.745908968916,0.07578016466256263
36645,0.1089973402301665,1412.1371081470716,7712.20517695776,3421.839162246403,4290.366014711357,0.07577364075788062
36650,0.1090122122918707,1362.2744934487773,7707.103150908835,3366.3728412211435,4340.730309687691,0.07576603421052716
36655,0.10902708435357492,1308.976327574091,7701.027615288235,3307.9513428357836,4393.076272452452,0.07575712468328617
36660,0.10904195641527913,1251.4304561006043,7694.19459993778,3247.6469656276736,4446.547634310107,0.07574669417724664
36665,0.10905682847698335,1189.0642201563896,7686.861147225998,3186.631034814692,4500.2301124113055,0.07573556911766598
36670,0.10907170053868756,1121.606974310168,7679.319408671952,3126.1310490751744,4553.188359596777,0.0757315548118817
36675,0.10908657260039177,1049.1251657322055,7671.887988329277,3067.3853980081876,4604.502590321089,0.07572539830287153
36680,0.10910144466209598,972.028670931149,7664.900844171382,3011.5971742023276,4653.303669969055,0.07571694898924228
36685,0.10911631672380019,891.0498742676841,7658.694315846154,2959.888650215357,4698.805665630796,0.0757060661273348
36690,0.1091311887855044,807.1991468807046,7653.593020268601,2913.25810603811,4740.334914230491,0.07569262454483985
36695,0.10914606084720861,721.7018292449302,7649.895431985808,2872.5408034977904,4777.354628488018,0.07567652204694691
36700,0.10916093290891282,635.9226028340177,7647.859951730235,2838.375898360356,4809.484053369879,0.07565768761657639
36705,0.10917580497061703,551.2834248833906,7647.692191433716,2811.1808688462197,4836.511322587497,0.07564879682648014
36710,0.10919067703232124,469.1811515665304,7649.534104465404,2791.1346085612818,4858.399495904123,0.07564223907930256
36715,0.10920554909402545,390.91065704443736,7653.455499559497,2778.1697653600554,4875.285734199442,0.07563335204318944
36720,0.10922042115572968,317.59863596840023,7659.448413107499,2771.9743501431044,4887.474062964395,0.07562665578747743
36725,0.10923529321743389,250.152274041875,7667.424770344428,2772.0022280804224,4895.422542264006,0.075624854116359
36730,0.1092501652791381,189.22553654482272,7677.217713322288,2777.4918997910563,4899.725813531231,0.07562040242381052
36735,0.10926503734084231,135.20402334326263,7688.58687419247,2787.492936492433,4901.093937700037,0.07561350093165521
36740,0.10927990940254652,88.207393450999,7701.227695186058,2800.8994276542376,4900.3282675318205,0.07560437812152276
36745,0.10929478146425073,48.106639145316876,7714.784632589201,2816.489700666693,4898.294931922508,0.07559327446216847
36750,0.10930965352595494,14.552401673894565,7728.867751575828,2832.9713126794236,4895.896438896405,0.07558042411931025
36755,0.10932452558765915,-12.989639324432574,7743.071869534094,2849.029929991709,4894.041939542385,0.07556603688319427
36760,0.10933939764936336,-35.199501190087176,7756.997100625967,2863.3803159077115,4893.616784718255,0.07555028251611685
36765,0.10935426971106757,-52.86162445757691,7770.269455292326,2874.817375308526,4895.452079983799,0.07553327937977464
36770,0.10936914177277178,-66.82219438754692,7782.560098155545,2882.26512800132,4900.294970154226,0.07551508859619523
36775,0.109384013834476,-77.94511092497214,7793.601978264141,2884.8215852788326,4908.780392985308,0.07550374683707466
36780,0.10939888589618021,-87.06715298344989,7803.2027945598475,2881.7976952354566,4921.405099324391,0.07549221289574826
36785,0.10941375795788442,-94.95425461454033,7811.253597177784,2872.748704568708,4938.504892609077,0.0754791640943505
36790,0.10942863001958864,-102.262433535122,7817.7326902769755,2857.4964183780894,4960.236271898886,0.07546455173831496
36795,0.10944350208129285,-109.50796196543888,7822.7048391201215,2836.1409708888664,4986.563868231255,0.07544830509406401
36800,0.10945837414299706,-117.05119431476942,7826.31605788122,2809.0609527578185,5017.255105123402,0.07543034409136413
36805,0.10947324620470127,-125.0968831541868,7828.784455093567,2776.9011713260757,5051.883283767491,0.07541059044620076
36810,0.10948811826640548,-133.71119213785096,7830.387750913881,2740.5479766009294,5089.839774312952,0.07538897617525933
36815,0.10950299032810969,-142.85270797052726,7831.448174561518,2701.0929033500147,5130.355271211503,0.07537593169611512
36820,0.1095178623898139,-152.41239487789426,7832.315520429591,2659.786227735679,5172.529292693912,0.07536343140456295
36825,0.10953273445151811,-162.25622282371205,7833.3491988005435,2617.9827736530005,5215.366425147543,0.0753492222205114
36830,0.10954760651322233,-172.26433046020338,7834.900163631191,2577.0828273253796,5257.817336305812,0.07533334275653185
36835,0.10956247857492654,-182.36185599472628,7837.293628987192,2538.4712867694707,5298.822342217722,0.07531584203639961
36840,0.10957735063663075,-192.53853733806045,7840.813485148477,2503.4581926998408,5337.355292448637,0.07529677933550234
36845,0.10959222269833496,-202.8563382264374,7845.689279592856,2473.223591758613,5372.465687834243,0.07528039178336812
36850,0.10960709476003917,-213.4462759636017,7852.086521457703,2448.769312148948,5403.317209308756,0.07527011022603183
36855,0.10962196682174338,-224.4970323136704,7860.100890103543,2430.8797309841966,5429.221159119346,0.07525806502824753
36860,0.1096368388834476,-236.23868439800935,7869.756678887817,2420.093033672566,5449.663645215251,0.07527579317072082
36865,0.1096517109451518,-248.92496400312848,7881.009499163721,2416.683862370435,5464.325636793286,0.07531249522780332
36870,0.10966658300685601,-262.8168946662263,7893.752937194459,2420.657665843995,5473.095271350465,0.07534577001127456
36875,0.10968145506856022,-278.16961212260503,7907.8285396319025,2431.756516155365,5476.072023476538,0.07537573459416631
36880,0.10969632713026443,-295.22289532908235,7923.0382451418745,2449.4756450793157,5473.562600062559,0.07540466431993317
36885,0.10971119919196866,-314.1947476563537,7939.158216299138,2473.08946836755,5466.0687479315875,0.07545377761029658
36890,0.10972607125367287,-335.27659661695725,7955.952976022433,2501.685425300053,5454.26755072238,0.07549930153064015
36895,0.10974094331537708,-358.62854561578206,7973.188815171736,2534.2036170317233,5438.9851981400125,0.07554137640283852
36900,0.10975581537708129,-384.37364048598647,7990.645592555793,2569.4800550260925,5421.1655375297005,0.07558013942451475
36905,0.1097706874387855,-412.59112069995444,8008.126263991494,2606.2913899968257,5401.834873994669,0.07561571829955503
36910,0.10978555950048971,-443.309771246677,8025.463719225146,2643.3992864744987,5382.064432750647,0.07564822580926917
36915,0.10980043156219392,-476.50340558735024,8042.524746566165,2679.5930684579157,5362.931678108249,0.0756777547284461
36920,0.10981530362389813,-512.0909051443132,8059.211167819755,2713.7297601357845,5345.48140768397,0.07571138313939532
36925,0.10983017568560234,-549.9429697453024,8075.458384056643,2744.7710412355973,5330.687342821046,0.07575916007217522
36930,0.10984504774730655,-589.896790531915,8091.231746175548,2771.816825569137,5319.414920606411,0.07580291987082419
36935,0.10985991980901076,-631.7783644968213,8106.521314043426,2794.1351223127135,5312.386191730713,0.07584269561202094
36940,0.10987479187071499,-675.4303898030475,8121.335690435357,2811.1875997539355,5310.148090681421,0.07587848105838083
36945,0.1098896639324192,-720.7420121828163,8135.695699378939,2822.6499466768287,5313.04575270211,0.0759102239666447
36950,0.1099045359941234,-767.6756026765024,8149.62870339128,2828.425847769356,5321.202855621925,0.0759378226222766
36955,0.10991940805582762,-816.2856164926206,8163.16429790949,2828.653275651775,5334.511022257715,0.07597207942887005
36960,0.10993428011753183,-866.7255405754477,8176.331966144929,2823.7019329478135,5352.630033197115,0.07601671834818587
36965,0.10994915217923604,-919.2407884401564,8189.161020283699,2814.161075048773,5374.999945234926,0.07616981875008594
36970,0.10996402424094025,-974.1476981174319,8201.682814190768,2800.817566679728,5400.86524751104,0.07633945101234191
36975,0.10997889630264446,-1031.8010082582523,8213.934832089182,2784.624777507816,5429.310054581367,0.07649211602964476
36980,0.10999376836434867,-1092.553899159806,8225.965900188467,2766.663677491297,5459.30222269717,0.0766282442866204
36985,0.11000864042605288,-1156.7156435373508,8237.84150498433,2748.098127084163,5489.743377900167,0.07674823554728182
36990,0.11002351248775709,-1224.512046706347,8249.648095009135,2730.1267795557224,5519.521315453413,0.07685246334711607
36995,0.11003838454946131,-1296.0532185003603,8261.495328527433,2713.934181978881,5547.561146548553,0.07702177845993985
37000,0.11005325661116552,-1371.3119480653195,8273.515506306083,2700.6435869518673,5572.871919354216,0.07718558038999208
37005,0.11006812867286973,-1450.1142714418029,8285.859853478869,2691.273712338737,5594.586141140132,0.07733444002405716
37010,0.11008300073457394,-1532.142043253646,8298.691811860816,2686.701270135343,5611.990541725472,0.07746882500489248
37015,0.11009787279627815,-1616.9458029577736,8312.177981800956,2687.6305875558805,5624.547394245075,0.07758920967734884
37020,0.11011274485798236,-1703.965263683268,8326.477723191774,2694.5711166662477,5631.9066065255265,0.0776960769285122
37025,0.11012761691968657,-1792.5544890514166,8341.732624607133,2707.823119166416,5633.909505440717,0.07778992920322383
37030,0.11014248898139078,-1882.009187729558,8358.057050186111,2727.4713602305224,5630.585689955589,0.07792408099493722
37035,0.110157361043095,-1971.594287292619,8375.53078859574,2753.386285714429,5622.144502881312,0.07806468430892322
37040,0.1101722331047992,-2060.5706986061286,8394.194504734798,2785.2319208966755,5608.962583838123,0.07819203045819184
37045,0.11018710516650342,-2148.220643511926,8414.04830203438,2822.4796345278455,5591.568667506534,0.07830660508561893
37050,0.11020197722820764,-2233.870951548435,8435.053314955812,2864.4269563676694,5570.6263585881425,0.07840888820651812
37055,0.11021684928991185,-2316.913425698528,8457.135929621078,2910.2207877025216,5546.915141918556,0.07849934703849071
37060,0.11023172135161606,-2396.82102321791,8480.194014202438,2958.8845424762458,5521.309471726192,0.07857842520641975
37065,0.11024659341332027,-2473.1585575922563,8504.104441429741,3009.348925670501,5494.75551575924,0.07864652651354362
37070,0.11026146547502448,-2545.5871471891496,8528.731191006038,3060.486124485997,5468.245066520041,0.07877531353596194
37075,0.11027633753672869,-2613.862684386072,8553.933401350394,3111.147112810097,5442.786288540297,0.07889864003394467
37080,0.1102912095984329,-2677.8298333455577,8579.572862926389,3160.20154649327,5419.371316433118,0.07901252680386378
37085,0.11030608166013711,-2737.413970098113,8605.520576469004,3206.5793908181404,5398.941185650863,0.07911694284562915
37090,0.11032095372184132,-2792.6136270428906,8631.662114643801,3249.313031020784,5382.349083623018,0.07924056765074426
37095,0.11033582578354553,-2843.4952984298625,8657.901614425775,3287.5782353418626,5370.323379083912,0.07937638219509346
37100,0.11035069784524974,-2890.191208144517,8684.164293908347,3320.7320214627207,5363.432272445626,0.07950045375591436
37105,0.11036556990695397,-2932.899386315309,8710.39744695114,3348.3452618006986,5362.052185150441,0.07961250008206679
37110,0.11038044196865818,-2971.8846466731165,8736.569941080743,3370.227785032983,5366.34215604776,0.07971222598074904
37115,0.11039531403036239,-3007.4789939370075,8762.670340643228,3386.443827569207,5376.226513074022,0.07979934033374436
37120,0.1104101860920666,-3040.0804365894655,8788.703895896204,3397.3160015090148,5391.38789438719,0.07987357160282076
37125,0.11042505815377081,-3070.149730746515,8814.688760453491,3403.4165097413356,5411.272250712156,0.07993722258965012
37130,0.11043993021547502,-3098.204873313337,8840.651893867538,3405.5451576299815,5435.106736237556,0.0800270602470909
37135,0.11045480227717923,-3124.813085784347,8866.625141850638,3404.694731442685,5461.930410407953,0.08010173880036991
37140,0.11046967433888344,-3150.579750274431,8892.641942966473,3402.0054183004713,5490.636524666002,0.08016111597234862
37145,0.11048454640058765,-3176.1335794801535,8918.734986034235,3398.7109651868973,5520.024020847337,0.08020512115682038
37150,0.11049941846229186,-3202.1074590169983,8944.934957233498,3396.080043717785,5548.854913515713,0.08023375992945483
37155,0.11051429052399607,-3229.114942800812,8971.270307897812,3395.356674479827,5575.913633417986,0.08024711500926542
37160,0.1105291625857003,-3257.7231845193282,8997.767789042631,3397.7035197458204,5600.06426929681,0.08024914208286742
37165,0.1105440346474045,-3288.4239541741945,9024.453377613867,3404.1514116919993,5620.301965921868,0.08030326858227282
37170,0.11055890670910871,-3321.6051504750676,9051.353187037666,3415.5577460463633,5635.795440991304,0.08038350863037538
37175,0.11057377877081292,-3357.525769280769,9078.494012404137,3432.5754711417812,5645.918541262356,0.08045342236901724
37180,0.11058865083251714,-3396.2975455878304,9105.903287327934,3455.6334708641066,5650.269816463828,0.08051292924678842
37185,0.11060352289422135,-3437.876362160938,9133.608388673934,3484.9282840842243,5648.68010458971,0.08058032728485036
37190,0.11061839495592556,-3482.0659147274564,9161.63537671699,3520.426396755143,5641.208979961846,0.08065658139091737
37195,0.11063326701762977,-3528.5349877209173,9190.007370242978,3561.8758268402585,5628.13154340272,0.08072160298710959
37200,0.11064813907933398,-3576.848085171154,9218.742812680804,3608.825408518604,5609.917404162201,0.08077516815558641
37205,0.11066301114103819,-3626.5072856453844,9247.853887956604,3660.6500570711173,5587.203830885486,0.08081701310990382
37210,0.1106778832027424,-3677.001378360186,9277.345307232245,3716.580324512174,5560.764982720071,0.08084685290962977
37215,0.11069275526444662,-3727.8569605839284,9307.21362832173,3775.734690342004,5531.478937979726,0.08089405380766758
37220,0.11070762732615083,-3778.68553948535,9337.447203073762,3837.153223102517,5500.293979971244,0.08093790375279564
37225,0.11072249938785504,-3829.220940869459,9368.026780797969,3899.831460228661,5468.195320569308,0.08096809997299398
37230,0.11073737144955925,-3879.3424535606664,9398.926727022632,3962.753567046358,5436.173159976273,0.08098424433286827
37235,0.11075224351126346,-3929.08094026208,9430.116744178638,4024.9240446451236,5405.192699533514,0.0809859777570859
37240,0.11076711557296767,-3978.6073324096033,9461.563906936104,4085.3974564653267,5376.166450470777,0.08101099110303064
37245,0.11078198763467188,-4028.205180763204,9493.234760928997,4143.305821476161,5349.928939452836,0.08102319820756049
37250,0.1107968596963761,-4078.2309592187084,9525.097195659768,4197.883452244515,5327.213743415253,0.08101909399626951
37255,0.1108117317580803,-4129.067355001787,9557.1218048943,4248.489067861802,5308.632737032497,0.08099844753394962
37260,0.11082660381978451,-4181.0755996795315,9589.28249694925,4294.624962127719,5294.657534821531,0.08099401603234262
37265,0.11084147588148872,-4234.552841783043,9621.55620856505,4335.952858050905,5285.603350514146,0.08098295460638585
37270,0.11085634794319295,-4289.699601798384,9653.921697450938,4372.305864551841,5281.615832899097,0.08095397707277611
37275,0.11087122000489716,-4346.600643567675,9686.357524542285,4403.695734232285,5282.6617903100005,0.08090718874599456
37280,0.11088609206660137,-4405.220488380683,9718.839471491701,4430.314483116837,5288.524988374864,0.08089072530652062
37285,0.11090096412830558,-4465.41272701723,9751.33775492625,4452.529452276598,5298.8083026496515,0.08085568648863098
37290,0.11091583619000979,-4526.940630466081,9783.814476990254,4470.871119765766,5312.943357224488,0.08081633185058776
37295,0.110930708251714,-4589.505531954554,9816.221771024897,4486.013417003529,5330.208354021368,0.08083194033545762
37300,0.11094558031341821,-4652.779069908116,9848.5010457268,4498.746919315892,5349.754126410908,0.08086447081913692
37305,0.11096045237512242,-4716.435541399316,9880.583598483288,4509.945969389557,5370.637629093731,0.08088381348590305
37310,0.11097532443682663,-4780.18118296684,9912.39267698534,4520.53143186867,5391.861245116671,0.08088987819955222
37315,0.11099019649853084,-4843.778044347518,9943.846855876043,4531.431250440892,5412.4156054351515,0.08088267573068395
37320,0.11100506856023505,-4907.061112029138,9974.86441073114,4543.541204865731,5431.323205865408,0.08087510484338144
37325,0.11101994062193928,-4969.948283004861,10005.36825755232,4557.688216705137,5447.680040847183,0.08088650399522813
37330,0.11103481268364349,-5032.443451014982,10035.291003340446,4574.598253090357,5460.692750250089,0.08088396639714505
37335,0.1110496847453477,-5094.633160390766,10064.57971371494,4594.870389050672,5469.709324664268,0.08086747819722037
37340,0.1110645568070519,-5156.676996033122,10093.200112846427,4618.95799033263,5474.242122513797,0.08083714024062341
37345,0.11107942886875612,-5218.79136332819,10121.140043183446,4647.157351251841,5473.982691931606,0.0808348903947
37350,0.11109430093046033,-5281.226029258066,10148.412087940902,4679.6035387352495,5468.8085492056525,0.08082586468841861
37355,0.11110917299216454,-5344.233209768498,10175.05527899013,4716.2727133525095,5458.782565637621,0.08080198726029346
37360,0.11112404505386875,-5408.030293808912,10201.135783764905,4756.989863539309,5444.145920225596,0.08076349234433891
37365,0.11113891711557296,-5472.759230307561,10226.746415144506,4801.440724219691,5425.305690924814,0.08074601255077073
37370,0.11115378917727717,-5538.447486580058,10252.004775261497,4849.186658916921,5402.818116344576,0.08073185826774394
37375,0.11116866123898138,-5604.976484129572,10277.049859895018,4899.68144736375,5377.368412531268,0.08070219862254484
37380,0.1111835333006856,-5672.062944358877,10302.037030755062,4952.289200268129,5349.747830486933,0.08065748759809353
37385,0.11119840536238981,-5739.256602229529,10327.131403572019,5006.302963435309,5320.82844013671,0.08062777241366896
37390,0.11121327742409402,-5805.954844208568,10352.499876583912,5060.963907643393,5291.535968940519,0.08061038879852295
37395,0.11122814948579823,-5871.4319336249955,10378.302201214412,5115.48126205248,5262.820939161932,0.08057716199147757
37400,0.11124302154750244,-5934.87847743046,10404.681638013748,5169.053285387189,5235.628352626559,0.08052865829216319
37405,0.11125789360920665,-5995.446103461269,10431.755819223346,5220.889555429607,5210.86626379374,0.08068285811308476
37410,0.11127276567091086,-6052.292822917464,10459.60844373504,5270.234698064614,5189.373745670426,0.08086700970995964
37415,0.11128763773261507,-6104.625705037366,10488.282367177277,5316.393400990799,5171.888966186478,0.08101350877162483
37420,0.11130250979431928,-6151.738683701151,10517.774538934716,5358.75620573884,5159.018333195876,0.08112230366026861
37425,0.1113173818560235,-6193.04419036376,10548.03310394642,5396.82518912054,5151.20791482588,0.08129939241930609
37430,0.1113322539177277,-6228.097842001799,10578.956852340876,5430.238274824842,5148.718577516034,0.08148846369229563
37435,0.11134712597943193,-6256.615775310579,10610.397078170794,5458.790601341321,5151.606476829473,0.08164018786421665
37440,0.11136199804113614,-6278.484539473349,10642.16180319335,5482.451162039282,5159.710641154068,0.08175442525890964
37445,0.11137687010284035,-6293.763705380827,10674.022227909012,5501.372880911608,5172.649346997404,0.08183113999538091
37450,0.11139174216454456,-6302.681380123884,10705.721181605453,5515.894447045238,5189.826734560215,0.0820163763349475
37455,0.11140661422624877,-6305.622560314867,10736.983250286832,5526.532642527685,5210.450607759147,0.08217107124281424
37460,0.11142148628795298,-6303.109850034112,10767.52616766681,5533.964569218365,5233.561598448446,0.0822883462798282
37465,0.11143635834965719,-6295.775836462524,10797.072969128276,5539.000064165969,5258.072904962307,0.08236799108477738
37470,0.1114512304113614,-6284.32671855541,10825.364344985035,5542.54558470939,5282.818760275645,0.08245185197479823
37475,0.11146610247306561,-6269.497800970717,10852.170598075734,5545.561786120868,5306.608811954866,0.08260793866580954
37480,0.11148097453476982,-6252.0030646935065,10877.302613944385,5549.017734643609,5328.284879300775,0.08272614944985418
37485,0.11149584659647403,-6232.482784993957,10900.621282991699,5553.845055975845,5346.776227015854,0.08280599004326854
37490,0.11151071865817826,-6211.454533799802,10922.044862008765,5560.895246700982,5361.149615307782,0.08284710820053207
37495,0.11152559071988247,-6189.273403024683,10941.55382008028,5570.902901095908,5370.650918984372,0.08293724288920248
37500,0.11154046278158668,-6166.1066977773735,10959.192783270071,5584.4568388061125,5374.735944463959,0.08305223469478235
37505,0.11155533484329089,-6141.926776120954,10975.06928630588,5601.980217719351,5373.089068586529,0.08320920300906712
37510,0.1115702069049951,-6116.52352348334,10989.349174159188,5623.719840290542,5365.6293338686455,0.08334108594036957
37515,0.11158507896669931,-6089.535617814994,11002.248683293888,5649.7441341151125,5352.504549178776,0.08343916319331342
37520,0.11159995102840352,-6060.497664203016,11014.023468760453,5679.948777826647,5334.074690933807,0.08354241400368272
37525,0.11161482309010773,-6028.898676150944,11024.955109083978,5714.068666037925,5310.886443046053,0.08371059703267507
37530,0.11162969515181194,-5994.246313746572,11035.33588091107,5751.694835005117,5283.641045905953,0.08384386434230919
37535,0.11164456721351615,-5956.13074233128,11045.452807247013,5792.295052226829,5253.157755020184,0.0839413618827987
37540,0.11165943927522036,-5914.281943063384,11055.572107562837,5835.236947341668,5220.335160221169,0.08400249095650196
37545,0.11167431133692458,-5868.614811076921,11065.925187801624,5879.812770125433,5186.1124176761905,0.0841459317356085
37550,0.1116891833986288,-5819.2574301874865,11076.69719367787,5925.26505584524,5151.43213783263,0.08427359376086802
37555,0.111704055460333,-5766.559466359684,11088.018920385159,5970.812625883126,5117.2062945020325,0.08436274709504718
37560,0.11171892752203721,-5711.079538093649,11099.962551074888,6015.676437350115,5084.286113724774,0.08441288348079119
37565,0.11173379958374142,-5653.5524926371945,11112.54132324358,6059.104821636091,5053.436501607489,0.08446252729667232
37570,0.11174867164544564,-5594.839512859821,11125.712843327596,6100.397633863372,5025.315209464224,0.0845743026260655
37575,0.11176354370714985,-5535.865701117664,11139.385435276894,6138.928794601614,5000.45664067528,0.08464403541921049
37580,0.11177841576885406,-5477.551085982861,11153.426663843518,6174.166662951339,4979.260000892179,0.08467137912092781
37585,0.11179328783055827,-5420.741763301537,11167.673049242727,6205.69165060546,4961.9813986372665,0.08465642921680047
37590,0.11180815989226248,-5366.148009534955,11181.939997095396,6233.210476390052,4948.729520705345,0.08466063381687318
37595,0.11182303195396669,-5314.295598986017,11196.03109370251,6256.5664710731035,4939.464622629406,0.08469555865107284
37600,0.11183790401567091,-5265.495188589348,11209.746131259271,6275.7453751188095,4934.000756140462,0.08478202862918666
37605,0.11185277607737512,-5219.832616789981,11222.887492049007,6290.876137039102,4932.011355009905,0.08484582293443473
37610,0.11186764813907933,-5177.180577056804,11235.264797970443,6302.226336226119,4933.038461744324,0.08501044111722
37615,0.11188252020078354,-5137.2297626467425,11246.6979917712,6310.192044375771,4936.505947395429,0.08513288904066263
37620,0.11189739226248775,-5099.535611891883,11257.0192341055,6315.28221732461,4941.73701678089,0.08521225148959649
37625,0.11191226432419196,-5063.575446558607,11266.074151935487,6318.098064228657,4947.97608770683,0.08524849015128372
37630,0.11192713638589617,-5028.810133728508,11273.72303436501,6319.308232628318,4954.4148017366915,0.08524302348162528
37635,0.11194200844760038,-4994.744313876467,11279.842521855115,6319.621010429925,4960.221511425189,0.08533006123779469
37640,0.1119568805093046,-4960.979584896346,11284.328170066226,6319.7550080911515,4964.573161975075,0.08537005036894585
37645,0.1119717525710088,-4927.25572636149,11287.09801186361,6320.409894669974,4966.688117193637,0.08536349700341106
37650,0.11198662463271301,-4893.4760806012255,11288.096939360274,6322.238706180696,4965.858233179578,0.08531142964654065
37655,0.11200149669441724,-4859.714596910608,11287.301448146927,6325.823050680814,4961.478397466113,0.08521539352445061
37660,0.11201636875612145,-4826.203763198664,11284.72409204597,6331.652254747946,4953.071837298024,0.08527491015991044
37665,0.11203124081782566,-4793.304563801052,11280.416931123184,6340.107186579935,4940.309744543249,0.08533801514484038
37670,0.11204611287952987,-4761.461485313182,11274.473326522208,6351.4491914100445,4923.024135112163,0.08538160109035772
37675,0.11206098494123408,-4731.147180130799,11267.02761742566,6365.814301289442,4901.213316136218,0.08549510683017275
37680,0.11207585700293829,-4702.80247257944,11258.252460101025,6383.212631857402,4875.039828243623,0.08555890039602007
37685,0.1120907290646425,-4676.777840415083,11248.353862853255,6403.532647307405,4844.8212155458505,0.08557357911232222
37690,0.11210560112634671,-4653.282320179502,11237.56417002504,6426.549761917466,4811.014408107574,0.08554026720859442
37695,0.11212047318805092,-4632.345031308156,11226.133407748865,6451.938564667588,4774.194843081276,0.08546060915317205
37700,0.11213534524975513,-4613.793267965326,11214.3194984348,6479.287824848255,4735.0316735865445,0.08533677429607904
37705,0.11215021731145934,-4597.249437116842,11202.377888898554,6508.117385188305,4694.260503710249,0.08521369430528519
37710,0.11216508937316357,-4582.147112093755,11190.551133812542,6537.896089821164,4652.655043991377,0.08522829595784495
37715,0.11217996143486778,-4567.764280232992,11179.058945937697,6568.0600226022425,4610.9989233354545,0.08534170770012023
37720,0.11219483349657199,-4553.269762209852,11168.089175639816,6598.0305178527115,4570.0586577871045,0.08540163944471438
37725,0.1122097055582762,-4537.777134389189,11157.790116288867,6627.231603615454,4530.558512673412,0.08540937811703417
37730,0.1122245776199804,-4520.39966195568,11148.264447975042,6655.106697897753,4493.157750077288,0.08536683597753221
37735,0.11223944968168462,-4500.299987130376,11139.565029951129,6681.134468398867,4458.430561552262,0.08527648180316484
37740,0.11225432174338883,-4476.729603081989,11131.692639451378,6704.843779768799,4426.848859682578,0.08514129124865996
37745,0.11226919380509304,-4449.055197195133,11124.595645689089,6725.827606645178,4398.768039043911,0.08496470865911412
37750,0.11228406586679725,-4416.771300129178,11118.171522063323,6743.755712318189,4374.4158097451345,0.08490561950213325
37755,0.11229893792850146,-4379.500841950428,11112.270053345976,6758.385803302469,4353.884250043507,0.08486047932964526
37760,0.11231380999020567,-4336.986829160745,11106.698093680357,6769.5727793209135,4337.125314359444,0.08483229042658455
37765,0.11232868205190989,-4289.079230008272,11101.22576579253,6777.27560917996,4323.950156612569,0.0848217490060269
37770,0.1123435541136141,-4235.721240003984,11095.594036855813,6781.561283363659,4314.032753492154,0.08476264779514182
37775,0.11235842617531831,-4176.938421095338,11089.523628436276,6782.605246013636,4306.91838242264,0.0846586713189336
37780,0.11237329823702252,-4112.8328549399575,11082.725185995343,6780.68773011273,4302.037455882613,0.08451383629917604
37785,0.11238817029872673,-4043.5826221640764,11074.910531419731,6776.185552839978,4298.724978579753,0.08435654145464062
37790,0.11240304236043094,-3969.4449735297703,11065.804657374614,6769.559200728265,4296.245456646349,0.0843554795065951
37795,0.11241791442213515,-3890.759982175576,11055.157927769116,6761.33543866246,4293.822489106657,0.08430811898298189
37800,0.11243278648383936,-3807.95073658599,11042.757775234468,6752.086159567452,4290.671615667015,0.08421764292423584
37805,0.11244765854554357,-3721.516534871184,11028.43908871392,6742.404661004948,4286.034427708972,0.0840874869780132
37810,0.11246253060724778,-3632.0170237525444,11012.092502068524,6732.880884251596,4279.211617816928,0.08392120578548283
37815,0.112477402668952,-3540.047403588065,10993.669939327303,6724.077292458951,4269.592646868352,0.08372237647443086
37820,0.11249227473065622,-3446.2070965821913,10973.187020976773,6716.506956685702,4256.680064291071,0.08362565074858441
37825,0.11250714679236043,-3351.0660398155596,10950.722237778788,6710.615084531993,4240.107153246795,0.08354561457878189
37830,0.11252201885406464,-3255.1335809500197,10926.413090998962,6706.76474514736,4219.648345851601,0.08342562988052683
37835,0.11253689091576885,-3158.8346669197936,10900.449624309958,6705.22702765456,4195.222596655399,0.08331877434312525
37840,0.11255176297747306,-3062.496763241754,10873.065900119731,6706.17542567616,4166.890474443571,0.08323928407622162
37845,0.11256663503917727,-2966.349087608418,10844.529999364182,6709.6839433802415,4134.8460559839405,0.08312145846460138
37850,0.11258150710088148,-2870.5337494618025,10815.133074864223,6715.728293675566,4099.404781188657,0.08296940024548209
37855,0.11259637916258569,-2775.126684044617,10785.177906611945,6724.189585380141,4060.9883212318045,0.08282455041746668
37860,0.1126112512242899,-2680.1651371309626,10754.967335606407,6734.860021333884,4020.1073142725227,0.08279946062500634
37865,0.11262612328599411,-2585.6779873011383,10724.792919676485,6747.45029331498,3977.3426263615056,0.08273157335774456
37870,0.11264099534769832,-2491.7153072493747,10694.924165579492,6761.598512388558,3933.3256531909337,0.08262434436630796
37875,0.11265586740940255,-2398.3740790518214,10665.598729386977,6776.880625152968,3888.718104234009,0.08248148071894931
37880,0.11267073947110676,-2305.8176759009,10637.014010013145,6792.822326596925,3844.1916834162193,0.08230676362297129
37885,0.11268561153281097,-2214.287426767978,10609.320555166738,6808.9124899338885,3800.4080652328494,0.08212534830988444
37890,0.11270048359451518,-2124.1051932452283,10582.617632101725,6824.618097091603,3757.9995350101217,0.08206451518804354
37895,0.11271535565621939,-2035.6664109850572,10556.951183153933,6839.400573416367,3717.5506097375664,0.0819638779170705
37900,0.1127302277179236,-1949.4235731544504,10532.314204719309,6852.733308690926,3679.580896028383,0.08182690308903186
37905,0.11274509977962781,-1865.860796333106,10508.649390549555,6864.119989345049,3644.529401204506,0.08165723360039921
37910,0.11275997184133202,-1785.4610117021666,10485.853705239686,6873.113187284702,3612.740517954984,0.08145853324118393
37915,0.11277484390303623,-1708.6684436528858,10463.784436172939,6879.33247144654,3584.4519647263987,0.08124361003933696
37920,0.11278971596474044,-1635.8501762146298,10442.266231835947,6882.4811568980185,3559.7850749379286,0.08115067268426071
37925,0.11280458802644465,-1567.2614256644474,10421.098671037074,6882.360709474117,3538.737961562957,0.08102272742549647
37930,0.11281946008814887,-1503.019277095972,10400.064001539979,6878.881801714982,3521.182199824996,0.08086325154258807
37935,0.11283433214985308,-1443.0888935337634,10378.934806371073,6872.071080982805,3506.863725388268,0.08067570100405617
37940,0.1128492042115573,-1387.2846247264388,10357.481468539874,6862.072871068191,3495.4085974716836,0.0804633667225139
37945,0.1128640762732615,-1335.2863561647264,10335.479385848772,6849.145288707238,3486.3340971415337,0.08022925238460084
37950,0.11287894833496571,-1286.6693219040162,10312.715926115363,6833.650612493623,3479.0653136217397,0.08006479941049953
37955,0.11289382039666992,-1240.9438957844732,10288.997111390856,6816.040173203028,3472.956938187828,0.07992350504235649
37960,0.11290869245837414,-1197.6008290003692,10264.153987015316,6796.834496697313,3467.319490318003,0.07975541013003229
37965,0.11292356452007835,-1156.157046547035,10238.04857892607,6776.599856439187,3461.4487224868826,0.07956319587233676
37970,0.11293843658178256,-1116.197322136447,10210.579281212757,6755.922707637547,3454.656573575209,0.07934929716149292
37975,0.11295330864348677,-1077.4077502554183,10181.685456153065,6735.38362061751,3446.3018355355553,0.07911584171347916
37980,0.11296818070519098,-1039.5978051485263,10151.350983067412,6715.532285603047,3435.818697464365,0.07886461091326433
37985,0.1129830527668952,-1002.7088687043779,10119.606473774687,6696.864948855154,3422.7415249195337,0.07863882466384006
37990,0.11299792482859941,-966.8083995851066,10086.529892550694,6679.805320895545,3406.724571655149,0.0786015308746652
37995,0.11301279689030362,-932.0703461884459,10052.24538177678,6664.689644196389,3387.555737580391,0.07855217240247123
38000,0.11302766895200783,-898.7438503167859,10016.920195627312,6651.756280745507,3365.163914881805,0.07853899010959343
38005,0.11304254101371204,-867.1135685126492,9980.75976903546,6641.139911443489,3339.6198575919707,0.07852130237155883
38010,0.11305741307541625,-837.4558764080557,9944.00107941363,6632.870231441677,3311.1308479719537,0.07849010780969902
38015,0.11307228513712046,-809.9956933533267,9906.904576949748,6626.874860640238,3280.02971630951,0.07844683576777639
38020,0.11308715719882467,-784.8686209405196,9869.745053333922,6622.98604471537,3246.759008618552,0.07840946218897732
38025,0.11310202926052888,-762.0925422800719,9832.801881482344,6620.950587123232,3211.851294359112,0.0783978708017299
38030,0.1131169013222331,-741.5518227711555,9796.349087175475,6620.442331331565,3175.90675584391,0.07837265151263216
38035,0.1131317733839373,-722.9958458792798,9760.645707443728,6621.076425964758,3139.56928147897,0.07833534437219164
38040,0.11314664544564153,-706.0518974334846,9725.926852679342,6622.424581263304,3103.5022714160377,0.07828751850591113
38045,0.11316151750734574,-690.2505355880294,9692.39582595785,6624.030584062346,3068.3652418955044,0.07826508252240388
38050,0.11317638956904995,-675.0598069149164,9660.217573158467,6625.425480691363,3034.7920924671034,0.0782456887066425
38055,0.11319126163075416,-659.923331734426,9629.513651621744,6626.142036538715,3003.3716150830296,0.07821427918860112
38060,0.11320613369245837,-644.2967249583689,9600.35882244153,6625.728289849511,2974.6305325920193,0.07817246641699464
38065,0.11322100575416258,-627.6772589004595,9572.779298057172,6623.760181985336,2949.019116071836,0.07812180125798188
38070,0.11323587781586679,-609.6230906848432,9546.752615574713,6619.853326579989,2926.899288994724,0.07810506695580158
38075,0.113250749877571,-589.7604800248737,9522.209058387545,6613.673962578171,2908.535095809374,0.07807947029803446
38080,0.11326562193927521,-567.7797378384594,9499.034515133011,6604.949037361828,2894.085477771183,0.0780434540733566
38085,0.11328049400097942,-543.4226704048433,9477.074646615936,6593.47522273616,2883.5994238797766,0.07799854745643764
38090,0.11329536606268363,-516.4656429984097,9456.140227663798,6579.1265205681675,2877.0137070956307,0.07796901091695949
38095,0.11331023812438785,-486.70290969671896,9436.013538544985,6561.860000964577,2874.153537580408,0.07794614022305722
38100,0.11332511018609207,-453.93455112871925,9416.4556921047,6541.719155740962,2874.736536363738,0.077911338772442
38105,0.11333998224779628,-417.9623452757369,9397.214786980629,6518.834355078915,2878.3804319017136,0.07786608200273325
38110,0.11335485430950049,-378.5953369674917,9378.034761492154,6493.419973025541,2884.6147884666125,0.07782504892137579
38115,0.1133697263712047,-335.6649870670162,9358.664777220863,6465.767904336977,2892.8968728838863,0.07780571894828714
38120,0.1133845984329089,-289.0478589091872,9338.868883399367,6436.237432642113,2902.6314507572542,0.07777456818991041
38125,0.11339947049461312,-238.6921854011025,9318.43561183271,6405.241714625493,2913.1938972072176,0.07773311634703313
38130,0.11341434255631733,-184.64369353848815,9297.187048076416,6373.231480159778,2923.955567916638,0.07768282465560199
38135,0.11342921461802154,-127.06596747957792,9274.98684723418,6340.676854123795,2934.309993110385,0.07764310173089269
38140,0.11344408667972575,-66.25142932919698,9251.746642325645,6308.04841323678,2943.6982290888645,0.07761617592486504
38145,0.11345895874142996,-2.6205168993819825,9227.430351127545,6275.798646302278,2951.6317048252668,0.07757921043223738
38150,0.11347383080313418,63.29149918719213,9202.05602804713,6244.344871721745,2957.7111563253857,0.07753368881101814
38155,0.11348870286483839,130.8587706226508,9175.695113877206,6214.05441270611,2961.6407011710953,0.07748097324777939
38160,0.1135035749265426,199.39740135239026,9148.469171834966,6185.232507706668,2963.236664128298,0.07744057412283281
38165,0.11351844698824681,268.202486222428,9120.544416244773,6158.113124813413,2962.4312914313596,0.07740901254538171
38170,0.11353331904995102,336.58554008755345,9092.124496149952,6132.852622086587,2959.2718740633654,0.07736906719798924
38175,0.11354819111165523,403.9084318354671,9063.442061977214,6109.526081614284,2953.91598036293,0.07732207245572342
38180,0.11356306317335944,469.610648198337,9034.749616846795,6088.126132268017,2946.6234845787785,0.07727909070102346
38185,0.11357793523506365,533.2277420079117,9006.310060278422,6068.564123422104,2937.7459368563177,0.07734154026610668
38190,0.11359280729676786,594.3999857857871,8978.387214896897,6050.673569118229,2927.7136457786673,0.07739420191482049
38195,0.11360767935847207,652.8713716992661,8951.236533761212,6034.215810267792,2917.0207234934196,0.07743628538217741
38200,0.11362255142017628,708.4800249839545,8925.096150416184,6018.887824899205,2906.208325516979,0.0774669634433902
38205,0.11363742348188051,761.1417494821526,8900.178462700896,6004.332059664971,2895.8464030359255,0.07748538109518165
38210,0.11365229554358472,810.8288057034515,8876.66251309468,5990.148080854325,2886.514432240355,0.07749066503376359
38215,0.11366716760528893,857.5462102475749,8854.687502204826,5975.905773548829,2878.7817286559975,0.07748193314500974
38220,0.11368203966699314,901.3079414865833,8834.347804396895,5961.159768281774,2873.1880361151216,0.07745830384784419
38225,0.11369691172869735,942.1154958209418,8815.689816606835,5945.464746507348,2870.2250700994873,0.07741890526104395
38230,0.11371178379040156,979.9412245975736,8798.710859087421,5928.391257377086,2870.3196017103355,0.07746858783447456
38235,0.11372665585210577,1014.7186612055066,8783.360182049055,5909.5416507519885,2873.8185312970663,0.07752743897857362
38240,0.11374152791380998,1046.3414620039248,8769.541953400752,5888.565680318536,2880.9762730822167,0.07757223348936357
38245,0.11375639997551419,1074.6715531590162,8757.119951449962,5865.175252121879,2891.9446993280835,0.0776020449107125
38250,0.1137712720372184,1099.5556892768,8745.923592893494,5839.157697790663,2906.7658951028307,0.07761595856853219
38255,0.11378614409892263,1120.8481654922125,8735.754901570348,5810.3868603178325,2925.3680412525155,0.07761307924224535
38260,0.11380101616062684,1138.436263372806,8726.396057250075,5778.83122339452,2947.5648338555548,0.07759253912582895
38265,0.11381588822233105,1152.2644866374712,8717.617231087313,5744.558324735799,2973.0589063515145,0.0775535058364289
38270,0.11383076028403526,1162.353900316014,8709.184485042822,5707.734797350195,3001.449687692628,0.07749519020727667
38275,0.11384563234573947,1168.813821285844,8700.867562095777,5668.621597591114,3032.245964504663,0.0774168536326968
38280,0.11386050440744368,1171.844418180327,8692.447410847677,5627.564304124592,3064.883106723085,0.07744078212687316
38285,0.11387537646914789,1171.7301057077102,8683.723275719629,5584.9787814795,3098.744494240129,0.07748794972211885
38290,0.1138902485308521,1168.8246939754235,8674.519157016604,5541.332942113988,3133.1862149026165,0.07751843637238402
38295,0.11390512059255631,1163.529978753545,8664.689422659934,5497.1257374268125,3167.5636852331218,0.07753130445443972
38300,0.11391999265426052,1156.26988735337,8654.123351011742,5452.864782365315,3201.258568646427,0.0775256274896314
38305,0.11393486471596473,1147.4625425443228,8642.748409782766,5409.044110649678,3233.7042991330873,0.0775004953148521
38310,0.11394973677766895,1137.4927539151113,8630.532128614583,5366.123448259865,3264.408680354718,0.07745501967241714
38315,0.11396460883937316,1126.6874880824298,8617.48249485401,5324.510110511839,3292.9723843421707,0.07738834043913444
38320,0.11397948090107737,1115.2967355852898,8603.646881977123,5284.544242875358,3319.102639101766,0.07733030381457258
38325,0.11399435296278158,1103.481806975923,8589.10959585333,5246.487727101732,3342.6218687515975,0.07740618536998323
38330,0.1140092250244858,1091.3124300378795,8573.988184985867,5210.51674394575,3363.4714410401166,0.07746462297766499
38335,0.11402409708619,1078.773136249758,8558.428700358709,5176.71777360234,3381.710926756369,0.07750430189961836
38340,0.11403896914789421,1065.778427666377,8542.600108075938,5145.08673688607,3397.513371189868,0.07752390497139357
38345,0.11405384120959842,1052.1952354831192,8526.688060253922,5115.531009936903,3411.1570503170196,0.07752213222604486
38350,0.11406871327130264,1037.8703382980802,8510.888228311835,5087.874135161755,3423.01409315008,0.07749772316121138
38355,0.11408358533300685,1022.6598008753381,8495.399409435782,5061.863147081962,3433.5362623538203,0.0774494807115832
38360,0.11409845739471106,1006.4572087720253,8480.416636521522,5037.178487992962,3443.2381485285605,0.07737629571424959
38365,0.11411332945641528,989.2175879874812,8466.124548716629,5013.446477937192,3452.678070779437,0.07734726464696455
38370,0.11412820151811949,970.974466820996,8452.691298564749,4990.254221367164,3462.4370771975846,0.07742957043675198
38375,0.1141430735798237,951.8485528605934,8440.263264468853,4967.166692454366,3473.096572014487,0.07749021195647708
38380,0.11415794564152791,932.0478489143889,8428.960790955,4943.745565296833,3485.2152256581667,0.07752773267964123
38385,0.11417281770323212,911.8604764384381,8418.875093839444,4919.5691675379285,3499.3059263015157,0.07754076908836294
38390,0.11418768976493633,891.6426768101119,8410.066357058464,4894.252753096086,3515.813603962378,0.07752806635620252
38395,0.11420256182664054,871.8050831908113,8402.562937009952,4867.468122462949,3535.094814547003,0.07748849215977124
38400,0.11421743388834475,852.8001906656737,8396.361505361752,4838.961476504482,3557.4000288572706,0.07742104901303858
38405,0.11423230595004896,835.1130202524546,8391.427922020715,4808.568286676316,3582.859635344399,0.07732488555066899
38410,0.11424717801175317,819.2555351191431,8387.698642814621,4776.223925897475,3611.474716917146,0.07732216115240055
38415,0.11426205007345738,805.7638373061282,8385.082523337844,4741.968863694783,3643.1136596430606,0.07739451597730548
38420,0.11427692213516161,795.1959621191163,8383.462962490696,4705.947422046901,3677.5155404437946,0.07744191658667257
38425,0.11429179419686582,788.1274723144152,8382.700413403136,4668.399440202375,3714.3009732007604,0.0774630920160064
38430,0.11430666625857003,785.1421241185299,8382.635354974182,4629.644711741669,3752.9906432325124,0.07745688151950791
38435,0.11432153832027424,786.8155631314394,8383.091850133098,4590.060709857991,3793.0311402751067,0.07742225241451382
38440,0.11433641038197845,793.6911534247583,8383.881810447107,4550.054850094569,3833.8269603525378,0.07735831808217497
38445,0.11435128244368266,806.2484568678392,8384.81004108265,4510.033269754924,3874.7767713277262,0.07726435524355785
38450,0.11436615450538687,824.8663539923245,8385.68006036958,4470.368729265856,3915.311331103723,0.07721357354318006
38455,0.11438102656709108,849.7841094610712,8386.300584089586,4431.370658453996,3954.92992563559,0.0772969030375841
38460,0.11439589862879529,881.064614810025,8386.492450022155,4393.260486320251,3993.2319637019036,0.07735488110832386
38465,0.1144107706904995,918.5644157779079,8386.095651435618,4356.155138899086,4029.940512536533,0.0773862934245956
38470,0.11442564275220371,961.9148746067503,8384.97606931537,4320.060941312216,4064.9151280031538,0.0773900303958666
38475,0.11444051481390793,1010.517964986454,8383.031460830947,4284.879149707087,4098.15231112386,0.07736509634902672
38480,0.11445538687561214,1063.558874380351,8380.196287587318,4250.423064624118,4129.7732229632,0.07731061650319945
38485,0.11447025893731635,1120.0359606675984,8376.445051783203,4216.445297808489,4159.999753974714,0.07722584231399737
38490,0.11448513099902057,1178.8068402398703,8371.793938003984,4182.672475915726,4189.121462088258,0.07711015604150133
38495,0.11450000306072478,1238.6476210549135,8366.300707661248,4148.843664647379,4217.457043013869,0.0772060397947907
38500,0.11451487512242899,1298.320686728569,8360.062931264747,4114.748243401565,4245.314687863182,0.07727733908599221
38505,0.1145297471841332,1356.6451600708615,8353.21474290916,4080.2589383608474,4272.955804548313,0.0773211781161625
38510,0.1145446192458374,1412.5634286480563,8345.922345788535,4045.356227739966,4300.566118048569,0.07733605480201718
38515,0.11455949130754162,1465.1970988990552,8338.378488947856,4010.141282415606,4328.23720653225,0.07732056297136593
38520,0.11457436336924583,1513.886595511255,8330.796093535731,3974.835857447766,4355.960236087965,0.07727342548612227
38525,0.11458923543095004,1558.2103466405688,8323.401162842918,3939.768940453703,4383.632222389215,0.07719352940007258
38530,0.11460410749265426,1597.9819299150604,8316.425096166813,3905.35133245054,4411.073763716273,0.0770799608682091
38535,0.11461897955435847,1633.2263673156976,8310.09656129708,3872.040551625452,4438.056009671627,0.07706567462237114
38540,0.11463385161606268,1664.1395079830763,8304.633162065593,3840.2994076002665,4464.333754465326,0.0771337203741624
38545,0.11464872367776689,1691.0366717144116,8300.233241213045,3810.5522193049824,4489.6810219080635,0.07717648700519884
38550,0.1146635957394711,1714.29807383363,8297.068245684339,3783.1428949019723,4513.925350782367,0.07718792420216843
38555,0.11467846780117531,1734.3188010536605,8295.276112409343,3758.298934311843,4536.977178097501,0.07716682371211252
38560,0.11469333986287952,1751.470219033561,8294.956083857525,3736.1048624778305,4558.851221379695,0.07711217565306434
38565,0.11470821192458373,1766.0777814768253,8296.16523556358,3716.487702760285,4579.6775328032945,0.07702317054125318
38570,0.11472308398628794,1778.4175173011245,8298.916818911579,3699.2159447985246,4599.700874113054,0.07689919624509105
38575,0.11473795604799215,1788.7303402827229,8303.180335245494,3683.912174431657,4619.268160813836,0.07690601452250351
38580,0.11475282810969636,1797.2501922347074,8308.883107311804,3670.0782562980467,4638.804851013757,0.07692294247244996
38585,0.11476770017140059,1804.2394007661142,8315.913034708043,3657.130828360768,4658.782206347274,0.07695129015362404
38590,0.1147825722331048,1810.0230098189413,8324.12222317188,3644.4439920454915,4679.678231126389,0.0769903980114378
38595,0.11479744429480901,1815.013615776672,8333.331251579977,3631.3955348346517,4701.935716745325,0.07702797108884425
38600,0.11481231635651322,1819.7195704351043,8343.333955991291,3617.4128374820084,4725.921118509283,0.0771044509754132
38605,0.11482718841821743,1824.7321384534653,8353.90272995226,3602.0147934877796,4751.887936464481,0.07717675872784135
38610,0.11484206047992164,1830.6908596895046,8364.794430791871,3584.846571189349,4779.947859602522,0.07724500740757081
38615,0.11485693254162585,1838.2302982490737,8375.757019923114,3565.7048181349533,4810.052201788161,0.0773093181801668
38620,0.11487180460333006,1847.9148437148951,8386.537042264894,3544.5518557329133,4841.985186531981,0.07736980375913327
38625,0.11488667666503427,1860.1706590433769,8396.887969114254,3521.518430257718,4875.369538856536,0.07742655191403981
38630,0.11490154872673848,1875.2248609034286,8406.579302058699,3496.8955547135,4909.683747345199,0.07747961054598611
38635,0.11491642078844269,1893.0614541986397,8415.40617991327,3471.116785168689,4944.289394744581,0.07752897598366036
38640,0.11493129285014692,1913.401555435723,8423.199066370898,3444.7328470560155,4978.466219314883,0.0775824884309983
38645,0.11494616491185113,1935.712358363522,8429.832945617214,3418.3808313648765,5011.452114252337,0.07763620932902728
38650,0.11496103697355534,1959.2455780756882,8435.235340170386,3392.750237437877,5042.485102732509,0.07768559851784304
38655,0.11497590903525955,1983.10227431182,8439.392411907209,3368.548005594155,5070.844406313054,0.07773046851223028
38660,0.11499078109696376,2006.3175047338764,8442.35243096155,3346.4644313004715,5095.887999661078,0.07777061647410413
38665,0.11500565315866797,2027.955617347403,8444.226006979849,3327.1415472975063,5117.084459682343,0.07783709139325794
38670,0.11502052522037218,2047.2054480815823,8445.182672019171,3311.1452423944006,5134.03742962477,0.07791620430094626
38675,0.11503539728207639,2063.464381125679,8445.443672808178,3298.9420721511133,5146.501600657065,0.07799036317141875
38680,0.1150502693437806,2076.4011520043687,8445.271151157414,3290.8814074921684,5154.389743665246,0.07805948394476439
38685,0.11506514140548481,2085.9893173135106,8444.954235726702,3287.183259555445,5157.770976171257,0.07812355457177159
38690,0.11508001346718902,2092.5063036254987,8444.792899755,3287.9318179634906,5156.8610817915105,0.07818263951634255
38695,0.11509488552889324,2096.496654620775,8445.080717444156,3293.074463114554,5152.006254329603,0.07823687610957161
38700,0.11510975759059745,2098.702239212027,8446.087836797184,3302.42578829343,5143.662048503754,0.07828646269456657
38705,0.11512462965230166,2099.966406759768,8448.045546848276,3315.6760218229424,5132.369525025333,0.07833163948463841
38710,0.11513950171400587,2101.1229257803816,8451.133734719473,3332.4031894505115,5118.730545268962,0.07837266394153482
38715,0.11515437377571008,2102.8834793919523,8455.472304187924,3352.0883992587183,5103.3839049292055,0.0784171816317068
38720,0.1151692458374143,2105.7389413590317,8461.117283353047,3374.1337395700943,5086.983543782953,0.07848357329080802
38725,0.1151841178991185,2109.8891276203676,8468.061921556166,3397.8824107553746,5070.179510800791,0.07856440311156457
38730,0.11519898996082271,2115.2129450711045,8476.24261109385,3422.6408136392574,5053.601797454593,0.07864159643288395
38735,0.11521386202252692,2121.285950819386,8485.549016053345,3447.7023458700965,5037.846670183248,0.0787185786289801
38740,0.11522873408423114,2127.4458447498773,8495.837393876134,3472.372587036526,5023.464806839608,0.07880313824056669
38745,0.11524360614593535,2132.8993013943127,8506.945793802086,3495.9953828495823,5010.950410952504,0.07888334868786216
38750,0.11525847820763957,2136.856989369846,8518.709640880723,3517.9790940392795,5000.730546841443,0.0789589351976598
38755,0.11527335026934378,2138.678794077612,8530.976186585889,3537.822003892588,4993.154182693301,0.07902960042196341
38760,0.11528822233104799,2138.0090415389986,8543.616437408695,3555.135638822142,4988.480798586553,0.07909504956521735
38765,0.1153030943927522,2134.8823421070183,8556.533455957742,3569.66460868957,4986.868847268172,0.07915501708440663
38770,0.11531796645445641,2129.7844122323413,8569.666340746357,3581.3015657176597,4988.364775028696,0.07920929190809332
38775,0.11533283851616062,2123.658265152736,8582.989686384943,3590.096038518033,4992.893647866909,0.07926933623150087
38780,0.11534771057786483,2117.8534970705177,8596.508843998832,3596.256217683864,5000.252626314968,0.07936619551258016
38785,0.11536258263956904,2114.0238823447653,8610.251773388589,3600.143218135007,5010.108555253582,0.0794574427108977
38790,0.11537745470127325,2113.9850385685077,8624.258639906391,3602.2578625842984,5022.000777322093,0.07954313586970485
38795,0.11539232676297746,2119.5486860621368,8638.570514112029,3603.2205487889887,5035.34996532304,0.07962340089448094
38800,0.11540719882468167,2132.3525172197706,8653.218562028314,3603.7452118543915,5049.473350173923,0.07970125891923863
38805,0.1154220708863859,2153.704787510944,8668.21497824256,3604.608721435257,5063.606256807303,0.07978648684249029
38810,0.11543694294809011,2184.4606242914087,8683.5466479442,3606.6172410052686,5076.929406938932,0.07986651971484988
38815,0.11545181500979432,2224.9431147744726,8699.172176300444,3610.5711327825848,5088.60104351786,0.07994152154611692
38820,0.11546668707149853,2274.9170016655717,8715.022546586019,3617.229951882915,5097.7925947031035,0.08001163793071939
38825,0.11548155913320274,2333.616882138783,8731.005307372261,3627.2789811815624,5103.726326190699,0.08007698485568306
38830,0.11549643119490695,2399.8258172559863,8747.011876601911,3641.2986522966958,5105.713224305216,0.08014652865162337
38835,0.11551130325661116,2471.9948697107957,8762.927305081052,3659.7380970295117,5103.18920805154,0.08025894519062969
38840,0.11552617531831537,2548.3899052459865,8778.641670460755,3682.8939727150027,5095.747697745752,0.08036670422960891
38845,0.11554104738001958,2627.2494965979613,8794.062173131744,3710.895579761572,5083.1665933701715,0.0804697087064274
38850,0.11555591944172379,2706.937226405141,8809.124970999781,3743.6971079760806,5065.4278630237,0.08056784262701729
38855,0.115570791503428,2786.0730956503357,8823.805812636057,3781.0775852018232,5042.728227434234,0.08066097546411514
38860,0.11558566356513222,2863.631827838596,8838.128600525117,3822.648752255595,5015.479848269522,0.08074896618758975
38865,0.11560053562683643,2939.000108327744,8852.171132929105,3867.8706718091753,4984.300461119929,0.08083531950907086
38870,0.11561540768854064,3011.9895800214144,8866.06743126728,3916.0744349198235,4949.992996347457,0.08092567666974355
38875,0.11563027975024485,3082.8070996529177,8880.006257805217,3966.4909043115417,4913.515353493674,0.0810100419425151
38880,0.11564515181194907,3151.9878302074712,8894.225662068216,4018.2840700805214,4875.941591987696,0.08108823406750879
38885,0.11566002387365328,3220.2998757388686,8909.003655828537,4070.5873212534516,4838.416334575086,0.08118249437156107
38890,0.11567489593535749,3288.6312105213974,8924.645391505224,4122.540775249833,4802.104616255391,0.08129899588118132
38895,0.1156897679970617,3357.870603193094,8941.46748698768,4173.327771487806,4768.139715499874,0.08141606817956866
38900,0.1157046400587659,3428.7941436834462,8959.780376466315,4222.20873749852,4737.571638967795,0.08152647425683258
38905,0.11571951212047012,3501.967930390464,8979.869746773298,4268.550880171758,4711.31886660154,0.0816299103173497
38910,0.11573438418217433,3577.675579183003,9001.978221039415,4311.85252455641,4690.125696483005,0.0817260662904577
38915,0.11574925624387855,3655.8766362420674,9026.288463614346,4351.761370304449,4674.527093309897,0.0818146348950363
38920,0.11576412830558276,3736.1989363552884,9052.908800345307,4388.08638422068,4664.822416124627,0.08189532301299274
38925,0.11577900036728697,3817.9647119943093,9081.862285997096,4420.803408950401,4661.058877046696,0.08196786387907465
38930,0.11579387242899118,3900.2470947253987,9113.079925054912,4450.054775559885,4663.025149495027,0.08203678055458553
38935,0.11580874449069539,3981.950799152086,9146.398489859888,4476.143245105862,4670.2552447540265,0.08213941547056657
38940,0.1158236165523996,4061.908448832919,9181.563110825053,4499.520517508348,4682.042593316704,0.08224518756661896
38945,0.11583848861410381,4138.982391092343,9218.234565814973,4520.770431758811,4697.464134056162,0.08234255639691469
38950,0.11585336067580802,4212.1611566057145,9256.000990756509,4540.586950498944,4715.414040257565,0.08243256425418433
38955,0.11586823273751223,4280.640137944398,9294.393579186746,4559.747155266167,4734.646423920579,0.08252663704080877
38960,0.11588310479921644,4343.877695624114,9332.905726266355,4579.079793834097,4753.825932432259,0.08261184458427114
38965,0.11589797686092065,4401.620691011684,9371.01497970724,4599.4303644633665,4771.584615243874,0.08268813292012288
38970,0.11591284892262488,4453.897107311836,9408.207056328487,4621.624189686985,4786.582866641502,0.0827554614029219
38975,0.11592772098432909,4500.977452524545,9444.001044255954,4646.42930967222,4797.571734583734,0.08281379053660827
38980,0.1159425930460333,4543.310413431344,9477.974730098205,4674.521226414839,4803.453503683367,0.08286307205077773
38985,0.11595746510773751,4581.44113831054,9509.788784964909,4706.451521126052,4803.337263838856,0.08294973643891883
38990,0.11597233716944172,4615.922128599552,9539.208352880356,4742.622165740523,4796.586187139833,0.08304105154749078
38995,0.11598720923114593,4647.226857415947,9566.120464324124,4783.267004704943,4782.85345961918,0.08312366830971803
39000,0.11600208129285014,4675.675057839631,9590.545702020492,4828.4414505319,4762.104251488592,0.0831974435089087
39005,0.11601695335455435,4701.376542744475,9612.642719656664,4878.020959291531,4734.621760365133,0.0832622385593855
39010,0.11603182541625856,4724.197963978004,9632.704578816649,4931.708356847932,4700.996221968717,0.08332950200958673
39015,0.11604669747796277,4743.7545889391,9651.146418232951,4989.0495901399545,4662.0968280929965,0.08338897007995746
39020,0.11606156953966698,4759.427283554338,9668.484665027563,5049.456998156406,4619.027666871157,0.08343895022167536
39025,0.1160764416013712,4770.4035007828215,9685.308773587367,5112.238760395456,4573.070013191911,0.08347934579570877
39030,0.11609131366307542,4775.740005131487,9702.24724583407,5176.632819702426,4525.614426131645,0.08351007014188133
39035,0.11610618572477963,4774.444021849152,9719.93034750578,5241.843325363344,4478.087022142437,0.0835781937357629
39040,0.11612105778648384,4765.568239948933,9738.95239306258,5307.077527884691,4431.874865177889,0.08365072199910108
39045,0.11613592984818805,4748.313566369479,9759.836651164389,5371.5810922831515,4388.255558881237,0.08371398421923744
39050,0.11615080190989226,4722.131910214674,9783.00578124632,5434.669979141387,4348.3358021049335,0.08376777430643167
39055,0.11616567397159647,4686.819942192849,9808.760249634284,5495.7573534487665,4313.002896185518,0.08381188619283499
39060,0.11618054603330068,4642.594159040011,9837.266434006551,5554.374387437792,4282.892046568759,0.08385697984966986
39065,0.11619541809500489,4590.13804883926,9868.555187783382,5610.18428234775,4258.370905435632,0.0838940500584091
39070,0.1162102901567091,4530.613887665909,9902.53060596736,5662.9892978352555,4239.541308132105,0.08392073691710135
39075,0.11622516221841331,4465.634649380475,9938.98772714589,5712.731002653263,4226.256724492627,0.08393685268540788
39080,0.11624003428011753,4397.195378680289,9977.637036598571,5759.484313042605,4218.152723555966,0.08394224364685433
39085,0.11625490634182174,4327.567672980047,10018.1330025393,5803.446148915335,4214.686853623965,0.08397133272330565
39090,0.11626977840352595,4259.165077317823,10060.103557302133,5844.91971162618,4215.183845675952,0.08401441617030415
39095,0.11628465046523016,4194.390704515434,10103.177470385364,5884.295482883351,4218.8819875020135,0.08429224340424363
39100,0.11629952252693437,4135.480846969063,10147.006952892301,5922.030079635179,4224.976873257122,0.08452033534326166
39105,0.11631439458863858,4084.3594412755856,10191.283540329629,5958.624090889543,4232.659449440085,0.08464951055367005
39110,0.1163292666503428,4042.5177518114087,10235.74623674513,5994.599978822153,4241.1462579229765,0.08481969633265421
39115,0.116344138712047,4010.9314447858615,10280.181946970033,6030.481048696781,4249.700898273252,0.08506986603733924
39120,0.11635901077375121,3990.0234496429766,10324.419236096566,6066.772372554126,4257.64686354244,0.08521384346525863
39125,0.11637388283545542,3979.6760722842655,10368.317299955017,6103.944379470187,4264.37292048483,0.08524530699415533
39130,0.11638875489715964,3979.2904098397084,10411.752595589262,6142.419594097117,4269.333001492145,0.08543266622944198
39135,0.11640362695886386,3987.8859817140565,10454.605796819544,6182.562721660273,4272.04307515927,0.08556630716457418
39140,0.11641849902056807,4004.229294879512,10496.751588722404,6224.673967174491,4272.077621547913,0.08557558224879153
39145,0.11643337108227228,4026.9772339191404,10538.053329741588,6268.985184220829,4269.068145520759,0.0855411676708632
39150,0.11644824314397649,4054.819892961933,10578.36386770329,6315.658230036612,4262.705637666679,0.08563265273138886
39155,0.1164631152056807,4086.607747337346,10617.532901359133,6364.784810765504,4252.748090593629,0.08558545976537449
39160,0.11647798726738491,4121.449802407581,10655.420348631364,6416.387163032045,4239.033185599319,0.08577746055679489
39165,0.11649285932908912,4158.772421056605,10691.914327768985,6470.419128826904,4221.4951989420815,0.0860486994755447
39170,0.11650773139079333,4198.3327270809405,10726.951671842631,6526.76749272374,4200.184179118891,0.08621181740271237
39175,0.11652260345249754,4240.1854881195995,10760.538449034555,6585.253784648316,4175.2846643862395,0.08639597230033232
39180,0.11653747551420175,4284.607701712011,10792.767792118928,6645.6370167748655,4147.130775344062,0.08660625546037007
39185,0.11655234757590596,4331.990099889951,10823.832464909998,6707.617941958367,4116.214522951631,0.08668970895551428
39190,0.11656721963761019,4382.70877587536,10854.030000943585,6770.845352697837,4083.1846482457477,0.08663969105978699
39195,0.1165820916993144,4436.992553085696,10883.758906552974,6834.924694234542,4048.834212318432,0.08672360271215737
39200,0.11659696376101861,4494.802230593777,10913.505269891391,6899.4289041747215,4014.07636571667,0.08668078546832549
39205,0.11661183582272282,4555.736435220395,10943.820080420353,6963.911009988085,3979.909070432268,0.08648604404068459
39210,0.11662670788442703,4618.975782210751,10975.288542870612,7027.9177182000885,3947.3708246705237,0.08629014473923671
39215,0.11664157994613124,4683.272889001119,11008.493559208971,7091.003095533568,3917.4904636754036,0.08655305091259886
39220,0.11665645200783545,4746.991026350693,11043.976248899751,7152.741506436689,3891.2347424630625,0.08686042768324619
39225,0.11667132406953966,4808.189248863157,11082.196797277466,7212.739211255774,3869.457586021692,0.08703743014204651
39230,0.11668619613124387,4864.747017496235,11123.499010803947,7270.644373898088,3852.8546369058595,0.08707613294162223
39235,0.11670106819294808,4914.516881163781,11168.081701353736,7326.155579259514,3841.9261220942226,0.08703555335270041
39240,0.11671594025465229,4955.490108348866,11215.979444087852,7379.029221709374,3836.9502223784784,0.08702142525255673
39245,0.11673081231635651,4985.957807798624,11267.054415435661,7429.08622587313,3837.968189562531,0.08684660209499334
39250,0.11674568437806072,5004.6496722717475,11321.000008895711,7476.218471996891,3844.7815368988204,0.08651069373160333
39255,0.11676055643976493,5010.834476786118,11377.355856824737,7520.3950395486845,3856.9608172760527,0.08661945134654925
39260,0.11677542850146914,5004.370895353537,11435.532875965715,7561.668014488285,3873.86486147743,0.08690564402102345
39265,0.11679030056317335,4985.703528971767,11494.846119026543,7600.177214457697,3894.6689045688454,0.08704736500411951
39270,0.11680517262487757,4955.806203468162,11554.552650677862,7636.152867135411,3918.3997835424516,0.08703833880168393
39275,0.11682004468658178,4916.081270333733,11613.891434634626,7669.915114685307,3943.976319949319,0.08687641485461425
39280,0.11683491674828599,4868.228594825674,11672.122331776754,7701.869268481022,3970.2530632957323,0.08662757743248732
39285,0.1168497888099902,4814.100348304356,11728.561726821912,7732.496019004137,3996.0657078177746,0.08634032835907382
39290,0.1168646608716944,4755.557466128669,11782.612933729588,7762.336284784962,4020.276648944626,0.08640987962514464
39295,0.11687953293339862,4694.3411242566235,11833.79025624027,7791.970986011699,4041.8192702285714,0.08653214754597922
39300,0.11689440499510284,4631.968669997542,11881.736270279045,7821.996648154822,4059.7396221242234,0.08662749443422943
39305,0.11690927705680705,4569.659083486239,11926.232440555725,7852.9982684669885,4073.234172088736,0.08661259181071594
39310,0.11692414911851126,4508.289078560194,11967.203520519468,7885.521224978149,4081.682295541319,0.0864375578097998
39315,0.11693902118021547,4448.377908566066,12004.716306975071,7920.044126766614,4084.6721802084576,0.08610666912861717
39320,0.11695389324191968,4390.097021057476,12038.973277670153,7956.954397188135,4082.018880482018,0.08592017330141835
39325,0.11696876530362389,4333.299823672106,12070.301519195695,7996.528088930266,4073.773430265429,0.08613717100028914
39330,0.1169836373653281,4277.56673391021,12099.137250311016,8038.915014217548,4060.2222360934684,0.08620190596241604
39335,0.11699850942703231,4222.261088600065,12126.006239380238,8084.129803815736,4041.8764355645026,0.08611270421094583
39340,0.11701338148873652,4166.592119071892,12151.500539662396,8132.049048490675,4019.4514911717215,0.08587302357103828
39345,0.11702825355044073,4109.6818619787055,12176.252209798846,8182.414281886996,3993.83792791185,0.08549124657368028
39350,0.11704312561214494,4050.6334449673886,12200.904995161467,8234.840279216058,3966.0647159454093,0.08546938745819187
39355,0.11705799767384917,3988.598573734419,12226.085243676616,8288.828000400572,3937.2572432760444,0.08557828569105301
39360,0.11707286973555338,3922.842192459454,12252.373543915268,8343.781502275993,3908.5920416392746,0.08553768530190621
39365,0.11708774179725759,3852.8021730411474,12280.278651108723,8399.028250763653,3881.2504003450704,0.08535138172611544
39370,0.1171026138589618,3778.1415539950303,12310.215186436979,8453.842414861132,3856.372771575847,0.08502799717085655
39375,0.11711748592066601,3698.7904230959975,12342.486365128598,8507.470833455132,3835.0155316734654,0.08471930253690016
39380,0.11713235798237022,3614.9742153069474,12377.272661461979,8559.161332296428,3818.111329165551,0.08483600674688342
39385,0.11714723004407443,3527.2252054601386,12414.626898218427,8608.192885929995,3806.4340122884314,0.08480832340370342
39390,0.11716210210577864,3436.3745055457657,12454.475801874329,8653.906777498632,3800.5690243756962,0.08464163933645763
39395,0.11717697416748285,3343.523022565987,12496.627636368312,8695.737476304344,3800.8901600639674,0.08434583251498348
39400,0.11719184622918706,3249.9915497180973,12540.785153213796,8733.241537604483,3807.543615609313,0.08395054054349381
39405,0.11720671829089127,3157.252268288742,12586.562800813826,8766.122549697153,3820.4402511166736,0.08405090864252648
39410,0.1172215903525955,3066.8461435177505,12633.506938561297,8794.250103429284,3839.2568351320133,0.08401376940190325
39415,0.1172364624142997,2980.292667157947,12681.117710527313,8817.670982085838,3863.446728441475,0.08384626895455471
39420,0.11725133447600392,2898.9997987943416,12728.871249630505,8836.611248976511,3892.260000653994,0.0835594102983553
39425,0.11726620653770813,2824.182509677701,12776.240998460948,8851.468579211443,3924.7724192495043,0.08321912330337804
39430,0.11728107859941234,2756.7978682195944,12822.717132134478,8862.794946171625,3959.9221859628524,0.08328478294491216
39435,0.11729595066111655,2697.503104359469,12867.82332969397,8871.270534356996,3996.5527953369747,0.08321895759445093
39440,0.11731082272282076,2646.6406972082677,12911.130437085872,8877.670427427,4033.460009658873,0.08303031121285666
39445,0.11732569478452497,2604.2515446243397,12952.266867535534,8882.826155465837,4069.440712069698,0.08273075690984402
39450,0.11734056684622918,2570.1140986943456,12990.925865878175,8887.584541613067,4103.341324265108,0.0824965536808825
39455,0.11735543890793339,2543.804426334459,13026.869996830983,8892.766442152903,4134.10355467808,0.08249878313492479
39460,0.1173703109696376,2524.7698753686573,13059.933382883806,8899.127914093506,4160.8054687903,0.08237527964072737
39465,0.11738518303134182,2512.4076785164607,13090.022300973314,8907.326072211205,4182.69622876211,0.082136806317467
39470,0.11740005509304603,2506.139545010935,13117.114740190838,8917.891436849628,4199.22330334121,0.08179667386137915
39475,0.11741492715475024,2505.474051626771,13141.25942412499,8931.207974749841,4210.051449375149,0.08164572995789227
39480,0.11742979921645445,2510.050301551759,13162.57461851308,8947.501374637726,4215.073243875353,0.08155515679547702
39485,0.11744467127815866,2519.658632327226,13181.246796199655,8966.835467963607,4214.411328236049,0.08134902704015368
39490,0.11745954333986287,2534.2368408455513,13197.528948834299,8989.11618735994,4208.412761474359,0.08104030205093274
39495,0.11747441540156708,2553.843167867497,13211.738062719875,9014.10210655584,4197.635956164035,0.08064339446615047
39500,0.1174892874632713,2578.609881864314,13224.251066832107,9041.420438494351,4182.830628337755,0.08051429545305362
39505,0.1175041595249755,2608.6834875118348,13235.498464304854,9070.58735362545,4164.911110679404,0.08032005041634513
39510,0.11751903158667971,2644.15914838999,13245.954911083363,9101.03155915522,4144.923351928142,0.08002627455094163
39515,0.11753390364838393,2685.0176699956955,13256.126219333504,9132.12018557111,4124.0060337623945,0.07964711410068669
39520,0.11754877571008815,2731.0731923050025,13266.53262135316,9163.18610422294,4103.346517130221,0.07936597137568698
39525,0.11756364777179236,2781.9385235380305,13277.688586497667,9193.555819638948,4084.1327668587182,0.07921498970375812
39530,0.11757851983349657,2837.012868676141,13290.079973123675,9222.577042559848,4067.5029305638272,0.07897173662234679
39535,0.11759339189520078,2895.4937889941048,13304.139746135304,9249.644979431732,4054.494766703572,0.07864894660728886
39540,0.11760826395690499,2956.4119550584446,13320.223831408388,9274.226311153823,4045.9975202545647,0.07825967573555659
39545,0.1176231360186092,3018.684123792821,13338.58886289032,9295.879821312818,4042.709041577502,0.07804482891927116
39550,0.11763800808031341,3081.17730393647,13359.373583721976,9314.272706374664,4045.1008773473113,0.07777514075238197
39555,0.11765288014201762,3142.7757105612454,13382.585493162349,9329.191774996674,4053.3937181656747,0.07743074600762685
39560,0.11766775220372183,3202.442091843498,13408.09401126772,9340.54901674162,4067.5449945261007,0.07702486568010813
39565,0.11768262426542604,3259.2663267092175,13435.631001094873,9348.381366964939,4087.249634129934,0.07657005094471209
39570,0.11769749632713025,3312.4965667194456,13464.798985699987,9352.844873103732,4111.954112596255,0.07626618261820779
39575,0.11771236838883448,3361.551159380081,13495.086864661325,9354.203828480713,4140.883036180612,0.07591348624803718
39580,0.11772724045053869,3406.012585769927,13525.892408997719,9352.815735407756,4173.076673589963,0.07550755826508682
39585,0.1177421125122429,3445.6071522032416,13556.550328406971,9349.113154409659,4207.437173997312,0.07527188379180266
39590,0.11775698457394711,3480.175811753703,13586.364294927653,9343.583575283907,4242.780719643746,0.07538181777431681
39595,0.11777185663565132,3509.6420706503886,13614.64100678337,9336.748415999064,4277.892590784306,0.07554022308811527
39600,0.11778672869735553,3533.982475340461,13640.724217065703,9329.142143485986,4311.582073579717,0.07562291474012452
39605,0.11780160075905974,3553.2038717534433,13664.026656928294,9321.29235250065,4342.734304427644,0.0756400246338134
39610,0.11781647282076395,3567.329797360221,13684.05795915465,9313.701469986152,4370.356489168498,0.0757749436964873
39615,0.11783134488246816,3576.3963866261956,13700.447021175225,9306.830597732509,4393.616423442716,0.07582274233231785
39620,0.11784621694417237,3580.4564088016186,13712.957700604475,9301.085876156974,4411.8718244475,0.07577163569096283
39625,0.11786108900587658,3579.5888011858106,13721.497257298957,9296.80764295568,4424.689614343277,0.07588507087810777
39630,0.1178759610675808,3573.910466775641,13726.117481256097,9294.262558661438,4431.854922594659,0.07590156779335326
39635,0.11789083312928501,3563.587176761587,13727.008915950497,9293.638760519363,4433.370155431134,0.07599888554707136
39640,0.11790570519098922,3548.841026684184,13724.488956333747,9295.043975370301,4429.444980963446,0.0761620713831397
39645,0.11792057725269343,3529.952829198184,13718.984845931467,9298.506371734386,4420.478474197082,0.07623749538859974
39650,0.11793544931439764,3507.2588599697638,13711.012718398908,9303.977775594842,4407.034942804066,0.07644609252871067
39655,0.11795032137610185,3481.14232212568,13701.153846393678,9311.338740504183,4389.815105889495,0.07657947835139643
39660,0.11796519343780607,3452.0206497692698,13690.029207759084,9320.40488332952,4369.624324429564,0.07660996452870772
39665,0.11798006549951028,3420.330293483611,13678.273391449366,9330.933901170332,4347.339490279033,0.07675155780533455
39670,0.11799493756121449,3386.5109218226335,13666.508772257543,9342.632788105244,4323.875984152299,0.07685390375573513
39675,0.1180098096229187,3350.991037705341,13655.320801536978,9355.16496781534,4300.1558337216375,0.07683918190613359
39680,0.1180246816846229,3314.1768395672716,13645.235195103827,9368.157322947955,4277.077872155873,0.07694119850124237
39685,0.11803955374632713,3276.4457455139964,13636.697743384857,9381.207388388184,4255.490354996673,0.07701642095972955
39690,0.11805442580803134,3238.1453677863165,13630.057410166695,9393.891224502397,4236.166185664299,0.07696225504741362
39695,0.11806929786973555,3199.597954928772,13625.55331074882,9405.772635774438,4219.780674974383,0.07705364508040996
39700,0.11808416993143976,3161.10954023058,13623.306056037301,9416.414396059192,4206.89165997811,0.0771100270934893
39705,0.11809904199314397,3122.982387412274,13623.31381017291,9425.391951348856,4197.921858824053,0.07724161932624074
39710,0.11811391405484818,3085.528902756065,13625.453237782614,9432.309695396016,4193.143542386599,0.0773638738787622
39715,0.11812878611655239,3049.085007820785,13629.485323142804,9436.819394497998,4192.665928644807,0.07743192550548997
39720,0.1181436581782566,3014.020997751538,13635.065843312606,9438.639756631255,4196.426086681351,0.07763574760601402
39725,0.11815853023996081,2980.7480932938715,13641.760087609637,9437.575605997868,4204.184481611768,0.07771838419070463
39730,0.11817340230166502,2949.719207604113,13649.061249384351,9433.53475209119,4215.526497293162,0.07774148137481983
39735,0.11818827436336923,2921.4229126790224,13656.411777860827,9426.540527128058,4229.871250732769,0.0779211731442696
39740,0.11820314642507346,2896.370235028232,13663.226864595972,9416.738156948057,4246.488707647915,0.07796650940709153
39745,0.11821801848677767,2875.0747276624634,13668.919143174016,9404.393618951128,4264.525524222889,0.07795462167127352
39750,0.11823289054848188,2858.0271771949047,13672.923596069351,9389.884358863002,4283.039237206349,0.07811403422658578
39755,0.11824776261018609,2845.667174547487,13674.721591525606,9373.682076271662,4301.039515253944,0.07812887898976018
39760,0.1182626346718903,2838.35445215249,13673.862929803785,9356.328620319096,4317.5343094846885,0.07807991015957468
39765,0.11827750673359451,2836.3432460535187,13669.984786542735,9338.40674528645,4331.578041256285,0.0782257161770988
39770,0.11829237879529872,2839.762906904498,13662.826528686213,9320.507974875112,4342.318553811101,0.07821994049824997
39775,0.11830725085700293,2848.6075439442984,13652.239565188722,9303.200066648675,4349.039498540047,0.07824645411173603
39780,0.11832212291870714,2862.7366693991507,13638.191682275427,9286.996544584666,4351.19513769076,0.07828858375107589
39785,0.11833699498041135,2881.8876851533014,13620.765679466267,9272.330497812394,4348.435181653873,0.07848704807382394
39790,0.11835186704211556,2905.6997236410116,13600.152524865702,9259.534369257775,4340.618155607926,0.07854585965717166
39795,0.11836673910381978,2933.7469589524253,13576.639632327593,9248.82683774453,4327.812794583064,0.07854686324127878
39800,0.118381611165524,2965.5782017768715,13550.595177801904,9240.307204405779,4310.287973396125,0.07872503021061684
39805,0.1183964832272282,3000.758546684129,13522.449581027187,9233.957013009707,4288.49256801748,0.07875411921692821
39810,0.11841135528893242,3038.908201526502,13492.675366147367,9229.648049434329,4263.027316713038,0.07872255970341765
39815,0.11842622735063663,3079.733515321497,13461.766584911606,9227.155449789256,4234.61113512235,0.07889038273461942
39820,0.11844109941234084,3123.045708215939,13430.218857669453,9226.17444051024,4204.0444171592135,0.07890240243037856
39825,0.11845597147404505,3168.763910276687,13398.510887813078,9226.339236448768,4172.17165136431,0.07884258832825693
39830,0.11847084353574926,3216.9007753831256,13367.0880659648,9227.242792804871,4139.845273159928,0.07901116595002952
39835,0.11848571559745347,3267.5310091181673,13336.348533670734,9228.45637482555,4107.892158845185,0.07901935771730799
39840,0.11850058765915768,3320.7454123680736,13306.631853699884,9229.54819958657,4077.083654113314,0.07892286491042631
39845,0.11851545972086189,3376.5952105096912,13278.210261592929,9230.10065337488,4048.1096082180484,0.07910255313016842
39850,0.11853033178256611,3435.0331959570985,13251.282368195434,9229.725757071648,4021.556611123786,0.07911891257545776
39855,0.11854520384427032,3495.859253124908,13225.969150083025,9228.078629348838,3997.890520734187,0.07897088594165977
39860,0.11856007590597453,3558.6779107358425,13202.312094347359,9224.868697283378,3977.4433970639802,0.07917022816370345
39865,0.11857494796767874,3622.874543998025,13180.273433640587,9219.868358865571,3960.4050747750152,0.07920693366278163
39870,0.11858982002938295,3687.614765755854,13159.738486630957,9212.918755228455,3946.819731402502,0.07918442754216
39875,0.11860469209108716,3751.868644843704,13140.520177305665,9203.932307083287,3936.587870222378,0.07927663822776676
39880,0.11861956415279137,3814.4581092705766,13122.365819537337,9192.891745345165,3929.4740741921723,0.07940821596602687
39885,0.11863443621449558,3874.122789214084,13104.966208497055,9179.84553674878,3925.1206717482746,0.0793719950979473
39890,0.1186493082761998,3929.5971773943384,13087.966959396404,9164.89986209973,3923.0670972966745,0.07943004697656775
39895,0.118664180337904,3979.6907274080095,13070.98189106745,9148.207612983118,3922.774278084331,0.07956089326679927
39900,0.11867905239960821,4023.36251133961,13053.60808978664,9129.955179754104,3923.652910032535,0.07951878356075817
39905,0.11869392446131244,4059.7831771294996,13035.442132558592,9110.348052691936,3925.094079866656,0.07953021713135985
39910,0.11870879652301665,4088.378837006422,13016.09681982442,9089.5964031639,3926.5004166605213,0.07966717617110844
39915,0.11872366858472086,4108.853752608884,12995.217678342746,9067.901827538786,3927.3158508039596,0.07962773685640158
39920,0.11873854064642507,4121.190881013779,12972.498450192703,9045.446323324953,3927.0521268677494,0.0795827841373809
39925,0.11875341270812928,4125.631262018728,12947.694781922828,9022.384345133329,3925.3104367894994,0.07973289119412783
39930,0.11876828476983349,4122.6347665534795,12920.63536592549,8998.838489807138,3921.796876118351,0.07970467391279275
39935,0.1187831568315377,4112.825910182247,12891.22986476225,8974.899020337334,3916.330844424916,0.07959247631214456
39940,0.11879802889324191,4096.929334265287,12859.473074033445,8950.627087946961,3908.845986086484,0.07976233082643579
39945,0.11881290095494612,4075.7002251872027,12825.44495912331,8926.061176733976,3899.3837823893336,0.07975317565899927
39950,0.11882777301665033,4049.855376154511,12789.306441092998,8901.225996842062,3888.080444250936,0.07956370321248338
39955,0.11884264507835454,4020.0107301830094,12751.291101544672,8876.142809925263,3875.148291619409,0.0797590199560271
39960,0.11885751714005877,3986.6309723246095,12711.69330247366,8850.840003153562,3860.853299320099,0.07977568782111101
39965,0.11887238920176298,3949.9959687393984,12670.853533807584,8825.36265197521,3845.490881832373,0.07959267843744353
39970,0.11888726126346719,3910.187544462984,12629.142054773294,8799.779840274226,3829.3622144990677,0.07972643554639632
39975,0.1189021333251714,3867.098309990786,12586.942032116733,8774.188646936096,3812.7533851806365,0.07977457074333892
39980,0.11891700538687561,3820.4621483902984,12544.633360931066,8748.713961234373,3795.9193996966933,0.0796234022810679
39985,0.11893187744857982,3769.903794628617,12502.578174613971,8723.50364962281,3779.0745249911615,0.07966474472917008
39990,0.11894674951028403,3715.002939391754,12461.108737391214,8698.719048005418,3762.3896893857964,0.07974885710284677
39995,0.11896162157198824,3655.3667083084492,12420.518025418196,8674.52126822523,3745.9967571929665,0.07963513494012689
40000,0.11897649363369245,3590.703375178563,12381.052918034668,8651.054340956453,3729.998577078215,0.07961853621702039
40005,0.11899136569539666,3520.889849535045,12342.909614449283,8628.426708404424,3714.482906044859,0.0796939912330814
40010,0.11900623775710087,3446.0258430775484,12306.230717730501,8606.692957397538,3699.5377603329634,0.07962250394060559
40015,0.1190211098188051,3366.4686242771095,12271.103409484964,8585.837875893056,3685.265533591908,0.07957094267654245
40020,0.1190359818805093,3282.843853587113,12237.558261638487,8565.764870530411,3671.7933911080763,0.07961287955762629
40025,0.11905085394221351,3196.0300786436146,12205.568454084916,8546.290478387393,3659.2779756975233,0.07958066586846624
40030,0.11906572600391772,3107.1169565199043,12175.049430408924,8527.146161983113,3647.903268425811,0.07948554489031255
40035,0.11908059806562193,3017.339988799932,12145.859268713622,8507.98785185401,3637.8714168596125,0.07955013286402078
40040,0.11909547012732614,2927.997244073171,12117.800222673253,8488.412884822623,3629.3873378506305,0.0795073721722448
40045,0.11911034218903035,2840.3558608152307,12090.621969791273,8467.983182291728,3622.6387874995453,0.07936348940185735
40050,0.11912521425073457,2755.5577075995543,12064.027080658045,8446.252823467654,3617.774257190391,0.07945544322684993
40055,0.11914008631243878,2674.534128251913,12037.679102586644,8422.797678862476,3614.8814237241677,0.07940116335736741
40060,0.11915495837414299,2597.9390616595456,12011.21345175705,8397.24453798459,3613.96891377246,0.07927928992726724
40065,0.1191698304358472,2526.1080301108923,11984.251052487163,8369.297215799443,3614.9538366877205,0.07932891762720734
40070,0.11918470249755142,2459.047744961782,11956.41437371582,8338.757442701824,3617.656931013995,0.0792760468688475
40075,0.11919957455925563,2396.4577233752243,11927.345214200956,8305.538884897018,3621.8063293039377,0.07919778758207688
40080,0.11921444662095984,2337.781756989395,11896.723304029902,8269.673332161303,3627.0499718685987,0.07916948590537758
40085,0.11922931868266405,2282.283753278318,11864.284549208505,8231.308839330246,3632.9757098782593,0.07915445408075286
40090,0.11924419074436826,2229.1397901619066,11829.837581152127,8190.700328301947,3639.1372528501806,0.0790800948276349
40095,0.11925906280607247,2177.5365233076855,11793.277218185529,8148.19377305293,3645.083445132599,0.07897652761130616
40100,0.11927393486777668,2126.765584046996,11754.593531311892,8104.205545372236,3650.3879859396557,0.0790016674686261
40105,0.11928880692948089,2076.304355653272,11713.87544719067,8059.19875985509,3654.67668733558,0.07892579387849849
40110,0.1193036789911851,2025.8753721251205,11671.308211046315,8013.658510422005,3657.64970062431,0.07879199088045999
40115,0.11931855105288931,1975.4792242146332,11627.16453768614,7968.067745007708,3659.0967926784315,0.07881704924170571
40120,0.11933342311459352,1925.3988520566445,11581.789842642153,7922.885210212529,3658.9046324296232,0.0787349638269013
40125,0.11934829517629775,1876.176014017933,11535.582496231591,7878.52646739407,3657.056028837521,0.07866945771483735
40130,0.11936316723800196,1828.5632005121106,11488.970510263694,7835.348510928445,3653.6219993352497,0.07859887973724844
40135,0.11937803929970617,1783.4561129525737,11442.38639380305,7793.638093298242,3648.748300504808,0.07853851617037133
40140,0.11939291136141038,1741.8130150101842,11396.242067819987,7753.603555949846,3642.638511870141,0.07850670048174294
40145,0.11940778342311459,1704.5678622500527,11350.905700687836,7715.36982333693,3635.535877350906,0.07834471236424946
40150,0.1194226554848188,1672.5442460637287,11306.682130035293,7678.976236919314,3627.705893115979,0.07833459384806406
40155,0.11943752754652301,1646.376941748772,11263.79819883017,7644.377035308217,3619.4211635219535,0.07829766148203546
40160,0.11945239960822722,1626.44726081935,11222.393891446762,7611.444446195777,3610.9494452509844,0.07817853673487034
40165,0.11946727166993143,1612.8374567504834,11182.51965238949,7579.974464023318,3602.5451883661717,0.0780931927757656
40170,0.11948214373163564,1605.3080960369152,11144.139754992777,7549.6953893016125,3594.4443656911644,0.078037755740791
40175,0.11949701579333985,1603.30059818495,11107.14111083174,7520.279086469662,3586.862024362079,0.07798983656715865
40180,0.11951188785504407,1605.9651519361269,11071.346520151841,7491.354701366324,3579.9918187855174,0.07781066026734133
40185,0.11952675991674828,1612.212077427237,11036.531095243372,7462.524317484889,3574.0067777584827,0.07774231959270429
40190,0.1195416319784525,1620.7826132150667,11002.440459480056,7433.379782109574,3569.060677370482,0.07774445240021524
40195,0.1195565040401567,1630.3332648007354,10968.80933026365,7403.519754411964,3565.289575851686,0.07758749979149779
40200,0.11957137610186092,1639.526456330249,10935.379211236237,7372.565956900652,3562.813254335585,0.07747038760518091
40205,0.11958624816356513,1647.119460785595,10901.914114058845,7340.177665863502,3561.7364481953437,0.07743811746340519
40210,0.11960112022526934,1652.0435914669697,10868.213468008098,7306.063646196248,3562.1498218118504,0.07735559348864639
40215,0.11961599228697355,1653.46649843268,10834.121628853703,7269.99098946347,3564.1306393902332,0.07714840346369488
40220,0.11963086434867776,1650.8321031174464,10799.53365009407,7231.790608344907,3567.7430417491632,0.07706990199475476
40225,0.11964573641038197,1643.875064831379,10764.39722269081,7191.3594361180085,3573.0377865728015,0.07705994887501309
40230,0.11966060847208618,1632.6094118063756,10728.710922553246,7148.6596483751855,3580.0512741780603,0.07688470540160633
40235,0.1196754805337904,1617.2937011774384,10692.519126705427,7103.71544576494,3588.8036809404866,0.07678370273458
40240,0.11969035259549461,1598.3773969719423,10655.904163343175,7056.608088792499,3599.296074550676,0.07682247691656204
40245,0.11970522465719882,1576.434749126849,10618.976435646735,7007.469928986512,3611.506506660223,0.07686019425573017
40250,0.11972009671890303,1552.0931500544948,10581.863387067819,6956.478109113525,3625.385277954294,0.07691238107640405
40255,0.11973496878060724,1525.9627533769535,10544.69823867149,6903.8484093237785,3640.8498293477114,0.07696066294175921
40260,0.11974984084231145,1498.5732437575753,10507.609412425058,6849.82944030959,3657.779972115468,0.07700546231971873
40265,0.11976471290401566,1470.3223288315621,10470.711452578897,6794.697107180999,3676.014345397897,0.07704727161982348
40270,0.11977958496571987,1441.4390842295134,10434.098076832603,6738.749065980241,3695.349010852362,0.07708663005031677
40275,0.11979445702742408,1411.9639559572624,10397.837749587807,6682.298804739163,3715.538944848644,0.07713665123061707
40280,0.1198093290891283,1381.7461269796167,10361.971901849534,6625.668986773573,3736.302915075961,0.07719595688215444
40285,0.1198242011508325,1350.4580669473344,10326.515662949594,6569.1837559399,3757.331907009694,0.07725447997268366
40290,0.11983907321253673,1317.6262863627262,10291.460753338795,6513.159803046283,3778.3009502925124,0.07731257836108582
40295,0.11985394527424094,1282.676463937084,10256.780041500266,6457.896148805715,3798.883892694551,0.07737048898744747
40300,0.11986881733594515,1244.990117530855,10222.433202381448,6403.662837787354,3818.7703645940937,0.07742830751327637
40305,0.11988368939764936,1203.968866956915,10188.372922865914,6350.689038764839,3837.683884101075,0.07750825436714831
40310,0.11989856145935357,1159.1012379753302,10154.551159586776,6299.151318534424,3855.399841052352,0.07758830266345874
40315,0.11991343352105778,1110.0261150739616,10120.925035533919,6249.162980798083,3871.7620547358365,0.07766756551841492
40320,0.11992830558276199,1056.5866165116395,10087.462035769791,6200.765280272455,3886.696755497336,0.07774557975698485
40325,0.1199431776444662,998.8685297422644,10054.144211641542,6153.92109198226,3900.223119659282,0.07782181342578828
40330,0.11995804970617041,937.2185828460433,10020.971126671726,6108.511379416242,3912.459747255484,0.07790036676157551
40335,0.11997292176787462,872.2396641825881,9987.961291979871,6064.334684819684,3923.6266071601867,0.07799321112309486
40340,0.11998779382957883,804.7624214709813,9955.15187119105,6021.109863738613,3934.0420074524372,0.07808261426109747
40345,0.12000266589128306,735.7951549356858,9922.596510509919,5978.482287699547,3944.1142228103718,0.07816816280979617
40350,0.12001753795298727,666.4562197371024,9890.361283926906,5936.033615615884,3954.3276683110225,0.0782495347337846
40355,0.12003241001469148,597.8949682827442,9858.51893236129,5893.294974830914,3965.2239575303765,0.07832650366420485
40360,0.12004728207639569,531.2083913972147,9827.141794636298,5849.763131873738,3977.3786627625605,0.0784274471478874
40365,0.1200621541380999,467.3609748169483,9796.294038240065,5804.919142669718,3991.374895570347,0.07852495780397889
40370,0.12007702619980411,407.11490009886165,9766.023954890881,5758.249094191215,4007.7748606996665,0.0786182636119493
40375,0.12009189826150832,350.97669178969045,9736.357153247862,5709.266721797778,4027.090431450084,0.07870737182705159
40380,0.12010677032321253,299.16489434415325,9707.29143862726,5657.537640954367,4049.7537976728936,0.07879228553540066
40385,0.12012164238491674,251.6015185199576,9678.794018647612,5602.704505543993,4076.0895131036186,0.07888582336388028
40390,0.12013651444662095,207.92799847842434,9650.801435789454,5544.511692111165,4106.289743678289,0.0789846636270215
40395,0.12015138650832516,167.54440595612778,9623.222338523092,5482.827424871433,4140.3949136516585,0.07907926669054671
40400,0.12016625857002938,129.6688032939428,9595.942902951534,5417.660930186384,4178.28197276515,0.07916953710629852
40405,0.1201811306317336,93.41197805226511,9568.83444528543,5349.172376273586,4219.662069011844,0.07925537085400101
40410,0.1201960026934378,57.861474160131365,9541.762551429001,5277.673907882487,4264.0886435465145,0.0793366623571285
40415,0.12021087475514201,22.167907377243864,9514.596911689885,5203.6208238515055,4310.9760878383795,0.07942557501973878
40420,0.12022574681684622,-14.37387899964142,9487.22099269044,5127.592763490866,4359.628229199574,0.079520022336487
40425,0.12024061887855043,-52.25610154281185,9459.540702648199,5050.265718193229,4409.27498445497,0.07960976002754212
40430,0.12025549094025464,-91.70821549597986,9431.491301915077,4972.376838249061,4459.1144636660165,0.07969468662577983
40435,0.12027036300195885,-132.67090576946066,9403.041966405752,4894.685238506214,4508.356727899538,0.07977468898270587
40440,0.12028523506366307,-174.79667490596876,9374.197613815022,4817.932926100708,4556.264687714314,0.0798496381058521
40445,0.12030010712536728,-217.47725497345164,9344.997836673441,4742.81008383668,4602.187752836761,0.07993316561663963
40450,0.12031497918707149,-259.89536017622413,9315.51303607938,4669.927976204764,4645.585059874616,0.08002056542984533
40455,0.12032985124877571,-301.0957627135731,9285.838097065418,4599.800911801864,4686.037185263554,0.08010251526769033
40460,0.12034472331047992,-340.06865374495374,9256.084171116945,4532.8366519555275,4723.247519161418,0.0801788157701207
40465,0.12035959537218413,-375.83701515662597,9226.369312874645,4469.3331745188525,4757.036138355793,0.08024927867301662
40470,0.12037446743388834,-407.53943327148136,9196.808837384404,4409.479255414104,4787.3295819703,0.08031373649887125
40475,0.12038933949559255,-434.50046705539626,9167.506305609848,4353.3568510106015,4814.149454599246,0.08038961965339901
40480,0.12040421155729676,-456.28225207746254,9138.545999193717,4300.944246043913,4837.601753149804,0.08046475616392475
40485,0.12041908361900097,-472.7132699838576,9109.987608516909,4252.119786992867,4857.867821524042,0.08053690005360065
40490,0.12043395568070518,-483.89285079623824,9081.86363852448,4206.6664380536395,4875.197200470841,0.08061391676997995
40495,0.12044882774240939,-490.1726756382777,9054.179753598366,4164.277462165745,4889.902291432621,0.08068899510029942
40500,0.1204636998041136,-492.11897087027864,9026.9179663754,4124.563561810179,4902.354404565222,0.08077736447539308
40505,0.12047857186581781,-490.46090349278256,9000.042265216705,4087.062064888626,4912.980200328079,0.08086007858620936
40510,0.12049344392752204,-486.0316523218962,8973.506013147731,4051.24918024297,4922.256832904761,0.0809370914245308
40515,0.12050831598922625,-479.70864474907376,8947.260274676664,4016.5566737679146,4930.70360090875,0.08100834298926529
40520,0.12052318805093046,-472.3585993546085,8921.26215971225,3982.3941604449737,4938.867999267277,0.08107375902213358
40525,0.12053806011263467,-464.79154285804,8895.482320118539,3948.1773832146746,4947.3049369038645,0.08114236013337434
40530,0.12055293217433888,-457.72622416357535,8869.910877845065,3913.3614866564612,4956.549391188603,0.08122023146379909
40535,0.12056780423604309,-451.7676895613804,8844.561271688095,3877.476788405243,4967.084483282852,0.08129245476814646
40540,0.1205826762977473,-447.39647185949434,8819.471743496486,3840.163381710624,4979.308361785862,0.08135898585472202
40545,0.12059754835945151,-444.96798180201586,8794.704408403013,3801.200425563505,4993.503982839507,0.0814198116889121
40550,0.12061242042115572,-444.72023677515426,8770.342043305338,3760.5263117579834,5009.8157315473545,0.08147508230503
40555,0.12062729248285993,-446.78791228659884,8746.482874852909,3718.2469165976263,5028.235958255283,0.0815507335911369
40560,0.12064216454456414,-451.22073076683773,8723.233757439539,3674.6305701250267,5048.603187314512,0.0816212587739496
40565,0.12065703660626836,-458.00431004668553,8700.702214753328,3630.0898962819942,5070.612318471334,0.08168677479020406
40570,0.12067190866797257,-467.08173206635547,8678.987885612642,3585.152047412903,5093.835838199739,0.08174743235333426
40575,0.12068678072967678,-478.3742493367354,8658.173969507578,3540.419939133822,5117.754030373755,0.08180340379319007
40580,0.120701652791381,-491.79971385067165,8638.319303431812,3496.52784689115,5141.791456540662,0.08189742081852903
40585,0.1207165248530852,-507.28748479094793,8619.451705455098,3454.0951663412015,5165.356539113896,0.0819883676033357
40590,0.12073139691478942,-524.7887683656454,8601.563176190097,3413.682285021232,5187.880891168865,0.08207606464278361
40595,0.12074626897649363,-544.2816166737803,8584.607445499885,3375.752361528578,5208.855083971307,0.08216053282832513
40600,0.12076114103819784,-565.7702175955455,8568.500187464912,3340.642344392311,5227.857843072601,0.08226397278693652
40605,0.12077601309990205,-589.278673134133,8553.12201345282,3308.5457813377034,5244.576232115116,0.08236716451987307
40610,0.12079088516160626,-614.8401660241625,8538.324114726676,3279.50890480027,5258.815209926406,0.0824669796297817
40615,0.12080575722331047,-642.4831537549826,8523.936193858994,3253.440212223605,5270.4959816353885,0.08256323568434273
40620,0.12082062928501469,-672.2168338449092,8509.776130808741,3230.1324067330534,5279.643724075688,0.08265571779027803
40625,0.1208355013467189,-704.0184069252746,8495.660700887594,3209.2942619475243,5286.36643894007,0.08276082420865372
40630,0.12085037340842311,-737.8244912636037,8481.416611489438,3190.588868991194,5290.827742498244,0.08287019844192371
40635,0.12086524547012732,-773.5283782810002,8466.891150411539,3173.673959723703,5293.217190687836,0.08297522789536985
40640,0.12088011753183153,-810.9837448182152,8451.961824277612,3158.2397105189266,5293.722113758686,0.08307567456900772
40645,0.12089498959353574,-850.0141512321015,8436.544484682878,3144.0397093354495,5292.504775347428,0.08317131738353942
40650,0.12090986165523995,-890.426434975333,8420.599563701926,3130.9116348484736,5289.687928853453,0.08327331403834731
40655,0.12092473371694416,-932.0252522952114,8404.136147393916,3118.7855651642108,5285.350582229705,0.08339850315279758
40660,0.12093960577864837,-974.625762801018,8387.213696709894,3107.6795115352566,5279.534185174638,0.08351994567460695
40665,0.12095447784035258,-1018.0619100642389,8369.941285602488,3097.683487925544,5272.257797676944,0.08363709291042812
40670,0.1209693499020568,-1062.1888809895963,8352.474283658947,3088.93488972303,5263.539393935916,0.08376352216359811
40675,0.12098422196376102,-1106.8799082651758,8335.008487213852,3081.5889231023057,5253.419564111547,0.08389526284976336
40680,0.12099909402546523,-1152.0192566153055,8317.771815927348,3075.788164631312,5241.9836512960355,0.08402254393195142
40685,0.12101396608716944,-1197.4945986268976,8301.013845603587,3071.6350358155614,5229.378809788026,0.08414521998710868
40690,0.12102883814887365,-1243.1926899308637,8284.993630256735,3069.170170948368,5215.823459308367,0.08426314538400193
40695,0.12104371021057786,-1289.002089059023,8269.966449858259,3068.3585453294045,5201.607904528854,0.08438329683439387
40700,0.12105858227228207,-1334.8256115038394,8256.170269942872,3069.0840497236554,5187.086220219217,0.08451503406700506
40705,0.12107345433398628,-1380.603409263109,8243.812782317907,3071.1521545373944,5172.660627780513,0.08464186843213142
40710,0.12108832639569049,-1426.3452973006624,8233.059890743607,3074.299545704112,5158.7603450394945,0.08476365187115026
40715,0.1211031984573947,-1472.1685383596223,8224.026407516903,3078.209192113155,5145.817215403748,0.08491175520340066
40720,0.12111807051909891,-1518.3350998405467,8216.769551416164,3082.5292018372497,5134.240349578915,0.08505716476713271
40725,0.12113294258080312,-1565.280775544701,8211.28561394837,3086.8939637169506,5124.39165023142,0.08519836059129865
40730,0.12114781464250735,-1613.62789854095,8207.509924550051,3090.9463421690134,5116.563582381038,0.08535254579174618
40735,0.12116268670421156,-1664.1740171454603,8205.320027831931,3094.3599794827,5110.96004834923,0.08553836954491782
40740,0.12117755876591577,-1717.8511127079018,8204.541808167847,3096.8609619566328,5107.680846211215,0.08581178036351486
40745,0.12119243082761998,-1775.6537199992226,8204.958165999275,3098.2481626157564,5106.710003383518,0.08608463357089507
40750,0.12120730288932419,-1838.5393382761085,8206.319761560702,3098.411474632956,5107.908286927746,0.08635493601057131
40755,0.1212221749510284,-1907.3100777274603,8208.357283918409,3097.3469416904604,5111.010342227948,0.08662278520276401
40760,0.12123704701273261,-1982.4895428961327,8210.794664247804,3095.167564969336,5115.6270992784675,0.08688822485573239
40765,0.12125191907443682,-2064.212366430641,8213.362623334731,3092.1084338436126,5121.254189491119,0.08715124063431243
40770,0.12126679113614103,-2152.144595991781,8215.811920644868,3088.5248916636688,5127.2870289812,0.08741175907310064
40775,0.12128166319784524,-2245.4507686571733,8217.92565709948,3084.882771516541,5133.04288558294,0.08766964996583425
40780,0.12129653525954945,-2342.818067556257,8219.529981889067,3081.7403193554715,5137.789662533596,0.08792473224583242
40785,0.12131140732125367,-2442.5401818830387,8220.502575241635,3079.7221963271127,5140.780378914522,0.08817678297949533
40790,0.12132627938295788,-2542.6546461777634,8220.778337524138,3079.486799043018,5141.29153848112,0.08842554869240525
40795,0.1213411514446621,-2641.1190426838875,8220.351825115766,3081.6889133668783,5138.662911748887,0.08867075791925869
40800,0.1213560235063663,-2736.0049738707858,8219.276146846467,3086.9402933341557,5132.335853512312,0.0889121336917701
40805,0.12137089556807051,-2825.6852577718364,8217.65827413969,3095.7710446447877,5121.887229494903,0.08914940470009682
40810,0.12138576762977472,-2908.9899309736793,8215.651010916255,3108.5946649114076,5107.056346004848,0.08938231408595841
40815,0.12140063969147893,-2985.310325137566,8213.44218506752,3125.679282638558,5087.762902428963,0.08961062520804076
40820,0.12141551175318314,-3054.637124633745,8211.241915699655,3147.1271165987405,5064.114799100915,0.08983412418892332
40825,0.12143038381488735,-3117.5269128962627,8209.26902702539,3172.863535600172,5036.405491425217,0.09005261952162767
40830,0.12144525587659157,-3175.0010354087426,8207.73777543856,3202.6364173959096,5005.10135804265,0.09026593940356094
40835,0.12146012793829578,-3228.3893599455814,8206.84600597934,3236.025843998032,4970.820161981308,0.09047392771674993
40840,0.121475,-3279.138536053786,8206.7656618778,3272.4635602595763,4934.302101618224,0.09067643965420846
40845,0.12148987206170421,-3328.608762920235,8207.63626941825,3311.261072846993,4896.375196571256,0.09087333790123683
40850,0.12150474412340842,-3377.8843821555643,8209.561663760585,3351.6447785106443,4857.916885249941,0.09106449004490658
40855,0.12151961618511263,-3427.6217736055073,8212.609869057138,3392.79608893619,4819.813780120949,0.09124976755775799
40860,0.12153448824681684,-3477.9533974088195,8216.815748270936,3433.8941821942167,4782.921566076719,0.09142904635311681
40865,0.12154936030852105,-3528.4600367332678,8222.18582509096,3474.1587912354057,4748.027033855555,0.09160275883806322
40870,0.12156423237022526,-3578.215169638229,8228.704560441804,3512.8903817805303,4715.814178661273,0.09177070325809912
40875,0.12157910443192947,-3625.896830159517,8236.341329147193,3549.5052156307374,4686.836113516456,0.09193265020210223
40880,0.12159397649363368,-3669.9542204183776,8245.05736867673,3583.5631598723394,4661.49420880439,0.09210060493134603
40885,0.12160884855533789,-3708.809601912983,8254.812041681293,3614.786671869637,4640.025369811656,0.09226067901183836
40890,0.1216237206170421,-3741.071446721305,8265.567852981827,3643.070110158099,4622.497742823728,0.09241284691140915
40895,0.12163859267874633,-3765.7331142694625,8277.293782973165,3668.4793065865756,4608.814476386589,0.09255710420496088
40900,0.12165346474045054,-3782.332767069944,8289.966642211131,3691.242084090836,4598.724558120295,0.09269346694307931
40905,0.12166833680215475,-3791.0547443740998,8303.570317747184,3711.7310230936523,4591.839294653531,0.09282197000553401
40910,0.12168320886385896,-3792.7596020067845,8318.092970060745,3730.440200617857,4587.652769442888,0.09294266452697207
40915,0.12169808092556317,-3788.938541696008,8333.522443205324,3747.9578210511454,4585.564622154178,0.09305561453730422
40920,0.12171295298726738,-3781.5968436309067,8349.840354898908,3764.936636428578,4584.90371847033,0.0931608930470516
40925,0.12172782504897159,-3773.0790660645002,8367.015515251935,3782.0638594319075,4584.951655820027,0.09325857790710898
40930,0.1217426971106758,-3765.8552825116863,8384.99745634921,3800.0319667349368,4584.965489614274,0.09334874784129849
40935,0.12175756917238001,-3762.2918792188516,8403.710914964828,3819.511442146179,4584.199472818649,0.0934314790460564
40940,0.12177244123408422,-3764.4321017569837,8423.052079939533,3841.1261793517733,4581.925900587759,0.09350684265261458
40945,0.12178731329578843,-3773.8105186147195,8442.887289397646,3865.4319963965604,4577.455293001085,0.09357490316427057
40950,0.12180218535749265,-3791.321957047677,8463.05465123085,3892.8985291775584,4570.156122053291,0.09363571775830368
40955,0.12181705741919686,-3817.1595598661065,8483.368786756037,3923.8946656325834,4559.474121123453,0.09368933614112647
40960,0.12183192948090107,-3850.8289403639005,8503.628595499575,3958.677632920472,4544.950962579102,0.09377300479577697
40965,0.12184680154260528,-3891.236745592332,8523.627645382725,3997.385824459602,4526.241820923123,0.09386076474664289
40970,0.1218616736043095,-3936.8432399233416,8543.166540335631,4040.035423490737,4503.131116844894,0.09394122133764339
40975,0.1218765456660137,-3985.8608469683195,8562.066430164872,4086.5208304618673,4475.545599703005,0.094014102797297
40980,0.12189141772771792,-4036.4749480518217,8580.182717135112,4136.618836640051,4443.563880495061,0.09407912549608352
40985,0.12190628978942213,-4087.0604473863436,8597.417980768281,4189.996423153122,4407.421557615159,0.09413599473119835
40990,0.12192116185112634,-4136.368170757767,8613.73317943188,4246.222022040792,4367.511157391088,0.0941844060022527
40995,0.12193603391283055,-4183.659124199241,8629.156282815735,4304.780060032442,4324.376222783293,0.09422548283374813
41000,0.12195090597453476,-4228.771561768656,8643.78763141925,4365.088600637999,4278.699030781252,0.09425812812119053
41005,0.12196577803623898,-4272.114767997342,8657.801497578368,4426.51986771427,4231.281629864098,0.09428148195553868
41010,0.12198065009794319,-4314.5931460299635,8671.443528894913,4488.423326506275,4183.020202388639,0.09429523121159894
41015,0.1219955221596474,-4357.4731520859295,8685.02398121688,4550.150780189496,4134.873201027384,0.09429907424616397
41020,0.12201039422135161,-4402.2124857865,8698.906885597196,4611.082609040384,4087.824276556812,0.0942927286165922
41025,0.12202526628305582,-4450.27477258855,8713.495530617924,4670.653881627328,4042.841648990596,0.09427593901414483
41030,0.12204013834476003,-4502.953355307094,8729.214863195612,4728.378696489654,4000.836166705957,0.09424848475122276
41035,0.12205501040646424,-4561.224936015875,8746.491599481029,4783.870890644106,3962.620708836923,0.09421018608526761
41040,0.12206988246816845,-4625.648370031126,8765.732975377548,4836.859293269169,3928.8736821083794,0.09416090867619643
41045,0.12208475452987266,-4696.3169252230655,8787.305142453264,4887.196077408456,3900.1090650448077,0.09410056556830032
41050,0.12209962659157687,-4772.864912059867,8811.512230785866,4934.857457923291,3876.6547728625746,0.09402911626572587
41055,0.12211449865328108,-4854.522813550682,8838.577071377045,4979.936897982477,3858.6401733945686,0.09394656272713085
41060,0.12212937071498531,-4940.2097293993265,8868.624523877894,5022.631942819389,3845.9925810585046,0.09386124122635929
41065,0.12214424277668952,-5028.648627337033,8901.668317232412,5063.226591316056,3838.4417259163556,0.09377086215618924
41070,0.12215911483839373,-5118.488778963436,8937.60229346143,5102.071562421206,3835.530731040224,0.09367056325385686
41075,0.12217398690009794,-5208.420764294902,8976.196934285796,5139.564812283953,3836.6321220018426,0.09356035610488127
41080,0.12218885896180215,-5297.272216474794,9017.102005373647,5176.134214812235,3840.9677905614117,0.09344024148391118
41085,0.12220373102350636,-5384.076491643624,9059.856016235206,5212.223543283656,3847.63247295155,0.09331020035437348
41090,0.12221860308521057,-5468.110982244223,9103.902911455463,5248.281965103577,3855.6209463518862,0.09317018778601804
41095,0.12223347514691478,-5548.906082329582,9148.61595361364,5284.756388719112,3863.8595648945284,0.09302013065205843
41100,0.12224834720861899,-5626.229177154872,9193.32814558254,5322.08535523586,3871.2427903466796,0.09285992955394208
41105,0.1222632192703232,-5700.050013133854,9237.3678332105,5360.69285725183,3876.674975958669,0.09268946491992455
41110,0.12227809133202741,-5770.494293999433,9280.097429615593,5400.980526413373,3879.11690320222,0.09250860669233844
41115,0.12229296339373164,-5837.7915882561865,9320.952626516793,5443.317021870018,3877.6356046467754,0.09231722652737195
41120,0.12230783545543585,-5902.222130863435,9359.479113124684,5488.024087716159,3871.455025408525,0.09211521105330096
41125,0.12232270751714006,-5964.065462811351,9395.36378218733,5535.3595171538645,3860.0042650334663,0.09190247453413032
41130,0.12233757957884427,-6023.552588227709,9428.45769075205,5585.498048282508,3842.959642469542,0.09167896931122453
41135,0.12235245164054848,-6080.822726850204,9458.788634654078,5638.511912827204,3820.2767218268746,0.0914446926591146
41140,0.12236732370225269,-6135.885814259203,9486.562023858995,5694.35326986112,3792.2087539978747,0.09119968916750602
41145,0.1223821957639569,-6188.592437706833,9512.149718048237,5752.841002761363,3759.308715286874,0.0909440483849732
41150,0.12239706782566111,-6238.613549522565,9536.06749568324,5813.654281628392,3722.413214054849,0.09067921632400619
41155,0.12241193988736532,-6285.432722437015,9558.942784975314,5876.334868535409,3682.6079164399043,0.09042211086993192
41160,0.12242681194906953,-6328.35364061044,9581.475091879905,5940.299386088183,3641.175705791722,0.09015516430044249
41165,0.12244168401077374,-6366.524833944668,9604.392144199819,6004.861750457059,3599.5303937427598,0.08987850358933686
41170,0.12245655607247796,-6398.982380813213,9628.405078897105,6069.264811222953,3559.1402676741527,0.08959225234009835
41175,0.12247142813418217,-6424.709560074702,9654.166005135008,6132.719105920869,3521.446899214139,0.08929652311178572
41180,0.12248630019588638,-6442.710439541443,9682.230983434796,6194.445705582015,3487.7852778527813,0.08899141396083671
41185,0.1225011722575906,-6452.0924031829745,9713.030909564837,6253.719556798557,3459.31135276628,0.08867700966242716
41190,0.1225160443192948,-6452.150919361733,9746.85204620207,6309.909617553989,3436.9424286480807,0.08835338733941338
41195,0.12253091638099901,-6442.448703360946,9783.8270887735,6362.512457673941,3421.314631099559,0.0880206255353369
41200,0.12254578844270322,-6422.88104934165,9823.936770335267,6411.176780330849,3412.759990004418,0.08767881524027527
41205,0.12256066050440743,-6393.719635818291,9867.021181586524,6455.717374980079,3411.3038066064455,0.0873280711098066
41210,0.12257553256611164,-6355.628566780698,9912.799268757264,6496.118152893315,3416.6811158639493,0.08696854115604578
41215,0.12259040462781585,-6309.648696630353,9960.894420280394,6532.524968740319,3428.369451540075,0.08660041352128181
41220,0.12260527668952007,-6257.149190499413,10010.863695070506,6565.229763189953,3445.633931880553,0.08622391949344727
41225,0.12262014875122429,-6199.74850216962,10062.228102149627,6594.648101334233,3467.5800008153947,0.08583933256969006
41230,0.1226350208129285,-6139.210180020099,10114.501424057595,6621.292417837455,3493.2090062201396,0.08544696398852773
41235,0.12264989287463271,-6077.321805362708,10167.215382494416,6645.7432419998895,3521.4721404945267,0.08504715562203437
41240,0.12266476493633692,-6015.767619354738,10219.939452868446,6668.620417491442,3551.319035377004,0.08464027138151206
41245,0.12267963699804113,-5956.006734121735,10272.29430083267,6690.555914986591,3581.738385846078,0.08422668832985974
41250,0.12269450905974534,-5899.169029378778,10323.958570339588,6712.169329321763,3611.7892410178247,0.08380678854248272
41255,0.12270938112144955,-5845.979761388365,10374.669511862727,6734.046628663926,3640.622883198801,0.08338095247348257
41260,0.12272425318315376,-5796.721537281657,10424.218605669017,6756.72225586719,3667.496349801827,0.0829495542298368
41265,0.12273912524485797,-5751.23879700896,10472.443820351913,6780.664338970041,3691.779481381872,0.08252254085847013
41270,0.12275399730656218,-5708.985664047212,10519.22038743384,6806.2625953035895,3712.95779213025,0.08209776857832599
41275,0.12276886936826639,-5669.11349520672,10564.45194212691,6833.8185253453785,3730.633416781532,0.08191494100699433
41280,0.12278374142997062,-5630.590242796337,10608.063595351454,6863.537662018719,3744.525933332735,0.08186457913133356
41285,0.12279861349167483,-5592.340313481743,10649.998020944853,6895.523907063556,3754.474113881297,0.0817850424785106
41290,0.12281348555337904,-5553.391272992513,10690.21505259272,6929.776266397211,3760.43878619551,0.08167467912709547
41295,0.12282835761508325,-5513.012643399509,10728.694687319417,6966.188509672692,3762.5061776467255,0.08160022842826946
41300,0.12284322967678746,-5470.832211549547,10765.442877765057,7004.552364610621,3760.890513154436,0.08157394977190767
41305,0.12285810173849167,-5426.916734576884,10800.499129117465,7044.564785303091,3755.9343438143733,0.08151620343750654
41310,0.12287297380019588,-5381.806716096808,10833.94472609111,7085.839609932735,3748.1051161583746,0.08142499358095216
41315,0.12288784586190009,-5336.499014466394,10865.91038925767,7127.923577146572,3737.9868121110976,0.08129849752843171
41320,0.1229027179236043,-5292.376268854681,10896.58225624235,7170.316246846111,3726.2660093962377,0.0812407501338046
41325,0.12291758998530851,-5251.0880919634465,10926.205245786578,7212.49292292449,3713.7123228620876,0.08120643442300242
41330,0.12293246204701272,-5214.395019325701,10955.083041482118,7253.929258778622,3701.1537827034954,0.08113622798178635
41335,0.12294733410871694,-5183.991466871414,10983.57409984631,7294.125900466945,3689.448199379365,0.08102817355971818
41340,0.12296220617042115,-5161.327528776732,11012.083248189341,7332.631346116814,3679.4519020725274,0.08088186910334148
41345,0.12297707823212536,-5147.450598525287,11041.048622772418,7369.061224940405,3671.987397832013,0.08083982127823888
41350,0.12299195029382957,-5142.886111886966,11070.923951328687,7403.11245590047,3667.8114954282164,0.08079359789869842
41355,0.12300682235553378,-5147.572250095578,11102.156541730401,7434.571231512671,3667.58531021773,0.08070811552945091
41360,0.123021694417238,-5160.856753238588,11135.161806986938,7463.314439357507,3671.8473676294316,0.08058362414860194
41365,0.1230365664789422,-5181.556034589156,11170.295700743853,7489.304891841074,3680.9908089027786,0.08049799668624057
41370,0.12305143854064642,-5208.068756938717,11207.826980130194,7512.581462592364,3695.24551753783,0.08039513129172353
41375,0.12306631060235063,-5238.529161231763,11247.91164835165,7533.245799221406,3714.665849130244,0.08034016394566128
41380,0.12308118266405484,-5270.980759521439,11290.57214580361,7551.447594957047,3739.1245508465627,0.08024562341919564
41385,0.12309605472575905,-5303.549168100438,11335.683764918645,7567.370403488425,3768.3133614302205,0.08017477146812949
41390,0.12311092678746327,-5334.594014936084,11382.970316511484,7581.219681951469,3801.750634560015,0.08006301131795476
41395,0.12312579884916748,-5362.823656703944,11432.010293805988,7593.214214076785,3838.7960797292035,0.07994283722753992
41400,0.12314067091087169,-5387.362126461163,11482.253752589791,7603.581404834775,3878.6723477550167,0.07988936215809218
41405,0.1231555429725759,-5407.764316444701,11533.048996469408,7612.556265897706,3920.492730571702,0.07984317019473228
41410,0.12317041503428011,-5423.981867362763,11583.677099925944,7620.383328014688,3963.293771911256,0.07975553144666798
41415,0.12318528709598432,-5436.287723792342,11633.391488136464,7627.320288797611,4006.0711993388522,0.07962479845413702
41420,0.12320015915768853,-5445.171233345641,11681.459347985177,7633.641962088159,4047.8173858970185,0.07953645561995265
41425,0.12321503121939274,-5451.217738739289,11727.201625273095,7639.6430389975685,4087.558586275527,0.07952223825629041
41430,0.12322990328109695,-5454.986857759899,11770.028742483257,7645.638287719201,4124.390454764056,0.07946555520676696
41435,0.12324477534280116,-5456.90231981067,11809.469849679437,7651.959094445391,4157.510755234046,0.07936444752711004
41440,0.12325964740450537,-5457.163728816426,11845.194251367651,7658.945668319087,4186.248583048564,0.07921758256697037
41445,0.1232745194662096,-5455.687408335875,11877.024477466255,7666.934781523085,4210.08969594317,0.0792133884932148
41450,0.12328939152791381,-5452.079996805647,11904.941156960216,7676.243555014172,4228.697601946044,0.07919042572695606
41455,0.12330426358961802,-5445.645072428678,11929.080331613824,7687.150463998954,4241.92986761487,0.07912182210080221
41460,0.12331913565132223,-5435.420077618124,11949.724100996456,7699.875324883006,4249.84877611345,0.07900616133789956
41465,0.12333400771302644,-5420.238365324138,11967.28556021818,7714.560417756907,4252.725142461274,0.0789030770508879
41470,0.12334887977473065,-5398.809409178554,11982.288952307721,7731.25498601757,4251.033966290151,0.07891513592970253
41475,0.12336375183643486,-5369.809160050005,11995.345887368,7749.905074810178,4245.440812557821,0.07888105368954834
41480,0.12337862389813907,-5331.972218486884,12007.128442170579,7770.350038240272,4236.778403930307,0.07879920112951043
41485,0.12339349595984328,-5284.177922646848,12018.339977907333,7792.326167491373,4226.0138104159605,0.07866871053142893
41490,0.12340836802154749,-5225.523575301997,12029.684601126886,7815.476947844163,4214.207653282723,0.07862326532644541
41495,0.1234232400832517,-5155.3797282168,12041.836322206313,7839.36865212893,4202.4676700773825,0.07862513936138574
41500,0.12343811214495592,-5073.4245055299525,12055.409105657576,7863.5095021469115,4191.899603510665,0.07857865023173267
41505,0.12345298420666014,-4979.656126051596,12070.929124433538,7887.370573507171,4183.558550926367,0.07848242219908844
41510,0.12346785626836435,-4874.384827787411,12088.81059574105,7910.40696013225,4178.4036356088,0.0783359588925061
41515,0.12348272833006856,-4758.207104687607,12109.336559829064,7932.0783148579685,4177.258244971095,0.07833597385190834
41520,0.12349760039177277,-4631.966396814672,12132.645837996057,7951.8685311409245,4180.777306855132,0.07832420592613933
41525,0.12351247245347698,-4496.70503655856,12158.727148700145,7969.304809908231,4189.422338791915,0.07826153822341042
41530,0.12352734451518119,-4353.612284940962,12187.420961950445,7983.976509234435,4203.44445271601,0.07814702177279159
41535,0.1235422165768854,-4203.972691459231,12218.429147568573,7995.553957144069,4222.875190424505,0.0781574088387726
41540,0.12355708863858961,-4049.117888671658,12251.331869475662,8003.806894649856,4247.524974825806,0.07819054707419135
41545,0.12357196070029382,-3890.383546562156,12285.610572096133,8008.621574166876,4276.9889979292575,0.07824989936335187
41550,0.12358683276199803,-3729.0719308315292,12320.675388413352,8010.014969980718,4310.660418432634,0.07831279220206036
41555,0.12360170482370225,-3566.419696707546,12355.894959344952,8008.144237498225,4347.750721846727,0.07836604507324303
41560,0.12361657688540646,-3403.5704160955947,12390.626550825806,8003.309587425835,4387.3169633999705,0.07840976125415663
41565,0.12363144894711067,-3241.551840980943,12424.244504604652,7995.949128842423,4428.295375762229,0.07844403826007779
41570,0.12364632100881488,-3081.258769644799,12456.16542842005,7986.624911024277,4469.540517395773,0.07846896035604699
41575,0.1236611930705191,-2923.443192807369,12485.86904645188,7976.000240082519,4509.868806369362,0.07851921564169799
41580,0.1236760651322233,-2768.7137642583803,12512.914193534923,7964.809233843423,4548.104959691501,0.07857888670347497
41585,0.12369093719392751,-2617.5463223446877,12536.949948905965,7953.820392373752,4583.129556532213,0.0786291992802117
41590,0.12370580925563172,-2470.3061510379503,12557.72229232972,7943.796612852282,4613.925679477437,0.07866996246119021
41595,0.12372068131733593,-2327.2810805735444,12575.076890145794,7935.454500451828,4639.622389693966,0.07870093153098913
41600,0.12373555337904014,-2188.722704548768,12588.958684338204,7929.425974146381,4659.532710191823,0.07872182506440838
41605,0.12375042544074435,-2054.8913201656205,12599.40889921543,7926.225008980984,4673.183890234446,0.07876832793966357
41610,0.12376529750244858,-1926.0990496948916,12606.559949032799,7926.2218927407475,4680.338056292051,0.07882381378462074
41615,0.12378016956415279,-1802.7452419096726,12610.628576856341,7929.626644694545,4681.0019321617965,0.07886775490714366
41620,0.123795041625857,-1685.3387885893017,12611.907419181656,7936.482336995395,4675.4250821862615,0.07889980426950366
41625,0.12380991368756121,-1574.503351111518,12610.755094760743,7946.668109169226,4664.086985591517,0.07891970489141502
41630,0.12382478574926542,-1470.9634521882563,12607.584867740165,7959.910825194622,4647.674042545543,0.07892731859256376
41635,0.12383965781096963,-1375.511636673451,12602.851933482989,7975.803722796859,4627.04821068613,0.07895345816978583
41640,0.12385452987267384,-1288.959115832019,12597.039415139096,7993.830119840084,4603.2092952990115,0.07899192694315602
41645,0.12386940193437805,-1212.0742031238187,12590.643233101877,8013.390270077959,4577.252963023918,0.07901724227373476
41650,0.12388427399608226,-1145.5142390637584,12584.1561091798,8033.8297268922515,4550.326382287548,0.07902964089973147
41655,0.12389914605778647,-1089.757506489801,12578.051080577061,8054.467964683561,4523.5831158935,0.07907837192271532
41660,0.12391401811949068,-1045.041861573498,12572.765010265743,8074.626404227855,4498.138606037887,0.07911472192240321
41665,0.1239288901811949,-1011.3164930408393,12568.682673195812,8093.655295672124,4475.027377523687,0.07916743722907577
41670,0.12394376224289912,-988.2123954586777,12566.122057009712,8110.959073563856,4455.162983445856,0.07923736334342878
41675,0.12395863430460333,-975.0357722857889,12565.321532210868,8126.019794171308,4439.30173803956,0.07929379838080043
41680,0.12397350636630754,-970.7866204699203,12566.429518409761,8138.4181137567575,4428.011404653003,0.079337160853919
41685,0.12398837842801175,-974.2022106186314,12569.497205721136,8147.851018918292,4421.646186802845,0.07936790147902384
41690,0.12400325048971596,-983.8222647333414,12574.474792760037,8154.145259780539,4420.329532979497,0.07938649210955087
41695,0.12401812255142017,-998.0697756796744,12581.211582948452,8157.26526921818,4423.946313730272,0.07939341895744874
41700,0.12403299461312438,-1015.3392010540301,12589.460141984724,8157.314382249799,4432.145759734925,0.07939974928296474
41705,0.12404786667482859,-1034.0827725739837,12598.884558707192,8154.52847208941,4444.356086617782,0.07943786818184405
41710,0.1240627387365328,-1052.8862190776035,12609.072664427244,8149.261700748944,4459.810963678299,0.07946354437078251
41715,0.12407761079823701,-1070.5272242494939,12619.551851668048,8141.964869608266,4477.586982059782,0.07947727440119923
41720,0.12409248285994123,-1086.012921710888,12629.807902373985,8133.1577078653545,4496.65019450863,0.07947957635695298
41725,0.12410735492164544,-1098.5958962998857,12639.306011433882,8123.397184224272,4515.9088272096105,0.0794709841758405
41730,0.12412222698334965,-1107.770740465544,12647.513007254045,8113.244420762193,4534.268586491852,0.07945204135400799
41735,0.12413709904505386,-1113.2547068883714,12653.91966187033,8103.232940500061,4550.686721370269,0.07942329387027881
41740,0.12415197110675807,-1114.9563206946204,12658.061973630522,8093.840781364293,4564.221192266228,0.07939188148250559
41745,0.12416684316846228,-1112.9352861287407,12659.540401434022,8085.46851324702,4574.071888187002,0.0793908452895409
41750,0.1241817152301665,-1107.3561963897218,12658.036213815776,8078.424493155151,4579.611720660625,0.07937950441435757
41755,0.1241965872918707,-1098.4379846328156,12653.324352765892,8072.917887232679,4580.406465533213,0.07936216500956925
41760,0.12421145935357492,-1086.401084638088,12645.282456570034,8069.059173728135,4576.223282841899,0.07936072564491362
41765,0.12422633141527913,-1071.4149349494592,12633.895898004399,8066.867105181727,4567.028792822672,0.07934769881861505
41770,0.12424120347698334,-1053.549498630755,12619.258849289063,8066.280531945586,4552.978317343477,0.07932346545185705
41775,0.12425607553868756,-1032.735437620201,12601.571478888281,8067.173142836541,4534.39833605174,0.07933951368954237
41780,0.12427094760039177,-1008.738002499912,12581.133431759767,8069.369108985082,4511.764322774685,0.07935032380199188
41785,0.12428581966209598,-981.1492172648559,12558.333769419452,8072.657829419036,4485.675940000417,0.07934889232111256
41790,0.12430069172380019,-949.4014125716603,12533.637576891246,8076.806424250885,4456.83115264036,0.07933564211301834
41795,0.1243155637855044,-912.8027109713648,12507.569502389333,8081.569207707487,4426.000294681846,0.07931099801059377
41800,0.12433043584720861,-870.5920655825767,12480.69459411356,8086.693977070786,4394.000617042774,0.07927538582069336
41805,0.12434530790891282,-822.0084531548928,12453.596936632379,8091.9254618833575,4361.671474749021,0.07922923383045596
41810,0.12436017997061703,-766.3664391009343,12426.856755956574,8097.006617205236,4329.850138751339,0.07917297561169895
41815,0.12437505203232124,-703.1290899133455,12401.026837947942,8101.678597575552,4299.34824037239,0.07910705272472403
41820,0.12438992409402545,-631.9693958618755,12376.609264077852,8105.680247070721,4270.929017007131,0.07906221394243554
41825,0.12440479615572966,-552.8129528887321,12354.033584534734,8108.747846060593,4245.285738474142,0.07902802145905474
41830,0.12441966821743389,-465.85730422994766,12333.637595169677,8110.615727257641,4223.021867912036,0.07898473751378475
41835,0.1244345402791381,-371.5665377275118,12315.651840880317,8111.018250190043,4204.633590690274,0.07893302619284463
41840,0.12444941234084231,-270.6429181337826,12300.188822111884,8109.693510288255,4190.495311823629,0.07887352123270787
41845,0.12446428440254652,-163.98004070604475,12287.23763472293,8106.389036225475,4180.848598497454,0.078806814037446
41850,0.12447915646425073,-52.60390114085749,12276.664443720332,8100.869567106596,4175.794876613736,0.07873344316757784
41855,0.12449402852595494,62.39079844299886,12268.218810781073,8092.926778712806,4175.292032068267,0.07865388590912221
41860,0.12450890058765915,179.901915981025,12261.545507617364,8082.390548098755,4179.154959518609,0.07863237876531833
41865,0.12452377264936336,298.8726385845148,12256.20109894363,8069.14103900122,4187.06005994241,0.07860524917461131
41870,0.12453864471106757,418.3315838795588,12251.674310886283,8053.120608285015,4198.553702601268,0.0785700101178344
41875,0.12455351677277178,537.4183699054902,12247.409038750193,8034.34433342367,4213.064705326523,0.07852711397544368
41880,0.124568388834476,655.3950461147415,12242.8287979043,8012.907888656315,4229.920909247985,0.07847689919404637
41885,0.12458326089618021,771.6455595347243,12237.361468527746,7988.991575130463,4248.369893397283,0.07841959169575694
41890,0.12459813295788442,885.6664657572128,12230.463299403118,7962.8595336395065,4267.603765763612,0.0783553100580016
41895,0.12461300501958864,997.0523209190351,12221.641281387316,7934.8535130729515,4286.787768314364,0.07828407351530356
41900,0.12462787708129285,1105.4787319460393,12210.473144232681,7905.381000542093,4305.092143690588,0.07821205032945594
41905,0.12464274914299706,1210.6851337526623,12196.624348642212,7874.8980076601665,4321.726340982045,0.07819474013640831
41910,0.12465762120470127,1312.4582771803816,12179.861532449911,7843.887320226932,4335.974212222979,0.07817114937971026
41915,0.12467249326640548,1410.6164101093136,12160.061935227544,7812.833518817776,4347.228416409768,0.07814103810124595
41920,0.12468736532810969,1504.993438605782,12137.218390466085,7782.196514556031,4355.021875910054,0.07810406654099494
41925,0.1247022373898139,1595.4221281275559,12111.43956389685,7752.3856502281205,4359.05391366873,0.07805981409253954
41930,0.12471710945151811,1681.7157214143908,12082.945251337265,7723.736517340489,4359.208733996777,0.0780078018178474
41935,0.12473198151322233,1763.6481656702827,12052.056740288253,7696.49247516805,4355.564265120203,0.0779475171587363
41940,0.12474685357492654,1840.9342800209852,12019.182483668965,7670.792410842062,4348.390072826903,0.07788181963306735
41945,0.12476172563663075,1913.2123676670517,11984.79961586159,7646.665595519002,4338.134020342588,0.07788808189577318
41950,0.12477659769833496,1980.0326474661615,11949.432133850516,7624.033681369016,4325.3984524815,0.07788349715412031
41955,0.12479146976003917,2040.8551461568622,11913.62683486747,7602.719101570178,4310.907733297291,0.07786765068211411
41960,0.12480634182174338,2095.0601800877494,11877.928308197957,7582.458536060376,4295.4697721375815,0.0778401233170923
41965,0.1248212138834476,2141.9732777284144,11842.854386796997,7562.919798945252,4279.934587851744,0.0778005083189303
41970,0.1248360859451518,2180.904558254625,11808.87344882025,7543.720519370332,4265.152929449918,0.07774842866819807
41975,0.12485095800685601,2211.2005293144002,11776.384813056462,7524.447270761209,4251.937542295253,0.07768355321345462
41980,0.12486583006856022,2232.304366377247,11745.703211383952,7504.6742353623295,4241.028976021623,0.07760561001516529
41985,0.12488070213026443,2243.8192730562496,11717.047983560242,7483.98093132564,4233.067052234602,0.07751439559397671
41990,0.12489557419196866,2245.568644146867,11690.53727659809,7461.968857220059,4228.568419378031,0.07746361154259296
41995,0.12491044625367287,2237.6464945478683,11666.187195911942,7438.277051249043,4227.910144662898,0.0774490105462546
42000,0.12492531831537708,2220.4519747319173,11643.915588966978,7412.5965069211725,4231.319082045806,0.07742545514833989
42005,0.12494019037708129,2194.702792104774,11623.549962122821,7384.683175080234,4238.866787042587,0.07738755906045468
42010,0.1249550624387855,2161.4240436683876,11604.838929935553,7354.368995164322,4250.469934771231,0.07733521077125742
42015,0.12496993450048971,2121.9113187000466,11587.46654576878,7321.570136742283,4265.896409026498,0.07726830218652232
42020,0.12498480656219392,2077.66975880426,11571.068828442358,7286.291493900887,4284.777334541471,0.07718673054414785
42025,0.12499967862389813,2030.3336604356864,11555.25175461528,7248.626534188608,4306.625220426671,0.0770904040223125
42030,0.12501455068560235,1981.573631092242,11539.609922219544,7208.75189217185,4330.858030047694,0.07697925007518565
42035,0.12502942274730655,1932.9997666924519,11523.745020798056,7166.916591817034,4356.828428981023,0.07686245951214084
42040,0.12504429480901078,1886.06954004815,11507.283201754564,7123.426403722153,4383.8567980324115,0.0768076370306061
42045,0.12505916687071497,1842.0081526390495,11489.89046224752,7078.624475109299,4411.265987138221,0.07675985147066035
42050,0.1250740389324192,1801.7473748343318,11471.285268017642,7032.869884886298,4438.415383131344,0.07669963465686987
42055,0.1250889109941234,1765.8868875156395,11451.247847985835,6986.516070112775,4464.731777873059,0.07662671487451238
42060,0.12510378305582762,1734.6802710043585,11429.625875077549,6939.8910927299685,4489.73478234758,0.07654080085988833
42065,0.1251186551175318,1708.0462709857002,11406.336558648438,6893.281476459604,4513.055082188834,0.0764415882788846
42070,0.12513352717923604,1685.60475121736,11381.365458981869,6846.920902625469,4534.4445563563995,0.07634243031429311
42075,0.12514839924094026,1666.7355908332056,11354.76254427306,6800.9844938055,4553.77805046756,0.07623340696109834
42080,0.12516327130264446,1650.657451647783,11326.636116588137,6755.588816757417,4571.0472998307205,0.07610901007328207
42085,0.12517814336434868,1636.521708755452,11297.1452349382,6710.797164170386,4586.348070767814,0.07613650439305564
42090,0.12519301542605288,1623.5149956091,11266.49118706443,6666.629172296296,4599.862014768134,0.07620066247274895
42095,0.1252078874877571,1610.962049605333,11234.908449245791,6623.073431729551,4611.83501751624,0.07624765772903447
42100,0.1252227595494613,1598.4192536259761,11202.655468858611,6580.101483484395,4622.553985374216,0.07627608348806413
42105,0.12523763161116552,1585.7488479526937,11170.00553707142,6537.681493763288,4632.324043308132,0.0762845507874794
42110,0.12525250367286972,1573.164528006867,11137.237995593394,6495.789991036843,4641.448004556551,0.07630653911377211
42115,0.12526737573457394,1561.2411767478716,11104.630025316746,6454.420327979014,4650.209697337733,0.07633340687076867
42120,0.12528224779627814,1550.884746156311,11072.449265055007,6413.586966082999,4658.862298972008,0.07633526891926147
42125,0.12529711985798236,1543.2625417824365,11040.947473670803,6373.3252105090805,4667.622263161723,0.0763104609489375
42130,0.1253119919196866,1539.6989253608363,11010.355360147025,6333.686570710853,4676.668789436172,0.07638412889110142
42135,0.12532686398139078,1541.5461109365788,10980.878567135385,6294.730418305543,4686.148148829842,0.07645223397841079
42140,0.125341736043095,1550.0435682983589,10952.694630647928,6256.513008979479,4696.181621668448,0.07649711969647391
42145,0.1253566081047992,1566.181866484586,10925.950594087028,6219.075206844686,4706.875387242341,0.07651752029488136
42150,0.12537148016650343,1590.5870783227601,10900.760873790248,6182.430392377891,4718.330481412358,0.0766031677913006
42155,0.12538635222820763,1623.4399436573995,10877.204989514614,6146.554049045534,4730.65094046908,0.07667092640307092
42160,0.12540122428991185,1664.440067113026,10855.324897954008,6111.3764055970905,4743.948492356917,0.0767097001769297
42165,0.12541609635161605,1712.820067458767,10835.121884443703,6076.779255229647,4758.342629214056,0.07671793568058785
42170,0.12543096841332027,1767.408572908089,10816.553237039248,6042.597680925605,4773.955556113643,0.07669422744665563
42175,0.12544584047502447,1826.7350972168633,10799.529192974902,6008.626910219223,4790.902282755679,0.07671464421605685
42180,0.1254607125367287,1889.1648908035922,10783.910852950139,5974.633952553238,4809.2769003969015,0.07676225718663249
42185,0.12547558459843292,1953.0484475025205,10769.509856862873,5940.373113943194,4829.136742919679,0.07678239908747023
42190,0.1254904566601371,2016.8688676507863,10756.090577889374,5905.604023250096,4850.4865546392775,0.07683792624965541
42195,0.12550532872184134,2079.3708847933503,10743.375415759687,5870.1105173807755,4873.264898378911,0.07692803191742148
42200,0.12552020078354553,2139.6579126960887,10731.053473501224,5833.718662209337,4897.3348112918875,0.07698617510044654
42205,0.12553507284524976,2197.247532731295,10718.792523398597,5796.3123306343705,4922.480192764227,0.07701057160285608
42210,0.12554994490695395,2252.0807931047993,10706.25376026038,5757.845075178429,4948.408685081951,0.07699962495427287
42215,0.12556481696865818,2304.485851274241,10693.108462764954,5718.347449229852,4974.761013535102,0.07695196606984792
42220,0.12557968903036237,2355.1012621457085,10679.05539331923,5677.929374004386,5001.126019314844,0.07694683534799578
42225,0.1255945610920666,2404.7681529318706,10663.837607658823,5636.7775606269215,5027.060047031901,0.07695151939157115
42230,0.1256094331537708,2454.403336440748,10647.257340435928,5595.148349540762,5052.108990895166,0.07695341039474182
42235,0.12562430521547502,2504.866915984174,10629.187780176193,5553.35661810636,5075.831162069833,0.0770520654960216
42240,0.12563917727717924,2556.8380346039758,10609.580819786352,5511.761636641752,5097.819183144599,0.07711654792285016
42245,0.12565404933888344,2610.7111338669065,10588.470222849039,5470.750920800439,5117.719302048599,0.07714514430975192
42250,0.12566892140058766,2666.5225725945566,10565.970028750087,5430.723215601162,5135.246813148925,0.07713634064804328
42255,0.12568379346229186,2723.9140336771043,10542.268381371749,5392.071723887241,5150.196657484507,0.07708883633529966
42260,0.12569866552399608,2782.1352632917424,10517.617269079963,5355.168535780839,5162.448733299124,0.07700155446644504
42265,0.12571353758570028,2840.0848258547903,10492.318888527916,5320.350929499056,5171.96795902886,0.07690293095358132
42270,0.1257284096474045,2896.384137867516,10466.709491115364,5287.909843088879,5178.799648026485,0.07694122359806274
42275,0.1257432817091087,2949.4773375689383,10441.141653063341,5258.080445996448,5183.061207066893,0.07704471355763623
42280,0.12575815377081292,2997.7476633795886,10415.96594806248,5231.034471030151,5184.931477032329,0.07711170461936025
42285,0.12577302583251712,3039.639942642709,10391.513010869652,5206.8738854206595,5184.639125448993,0.07713987583096482
42290,0.12578789789422135,3073.7784876366586,10368.07696436481,5185.625615695777,5182.451348669032,0.07712704830776722
42295,0.12580276995592557,3099.070151294729,10345.901131732886,5167.2373557249,5178.663776007986,0.07710431417016343
42300,0.12581764201762977,3114.7835583071346,10325.166852212249,5151.57487877622,5173.591973436029,0.07715204697360298
42305,0.125832514079334,3120.5976476727546,10305.986049489533,5138.421611757996,5167.564437731537,0.07719812645762207
42310,0.1258473861410382,3116.6155872620966,10288.397965746413,5127.481396749934,5160.916568996479,0.0772708290856446
42315,0.1258622582027424,3103.3436113516145,10272.370189859685,5118.385297167562,5153.984892692122,0.07735019939795822
42320,0.1258771302644466,3081.6379578337555,10257.803809190444,5110.703006534702,5147.100802655742,0.07742794539706033
42325,0.12589200232615083,3052.6263178634663,10244.542240915718,5103.958948357346,5140.583292558372,0.07750407529213699
42330,0.12590687438785503,3017.6125920424183,10232.383084592417,5097.652609052375,5134.730475540042,0.07757857202881653
42335,0.12592174644955925,2977.9750025912954,10221.092199669276,5091.282117293359,5129.810082375917,0.0776649643205
42340,0.12593661851126345,2935.067702417774,10210.419146678856,5084.369648017261,5126.049498661595,0.07775124574118202
42345,0.12595149057296767,2890.135081351268,10200.11311905381,5076.486937177881,5123.626181875929,0.07783537820934906
42350,0.1259663626346719,2844.2461893100435,10189.938507870133,5067.279072035442,5122.65943583469,0.0779172431478585
42355,0.1259812346963761,2798.254252658083,10179.68926363345,5056.4847851819195,5123.204478451531,0.07799669741455284
42360,0.12599610675808032,2752.7833224570577,10169.201241961238,5043.951730880417,5125.249511080821,0.07807357526007097
42365,0.1260109788197845,2708.2408945616935,10158.361756470083,5029.6456446604925,5128.716111809591,0.07814769144573293
42370,0.12602585088148874,2664.8522423255026,10147.115639614793,5013.6528400381085,5133.462799576684,0.07822442481878662
42375,0.12604072294319293,2622.709680380666,10135.467262006832,4996.176107783844,5139.291154222989,0.07830653590252598
42380,0.12605559500489716,2581.8285150378297,10123.478205067588,4977.524658880573,5145.953546187015,0.07839508609065195
42385,0.12607046706660135,2542.201357082232,10111.26062181166,4958.099196847521,5153.161424964139,0.07849518602853854
42390,0.12608533912830558,2503.8438019703126,10098.966729658085,4938.373449386986,5160.593280271099,0.07859347307433447
42395,0.12610021119000978,2466.8269076354054,10086.775304630743,4918.87351262647,5167.9017920042725,0.07870171215856048
42400,0.126115083251714,2431.294845430705,10074.87641837133,4900.156197091723,5174.720221279607,0.07880572118001712
42405,0.12612995531341822,2397.4688948166813,10063.455905772722,4882.787288674774,5180.668617097948,0.0789053521200936
42410,0.12614482737512242,2365.641020850603,10052.681114138792,4867.32034270426,5185.360771434532,0.07900049440140772
42415,0.12615969943682664,2336.16127919898,10042.689336676794,4854.2763964034875,5188.412940273307,0.07909107490345922
42420,0.12617457149853084,2309.4231936382566,10033.57998499778,4844.124865399064,5189.455119598715,0.07917705549177723
42425,0.12618944356023507,2285.850256223729,10025.411058482181,4837.26589631779,5188.145162164391,0.07925993075330888
42430,0.12620431562193926,2265.8851707487675,10018.199905398375,4834.014558567746,5184.185346830629,0.07935225415771228
42435,0.12621918768364349,2249.9817934574503,10011.927738299719,4834.587428614154,5177.3403096855645,0.0794397875037907
42440,0.12623405974534768,2238.598275813929,10006.546953886553,4839.092290013284,5167.454663873269,0.07952254883385801
42445,0.1262489318070519,2232.188957919855,10001.990077217859,4847.5217785797395,5154.468298638119,0.07961478904076236
42450,0.1262638038687561,2231.1922869504724,9998.179123152233,4859.751786496231,5138.427336656002,0.07973267937584438
42455,0.12627867593046033,2236.012533771641,9995.034322258187,4875.545262572515,5119.489059685672,0.07984596068583516
42460,0.12629354799216455,2246.994320102418,9992.48143721558,4894.561701165431,5097.9197360501485,0.07995458008719775
42465,0.12630842005386875,2264.390758524015,9990.457224161857,4916.372134249936,5074.085089911921,0.08005848530636672
42470,0.12632329211557297,2288.3280008140828,9988.912899363291,4940.478904883882,5048.433994479409,0.0801576236833742
42475,0.12633816417727717,2318.770735373516,9987.815703406914,4966.3390055475,5021.476697859413,0.08025194142098314
42480,0.1263530362389814,2355.4942294836674,9987.148792017742,4993.389409142431,4993.7593828753115,0.08034689060023081
42485,0.1263679083006856,2398.068567846957,9986.909734129671,5021.072671101831,4965.8370630278405,0.08044712728953156
42490,0.1263827803623898,2445.859704775814,9987.107894138773,5048.861156093329,4938.2467380454445,0.08054214030405467
42495,0.126397652424094,2498.049961242179,9987.76095255556,5076.278508350797,4911.482444204763,0.08063185887110656
42500,0.12641252448579823,2553.6779728100673,9988.890806284044,5102.917369472538,4885.973436811506,0.0807162104314346
42505,0.12642739654750243,2611.6952460751536,9990.519099996927,5128.452767626432,4862.066332370495,0.08084032453952991
42510,0.12644226860920665,2671.033865349379,9992.662670953172,5152.650986302175,4840.011684650997,0.08096028188066406
42515,0.12645714067091088,2730.6779543653774,9995.329226999107,5175.374027080982,4819.955199918125,0.08107488669998437
42520,0.12647201273261507,2789.7306097107803,9998.513602289118,5196.579999554209,4801.933602734909,0.08118398212405913
42525,0.1264868847943193,2847.4683905185802,10002.194929779236,5216.319914892518,4785.875014886718,0.08128741189676489
42530,0.1265017568560235,2903.377037509774,10006.335021900317,5234.731446242295,4771.603575658022,0.0813852356867939
42535,0.12651662891772772,2957.1646097221474,10010.878158401745,5252.030259818682,4758.847898583063,0.08149331420231799
42540,0.12653150097943192,3008.7511909239993,10015.75235113822,5268.499513694208,4747.252837444013,0.08159517198802457
42545,0.12654637304113614,3058.237207801253,10020.872007740376,5284.4780592302295,4736.393948510146,0.08169066394936182
42550,0.12656124510284034,3105.8547922397956,10026.141774711767,5300.347762713198,4725.794011998569,0.08177966366758949
42555,0.12657611716454456,3151.9082576205383,10031.461231349545,5316.520211007812,4714.941020341734,0.0818780812294547
42560,0.12659098922624876,3196.710563841886,10036.730048028534,5333.4229154394,4703.307132589134,0.08200217029799058
42565,0.12660586128795298,3240.522656542873,10041.853221920344,5351.485033977046,4690.368187943298,0.08212004533270863
42570,0.1266207333496572,3283.501883879845,10046.746050827149,5371.122635988627,4675.623414838522,0.08223157612469037
42575,0.1266356054113614,3325.664449607283,10051.338579716295,5392.723651048391,4658.614928667905,0.08233666225120242
42580,0.12665047747306563,3366.865206615622,10055.57932836157,5416.632849962547,4638.946478399022,0.08244341222515139
42585,0.12666534953476982,3406.79620884052,10059.438160821739,5443.137445073772,4616.300715747967,0.08255238856857308
42590,0.12668022159647405,3445.003516648967,10062.90818053266,5472.454095155724,4590.454085376937,0.08265472299760074
42595,0.12669509365817824,3480.9199831259675,10066.00653752718,5504.718193410618,4561.288344116562,0.0827504136242672
42600,0.12670996571988247,3513.9102932634732,10068.774039499525,5539.976270184531,4528.797769314994,0.08283949166288483
42605,0.12672483778158666,3543.323488371915,10071.273493240817,5578.182158722272,4493.0913345185445,0.08293715537359268
42610,0.1267397098432909,3568.547631885989,10073.586786886197,5619.197290720308,4454.389496165889,0.08306159166340857
42615,0.12675458190499508,3589.0611712305054,10075.810857663833,5662.795165853583,4413.01569181025,0.08318022763684817
42620,0.1267694539666993,3604.475923798316,10078.05285285029,5708.669732925967,4369.383119924322,0.083293060176081
42625,0.12678432602840353,3614.5674649948987,10080.424943327236,5756.44717210267,4323.977771224566,0.0834090012829101
42630,0.12679919809010773,3619.2900104532373,10083.039342504804,5805.7003987469325,4277.338943757872,0.08352673305977525
42635,0.12681407015181195,3618.7745940639225,10086.004080747029,5855.965522643879,4230.03855810315,0.08363856368384064
42640,0.12682894221351615,3613.311280492463,10089.419971988265,5906.759484108472,4182.660487879793,0.08374442426026944
42645,0.12684381427522037,3603.318042090137,10093.379000512887,5957.598138676688,4135.780861836199,0.0838442168286758
42650,0.12685868633692457,3589.3004530846365,10097.964094726018,6008.014159737635,4089.9499349883827,0.08393780616365282
42655,0.1268735583986288,3571.8072419118926,10103.250000316133,6057.574252475654,4045.675747840479,0.0840911928820459
42660,0.126888430460333,3551.3868868476757,10109.304776609088,6105.895292992326,4003.4094836167615,0.08425595154386074
42665,0.12690330252203721,3528.549926636827,10116.191360179277,6152.659087381206,3963.532272798071,0.0844174960479711
42670,0.1269181745837414,3503.740707552646,10123.968684721689,6197.625454809932,3926.3432299117567,0.0845756494862251
42675,0.12693304664544564,3477.3211321141034,10132.692000650626,6240.6432629041055,3892.0487377465206,0.08473019939783365
42680,0.12694791870714986,3449.567739182803,10142.41226034053,6281.658900411204,3860.7533599293265,0.0848808988895694
42685,0.12696279076885406,3420.6821260994675,10153.174668747533,6320.721512104745,3832.4531566427886,0.08502747000850473
42690,0.12697766283055828,3390.8132661490026,10165.016687799154,6357.984217563099,3807.032470236055,0.08516960931031657
42695,0.12699253489226248,3360.088709691753,10177.96588469354,6393.700561878094,3784.265322815446,0.08530699538146401
42700,0.1270074069539667,3328.650191246509,10192.03801273648,6428.215649287569,3763.8223634489113,0.08543929786128714
42705,0.1270222790156709,3296.6881557431207,10207.235620620775,6461.951790759116,3745.283829861659,0.08556618730359868
42710,0.12703715107737512,3264.469533590979,10223.547337388725,6495.389003909635,3728.1583334790903,0.08568734506437502
42715,0.12705202313907932,3232.3539409444365,10240.947822766502,6529.041251627339,3711.906571139163,0.08580247234871839
42720,0.12706689520078354,3200.7952859194666,10259.398250683049,6563.429796237361,3695.9684544456877,0.08591216560383191
42725,0.12708176726248774,3170.328183473888,10278.847137438695,6599.055397466392,3679.7917399723037,0.08601695076478294
42730,0.12709663932419196,3141.541123181746,10299.231343050737,6636.371247737311,3662.8600953134255,0.08611513361226868
42735,0.1271115113858962,3115.040490445316,10320.477150362898,6675.758509156774,3644.7186412061237,0.0862078456512991
42740,0.12712638344760038,3091.410924445958,10342.501430696851,6717.506113941066,3624.995316755785,0.08629386465028607
42745,0.1271412555093046,3071.1778986878453,10365.21299981491,6761.796150076928,3603.4168497379824,0.08637285885028584
42750,0.1271561275710088,3054.777814244105,10388.514321341732,6808.695716700979,3579.8186046407536,0.08644473390464498
42755,0.12717099963271303,3042.5394423685875,10412.303708141486,6858.155638681076,3554.1480694604097,0.08650942022847516
42760,0.12718587169441722,3034.678496202636,10436.478105956976,6910.015917851456,3526.46218810552,0.08656686918701519
42765,0.12720074375612145,3031.304775426639,10460.936435989628,6964.017312382132,3496.9191236074957,0.08661704953486955
42770,0.12721561581782564,3032.43907290926,10485.583353720618,7019.818018491351,3465.7653352292673,0.08665994399112414
42775,0.12723048787952987,3038.0352258116436,10510.333182017683,7077.014115370343,3433.31906664734,0.0866955455949694
42780,0.12724535994123407,3048.0016709539204,10535.113721932374,7135.162245762091,3399.951476170283,0.08672385340857929
42785,0.1272602320029383,3062.2168781836062,10559.869644844835,7193.8029456847535,3366.066699160082,0.08674486726208766
42790,0.1272751040646425,3080.534186790369,10584.565218115875,7252.4830996289165,3332.0821184869583,0.08675858154909173
42795,0.1272899761263467,3102.7737498535753,10609.18619245566,7310.776169047024,3298.4100234086354,0.0867649784987456
42800,0.12730484818805093,3128.70216242848,10633.740756188508,7368.299107801556,3265.4416483869527,0.0867640217535778
42805,0.12731972024975513,3158.0033881026193,10658.259516500842,7424.725221584365,3233.534294916478,0.08675565134926329
42810,0.12733459231145935,3190.2471953250115,10682.794490815671,7479.792624358369,3203.0018664573026,0.0867397812354498
42815,0.12734946437316355,3224.8629001838244,10707.417089101069,7533.3083559446295,3174.1087331564395,0.08671630026415883
42820,0.12736433643486778,3261.1263698485136,10732.2150603401,7585.1486019229515,3147.066458417149,0.08668507713734407
42825,0.12737920849657197,3298.166790073662,10757.288388337705,7635.255747844414,3122.032640493291,0.08664596923374523
42830,0.1273940805582762,3334.9967468690265,10782.744172736437,7683.633162123428,3099.111010613009,0.08659883464025922
42835,0.1274089526199804,3370.565133177587,10808.69062610853,7730.338616065925,3078.352010042605,0.0865435462057145
42840,0.12742382468168462,3403.827979139507,10835.230446466701,7775.477124778759,3059.753321687942,0.08653302617183078
42845,0.12743869674338884,3433.828434226127,10862.453962085307,7819.193767047448,3043.2601950378585,0.08651514304908023
42850,0.12745356880509304,3459.7747278322704,10890.432560162586,7861.666772646025,3028.7657875165614,0.08649136401885216
42855,0.12746844086679726,3481.1046744172327,10919.2129711333,7903.100914033387,3016.112057099913,0.08646194712134422
42860,0.12748331292850146,3497.5273470391467,10948.812962398952,7943.721057592586,3005.091904806366,0.08642287573988622
42865,0.12749818499020568,3509.036490602998,10979.218889004955,7983.765647080654,2995.4532419243005,0.08637413253188865
42870,0.12751305705190988,3515.8951455514625,11010.385362395258,8023.479911337761,2986.905451057497,0.08631696582342445
42875,0.1275279291136141,3518.5956339426657,11042.23705916704,8063.108688737018,2979.128370430022,0.08625544763949514
42880,0.1275428011753183,3517.802477077772,11074.672442496063,8102.888907042111,2971.783535453952,0.08618434641870663
42885,0.12755767323702252,3514.2873408741852,11107.568959290904,8143.041911282191,2964.527048008713,0.08610369724048776
42890,0.12757254529872672,3508.864668211313,11140.789149915847,8183.765961508933,2957.0231884069135,0.08602808605667064
42895,0.12758741736043094,3502.3346837786257,11174.187089168163,8225.22930471624,2948.9577844519226,0.0859572651259913
42900,0.12760228942213517,3495.4376833090646,11207.614664133363,8267.564248422474,2940.05041571089,0.08588128324770704
42905,0.12761716148383936,3488.8207494859316,11240.927355507187,8310.8626235222,2930.064731984987,0.08579852656133052
42910,0.1276320335455436,3483.0159263338073,11273.98937380524,8355.172924591212,2918.8164492140277,0.08570754487951945
42915,0.12764690560724778,3478.427795954033,11306.67815700785,8400.499268829666,2906.178888178183,0.08560804058852742
42920,0.127661777668952,3475.3283576713866,11338.888321268927,8446.802141356497,2892.0861799124305,0.08549996588558681
42925,0.1276766497306562,3473.857827560254,11370.535156465905,8494.000723652032,2876.5344328138726,0.08538328125001428
42930,0.12769152179236043,3474.0309795172734,11401.55768710788,8541.97646520989,2859.58122189799,0.08525795991326328
42935,0.12770639385406463,3475.7494231159244,11431.921212423764,8590.5774827418,2841.343729681963,0.08512399244253199
42940,0.12772126591576885,3478.820366729894,11461.619142341739,8639.623370998937,2821.995771342801,0.08498139084268452
42945,0.12773613797747305,3482.981802438616,11490.673897621062,8688.910082234024,2801.7638153870375,0.08483019159842646
42950,0.12775101003917727,3487.9328228900567,11519.136663637151,8738.214659323809,2780.9220043133428,0.08467045719027498
42955,0.1277658821008815,3493.366339600465,11547.085875961106,8787.299761300077,2759.7861146610285,0.08450227580991149
42960,0.1277807541625857,3499.000333906006,11574.624448853712,8835.91806680321,2738.7063820505027,0.08432575923715975
42965,0.12779562622428992,3504.6033884859135,11601.875899914761,8883.816752601766,2718.0591473129953,0.08414103907461191
42970,0.1278104982859941,3510.0108450963016,11628.979639426942,8930.742303055902,2698.2373363710394,0.08396637707071293
42975,0.12782537034769834,3515.129429720535,11656.085754908487,8976.445907179324,2679.6398477291623,0.0837919591948433
42980,0.12784024240940253,3519.930226291852,11683.349619382761,9020.689647735979,2662.6599716467827,0.08360997901318326
42985,0.12785511447110676,3524.4319771105465,11710.926592942644,9063.253591124963,2647.6730018176804,0.08342054258097818
42990,0.12786998653281095,3528.678391608777,11738.966992866995,9103.943755269933,2635.0232375970627,0.08322375415963543
42995,0.12788485859451518,3532.7141612089563,11767.61140775916,9142.60076896702,2625.0106387921387,0.08301971125562758
43000,0.12789973065621937,3536.564596956441,11796.986355988161,9179.108842801887,2617.877513186275,0.08280850080260492
43005,0.1279146027179236,3540.2232494957316,11827.200259747666,9213.40445885724,2613.795800890426,0.08259019667682542
43010,0.12792947477962782,3543.650621048626,11858.339730163161,9245.483979862654,2612.8557503005068,0.08236485865423147
43015,0.12794434684133202,3546.785254373297,11890.466225602657,9275.40922267221,2615.057002930447,0.08213253283495482
43020,0.12795921890303624,3549.5662667459237,11923.613229509569,9303.309992113702,2620.3032373958667,0.08189325347488492
43025,0.12797409096474044,3551.9640839003914,11957.784163883694,9329.382680486382,2628.4014833973124,0.08164704607658646
43030,0.12798896302644466,3554.0141349433434,11992.95128155025,9353.884330604364,2639.0669509458858,0.08139393150944887
43035,0.12800383508814886,3555.847055567142,12029.055749359235,9377.122019104487,2651.9337302547483,0.0811339308580005
43040,0.12801870714985308,3557.7088830731036,12066.00904806985,9399.437977702086,2666.571070367765,0.08086707064311996
43045,0.12803357921155728,3559.9659522608627,12103.695692444304,9421.1914340192,2682.504258425104,0.08059338802842193
43050,0.1280484512732615,3563.091551437713,12141.97714627636,9442.73861113858,2699.2385351377798,0.08031293561954272
43055,0.1280633233349657,3567.6344331672635,12180.696701118159,9464.41258673849,2716.2841143796686,0.08002578549471195
43060,0.12807819539666992,3574.1723972110212,12219.685024144685,9486.504732535594,2733.180291609091,0.07974033819887057
43065,0.12809306745837415,3583.256775956016,12258.766065170517,9509.249239883311,2749.5168252872063,0.07946152315165086
43070,0.12810793952007835,3595.355297092681,12297.763035563315,9532.811840603974,2764.9511949593416,0.07917620024953753
43075,0.12812281158178257,3610.801238784423,12336.504213915756,9557.283333584719,2779.220880331037,0.0788845177956351
43080,0.12813768364348677,3629.7560269356172,12374.828374944322,9582.678013102044,2792.1503618422776,0.07858665160271192
43085,0.128152555705191,3652.1906431408834,12412.589666642272,9608.93663816029,2803.653028481982,0.07828280236306172
43090,0.1281674277668952,3677.8887278878883,12449.661775162514,9635.933235903958,2813.7285392585563,0.07797319237530181
43095,0.1281822998285994,3706.4714430788254,12485.941227164158,9663.484824227755,2822.456402936403,0.07765806182955586
43100,0.1281971718903036,3737.441369759631,12521.349700793555,9691.363072780703,2829.9866280128517,0.07733766476953463
43105,0.12821204395200783,3770.2403005299166,12555.835262188188,9719.306979761432,2836.528282426756,0.07701226476777397
43110,0.12822691601371203,3804.314029212459,12589.372518762868,9747.035789085114,2842.336729677754,0.07696802189139426
43115,0.12824178807541625,3839.1763562269316,12621.961775726633,9774.26156402895,2847.7002116976837,0.07706053459095524
43120,0.12825666013712048,3874.464627484451,12653.627379645734,9800.701024752254,2852.9263548934796,0.07715835349851426
43125,0.12827153219882467,3909.9801919882602,12684.415508179549,9826.086413945572,2858.3290942339772,0.0771861143701121
43130,0.1282864042605289,3945.7090513099856,12714.391695876839,9850.175259637412,2864.216436239427,0.07723955199651604
43135,0.1283012763222331,3981.8204257285506,12743.638358777911,9872.758956504415,2870.8794022734965,0.07735977795160875
43140,0.12831614838393732,4018.6436553063886,12772.252496229563,9893.670098997845,2878.5823972317176,0.0774052697974042
43145,0.1283310204456415,4056.6264557152117,12800.343622216147,9912.788488133232,2887.555134082915,0.07736707659262453
43150,0.12834589250734574,4096.279750267319,12828.031837362616,9930.0457136086,2897.9861237540154,0.0775177685365653
43155,0.12836076456904993,4138.1158446016625,12855.44582779638,9945.428192928892,2910.0176348674886,0.07759022410338244
43160,0.12837563663075416,4182.58741085841,12882.72049651246,9958.97853250196,2923.7419640105,0.07757260254349234
43165,0.12839050869245835,4230.0345101329785,12909.993915986037,9970.795063126232,2939.198852859805,0.07762490766507602
43170,0.12840538075416258,4280.645738474926,12937.403344775305,9981.029396898388,2956.3739478769166,0.0777326141592503
43175,0.1284202528158668,4334.437710159534,12965.080170847552,9989.881863096498,2975.198307751054,0.07774684374827416
43180,0.128435124877571,4391.254794224198,12993.143814741583,9997.594721611445,2995.5490931301374,0.07787950709753896
43185,0.12844999693927522,4450.78865666524,13021.694822425858,10004.443140461328,3017.25168196453,0.07800832380569454
43190,0.12846486900097942,4512.615058599893,13050.80757083484,10010.724069526725,3040.083501308116,0.07804950494446546
43195,0.12847974106268364,4576.243738507954,13080.523166140269,10016.743342478989,3063.77982366128,0.07812758423172617
43200,0.12849461312438784,4641.176148508831,13110.843206305733,10022.801570474465,3088.0416358312686,0.07826283159906647
43205,0.12850948518609207,4706.965298945238,13141.725085095077,10029.179614746803,3112.5454703482737,0.07830190560334183
43210,0.12852435724779626,4773.271927083345,13173.079429294465,10036.124592740618,3136.9548365538467,0.07829992227764211
43215,0.12853922930950049,4839.911587290665,13204.770096880378,10043.837441259304,3160.9326556210744,0.07844695235683288
43220,0.12855410137120468,4906.888033741733,13236.616948540146,10052.463005591413,3184.153942948733,0.07849124699463175
43225,0.1285689734329089,4974.409417015003,13268.401373261699,10062.083445867993,3206.3179273937058,0.07841589668446239
43230,0.12858384549461313,5042.885307832503,13299.874333333042,10072.715474608955,3227.1588587240876,0.07856499315064773
43235,0.12859871755631733,5112.904313230023,13330.766517594637,10084.311602121772,3246.4549154728647,0.07862399903081925
43240,0.12861358961802155,5185.193927063116,13360.800062798167,10096.765214517001,3264.034848281166,0.07855832349636234
43245,0.12862846167972575,5260.56608039474,13389.70121826763,10109.918985019438,3279.782233248192,0.07862268866266038
43250,0.12864333374142997,5339.853428609791,13417.213279858308,10123.575857259286,3293.637422599022,0.07870636578580173
43255,0.12865820580313417,5423.842533546047,13443.109097645249,10137.511663331594,3305.597434313655,0.07866354235878445
43260,0.1286730778648384,5513.21059547908,13467.202466244802,10151.48836330154,3315.7141029432623,0.07860816186526724
43265,0.1286879499265426,5608.47213246912,13489.357741993064,10165.266920036427,3324.0908219566372,0.07872629663415712
43270,0.1287028219882468,5709.940940911885,13509.497105643386,10178.618946894378,3330.8781587490084,0.07871934497178862
43275,0.128717694049951,5817.710858333209,13527.60500876843,10191.336468540901,3336.2685402275292,0.0786531588154277
43280,0.12873256611165523,5931.656482592344,13543.72950558041,10203.239389644606,3340.4901159358033,0.07867377248320202
43285,0.12874743817335946,6051.452412249915,13557.980368834233,10214.180537838058,3343.799830996175,0.07871525994959298
43290,0.12876231023506365,6176.607184540323,13570.524099876553,10224.048398946452,3346.475700930101,0.0787043911472015
43295,0.12877718229676788,6306.506326252851,13581.576145367673,10232.76786125658,3348.8082841110936,0.07869245509294706
43300,0.12879205435847207,6440.458114888595,13591.390804272536,10240.299409831458,3351.0913944410786,0.07865621920565685
43305,0.1288069264201763,6577.735890049911,13600.249431660266,10246.63725517541,3353.612176484856,0.07868773043064362
43310,0.1288217984818805,6717.611948602438,13608.447612740852,10251.806851714113,3356.6407610267397,0.07869310538863737
43315,0.12883667054358472,6859.37991418869,13616.281992548551,10255.862179065914,3360.4198134826365,0.07855207710347564
43320,0.12885154260528892,7002.364623613203,13624.037412358999,10258.883043559268,3365.154368799731,0.07861592557065633
43325,0.12886641466699314,7145.92066877459,13631.974936079176,10260.972525474393,3371.002410604782,0.07865060091957542
43330,0.12888128672869734,7289.42249190234,13640.321262113257,10262.25456029655,3378.066701816708,0.07853949557116574
43335,0.12889615879040156,7432.250147012015,13649.259919819879,10262.871510098346,3386.3884097215323,0.07849511628881845
43340,0.12891103085210578,7573.775358502251,13658.92455191124,10262.981469006172,3395.943082905067,0.07857015954295335
43345,0.12892590291380998,7713.352230289809,13669.3944876181,10262.754977590692,3406.6395100274076,0.07850239581332895
43350,0.1289407749755142,7850.31587995686,13680.692715303914,10262.370821844926,3418.3218934589877,0.0783191563760598
43355,0.1289556470372184,7983.990532511965,13692.7862654136,10262.010684020606,3430.7755813929944,0.07844301491427426
43360,0.12897051909892263,8113.706520017095,13705.588914503709,10261.852596871073,3443.736317632636,0.07842933312960532
43365,0.12898539116062682,8238.823638016864,13718.966021156972,10262.063405002635,3456.902616154337,0.07825604070713542
43370,0.12900026322233105,8358.756870805724,13732.741210918577,10262.790706454623,3469.9505044639536,0.07825811945413912
43375,0.12901513528403524,8472.999965287718,13746.704548112386,10264.154969838175,3482.549578274211,0.07830564560605148
43380,0.12903000734573947,8581.142839596174,13760.621775171468,10266.242637586258,3494.3791375852106,0.07820010739805454
43385,0.12904487940744366,8682.88023361754,13774.244169806254,10269.100998112921,3505.143171693333,0.07800783065085808
43390,0.1290597514691479,8778.01099804308,13787.31856762915,10272.73543839821,3514.5831292309413,0.07812042294855771
43395,0.1290746235308521,8866.429494108674,13799.597119716744,10277.10940864639,3522.487711070353,0.07808871383187335
43400,0.1290894955925563,8948.112231021982,13810.84639549176,10282.14710112159,3528.69929437017,0.07789041977516159
43405,0.12910436765426053,9023.1036923125,13820.855495607662,10287.7385311002,3533.1169645074624,0.07786616419466252
43410,0.12911923971596473,9091.505097226991,13829.442902894287,10293.746463150852,3535.696439743435,0.07791152022718244
43415,0.12913411177766895,9153.468698050248,13836.461869807214,10300.014482802258,3536.447387004955,0.07780005554911791
43420,0.12914898383937315,9209.198496342826,13841.804217618845,10306.375480145449,3535.428737473396,0.07754013528742973
43425,0.12916385590107737,9258.956494651848,13845.40250521656,10312.659875669042,3532.742629547518,0.0776631696754634
43430,0.12917872796278157,9303.07226599604,13847.230611046027,10318.703054109874,3528.527556936153,0.07764131399226583
43435,0.1291936000244858,9341.952982713283,13847.30285422318,10324.351647528858,3522.9512066943225,0.07745221308005128
43440,0.12920847208619,9376.09109050871,13845.671850757024,10329.46849218318,3516.2033585738445,0.07733929728600002
43445,0.12922334414789421,9406.067346272,13842.425347628056,10333.936247708732,3508.489099919323,0.07740685174585446
43450,0.12923821620959844,9432.547704712233,13837.682293030259,10337.659792477392,3500.0225005528664,0.07731969731191857
43455,0.12925308827130264,9456.27330799209,13831.588382959022,10340.567586518535,3491.020796440487,0.0770929163260284
43460,0.12926796033300686,9478.043439272671,13824.311277862123,10342.612223314853,3481.699054547271,0.07708842068445071
43465,0.12928283239471106,9498.691711657877,13816.035620679719,10343.770381321374,3472.265239358345,0.0771015158477872
43470,0.12929770445641528,9519.056143723168,13806.957925647199,10344.042345971618,3462.9155796755804,0.07695189644101955
43475,0.12931257651811948,9539.944414778813,13797.281361176438,10343.451214992163,3453.830146184275,0.07674351685691534
43480,0.1293274485798237,9562.096639754205,13787.210429740178,10342.041834806361,3445.168594933817,0.07679219655752614
43485,0.1293423206415279,9586.149163566004,13776.94555416399,10339.879452953412,3437.0661012105793,0.0767519863795215
43490,0.12935719270323212,9612.603491501992,13766.677606076068,10337.0480182087,3429.629587867368,0.07660546475761387
43495,0.12937206476493632,9641.80401761497,13756.582446581757,10333.648022179923,3422.934424401834,0.07639114022853243
43500,0.12938693682664054,9673.92679771834,13746.815580032931,10329.793758274027,3417.0218217589045,0.07645316608853579
43505,0.12940180888834477,9708.979973349475,13737.507042616435,10325.609880673783,3411.897161942652,0.07636132431147734
43510,0.12941668095004896,9746.815358274549,13728.756659231205,10321.227182422548,3407.529476808657,0.07623028100859068
43515,0.1294315530117532,9787.150327642417,13720.62981118018,10316.777582153305,3403.8522290268756,0.07604883398868627
43520,0.12944642507345738,9829.599016795555,13713.153870802744,10312.388413586283,3400.765457216461,0.07606580719630356
43525,0.1294612971351616,9873.71131772021,13706.315480273917,10308.176242066507,3398.13923820741,0.07593709774552555
43530,0.1294761691968658,9919.017074791453,13700.058875428813,10304.24056833111,3395.818307097703,0.07581603574732111
43535,0.12949104125857003,9965.071617538035,13694.285470184981,10300.657892030182,3393.6275781547993,0.07565024451634918
43540,0.12950591332027422,10011.497935124595,13688.854909325622,10297.476664941127,3391.3782443844957,0.07562428105264421
43545,0.12952078538197845,10058.02079289499,13683.587757942667,10294.713643594156,3388.8741143485113,0.07550406922352484
43550,0.12953565744368264,10104.488945138102,13678.269924178863,10292.352048354636,3385.917875824227,0.07535543004720371
43555,0.12955052950538687,10150.883081005497,13672.658816785402,10290.341767584738,3382.3170492006648,0.07519302014447252
43560,0.1295654015670911,10197.308916164598,13666.491134399099,10288.60164467144,3377.8894897276587,0.0751276894717875
43565,0.1295802736287953,10243.976550817328,13659.492082938235,10287.023691283015,3372.4683916552203,0.07501767454665144
43570,0.1295951456904995,10291.168543167109,13651.385729595499,10285.478913646271,3365.906815949227,0.07484539751556021
43575,0.1296100177522037,10339.19994790646,13641.906128573688,10283.824335209829,3358.081793363859,0.07469329972109238
43580,0.12962488981390793,10388.373913159861,13630.808792536303,10281.910746404348,3348.898046131955,0.0745762232334953
43585,0.12963976187561213,10438.936524715751,13617.882031845827,10279.590696072515,3338.2913357733123,0.07447596809315453
43590,0.12965463393731635,10491.034626433471,13602.957641296021,10276.726242823308,3326.2313984727134,0.07428590415573838
43595,0.12966950599902055,10544.680411207997,13585.920385875517,10273.19599914667,3312.724386728847,0.07415008186005974
43600,0.12968437806072478,10599.726596922917,13566.715731434788,10268.901031152354,3297.8147002824335,0.07397405260580253
43605,0.12969925012242897,10655.855721061378,13545.35529208712,10263.769237821225,3281.5860542658957,0.07388236334985769
43610,0.1297141221841332,10712.586106720106,13521.919531081383,10257.757940973914,3264.1615901074692,0.07368240210394615
43615,0.12972899424583742,10769.295058695852,13496.557359060704,10250.854571940727,3245.702787119977,0.07355684277663513
43620,0.12974386630754162,10825.256964851636,13469.482421579087,10243.075523547335,3226.4068980317516,0.07370997268154558
43625,0.12975873836924584,10879.690936475543,13440.966050006497,10234.463409132484,3206.5026408740123,0.0739542412799728
43630,0.12977361043095004,10931.810517454387,13411.327055963076,10225.08309253732,3186.243963425757,0.07418572112652147
43635,0.12978848249265426,10980.867725313714,13380.9187647466,10215.016896828882,3165.901867917719,0.0744649137020209
43640,0.12980335455435846,11026.185446410906,13350.11389072406,10204.359367374927,3145.754523349133,0.07476729872424555
43645,0.12981822661606268,11067.175343777853,13319.288038178058,10193.211889642747,3126.0761485353105,0.07505860847758279
43650,0.12983309867776688,11103.34179651523,13288.80274526749,10181.67738880565,3107.12535646184,0.07533805680241247
43655,0.1298479707394711,11134.274910901055,13258.98905902315,10169.855297475826,3089.133761547324,0.07560436295702895
43660,0.1298628428011753,11159.636840406465,13230.132622925057,10157.836970502536,3072.295652422521,0.07585627241366871
43665,0.12987771486287952,11179.145702479249,13202.46117007485,10145.701726263569,3056.759443811281,0.07609302451450828
43670,0.12989258692458375,11192.560787394606,13176.13514807807,10133.513668302958,3042.6214797751127,0.07631463252857817
43675,0.12990745898628794,11199.671894933217,13151.241969870309,10121.319370544159,3029.92259932615,0.07657931816072207
43680,0.12992233104799217,11200.29457086019,13127.79411042838,10109.14640796498,3018.6477024634005,0.07687578576248101
43685,0.12993720310969636,11194.271683154579,13105.730982167326,10097.002627773469,3008.7283543938574,0.07715731107030112
43690,0.1299520751714006,11181.480296619155,13084.924254567552,10084.876033246956,3000.048221320596,0.07742404566917233
43695,0.12996694723310478,11161.841564077587,13065.186067251178,10072.735212700814,2992.450854550363,0.07767700060768039
43700,0.129981819294809,11135.330778177813,13046.279443719193,10060.530361429686,2985.749082289507,0.07791772444633759
43705,0.1299966913565132,11101.984957298417,13027.930156936374,10048.195050404802,2979.7351065315725,0.07814785149873218
43710,0.13001156341821743,11061.90614216366,13009.83932563689,10035.648922973289,2974.190402663602,0.07836866486985271
43715,0.13002643547992163,11015.25958631476,12991.696116214122,10022.801413020119,2968.8947031940024,0.0785834001567718
43720,0.13004130754162585,10962.266983442825,12973.190063366046,10009.55639352897,2963.633669837076,0.07886409829170545
43725,0.13005617960333007,10903.195685975747,12954.022671602059,9995.817450607201,2958.205220994858,0.07913470533797087
43730,0.13007105166503427,10838.345458548867,12933.918088631423,9981.493315917958,2952.4247727134643,0.07939612404066221
43735,0.1300859237267385,10768.034600174828,12912.632728041814,9966.502932072168,2946.129795969646,0.07964852657541281
43740,0.1301007957884427,10692.587249920354,12889.963752563295,9950.779671016819,2939.1840815464766,0.07989137930339421
43745,0.13011566785014692,10612.323410690184,12865.756314285456,9934.274333682191,2931.4819806032647,0.08012368861911114
43750,0.1301305399118511,10527.552730075453,12839.909400077313,9916.956680165098,2922.952719912215,0.08034436937288972
43755,0.13014541197355534,10438.572456131516,12812.38007391255,9898.815346245925,2913.564727666626,0.08055260459820819
43760,0.13016028403525953,10345.669444956373,12783.185871400885,9879.856102504273,2903.329768896612,0.08074807913366856
43765,0.13017515609696376,10249.125809776073,12752.405109055568,9860.098540294852,2892.306568760716,0.08095350493543417
43770,0.13019002815866795,10149.227678993675,12720.174931769618,9839.571452129952,2880.6034796396652,0.08120019575895025
43775,0.13020490022037218,10046.276301624697,12686.6870302818,9818.307400424665,2868.379629857136,0.08143386672753661
43780,0.1302197722820764,9940.600294698765,12652.181097811954,9796.337175809156,2855.8439220027976,0.0816681951281019
43785,0.1302346443437806,9832.567346260175,12616.936238050168,9773.68495010207,2843.2512879480983,0.0818960792615786
43790,0.13024951640548482,9722.593383512434,12581.260662758961,9750.364870805632,2830.8957919533295,0.08211301691462657
43795,0.13026438846718902,9611.147165385255,12545.480109840879,9726.37962239923,2819.1004874416485,0.08231875728703401
43800,0.13027926052889324,9498.748518485829,12509.925467012923,9701.72115229312,2808.2043147198037,0.08252420434723386
43805,0.13029413259059744,9385.959111759423,12474.92010967203,9676.373418892794,2798.546690779236,0.08277216119520728
43810,0.13030900465230166,9273.365736027064,12440.767467421172,9650.316755247222,2790.45071217395,0.08300920896901813
43815,0.13032387671400586,9161.557270877569,12407.739331103528,9623.533298842643,2784.206032260885,0.08323523334854147
43820,0.13033874877571008,9051.097603420214,12376.065400568143,9596.012897324272,2780.052503243871,0.08345076863396578
43825,0.13035362083741428,8942.497566574286,12345.924545425238,9567.75890045903,2778.1656449662078,0.08365675492550344
43830,0.1303684928991185,8836.189371902436,12317.438196574454,9538.793236462676,2778.6449601117783,0.08385418212089911
43835,0.13038336496082273,8732.506841265056,12290.66619574092,9509.160138350899,2781.506057390021,0.08404374084950948
43840,0.13039823702252692,8631.673921205735,12265.605298793043,9478.927878950377,2786.6774198426665,0.08422558776333758
43845,0.13041310908423115,8533.802703558107,12242.190362663066,9448.187964008765,2794.002398654302,0.08439928680014983
43850,0.13042798114593535,8438.900832520756,12220.2980657663,9417.051475199229,2803.2465905670706,0.08460137262196726
43855,0.13044285320763957,8346.887017463994,12199.75284682178,9385.642642250981,2814.1102045707994,0.08480384724637234
43860,0.13045772526934377,8257.61252662981,12180.334623114059,9354.090178498473,2826.244444615586,0.08499728701230015
43865,0.130472597331048,8170.8860906433165,12161.787782676722,9322.517315202605,2839.2704674741162,0.08518099267251836
43870,0.1304874693927522,8086.49959752617,12143.83094045138,9291.031701298134,2852.799239153246,0.08535391316337468
43875,0.1305023414544564,8004.252179578448,12126.167000473735,9259.716333526363,2866.450666947372,0.08551486193763508
43880,0.1305172135161606,7923.970610723726,12108.49315825474,9228.622462804291,2879.8706954504487,0.08566273281490719
43885,0.13053208557786483,7845.524291323436,12090.510585272268,9197.7650736267,2892.7455116455676,0.08579664784899964
43890,0.13054695763956906,7768.833529373454,12071.933635612502,9167.121170905983,2904.8124647065197,0.08591600144696622
43895,0.13056182970127325,7693.870344227349,12052.49848512362,9136.630821896128,2915.867663227493,0.08605004388957142
43900,0.13057670176297748,7620.651587512485,12031.971147193115,9106.200717201185,2925.7704299919296,0.0861901737606644
43905,0.13059157382468167,7549.224777737793,12010.154804699976,9075.70990779339,2934.444896906585,0.08631437581908978
43910,0.1306064458863859,7479.647688252011,11986.89635950493,9045.017295541842,2941.879063963088,0.08645236080632723
43915,0.1306213179480901,7411.963390899492,11962.09204226226,9013.970363800974,2948.121678461286,0.08663898287803991
43920,0.13063619000979432,7346.1730660950525,11935.691866859357,8982.414526341476,2953.2773405178814,0.08681429643328274
43925,0.1306510620714985,7282.209348272238,11907.70267589737,8950.202384006481,2957.5002918908885,0.08697718141827573
43930,0.13066593413320274,7219.913189811509,11878.189518981777,8917.202170270155,2960.987348711622,0.0871383857264878
43935,0.13068080619490693,7159.017109661921,11847.2751375237,8883.304783381858,2963.970354141842,0.08732507764366707
43940,0.13069567825661116,7099.137186227281,11815.137394444913,8848.429035831827,2966.7083586130866,0.08749897334595381
43945,0.13071055031831538,7039.775262854245,11782.0045756435,8812.525041026003,2969.479534617496,0.08765889351824017
43950,0.13072542238001958,6980.331645158729,11748.148588955315,8775.575918399929,2972.572670555386,0.0878038166005642
43955,0.1307402944417238,6920.127253867859,11713.876182883872,8737.5981569053,2976.2780259785723,0.0879329041818656
43960,0.130755166503428,6858.432987453569,11679.518396139461,8698.640992875888,2980.877403263574,0.08804549748739585
43965,0.13077003856513222,6794.503177362797,11645.418533809385,8658.785044143619,2986.6334896657663,0.08815991828205563
43970,0.13078491062683642,6727.60963558362,11611.919054288759,8618.14026196269,2993.7787923260694,0.08829399685505937
43975,0.13079978268854064,6657.072933598502,11579.347846536017,8576.843101278691,3002.5047452573253,0.08841044071211682
43980,0.13081465475024484,6582.288154483775,11548.004475894317,8535.052732349639,3012.951743544678,0.08850862939846865
43985,0.13082952681194907,6502.743299777896,11518.147067105185,8492.946141468716,3025.200925636469,0.08858821134905426
43990,0.13084439887365326,6418.029624905988,11489.980556358538,8450.712073133685,3039.2684832248524,0.0886490641577485
43995,0.13085927093535749,6327.844218522379,11463.64705653361,8408.54390539087,3055.103151142739,0.08872878498183723
44000,0.1308741429970617,6231.985983587221,11439.219019778195,8366.631677607096,3072.5873421710985,0.08880901827319104
44005,0.1308890150587659,6130.3467542168855,11416.69573929386,8325.153579720307,3091.5421595735534,0.0888695643322543
44010,0.13090388712047013,6022.899561662851,11396.003514369053,8284.267271206647,3111.736243162406,0.08891057157663906
44015,0.13091875918217433,5909.686025212013,11376.999531406042,8244.10145479878,3132.898076607262,0.08893234280615997
44020,0.13093363124387855,5790.804521476295,11359.479222370099,8204.74820398336,3154.7310183867394,0.08898625618395523
44025,0.13094850330558275,5666.400289443154,11343.186590061292,8166.2566270008565,3176.9299630604355,0.089027057003593
44030,0.13096337536728697,5536.658089603907,11327.826774717641,8128.628510738807,3199.198263978835,0.0891589923015258
44035,0.13097824742899117,5401.797535841574,11313.080007187375,8091.816579349112,3221.263427838263,0.08928720736633242
44040,0.1309931194906954,5262.070804542042,11298.616063603404,8055.725878734276,3242.8901848691276,0.08939700135285823
44045,0.1310079915523996,5117.762141098552,11284.108401710617,8020.218537164226,3263.8898645463905,0.08948758170410587
44050,0.1310228636141038,4969.188451214995,11269.247300376812,7985.121780217972,3284.12552015884,0.08962386080427247
44055,0.13103773567580804,4816.700248742381,11253.751510747552,7950.23866791785,3303.512842829702,0.08974633203664198
44060,0.13105260773751223,4660.682288394513,11237.378124745637,7915.360662545743,3322.017462199894,0.08984876382125372
44065,0.13106747979921646,4501.553342978765,11219.930542060274,7880.280900765038,3339.6496412952365,0.0899304705730864
44070,0.13108235186092065,4339.764809130843,11201.264545450174,7844.806977679213,3356.4575677709618,0.08999078715368611
44075,0.13109722392262488,4175.7981087615735,11181.292562131393,7808.772160898843,3372.5204012325503,0.090094535818235
44080,0.13111209598432907,4010.161118369595,11159.986196780315,7772.044202528538,3387.941994251777,0.09018761121320369
44085,0.1311269680460333,3843.3840527622897,11137.377085217739,7734.531235872027,3402.845849345712,0.09025870296308972
44090,0.1311418401077375,3676.0153280355826,11113.556062407219,7696.184564131586,3417.371498275633,0.090307414382975
44095,0.13115671216944172,3508.617890007198,11088.67058991763,7656.99843301453,3431.6721569031006,0.0903484609957074
44100,0.13117158423114592,3341.766284457619,11062.920367127655,7617.007114339638,3445.9132527880174,0.09043234109187914
44105,0.13118645629285014,3176.0444095768053,11036.551069998712,7576.279805432384,3460.271264566328,0.09049348413257684
44110,0.13120132835455436,3012.04354664766,11009.846223257437,7534.913966658846,3474.9322565985904,0.09053181895910621
44115,0.13121620041625856,2850.3600106608556,10983.11730690761,7493.027784343038,3490.0895225645727,0.09054742063009381
44120,0.13123107247796278,2691.5916330160962,10956.69231015747,7450.752463036097,3505.9398471213735,0.09060460680414036
44125,0.13124594453966698,2536.3323042878583,10930.903060368513,7408.225007998115,3522.6780523703983,0.09065876627514406
44130,0.1312608166013712,2385.1639991019265,10906.071762302006,7365.582042109147,3540.4897201928597,0.09069014373548717
44135,0.1312756886630754,2238.646070345858,10882.497278926015,7322.95502072627,3559.5422581997454,0.09069905131736837
44140,0.13129056072477963,2097.3020595331673,10860.441766031676,7280.466994255023,3579.974771776653,0.09072615777064885
44145,0.13130543278648382,1961.6047332832786,10840.118334259456,7238.230851305062,3601.887482954394,0.09077757653907916
44150,0.13132030484818805,1831.960469884807,10821.68044525493,7196.348777053467,3625.331668201463,0.09080629521204762
44155,0.13133517690989224,1708.6944367688266,10805.213739718043,7154.9125072153965,3650.3012325026466,0.09081267457281408
44160,0.13135004897159647,1592.0381310091534,10790.730928112707,7114.003875698344,3676.7270524143632,0.09081349485647025
44165,0.1313649210333007,1482.120718862615,10778.170237562124,7073.695154508391,3704.475083053733,0.09086587236131609
44170,0.1313797930950049,1378.9652165146717,10767.39769826741,7034.048755942594,3733.3489423248166,0.09089515085901535
44175,0.1313946651567091,1282.4900073590834,10758.213280995386,6995.115991970268,3763.097289025118,0.090901583443253
44180,0.1314095372184133,1192.515617576557,10750.360590977536,6956.9347527923965,3793.4258381851396,0.09088540781206163
44185,0.13142440928011753,1108.7761727157704,10743.539522320387,6919.526160028916,3824.013362291471,0.09092652914971794
44190,0.13143928134182173,1030.934614816355,10737.421023396957,6882.890440027714,3854.530583369243,0.0909573185499247
44195,0.13145415340352595,958.6006163957618,10731.662953703822,6847.0024174062055,3884.660536297617,0.09096414053806222
44200,0.13146902546523015,891.3501468769191,10725.925949992665,6811.807130184474,3914.118819808191,0.0909471937014252
44205,0.13148389752693437,828.7457158472371,10719.888272043117,6777.216110979504,3942.672161063613,0.09095042984152299
44210,0.13149876958863857,770.3563329875187,10713.258756117055,6743.104862553309,3970.1538935637454,0.09098260587092534
44215,0.1315136416503428,715.7761662044304,10705.787240213918,6709.311985371966,3996.475254841952,0.0909896984694691
44220,0.13152851371204702,664.6407964658147,10697.272103289662,6675.640308222888,4021.6317950667744,0.09097204010108723
44225,0.13154338577375121,616.6399251588518,10687.564842974112,6641.860256356263,4045.7045866178496,0.09093006810383385
44230,0.13155825783545544,571.5254472687029,10676.571868847775,6607.715580989182,4068.8562878585935,0.09096088162797629
44235,0.13157312989715964,529.1140147493234,10664.253882619123,6572.931467717343,4091.3224149017797,0.09096984221113531
44240,0.13158800195886386,489.2836026054183,10650.623334175987,6537.224929052169,4113.3984051238185,0.0909535924999759
44245,0.13160287402056806,451.9641189201984,10635.740480111795,6500.317258522506,4135.42322158929,0.0909127526791025
44250,0.13161774608227228,417.1226870732826,10619.708539735839,6461.948173906843,4157.760365828995,0.09088798679072185
44255,0.13163261814397648,384.744789080738,10602.668362402988,6421.891102827245,4180.777259575743,0.0909015158430494
44260,0.1316474902056807,354.81292551434944,10584.792911491068,6379.968875044766,4204.824036446302,0.09088950025538982
44265,0.1316623622673849,327.2847593884335,10566.281756165748,6336.068909087112,4230.2128470786365,0.09085262052010047
44270,0.13167723432908912,302.07281371485806,10547.355659992654,6290.156851426967,4257.198808565688,0.09079164543166571
44275,0.13169210639079335,279.02765992232435,10528.251275635706,6242.287573400087,4285.963702235619,0.09077739976340503
44280,0.13170697845249754,257.9261812701925,10509.21589938295,6192.612470056451,4316.6034293265,0.09077009651604746
44285,0.13172185051420177,238.46596619352022,10490.50220589356,6141.382139861717,4349.120066031842,0.09073732948269915
44290,0.13173672257590596,220.26624452940723,10472.36287100409,6088.943748289479,4383.419122714611,0.09067992650341458
44295,0.1317515946376102,202.87510718696376,10455.044999878415,6035.732675179307,4419.312324699108,0.09059878444448535
44300,0.13176646669931438,185.78213641488946,10438.78431142212,5982.258392053572,4456.525919368548,0.09057020115845836
44305,0.1317813387610186,168.43508623901562,10423.799088408094,5929.084888647582,4494.714199760511,0.09053901236076901
44310,0.1317962108227228,150.25892235719948,10410.283983105162,5876.806349826739,4533.477633278423,0.09048295296222127
44315,0.13181108288442703,130.6753702945971,10398.403861740313,5826.019157488605,4572.384704251708,0.09040311833974794
44320,0.13182595494613122,109.12114409521655,10388.287963170309,5777.291634123138,4610.9963290471715,0.090300624432661
44325,0.13184082700783545,85.06324629414758,10380.024719022918,5731.1332256291025,4648.891493393816,0.09022152592063347
44330,0.13185569906953967,58.01013417347258,10373.657616296767,5687.96500837925,4685.692607917516,0.0901651539592777
44335,0.13187057113124387,27.518103952577803,10369.182466911343,5648.093469116312,4721.088997795031,0.0900860374131328
44340,0.1318854431929481,-6.807099952179669,10366.546380072828,5611.689423119272,4754.856956953557,0.08999184604919253
44345,0.1319003152546523,-45.31276458023149,10365.648621485912,5578.773696907901,4786.874924578012,0.0899089691220117
44350,0.1319151873163565,-88.30448664279174,10366.343406044787,5549.210817098462,4817.132588946325,0.08991121674491727
44355,0.1319300593780607,-136.05252645985456,10368.44452968278,5522.711447757592,4845.733081925187,0.08988327586681992
44360,0.13194493143976493,-188.79731573847675,10371.731623612242,5498.843749584631,4872.887874027611,0.08982584176881654
44365,0.13195980350146913,-246.75224645215985,10375.95772848301,5477.053245128034,4898.904483354976,0.0897397371568119
44370,0.13197467556317335,-310.10215316054473,10380.857846870716,5456.690212195812,4924.167634674905,0.08962590362421884
44375,0.13198954762487755,-378.9964042819147,10386.158138664518,5437.043133076335,4949.115005588183,0.08952104692735044
44380,0.13200441968658178,-453.53620834885896,10391.585463143781,5417.376331746434,4974.209131397348,0.08946810254665284
44385,0.132019291748286,-533.7565611370055,10396.877024755042,5396.969656821484,4999.907367933558,0.08938855586133541
44390,0.1320341638099902,-619.604124636603,10401.789925561718,5375.157927828261,5026.631997733457,0.08928365102852484
44395,0.13204903587169442,-710.913143811269,10406.110446561746,5351.3678620543305,5054.742584507416,0.08915466125346332
44400,0.13206390793339862,-807.3821691193652,10409.662859398954,5325.150336929898,5084.5125224690555,0.0890028682150605
44405,0.13207877999510284,-908.5547493920485,10412.317508048805,5296.206108421066,5116.111399627739,0.08883753113744706
44410,0.13209365205680704,-1013.8072860002785,10413.997809708066,5264.403481574002,5149.594328134063,0.08875337713615386
44415,0.13210852411851126,-1122.3468352109085,10414.685730051599,5229.786892222948,5184.89883782865,0.08864950691424237
44420,0.13212339618021546,-1233.2208247814524,10414.425220401903,5192.575883616884,5221.849336785019,0.08852688463528195
44425,0.13213826824191968,-1345.339494659861,10413.323092194723,5153.154521337712,5260.168570857011,0.0883863068995604
44430,0.13215314030362388,-1457.51050964585,10411.546868851761,5112.0518552503745,5299.495013601387,0.08822841783397689
44435,0.1321680123653281,-1568.483787172232,10409.319304167959,5069.914575792035,5339.404728375924,0.0881240176339789
44440,0.13218288442703233,-1677.0033218032422,10406.909479607068,5027.473486594856,5379.435993012212,0.08807346384738031
44445,0.13219775648873652,-1781.8618463018465,10404.620665244272,4985.5057860785155,5419.114879165757,0.08799919514672783
44450,0.13221262855044075,-1881.9536744640172,10402.775416707365,4944.795379252986,5457.980037454379,0.08790152069580863
44455,0.13222750061214494,-1976.321080826392,10401.698648373997,4906.093500891539,5495.605147482457,0.0877806699562035
44460,0.13224237267384917,-2064.1900805125724,10401.699640650135,4870.081816058152,5531.617824591983,0.08763684108052526
44465,0.13225724473555336,-2144.9924199435063,10403.054084294172,4837.339891889868,5565.7141924043035,0.08747681316859074
44470,0.1322721167972576,-2218.3718666815666,10405.987325811298,4808.318546468834,5597.668779342464,0.08742384908263552
44475,0.13228698885896178,-2284.1743504937394,10410.659952043365,4783.320132186379,5627.339819856986,0.0873488533176314
44480,0.132301860920666,-2342.423013849083,10417.156742071225,4762.486360130292,5654.670381940933,0.08725136262434215
44485,0.1323167329823702,-2393.2806640140934,10425.47982731026,4745.793865445317,5679.685961864943,0.08713095503904812
44490,0.13233160504407443,-2437.003391932576,10435.546646962073,4733.057376866411,5702.4892700956625,0.0869873215547492
44495,0.13234647710577865,-2473.890144878126,10447.192980362932,4723.9400889655935,5723.252891397338,0.0868203285833825
44500,0.13236134916748285,-2504.2337016742295,10460.180998227892,4717.970627919498,5742.210370308394,0.08663006737186027
44505,0.13237622122918707,-2528.2786752015354,10474.211923135856,4714.565828183733,5759.646094952122,0.08657320242167345
44510,0.13239109329089127,-2546.1917346890086,10488.942552040864,4713.058378428776,5775.884173612088,0.08650201266155257
44515,0.1324059653525955,-2558.048116783303,10504.004598715936,4712.728239927204,5791.276358788731,0.08640281219100865
44520,0.1324208374142997,-2563.8366949687934,10519.025588654196,4712.836591021263,5806.188997632933,0.08627536720719119
44525,0.13243570947600392,-2563.48356496224,10533.64990466663,4712.6609189674355,5820.988985699195,0.08611962976777933
44530,0.1324505815377081,-2556.89159518206,10547.558553035122,4711.529781498467,5836.028771536655,0.08593579973715167
44535,0.13246545359941234,-2543.9910946070995,10560.486304413484,4708.8557097913945,5851.630594622089,0.08572437186106482
44540,0.13248032566111653,-2524.7950703198676,10572.235057460484,4704.164733042062,5868.070324418422,0.08563575384293134
44545,0.13249519772282076,-2499.4517886271133,10582.682562523389,4697.121080163328,5885.561482360061,0.08553912951209233
44550,0.13251006978452498,-2468.287650049556,10591.78600457132,4687.545762202817,5904.2402423685035,0.0854157429493212
44555,0.13252494184622918,-2431.8346694646298,10599.58034890778,4675.4279644137705,5924.15238449401,0.08526521580369328
44560,0.1325398139079334,-2390.8388699668867,10606.171764258741,4660.928480414949,5945.243283843792,0.08508752266048444
44565,0.1325546859696376,-2346.248300976452,10611.726816647992,4644.3747975418055,5967.352019106186,0.08488302622829841
44570,0.13256955803134182,-2299.18181135729,10616.458437065417,4626.247877837167,5990.2105592282505,0.0846524860257548
44575,0.13258443009304602,-2250.8818311885225,10620.609877592564,4607.161147748951,6013.448729843612,0.08450343490904488
44580,0.13259930215475024,-2202.6560104756645,10624.437968291912,4587.832675745823,6036.605292546089,0.08440433491191812
44585,0.13261417421645444,-2155.8134952363534,10628.196967961298,4569.051939929783,6059.145028031515,0.08436812816147969
44590,0.13262904627815866,-2111.601855471774,10632.124175386887,4551.642928630767,6080.4812467561205,0.08454842394609277
44595,0.13264391833986286,-2071.150263157222,10636.42825343863,4536.425545480552,6100.002707958078,0.08472205389519348
44600,0.13265879040156708,-2035.4235611566482,10641.280941717514,4524.177388447427,6117.103553270087,0.08488880641049651
44605,0.1326736624632713,-2005.1905162993671,10646.812521412703,4515.597935227052,6131.214586185651,0.08504845549992257
44610,0.1326885345249755,-1981.0079890078978,10653.11107393463,4511.277003377859,6141.834070556771,0.08520465319205556
44615,0.13270340658667973,-1963.2211603061587,10660.225266101028,4511.669079860689,6148.556186240339,0.0853678495384089
44620,0.13271827864838392,-1951.9784967756004,10668.170121111592,4517.07475315022,6151.095367961372,0.08552333315686808
44625,0.13273315071008815,-1947.258924264589,10676.93501604732,4527.6300559348565,6149.304960112464,0.08567079566865704
44630,0.13274802277179235,-1948.9078000253476,10686.492999253012,4543.304063698067,6143.188935554946,0.08580992894383935
44635,0.13276289483349657,-1956.6777647569807,10696.810455527211,4563.9046226257515,6132.90583290146,0.08594043101175912
44640,0.13277776689520077,-1970.2704356729128,10707.856167562673,4589.0916288505,6118.764538712174,0.08606201195916037
44645,0.132792638956905,-1989.3751489767174,10719.608925221859,4618.396879150741,6101.212046071118,0.08617439958398729
44650,0.1328075110186092,-2013.7015205439575,10732.063008833418,4651.249187548734,6080.813821284684,0.08627734458090443
44655,0.1328223830803134,-2043.0033886372785,10745.231100940944,4687.003234371518,6058.227866569426,0.08637062504073509
44660,0.13283725514201764,-2077.0926416720467,10759.144440741908,4724.970496727301,6034.173944014607,0.08645405005862565
44665,0.13285212720372183,-2115.8424251196084,10773.850303053063,4764.450603128914,6009.399699924149,0.08652746227198853
44670,0.13286699926542606,-2159.180182630448,10789.40713522801,4804.761550983577,5984.645584244433,0.08659073919444854
44675,0.13288187132713025,-2207.07185780694,10805.877898887335,4845.267408397629,5960.610490489706,0.0866437932784953
44680,0.13289674338883448,-2259.499327231152,10823.32231926761,4885.402372299415,5937.919946968195,0.08668657072452834
44685,0.13291161545053867,-2316.4337207976732,10841.78882892856,4924.690352063764,5917.098476864796,0.08671904914742747
44690,0.1329264875122429,-2377.807668278794,10861.306996734513,4962.759568837511,5898.547427897001,0.08674123429953103
44695,0.1329413595739471,-2443.489632553298,10881.881158279402,4999.351982293446,5882.5291759859565,0.08675315611735789
44700,0.13295623163565132,-2513.263295643117,10903.485820719541,5034.327655263126,5869.158165456415,0.08675486439986255
44705,0.1329711036973555,-2586.8144277136707,10926.063222720335,5067.66441937911,5858.398803341225,0.08674642443518982
44710,0.13298597575905974,-2663.7268168920245,10949.523215026766,5099.45339073866,5850.069824288105,0.0867279128744322
44715,0.13300084782076396,-2743.4877549572557,10973.745417428596,5129.890990356215,5843.8544270723805,0.08669941411304738
44720,0.13301571988246816,-2825.5024033143345,10998.58342937362,5159.268148077595,5839.315281296026,0.08666101739241426
44725,0.13303059194417238,-2909.1152819924264,11023.870742344137,5187.957321149987,5835.91342119415,0.0866128147796515
44730,0.13304546400587658,-2993.6363047994673,11049.427929880865,5216.397859781664,5833.030070099201,0.08655490012169405
44735,0.1330603360675808,-3078.3683518366506,11075.070672370695,5245.080128627468,5829.990543743227,0.08648736899498773
44740,0.133075208129285,-3162.633378069786,11100.618196258038,5274.528675227814,5826.089521030223,0.08641031958122068
44745,0.13309008019098922,-3245.794472299355,11125.901754190925,5305.284652180112,5820.617102010813,0.08632385429433495
44750,0.13310495225269342,-3327.2720072877273,11150.772825826974,5337.887669924133,5812.885155902842,0.08622808187562343
44755,0.13311982431439764,-3406.552915733473,11175.110763163972,5372.8572913766875,5802.253471787284,0.08612311958198804
44760,0.13313469637610184,-3483.193031138132,11198.829629128611,5410.674476504971,5788.155152623641,0.08600909504095242
44765,0.13314956843780607,-3556.8132081046824,11221.883980263285,5451.763429787684,5770.120550475601,0.08588614735398675
44770,0.1331644404995103,-3627.0904949333144,11244.273326895966,5496.474469449426,5747.79885744654,0.0857544271048282
44775,0.13317931256121449,-3693.745948160583,11266.044976632067,5545.06868749235,5720.976289139717,0.08562121707020141
44780,0.1331941846229187,-3756.5307873335314,11287.294943900075,5597.705264730171,5689.589679169904,0.0854888887311786
44785,0.1332090566846229,-3815.2125520387144,11308.16660837132,5654.432312030357,5653.734296340964,0.08534721738064037
44790,0.13322392874632713,-3869.562807736489,11328.846847969773,5715.1820081373235,5613.66483983245,0.0851963859302371
44795,0.13323880080803133,-3919.347794924539,11349.559473612366,5779.770594990107,5569.788878622258,0.08503657395631282
44800,0.13325367286973555,-3964.3232306324235,11370.555959041183,5847.903493593209,5522.6524654479745,0.08486795251665034
44805,0.13326854493143975,-4004.2342173228108,11392.103683215266,5919.185455802851,5472.918227412415,0.08469067975178537
44810,0.13328341699314397,-4038.8208433264754,11414.472163445258,5993.135317748906,5421.336845696352,0.0845048977428234
44815,0.13329828905484817,-4067.829548163564,11437.918021050067,6069.204614294437,5368.71340675563,0.0843107309745659
44820,0.1333131611165524,-4091.0297046517326,11462.669646723352,6146.799084188493,5315.870562534859,0.08410828659891725
44825,0.13332803317825662,-4108.234216781487,11488.91267986948,6225.301958457479,5263.610721412001,0.08395406273147833
44830,0.1333429052399608,-4119.322351103979,11516.777454186371,6304.097879299347,5212.679574887024,0.08381991430965369
44835,0.13335777730166504,-4124.26260640305,11546.329475475812,6382.596329783517,5163.733145692295,0.0836724661676113
44840,0.13337264936336923,-4123.1332460517415,11577.563789807187,6460.253546374935,5117.310243432253,0.08351191829855695
44845,0.13338752142507346,-4116.138189857793,11610.403790765055,6536.592017789059,5073.811772975995,0.08335651976697035
44850,0.13340239348677765,-4103.616267617603,11644.70463766869,6611.216830519725,5033.487807148966,0.08319384021879431
44855,0.13341726554848188,-4086.042334285511,11680.261054971761,6683.828293549618,4996.432761422143,0.08301790782875734
44860,0.13343213761018607,-4064.0193966872457,11716.818900856413,6754.230454950976,4962.588445905437,0.08282900615834891
44865,0.1334470096718903,-4038.2616699985483,11754.089571175107,6822.335304162578,4931.754267012529,0.08262747357164081
44870,0.1334618817335945,-4009.5693280546457,11791.766076679269,6888.162628653927,4903.603448025342,0.08241369882739878
44875,0.13347675379529872,-3978.7965704612925,11829.539520398543,6951.835655999756,4877.703864398786,0.08218811356438621
44880,0.13349162585700294,-3946.8154089918826,11867.114719136553,7013.5727578717015,4853.541961264851,0.08195118211587439
44885,0.13350649791870714,-3914.4781657794156,11904.223855265365,7073.675619915111,4830.548235350254,0.08170338937735191
44890,0.13352136998041136,-3882.581971283824,11940.637295082724,7132.514391806709,4808.122903276016,0.08144522763819234
44895,0.13353624204211556,-3851.8384774614788,11976.171037978813,7190.510426311904,4785.660611666909,0.08117718335447366
44900,0.13355111410381978,-3822.8515425960195,12010.690626499956,7248.117294002086,4762.57333249787,0.08089972478859032
44905,0.13356598616552398,-3796.1048467129813,12044.111706279868,7305.800817432431,4738.310888847436,0.08061329129286537
44910,0.1335808582272282,-3771.960363981836,12076.397733869353,7364.018898341722,4712.378835527631,0.08031828480123382
44915,0.1335957302889324,-3750.667484892796,12107.55555560311,7423.201906998507,4684.353648604603,0.08001506385091216
44920,0.13361060235063663,-3732.3814822625454,12137.629700579986,7483.73436099926,4653.895339580726,0.07970394021812144
44925,0.13362547441234082,-3717.189070708143,12166.69623866957,7545.9385448433995,4620.757693826171,0.07938517804465142
44930,0.13364034647404505,-3705.1381135864476,12194.856956610378,7610.060621006406,4584.796335603972,0.07905899517273256
44935,0.13365521853574927,-3696.268149510507,12222.234420164255,7676.259671524413,4545.974748639843,0.07873802420329291
44940,0.13367009059745347,-3690.638376537132,12248.96824532454,7744.599999477393,4504.368245847148,0.07840967766479694
44945,0.1336849626591577,-3688.350048174563,12275.21263006261,7815.046920917691,4460.165709144919,0.07807368869603974
44950,0.1336998347208619,-3689.560870378099,12301.134935756298,7887.466190934597,4413.668744821701,0.07773018472261044
44955,0.1337147067825661,-3694.4898759603693,12326.914888894029,7961.627125136176,4365.287763757853,0.07737927403279639
44960,0.1337295788442703,-3703.412295077498,12352.743828273406,8037.209386546936,4315.53444172647,0.07709316821861342
44965,0.13374445090597453,-3716.645020888609,12378.82337014498,8113.813294046478,4265.010076098502,0.07705242734964236
44970,0.13375932296767873,-3734.5242699509517,12405.362909622525,8190.973364547414,4214.389545075111,0.0770191139552552
44975,0.13377419502938295,-3757.3778521088852,12432.57551327978,8268.174630668833,4164.4008826109475,0.07700151314481891
44980,0.13378906709108715,-3785.4950107156947,12460.67196533412,8344.871094585775,4115.800870748346,0.07698060291505868
44985,0.13380393915279137,-3819.097012383111,12489.852980575299,8420.505512650834,4069.3474679244646,0.07695685320262427
44990,0.1338188112144956,-3858.311529393128,12520.299860117982,8494.529583843998,4025.7702762739846,0.07693090144980788
44995,0.1338336832761998,-3903.153379630582,12552.1641111323,8566.423563467719,3985.7405476645818,0.07690349822870057
45000,0.13384855533790402,-3953.513424581989,12585.556753069408,8635.714356067208,3949.8423970021995,0.07687545083409748
45005,0.13386342739960821,-4009.1564744236157,12620.538170316282,8701.991257741245,3918.546912575037,0.0768475695110157
45010,0.13387829946131244,-4069.7280388279987,12657.109430495215,8764.91870307205,3892.1907274231653,0.07682062004377183
45015,0.13389317152301664,-4134.768829829323,12695.20596005162,8824.245601032399,3870.960359019222,0.07679528524756882
45020,0.13390804358472086,-4203.735187052512,12734.694352235312,8879.811087729659,3854.8832645056536,0.07677213664362018
45025,0.13392291564642506,-4276.023131685856,12775.372882629215,8931.546752722521,3843.8261299066944,0.07675161643942312
45030,0.13393778770812928,-4350.9935863509545,12816.9760387802,8979.475586340663,3837.500452439537,0.07673745000533266
45035,0.13395265976983348,-4427.996399387415,12859.183057289278,9023.708032541374,3835.475024747904,0.07672660827148267
45040,0.1339675318315377,-4506.391131733796,12901.630135487687,9064.435609338498,3837.194526149189,0.07671789111437138
45045,0.13398240389324192,-4585.5630399347965,12943.925681392548,9101.922579028927,3842.00310236362,0.07671185769110284
45050,0.13399727595494612,-4664.933259743388,12985.667719036679,9136.496122598235,3849.171596438444,0.07670890183964829
45055,0.13401214801665035,-4743.962807568768,13026.462403099136,9168.535410655399,3857.9269924437376,0.0767092461094711
45060,0.13402702007835454,-4822.150625036583,13065.942530900229,9198.45988307661,3867.482647823619,0.07671294568647757
45065,0.13404189214005877,-4899.026453202499,13103.784970847628,9226.7169666545,3877.068004193128,0.0767199004059116
45070,0.13405676420176296,-4974.139798536508,13139.726041119215,9253.769387884224,3885.956653234991,0.07672987285546609
45075,0.1340716362634672,-5047.046606242293,13173.574048735985,9280.082187213737,3893.4918615222487,0.07674251054256025
45080,0.13408650832517138,-5117.295458679168,13205.218411148613,9306.109519610467,3899.108891538146,0.07675737018415722
45085,0.1341013803868756,-5184.415149275778,13234.6350048763,9332.281338771727,3902.3536661045728,0.0767739423383714
45090,0.1341162524485798,-5247.905342061038,13261.887598018711,9358.990109798291,3902.89748822042,0.076791674815942
45095,0.13413112451028403,-5307.231724839005,13287.125411733134,9386.577774289583,3900.547637443551,0.07680999358393784
45100,0.13414599657198825,-5361.826626742882,13310.577013008418,9415.323294449856,3895.2537185585625,0.07682832020696985
45105,0.13416086863369245,-5411.095542732125,13332.54086617457,9445.431215275934,3887.1096508986357,0.07685101616972725
45110,0.13417574069539667,-5454.429448936221,13353.372967055666,9477.021787706235,3876.351179349431,0.07688303776912324
45115,0.13419061275710087,-5491.222272449025,13373.472058293748,9510.123269402617,3863.3487888911313,0.0769148535532362
45120,0.1342054848188051,-5520.892457289474,13393.26298480487,9544.66704350382,3848.5959413010496,0.07694585181877527
45125,0.1342203568805093,-5542.907281030618,13413.178800782329,9580.486154508639,3832.69264627369,0.07697543077964707
45130,0.1342352289422135,-5556.80842702426,13433.642286693062,9617.317749183432,3816.3245375096303,0.07700300839947322
45135,0.1342501010039177,-5562.237276946589,13455.04757448979,9654.809734814882,3800.237839674908,0.07704323695340667
45140,0.13426497306562193,-5558.958412504853,13477.742605587291,9692.531743550255,3785.2108620370363,0.07709779279832586
45145,0.13427984512732613,-5546.879866548884,13502.013150079381,9729.990242459095,3772.022907620287,0.07715001741554135
45150,0.13429471718903035,-5526.06873540762,13528.069087984491,9766.647377167332,3761.4217108171597,0.07719940695366885
45155,0.13430958925073458,-5496.760887136894,13556.033587665035,9801.942900519818,3754.090687145217,0.07724550312995512
45160,0.13432446131243878,-5459.36372710054,13585.935712063334,9835.318328309548,3750.6173837537863,0.07728789418146473
45165,0.134339333374143,-5414.451355269616,13617.706844880066,9866.242288375492,3751.464556504574,0.07732621588545646
45170,0.1343542054358472,-5362.751971887808,13651.18116593941,9894.23589306276,3756.94527287665,0.07736015242387728
45175,0.13436907749755142,-5305.128011188332,13686.10022988599,9918.896876681178,3767.2033532048117,0.07739430425082858
45180,0.13438394955925562,-5242.550116369155,13722.121527128238,9939.921211915726,3782.2003152125126,0.07743708598952198
45185,0.13439882162095984,-5176.066608775544,13758.830740086283,9957.120966692095,3801.7097733941882,0.07747537179597945
45190,0.13441369368266404,-5106.770464814163,13795.75725668939,9970.437296856484,3825.3199598329065,0.07750899982048742
45195,0.13442856574436826,-5035.765952639806,13832.392368037315,9979.947691911271,3852.444676126044,0.07753786409183878
45200,0.13444343780607246,-4964.136999774766,13868.209457230025,9985.866889858506,3882.342567371519,0.07756190912821039
45205,0.13445830986777668,-4892.919096178032,13902.685380908455,9988.541230253028,3914.1441506554274,0.07758112396091574
45210,0.1344731819294809,-4823.076132433676,13935.322156119055,9988.4365917667,3946.885564352355,0.07759553594886778
45215,0.1344880539911851,-4755.483079029727,13965.667999209107,9986.120430489882,3979.5475687192247,0.07762247531002067
45220,0.13450292605288933,-4690.91487925218,13993.33673139444,9982.238770087417,4011.097961307023,0.07764835709379335
45225,0.13451779811459352,-4630.041403721474,14018.024580646344,9977.489273445104,4040.5353072012404,0.07767004752974384
45230,0.13453267017629775,-4573.427845006865,14039.523483761464,9972.591732848176,4066.931750913289,0.07768764147757333
45235,0.13454754223800194,-4521.539556725861,14057.730133158677,9968.257442568867,4089.4726905898096,0.07770124725484172
45240,0.13456241429970617,-4474.750091378351,14072.650219602467,9965.158958462298,4107.491261140169,0.07771098065481379
45245,0.13457728636141036,-4433.3510759596165,14084.397584994496,9963.901702923493,4120.4958820710035,0.07771696004090022
45250,0.1345921584231146,-4397.562576728524,14093.188299712912,9964.998745274235,4128.189554438677,0.0777342454547128
45255,0.13460703048481878,-4367.542724356947,14099.329990563323,9968.849890054727,4130.480100508596,0.07775519249702113
45260,0.134621902546523,-4343.395576269454,14103.207038033583,9975.725958191264,4127.481079842319,0.07777282689277042
45265,0.13463677460822723,-4325.176467931909,14105.262505245586,9985.75887212872,4119.503633116867,0.07778720591357123
45270,0.13465164666993143,-4312.894437564028,14105.977831177328,9998.93787842703,4107.039952750298,0.07779837983176391
45275,0.13466651873163565,-4306.511686088013,14105.851402265756,10015.111977053017,4090.7394252127397,0.07780639161485617
45280,0.13468139079333985,-4305.940434067155,14105.377106971262,10033.998383652886,4071.3787233183757,0.07781617837512035
45285,0.13469626285504407,-4311.037924126989,14105.023887637739,10055.196628636677,4049.827259001062,0.07784702425657346
45290,0.13471113491674827,-4321.600643405735,14105.21715364724,10078.207688613571,4027.0094650336687,0.07787537884372098
45295,0.1347260069784525,-4337.359054072831,14106.322735065774,10102.45734575277,4003.865389313005,0.07790131101242935
45300,0.1347408790401567,-4357.974180219992,14108.633861792352,10127.322778954083,3981.3110828382687,0.07792489248345225
45305,0.13475575110186092,-4383.037288014489,14112.361469080233,10152.161215936438,3960.2002531437956,0.07794619702429337
45310,0.1347706231635651,-4412.0736217282365,14117.627967834396,10176.339334142896,3941.2886336915,0.0779734237300506
45315,0.13478549522526934,-4444.550750543656,14124.464481373536,10199.262011389337,3925.2024699841986,0.07800627941825798
45320,0.13480036728697356,-4479.89158190059,14132.811438384915,10220.399013814285,3912.41242457063,0.07803655307688682
45325,0.13481523934867776,-4517.49155631667,14142.522321468097,10239.308281873475,3903.2140395946226,0.07806433305318138
45330,0.13483011141038198,-4556.739013832576,14153.370299310016,10255.654638228738,3897.715661081278,0.07808971714975335
45335,0.13484498347208618,-4597.0372779607815,14165.05741653596,10269.222987708514,3895.8344288274457,0.07811281104945039
45340,0.1348598555337904,-4637.826705169389,14177.225977868691,10279.925393541851,3897.30058432684,0.07813372666734966
45345,0.1348747275954946,-4678.604852740323,14189.47174069416,10287.801773672134,3901.669967022026,0.07815258038788797
45350,0.13488959965719882,-4718.943054633925,14201.35851860468,10293.014339578187,3908.3441790264933,0.07816949110019589
45355,0.13490447171890302,-4758.4980522724145,14212.433791884723,10295.83626868272,3916.597523202003,0.07819731847207992
45360,0.13491934378060724,-4797.01784710535,14222.24491214904,10296.635431026129,3925.6094811229123,0.07822463846923788
45365,0.13493421584231144,-4834.341534265677,14230.35547176184,10295.85425533548,3934.5012164263608,0.0782501033123242
45370,0.13494908790401566,-4870.393444815736,14236.361382271456,10293.986999215866,3942.3743830555904,0.07827389646522209
45375,0.1349639599657199,-4905.172390525542,14239.906173054957,10291.555772231453,3948.350400823503,0.07829619443587779
45380,0.13497883202742408,-4938.737126220202,14240.694989810852,10289.086648673643,3951.608341137209,0.07831716053773409
45385,0.1349937040891283,-4971.189311390885,14238.506753764535,10287.087107467236,3951.4196462972996,0.07833693879972937
45390,0.1350085761508325,-5002.655282225326,14233.203947811866,10286.02586499016,3947.178082821705,0.07835564852730709
45395,0.13502344821253673,-5033.267869043413,14224.73953412108,10286.315940643677,3938.4235934774024,0.07837337998419232
45400,0.13503832027424092,-5063.149347431617,14213.160583292654,10288.30153355978,3924.859049732875,0.0784028738030755
45405,0.13505319233594515,-5092.396427019377,14198.608307614199,10292.249010269137,3906.3592973450613,0.07843282081249997
45410,0.13506806439764935,-5121.067988273568,14181.31433560261,10298.342026216325,3882.972309386285,0.07846190379924421
45415,0.13508293645935357,-5149.176098195081,14161.59323390032,10306.680547724256,3854.9126861760633,0.07849013030403994
45420,0.13509780852105777,-5176.680683860146,14139.831465380072,10317.283324465005,3822.548140915067,0.07851747316225147
45425,0.135112680582762,-5203.488116107096,14116.473156875352,10330.09320237817,3786.3799544971826,0.07854387555133346
45430,0.13512755264446621,-5229.4538364123955,14092.0032232023,10344.984575368999,3747.0186478333017,0.07856925735447312
45435,0.1351424247061704,-5254.3890198209565,14066.928542625219,10361.772255451242,3705.156287173977,0.07859352221661157
45440,0.13515729676787464,-5278.071081196735,14041.757990432525,10380.221091267114,3661.5368991654104,0.07861703577650524
45445,0.13517216882957883,-5300.257592498712,14016.982202639814,10400.055771813348,3616.9264308264665,0.07865258021009844
45450,0.13518704089128306,-5320.702901798771,13993.053956191938,10420.970397705727,3572.0835584862107,0.07868665332361788
45455,0.13520191295298725,-5339.176468440047,13970.370015936827,10442.637565354424,3527.7324505824035,0.07871918783441564
45460,0.13521678501469148,-5355.4817018077465,13949.255217480768,10464.71686909103,3484.5383483897385,0.07875012730273136
45465,0.13523165707639567,-5369.473956256387,13929.949437994232,10486.862863822842,3443.0865741713897,0.07877942811881113
45470,0.1352465291380999,-5381.076317765705,13912.597965382836,10508.73263122609,3403.865334156746,0.0788070600374457
45475,0.1352614011998041,-5390.291925364886,13897.24562117548,10529.993145316625,3367.252475858855,0.0788533057125719
45480,0.13527627326150832,-5397.211796271941,13883.834834044208,10550.328632747209,3333.5062012969993,0.07890355327021085
45485,0.13529114532321254,-5402.01745633666,13872.207706646408,10569.448068754908,3302.7596378915005,0.07895263375742563
45490,0.13530601738491674,-5404.978100621865,13862.111973706365,10587.09284660293,3275.0191271034346,0.07900117674725089
45495,0.13532088944662096,-5406.442492996831,13853.21061684368,10603.044518501065,3250.1660983426154,0.07905477923470126
45500,0.13533576150832516,-5406.826308446587,13845.094782788183,10617.132348375093,3227.96243441309,0.07910735118698661
45505,0.13535063357002938,-5406.596054499117,13837.299546204982,10629.240266609246,3208.0592795957364,0.07915884134174697
45510,0.13536550563173358,-5406.2510011769,13829.321965738745,10639.31270216075,3190.0092635779947,0.07920919633811467
45515,0.1353803776934378,-5406.304643329726,13820.640801336893,10647.35871452752,3173.282086809373,0.07925835940310647
45520,0.135395249755142,-5407.267100899742,13810.737192510085,10653.453874971392,3157.283317538693,0.07930626933724012
45525,0.13541012181684622,-5409.629571267916,13799.115542222824,10657.739457541418,3141.3760846814057,0.07935285986146812
45530,0.13542499387855042,-5413.851564633937,13785.323812577577,10660.418684234091,3124.9051283434856,0.07939805935733943
45535,0.13543986594025464,-5420.351271427961,13768.972420992517,10661.749999036678,3107.2224219558393,0.07944179099631285
45540,0.13545473800195887,-5429.499100816022,13749.75093516681,10662.037588451121,3087.713346715689,0.07948397321195579
45545,0.13546961006366307,-5441.614220828212,13727.441807866951,10661.61958664781,3065.8222212191413,0.07952452042240775
45550,0.1354844821253673,-5456.963810580459,13701.930473624177,10660.854574510311,3041.0758991138664,0.07957368472789823
45555,0.13549935418707149,-5475.76466658786,13673.211251515562,10660.107088000304,3013.104163515258,0.0796231197870356
45560,0.1355142262487757,-5498.186748141854,13641.388660626544,10659.73288967261,2981.655770953934,0.07967130568740417
45565,0.1355290983104799,-5524.358175248238,13606.673953023508,10660.064734174408,2946.6092188491,0.07971813342797926
45570,0.13554397037218413,-5554.371100957539,13569.376894616753,10661.399286000635,2907.9776086161182,0.07976348473385635
45575,0.13555884243388833,-5588.287779529439,13529.89306564786,10663.985739071475,2865.9073265763855,0.07980723190802941
45580,0.13557371449559255,-5626.146063420322,13488.687195688297,10668.016556566246,2820.6706391220505,0.07984923751265971
45585,0.13558858655729675,-5667.963508468864,13446.273277333114,10673.620609522168,2772.652667810946,0.07988935400498712
45590,0.13560345861900097,-5713.739270936658,13403.192401426353,10680.858857484896,2722.333543941457,0.07992849967441132
45595,0.1356183306807052,-5763.453065167801,13359.98940759807,10689.722596534937,2670.266811063133,0.0799798959435326
45600,0.1356332027424094,-5817.060637749952,13317.189531253876,10700.13420836818,2617.055322885697,0.0800293627208562
45605,0.13564807480411362,-5874.485516502918,13275.276239645482,10711.950281811889,2563.325957833593,0.08007667792852678
45610,0.1356629468658178,-5935.607208009094,13234.671379295638,10724.966940403734,2509.704438891904,0.08012161288449092
45615,0.13567781892752204,-6000.246521326849,13195.718607442994,10738.927185006154,2456.7914224368396,0.08016393562422705
45620,0.13569269098922623,-6068.149239126822,13158.670863586514,10753.530034746667,2405.140828839847,0.08020341442776276
45625,0.13570756305093046,-6138.969871349583,13123.682374237012,10768.44121110549,2355.2411631315226,0.08023982128952968
45630,0.13572243511263465,-6212.2576286666945,13090.80540051988,10783.305053752909,2307.5003467669703,0.080275540384545
45635,0.13573730717433888,-6287.446961515388,13059.991661270064,10797.757286133075,2262.234375136988,0.08032308253535848
45640,0.13575217923604307,-6363.8549568503995,13031.098117177222,10811.438174206609,2219.659942970613,0.0803672598062601
45645,0.1357670512977473,-6440.68752628775,13003.896601516277,10824.00555694853,2179.8910445677466,0.08040786872851882
45650,0.13578192335945152,-6517.055651878213,12978.086638911462,10835.147185433369,2142.939453478093,0.08044472050829737
45655,0.13579679542115572,-6592.002023839488,12953.310706452165,10844.591798420075,2108.7189080320895,0.08047764046899937
45660,0.13581166748285994,-6664.537306128491,12929.171155982289,10852.11839241944,2077.0527635628496,0.08050646686253599
45665,0.13582653954456414,-6733.6841439267,12905.248023491591,10857.563215867563,2047.6848076240276,0.08053104920541115
45670,0.13584141160626836,-6798.526045744101,12881.116990717142,10860.824130334933,2020.2928603822093,0.08056732590456639
45675,0.13585628366797256,-6858.257579880567,12856.366825566569,10861.86213337408,1994.5046921924895,0.08060399636430213
45680,0.13587115572967678,-6912.232013563081,12830.615703537069,10860.700019556838,1969.9156839802308,0.08063635754730415
45685,0.13588602779138098,-6960.002609678717,12803.525895813285,10857.418353911104,1946.1075419021818,0.08066425664202038
45690,0.1359008998530852,-7001.354220100945,12774.816396769465,10852.149124386498,1922.667272382967,0.08068753984299054
45695,0.1359157719147894,-7036.322470790012,12744.273151107316,10845.067602178646,1899.2055489286704,0.08070605099851988
45700,0.13593064397649363,-7065.198617133813,12711.756626859831,10836.383047047699,1875.3735798121324,0.0807228914782231
45705,0.13594551603819785,-7088.518997559462,12677.206564023776,10826.328932643522,1850.8776313802537,0.08075572999989329
45710,0.13596038809990205,-7107.038923888827,12640.64380977697,10815.153329703524,1825.4904800734457,0.08078361571083491
45715,0.13597526016160627,-7121.691845715383,12602.16923109649,10803.109981391743,1799.0592497047473,0.08080633338052885
45720,0.13599013222331047,-7133.535725507389,12561.959775487338,10790.450454272514,1771.509321214824,0.08082366710354906
45725,0.1360050042850147,-7143.689714034816,12520.261831596765,10777.417575396388,1742.8442562003765,0.0808354044682161
45730,0.1360198763467189,-7153.265299309615,12477.382123979572,10764.24019542438,1713.1419285551929,0.0808455369896378
45735,0.1360347484084231,-7163.296939476675,12433.67645901989,10751.129169904045,1682.547289115846,0.08087358680810602
45740,0.1360496204701273,-7174.677598648777,12389.536719336451,10738.274339365817,1651.2623799706344,0.08089558730615123
45745,0.13606449253183153,-7188.104451603895,12345.376577671743,10725.842221132656,1619.5343565390867,0.08091130006581329
45750,0.13607936459353573,-7204.039268726872,12301.616462894619,10713.974104184741,1587.642358709878,0.08092051583540572
45755,0.13609423665523995,-7222.6867054835475,12258.668354321193,10702.784262052983,1555.8840922682102,0.08092306056576089
45760,0.13610910871694418,-7243.992069354761,12216.921000061842,10692.358063436224,1524.562936625618,0.0809367062371331
45765,0.13612398077864837,-7267.658350780523,12176.726145760378,10682.749858514388,1493.9762872459905,0.08095672266075027
45770,0.1361388528403526,-7293.180616676486,12138.386319190298,10673.980639464098,1464.4056797262,0.08096952739492973
45775,0.1361537249020568,-7319.894460123191,12102.144644282827,10666.035601915712,1436.1090423671158,0.08097499898869884
45780,0.13616859696376102,-7347.034180028704,12068.177059222367,10658.86185362979,1409.3152055925766,0.08097306154094149
45785,0.13618346902546521,-7373.795755188374,12036.587194633436,10652.366611680976,1384.2205829524592,0.08096833821675978
45790,0.13619834108716944,-7399.399456164469,12007.404038980381,10646.416287114576,1360.987751865805,0.08098520642060922
45795,0.13621321314887364,-7423.147073661739,11980.582389572668,10640.836868353377,1339.7455212192908,0.08099418893419398
45800,0.13622808521057786,-7444.469213826913,11956.005968827669,10635.415978987541,1320.5899898401276,0.08099523718309842
45805,0.13624295727228206,-7462.958912719327,11933.492985063162,10629.90690399322,1303.5860810699414,0.08098833289671704
45810,0.13625782933398628,-7478.388946162523,11912.803840676603,10624.034756289268,1288.7690843873352,0.0809734846525917
45815,0.1362727013956905,-7490.711624726349,11893.650640687421,10617.504800959097,1276.145839728324,0.08097649012946319
45820,0.1362875734573947,-7500.04148871952,11875.708129956474,10610.01277779686,1265.6953521596151,0.08098149544983622
45825,0.13630244551909892,-7506.623019038655,11858.625683160722,10601.256877675913,1257.3688054848099,0.08097797748341934
45830,0.13631731758080312,-7510.787066139561,11842.039979993453,10590.950851422594,1251.0891285708585,0.0809659171179575
45835,0.13633218964250735,-7512.9009507011415,11825.58800996157,10578.837581231197,1246.7504287303727,0.08094532807976519
45840,0.13634706170421154,-7513.3178974637985,11808.920058105059,10564.702344405232,1244.217713699827,0.08092818027508648
45845,0.13636193376591577,-7512.331485589196,11791.712319489307,10548.384964287701,1243.3273552016053,0.08092921983713343
45850,0.13637680582761996,-7510.140101364384,11773.678775619472,10529.790082314741,1243.8886933047306,0.08092111359743198
45855,0.1363916778893242,-7506.825058880963,11754.581944632755,10508.894895332967,1245.6870492997878,0.08090388889818857
45860,0.13640654995102838,-7502.344320529375,11734.242098490431,10485.753868479926,1248.4882300105055,0.08087762701152956
45865,0.1364214220127326,-7496.541874279639,11712.544536550573,10460.500131451163,1252.0444050994101,0.08084246411836937
45870,0.13643629407443683,-7489.171080445417,11689.444527538402,10433.343466979857,1256.1010605585452,0.08083915318971444
45875,0.13645116613614103,-7479.928900261711,11664.969589642806,10404.564980446514,1260.4046091962919,0.08082751439549776
45880,0.13646603819784525,-7468.496988196193,11639.218873823771,10374.508683864757,1264.7101899590143,0.08080643258083414
45885,0.13648091025954945,-7454.585205394475,11612.359544173978,10343.570333026313,1268.789211147665,0.08077607298869229
45890,0.13649578232125367,-7437.973158234447,11584.620200770949,10312.183930854158,1272.4362699167905,0.08073665525181456
45895,0.13651065438295787,-7418.545802673971,11556.281550322146,10280.806366180812,1275.4751841413345,0.08072136778461429
45900,0.1365255264446621,-7396.319879371476,11527.664682831695,10249.900708144301,1277.7639746873938,0.08070849792629155
45905,0.1365403985063663,-7371.458852598136,11499.117445761542,10219.91873001893,1279.198715742612,0.08068593769650916
45910,0.1365552705680705,-7344.27502903014,11470.999512617407,10191.28329301442,1279.7162196029876,0.08065389117086252
45915,0.1365701426297747,-7315.2185654200375,11443.666817269184,10164.371273746974,1279.2955435222102,0.08061262217696286
45920,0.13658501469147893,-7284.854094142462,11417.456068750864,10139.497757670542,1277.9583110803214,0.08058915686151352
45925,0.13659988675318316,-7253.826671362808,11392.670074753365,10116.90223237052,1275.7678423828456,0.0805769359941099
45930,0.13661475881488735,-7222.819646280081,11369.564585199707,10096.737488498959,1272.8270967007484,0.08055462943712165
45935,0.13662963087659158,-7192.507804100956,11348.337317561794,10079.061865004322,1269.2754525574728,0.08053970060862815
45940,0.13664450293829578,-7163.5096704364805,11329.119739087391,10063.835356426625,1265.284382660766,0.08052119706741508
45945,0.136659375,-7136.343091405362,11311.972055120234,10050.919935640193,1261.0521194800403,0.08049388566409198
45950,0.1366742470617042,-7111.388049350244,11296.881688532701,10040.084243523406,1256.7974450092952,0.08045800281510171
45955,0.13668911912340842,-7088.860109361136,11283.765340217722,10031.012571075396,1252.7527691423256,0.08045132351267657
45960,0.13670399118511262,-7068.796950543683,11272.474508391702,10023.317828074107,1249.1566803175956,0.08044191544057037
45965,0.13671886324681684,-7051.05921497702,11262.804133548814,10016.557976448828,1246.2461570999858,0.08042299404650292
45970,0.13673373530852104,-7035.345548466128,11254.503846410627,10010.255226219131,1244.2486201914962,0.08039472620490716
45975,0.13674860737022526,-7021.2203681110295,11247.291146310554,10003.917161734174,1243.3739845763794,0.08035730921757454
45980,0.13676347943192949,-7008.151715856764,11240.865740032488,9997.058891681983,1243.8068483505049,0.0803374882433897
45985,0.13677835149363368,-6995.555657051476,11234.92423211874,9989.225293080415,1245.6989390383242,0.08032538654458087
45990,0.1367932235553379,-6982.8431357477275,11229.174375596847,9980.01243381324,1249.1619417836082,0.08030256427013328
45995,0.1368080956170421,-6969.465050584997,11223.348159376117,9969.087292945158,1254.2608664309591,0.08026911350454964
46000,0.13682296767874633,-6954.951586264146,11217.213114094799,9956.204938136641,1261.0081759581572,0.08022517290309886
46005,0.13683783974045052,-6938.942512894415,11210.581349674945,9941.222357890927,1269.3589917840181,0.08018187005069195
46010,0.13685271180215475,-6921.206193036176,11203.315984233914,9924.108186412068,1279.2077978218458,0.08016033353390827
46015,0.13686758386385894,-6901.64630507416,11195.334776444202,9904.947613257084,1290.3871631871189,0.08012649869603734
46020,0.13688245592556317,-6880.296645070701,11186.610925187208,9883.94185701179,1302.6690681754171,0.0800806572957059
46025,0.13689732798726736,-6857.305625140767,11177.171146121987,9861.40172108281,1315.7694250391778,0.0800232459909523
46030,0.1369122000489716,-6832.913073912271,11167.091269551525,9837.734956885295,1329.3563126662302,0.0799548542464424
46035,0.1369270721106758,-6807.422542268039,11156.489722486414,9813.427446867412,1343.0622756190023,0.07991051538788521
46040,0.13694194417238,-6781.172477451792,11145.519354358781,9789.01859228797,1356.500762070811,0.07986274078717644
46045,0.13695681623408423,-6754.509379224471,11134.358134712626,9765.071744105886,1369.2863906067396,0.07987332758236311
46050,0.13697168829578843,-6727.765481297756,11123.199287410709,9742.14103020831,1381.0582572023995,0.07990188310554343
46055,0.13698656035749265,-6701.24272716002,11112.24142620909,9720.736466873304,1391.5049593357853,0.0799346310117811
46060,0.13700143241919685,-6675.2039491930245,11101.67922037947,9701.289729411608,1400.389490967862,0.07999790558951932
46065,0.13701630448090107,-6649.871309237721,11091.69504923937,9684.123307147785,1407.5717420915844,0.08006238688852646
46070,0.13703117654260527,-6625.431282721152,11082.45200747538,9669.425884549148,1413.0261229262323,0.08012416515116011
46075,0.1370460486043095,-6602.044805103076,11074.088508669303,9657.236592802834,1416.8519158664694,0.08018400933057196
46080,0.1370609206660137,-6579.860669472299,11066.714613839154,9647.440225233931,1419.274388605223,0.08024263156759265
46085,0.13707579272771792,-6559.0298832005155,11060.410096441541,9639.774626790926,1420.635469650615,0.08030064588397663
46090,0.13709066478942214,-6539.718480062818,11055.224154257941,9633.850338079928,1421.373816178013,0.08037207749628554
46095,0.13710553685112634,-6522.116274968663,11051.176597817715,9629.181335655341,1421.9952621623743,0.08044540615130613
46100,0.13712040891283056,-6506.439286163376,11048.26028669813,9625.2245261273,1423.0357605708305,0.08051832298746323
46105,0.13713528097453476,-6492.9240843653515,11046.444548754132,9621.424680335384,1425.019868418749,0.08059081946193765
46110,0.13715015303623898,-6481.813193639382,11045.67930111893,9617.260860593218,1428.418440525711,0.08068042195538767
46115,0.13716502509794318,-6473.331851707551,11045.899593381037,9612.29017325343,1433.6094201276064,0.08078885162475606
46120,0.1371798971596474,-6467.657843228686,11047.030310467278,9606.184888378391,1440.845422088887,0.08089502068996098
46125,0.1371947692213516,-6464.88755168735,11048.990802914679,9598.759573949543,1450.2312289651363,0.08099839759807373
46130,0.13720964128305582,-6465.002548539293,11051.699252228369,9589.985818525029,1461.7134337033403,0.08109838649340334
46135,0.13722451334476002,-6467.841634541308,11055.076624471178,9579.993260662393,1475.0833638087843,0.0811943580925883
46140,0.13723938540646424,-6473.083011347979,11059.050110914468,9569.056888392739,1489.993222521729,0.0812981654164156
46145,0.13725425746816847,-6480.240095125293,11063.55599494453,9557.57179755781,1505.9841973867206,0.08139777177187671
46150,0.13726912952987266,-6488.672516342513,11068.54191455511,9546.017691053206,1522.5242235019032,0.08149142239338458
46155,0.1372840015915769,-6497.611428816731,11073.968506246069,9534.916265311549,1539.0522409345194,0.08157868801954937
46160,0.13729887365328108,-6506.1958642996215,11079.810417358349,9524.785192609956,1555.0252247483932,0.08165922468263302
46165,0.1373137457149853,-6513.515015124349,11086.056660886621,9516.09262493364,1569.9640359529803,0.08176110942594965
46170,0.1373286177766895,-6518.650387627769,11092.710263385661,9509.216008178313,1583.494255207348,0.08186831160430626
46175,0.13734348983839373,-6520.711922705398,11099.787130067327,9504.408531179557,1595.3785988877698,0.08196821103157799
46180,0.13735836190009793,-6518.863388146046,11107.314032228998,9501.775802117494,1605.5382301115042,0.08206082108343676
46185,0.13737323396180215,-6512.334393003379,11115.325624103154,9501.26443068247,1614.0611934206845,0.08214840745849343
46190,0.13738810602350635,-6500.4189265973855,11123.860432736163,9502.663197253198,1621.197235482965,0.08224300542887099
46195,0.13740297808521057,-6482.462999510728,11132.955846289478,9505.616508373741,1627.339337915737,0.08233057905727957
46200,0.1374178501469148,-6457.846363329653,11142.642256678986,9509.648953753482,1632.9933029255044,0.08241135268560877
46205,0.137432722208619,-6425.9650223799035,11152.93668427471,9514.199050446823,1638.7376338278864,0.0824855895161558
46210,0.13744759427032321,-6386.221974461243,11163.836404832855,9518.659712005561,1645.1766928272937,0.08255947244278788
46215,0.1374624663320274,-6338.033061562321,11175.313278772082,9522.422616188478,1652.8906625836044,0.08266740419325645
46220,0.13747733839373164,-6280.852858983648,11187.30960842136,9524.923451541252,1662.3861568801076,0.08276937672936405
46225,0.13749221045543583,-6214.22228751248,11199.736376819785,9525.684985817203,1674.051391002582,0.0828656520154477
46230,0.13750708251714006,-6137.835475089347,11212.474617059577,9524.355010566589,1688.1196064929882,0.08296648204844342
46235,0.13752195457884425,-6051.618964360929,11225.380407876082,9520.736480667683,1704.643927208399,0.08306906440843502
46240,0.13753682664054848,-5955.812486549483,11238.293599776436,9514.807597354915,1723.4860024215213,0.08316621943230407
46245,0.13755169870225267,-5851.038056930925,11251.049887668998,9506.730187984058,1744.3196996849401,0.08325811687847878
46250,0.1375665707639569,-5738.343780965792,11263.495328864894,9496.845508840375,1766.6498200245187,0.08334487859637223
46255,0.13758144282566112,-5619.210823948805,11275.501944032245,9485.65750391255,1789.8444401196957,0.08343127328553937
46260,0.13759631488736532,-5495.516341848402,11286.982717929759,9473.8045244648,1813.178193464959,0.08355469072682215
46265,0.13761118694906954,-5369.451157757478,11297.904203641705,9462.021454031448,1835.8827496102567,0.08367249876023077
46270,0.13762605901077374,-5243.397584632876,11308.295063535434,9451.094979388836,1857.2000841465979,0.08378489713907948
46275,0.13764093107247796,-5119.778874465881,11318.249247018231,9441.81529552595,1876.4339514922813,0.08390665214601402
46280,0.13765580313418216,-5000.896257392473,11327.923064806679,9434.927756835472,1892.9953079712068,0.08402133632666238
46285,0.13767067519588638,-4888.771698904894,11337.526096000865,9431.087859836274,1906.4382361645912,0.0841284500629801
46290,0.13768554725759058,-4785.014092811965,11347.306564435152,9430.82249077721,1916.4840736579426,0.08422741592754711
46295,0.1377004193192948,-4690.723832882519,11357.532448924343,9434.499669776553,1923.0327791477903,0.08431759394462932
46300,0.137715291380999,-4606.4461304268325,11368.47006594866,9442.308180988632,1926.161884960029,0.084407687221877
46305,0.13773016344270322,-4532.17780729819,11380.362126304468,9454.247617727206,1926.1145085772623,0.08452731557535856
46310,0.13774503550440745,-4467.426337992032,11393.407296386504,9470.128604219843,1923.2786921666611,0.08463633097897821
46315,0.13775990756611164,-4411.314276889261,11407.743102888675,9489.582363531415,1918.1607393572594,0.08474371368625198
46320,0.13777477962781587,-4362.717381979935,11423.433650802348,9512.078423025576,1911.3552277767722,0.08484593260590242
46325,0.13778965168952007,-4320.421114104063,11440.463142599174,9536.949077456684,1903.51406514249,0.0849357385161603
46330,0.1378045237512243,-4283.278059087883,11458.735660852402,9563.4192192963,1895.3164415561023,0.08501273650364519
46335,0.13781939581292849,-4250.348446273138,11478.081167298962,9590.64022664603,1887.440940652932,0.08507664835206062
46340,0.1378342678746327,-4221.0074960110505,11498.267218563044,9617.726698443359,1880.5405201196845,0.08512732410198298
46345,0.1378491399363369,-4195.0068389702665,11519.015519886076,9643.794887148826,1875.2206327372496,0.08520199042643187
46350,0.13786401199804113,-4172.4824880076285,11540.022132622948,9668.001671473625,1872.0204611493227,0.08528812015740743
46355,0.13787888405974533,-4153.908290861221,11560.979911270579,9689.582837618851,1871.3970736517276,0.08536981809556221
46360,0.13789375612144955,-4140.000656685459,11581.601568219414,9707.889324176762,1873.712244042652,0.08543911392541848
46365,0.13790862818315378,-4131.586667804764,11601.641658762415,9722.419974590543,1879.2216841718728,0.08549633977218273
46370,0.13792350024485797,-4129.452495408166,11620.91576826406,9732.849274780743,1888.0664934833167,0.08554191155163512
46375,0.1379383723065622,-4134.191565861065,11639.315297343903,9739.048566916019,1900.2667304278839,0.0855852645185704
46380,0.1379532443682664,-4146.0717693867555,11656.816503213913,9741.099345205863,1915.7171580080503,0.08562632403605011
46385,0.13796811642997062,-4164.938221057395,11673.482870728296,9739.297465321524,1934.1854054067717,0.0856568422213624
46390,0.1379829884916748,-4190.1631781549095,11689.460432617298,9734.147435476532,1955.3129971407652,0.08572017548907275
46395,0.13799786055337904,-4220.648523385164,11704.96628413111,9726.34639742082,1978.6198867102885,0.08578102512682047
46400,0.13801273261508323,-4254.879717948756,11720.271172273173,9716.757936096657,2003.5132361765154,0.08583228174069536
46405,0.13802760467678746,-4291.024229472236,11735.677607255911,9706.376454251362,2029.3011530045496,0.08588338644280735
46410,0.13804247673849165,-4327.062839708779,11751.495375851724,9696.28347602,2055.2118998317237,0.08593098771686428
46415,0.13805734880019588,-4360.939322792522,11768.016585568797,9687.597849111125,2080.418736457672,0.08596860158156294
46420,0.1380722208619001,-4390.712846515471,11785.49241337629,9681.422334890118,2104.070078486173,0.08599609248890261
46425,0.1380870929236043,-4414.697951211416,11804.113576010885,9678.789443600244,2125.3241324106402,0.08601522383084777
46430,0.13810196498530852,-4431.57884147029,11823.996203323157,9680.609534508703,2143.3866688144535,0.08603474798499285
46435,0.13811683704701272,-4440.4876788397005,11845.174317295132,9687.624129364747,2157.5501879303847,0.08604300849253262
46440,0.13813170910871694,-4441.040287352769,11867.599541323778,9700.367087115741,2167.232454208037,0.08606800673842215
46445,0.13814658117042114,-4433.326888668762,11891.148036344763,9719.135795620568,2172.0122407241943,0.08609628395438569
46450,0.13816145323212536,-4417.859873561669,11915.634035053059,9743.973912682382,2171.6601223706766,0.0861127677931919
46455,0.13817632529382956,-4395.48485941996,11940.82877634558,9774.666502948307,2166.1622733972727,0.08612000726600154
46460,0.13819119735553378,-4367.264995962279,11966.48317897378,9810.74773113742,2155.7354478363595,0.08612217151640529
46465,0.13820606941723798,-4334.351244549117,11992.352276411595,9851.520631125675,2140.83164528592,0.08611171551002199
46470,0.1382209414789422,-4297.85277021747,12018.219289281784,9896.087900241031,2122.1313890407528,0.08608852161538678
46475,0.13823581354064643,-4258.721360194966,12043.917245062692,9943.392178512635,2100.525066550057,0.08605253353380327
46480,0.13825068560235063,-4217.661838237215,12069.34625903872,9992.263864494003,2077.0823945447173,0.08600375572185877
46485,0.13826555766405485,-4175.076982182798,12094.484946162294,10041.474191612342,2053.0107545499523,0.08594290486737385
46490,0.13828042972575905,-4131.050960116634,12119.394914535806,10089.791043633675,2029.6038709021304,0.08587675179041154
46495,0.13829530178746327,-4085.370470039895,12144.217867170031,10136.034831638475,2008.183035531556,0.08579801000966408
46500,0.13831017384916747,-4037.5783458723727,12169.165473069608,10179.13170051171,1990.0337725578975,0.08572538132966745
46505,0.1383250459108717,-3987.0510109060706,12194.502815641517,10218.161398722366,1976.341416919151,0.08565943319124704
46510,0.1383399179725759,-3933.0892043935037,12220.52682826877,10252.39735346285,1968.1294748059208,0.08558184354186607
46515,0.1383547900342801,-3875.0109685717325,12247.541616728553,10281.336865404095,1966.204751324458,0.08549471510510542
46520,0.1383696620959843,-3812.2367937350173,12275.832878460442,10304.71988388544,1971.1129945750017,0.08539953545006107
46525,0.13838453415768853,-3744.358745550134,12305.643705429633,10322.53553073104,1983.1081746985928,0.08529320490216034
46530,0.13839940621939276,-3671.1879506764417,12337.153875048889,10335.016359725147,2002.1375153237423,0.08517589102794848
46535,0.13841427828109695,-3592.7776241278234,12370.464306959968,10342.621181240065,2027.8431257199027,0.08504775464910877
46540,0.13842915034280118,-3509.4215752657974,12405.587750502571,10346.008032944148,2059.579717558423,0.08490929625289781
46545,0.13844402240450537,-3421.63058678735,12442.44606225945,10345.999423457524,2096.4466388019264,0.08476170564385488
46550,0.1384588944662096,-3330.0910408196914,12480.87374765258,10343.542235504683,2137.3315121478972,0.0846036374362617
46555,0.1384737665279138,-3235.6115419440794,12520.626882844143,10339.664630251733,2180.9622525924096,0.08443518831413414
46560,0.13848863858961802,-3139.0639897239707,12561.396182860615,10335.431998992653,2225.9641838679618,0.08425644039810298
46565,0.13850351065132221,-3041.32557307756,12602.822873317313,10331.903574433723,2270.9192988835894,0.08406746312799307
46570,0.13851838271302644,-2943.2275463698816,12644.516138883195,10330.090878096185,2314.4252607870094,0.08386831613613101
46575,0.13853325477473064,-2845.5155027639375,12686.071198069836,10330.918862033725,2355.1523360361116,0.08365905296636085
46580,0.13854812683643486,-2748.8243257124777,12727.08739726449,10335.190469268078,2391.8969279964113,0.0834397254427459
46585,0.13856299889813908,-2653.669243899746,12767.186026149015,10343.555386600156,2423.630639548859,0.08322130982890769
46590,0.13857787095984328,-2560.452624917112,12806.02774633859,10356.483930981432,2449.5438153571577,0.08300898686690965
46595,0.1385927430215475,-2469.4845074855957,12843.329544751627,10374.247191373825,2469.082353377802,0.08278689075292617
46600,0.1386076150832517,-2381.013558316885,12878.880967258932,10396.90462925486,2481.976338004073,0.08255513563328241
46605,0.13862248714495592,-2295.2642646552986,12912.559096383515,10424.300234023895,2488.2588623596203,0.08231385861497421
46610,0.13863735920666012,-2212.4757784512103,12944.341384937716,10456.067994182353,2488.273390755363,0.08206321813062199
46615,0.13865223126836435,-2132.9378720151853,12974.315140403254,10491.646899940535,2482.668240462719,0.0818033901703961
46620,0.13866710333006854,-2057.019845251245,13002.682266843798,10530.305011933007,2472.3772549107907,0.08153456255578444
46625,0.13868197539177277,-1985.1888193535697,13029.757886512529,10571.171425648945,2458.586460863584,0.08125692773566923
46630,0.13869684745347696,-1918.0145696721802,13055.961722538299,10613.274353640487,2442.687368897812,0.08097067486436814
46635,0.1387117195151812,-1856.1588638549701,13081.801626156055,10655.58313770311,2426.218488452945,0.080675982117792
46640,0.1387265915768854,-1800.3482231144444,13107.849334882636,10697.051843933592,2410.797490949044,0.08037301027244793
46645,0.1387414636385896,-1751.330199715224,13134.709374963173,10736.662178606173,2398.047196357,0.0800618984900876
46650,0.13875633570029383,-1709.8147406800908,13162.98287067089,10773.463733618268,2389.5191370526227,0.07974276302410442
46655,0.13877120776199803,-1676.403997134198,13193.228780954405,10806.609939479898,2386.6188414745066,0.07941569922480284
46660,0.13878607982370225,-1651.5159345164238,13225.925638275112,10835.388486733125,2390.5371515419865,0.07908078681975811
46665,0.13880095188540645,-1635.309050261967,13261.437119548953,10859.245317785031,2402.191801763922,0.07873809804051546
46670,0.13881582394711067,-1627.6170307351495,13299.984670154401,10877.801576263511,2422.1830938908897,0.07838770781262941
46675,0.13883069600881487,-1627.9028277658244,13341.629908192312,10890.863150557627,2450.766757634685,0.07802970496780547
46680,0.1388455680705191,-1635.2409953666274,13386.26868899893,10898.42269719709,2487.8459918018416,0.07766420330677114
46685,0.1388604401322233,-1648.3349598707964,13433.637593633372,10900.654304257014,2532.983289376358,0.07729135135598666
46690,0.1388753121939275,-1665.572253234046,13483.332349229813,10897.90125649151,2585.431092738303,0.07691133981848634
46695,0.13889018425563174,-1685.1160196158244,13534.836451906063,10890.657667523197,2644.178784382866,0.07652440599588584
46700,0.13890505631733593,-1705.0260234406414,13587.557208480664,10879.54500968725,2708.0121987934144,0.07632828678694391
46705,0.13891992837904016,-1723.3978342532691,13640.865685939474,10865.284760473101,2775.5809254663727,0.07633321211817139
46710,0.13893480044074435,-1738.5057063398626,13694.136757683324,10848.668474229426,2845.468283453898,0.07633945479929391
46715,0.13894967250244858,-1748.9335364804638,13746.785601200609,10830.52658097486,2916.259020225749,0.07634695998506816
46720,0.13896454456415278,-1753.679402027682,13798.297601450387,10811.697133563095,2986.6004678872923,0.07635680284042214
46725,0.138979416625857,-1752.222336206476,13848.249552031484,10792.995603296946,3055.2539487345384,0.07637419665459651
46730,0.1389942886875612,-1744.544589234004,13896.321179639252,10775.186693032381,3121.1344866068703,0.07639234836996275
46735,0.13900916074926542,-1731.107835922705,13942.297183028537,10758.95901301355,3183.3381700149876,0.07641120401625208
46740,0.13902403281096962,-1712.786791475476,13986.061019486062,10744.903346756497,3241.157672729565,0.07643075066358859
46745,0.13903890487267384,-1690.7678229950725,14027.582464409788,10733.495104414607,3294.087359995181,0.07647580892027618
46750,0.13905377693437806,-1666.4230079105737,14066.901433982555,10725.081394705308,3341.820039277247,0.07651970486250953
46755,0.13906864899608226,-1641.171600904012,14104.110669951802,10719.872926745944,3384.2377432058584,0.0766258602436837
46760,0.13908352105778649,-1616.3411686488162,14139.33966106047,10717.940685385653,3421.398975674818,0.07673775762143778
46765,0.13909839311949068,-1593.0399975136515,14172.741679318246,10719.217043273822,3453.5246360444235,0.07682097883051463
46770,0.1391132651811949,-1572.0510360064773,14204.485129612804,10723.50074135031,3480.9843882624937,0.0769350829497381
46775,0.1391281372428991,-1553.7557793731548,14234.74964900765,10730.465055600322,3504.2845934073284,0.07705153571926483
46780,0.13914300930460333,-1538.0942042563383,14263.726645974102,10739.668520193849,3524.0581257802532,0.07713467182569264
46785,0.13915788136630752,-1524.5641049585702,14291.623323536645,10750.567796743906,3541.0555267927393,0.07719543940892894
46790,0.13917275342801175,-1512.2599650545026,14318.668744311994,10762.5326071018,3556.136137210193,0.07731641130720687
46795,0.13918762548971594,-1499.9479228840846,14345.120204238228,10774.862972933905,3570.257231304324,0.07740397744599635
46800,0.13920249755142017,-1486.1697407439433,14371.268096577467,10786.809200180913,3584.4588963965543,0.07745500717940683
46805,0.1392173696131244,-1469.3654343130693,14397.437563118929,10797.595005789215,3599.8425573297136,0.07753413179896082
46810,0.1392322416748286,-1448.0019311346623,14423.985530041864,10806.44386647355,3617.541663568314,0.07763049597166673
46815,0.1392471137365328,-1420.6943235682666,14451.29219008551,10812.60811611801,3638.684073967501,0.07769073525475292
46820,0.139261985798237,-1386.307260084006,14479.746591695499,10815.399646315256,3664.3469453802427,0.07771210390828914
46825,0.13927685785994123,-1344.0267310258641,14509.726688463077,10814.220434045435,3695.5062544176417,0.07781529469401742
46830,0.13929172992164543,-1293.396537646524,14541.574929959257,10808.590692171594,3732.984237787663,0.07788944157747052
46835,0.13930660198334965,-1234.3183947765901,14575.571161085287,10798.172330580004,3777.3988305052826,0.07792552210450347
46840,0.13932147404505385,-1167.0191104500518,14611.905152841637,10782.785675179173,3829.1194776624634,0.078015857015799
46845,0.13933634610675807,-1091.9918956871752,14650.651426066512,10762.41798467695,3888.2334413895624,0.07811280116058217
46850,0.13935121816846227,-1009.9211074644281,14691.749083829483,10737.223126450053,3954.52595737943,0.07817716784751155
46855,0.1393660902301665,-921.6004557158012,14734.989105576293,10707.512673571431,4027.4764320048616,0.07827732880216633
46860,0.13938096229187072,-827.8540541224666,14780.01099007343,10673.73950477309,4106.27148530034,0.0783874774653471
46865,0.13939583435357492,-729.4680299881329,14826.309824192009,10636.475591631057,4189.834232560952,0.07846496559714304
46870,0.13941070641527914,-627.1381916289283,14873.253898132716,10596.385958874791,4276.867939257925,0.07850729678992321
46875,0.13942557847698334,-521.4369125267694,14920.11200490957,10554.200789248047,4365.911215661523,0.0786347959450613
46880,0.13944045053868756,-412.8002406884334,14966.0886759996,10510.687366193584,4455.401309806015,0.07872964301951009
46885,0.13945532260039176,-301.5344419030098,15010.364922534947,10466.62310798468,4543.741814550267,0.07878917386230044
46890,0.13947019466209598,-187.83977767638316,15052.141645282642,10422.770467926743,4629.371177355899,0.07885876217319818
46895,0.13948506672380018,-71.84827396033688,15090.682775608348,10379.85406581514,4710.828709793208,0.07897464745095516
46900,0.1394999387855044,46.32849082332905,15125.355394769254,10338.540145869572,4786.815248899682,0.0790550771731251
46905,0.1395148108472086,166.54599839384719,15155.664489814088,10299.418345173106,4856.246144640982,0.07909778738398184
46910,0.13952968290891282,288.5724186671396,15181.28055224075,10262.985777714695,4918.294774526055,0.07920137951065903
46915,0.13954455497061705,412.03783381986796,15202.05881299947,10229.633537212458,4972.425275787013,0.07930553860420769
46920,0.13955942703232124,536.3914069998646,15218.049449125028,10199.635834785859,5018.41361433917,0.07938455904417491
46925,0.13957429909402547,660.8704503556783,15229.498538632522,10173.14206523736,5056.3564733951625,0.07953020261101164
46930,0.13958917115572966,784.4848147360408,15236.839868221925,10150.172111576829,5086.667756645096,0.07964405557849312
46935,0.1396040432174339,906.0193462733587,15240.677940747124,10130.61514957579,5110.0627911713345,0.07972405862686846
46940,0.13961891527913808,1024.056288913809,15241.76274319684,10114.232119197404,5127.530623999435,0.07985755414976056
46945,0.1396337873408423,1137.0183906715174,15240.957084572387,10100.661912837662,5140.295171734724,0.0799856385615195
46950,0.1396486594025465,1243.2320477966568,15239.197641046387,10089.431215467788,5149.7664255785985,0.08007904097770639
46955,0.13966353146425073,1341.0081171326583,15237.451257842446,10079.967835752395,5157.48342209005,0.0801521433550273
46960,0.13967840352595493,1428.7361671907674,15236.66850978874,10071.617296993327,5165.051212795413,0.08029495377060829
46965,0.13969327558765915,1504.986146762567,15237.736932021846,10063.662409580793,5174.074522441053,0.08040242885203396
46970,0.13970814764936337,1568.6100004186483,15241.436598251428,10055.34551135522,5186.091086896207,0.0804731531851126
46975,0.13972301971106757,1618.8349091824912,15248.400758820024,10045.893021629297,5202.507737190726,0.08056353200033532
46980,0.1397378917727718,1655.3397605359496,15259.08400718213,10034.541888953812,5224.542118228317,0.08068524248038449
46985,0.139752763834476,1678.307230100183,15273.739929454026,10020.567405604574,5253.172523849453,0.08076987622359035
46990,0.13976763589618021,1688.4454662056505,15292.40947025652,10003.31170650751,5289.0977637490105,0.08081676168462013
46995,0.1397825079578844,1686.9757035538933,15314.920421500743,9982.212075039031,5332.708346461712,0.08091721442804116
47000,0.13979738001958864,1675.5850071661043,15340.897626588156,9956.827967213143,5384.069659375013,0.08101655024025411
47005,0.13981225208129283,1656.3464852939069,15369.782797380609,9926.86547626098,5442.9173211196285,0.08110299141118432
47010,0.13982712414299706,1631.612346944974,15400.862339507765,9892.19783291805,5508.6645065897155,0.08123044436309218
47015,0.13984199620470125,1603.8877168873205,15433.30130285863,9852.880508806098,5580.420794052532,0.0813270505958769
47020,0.13985686826640548,1575.6948168175768,15466.181502131612,9809.159583327997,5657.021918803615,0.08139237531078626
47025,0.1398717403281097,1549.4377912697873,15498.541934403594,9761.472253376283,5737.069681027311,0.08150211193426996
47030,0.1398866123898139,1527.2781224397186,15529.419785073029,9710.438699809625,5818.981085263404,0.0816095411720698
47035,0.13990148445151812,1511.0294327919564,15557.890490281143,9656.844956057324,5901.045534223818,0.08168620239503029
47040,0.13991635651322232,1502.0787779254842,15583.105463780093,9601.616930456026,5981.488533324067,0.0817321613668068
47045,0.13993122857492654,1501.3395002502948,15604.326182501001,9545.786292236291,6058.53989026471,0.08184111028770374
47050,0.13994610063663074,1509.2384579902564,15620.953375367635,9490.449514427795,6130.50386093984,0.08193304762872052
47055,0.13996097269833496,1525.737995915506,15632.550118149009,9436.721936738597,6195.828181410412,0.08199494730892422
47060,0.13997584476003916,1550.3904154248848,15638.857757784002,9385.689211641204,6253.168546142799,0.08202728183136596
47065,0.13999071682174338,1582.4200448208248,15639.803819446413,9338.358855322836,6301.444964123577,0.0821382342748894
47070,0.14000558888344758,1620.8255343469846,15635.501411768586,9295.614765181725,6339.886646586861,0.08222027145979817
47075,0.1400204609451518,1664.493016689833,15626.240129498294,9258.17742767099,6368.062701827304,0.08227324365851336
47080,0.14003533300685603,1712.309598270559,15612.469013397877,9226.57210708686,6385.896906311016,0.08234358888028773
47085,0.14005020506856022,1763.2665089847678,15594.772691932174,9201.106620577557,6393.666071354617,0.08243308041229667
47090,0.14006507713026445,1816.5422192542273,15573.842313480603,9181.85947286092,6391.982840619683,0.08250571363909297
47095,0.14007994919196864,1871.5578551330118,15550.443202328663,9168.67829400481,6381.764908323852,0.08263650437387597
47100,0.14009482125367287,1928.000098991578,15525.38128183636,9161.187846291587,6364.193435544774,0.0827429079949889
47105,0.14010969331537707,1985.8101730544804,15499.470187053847,9158.806450405325,6340.663736648521,0.08282476755681346
47110,0.1401245653770813,2045.1411445848216,15473.500663209317,9160.769558461221,6312.731104748096,0.08289730788093644
47115,0.14013943743878549,2106.2893169824,15448.213381345156,9166.159316809082,6282.054064536074,0.08302222558970423
47120,0.1401543095004897,2169.608503415163,15424.275787522169,9173.939194675679,6250.33659284649,0.08312230583906978
47125,0.1401691815621939,2235.4181242533878,15402.263131027508,9182.99296195303,6219.270169074478,0.08319760129147019
47130,0.14018405362389813,2303.916963393707,15382.643465908168,9192.167361143418,6190.47610476475,0.08326720261548474
47135,0.14019892568560235,2375.113814511382,15365.766231664205,9200.317672944695,6165.44855871951,0.08338587158880507
47140,0.14021379774730655,2448.7841048915134,15351.853995915497,9206.355030776549,6145.498965138948,0.08347926349943995
47145,0.14022866980901078,2524.4581184456,15340.99705175009,9209.2938654591,6131.70318629099,0.0835476428847476
47150,0.14024354187071497,2601.4421127215646,15333.15075022422,9208.297363875166,6124.853386349054,0.08360879071596622
47155,0.1402584139324192,2678.8690707234637,15328.135653292316,9202.7184226594,6125.4172306329165,0.08372050693073976
47160,0.1402732859941234,2755.7717409298566,15325.640762862788,9192.133377046945,6133.507385815843,0.08380676629320817
47165,0.14028815805582762,2831.167638981974,15325.230184422138,9176.365865652611,6148.864318769527,0.08386801231101138
47170,0.1403030301175318,2904.144295435003,15326.353605059134,9155.498594431156,6170.855010627978,0.08395265399396049
47175,0.14031790217923604,2973.933475210506,15328.360906417116,9129.871479696238,6198.489426720878,0.0840374521622581
47180,0.14033277424094023,3039.965297145356,15330.521100675154,9100.065620851043,6230.4554798241115,0.08414160141538181
47185,0.14034764630264446,3101.8967507235984,15332.045580329936,9066.873669752771,6265.171910577164,0.08426245600803486
47190,0.14036251836434868,3159.613369627041,15332.11541703352,9031.258282782388,6300.857134251131,0.08436008674315137
47195,0.14037739042605288,3213.2069587913093,15329.912138698504,8994.301313595395,6335.610825103109,0.08443423310931455
47200,0.1403922624877571,3262.9355007225377,15324.651071055858,8957.147103844729,6367.503967211129,0.08452669283783024
47205,0.1404071345494613,3309.1731245064693,15315.61597411059,8920.94358297295,6394.672391137639,0.08463803990651107
47210,0.14042200661116552,3352.358094075539,15302.193372478745,8886.784888753406,6415.4084837253395,0.08472520776815579
47215,0.14043687867286972,3392.9453324834694,15283.904718528629,8855.658916988059,6428.24580154057,0.08478800047304007
47220,0.14045175073457394,3431.3675425022166,15260.434388787464,8828.402683951514,6432.03170483595,0.08487094754658625
47225,0.14046662279627814,3468.0061948209604,15231.651540112854,8805.667723273717,6425.983816839138,0.08497207826580612
47230,0.14048149485798236,3503.1712312547397,15197.624067616107,8787.897003655944,6409.727063960163,0.08504826795874378
47235,0.14049636691968656,3537.0868163713994,15158.62330966455,8775.314080317032,6383.309229347518,0.08509951411533304
47240,0.14051123898139078,3569.8801366605767,15115.118705614097,8767.924398581628,6347.194307032469,0.08517525635336962
47245,0.140526111043095,3601.571039150027,15067.762272465256,8765.527872533878,6302.234399931378,0.08526666974733617
47250,0.1405409831047992,3632.0618787055428,15017.36345510058,8767.74110826349,6249.62234683709,0.08533301999710625
47255,0.14055585516650343,3661.128774625079,14964.855547120955,8774.027003612824,6190.828543508131,0.0853744864647307
47260,0.14057072722820763,3688.416987434972,14911.25541379618,8783.72902702826,6127.5263867679205,0.08544624398178477
47265,0.14058559928991185,3713.443845501897,14857.618635697716,8796.107339708145,6061.5112959895705,0.08553072247849125
47270,0.14060047135161605,3735.612332652541,14804.992417021991,8810.374117253972,5994.618299768019,0.08559035522755877
47275,0.14061534341332027,3754.2371342468196,14754.368674039193,8825.725922942918,5928.642751096275,0.08562523661707433
47280,0.14063021547502447,3768.582941950569,14706.639656965375,8841.371692370714,5865.267964594661,0.08569683639769037
47285,0.1406450875367287,3777.912624291005,14662.558286098416,8856.555674548152,5806.002611550264,0.08577725278740875
47290,0.1406599595984329,3781.5409981019466,14622.705118437174,8870.575399072664,5752.12971936451,0.08587513814974333
47295,0.1406748316601371,3778.888784005794,14587.46351436174,8882.7952949639,5704.6682193978395,0.08595454865768865
47300,0.14068970372184134,3769.531085890817,14557.004150721128,8892.656916571646,5664.347234149482,0.08600983170519375
47305,0.14070457578354553,3753.2353685693543,14531.27953452462,8899.686829127695,5631.592705396924,0.08610290704800101
47310,0.14071944784524976,3729.985232334916,14510.028628499918,8903.503102157196,5606.5255263427225,0.08619854719035268
47315,0.14073431990695395,3699.9880424362773,14492.791139456596,8903.82110453957,5588.970034917027,0.08626854754053447
47320,0.14074919196865818,3663.666404761705,14478.930489971584,8900.458948226742,5578.471541744842,0.08631198112949479
47325,0.14076406403036237,3621.6353339503903,14467.664046697328,8893.342545288635,5574.321501408693,0.08640319665604762
47330,0.1407789360920666,3574.6684827162217,14458.098861652172,8882.509878304005,5575.588983348167,0.0864858567036983
47335,0.1407938081537708,3523.6577396488674,14449.27102443767,8868.11378592031,5581.15723851736,0.08654035680223428
47340,0.14080868021547502,3469.5706591490407,14440.186724996103,8850.422374960617,5589.764350035486,0.08656591916573671
47345,0.14082355227717924,3413.4095022862775,14429.863261744962,8829.816117224362,5600.0471445206,0.08665318644920657
47350,0.14083842433888344,3356.174294990624,14417.36845082649,8806.780785452966,5610.587665373525,0.08671791826546905
47355,0.14085329640058766,3298.8306214644035,14401.857141507802,8781.895621924536,5619.961519583267,0.08675273729970713
47360,0.14086816846229186,3242.2813686493537,14382.603768615927,8755.816490148218,5626.787278467709,0.08676647173359361
47365,0.14088304052399608,3187.340796509071,14359.03004207348,8729.254198056167,5629.775844017313,0.08684230075983809
47370,0.14089791258570028,3134.709410615228,14330.726980493024,8702.94865617707,5627.778324315954,0.08688776254652522
47375,0.1409127846474045,3084.9491386101126,14297.47056321633,8677.63999937286,5619.83056384347,0.08690232917982238
47380,0.1409276567091087,3038.459937098005,14259.230346906828,8654.038205844136,5605.192141062693,0.08691616755850665
47385,0.14094252877081292,2995.460649778982,14216.17051889475,8632.79303893436,5583.377479960391,0.0869745709562903
47390,0.14095740083251712,2955.978125873722,14168.643078336403,8614.466262585684,5554.1768157507195,0.0870017156590325
47395,0.14097227289422135,2919.8488399971357,14117.173160233455,8599.507996733857,5517.665163499598,0.086997116796375
47400,0.14098714495592557,2886.7363294908837,14062.436926370458,8588.238766310367,5474.19816006009,0.08701807076684864
47405,0.14100201701762977,2856.165776912677,14005.232893527556,8580.838279190055,5424.3946143375015,0.08705988662202639
47410,0.141016889079334,2827.5743708194004,13946.447991026042,8577.341314698024,5369.106676328018,0.08710697191966768
47415,0.1410317611410382,2800.3732027615524,13887.019977799677,8577.640425804288,5309.379551995389,0.08713071691025276
47420,0.1410466332027424,2774.01398063929,13827.898061877306,8581.494582054735,5246.403479822571,0.08712450157658154
47425,0.1410615052644466,2748.0522744602704,13770.00363477623,8588.542514993356,5181.461119782874,0.08718086294117869
47430,0.14107637732615083,2722.198722968692,13714.192965255796,8598.319429452806,5115.87353580299,0.08721552407566002
47435,0.14109124938785503,2696.350762785395,13661.223513111381,8610.27589718782,5050.947615923562,0.0872195466601524
47440,0.14110612144955925,2670.5998848522095,13611.725254086647,8623.798072261829,4987.927181824818,0.08721325352818063
47445,0.14112099351126345,2645.212812554696,13566.17808231982,8638.228740073357,4927.949342246464,0.08725942663465461
47450,0.14113586557296767,2620.588766107964,13524.896004941551,8652.889014314716,4872.0069906268345,0.08727439762451461
47455,0.1411507376346719,2597.198467726348,13488.018488530142,8667.100644308868,4820.917844221274,0.08725763707059069
47460,0.1411656096963761,2575.513140432722,13455.50898010842,8680.208858393637,4775.300121714783,0.08726176961406774
47465,0.14118048175808032,2555.933038725664,13427.160324432223,8691.605468641126,4735.554855791097,0.08728825575953601
47470,0.1411953538197845,2538.7248767104156,13402.60654927384,8700.75165642274,4701.854892851099,0.08728248347497805
47475,0.14121022588148874,2523.9760205069597,13381.34030017352,8707.199523164143,4674.140777009377,0.08724412794854294
47480,0.14122509794319293,2511.570822900042,13362.735076550565,8710.611204020955,4652.12387252961,0.08725919876330912
47485,0.14123997000489716,2501.191437496438,13346.071343726284,8710.774173112844,4635.297170613439,0.08726466080977872
47490,0.14125484206660135,2492.342312818775,13330.565554808749,8707.611369774497,4622.954185034252,0.0872368554240303
47495,0.14126971412830558,2484.39475614412,13315.401094521198,8701.184974592838,4614.21611992836,0.0871844824545369
47500,0.14128458619000978,2476.6458268883316,13299.760139688029,8691.693059722713,4608.067079965316,0.08720120505463846
47505,0.141299458251714,2468.3846168557757,13282.855412724626,8679.458892861985,4603.396519862641,0.08718400239676079
47510,0.14131433031341822,2458.9587874539466,13263.960789774517,8664.913317729937,4599.04747204458,0.08713270772505646
47515,0.14132920237512242,2447.8349597465076,13242.439726399682,8648.57127248783,4593.868453911851,0.08709008190113082
47520,0.14134407443682664,2434.6479172349054,13217.770495074135,8631.004043697336,4586.7664513767995,0.08708406849372548
47525,0.14135894649853084,2419.235216433599,13189.567300187375,8612.809208164952,4576.758092022423,0.0870435596264819
47530,0.14137381856023506,2401.6553593885137,13157.596449817986,8594.580346962537,4563.0161028554485,0.08696882448381621
47535,0.14138869062193926,2382.1889378350743,13121.78691325332,8576.878529410296,4544.908383843023,0.08693849915879458
47540,0.14140356268364349,2361.3230487490746,13082.234768446486,8560.207303779107,4522.027464667379,0.08691068640007288
47545,0.14141843474534768,2339.719892721885,13039.201234291386,8544.992560865132,4494.208673426254,0.08686126121347162
47550,0.1414333068070519,2318.1709724126476,12993.104183777757,8531.568219134804,4461.535964642953,0.08681184363464088
47555,0.1414481788687561,2297.5388890406093,12944.503247948069,8520.168257817879,4424.33499013019,0.08673883298602084
47560,0.14146305093046033,2278.6895119406463,12894.078854824726,8510.925211424588,4383.153643400137,0.08672067539524499
47565,0.14147792299216455,2262.418289908015,12842.60580971123,8503.874829176482,4338.730980534749,0.08668397074750633
47570,0.14149279505386875,2249.3755871849207,12790.922313549272,8498.96618502989,4291.956128519381,0.08661820758451005
47575,0.14150766711557297,2239.9969587194882,12739.895620101735,8496.07610242176,4243.8195176799745,0.08654320541402451
47580,0.14152253917727717,2234.4449561984857,12690.385819242032,8495.026364553476,4195.359454688556,0.08652299809948885
47585,0.1415374112389814,2232.5690915944215,12643.209458468044,8495.601876928244,4147.6075815398,0.08647465204951826
47590,0.1415522833006856,2233.8897555365147,12599.104831196142,8497.567811477982,4101.53701971816,0.08639872909847619
47595,0.1415671553623898,2237.6101050070156,12558.700732994925,8500.6838614409,4058.016871554024,0.08633559852232005
47600,0.141582027424094,2242.657299059236,12522.490303353508,8504.714109752882,4017.7761936006264,0.08630792881016734
47605,0.14159689948579823,2247.751267727678,12490.811246799345,8509.431642532596,3981.379604266749,0.08625319192693698
47610,0.14161177154750243,2251.495892244863,12463.833304211812,8514.617843111797,3949.215461100015,0.08617194762811337
47615,0.14162664360920665,2252.4845547304903,12441.55337817116,8520.057151359071,3921.496226812089,0.08612039203806768
47620,0.14164151567091088,2249.4099326219066,12423.798260637355,8525.528817245899,3898.2694433914567,0.08608801477978437
47625,0.14165638773261507,2241.1669805568827,12410.234510907321,8530.797681387916,3879.4368295194054,0.08602881157798123
47630,0.1416712597943193,2226.9383995766257,12400.384712150772,8535.606190495062,3864.7785216557095,0.08594328747138898
47635,0.1416861318560235,2206.253516489638,12393.649103324628,8539.66967964991,3853.9794236747166,0.08589786905211892
47640,0.14170100391772772,2179.014230498051,12389.33143450727,8542.676469050653,3846.654965456617,0.08585941308370065
47645,0.14171587597943192,2145.485267140244,12386.667816209747,8544.293623478141,3842.374192731606,0.08579376206628314
47650,0.14173074804113614,2106.2500419606313,12384.857315118514,8544.17842719838,3840.678887920134,0.0857015468727628
47655,0.14174562010284034,2062.137497893098,12383.093079580945,8541.994855101042,3841.0982244799034,0.08565319626945579
47660,0.14176049216454456,2014.1287802006218,12380.592848958295,8537.433673798962,3843.1591751593332,0.08560546880874328
47665,0.14177536422624876,1963.2549915968411,12376.627802225836,8530.23435553671,3846.393446689126,0.0855305323229129
47670,0.14179023628795298,1910.498099306833,12370.548822780218,8520.20677036148,3850.3420524187386,0.08542934777191133
47675,0.1418051083496572,1856.7061706735776,12361.809388346317,8507.250641813253,3854.5587465330646,0.08537016994891113
47680,0.1418199804113614,1802.5316464479938,12349.984429595235,8491.370981761052,3858.613447834183,0.08531211241704768
47685,0.14183485247306563,1748.39777962261,12334.784634452548,8472.688110269875,3862.0965241826725,0.08522788650404178
47690,0.14184972453476982,1694.494337400828,12316.065806319593,8451.44135175118,3864.624454568413,0.08511879579398608
47695,0.14186459659647405,1640.799900585008,12293.833014861148,8427.986013410753,3865.8470014503946,0.08504543348008509
47700,0.14187946865817824,1587.1252043831955,12268.239409732103,8402.783742371379,3865.455667360724,0.08497976679274649
47705,0.14189434071988247,1533.1703143737295,12239.579703325822,8376.38678952909,3863.1929137967327,0.08488988158353489
47710,0.14190921278158666,1478.5880853838553,12208.278471269745,8349.417065571864,3858.8614056978804,0.0847772489575274
47715,0.1419240848432909,1423.0470886439207,12174.873572072374,8322.541152431617,3852.3324196407575,0.08469015885398352
47720,0.14193895690499508,1366.2885999941063,12139.995151072279,8296.44262685412,3843.5525242181593,0.08462167562011165
47725,0.1419538289666993,1308.173851846832,12104.340866025825,8271.79315222084,3832.5477138049846,0.08453110606817572
47730,0.14196870102840353,1248.719176432177,12068.648144945935,8249.223789786764,3819.4243551591717,0.08441986647058455
47735,0.14198357309010773,1188.1176912825476,12033.664449930295,8229.297870304667,3804.366579625628,0.08431997415803762
47740,0.14199844515181195,1126.746776052647,12000.116661185619,8212.486571092832,3787.630090092787,0.08425235284606845
47745,0.14201331721351615,1065.160898154888,11968.680801346018,8199.148103869451,3769.5326974765667,0.08416427499532603
47750,0.14202818927522037,1004.0695897645337,11939.953381188941,8189.511188940927,3750.442192248014,0.0840569750373068
47755,0.14204306133692457,944.3008045734459,11914.425654500264,8183.6633169277275,3730.762337572537,0.08394292236484664
47760,0.1420579333986288,886.7506798288696,11892.462013086008,8181.544196384895,3710.9178167011123,0.08387657791966377
47765,0.142072805460333,832.3219724978744,11874.283624960515,8182.944732357772,3691.338892602743,0.08379072694712783
47770,0.14208767752203721,781.8550414341353,11859.958215665976,8187.511825553452,3672.4463901125246,0.08368646540202432
47775,0.1421025495837414,736.0569474394297,11849.396618068178,8194.759166630993,3654.6374514371855,0.08356509716443654
47780,0.14211742164544564,695.4356421226948,11842.356383489836,8204.083987745758,3638.2723957440776,0.08348664719780584
47785,0.14213229370714986,660.246877626183,11838.452380310275,8214.789423237073,3623.662957073202,0.08340021476488556
47790,0.14214716576885406,630.4610506475892,11837.17393594505,8226.111758435069,3611.0621775099808,0.08329616373504999
47795,0.14216203783055828,605.7555663685253,11837.907736359279,8237.251465922203,3600.6562704370754,0.08317587553057734
47800,0.14217690989226248,585.5356101522975,11839.965411074623,8247.406599246391,3592.558811828232,0.08307330804042637
47805,0.1421917819539667,568.9828222773222,11842.614517760569,8255.806878994252,3586.807638766317,0.08297999944722213
47810,0.1422066540156709,555.1278001104747,11845.111503449303,8261.746691806382,3583.3648116429213,0.08287443523614496
47815,0.14222152607737512,542.9391465174176,11846.735152893025,8264.61524168924,3582.119911203785,0.08275721566397362
47820,0.14223639813907932,531.419429310844,11846.819026524572,8263.922247703133,3582.8967788214395,0.08265493899999093
47825,0.14225127020078354,519.6972910383338,11844.781429268565,8259.317867195537,3585.463562073028,0.08254164219789985
47830,0.14226614226248774,507.1052816176443,11840.151531262425,8250.60592170737,3589.5456095550544,0.08242055470959914
47835,0.14228101432419196,493.2348095207226,11832.590384662726,8237.749979128283,3594.8404055344436,0.08231351820217721
47840,0.1422958863858962,477.9626995274393,11821.9057559654,8220.872347889093,3601.033408076306,0.0822122591737253
47845,0.14231075844760038,461.44771626856436,11808.05993152126,8200.246502167778,3607.813429353482,0.08216668184881461
47850,0.1423256305093046,444.09937457426895,11791.169962461396,8176.283818213867,3614.886144247529,0.08220977942160518
47855,0.1423405025710088,426.52468457146915,11771.500192557342,8149.51571679145,3621.984475765891,0.08224856220683693
47860,0.14235537463271303,409.4606078971665,11749.447345542108,8120.572363937645,3628.8749816044638,0.0822821808279266
47865,0.14237024669441722,393.70068176970653,11725.518911255474,8090.159006398115,3635.3599048573597,0.08230975863488826
47870,0.14238511875612145,380.0236063379689,11700.306025335773,8059.030861683412,3641.275163652361,0.08234679769796707
47875,0.14239999081782564,369.12997014841676,11674.452439254894,8027.967308446762,3646.4851308081315,0.08238979104946316
47880,0.14241486287952987,361.5912156608674,11648.621477533934,7997.745983952812,3650.875493581122,0.08242675620714375
47885,0.14242973494123407,357.8128988477174,11623.463032973126,7969.11732139632,3654.345711576806,0.0824568421177336
47890,0.1424446070029383,358.0126171351094,11599.582629055882,7942.780051303132,3656.80257775275,0.08247924927264326
47895,0.1424594790646425,362.2118395385842,11577.514374446298,7919.35822506637,3658.156149379928,0.08249325082859878
47900,0.1424743511263467,370.2402825164536,11557.699268490736,7899.380358921147,3658.31890956959,0.0825328572507373
47905,0.14248922318805093,381.75131977150977,11540.469835113101,7883.261308794545,3657.2085263185563,0.08256607021265758
47910,0.14250409524975513,396.24699325520305,11526.041528374924,7871.287448545076,3654.7540798298487,0.0825915371292062
47915,0.14251896731145935,413.11126840394627,11514.510832032673,7863.605634173246,3650.905197859427,0.08260871986215781
47920,0.14253383937316355,431.6500336117879,11505.85952270702,7860.216312203123,3645.6432105038966,0.08261715295998823
47925,0.14254871143486778,451.1358619887651,11499.964216812825,7860.971001645334,3638.993215167491,0.08265243807261517
47930,0.14256358349657197,470.8547651591143,11496.610088259877,7865.574275995195,3631.035812264681,0.08268448749864901
47935,0.1425784555582762,490.1512783142416,11495.507522618751,7873.590311402941,3621.9172112158103,0.08270872171133252
47940,0.1425933276199804,508.4675453186446,11496.3104499491,7884.454044244346,3611.8564057047543,0.08272464300285241
47945,0.14260819968168462,525.3719549876796,11498.635156935134,7897.486967931499,3601.148189003635,0.08273396324045804
47950,0.14262307174338884,540.5735299917451,11502.078505931011,7911.9175536437515,3590.1609522872595,0.08277563635251665
47955,0.14263794380509304,553.9197011869401,11506.23467307,7926.906163120192,3579.328509949807,0.08280937069373286
47960,0.14265281586679726,565.377116436398,11510.709748288407,7941.574110960676,3569.1356373277313,0.0828344261100454
47965,0.14266768792850146,574.9973968196427,11515.1338008268,7955.03623238597,3560.0975684408295,0.08285004235369038
47970,0.14268255999020568,582.8718857878021,11519.17028181108,7966.435949879074,3552.734331932007,0.08286921918797802
47975,0.14269743205190988,589.08110102723,11522.522882638095,7974.981457604778,3547.541425033317,0.08291067243545797
47980,0.1427123041136141,593.6455429573434,11524.940165158887,7979.981312829845,3544.958852329042,0.08294199146728598
47985,0.1427271761753183,596.4845838474657,11526.218403924986,7980.877493467516,3545.3409104574703,0.08296221908756342
47990,0.14274204823702252,597.3893123739035,11526.203120385897,7977.273895817102,3548.929224568795,0.08297043605841371
47995,0.14275692029872672,596.0135192570469,11524.78974674507,7968.958338829168,3555.8314079159018,0.08299533450926337
48000,0.14277179236043094,591.8846982338637,11521.92374941659,7955.916426397869,3566.007323018721,0.08302736454971367
48005,0.14278666442213517,584.4343425617981,11517.600394436824,7938.336090651302,3579.2643037855223,0.08304640848723555
48010,0.14280153648383936,573.0443443857439,11511.86417912454,7916.602262923215,3595.261916201326,0.08305161703518424
48015,0.1428164085455436,557.104336146077,11504.80781332328,7891.281830734045,3613.5259825892344,0.08304225319382756
48020,0.14283128060724778,536.0736300644821,11496.570531008869,7863.099750659539,3633.47078034933,0.0830701474307171
48025,0.142846152668952,509.54113813137246,11487.335461742798,7832.9078029017055,3654.427658841092,0.08308391500746641
48030,0.1428610247306562,477.27724880736514,11477.32579520043,7801.647913660814,3675.6778815396156,0.0830826178038446
48035,0.14287589679236043,439.272913478434,11466.799526770636,7770.312192186,3696.4873345846354,0.08306574329141342
48040,0.14289076885406463,395.7628798809319,11456.042668070513,7739.901832445359,3716.140835625154,0.08306119212041403
48045,0.14290564091576885,347.2317975169399,11445.360929402796,7711.386856047109,3733.9740733556864,0.08306874844276144
48050,0.14292051297747305,294.4035462982656,11435.07001595117,7685.6683860596095,3749.4016298915612,0.08306068728951718
48055,0.14293538503917727,238.21542908189076,11425.484810256949,7663.54480336199,3761.940006894959,0.08303672986550759
48060,0.1429502571008815,179.7797589749498,11416.907826750703,7645.682795737394,3771.2250310133086,0.08300321710246499
48065,0.1429651291625857,120.33589907391979,11409.617410957344,7632.593993875224,3777.0234170821195,0.08300616276485104
48070,0.14298000122428992,61.196064214938815,11403.856213545921,7624.617613107787,3779.238600438134,0.08299338454863758
48075,0.1429948732859941,3.6882616167886226,11399.820499854384,7621.909294667588,3777.911205186796,0.08296478110192165
48080,0.14300974534769834,-50.90031766810989,11397.650863428575,7624.436173057393,3773.214690371182,0.08292039565506146
48085,0.14302461740940253,-101.37633457245738,11397.42490002628,7631.978088540303,3765.4468114859774,0.08290555180186614
48090,0.14303948947110676,-146.6869800759896,11399.15236382888,7644.134805180701,3755.017558648179,0.08289076250789104
48095,0.14305436153281095,-185.95801423205285,11402.773262072187,7660.339058516882,3742.4342035553054,0.08286021263207666
48100,0.14306923359451518,-218.5215450880687,11408.159236860223,7679.87520546415,3728.2840313960733,0.08281402302267364
48105,0.14308410565621937,-243.9326872494412,11415.118424850385,7701.903148157987,3713.215276692398,0.08277284602102555
48110,0.1430989777179236,-261.97500291590313,11423.403776087685,7725.487037681587,3697.9167384060984,0.08275794508563265
48115,0.14311384977962782,-272.65527633216334,11432.724563610103,7749.628044493617,3683.096519116486,0.08272710745306089
48120,0.14312872184133202,-276.188609889934,11442.760549554383,7773.3002435288845,3669.4603060254985,0.08268051350368454
48125,0.14314359390303624,-272.97502511077437,11453.178024859746,7795.488443975111,3657.689580884635,0.08261849246828376
48130,0.14315846596474044,-263.56876592192657,11463.646745130824,7815.2266266455745,3648.420118485249,0.08259232972660033
48135,0.14317333802644466,-248.64148047059734,11473.856676602694,7831.635545648121,3642.2211309545737,0.08256202728813716
48140,0.14318821008814886,-228.9405784724513,11483.533462557,7843.957998755439,3639.5754638015605,0.08251587311282943
48145,0.14320308214985308,-205.24445199917318,11492.45162411217,7851.590261405397,3640.8613627067725,0.08245434184888532
48150,0.14321795421155728,-178.3169099857014,11500.444705015965,7854.108211943449,3646.3364930725165,0.0823885327539518
48155,0.1432328262732615,-148.8639497198701,11507.411829971197,7851.286767339164,3656.1250626320334,0.08236052371686867
48160,0.1432476983349657,-117.49658168171209,11513.320435864976,7843.111428625087,3670.2090072398896,0.08231698392349987
48165,0.14326257039666992,-84.70351424412274,11518.205220648872,7829.78103127035,3688.424189378522,0.08225851328595674
48170,0.14327744245837415,-50.83686774007401,11522.1636060705,7811.701215684666,3710.4623903858346,0.08219988860937809
48175,0.14329231452007835,-16.112704158111228,11525.348206156328,7789.468654481949,3735.8795516743794,0.0821418739970463
48180,0.14330718658178257,19.37375179031642,11527.956921046372,7763.846643181959,3764.1102778644135,0.08208949806839973
48185,0.14332205864348677,55.62036667531265,11530.2213342156,7735.733209157465,3794.488125058134,0.08203849915584908
48190,0.143336930705191,92.68172759888057,11532.39409030614,7706.123350745639,3826.2707395605003,0.08199844923485235
48195,0.1433518027668952,130.6291254123189,11534.735890221222,7676.067334263652,3858.66855595757,0.08194800879030753
48200,0.1433666748285994,169.5121293987504,11537.502683776025,7646.6271294663475,3890.8755543096777,0.08188564856809562
48205,0.1433815468903036,209.3264568087452,11540.933588787266,7618.833059962462,3922.1005288248034,0.0818119766863874
48210,0.14339641895200783,249.9916804618133,11545.240029124116,7593.642610670139,3951.5974184539764,0.08177907801136276
48215,0.14341129101371203,291.3407687753588,11550.596558346864,7571.903105195881,3978.6934531509833,0.08173886623032663
48220,0.14342616307541625,333.12176927324253,11557.13380282243,7554.319677404673,4002.814125417758,0.08168699253361537
48225,0.14344103513712048,375.0103731813897,11564.933896237702,7541.429642299517,4023.5042539381857,0.08162411307029421
48230,0.14345590719882467,416.6308515095552,11574.028669066278,7533.5840413162305,4040.4446277500474,0.08155099172198811
48235,0.1434707792605289,457.5820954641258,11584.400697991334,7530.936807609921,4053.463890381413,0.08152100070653269
48240,0.1434856513222331,497.4653003205922,11595.987124273439,7533.441673985149,4062.5454502882903,0.08148177351906334
48245,0.14350052338393732,535.9101577392257,11608.68594204966,7540.856635534761,4067.829306514899,0.08143192868736661
48250,0.1435153954456415,572.5971059116646,11622.364268208337,7552.755490337955,4069.6087778703823,0.081372220930855
48255,0.14353026750734574,607.273999785908,11636.867961644693,7568.54573000569,4068.322231639004,0.08130346008726402
48260,0.14354513956904993,639.7662851685345,11652.031877962301,7587.491856351541,4064.54002161076,0.0812723087945426
48265,0.14356001163075416,669.9802630886325,11667.690030330647,7608.743077606542,4058.9469527241044,0.08123663575560225
48270,0.14357488369245835,697.8993180099405,11683.684971637456,7631.364294681367,4052.3206769560893,0.08119118189874651
48275,0.14358975575416258,723.5731716064493,11699.875804684141,7654.369317162849,4045.506487521292,0.08113661845708596
48280,0.1436046278158668,747.1004687352897,11716.14435197717,7676.755326311912,4039.3890256652576,0.08107364721757022
48285,0.143619499877571,768.6054188353392,11732.399163524013,7697.537693217299,4034.8614703067133,0.08103203090705843
48290,0.14363437193927522,788.2098256938307,11748.577202795313,7715.78432707936,4032.7928757159534,0.080999582515846
48295,0.14364924400097942,806.0025668421586,11764.643223415445,7730.648742810792,4033.9944806046533,0.08095771200300673
48300,0.14366411606268364,822.0092938665239,11780.587027620188,7741.400988084696,4039.1860395354915,0.08090707934690661
48305,0.14367898812438784,836.1656570065061,11796.41897366273,7747.455469512624,4048.963504150106,0.08084839563900584
48310,0.14369386018609207,848.2975580674565,11812.164258620754,7748.394598980785,4063.769659639969,0.08078534677863536
48315,0.14370873224779626,858.1116799195534,11827.85662531712,7743.987092106658,4083.8695332104617,0.0807547561108972
48320,0.14372360430950049,865.1987594770299,11843.532204907371,7734.19974392448,4109.3324609828915,0.08071545173319446
48325,0.14373847637120468,869.0507868629566,11859.224191404388,7719.201628313422,4140.022563090966,0.08066818284666043
48330,0.1437533484329089,869.091665236775,11874.95894190364,7699.359945990922,4175.598995912718,0.08061372110154
48335,0.14376822049461313,864.7191001244255,11890.753911846658,7675.227182768527,4215.52672907813,0.08055283594790978
48340,0.14378309255631733,855.3539078775575,11906.617588943218,7647.519804003866,4259.097784939352,0.08049704600795639
48345,0.14379796461802155,840.4918259535298,11922.551315984238,7617.089338802073,4305.461977182164,0.08046230974961475
48350,0.14381283667972575,819.752471064563,11938.552632450808,7584.887310479533,4353.665321971275,0.0804206360323531
48355,0.14382770874142997,792.9203923258128,11954.619557981694,7551.92595343908,4402.693604542614,0.08037266007798756
48360,0.14384258080313417,759.9741371659038,11970.755119826636,7519.236942008843,4451.518177817793,0.08031897168753045
48365,0.1438574528648384,721.1007070460055,11986.97140955668,7487.830401196596,4499.141008360084,0.08026010327961512
48370,0.1438723249265426,676.6944791423393,12003.292542180383,7458.6562772122425,4544.6362649681405,0.08020789414931227
48375,0.1438871969882468,627.341343952311,12019.756066276477,7432.569766266972,4587.186300009505,0.08017284400694286
48380,0.143902069049951,573.7902284278398,12036.412605814572,7410.302012643993,4626.110593170579,0.08013160443919302
48385,0.14391694111165523,516.9151843318277,12053.323764160165,7392.4367783213565,4660.886985838808,0.08008457183876887
48390,0.14393181317335946,457.67175864615547,12070.558549892745,7379.393330885338,4691.165219007406,0.0800321137294206
48395,0.14394668523506365,397.05144796554396,12088.188761229381,7371.415442726856,4716.773318502525,0.07997456939650587
48400,0.14396155729676788,336.0377536518017,12106.283872392733,7368.566162919877,4737.717709472856,0.07991965454188506
48405,0.14397642935847207,275.566810813375,12124.905996383355,7370.727911755369,4754.178084627986,0.07988214875067075
48410,0.1439913014201763,216.4948727143119,12144.105461439001,7377.607440988299,4766.498020450703,0.07983858237269828
48415,0.1440061734818805,159.57418112554114,12163.91744771843,7388.745277868284,4775.172169850146,0.07978936833051374
48420,0.14402104554358472,105.4379937062904,12184.360003741593,7403.529399647567,4780.830604094026,0.07973645038623334
48425,0.14403591760528892,54.594787623926095,12205.433615308197,7421.213031284231,4784.220584023966,0.07968580634112574
48430,0.14405078966699314,7.430913401341968,12227.122346830247,7440.936577234855,4786.185769595392,0.07962969506295049
48435,0.14406566172869734,-35.779749295850706,12249.396427598032,7461.753738656434,4787.642688941599,0.0795684886788573
48440,0.14408053379040156,-74.86121546955656,12272.216022783454,7482.661786720476,4789.554236062978,0.0795372731502757
48445,0.14409540585210578,-109.71839841803012,12295.535818943003,7502.635738741653,4792.90008020135,0.07961220996009366
48450,0.14411027791380998,-140.32024959624687,12319.30997325238,7520.665826168228,4798.644147084153,0.07954318496177755
48455,0.1441251499755142,-166.6851887124958,12343.496930757217,7535.797196085547,4807.699734671671,0.0797184366721743
48460,0.1441400220372184,-188.87015169835104,12368.063610007031,7547.170319854663,4820.8932901523685,0.07978106038529548
48465,0.14415489409892263,-206.96353163595268,12392.988499052453,7554.060172428551,4838.928326623903,0.07969374484840777
48470,0.14416976616062682,-221.0813206056464,12418.263293255828,7555.911964912727,4862.351328343101,0.07986562205403573
48475,0.14418463822233105,-231.36518441626504,12443.892841467186,7552.371113415908,4891.521728051278,0.07992108376771116
48480,0.14419951028403524,-237.98118141240957,12469.893339177253,7543.305238364547,4926.588100812706,0.07989326487458222
48485,0.14421438234573947,-241.118311434333,12496.288900064807,7528.816317425421,4967.472582639385,0.0800754401397437
48490,0.14422925440744366,-240.98678927685978,12523.106828520324,7509.241648817878,5013.865179702446,0.08021901581613393
48495,0.1442441264691479,-237.81653035750605,12550.372079805846,7485.142986502113,5065.229093303733,0.0802266219826517
48500,0.1442589985308521,-231.85653612099668,12578.101507169522,7457.284028577397,5120.817478592125,0.08039797050175998
48505,0.1442738705925563,-223.3755836940236,12606.298537623932,7426.597297326055,5179.701240297877,0.08052372794571779
48510,0.14428874265426053,-212.66398580051646,12634.948880254167,7394.142250404116,5240.806629850052,0.08050470671008021
48515,0.14430361471596473,-200.03546768287015,12664.017754754657,7361.057113145667,5302.96064160899,0.08066457059375291
48520,0.14431848677766895,-185.82770516804158,12693.448948207471,7328.507344239178,5364.941603968294,0.08077248015784909
48525,0.14433335883937315,-170.39998613770695,12723.165791755177,7297.6337969127235,5425.531994842453,0.08072835307181196
48530,0.14434823090107737,-154.12684649545736,12753.073930746486,7269.50351242494,5483.570418321547,0.08087475914830894
48535,0.14436310296278157,-137.3872945641233,12783.065577986566,7245.065718602853,5537.999859383714,0.0809664723906751
48540,0.1443779750244858,-120.55018643724907,12813.024818416126,7225.115068286144,5587.909750129982,0.08090057049842111
48545,0.14439284708619,-103.9572352241612,12842.833488606017,7210.263519140756,5632.56996946526,0.08103090555047841
48550,0.14440771914789421,-87.90584021028553,12872.37718199881,7200.921604696795,5671.455577302016,0.08110984114024752
48555,0.14442259120959844,-72.63426852415614,12901.551011232326,7197.289241402193,5704.261769830134,0.08102717209372833
48560,0.14443746327130264,-58.31163405424013,12930.264863841463,7199.355703309838,5730.909160531625,0.08113765406555574
48565,0.14445233533300686,-45.034586177487654,12958.447988224734,7206.907997932946,5751.539990291788,0.08120857704826893
48570,0.14446720739471106,-32.83171331142512,12986.05282138551,7219.546596773353,5766.506224612158,0.08115948074218277
48575,0.14448207945641528,-21.67553485616554,13013.058007877937,7236.707300028837,5776.350707849099,0.0813507862642387
48580,0.14449695151811948,-11.5008168241784,13039.470561669401,7257.687927910503,5781.782633758898,0.0814300079826345
48585,0.1445118235798237,-2.2270380381505674,13065.327099271184,7281.678511682669,5783.6485875885155,0.08135957642602132
48590,0.1445266956415279,6.217656251204971,13090.694038760445,7307.793691393971,5782.900347366473,0.08154445340148855
48595,0.14454156770323212,13.873670910099463,13115.66663181227,7335.106104865143,5780.560526947127,0.0816092825419779
48600,0.14455643976493632,20.73056532895498,13140.366689294593,7362.679666438797,5777.687022855796,0.08152050994959247
48605,0.14457131182664054,26.712563282222618,13164.938885743572,7389.601775044691,5775.337110698881,0.08169799116644184
48610,0.14458618388834477,31.66974044343806,13189.545588619647,7415.013645043162,5774.531943576485,0.08175382762969784
48615,0.14460105595004896,35.3750465217272,13214.36025232277,7438.138101077939,5776.2221512448305,0.08165290193156707
48620,0.1446159280117532,37.526917102295556,13239.559535842158,7458.304299281277,5781.255236560881,0.08181956742344568
48625,0.14463080007345738,37.757032017265374,13265.314433315343,7474.96891507426,5790.3455182410835,0.08187114250913287
48630,0.1446456721351616,35.64271328346331,13291.7808332367,7487.733365909063,5804.047467327638,0.08176334069092943
48635,0.1446605441968658,30.723440550265877,13319.09002976298,7496.356623013601,5822.733406749378,0.0819152202068568
48640,0.14467541625857003,22.520918438654917,13347.339785620024,7500.763132267049,5846.576653352976,0.0819664302366917
48645,0.14469028832027422,10.561999094197745,13376.58657986008,7501.045346101803,5875.5412337582775,0.08185609827906624
48650,0.14470516038197845,-5.596485589816439,13406.839656394422,7497.460407023762,5909.379249370661,0.08198896411132556
48655,0.14472003244368264,-26.34227964272759,13438.057414433259,7490.4206560398325,5947.636758393426,0.08204317858229837
48660,0.14473490450538687,-51.98332517066774,13470.146547776905,7480.477886752901,5989.668661024004,0.0819341190565086
48665,0.1447497765670911,-82.7264164757089,13502.964152117636,7468.301622355402,6034.662529762234,0.08206838916839292
48670,0.1447646486287953,-118.66091198644608,13536.322794143556,7454.652121099362,6081.670673044194,0.0821037222985858
48675,0.1447795206904995,-159.74927485328772,13569.998299427003,7440.349252023673,6129.64904740333,0.08208191290812208
48680,0.1447943927522037,-205.82563259446033,13603.739800213532,7426.2387507455105,6177.501049468022,0.08223052360951082
48685,0.14480926481390793,-256.60271204988385,13637.281420445323,7413.157597251438,6224.123823193884,0.08223699257610205
48690,0.14482413687561213,-311.6865439294579,13670.354885545312,7401.900313947459,6268.454571597853,0.08222355710839632
48695,0.14483900893731635,-370.5973875068339,13702.702334775619,7393.18786093469,6309.514473840928,0.08237089737806526
48700,0.14485388099902055,-432.7945391893554,13734.088673199383,7387.640540245965,6346.448132953418,0.08237289253940783
48705,0.14486875306072478,-497.7021781526273,13764.312903496835,7385.755967391969,6378.5569361048665,0.08234602726413554
48710,0.14488362512242897,-564.733258863067,13793.217994704837,7387.892786175574,6405.325208529263,0.08249443498669963
48715,0.1448984971841332,-633.3087370730536,13820.698948669697,7394.260438223766,6426.438510445931,0.08249483850500104
48720,0.14491336924583742,-702.8701114447158,13846.708800688959,7404.914978423537,6441.793822265422,0.08245391394534046
48725,0.14492824130754162,-772.884305760148,13871.262338472954,7419.760659199691,6451.501679273263,0.08260540916745589
48730,0.14494311336924584,-842.8411587284172,13894.43735655899,7438.556787915459,6455.880568643532,0.08260670243376193
48735,0.14495798543095004,-912.2450192885372,13916.373302117769,7460.929190391115,6455.444111726653,0.08255097636137983
48740,0.14497285749265426,-980.602931281077,13937.26723217475,7486.385494747826,6450.881737426925,0.0827069678144197
48745,0.14498772955435846,-1047.41243515096,13957.36710254336,7514.333395945725,6443.033706597635,0.0827109627988011
48750,0.14500260161606268,-1112.1520165749698,13976.96254324865,7544.101085610311,6432.861457638339,0.08263832253705658
48755,0.14501747367776688,-1174.276728693234,13996.37342944209,7574.959136295543,6421.414293146547,0.0827995485942145
48760,0.1450323457394711,-1233.2206675943671,14015.936708055335,7606.143296483868,6409.793411571467,0.08280735229608048
48765,0.1450472178011753,-1288.407015579096,14035.992065112172,7636.877842734142,6399.11422237803,0.08271424689421164
48770,0.14506208986287952,-1339.2654816388404,14056.867098894127,7666.399294377139,6390.467804516988,0.08288089340701733
48775,0.14507696192458375,-1385.2562571503786,14078.862692329498,7693.980369855204,6384.882322474294,0.0828930699418376
48780,0.14509183398628794,-1425.899035362856,14102.239257275474,7718.954013734456,6383.285243541019,0.08277586245158297
48785,0.14510670604799217,-1460.805109944582,14127.204464549937,7740.737140491777,6386.467324058161,0.08294784092297783
48790,0.14512157810969636,-1489.7099894273688,14153.902990768682,7758.853454513206,6395.049536255476,0.08296473774355624
48795,0.1451364501714006,-1512.503370544091,14182.40871857701,7772.954380739706,6409.454337837304,0.0828327211514391
48800,0.14515132223310478,-1529.2528701375304,14212.719728293621,7782.8368640138515,6429.88286427977,0.08299751944583
48805,0.145166194294809,-1540.2178639669455,14244.756318164866,7788.456650849634,6456.299667315232,0.08301967607055133
48810,0.1451810663565132,-1545.8503244057592,14278.362184794023,7789.935710785602,6488.426474008421,0.08292216022463257
48815,0.14519593841821743,-1546.7807432356767,14313.308781007094,7787.562701324941,6525.746079682152,0.08302809935739898
48820,0.14521081047992163,-1543.788931610432,14349.302744016659,7781.78580689191,6567.516937124748,0.08305650180412491
48825,0.14522568254162585,-1537.7614102725383,14385.996155707053,7773.197833497759,6612.7983222092935,0.08298586841209696
48830,0.14524055460333007,-1529.638883905538,14422.999267938765,7762.5140411018165,6660.485226836949,0.08303982729413448
48835,0.14525542666503427,-1520.3586272481825,14459.89521004717,7750.543759294108,6709.351450753063,0.08307582121112757
48840,0.1452702987267385,-1510.7973085571703,14496.256102393405,7738.157279640195,6758.09882275321,0.08302518510867264
48845,0.1452851707884427,-1501.7197784134514,14531.659932636718,7726.249796826839,6805.410135809879,0.08305441177001924
48850,0.14530004285014692,-1493.7386980863266,14565.707508127296,7715.704270252671,6850.003237874625,0.08307986588938615
48855,0.1453149149118511,-1487.2886729415877,14598.038773652537,7707.355031690744,6890.683741961793,0.08304213283105866
48860,0.14532978697355534,-1482.6169389386196,14628.347776332279,7701.953831786958,6926.393944545321,0.08307014923164391
48865,0.14534465903525953,-1479.790815753373,14656.395572712414,7700.139849954301,6956.255722758113,0.08307097525216199
48870,0.14535953109696376,-1478.7203249806334,14682.0204174045,7702.415006398611,6979.6054110058885,0.08303854357224008
48875,0.14537440315866795,-1479.1928313401604,14705.144660612548,7709.125692439968,6996.018968172581,0.08306642381121891
48880,0.14538927522037218,-1480.9155164299045,14725.777922129239,7720.451741478206,7005.326180651033,0.08305064031321267
48885,0.1454041472820764,-1483.561056757484,14744.01630088198,7736.4030779152845,7007.6132229666955,0.08301587492261985
48890,0.1454190193437806,-1486.8120333630086,14760.037609446174,7756.824018498654,7003.213590947519,0.08304451578606553
48895,0.14543389140548482,-1490.4002106766802,14774.0928700124,7781.404707379829,6992.688162632571,0.08301947422441688
48900,0.14544876346718902,-1494.1376892269654,14786.494545544983,7809.698712291262,6976.795833253721,0.0829751328561917
48905,0.14546363552889324,-1497.9378824177038,14797.602181372047,7841.145467754769,6956.456713617278,0.08300535778982773
48910,0.14547850759059744,-1501.8251939804813,14807.806277527963,7875.096076254377,6932.710201273586,0.08297721767939552
48915,0.14549337965230166,-1505.9331715829958,14817.511287321498,7910.840982351344,6906.670304970155,0.08291677692208263
48920,0.14550825171400586,-1510.491823376322,14827.118637389836,7947.638178805051,6879.480458584785,0.08294929966968022
48925,0.14552312377571008,-1515.8057266567375,14837.01059175727,7984.7408133691415,6852.269778388128,0.0829226740833792
48930,0.14553799583741428,-1522.2254756427028,14847.535648330635,8021.4232683055,6826.112380025135,0.08286644513321322
48935,0.1455528678991185,-1530.1157695498696,14858.995980224894,8057.004951359409,6801.9910288654855,0.08287586987748505
48940,0.14556773996082273,-1539.8238576852928,14871.637242053666,8090.87118808722,6780.766053966447,0.08285383845239441
48945,0.14558261202252692,-1551.651998550391,14885.640880820822,8122.490785078141,6763.150095742681,0.08281011175001353
48950,0.14559748408423115,-1565.8370199302426,14901.118946608,8151.430060531159,6749.68888607684,0.0827835446118576
48955,0.14561235614593535,-1582.5390713025663,14918.111304955077,8177.36337505996,6740.747929895117,0.08276808178124377
48960,0.14562722820763957,-1601.8404139321392,14936.585112890776,8200.080359534873,6736.504753355903,0.08273639342422878
48965,0.14564210026934377,-1623.7538074822241,14956.436424037052,8219.490054745858,6736.946369291194,0.08266978297541863
48970,0.145656972331048,-1648.2389179088295,14977.493816503498,8235.622041183447,6741.871775320051,0.08266248621171139
48975,0.1456718443927522,-1675.2243309587157,14999.523968895006,8248.62442276564,6750.899546129365,0.08264217781399555
48980,0.1456867164544564,-1704.6322859736956,15022.239125123144,8258.758362223633,6763.480762899511,0.08253170585434426
48985,0.1457015885161606,-1736.4031540189153,15045.306373922373,8266.388856410751,6778.917517511622,0.08253473655806273
48990,0.14571646057786483,-1770.5169215694095,15068.358617685886,8271.971620268232,6796.386997417654,0.08252524135571275
48995,0.14573133263956906,-1807.00941424526,15091.007019566243,8276.03626711603,6814.970752450214,0.08236736420315104
49000,0.14574620470127325,-1845.9816055838764,15112.854608610047,8279.16633194967,6833.688276660378,0.08238442640079591
49005,0.14576107676297748,-1887.6010267283,15133.51060860018,8281.976992619013,6851.533615981167,0.0823855795142514
49010,0.14577594882468167,-1932.094984420777,15152.604960369788,8285.091550596399,6867.51340977339,0.08224038163234594
49015,0.1457908208863859,-1979.7359921582447,15169.802451849215,8289.117827159122,6880.684624690093,0.08221383252212766
49020,0.1458056929480901,-2030.8205046806888,15184.815869391212,8294.625618592941,6890.19025079827,0.0822258822753302
49025,0.14582056500979432,-2085.6426745185818,15197.417639099342,8302.126243636498,6895.291395462844,0.08209412722579322
49030,0.1458354370714985,-2144.4653441567025,15207.449523901116,8312.055019983061,6895.394503918054,0.08202713603918353
49035,0.14585030913320274,-2207.4907626811964,15214.830055573022,8324.757251595212,6890.07280397781,0.08205028933857389
49040,0.14586518119490693,-2274.833511141822,15219.55948233291,8340.478040324062,6879.081442008848,0.08193249061284504
49045,0.14588005325661116,-2346.4978340976795,15221.722080822232,8359.356003599987,6862.366077222245,0.08182833649090498
49050,0.14589492531831538,-2422.3610715897485,15221.485710528692,8381.42081655629,6840.0648939724015,0.08186223944143108
49055,0.14590979738001958,-2502.1642796224387,15219.098491493232,8406.594402168306,6812.504089324926,0.08175836317545944
49060,0.1459246694417238,-2585.5105389869077,15214.882489543124,8434.695540967095,6780.186948576029,0.08161970846407678
49065,0.145939541503428,-2671.8709633007256,15209.224329492054,8465.447629371456,6743.7767001205975,0.08166334631133589
49070,0.14595441356513222,-2760.598043384238,15202.562751615857,8498.489260504764,6704.073491111092,0.08157273414382982
49075,0.14596928562683642,-2850.945662022945,15195.373289705074,8533.387230011545,6661.986059693529,0.08141817272915917
49080,0.14598415768854064,-2942.094813813239,15188.150468423548,8569.651493210971,6618.498975212577,0.08145375626818191
49085,0.14599902975024484,-3033.183728988879,15181.388161996161,8606.751537030188,6574.636624965973,0.08137509958977013
49090,0.14601390181194907,-3123.340748248451,15175.558982202669,8644.133599046883,6531.425383155785,0.08127189686891134
49095,0.14602877387365326,-3211.7180046979756,15171.0937277845,8681.238180743558,6489.855547040943,0.08123249998300429
49100,0.14604364593535749,-3297.5238323150825,15168.361997925009,8717.517367205683,6450.844630719326,0.08116361455870012
49105,0.1460585179970617,-3380.0518923701748,15167.655037516553,8752.451569309287,6415.203468207266,0.0811094628626148
49110,0.1460733900587659,-3458.705271654786,15169.171751220854,8785.565417249783,6383.606333971071,0.08106841266709264
49115,0.14608826212047013,-3533.0141813867576,15173.008623387574,8816.44261573015,6356.566007657424,0.08093478985875315
49120,0.14610313418217433,-3602.6462850896405,15179.154045577208,8844.739586920974,6334.414458656234,0.08092652826960062
49125,0.14611800624387855,-3667.409066909124,15187.487313447202,8870.197665563865,6317.289647883337,0.08089717857579423
49130,0.14613287830558275,-3727.2440439300935,15197.782330001057,8892.653488620745,6305.128841380312,0.08074146816899697
49135,0.14614775036728697,-3782.2130887592793,15209.715849262451,8912.04707862351,6297.668770638942,0.0807180584961369
49140,0.14616262242899117,-3832.4776965279943,15222.879909463065,8928.427001423137,6294.452908039928,0.08069606200773469
49145,0.1461774944906954,-3878.272661705354,15236.797930170225,8941.951926839502,6294.846003330724,0.08054977795395164
49150,0.1461923665523996,-3919.876206786763,15250.943779606085,8952.887968225552,6298.055811380533,0.08047967076055836
49155,0.1462072386141038,-3957.5789862912934,15264.76296224846,8961.601348203734,6303.161614044726,0.08046090001323118
49160,0.14622211067580804,-3991.6544866574895,15277.694948910668,8968.54624050669,6309.148708403978,0.08032037030993049
49165,0.14623698273751223,-4022.333166300743,15289.195594858147,8974.248050347334,6314.947544510813,0.0802090542788883
49170,0.14625185479921646,-4049.7823336606634,15298.758587973087,8979.282858093533,6319.475729879554,0.08019028723029974
49175,0.14626672686092065,-4074.09337462471,15305.934949943492,8984.254172257712,6321.68077768578,0.08005266293450125
49180,0.14628159892262488,-4095.27758346247,15310.349773458594,8989.768421896515,6320.581351562079,0.07994626223600086
49185,0.14629647098432907,-4113.27147738796,15311.715594109315,8996.410699244681,6315.304894864634,0.07988594937462876
49190,0.1463113430460333,-4127.951944033073,15309.842031601898,9004.722130716153,6305.119900885746,0.07974945715039873
49195,0.1463262151077375,-4139.160746993288,15304.64155338767,9015.179957434746,6289.461595952924,0.07969899093632433
49200,0.14634108716944172,-4146.736781183663,15296.131386242345,9028.18103287868,6267.950353363665,0.07963392034819045
49205,0.14635595923114592,-4150.553189621833,15284.431715306804,9044.029087627809,6240.4026276789955,0.07945828213455594
49210,0.14637083129285014,-4150.555325538087,15269.76037167204,9062.925836541435,6206.834535130605,0.07942109426942036
49215,0.14638570335455436,-4146.794888005965,15252.424238945061,9084.965838120255,6167.458400824806,0.07935939743278372
49220,0.14640057541625856,-4139.4556014611335,15232.807633036728,9110.134946962738,6122.672686073989,0.07918862552128347
49225,0.14641544747796278,-4128.866616273739,15211.357951972917,9138.31219228305,6073.045759689867,0.07911477830262158
49230,0.14643031953966698,-4115.501278896943,15188.568968669588,9169.274928079418,6019.29404059017,0.07905457959754224
49235,0.1464451916013712,-4099.9608101456215,15164.962250966057,9202.707101957918,5962.255149008139,0.07888669408796085
49240,0.1464600636630754,-4082.944400815959,15141.067327828823,9238.210461830793,5902.85686599803,0.07877987569867229
49245,0.14647493572477963,-4065.2089388633012,15117.401355918228,9275.318457087464,5842.082898830764,0.0787198679564506
49250,0.14648980778648382,-4047.5227590317663,15094.449148502794,9313.512496856234,5780.93665164656,0.07880951044673468
49255,0.14650467984818805,-4030.61832619919,15072.644481229654,9352.240113021902,5720.404368207752,0.07906491153505778
49260,0.14651955190989224,-4015.1486252254053,15052.353566029573,9390.934455052266,5661.419110977307,0.07928673378195071
49265,0.14653442397159647,-4001.6513132910677,15033.861477453765,9429.034435895494,5604.827041558272,0.0794731370039246
49270,0.1465492960333007,-3990.523533117572,15017.362132815344,9466.004771747863,5551.357361067481,0.07968999927616648
49275,0.1465641680950049,-3982.0088851657,15002.952191580423,9501.355127818893,5501.59706376153,0.07995833473260898
49280,0.1465790401567091,-3976.196673078144,14990.628983846844,9534.65760334768,5455.971380499164,0.08019007986488899
49285,0.1465939122184133,-3973.0324370027574,14980.292338536085,9565.561857698247,5414.730480837838,0.08038288390322093
49290,0.14660878428011753,-3972.3381418993467,14971.749989400085,9593.807282483287,5377.942706916798,0.08060444317871548
49295,0.14662365634182173,-3973.8401569768303,14964.726109223982,9619.231746288538,5345.494362935444,0.08088151188020604
49300,0.14663852840352595,-3977.2031089933807,14958.87246284104,9641.77656652931,5317.09589631173,0.0811205436616981
49305,0.14665340046523015,-3982.0675173283616,14953.781667158331,9661.487494113646,5292.2941730446855,0.0813195290707101
49310,0.14666827252693437,-3988.088674352157,14949.002081225606,9678.51163661718,5270.490444608426,0.08147709016275108
49315,0.14668314458863857,-3994.9736420329536,14944.053897141737,9693.090403223803,5250.963493917934,0.08173309618643192
49320,0.1466980166503428,-4002.512819976422,14938.446040084382,9705.548732865542,5232.89730721884,0.08197180011745785
49325,0.14671288871204702,-4010.602625873864,14931.693495430241,9716.28105725444,5215.412438175801,0.0821698472637462
49330,0.14672776077375121,-4019.256550331109,14923.33465479764,9725.734632128371,5197.600022669269,0.08232649393643161
49335,0.14674263283545544,-4028.6030852459835,14912.948214784206,9734.391015534115,5178.557199250092,0.08250325594859213
49340,0.14675750489715964,-4038.8704963685987,14900.169088409953,9742.746557106233,5157.4225313037205,0.08273669988075381
49345,0.14677237695886386,-4050.3598287996256,14884.70272515977,9751.292776044109,5133.409949115661,0.08292995589881769
49350,0.14678724902056806,-4063.4087136366434,14866.337209121997,9760.497454377182,5105.839754744815,0.0830828337650468
49355,0.14680212108227228,-4078.3494027196202,14844.952538214584,9770.787176654942,5074.165361559642,0.08319556877925947
49360,0.14681699314397648,-4095.4649675618684,14820.526589640112,9782.531932389587,5037.994657250525,0.08342026547863095
49365,0.1468318652056807,-4114.947741512489,14793.137438927524,9796.032283116132,4997.105155811392,0.08360843567467444
49370,0.1468467372673849,-4136.863845627078,14762.961898156793,9811.509489693353,4951.4524084634395,0.08375795294564861
49375,0.14686160932908912,-4161.127010915195,14730.27034040963,9829.098893310731,4901.171447098899,0.08386912902767756
49380,0.14687648139079335,-4187.483928392732,14695.41805073833,9848.846733576207,4846.571317162123,0.08402096563278885
49385,0.14689135345249754,-4215.512143617651,14658.833468350429,9870.71045700112,4788.123011349309,0.08421162875127995
49390,0.14690622551420177,-4244.630258004724,14621.003756019541,9894.562414356467,4726.441341663074,0.08439780270173172
49395,0.14692109757590596,-4274.119096098562,14582.458163304087,9920.196673159817,4662.26149014427,0.08455156616365869
49400,0.1469359696376102,-4303.151658986717,14543.749663517392,9947.338501793914,4596.411161723478,0.0846728972202703
49405,0.14695084169931438,-4330.829131937052,14505.43536661348,9975.655941929845,4529.779424683635,0.08486397724856798
49410,0.1469657137610186,-4356.219918986162,14468.056260049683,10004.772803008764,4463.2834570409195,0.08505353934603907
49415,0.1469805858227228,-4378.398600377009,14432.116911437028,10034.282403478295,4397.8345079587325,0.08521179011567416
49420,0.14699545788442703,-4396.4818348884255,14398.0658669757,10063.761448342471,4334.304418633228,0.08533838323613098
49425,0.14701032994613122,-4409.658576271081,14366.277570494347,10092.78355372432,4273.494016770026,0.08547695930405289
49430,0.14702520200783545,-4417.212567632587,14337.036675741432,10120.932077009542,4216.10459873189,0.08567004210585584
49435,0.14704007406953967,-4418.535910721804,14310.525600816678,10147.81205419268,4162.713546623998,0.08583216178209965
49440,0.14705494613124387,-4413.133513620342,14286.816064612509,10173.061158570566,4113.754906041942,0.08596252198386124
49445,0.1470698181929481,-4400.619292464797,14265.865156866092,10196.359661481189,4069.505495384903,0.08606017605277896
49450,0.1470846902546523,-4380.706003391473,14247.516249193885,10217.439391149084,4030.0768580448002,0.08622757539760478
49455,0.1470995623163565,-4353.191345455397,14231.50478693896,10236.091652297147,3995.4131346418126,0.08639187305550519
49460,0.1471144343780607,-4317.943341248931,14217.468742695226,10252.173994591289,3965.2947481039373,0.0865234284909806
49465,0.14712930643976493,-4274.887865906291,14204.963284702832,10265.615615353023,3939.3476693498087,0.0866209261107573
49470,0.14714417850146913,-4224.00055566483,14193.479026325216,10276.421072407431,3917.057953917785,0.08670913391260258
49475,0.14715905056317335,-4165.30428244224,14182.46307409866,10284.671896580598,3897.791177518062,0.08687342854081448
49480,0.14717392262487755,-4098.872106942287,14171.34197319531,10290.52566495265,3880.8163082426618,0.08700328463600418
49485,0.14718879468658178,-4024.8343538211548,14159.545554620374,10294.212155844683,3865.3333987756905,0.08709708308111024
49490,0.147203666748286,-3943.3874513588407,14146.530620207064,10296.026369142051,3850.504251065013,0.08715336429877975
49495,0.1472185388099902,-3854.8016854762855,14131.803371584007,10296.318449915996,3835.4849216680104,0.08726556155716818
49500,0.14723341087169442,-3759.425183785751,14114.93951620074,10295.480859976202,3819.4586562245386,0.08739052232018428
49505,0.14724828293339862,-3657.682269118496,14095.601085056815,10293.93344011233,3801.667644944484,0.08747678677577347
49510,0.14726315499510284,-3550.065624863484,14073.549180954691,10292.107229913097,3781.4419510415937,0.08754257481963042
49515,0.14727802705680704,-3437.1231737371936,14048.65213426665,10290.42801227995,3758.224121986699,0.0877249471925128
49520,0.14729289911851126,-3319.4418110254437,14020.88884850698,10289.300507367228,3731.5883411397517,0.08788450273195887
49525,0.14730777118021546,-3197.6308317065295,13990.347430072023,10289.09397440139,3701.2534556706323,0.08800734776511641
49530,0.14732264324191968,-3072.307873165345,13957.219471410406,10290.129739470935,3667.0897319394717,0.08809222597923777
49535,0.14733751530362388,-2944.0894781450006,13921.790558407603,10292.670917761689,3629.119640645915,0.08821278524563743
49540,0.1473523873653281,-2813.587163613178,13884.427682254754,10296.9143989372,3587.513283317554,0.0883658991200418
49545,0.14736725942703233,-2681.408476022758,13845.56425690036,10302.985050603293,3542.579206297067,0.08847952669988898
49550,0.14738213148873652,-2548.161267750651,13805.683398716403,10310.9320720895,3494.7513266269034,0.08855227213593513
49555,0.14739700355044075,-2414.4586377931137,13765.30005034335,10320.727475542688,3444.5725748006626,0.08859495732981298
49560,0.14741187561214494,-2280.9218207965587,13724.942461646342,10332.266742544782,3392.6757191015604,0.08873708214522132
49565,0.14742674767384917,-2148.178800390813,13685.133503540435,10345.371759215841,3339.7617443245945,0.08883599216482688
49570,0.14744161973555336,-2016.8574147262407,13646.372295124189,10359.796139417978,3286.5761557062106,0.08889014890468497
49575,0.1474564917972576,-1887.5729364761683,13609.116663682547,10375.232991034587,3233.8836726479603,0.08889839052016792
49580,0.14747136385896178,-1760.9112338174564,13573.767009680485,10391.32506975372,3182.4419399267645,0.08895883687829634
49585,0.147486235920666,-1637.4094016013642,13540.652187421512,10407.677116872499,3132.9750705490133,0.08908312710592474
49590,0.1475011079823702,-1517.5360721538927,13510.018010193839,10423.870016613806,3086.1479935800326,0.08916666625644315
49595,0.14751598004407443,-1401.673498925691,13482.018928300913,10439.476257566215,3042.542670734698,0.0893089031434215
49600,0.14753085210577865,-1290.1030974339646,13456.7133042647,10454.076060595347,3002.6372436693528,0.08945956611576504
49605,0.14754572416748285,-1182.995622830147,13434.062530999048,10467.27345505042,2966.789075948629,0.08956662737459468
49610,0.14756059622918707,-1080.406732176547,13413.934026487525,10478.711554361245,2935.222472126279,0.08962897021194062
49615,0.14757546829089127,-982.2784008073722,13396.107919014821,10488.086304217484,2908.021614797337,0.08964579453074795
49620,0.1475903403525955,-888.4465045223242,13380.287037154092,10495.15804815859,2885.1289889955024,0.08975190942956958
49625,0.1476052124142997,-798.6547325782158,13366.109660431843,10499.7603679059,2866.3492925259434,0.08983181382218525
49630,0.14762008447600392,-712.5747341415063,13353.164382559104,10501.80579726172,2851.358585297383,0.08986268276786806
49635,0.1476349565377081,-629.8319444059107,13341.006391488418,10501.288167340661,2839.7182241477567,0.08984395272774294
49640,0.14764982859941234,-550.0358952701063,13329.174472821309,10498.281508929995,2830.892963891314,0.08999480753257558
49645,0.14766470066111653,-472.81309094916287,13317.208083696982,10492.93561030437,2824.2724733926116,0.09010448944395502
49650,0.14767957272282076,-397.8398801280291,13304.66390981393,10485.468502616797,2819.195407197132,0.09016943604219925
49655,0.14769444478452498,-324.8723418285117,13291.131395453678,10476.156313211137,2814.9750822425412,0.09022209189372539
49660,0.14770931684622918,-253.77012830685817,13276.246813830583,10465.321075533086,2810.9257382974974,0.09035033703929796
49665,0.1477241889079334,-184.51151003615269,13259.705514516649,10453.317192168894,2806.388322347755,0.0904297593369466
49670,0.1477390609696376,-117.19751933386578,13241.27204222596,10440.517294310144,2800.7547479158166,0.09045953383703788
49675,0.14775393303134182,-52.044028050251654,13220.787867964307,10427.29821530519,2793.4896526591165,0.09043938638415637
49680,0.14776880509304602,10.638261683876408,13198.176515617626,10414.027702302496,2784.1488133151306,0.09050039732416498
49685,0.14778367715475024,70.47468903753906,13173.445913955433,10401.05234922374,2772.393564731692,0.0906082222084922
49690,0.14779854921645444,127.06592082655152,13146.687865863494,10388.687076903743,2758.000788959751,0.09066908302500892
49695,0.14781342127815866,180.0321509306541,13118.07461017588,10377.206342395353,2740.8682677805264,0.09070186926707491
49700,0.14782829333986286,229.05797591962437,13087.852557574606,10366.837150182177,2721.0154073924296,0.09082129713246503
49705,0.14784316540156708,273.9334213328202,13056.33340424459,10357.75387014747,2698.57953409712,0.09088910121421229
49710,0.1478580374632713,314.5868213302292,13023.88295279369,10350.074832969274,2673.8081198244163,0.09090496001639244
49715,0.1478729095249755,351.10599272414584,12990.908083117753,10343.860656238818,2647.047426878935,0.09086918292736024
49720,0.14788778158667973,383.74531108510746,12957.84240046968,10339.114236686693,2618.7281637829874,0.09099102833767814
49725,0.14790265364838392,412.9177605996465,12925.131132398665,10335.78231548985,2589.348816908814,0.09108282804953687
49730,0.14791752571008815,439.172636928899,12893.215846351897,10333.758485325803,2559.457361026094,0.09112377306211157
49735,0.14793239777179235,463.16117238606057,12862.519520168767,10332.887469223517,2529.6320509452507,0.09111382122381596
49740,0.14794726983349657,485.59375804336014,12833.432430964058,10332.970476325398,2500.4619546386602,0.09105348662451405
49745,0.14796214189520077,507.1934847136745,12806.299251238754,10333.771440568562,2472.5278106701917,0.09108249883425504
49750,0.147977013956905,528.6512447206296,12781.407672042747,10335.023978316376,2446.3836937263713,0.09106711549756437
49755,0.1479918860186092,550.5874921513896,12758.978823987665,10336.438950532895,2422.5398734547707,0.09113527019195744
49760,0.1480067580803134,573.524890988916,12739.159741115382,10337.712564000914,2401.447177114467,0.09124881408669268
49765,0.14802163014201764,597.8745518404685,12722.018102908849,10338.534971879297,2383.483131029552,0.09130872715394452
49770,0.14803650220372183,623.9365815228375,12707.539481153597,10338.599321244286,2368.9401599093108,0.09131520759619437
49775,0.14805137426542606,651.9135794678732,12695.627293441568,10337.611141959778,2358.01615148179,0.09126914555984038
49780,0.14806624632713025,681.9338906126814,12686.105609920489,10335.297888751258,2350.8077211692307,0.09120658975121111
49785,0.14808111838883448,714.0801870454015,12678.724868524529,10331.418357007586,2347.306511516943,0.09128471787713668
49790,0.14809599045053867,748.4184800474977,12673.170430267714,10325.771614610878,2347.3988156568357,0.09131078902608115
49795,0.1481108625122429,785.0229717681723,12669.073762116026,10318.205042725613,2350.8687193904134,0.09128531124656995
49800,0.1481257345739471,823.9931116355292,12666.025886979418,10308.621063563558,2357.40482341586,0.09120937623771809
49805,0.14814060663565132,865.4606164950237,12663.592604937929,10296.982150173559,2366.61045476437,0.09109889603824693
49810,0.1481554786973555,909.5858097093806,12661.330879977642,10283.313758577717,2378.0171213999256,0.09114759440935524
49815,0.14817035075905974,956.5442077785247,12658.80570984855,10267.704897605452,2391.1008122430976,0.09114593486293894
49820,0.14818522282076396,1006.505631307904,12655.606756037825,10250.306163777457,2405.300592260368,0.09109441221636154
49825,0.14820009488246816,1059.6090731877084,12651.364006711698,10231.325223852187,2420.0387828595103,0.09099402314108863
49830,0.14821496694417238,1115.937005547028,12645.761778103306,10211.019922566576,2434.7418555367294,0.09092082378665202
49835,0.14822983900587658,1175.4927104219641,12638.550430550516,10189.689407343714,2448.861023206802,0.0909226490016108
49840,0.1482447110675808,1238.1836270242547,12629.555285668632,10167.663858486598,2461.891427182034,0.09089962818550591
49845,0.148259583129285,1303.8127523205858,12618.682380047141,10145.293547154337,2473.388832892804,0.09082748002299568
49850,0.14827445519098922,1372.078989362677,12605.920871716773,10122.937974644496,2482.9828970722774,0.0907946919166634
49855,0.14828932725269342,1442.586195212918,12591.34211393452,10100.955756440946,2490.386357493573,0.09079213697478995
49860,0.14830419931439764,1514.8596921469361,12575.095604508098,10079.695713505396,2495.399891002702,0.09074080526074865
49865,0.14831907137610184,1588.3682789119684,12557.40218237725,10059.489358689318,2497.9128236879314,0.09064222751663323
49870,0.14833394343780607,1662.5493676897331,12538.544953635412,10040.644670974578,2497.900282660834,0.0905298005913597
49875,0.1483488154995103,1736.834786028623,12518.858473643724,10023.440789031969,2495.4176846117552,0.09054865234515093
49880,0.14836368756121449,1810.6749883612738,12498.716691991747,10008.123072614164,2490.5936193775833,0.09053419093024494
49885,0.1483785596229187,1883.5598475409788,12478.520099429046,9994.897904395828,2483.6221950332183,0.09047233282617836
49890,0.1483934316846229,1955.0347435228941,12458.6824277723,9983.926649977835,2474.7557777944658,0.0903646307084948
49895,0.14840830374632713,2024.7112259428905,12439.617175027368,9975.318361931379,2464.2988130959893,0.09021599925180165
49900,0.14842317580803133,2092.272013447813,12421.72418245618,9969.121096806079,2452.603085650102,0.09016420678474522
49905,0.14843804786973555,2157.470464356811,12405.376489706652,9965.312092321412,2440.06439738524,0.09014324041844587
49910,0.14845291993143975,2220.1249262092824,12390.907735252451,9963.787491598177,2427.1202436542735,0.09007604187199116
49915,0.14846779199314397,2280.108604276229,12378.600436791678,9964.352750933152,2414.247685858525,0.08997409075176756
49920,0.14848266405484817,2337.3358487108944,12368.67555732797,9966.715259107616,2401.960298220354,0.08986958559702324
49925,0.1484975361165524,2391.7460833475416,12361.283814644568,9970.480950364892,2390.802864279676,0.0897171969194089
49930,0.14851240817825662,2443.286959835332,12356.499206485092,9975.156733017864,2381.342473467228,0.0896063863766601
49935,0.1485272802399608,2491.898624497637,12354.315190227719,9980.160323807546,2374.1548664201728,0.08959558048502783
49940,0.14854215230166504,2537.501098398676,12354.643870825255,9984.83855373354,2369.8053170917156,0.08953611510788873
49945,0.14855702436336923,2579.9865742627917,12357.31841834001,9988.494419935158,2368.8239984048523,0.08942848864903347
49950,0.14857189642507346,2619.2178808118533,12362.098766432402,9990.422174179019,2371.676592253383,0.08927354328813479
49955,0.14858676848677765,2655.033509654684,12368.68045033506,9989.948675415008,2378.731774920052,0.08907242435914851
49960,0.14860164054848188,2687.258584841302,12376.706245377123,9986.478230855735,2390.228014521388,0.08896718507047739
49965,0.14861651261018607,2715.7201647398106,12385.780084975,9979.537352297179,2406.2427326778216,0.08890848301842603
49970,0.1486313846718903,2740.264473590276,12395.482590213354,9968.815391759013,2426.667198454341,0.08880370534327237
49975,0.1486462567335945,2760.7731936069868,12405.387448475036,9954.196986455589,2451.1904620194473,0.08865407607071353
49980,0.14866112879529872,2777.1758815922367,12415.07784660874,9935.782677774836,2479.2951688339035,0.08846098012125339
49985,0.14867600085700294,2789.455939080757,12424.162196734078,9913.894949529946,2510.267247204132,0.08822588429209711
49990,0.14869087291870714,2797.6483648803896,12432.288482598158,9889.068172138988,2543.22031045917,0.08799108113065433
49995,0.14870574498041136,2801.8287239875226,12439.156686087195,9862.022405199323,2577.1342808878726,0.0878969159171605
50000,0.14872061704211556,2802.094289353072,12444.528906876996,9833.622533947204,2610.9063729297923,0.0877605366551244
50005,0.14873548910381978,2798.5399775470705,12448.236942241861,9804.825622664162,2643.411319577699,0.08758319224813649
50010,0.14875036116552398,2791.2332299297213,12450.187230912972,9776.620506115918,2673.566724797054,0.08736612870594114
50015,0.1487652332272282,2780.1930466675312,12450.363172669902,9749.96439006783,2700.398782602073,0.08711053397061497
50020,0.1487801052889324,2765.3786347226414,12448.82490900958,9725.721519681965,2723.1033893276144,0.08681748801236945
50025,0.14879497735063663,2746.6923709140137,12445.70669119524,9704.608772779371,2741.0979184158696,0.0864879243765253
50030,0.14880984941234082,2723.99999050117,12441.211976672379,9687.15236453257,2754.0596121398085,0.08628967466850099
50035,0.14882472147404505,2697.1682935164426,12435.60639415212,9673.658780834572,2761.9476133175485,0.08608858356348338
50040,0.14883959353574927,2666.1176015215424,12429.208715552524,9664.201705693611,2765.007009858913,0.08585135750550735
50045,0.14885446559745347,2630.8831885038962,12422.379985041425,9658.625226456848,2763.754758584577,0.08557958828644528
50050,0.1488693376591577,2591.6774583828574,12415.510995438855,9656.562160628024,2758.9488348108316,0.08527481998654841
50055,0.1488842097208619,2548.943194172125,12409.0083780956,9657.465113209144,2751.5432648864553,0.08493848548342636
50060,0.1488990817825661,2503.3880904216057,12403.279682056234,9660.646974211717,2742.6327078445174,0.0845718488918025
50065,0.1489139538442703,2455.9921766722,12398.717948222176,9665.327078965198,2733.3908692569785,0.0841759604860383
50070,0.14892882590597453,2407.9826318574596,12395.686410795306,9670.679192740536,2725.0072180547704,0.08394613006773344
50075,0.14894369796767873,2360.7746405625185,12394.504053315437,9675.877800896753,2718.626252418684,0.08368560706909271
50080,0.14895857002938295,2315.881865265643,12395.432784532208,9680.139796688969,2715.2929878432387,0.08339439974098742
50085,0.14897344209108715,2274.8050862289874,12398.66696423132,9682.759448377186,2715.9075158541345,0.08307440135199705
50090,0.14898831415279137,2238.9117308318346,12404.32589843317,9683.1353799736,2721.190518459569,0.08272715635282443
50095,0.1490031862144956,2209.321535079369,12412.449748119652,9680.789113924304,2731.6606341953484,0.08235378275987772
50100,0.1490180582761998,2186.8138335672775,12422.999076034097,9675.37542107845,2747.623654955647,0.08195492898346184
50105,0.14903293033790402,2171.7697393409926,12435.858015853344,9666.685253784757,2769.172762068587,0.08153077173189259
50110,0.14904780239960821,2164.1580117445974,12450.840809299312,9654.64238154174,2796.198427757572,0.08109214971522004
50115,0.14906267446131244,2163.567416533584,12467.70123786087,9639.295011641072,2828.4062262197986,0.08076923756963404
50120,0.14907754652301664,2169.2818425844107,12486.14429201656,9620.803687038824,2865.340604977735,0.08048247162360597
50125,0.14909241858472086,2180.3884167441356,12505.839286357428,9599.426650616717,2906.4126357407113,0.08022502950594367
50130,0.14910729064642506,2195.9042887543783,12526.433558385512,9575.503693332894,2950.929865052618,0.0802134367071553
50135,0.14912216270812928,2214.905295105098,12547.565895456899,9549.439303266505,2998.126592190394,0.08018679672572089
50140,0.14913703476983348,2236.6396370945095,12568.87892632086,9521.685732131395,3047.1931941894654,0.08016974956398178
50145,0.1491519068315377,2260.6119245829614,12590.029887607128,9492.72641135732,3097.303476249808,0.08015985883082064
50150,0.14916677889324192,2286.6270153055557,12610.699412536624,9463.059986581753,3147.6394259548706,0.08013420483782631
50155,0.14918165095494612,2314.788372125129,12630.598255154084,9433.185098137043,3197.413157017041,0.08009259935642456
50160,0.14919652301665035,2345.4514302053194,12649.472115388931,9403.585919336507,3245.8861960524246,0.08006307390345932
50165,0.14921139507835454,2379.138008041278,12667.104926572787,9374.71838451567,3292.3865420571165,0.0800396651292874
50170,0.14922626714005877,2416.422515472719,12683.321078370212,9346.997011093472,3336.3240672767406,0.07999957748437603
50175,0.14924113920176296,2457.8041516043286,12697.987064939545,9320.782261019209,3377.2048039203364,0.07994281145886566
50180,0.1492560112634672,2503.581121412655,12711.012981611848,9296.368505472454,3414.644476139394,0.079899186704551
50185,0.14927088332517138,2553.7429322071257,12722.354168277438,9273.972846496967,3448.381321780471,0.07986245804891853
50190,0.1492857553868756,2607.894998495227,12732.013142334657,9253.725284990227,3478.2878573444304,0.07980874673789354
50195,0.1493006274485798,2665.2261982895325,12740.041800270576,9235.660962143378,3504.3808381271974,0.07973836832601686
50200,0.14931549951028403,2724.5250106653493,12746.543705812523,9219.71538368806,3526.828322124462,0.07967956587339792
50205,0.14933037157198825,2784.2439740760383,12751.676126822305,9205.723603758723,3545.9525230635827,0.07963264089883879
50210,0.14934524363369245,2842.6061749298024,12755.651335289538,9193.424250418613,3562.227084870925,0.07956930081215441
50215,0.14936011569539667,2897.742131443678,12758.736556195629,9182.468996969701,3576.2675592259275,0.07949006186186922
50220,0.14937498775710087,2947.8415508490198,12761.25186668741,9172.437637136785,3588.814229550624,0.0794174244872031
50225,0.1493898598188051,2991.3025789873263,12763.565342130356,9162.858360977947,3600.706981152409,0.0793660823343329
50230,0.1494047318805093,3026.8615849397975,12766.084854566492,9153.23223509322,3612.8526194732713,0.07929899258898114
50235,0.1494196039422135,3053.689123764263,12769.246170001727,9143.06036232067,3626.1858076810568,0.07921660036621767
50240,0.1494344760039177,3071.4420607851825,12773.497353673438,9131.871823446298,3641.62553022714,0.0791320416862253
50245,0.14944934806562193,3080.2672535962356,12779.279935416533,9119.250351234703,3660.0295841818297,0.07907986759170747
50250,0.14946422012732613,3080.7579077532773,12787.007745005447,9104.85778096416,3682.1499640412876,0.07901289071375969
50255,0.14947909218903035,3073.869020964552,12797.04472612282,9088.452644379564,3708.592081743256,0.07902140414359766
50260,0.14949396425073458,3060.8026192765883,12809.683312638674,9069.902770839504,3739.7805417991694,0.07906891459623915
50265,0.14950883631243878,3042.876367728133,12825.12505983983,9049.191351019605,3775.9337088202246,0.0791192773590707
50270,0.149523708374143,3021.39040402337,12843.465151922313,9026.416516586272,3817.048635336041,0.07916376242083004
50275,0.1495385804358472,2997.5068652311584,12864.682167572733,9001.78501135613,3862.8971562166025,0.07920237061909939
50280,0.14955345249755142,2972.154664437103,12888.634109210016,8975.600911907883,3913.033197302133,0.07923510266256584
50285,0.14956832455925562,2945.9688566887144,12915.061231261872,8948.250561809353,3966.8106694525195,0.07926195359394754
50290,0.14958319662095984,2919.2697471590473,12943.595686629958,8920.184909504336,4023.410777125622,0.07932812112731194
50295,0.14959806868266404,2892.0821698214713,12973.777497442787,8891.900314371846,4081.877183070941,0.07941080265706241
50300,0.14961294074436826,2864.1906078231405,13005.075894370953,8863.918665221205,4141.157229149749,0.07948816281573437
50305,0.14962781280607246,2835.2215852497156,13036.914701141424,8836.767413589087,4200.147287552338,0.07956002625809484
50310,0.14964268486777668,2804.7415728065644,13068.700200234853,8810.959933200766,4257.740267034087,0.07962621763397215
50315,0.1496575569294809,2772.3569756698453,13099.849818002216,8786.976530093945,4312.873287908271,0.07968656540487445
50320,0.1496724289911851,2737.8029032127743,13129.820007414088,8765.246464153593,4364.573543260494,0.0797409051078671
50325,0.14968730105288933,2701.009402877031,13158.13185861059,8746.131480616566,4412.000377994023,0.07980019225997928
50330,0.14970217311459352,2662.137419330322,13184.393192399646,8729.911533567689,4454.481658831957,0.07985884537934786
50335,0.14971704517629775,2621.5813641775403,13208.316149803342,8716.773538520252,4491.54261128309,0.07991089910022614
50340,0.14973191723800194,2579.940086202152,13229.729552880852,8706.804047227479,4522.925505653373,0.07995620913078327
50345,0.14974678929970617,2537.9623867891532,13248.58556789429,8699.986647175387,4548.598920718903,0.07999464309672748
50350,0.14976166136141036,2496.4763152062533,13264.960457068199,8696.204637597504,4568.755819470694,0.0800540957564132
50355,0.1497765334231146,2456.3128662797208,13279.049471846594,8695.249146830927,4583.800325015667,0.0801412709663259
50360,0.14979140548481878,2418.23431361417,13291.156223896152,8696.832386164753,4594.323837731399,0.08022757934507879
50365,0.149806277546523,2382.875521486674,13301.67715985011,8700.605255517188,4601.071904332921,0.08030733450846404
50370,0.14982114960822723,2350.703716714006,13311.082035089197,8706.178103714676,4604.903931374522,0.08038033900377857
50375,0.14983602166993143,2321.9989984481963,13319.891495652333,8713.143168078013,4606.74832757432,0.08044641323160386
50380,0.14985089373163565,2296.8549048365585,13328.653004698624,8721.097117914875,4607.55588678375,0.08050539903149888
50385,0.14986576579333985,2275.1960712954187,13337.916374981583,8729.662213074083,4608.2541619075,0.08056022339471157
50390,0.14988063785504407,2256.8086282423083,13348.210095943874,8738.504832978895,4609.705262964979,0.08062104076232189
50395,0.14989550991674827,2241.3785114792863,13360.019495024,8747.35047393439,4612.66902108961,0.08067431147708576
50400,0.1499103819784525,2228.5331440373448,13373.767578671246,8755.994679775898,4617.772898895348,0.0807199348279839
50405,0.1499252540401567,2217.8827389975086,13389.799189867828,8764.309698219993,4625.489491647835,0.08075782969806407
50410,0.14994012610186092,2209.058478911744,13408.368918573078,8772.246904174479,4636.122014398599,0.08081917642589194
50415,0.1499549981635651,2201.7457845025656,13429.633022247493,8779.835197479795,4649.797824767698,0.08090281462164368
50420,0.14996987022526934,2195.7115984260363,13453.645460203965,8787.175689941665,4666.4697702623,0.08098710823867339
50425,0.14998474228697356,2190.8249810198176,13480.35801781992,8794.433081260664,4685.924936559257,0.08106423505677812
50430,0.14999961434867776,2187.0703537433983,13509.624392342259,8801.824216183404,4707.800176158855,0.08113396319731808
50435,0.15001448641038198,2184.5525419665264,13541.208026623573,8809.604428399281,4731.603598224292,0.08119604423596151
50440,0.15002935847208618,2183.4925424424,13574.793402570429,8818.052401994777,4756.741000575652,0.08125021091455968
50445,0.1500442305337904,2184.212877356067,13610.000429865793,8827.454394718614,4782.546035147179,0.08129881093324282
50450,0.1500591025954946,2187.1116723094,13646.40147224389,8838.088739132803,4808.312733111086,0.08135111790786032
50455,0.15007397465719882,2192.6253111146343,13683.540430536144,8850.211541819648,4833.328888716496,0.08139446837922464
50460,0.15008884671890302,2201.1806764781104,13720.953145596248,8864.04442156695,4856.908724029297,0.08142854127554623
50465,0.15010371878060724,2213.1394806501066,13758.188207838144,8879.764963995143,4878.423243843001,0.08145303208659994
50470,0.15011859084231144,2228.738834045278,13794.827093286764,8897.500336994135,4897.3267562926285,0.08151247943805241
50475,0.15013346290401566,2248.0337360474805,13830.502431348383,8917.324237302564,4913.178194045819,0.08158385383964573
50480,0.1501483349657199,2270.848303608287,13864.913191966152,8939.257060926217,4925.656131039936,0.0816492658240281
50485,0.15016320702742408,2296.7429792556886,13897.835694777697,8963.268947344091,4934.566747433606,0.08170534555169515
50490,0.1501780790891283,2325.0044278137393,13929.129605531163,8989.285169827672,4939.844435703491,0.08175180621225757
50495,0.1501929511508325,2354.663199796001,13958.738484351692,9017.193246873505,4941.545237478187,0.08178839780803636
50500,0.15020782321253673,2384.5415355507284,13986.684949699658,9046.85113004617,4939.833819653488,0.08181490309939476
50505,0.15022269527424092,2413.330133356152,14013.061062979996,9078.09586418505,4934.9651987949455,0.08184030850545504
50510,0.15023756733594515,2439.688720971919,14038.01505150979,9110.752192596803,4927.262858912987,0.08186072207212862
50515,0.15025243939764935,2462.361411159909,14061.73589857363,9144.640669416,4917.0952291576305,0.08187061833784506
50520,0.15026731145935357,2480.2947086168424,14084.43757293198,9179.584928512508,4904.852644419472,0.08186982472209438
50525,0.15028218352105777,2492.7442584467753,14106.344697577098,9215.417837783078,4890.926859794021,0.08186231140647274
50530,0.150297055582762,2499.356436048698,14127.68124579035,9251.98634252505,4875.694903265301,0.08190756380098413
50535,0.15031192764446621,2500.212886265199,14148.66341060911,9289.154878660365,4859.508531948744,0.08194292326102794
50540,0.1503267997061704,2495.8300238084103,14169.497165913814,9326.807321510987,4842.689844402827,0.08196812560434441
50545,0.15034167176787464,2487.110868772068,14190.380300930481,9364.84752862885,4825.532772301631,0.08198296444690632
50550,0.15035654382957883,2475.2526831870655,14211.507968441063,9403.198628678516,4808.309339762547,0.08198730337882232
50555,0.15037141589128306,2461.6197912681764,14233.080155749882,9441.801290133135,4791.278865616747,0.08198825936327864
50560,0.15038628795298725,2447.5957822883393,14255.309075471183,9480.61126075582,4774.697814715362,0.08198519869487932
50565,0.15040116001469148,2434.4322372858605,14278.424362173613,9519.596494319892,4758.827867853721,0.08197174227795369
50570,0.15041603207639567,2423.111718831089,14302.674187407369,9558.73417722524,4743.940010182128,0.08194803128821636
50575,0.1504309041380999,2414.2409457718586,14328.320950205323,9598.007945913465,4730.313004291858,0.08191747321052632
50580,0.1504457761998041,2407.9861837168155,14355.630988355268,9637.405560282963,4718.225428072305,0.08188652467078805
50585,0.15046064826150832,2404.0575905395744,14384.85867083128,9676.917277274802,4707.941393556477,0.08184602160260221
50590,0.15047552032321254,2401.7434099262573,14416.226136678746,9716.53514877474,4699.690987904007,0.08181053671214746
50595,0.15049039238491674,2399.9893338881084,14449.900707941824,9756.25343292958,4693.647275012245,0.08180165510906681
50600,0.15050526444662096,2397.5137073762635,14485.972517836784,9796.070235164358,4689.902282672427,0.08178487233948376
50605,0.15052013650832516,2392.9459189366116,14524.435094651297,9835.990366409895,4688.444728241402,0.08176988106270348
50610,0.15053500857002938,2384.9734571475747,14565.171505978447,9876.029218212063,4689.1422877663845,0.0817475840520481
50615,0.15054988063173358,2372.482688500446,14607.948218027688,9916.217226514767,4691.730991512921,0.0817174291110512
50620,0.1505647526934378,2354.679319415887,14652.41811561829,9956.604268749132,4695.813846869158,0.08167930048912152
50625,0.150579624755142,2331.1766091664012,14698.13323874851,9997.263167489262,4700.870071259249,0.08163995875031539
50630,0.15059449681684622,2302.0425534649003,14744.566813799845,10038.291414293044,4706.2753995068015,0.08159354668359085
50635,0.15060936887855042,2267.8012720707175,14791.143189821429,10079.810320509843,4711.3328693115855,0.08153858328718835
50640,0.15062424094025464,2229.3884390450694,14837.273430112633,10121.961059695119,4715.312370417514,0.08147482070767795
50645,0.15063911300195887,2188.065412715334,14882.393646825349,10164.897463276813,4717.496183548536,0.0814054518538056
50650,0.15065398506366307,2145.301263966614,14926.002778047829,10208.775905189541,4717.226872858288,0.08133235092461547
50655,0.1506688571253673,2102.6356046739966,14967.69644734486,10253.743075576747,4713.953371768113,0.08124980915229864
50660,0.15068372918707149,2061.5374330460727,15007.193837594312,10299.922807076908,4707.271030517404,0.08115767990172176
50665,0.1506986012487757,2023.275716193988,15044.355136768243,10347.403307572316,4696.951829195927,0.08106437110756329
50670,0.1507134733104799,1988.81594443613,15079.18801217458,10396.226137066484,4682.961875108096,0.08099820237339758
50675,0.15072834537218413,1958.753559482193,15111.84264176606,10446.378057149637,4665.464584616422,0.08092320755276013
50680,0.15074321743388833,1933.2904454435775,15142.595950758783,10497.786534391831,4644.809416366952,0.08083942092674053
50685,0.15075808949559255,1912.2552804311817,15171.826736199704,10550.319272430179,4621.507463769525,0.08074694753841889
50690,0.15077296155729675,1895.163274966113,15199.984192004411,10603.787759376377,4596.196432628034,0.08064595450730692
50695,0.15078783361900097,1881.3064068946987,15227.552883182301,10657.954503529409,4569.598379652893,0.08053665883730989
50700,0.1508027056807052,1869.8622480664417,15255.01741169303,10712.54341418236,4542.4739975106695,0.08041931284194728
50705,0.1508175777424094,1860.0081540326137,15282.829861410484,10767.252656268884,4515.577205141601,0.0802941884816625
50710,0.15083244980411362,1851.0279673565383,15311.382639045467,10821.769238306772,4489.613400738695,0.08016156194467808
50715,0.1508473218658178,1842.4002387455785,15340.988607047862,10875.78454928775,4465.204057760113,0.0800216997138995
50720,0.15086219392752204,1833.8598923914942,15371.869523706944,10929.01002006799,4442.859503638954,0.07987484716529919
50725,0.15087706598922623,1825.4287626894347,15404.152871548336,10981.192046458977,4422.96082508936,0.07972122045814446
50730,0.15089193805093046,1817.414028453666,15437.876280990646,11032.125292224056,4405.750988766589,0.07956100212673711
50735,0.15090681011263465,1810.3768735079466,15472.998049454585,11081.663518948482,4391.334530506103,0.07939434039504689
50740,0.15092168217433888,1805.0764338458994,15509.411802920062,11129.727192750715,4379.684610169346,0.07922135184778958
50745,0.15093655423604307,1802.3960855097012,15546.963196639914,11176.307306864372,4370.655889775542,0.07905397767243304
50750,0.1509514262977473,1803.2602884854405,15585.466704268603,11221.465124897648,4364.001579370955,0.07890876687876446
50755,0.15096629835945152,1808.550475735321,15624.720947044678,11265.327862834461,4359.393084210216,0.07875755473089324
50760,0.15098117042115572,1819.0278496387546,15664.52156865389,11308.080647613377,4356.440921040514,0.07860034783889494
50765,0.15099604248285994,1835.2694853350295,15704.671244171714,11349.955374876352,4354.715869295362,0.07843715820026179
50770,0.15101091454456414,1857.6220274508123,15744.986904002626,11391.217304709342,4353.769599293284,0.0782680067909811
50775,0.15102578660626836,1886.1748257125146,15785.304569992788,11432.15035979501,4353.1542101977775,0.07809292557784281
50780,0.15104065866797256,1920.7520015080154,15825.482308798219,11473.04211371631,4352.440195081908,0.07791195825647462
50785,0.15105553072967678,1960.921082975403,15865.401734485531,11514.169374716897,4351.232359768634,0.0777251602040369
50790,0.15107040279138098,2006.0147812050109,15904.968313148293,11555.785087991926,4349.1832251563665,0.07753259817280019
50795,0.1510852748530852,2055.162286425939,15944.110533285495,11598.107018350112,4346.003514935383,0.07733435014342036
50800,0.1511001469147894,2107.326996712989,15982.777892793365,11641.308376272653,4341.469516520712,0.07722024018747282
50805,0.15111501897649363,2161.348541362693,16020.937665575313,11685.51027691198,4335.427388663333,0.07762091087200156
50810,0.15112989103819785,2215.987956841622,16058.570547054196,11730.775746553109,4327.794800501088,0.07798854492983631
50815,0.15114476309990205,2269.975594602245,16095.665492094906,11777.104976200628,4318.560515894278,0.07828669290974333
50820,0.15115963516160627,2322.0615874008963,16132.214279136713,11824.431690521766,4307.782588614948,0.07850706974494948
50825,0.15117450722331047,2371.0684133630966,16168.206488743985,11872.620818174875,4295.585670569109,0.07879236848882307
50830,0.1511893792850147,2415.9443352825765,16203.625623647671,11921.46802425522,4282.157599392451,0.07912321263486881
50835,0.1512042513467189,2455.8154108812305,16238.447004763291,11970.701969081096,4267.7450356821955,0.07937719993609747
50840,0.1512191234084231,2490.032595513434,16272.637870411858,12019.990265287339,4252.647605124519,0.07954533974448558
50845,0.1512339954701273,2518.209477369315,16306.15982293392,12068.949938370402,4237.209884563517,0.07979327099741523
50850,0.15124886753183153,2540.2457083570207,16338.973455640498,12117.16274973622,4221.810705904278,0.08005028948699147
50855,0.15126373959353573,2556.3314996807603,16371.044698321764,12164.195089660241,4206.849608661523,0.08022011298260097
50860,0.15127861165523995,2566.9298023049887,16402.35217732525,12209.62142140236,4192.73075592289,0.0802934159147575
50865,0.15129348371694418,2572.734960964586,16432.894721869336,12253.049608071437,4179.845113797899,0.08050541398419696
50870,0.15130835577864837,2574.6094684578384,16462.698077761306,12294.146011291208,4168.552066470098,0.0806460303722419
50875,0.1513232278403526,2573.5035238549153,16491.819920147358,12332.65809542699,4159.161824720368,0.08097031005325177
50880,0.1513380999020568,2570.3648889026954,16520.352386633404,12368.432419633928,4151.919966999476,0.08123187182017472
50885,0.15135297196376102,2566.0485319865293,16548.421569807044,12401.42631155762,4146.995258249424,0.08144613440218525
50890,0.15136784402546521,2561.236350758936,16576.183692768423,12431.7121125942,4144.471580174224,0.08178232989705701
50895,0.15138271608716944,2556.376656365159,16603.818013791537,12459.473573973228,4144.344439818309,0.08202777468384034
50900,0.15139758814887364,2551.651091070027,16631.516833085523,12484.994683042598,4146.522150042925,0.08217451950231741
50905,0.15141246021057786,2546.9734795943878,16659.473272782652,12508.641846953771,4150.831425828881,0.08237617640476072
50910,0.15142733227228206,2542.0212354119994,16687.86774226357,12530.840911561241,4157.026830702329,0.08257353780868748
50915,0.15144220433398628,2536.295943932744,16716.85416445562,12552.050910976033,4164.8032534795875,0.08266379638615415
50920,0.1514570763956905,2529.2062327537315,16746.547112581215,12572.736692137356,4173.810420443859,0.08270267761672102
50925,0.1514719484573947,2520.1635144787724,16777.010986056455,12593.342602763723,4183.668383292732,0.08281389496512662
50930,0.15148682051909892,2508.679938702877,16808.25223857895,12614.269243480714,4193.982995098235,0.08280764556231521
50935,0.15150169258080312,2494.45794815107,16840.215464642275,12635.85486654658,4204.3605980956945,0.08267585756339077
50940,0.15151656464250735,2477.4620085193437,16872.783861253523,12658.362398118279,4214.421463135244,0.0828321620317552
50945,0.15153143670421154,2457.965059078151,16905.78422579195,12681.972359034691,4223.81186675726,0.08314462701824472
50950,0.15154630876591577,2436.5647046757003,16938.996255216214,12706.781283279175,4232.214971937039,0.08335383893200297
50955,0.15156118082761996,2414.1669277863402,16972.165513330416,12732.804708012145,4239.360805318271,0.08360249619899633
50960,0.1515760528893242,2391.9380307451793,17005.01907533302,12759.983524096937,4245.035551236084,0.08379597437041547
50965,0.15159092495102838,2371.228533787071,17037.282585747016,12788.19245901779,4249.0901267292265,0.08386935556971611
50970,0.1516057970127326,2353.4756841981925,17068.69731159784,12817.249673990033,4251.447637607807,0.08386082872567645
50975,0.15162066907443683,2340.0937669040595,17099.035756618614,12846.926800562429,4252.108956056185,0.08388103615892886
50980,0.15163554113614103,2332.3631296536805,17128.11452572717,12876.959106249587,4251.155419477584,0.08376609018306203
50985,0.15165041319784525,2331.3293291529044,17155.803377472126,12907.055766028816,4248.74761144331,0.08351167845598514
50990,0.15166528525954945,2337.7227969016803,17182.029748986137,12936.91036854565,4245.119380440487,0.08343595176178183
50995,0.15168015732125367,2351.906913286706,17206.778449007612,12966.211790660602,4240.56665834701,0.08374479135363765
51000,0.15169502938295787,2373.8586883653006,17230.08665138857,12994.65545784643,4235.431193542141,0.08401907772257797
51005,0.1517099014446621,2403.1819810319575,17252.03474420001,13021.954819805895,4230.079924394115,0.08417201776536222
51010,0.1517247735063663,2439.1490993834177,17272.733959328405,13047.852665518794,4224.881293809611,0.08419593793446715
51015,0.1517396455680705,2480.7634419574533,17292.31199045816,13072.131729675784,4220.180260782377,0.08408599200161071
51020,0.1517545176297747,2526.834100680522,17310.89797787061,13094.623941590198,4216.274036280411,0.08397360667974622
51025,0.15176938969147893,2576.05328634326,17328.608282061126,13115.217662026209,4213.390620034917,0.08372729072161691
51030,0.15178426175318316,2627.068945379626,17345.534381608297,13133.862349941019,4211.672031667278,0.08333767748367296
51035,0.15179913381488735,2678.547576666928,17361.734021743283,13150.57028782151,4211.163733921772,0.0836527087681861
51040,0.15181400587659158,2729.2253539141075,17377.226425579676,13165.415240628006,4211.81118495167,0.08387864784083798
51045,0.15182887793829578,2777.9484403926654,17391.991985147575,13178.52818532233,4213.463799825246,0.08397171018841326
51050,0.15184375,2823.7051645492156,17405.9764074723,13190.090478722335,4215.885928749964,0.08392536844363173
51055,0.1518586220617042,2865.6531007668236,17419.098842178857,13200.324993911157,4218.7738482677,0.08373715557005944
51060,0.15187349412340842,2903.143072115352,17431.263107249346,13209.485833141105,4221.777274108241,0.0834089644248079
51065,0.15188836618511262,2935.740093734792,17442.370805630195,13217.847225498565,4224.52358013163,0.08300842408322162
51070,0.15190323824681684,2963.239049600199,17452.334929647222,13225.692166965095,4226.642762682128,0.08323961127264373
51075,0.15191811030852104,2985.671267482294,17461.092512323114,13233.301292612347,4227.791219710767,0.0833389573037112
51080,0.15193298237022526,3003.2977691416218,17468.615014397245,13240.942412612,4227.672601785245,0.08330237465164816
51085,0.15194785443192949,3016.5860776126174,17474.91541728123,13248.861105187792,4226.054312093438,0.0831299273414487
51090,0.15196272649363368,3026.1698461657525,17480.051383659502,13257.27273016632,4222.778653493182,0.08282589957234916
51095,0.1519775985553379,3032.7936303986353,17484.124287071976,13266.356181964638,4217.768105107338,0.08240543060750717
51100,0.1519924706170421,3037.2480579178373,17487.274330472374,13276.249615173852,4211.024715298521,0.08237187584842673
51105,0.15200734267874633,3040.30270771492,17489.672310919905,13287.04823645623,4202.624074463674,0.0824693262460896
51110,0.15202221474045052,3042.644692153037,17491.508807007758,13298.804071035413,4192.704735972346,0.08242470817144605
51115,0.15203708680215475,3044.8301019678693,17492.981663391376,13311.527408305607,4181.45425508577,0.08223697075522308
51120,0.15205195886385894,3047.2533598674017,17494.28264909043,13325.189448076744,4169.093201013686,0.08191010144216301
51125,0.15206683092556317,3050.1366431797105,17495.584116657512,13339.725545980384,4155.858570677128,0.08145295827267508
51130,0.15208170298726736,3053.538527572893,17497.02643078003,13355.03842424532,4141.9880065347115,0.08143742883759406
51135,0.1520965750489716,3057.3784926581666,17498.70689275394,13371.000790684171,4127.706102069769,0.08142937141598641
51140,0.1521114471106758,3061.4723651772892,17500.67086061925,13387.456999221387,4113.213861397864,0.08128117819045261
51145,0.15212631917238,3065.5733350712835,17502.9057287979,13404.223679412038,4098.682049385863,0.08099689662626466
51150,0.15214119123408423,3069.413745564949,17505.33834874075,13421.089630163147,4084.248718577601,0.0805852976226935
51155,0.15215606329578843,3072.7440712866846,17507.83631111038,13437.815659554368,4070.020651556011,0.08018333496837207
51160,0.15217093535749265,3075.3668877146974,17510.213257275576,13454.135379740568,4056.077877535008,0.08017134426567168
51165,0.15218580741919685,3077.1647775477086,17512.238058143605,13469.758142922177,4042.4799152214273,0.08002232770794342
51170,0.15220067948090107,3078.1217701009064,17513.64733269452,13484.375251524261,4029.2720811702584,0.07974172463340667
51175,0.15221555154260527,3078.3380546800363,17514.16043540126,13497.67025088895,4016.4901845123095,0.07933946551778645
51180,0.1522304236043095,3078.0375273068494,17513.495782105936,13509.33353187814,4004.162250227797,0.07882930039989267
51185,0.1522452956660137,3077.5674924203413,17511.387256512488,13519.080713332678,3992.3065431798095,0.07867564289635076
51190,0.15226016772771792,3077.3897933365297,17507.59946831944,13526.673470867207,3980.925997452234,0.07849754142588031
51195,0.15227503978942214,3078.062927306628,17501.94081235787,13531.940783399694,3970.000028958175,0.07819556697881594
51200,0.15228991185112634,3080.21531927624,17494.27356936575,13534.798126474527,3959.475442891222,0.07778112066961464
51205,0.15230478391283056,3084.5107791154624,17484.52063511749,13535.262054812383,3949.258580305106,0.07736106580817484
51210,0.15231965597453476,3091.6080874881554,17472.668799520125,13533.457925398432,3939.2108741216925,0.07694136193812547
51215,0.15233452803623898,3102.117480035735,17458.76876353005,13529.619185765305,3929.149577764745,0.07671978587422522
51220,0.15234940009794318,3116.557398344765,17442.93224452984,13524.07759473749,3918.854649792349,0.07646839187216468
51225,0.1523642721596474,3135.315169968495,17425.326576827767,13517.244814366946,3908.0817624608208,0.07614186795314778
51230,0.1523791442213516,3158.615232242293,17406.167190479162,13509.586853070065,3896.5803374090974,0.07573666604522235
51235,0.15239401628305582,3186.4981200057027,17385.708296247045,13501.593701194532,3884.1145950525133,0.07567302647615073
51240,0.15240888834476002,3218.8127133868365,17364.232068076806,13493.747064305764,3870.485003771042,0.07570581177152265
51245,0.15242376040646424,3255.223235513151,17342.036632638097,13486.489296203521,3855.547336434576,0.07578384893375335
51250,0.15243863246816847,3295.231282120707,17319.423256277565,13480.196444578727,3839.226811698838,0.07584678315999267
51255,0.15245350452987266,3338.211861044849,17296.683240968407,13475.157778093915,3821.5254628744915,0.0758681227824474
51260,0.1524683765915769,3383.4611278849443,17274.085159504357,13471.563339175054,3802.5218203293025,0.07594219247432392
51265,0.15248324865328108,3430.2523126546785,17251.863128602552,13469.500074096653,3782.3630545058986,0.07600175378221066
51270,0.1524981207149853,3477.895310803735,17230.20680255054,13468.956071244615,3761.250731305925,0.07601535156590815
51275,0.1525129927766895,3525.794635814187,17209.253659737795,13469.831541542288,3739.422118195507,0.07608110087708381
51280,0.15252786483839373,3573.50001540174,17189.083967300438,13471.954539827386,3717.1294274730517,0.0761428582479556
51285,0.15254273690009792,3620.744018922809,17169.71858189159,13475.099145946284,3694.6194359453057,0.07615489535565956
51290,0.15255760896180215,3667.4618931647346,17151.11952067545,13479.003923184113,3672.1155974913363,0.07620911378158837
51295,0.15257248102350635,3713.790342069131,17133.193052448583,13483.388894483536,3649.804157965047,0.07628041431460814
51300,0.15258735308521057,3760.044238174489,17115.794934231908,13487.969904287373,3627.8250299445353,0.07631815500854948
51305,0.1526022251469148,3806.6729313983324,17098.737354686098,13492.46991520503,3606.2674394810674,0.07643529674086168
51310,0.152617097208619,3854.2005032464494,17081.797128700095,13496.627382436413,3585.169746263682,0.07653053277322856
51315,0.15263196927032321,3903.156531559085,17064.72469870373,13500.202255681272,3564.522443022457,0.07668255257549278
51320,0.1526468413320274,3954.0052885917066,17047.253523515123,13502.980336875715,3544.273186639408,0.07679518809212162
51325,0.15266171339373164,4007.081570070526,17029.10947100885,13504.776687239053,3524.332783769798,0.07686391701430975
51330,0.15267658545543583,4062.5405273284778,17010.0198819911,13505.438583836642,3504.581298154457,0.0769859207177023
51335,0.15269145751714006,4120.327115904849,16989.7220466874,13504.84824903412,3484.8737976532793,0.07709598474913713
51340,0.15270632957884425,4180.168378908218,16967.97093251298,13502.925291223788,3465.0456412891926,0.07715657774937312
51345,0.15272120164054848,4241.589117450329,16944.54610985611,13499.628563893546,3444.917545962564,0.07725264899286957
51350,0.15273607370225267,4303.9489390511335,16919.25791833977,13494.95701295422,3424.3009053855476,0.07736307040681584
51355,0.1527509457639569,4366.4965483741325,16891.952973861484,13488.949056513295,3403.003917348189,0.07741826973265604
51360,0.15276581782566112,4428.435682507428,16862.519119688895,13481.680123476177,3380.8389962127185,0.0774971663140887
51365,0.15278068988736532,4488.996382429208,16830.88987205577,13473.258148244826,3357.631723810944,0.07761052147649022
51370,0.15279556194906954,4547.505266644868,16797.048317400597,13463.817049007184,3333.2312683934124,0.07766315572331922
51375,0.15281043401077374,4603.448951337596,16761.03030987658,13453.508472566267,3307.5218373103125,0.07770337966063841
51380,0.15282530607247796,4656.525526858915,16722.92671959134,13442.492334451896,3280.434385139446,0.07782296405216393
51385,0.15284017813418216,4706.679890695144,16682.884412218973,13430.926886699017,3251.957525519956,0.07787708635746
51390,0.15285505019588638,4754.119702434926,16641.10560712237,13418.959179218093,3222.1464279042757,0.07787265396676754
51395,0.15286992225759058,4799.309829601665,16597.845264450127,13406.716822423317,3191.1284420268094,0.07800361413490525
51400,0.1528847943192948,4842.944511575151,16553.406191228594,13394.301895178902,3159.1042960496925,0.07806535123254367
51405,0.152899666380999,4885.898163686508,16508.13163576497,13381.787669664953,3126.3439661000175,0.07808785688481253
51410,0.15291453844270322,4929.157742280049,16462.395267676162,13369.218552152193,3093.1767155239686,0.07820863282913329
51415,0.15292941050440745,4973.741710596489,16416.588627298748,13356.613288074039,3059.9753392247094,0.078343629941267
51420,0.15294428256611164,5020.6125736535505,16371.106374323475,13343.971086720303,3027.1352876031724,0.07841295437839656
51425,0.15295915462781587,5070.591323825223,16326.32995390913,13331.279931695719,2995.0500222134106,0.07850727008859378
51430,0.15297402668952007,5124.282637810663,16282.610588616395,13318.52601029776,2964.084578318634,0.07863540256864818
51435,0.1529888987512243,5182.019102149663,16240.252736643406,13305.702969022273,2934.5497676211326,0.07869002760198435
51440,0.15300377081292849,5243.831108928049,16199.499267342499,13292.819624896882,2906.679642445617,0.07875881368059008
51445,0.1530186428746327,5309.446521304977,16160.519546667083,13279.904857001866,2880.614689665217,0.07888399609663836
51450,0.1530335149363369,5378.321059478118,16123.401386434645,13267.008670554353,2856.3927158802926,0.07892847234380121
51455,0.15304838699804113,5449.696975596641,16088.147425138191,13254.198844466708,2833.948580671484,0.07896693268691779
51460,0.15306325905974533,5522.684367209284,16054.676046282066,13241.553098755163,2813.122947526903,0.07909330589291866
51465,0.15307813112144955,5596.356797938415,16022.826494065876,13229.14729232742,2793.679201738456,0.07913277246873186
51470,0.15309300318315378,5669.851070920376,15992.36749967731,13217.040719267501,2775.3267804098086,0.07913809686927276
51475,0.15310787524485797,5742.460265343087,15963.008537601008,13205.260047356385,2757.748490244623,0.07926941058656375
51480,0.1531227473065622,5813.709613696458,15934.412799890597,13193.783776776567,2740.62902311403,0.07930881893123852
51485,0.1531376193682664,5883.40645208678,15906.211076280235,13182.529240806423,2723.6818354738116,0.07926875581602212
51490,0.15315249142997062,5951.658179354189,15878.015902783654,13171.344090068862,2706.6718127147924,0.07940948334428169
51495,0.1531673634916748,6018.855666059699,15849.435530038083,13160.003883382442,2689.431646655641,0.07945472586464788
51500,0.15318223555337904,6085.623517386644,15820.087418127927,13148.21686233279,2671.870555795136,0.07938876425380988
51505,0.15319710761508323,6152.742579014323,15789.611063935678,13135.636253416702,2653.9748105189756,0.07949994818466302
51510,0.15321197967678746,6221.053570513761,15757.680010963539,13121.87959279999,2635.800418163548,0.07955845149761098
51515,0.15322685173849165,6291.353205012463,15724.012896468488,13106.55370425284,2617.4591922156487,0.07953022860017767
51520,0.15324172380019588,6364.295159971743,15688.383377441918,13089.28319785939,2599.1001795825287,0.07962791447750352
51525,0.1532565958619001,6440.307567059852,15650.628761299875,13069.739811445224,2580.8889498546505,0.0796230462258572
51530,0.1532714679236043,6519.5363641185195,15610.657155062343,13047.669680276183,2562.9874747861595,0.07964242400109378
51535,0.15328633998530852,6601.820291132808,15568.452935202207,13022.915741759707,2545.5371934425,0.07973043817007723
51540,0.15330121204701272,6686.699135145076,15524.080321744595,12995.432954122052,2528.6473676225432,0.07970982175292972
51545,0.15331608410871694,6773.452727546598,15477.684809484066,12965.294771030407,2512.390038453659,0.07969676646860993
51550,0.15333095617042114,6861.164777054401,15429.492169438967,12932.690265480245,2496.8019039587216,0.07978230422098188
51555,0.15334582823212536,6948.803295719754,15379.80469951593,12897.912309028387,2481.892390487543,0.07975513661498983
51560,0.15336070029382956,7035.30832213044,15328.994399637013,12861.338154027115,2467.656245609898,0.07970030660643877
51565,0.15337557235553378,7119.677822251082,15277.49280255792,12823.40451555531,2454.088287002609,0.0797926557438625
51570,0.15339044441723798,7201.043831994963,15225.777331143838,12784.579711276592,2441.1976198672455,0.07977039341312828
51575,0.1534053164789422,7278.732759121623,15174.354284290448,12745.335535562961,2429.018748727487,0.07964900130543451
51580,0.15342018854064643,7352.305909982126,15123.738862488937,12706.121312481575,2417.6175500073623,0.07975764525280912
51585,0.15343506060235063,7421.578414604663,15074.432992796346,12667.34203853612,2407.0909542602258,0.079751908193215
51590,0.15344993266405485,7486.616560846545,15026.902047894973,12629.341788699192,2397.5602591957813,0.07961326944454428
51595,0.15346480472575905,7547.715013918613,14981.551817249727,12592.392752922447,2389.1590643272793,0.07968353783052912
51600,0.15347967678746327,7605.3565061972195,14938.707230903485,12556.68954082281,2382.0176900806746,0.0797041533273112
51605,0.15349454884916747,7660.157422936363,14898.594327650711,12522.347866161972,2376.2464614887394,0.07959327670141161
51610,0.1535094209108717,7712.803395068379,14861.326792226328,12489.406477140592,2371.9203150857356,0.07957647248535159
51615,0.1535242929725759,7763.9796252865635,14826.898077337522,12457.83124226096,2369.0668350765627,0.07963112156670828
51620,0.1535391650342801,7814.3012323962,14795.179713408026,12427.520573692624,2367.6591397154025,0.07955718283774656
51625,0.1535540370959843,7864.249314312968,14765.92594425128,12398.311759642009,2367.6141846092705,0.07943280463403224
51630,0.15356890915768853,7914.118516563741,14738.784369916104,12369.988156346557,2368.796213569547,0.07952734209669368
51635,0.15358378121939276,7963.98141720127,14713.31188474834,12342.287450814516,2371.024433933824,0.07949761992973045
51640,0.15359865328109695,8013.673814072973,14688.99491044266,12314.911285655946,2374.0836247867137,0.07938475082284314
51645,0.15361352534280118,8062.80299584141,14665.272758274268,12287.536431204277,2377.7363270699916,0.07938939131992025
51650,0.15362839740450537,8110.778487316351,14641.562903268696,12259.827439806586,2381.7354634621097,0.07940935315031482
51655,0.1536432694662096,8156.861989541141,14617.286985994833,12231.450394737521,2385.8365912573117,0.07931029527267291
51660,0.1536581415279138,8200.230807384109,14591.896435946985,12202.087053023844,2389.80938292314,0.07921023041077356
51665,0.15367301358961802,8240.047460347318,14564.896699367464,12171.448450685997,2393.448248681467,0.0792832267988954
51670,0.15368788565132221,8275.52771631573,14535.869134258573,12139.28694345079,2396.5821908077833,0.07922332707788726
51675,0.15370275771302644,8306.000020362333,14504.489705183923,12105.40572191069,2399.0839832732327,0.07910231809299614
51680,0.15371762977473064,8330.950992009439,14470.543684372522,12069.665063712244,2400.878620660278,0.07910395528098682
51685,0.15373250183643486,8350.053923373536,14433.93566467519,12031.984934668997,2401.9507300061923,0.07910584807387397
51690,0.15374737389813908,8363.179547865635,14394.69433351865,11992.343970417409,2402.350363101241,0.07899965127840464
51695,0.15376224595984328,8370.390346722252,14352.971656237463,11950.775291188245,2402.196365049218,0.07886553800091943
51700,0.1537771180215475,8371.921060013989,14309.036371733135,11907.35995347965,2401.6764182534844,0.0789301490613596
51705,0.1537919900832517,8368.148804448305,14263.262000970166,11862.219064767945,2401.0429362022205,0.07886191025241339
51710,0.15380686214495592,8359.556369988692,14216.10988699001,11815.505644632443,2400.6042423575673,0.07868219790269841
51715,0.15382173420666012,8346.69205579935,14168.108094498535,11767.397201720132,2400.710892778403,0.0786973123301744
51720,0.15383660626836435,8330.129001217168,14119.827265683067,11718.0897350141,2401.7375306689664,0.0786972159509891
51725,0.15385147833006854,8310.42649955564,14071.85472719276,11667.793508994466,2404.0612181982942,0.07855839873676045
51730,0.15386635039177277,8288.095308002832,14024.768248798784,11616.730558978907,2408.0376898198774,0.0784228180941864
51735,0.15388122245347696,8263.568496195174,13979.110855500105,11565.133521206299,2413.977334293806,0.07848054904580312
51740,0.1538960945151812,8237.178924868522,13935.367992683108,11513.245108787605,2422.122883895503,0.0784162770961256
51745,0.1539109665768854,8209.14407187432,13893.948151637722,11461.317408533321,2432.6307431044006,0.078194306966085
51750,0.1539258386385896,8179.558706394806,13855.167803607901,11409.610170833741,2445.55763277416,0.07822962438468521
51755,0.15394071070029383,8148.395886142762,13819.24119383059,11358.387397751383,2460.8537960792073,0.07825947982215896
51760,0.15395558276199803,8115.5168258112335,13786.275242068758,11307.911775680677,2478.3634663880803,0.07832348518278498
51765,0.15397045482370225,8080.69013954314,13756.269506594997,11258.436807678567,2497.8326989164307,0.07838369443472279
51770,0.15398532688540645,8043.620547130595,13729.12090846827,11210.196831594,2518.924076874271,0.0784447191260514
51775,0.15400019894711067,8003.986222066251,13704.632686866214,11163.395421890138,2541.2372649760764,0.07851872348993888
51780,0.15401507100881487,7961.4826341410935,13682.526863909858,11118.192933360839,2564.333930549019,0.07858886369890258
51785,0.1540299430705191,7915.869283092785,13662.4593407389,11074.694132980385,2587.7652077585153,0.07865511662605827
51790,0.1540448151322233,7867.014499762698,13644.0366350194,11032.936971094998,2611.099663924402,0.0787174420153578
51795,0.1540596871939275,7814.932831178176,13626.833221206694,10992.88356096033,2633.949660246364,0.07877578062551147
51800,0.15407455925563174,7759.809632422122,13610.408468904936,10954.414365736724,2655.994103168212,0.07883005426724306
51805,0.15408943131733593,7702.008435429543,13594.322304784366,10917.32643654642,2676.9958682379456,0.07889589263947748
51810,0.15410430337904016,7642.058399344283,13578.148946462654,10881.336310048935,2696.812636413719,0.07896378650786262
51815,0.15411917544074435,7580.6214848234995,13561.488348375482,10846.087871979222,2715.4004763962603,0.07902765362382103
51820,0.15413404750244858,7518.441626909387,13543.975316544167,10811.165145482528,2732.8101710616393,0.07908740713795503
51825,0.15414891956415278,7456.280716276375,13525.286537805358,10776.109598890294,2749.176938915063,0.07914295601869373
51830,0.154163791625857,7394.848240707708,13505.145977976385,10740.441218930586,2764.7047590457987,0.07919421084096998
51835,0.1541786636875612,7334.73266837954,13483.329195961871,10703.68229155388,2779.6469044079913,0.07924949249005084
51840,0.15419353574926542,7276.342875495311,13459.667083671937,10665.382594948118,2794.284488723819,0.07931507758411753
51845,0.15420840781096962,7219.867066289016,13434.049388167097,10625.1445505101,2808.904837656997,0.07937656619244807
51850,0.15422327987267384,7165.254756836188,13406.428138817524,10582.646803907064,2823.78133491046,0.07943389231873323
51855,0.15423815193437806,7112.224673111674,13376.820839075524,10537.664724892027,2839.1561141834973,0.07948699198829735
51860,0.15425302399608226,7060.2981603965545,13345.31304310951,10490.08642698522,2855.2266161242896,0.07953580352704927
51865,0.15426789605778649,7008.854357527971,13312.05976716162,10439.923121921913,2872.136645239707,0.07958601123938475
51870,0.15428276811949068,6957.200472488841,13277.28511236428,10387.312939429794,2889.9721729344856,0.07965031229588092
51875,0.1542976401811949,6904.648498307868,13241.279507616739,10332.517750429408,2908.7617571873307,0.07971052656065171
51880,0.1543125122428991,6850.5889755810895,13204.394106866495,10275.913007511597,2928.481099354898,0.07976657616047973
51885,0.15432738430460333,6794.553045165256,13167.032070678077,10217.971122548446,2949.0609481296306,0.07981838283207404
51890,0.15434225636630752,6736.255881863262,13129.636698353763,10159.23938849677,2970.397309856993,0.07986586800550627
51895,0.15435712842801175,6675.617291057557,13092.676627260646,10100.313866100614,2992.3627611600314,0.0799155106969826
51900,0.15437200048971594,6612.758322143626,13056.628559292045,10041.810942993527,3014.8176162985183,0.07997934307012174
51905,0.15438687255142017,6547.975744837352,13021.958195162919,9984.33839059211,3037.6198045708097,0.08003896515532967
51910,0.1544017446131244,6481.698752258904,12989.10024341608,9928.467673765457,3060.632569650623,0.08009425515748349
51915,0.1544166166748286,6414.433996986132,12958.438511253891,9874.709023826068,3083.729487427823,0.08014507871734179
51920,0.1544314887365328,6346.705861360736,12930.287167402397,9823.490417279674,3106.796750122723,0.08019128743749619
51925,0.154446360798237,6278.998702272624,12904.874283255009,9775.141186762172,3129.733096492837,0.08024412642120055
51930,0.15446123285994123,6211.706852440951,12882.328701345883,9729.880604797423,3152.44809654846,0.08030710224980604
51935,0.15447610492164543,6145.096676718653,12862.67114852508,9687.811479748409,3174.8596687766712,0.08036527432398946
51940,0.15449097698334965,6079.283266306587,12845.810309174738,9648.918599835979,3196.891709338759,0.08041839952349722
51945,0.15450584904505385,6014.222650355277,12831.544310039724,9613.071729832678,3218.472580207046,0.08046623003689791
51950,0.15452072110675807,5949.7188916878085,12819.567755382564,9580.032763519279,3239.5349918632855,0.08050852167930524
51955,0.15453559316846227,5885.444236428066,12809.484106617823,9549.466534824101,3260.017571793722,0.08056722906982758
51960,0.1545504652301665,5820.969672167878,12800.822847995478,9520.954697015344,3279.8681509801336,0.08062555522753317
51965,0.15456533729187072,5755.80279290562,12793.060549600512,9494.012025742039,3299.0485238584733,0.08068073210248514
51970,0.15458020935357492,5689.429663870082,12785.644666075115,9468.104521136196,3317.540144938919,0.08074482053064459
51975,0.15459508141527914,5621.357306895423,12778.018728099503,9442.668776192548,3335.3499519069555,0.08080378673549125
51980,0.15460995347698334,5551.153449649557,12769.647518517377,9417.132194711796,3352.515323805581,0.08085746828693664
51985,0.15462482553868756,5478.480360656234,12760.040883539059,9390.933704292507,3369.107179246552,0.0809077860371682
51990,0.15463969760039176,5403.120021004321,12748.774997682767,9363.54455543518,3385.2304422475863,0.08097777929327177
51995,0.15465456966209598,5324.988617031414,12735.510145768207,9334.488623442596,3401.021522325611,0.08104280255748303
52000,0.15466944172380018,5244.139361841128,12720.004362113857,9303.361403687742,3416.642958426115,0.08110288721125651
52005,0.1546843137855044,5160.753867749353,12702.12253325446,9269.846721937109,3432.2758113173513,0.08115811661972898
52010,0.1546991858472086,5075.123504275436,12681.840795886761,9233.730161854071,3448.1106340326896,0.08120862454078334
52015,0.15471405790891282,4987.623163304141,12659.246236476434,9194.908365890062,3464.3378705863724,0.08126730231207376
52020,0.15472892997061705,4898.680482519169,12634.532032746662,9153.39363764848,3481.1383950981817,0.08133857915435626
52025,0.15474380203232124,4808.7438520481,12607.98829226127,9109.313563979866,3498.674728281405,0.08140646152037494
52030,0.15475867409402547,4718.252476903527,12579.98896278672,9062.905605632792,3517.083357153928,0.08147121969671013
52035,0.15477354615572966,4627.6113528475325,12550.975326727927,9014.506769193265,3536.468557534661,0.08153313579521003
52040,0.1547884182174339,4537.173215464375,12521.436746206547,8964.538633392729,3556.8981128138184,0.08159920179824083
52045,0.15480329027913808,4447.2284673011545,12491.889479965153,8913.488241569357,3578.401238395796,0.08168841216050296
52050,0.1548181623408423,4358.00299923472,12462.854522618893,8861.885719858283,3600.96880276061,0.08177612400788176
52055,0.1548330344025465,4269.662859961273,12434.835494077888,8810.279874355754,3624.555619722134,0.08186242562155564
52060,0.15484790646425073,4182.323965593193,12408.297613150811,8759.213318770122,3649.0842943806892,0.08194733245045778
52065,0.15486277852595492,4096.064575950862,12383.648718957777,8709.198744240679,3674.4499747170976,0.08204229714462528
52070,0.15487765058765915,4010.938205412034,12361.223166280728,8660.697711994302,3700.525454286426,0.08215790423327668
52075,0.15489252264936337,3926.984970406792,12341.269236378632,8614.10290772742,3727.166328651212,0.08227183720543813
52080,0.15490739471106757,3844.2399656312273,12323.940497001628,8569.724319047278,3754.2161779543494,0.08238363544077541
52085,0.1549222667727718,3762.738008901112,12309.291336705865,8527.779454957443,3781.5118817484217,0.08249276076020477
52090,0.154937138834476,3682.5149711994745,12297.276706301343,8488.387589331727,3808.889116969616,0.08261936382206884
52095,0.15495201089618021,3603.6067816245068,12287.755934268689,8451.568011667838,3836.1879226008514,0.08275535778244786
52100,0.1549668829578844,3526.047791595367,12280.500343797841,8417.2422528917,3863.2580909061417,0.08288678029893667
52105,0.15498175501958864,3449.8703023787566,12275.204279201944,8385.240085922384,3889.9641932795603,0.08301292344861923
52110,0.15499662708129283,3375.106725581807,12271.499038111082,8355.308766051421,3916.190272059661,0.08313311812835132
52115,0.15501149914299706,3301.7951502569003,12268.969095286851,8327.124608781378,3941.8444865054735,0.08327655700280695
52120,0.15502637120470125,3229.9880806741367,12267.169893275648,8300.305811799006,3966.8640814766422,0.08341725079626704
52125,0.15504124326640548,3159.762926241083,12265.646372031815,8274.4255678107,3991.220804221115,0.08355042316108627
52130,0.1550561153281097,3091.2318045449074,12263.951331065211,8249.024979861544,4014.926351203667,0.08367566511984136
52135,0.1550709873898139,3024.54769149968,12261.66268847805,8223.625895286143,4038.036793191908,0.08379827877941486
52140,0.15508585945151812,2959.904031560187,12258.398747419726,8197.744239823029,4060.654507596697,0.08394146199988048
52145,0.15510073151322232,2897.5255808802895,12253.8307178633,8170.904532135162,4082.926185728138,0.08407603428770567
52150,0.15511560357492654,2837.649481108616,12247.691967112496,8142.655937498155,4105.036029614341,0.08423121938374088
52155,0.15513047563663074,2780.497246062887,12239.783763485308,8112.589624595273,4127.194138890035,0.08438214980371381
52160,0.15514534769833496,2726.240160122815,12229.977596591276,8080.356582320429,4149.621014270847,0.08452509561300289
52165,0.15516021976003916,2674.96213170205,12218.214457820113,8045.684667465715,4172.529790354398,0.08465983304429005
52170,0.15517509182174338,2626.6250732014078,12204.501697404923,8008.393580480754,4196.108116924169,0.0848052418973506
52175,0.15518996388344758,2581.042267987441,12188.908200243879,7968.406629984635,4220.501570259244,0.08495764118544807
52180,0.1552048359451518,2537.864776130109,12171.558622928753,7925.758379509397,4245.800243419356,0.08510163444418473
52185,0.15521970800685603,2496.5846080323918,12152.62731595858,7880.597439032844,4272.029876925736,0.08523702930155437
52190,0.15523458006856022,2456.556301807288,12132.332345889308,7833.183770405278,4299.1485754840305,0.08536366184175612
52195,0.15524945213026445,2417.0360537855795,12110.929774289174,7783.880051997657,4327.049722291517,0.08550912599570235
52200,0.15526432419196864,2377.2350552592898,12088.708094307374,7733.137049151577,4355.571045155797,0.08565340207434227
52205,0.15527919625367287,2336.381499539403,12065.98252223898,7681.473606553345,4384.508915685636,0.08578884712950151
52210,0.15529406831537707,2293.784190581484,12043.088729927902,7629.452683350873,4413.636046577029,0.08591532782211153
52215,0.1553089403770813,2248.890150909424,12020.375601819744,7577.655525791807,4442.720076027937,0.086036996110881
52220,0.15532381243878549,2201.3292252717056,11998.196703331443,7526.6563420541315,4471.540361277312,0.08618140896456093
52225,0.1553386845004897,2150.940262830055,11976.900334316993,7476.999569263909,4499.900765053085,0.08631679331176911
52230,0.1553535565621939,2097.775766399247,11956.818281319205,7429.181080103494,4527.637201215711,0.08644297600419036
52235,0.15536842862389813,2042.0846309523204,11938.253636222065,7383.633733007962,4554.619903214103,0.08655978594045613
52240,0.15538330068560235,1984.2753754001878,11921.468277092734,7340.716852354974,4580.751424737759,0.08668716820757143
52245,0.15539817274730655,1924.8646293001939,11906.670777872903,7300.708762424147,4605.962015448757,0.08682205248736972
52250,0.15541304480901078,1864.4171843807162,11894.005607631047,7263.801437808857,4630.204169822189,0.0869472920024077
52255,0.15542791687071497,1803.484511401235,11883.544487203193,7230.096560339473,4653.44792686372,0.08706268091467233
52260,0.1554427889324192,1742.5483153273326,11875.280687727267,7199.602609262118,4675.678078465149,0.08717152785240442
52265,0.1554576609941234,1681.9745829119765,11869.126887497392,7172.23291311593,4696.893974381462,0.08730494759839098
52270,0.15547253305582762,1621.9818958152855,11864.916967551824,7147.804808556582,4717.112158995242,0.0874282705278577
52275,0.1554874051175318,1562.6258862643735,11862.411846950561,7126.040221881716,4736.371625068845,0.08754134506328708
52280,0.15550227717923604,1503.7999437606031,11861.30916280805,7106.568176698562,4754.7409861094875,0.08766269727948767
52285,0.15551714924094023,1445.2508318702676,11861.25631559226,7088.929948049922,4772.326367542338,0.08779986111763069
52290,0.15553202130264446,1386.6067895302103,11861.866155302267,7072.587759715526,4789.278395586741,0.0879280136255205
52295,0.15554689336434868,1327.4149636268066,11862.73440323539,7056.93794052855,4805.79646270684,0.08806458306085581
52300,0.15556176542605288,1267.1846088178336,11863.457801982264,7041.329221536373,4822.128580445891,0.08821290048335104
52305,0.1555766374877571,1205.4323114135332,11863.651967381627,7025.086346764035,4838.565620617593,0.08835257614943651
52310,0.1555915095494613,1141.7254782113687,11862.967977900233,7007.538453271099,4855.429524629134,0.08848352138153379
52315,0.15560638161116552,1075.7204999446749,11861.106870529175,6988.0508849858115,4873.055985543363,0.0886113670774306
52320,0.15562125367286972,1007.1924194541352,11857.831401432062,6966.05839500355,4891.773006428512,0.08876496968254487
52325,0.15563612573457394,936.0536231939495,11852.974651100145,6941.097192691991,4911.877458408154,0.08891049342654533
52330,0.15565099779627814,862.3599934175945,11846.445282439689,6912.83308407257,4933.612198367118,0.08904789563041779
52335,0.15566586985798236,786.3040719731143,11838.229472327374,6881.083066456931,4957.146405870442,0.089177152762391
52340,0.15568074191968656,708.1960520246248,11828.389711941265,6845.828164432699,4982.561547508566,0.08933951517956776
52345,0.15569561398139078,628.4347284488231,11817.060793517521,6807.215995208353,5009.844798309168,0.08949482987909652
52350,0.155710486043095,547.4717512585848,11804.443366284486,6765.55245547386,5038.890910810625,0.08964249371893948
52355,0.1557253581047992,465.7734873528934,11790.795459128569,6721.282930489403,5069.512528639166,0.08978252459737511
52360,0.15574023016650343,383.78533909415455,11776.422347168887,6674.964424537008,5101.457922631879,0.0899576091131634
52365,0.15575510222820763,301.9032988972722,11761.66510327203,6627.230881702779,5134.43422156925,0.0901252384080409
52370,0.15576997428991185,220.4566979499523,11746.888143784496,6578.754598505833,5168.1335452786625,0.09028520780824817
52375,0.15578484635161605,139.70457035894287,11732.466067304114,6530.206947634694,5202.25911966942,0.09044193004144878
52380,0.15579971841332027,59.84602249526324,11718.77010353396,6482.22160614601,5236.548497387949,0.09062996847557722
52385,0.15581459047502447,-18.957208276511665,11706.154532214161,6435.363129755499,5270.791402458662,0.09081015954606808
52390,0.1558294625367287,-96.5498414730173,11694.943487361033,6390.1030873104355,5304.840400050598,0.09098222418661654
52395,0.1558443345984329,-172.74909454580848,11685.41861320153,6346.805139998503,5338.613473203026,0.09116018409819432
52400,0.1558592066601371,-247.31362206179983,11677.808067959828,6305.719515487866,5372.0885524719615,0.0913599637571223
52405,0.15587407872184134,-319.9209976749062,11672.27736603412,6266.986397063757,5405.290968970364,0.09155116957056555
52410,0.15588895078354553,-390.1582106913211,11668.92250211825,6230.646921445534,5438.275580672716,0.09173346728894734
52415,0.15590382284524976,-457.52777011704165,11667.765716252437,6196.6598346301025,5471.105881622335,0.0919431619767083
52420,0.15591869490695395,-521.46967220023,11668.754146890024,6164.9214526107135,5503.83269427931,0.09215917724291342
52425,0.15593356696865818,-581.3970425881216,11671.761492623225,6135.286450603832,5536.475042019393,0.09239703504242844
52430,0.15594843903036237,-636.7411172946886,11676.59267425736,6107.5871615376855,5569.005512719674,0.0926396025594869
52435,0.1559633110920666,-686.9997321900646,11682.991366038616,6081.649463225505,5601.34190281311,0.09287397775102346
52440,0.1559781831537708,-731.7828922044155,11690.650150632571,6057.303911936712,5633.346238695859,0.09310078302657816
52445,0.15599305521547502,-770.8494150581191,11699.222943871026,6034.391467289303,5664.831476581722,0.09336046904479764
52450,0.15600792727717921,-804.1300610923881,11708.339228233528,6012.763870521767,5695.575357711761,0.0936110572420507
52455,0.15602279933888344,-831.7347301320824,11717.619526666133,5992.279401669228,5725.340124996905,0.09385188729794414
52460,0.15603767140058766,-853.9438149406069,11726.69144372517,5972.795281922467,5753.896161802703,0.0941004733952161
52465,0.15605254346229186,-871.186191535864,11735.205509091162,5954.158363726253,5781.047145364909,0.0943647178942232
52470,0.15606741552399608,-884.0081997541874,11742.849996244078,5936.195939939446,5806.654056304632,0.09461817763324139
52475,0.15608228758570028,-893.0390125516369,11749.363876979942,5918.708487996802,5830.655388983139,0.09486047061557148
52480,0.1560971596474045,-898.957833593493,11754.547128082604,5901.46594042906,5853.0811876535445,0.09513585397226203
52485,0.1561120317091087,-902.4674242357778,11758.267740368688,5884.2086573213355,5874.059083047353,0.09539950018311617
52490,0.15612690377081292,-904.2767671370584,11760.464993683603,5866.653708538583,5893.8112851450205,0.09565080617148687
52495,0.15614177583251712,-905.0935580601144,11761.14884284835,5848.506407684523,5912.642435163827,0.09591937190863366
52500,0.15615664789422135,-905.6250486096105,11760.39558210168,5829.476348414007,5930.919233687674,0.09619116598727723
52505,0.15617151995592554,-906.5839226596381,11758.340278833914,5809.296572100733,5949.04370673318,0.09644987754373165
52510,0.15618639201762977,-908.694732652004,11755.166745563069,5787.744044950319,5967.422700612749,0.09671749220189302
52515,0.156201264079334,-912.6961734493834,11751.09600990392,5764.659417551183,5986.4365923527375,0.096995860932564
52520,0.1562161361410382,-919.3351623781455,11746.374314530189,5739.964109788629,6006.41020474156,0.09726048082707679
52525,0.1562310082027424,-929.3501905364337,11741.261619562398,5713.673090383996,6027.588529178402,0.09756239859982457
52530,0.1562458802644466,-943.4434705094318,11736.021398837414,5685.902239231407,6050.119159606007,0.09785689879138396
52535,0.15626075232615083,-962.2436979348986,11730.912252751814,5656.869790017455,6074.042462734359,0.09817627474803152
52540,0.15627562438785503,-986.2633691146129,11726.181551938977,5626.891933610552,6099.289618328425,0.0984893529010104
52545,0.15629049644955925,-1015.8561640162516,11722.061028710328,5596.373124793671,6125.687903916657,0.09878981181282762
52550,0.15630536851126345,-1051.1806251651487,11718.76399083495,5565.7919284370755,6152.972062397875,0.0991173166467842
52555,0.15632024057296767,-1092.176090831912,11716.483675208923,5535.6833655039845,6180.800309704939,0.09943446927420606
52560,0.15633511263467187,-1138.5555723934485,11715.392199938817,5506.618707694447,6208.77349224437,0.09973757261795599
52565,0.1563499846963761,-1189.81815615887,11715.639606417042,5479.183577310935,6236.456029106107,0.10006715932231887
52570,0.15636485675808032,-1245.2808778566468,11717.352588292757,5453.955098423815,6263.397489868942,0.10038340918941348
52575,0.1563797288197845,-1304.1272910298394,11720.632655441896,5431.478765483815,6289.153889958081,0.10069124229801102
52580,0.15639460088148874,-1365.467565859688,11725.553651726173,5412.245667660156,6313.3079840660175,0.10101709469190374
52585,0.15640947294319293,-1428.4032729393602,11732.158712862585,5396.670728900602,6335.487983961983,0.1013256591346681
52590,0.15642434500489716,-1492.0892686439402,11740.45689762264,5385.072680909422,6355.384216713218,0.1016484291442576
52595,0.15643921706660135,-1555.7854028444708,11750.419840297382,5377.656559156396,6372.763281140986,0.10196085377966967
52600,0.15645408912830558,-1618.8920536908827,11761.978848225088,5374.499575588034,6387.479272637054,0.10225333093570683
52605,0.15646896119000978,-1680.9655496120668,11775.022902063285,5375.541249204588,6399.481652858697,0.10256527811305005
52610,0.156483833251714,-1741.7120678463343,11789.398007607453,5380.5786454601175,6408.819362147336,0.10291222647295517
52615,0.1564987053134182,-1800.9612832706407,11804.9082971324,5389.267472258856,6415.640824873544,0.10325005832732805
52620,0.15651357737512242,-1858.6235797230293,11821.31918805379,5401.1295928450645,6420.189595208726,0.10357393662713678
52625,0.15652844943682664,-1914.636751308397,11838.36278138519,5415.567238699198,6422.795542685993,0.10392053852815603
52630,0.15654332149853084,-1968.9095698788733,11855.745528694937,5431.88384729982,6423.861681395117,0.10434539152207148
52635,0.15655819356023506,-2021.270193436494,11873.158023559756,5449.311035892155,6423.846987667601,0.10476643255950256
52640,0.15657306562193926,-2071.427038773096,11890.286595033273,5467.040789888621,6423.245805144652,0.10516989021923497
52645,0.15658793768364349,-2118.9484343495915,11906.826212854972,5484.261532365147,6422.564680489825,0.10554629788957193
52650,0.15660280974534768,-2163.265204562962,11922.494075422997,5500.19638679657,6422.297688626428,0.10589499800802218
52655,0.1566176818070519,-2203.6975372421803,11937.043158672084,5514.141681735091,6422.901476936993,0.10621681439333651
52660,0.1566325538687561,-2239.504390547567,11950.274966854658,5525.503597807555,6424.771369047104,0.10651257477973017
52665,0.15664742593046033,-2269.950697143742,11962.050745026381,5533.830837159925,6428.219907866456,0.10678308901188725
52670,0.15666229799216452,-2294.3850937380503,11972.300478670262,5538.841308794699,6433.459169875563,0.10702912884229025
52675,0.15667717005386875,-2312.3191496326835,11981.029105085945,5540.44107342809,6440.588031657855,0.10725141050774234
52680,0.15669204211557297,-2323.4983207655896,11988.319481093102,5538.734179105444,6449.585301987658,0.10745058116052139
52685,0.15670691417727717,-2327.955256195264,11994.331784359263,5534.022534356156,6460.309250003107,0.10762720998082088
52690,0.1567217862389814,-2326.0376548340882,11999.299169994127,5526.795582656902,6472.503587337224,0.1077817844126067
52695,0.1567366583006856,-2318.405504646991,12003.519664919813,5517.710214705201,6485.809450214612,0.10791471148845981
52700,0.1567515303623898,-2305.995997218335,12007.34446586376,5507.5620210444395,6499.7824448193205,0.10802632371174087
52705,0.156766402424094,-2289.95832613757,12011.163013309539,5497.24957531257,6513.913437996968,0.10811688852890859
52710,0.15678127448579823,-2271.564453362542,12015.385434373193,5487.733879738239,6527.651554634954,0.10818662012484968
52715,0.15679614654750243,-2252.105210165799,12020.42316431728,5479.995351487489,6540.427812829792,0.10823569215994068
52720,0.15681101860920665,-2232.7832874072647,12026.668745247393,5474.990764935728,6551.677980311664,0.10826425015497762
52725,0.15682589067091085,-2214.615413749756,12034.475935108272,5473.612407901593,6560.8635272066795,0.10827242249135964
52730,0.15684076273261507,-2198.3551803442006,12044.141316920473,5476.6514011481695,6567.489915772304,0.10828311310131478
52735,0.1568556347943193,-2184.445637182842,12055.88856245082,5484.766724681736,6571.121837769084,0.10831673317686417
52740,0.1568705068560235,-2173.007267532943,12069.856374080051,5498.461047864529,6571.395326215522,0.10832511619844491
52745,0.15688537891772772,-2163.8627079090875,12086.090913813096,5518.064021458076,6568.026892355019,0.1083089792456761
52750,0.15690025097943192,-2156.59516006386,12104.543248948883,5543.72329236487,6560.819956584013,0.1082690121094834
52755,0.15691512304113614,-2150.6333767473443,12125.072025694224,5575.403162846799,6549.668862847425,0.10820587334239222
52760,0.15692999510284034,-2145.3528843187996,12147.451252907662,5612.890537581828,6534.560715325834,0.10812018650277655
52765,0.15694486716454456,-2140.1811304870935,12171.38276375692,5655.807577183818,6515.575186573102,0.10801253676011932
52770,0.15695973922624876,-2134.69377012688,12196.512643254078,5703.630295939092,6492.882347314986,0.10788346804367722
52775,0.15697461128795298,-2128.690405599762,12222.450678201014,5755.712195717426,6466.738482483588,0.10773348099898879
52780,0.15698948334965718,-2122.2406665931176,12248.791712076012,5811.311912322993,6437.4797997530195,0.10756303213516537
52785,0.1570043554113614,-2115.695241789823,12275.137676715936,5869.623764368266,6405.51391234767,0.10737253464459383
52790,0.15701922747306563,-2109.660878118004,12301.119029028263,5929.8100402058335,6371.3089888224295,0.10716236139265292
52795,0.15703409953476982,-2104.9428477769743,12326.414346976371,5991.033837075901,6335.38050990047,0.10693285046154723
52800,0.15704897159647405,-2102.4623413330355,12350.766936055854,6052.491276248027,6298.275659807827,0.10668431337956737
52805,0.15706384365817824,-2103.159163993505,12373.997463978285,6113.441953066908,6260.555510911377,0.10641704580898291
52810,0.15707871571988247,-2107.8916450437027,12396.011871380975,6173.236536022033,6222.775335358942,0.10613134007073652
52815,0.15709358778158666,-2117.3456745415388,12416.804089724008,6231.340502650377,6185.463587073631,0.10582749853454716
52820,0.1571084598432909,-2131.9633239095547,12436.45342007877,6287.353096505966,6149.100323572803,0.10550584667287947
52825,0.15712333190499508,-2151.89884145623,12455.116771222893,6341.020718096242,6114.096053126651,0.10516674451465248
52830,0.1571382039666993,-2177.006330452494,12473.016302017513,6392.244136169845,6080.7721658476685,0.10481059535190834
52835,0.1571530760284035,-2206.8595816938123,12490.42333785534,6441.07913517417,6049.34420268117,0.10443785082664202
52840,0.15716794809010773,-2240.800823762009,12507.639708169001,6487.73050413797,6019.909204031032,0.1040490119060828
52845,0.15718282015181195,-2278.012002610247,12524.977854637977,6532.539613112995,5992.438241524982,0.10364462568132764
52850,0.15719769221351615,-2317.5999363670817,12542.741162539853,6575.966191397013,5966.77497114284,0.10322527833665525
52855,0.15721256427522037,-2358.6855064091887,12561.205951817412,6618.565278552209,5942.640673265203,0.1027915849859083
52860,0.15722743633692457,-2400.486997639244,12580.606422789559,6660.960617573664,5919.645805215894,0.10234417732379074
52865,0.1572423083986288,-2442.3887208206816,12601.123592722577,6703.815953873297,5897.30763884928,0.1018836901760746
52870,0.157257180460333,-2483.9879679934347,12622.878908042627,6747.80576114853,5875.073146894097,0.10141074805151906
52875,0.15727205252203721,-2525.1159264390026,12645.932808951211,6793.586825743059,5852.345983208152,0.10092595271169953
52880,0.1572869245837414,-2565.8311154589264,12670.288100473963,6841.771902075129,5828.516198398834,0.10042987260496629
52885,0.15730179664544564,-2606.3868920656187,12695.897587797392,6892.906345373681,5802.991242423711,0.09992303478590014
52890,0.15731666870714983,-2647.177272873687,12722.675099243375,6947.448292028948,5775.226807214427,0.09940591969213668
52895,0.15733154076885406,-2688.6674534296344,12750.508773011292,7005.75265130717,5744.756121704122,0.09887895890321519
52900,0.15734641283055828,-2731.3167617063773,12779.275338358744,7068.058941490728,5711.216396868016,0.09834253578018652
52905,0.15736128489226248,-2775.5022473819517,12808.85408320971,7134.482872716872,5674.371210492837,0.09779698869001718
52910,0.1573761569539667,-2821.450680230715,12839.139265884307,7205.011546812607,5634.1277190717,0.09724261635915375
52915,0.1573910290156709,-2869.1855187268957,12870.049891161767,7279.502187753902,5590.547703407865,0.09667968477830136
52920,0.15740590107737512,-2918.4936169323464,12901.536018163539,7357.684396376359,5543.85162178718,0.0961084350001413
52925,0.15742077313907932,-2968.91431963188,12933.581082764302,7439.1659960892885,5494.415086675013,0.09552909114175771
52930,0.15743564520078354,-3019.7514112554545,12966.200079050026,7523.442564409855,5442.757514640171,0.09494186793459111
52935,0.15745051726248774,-3070.106360894546,12999.433826783814,7609.910703541376,5389.523123242438,0.09434697726520233
52940,0.15746538932419196,-3118.929620377028,13033.33992455751,7697.884984451438,5335.454940106071,0.09374463331872238
52945,0.15748026138589616,-3165.0854983955087,13067.981317782189,7786.618312472881,5281.3630053093075,0.09313505615770899
52950,0.15749513344760038,-3207.4253919940693,13103.41366292941,7875.325232313273,5228.088430616137,0.092518473811863
52955,0.1575100055093046,-3244.863880816727,13139.672814405345,7963.207450244972,5176.465364160373,0.09190493463364906
52960,0.1575248775710088,-3276.452301315794,13176.763776286847,8049.480638306992,5127.283137979855,0.09131527257141753
52965,0.15753974963271303,-3301.444809423985,13214.652338465308,8133.40143198937,5081.250906475938,0.09071788641322762
52970,0.15755462169441722,-3319.352502091111,13253.260361573723,8214.293460238328,5038.966901335394,0.09011304442159257
52975,0.15756949375612145,-3329.9818290223484,13292.465310993197,8291.571260741272,5000.894050251925,0.08950102313551274
52980,0.15758436581782564,-3333.4542863032057,13332.104206846043,8364.761025580716,4967.343181265327,0.08888210982074424
52985,0.15759923787952987,-3330.2053153256493,13371.9817048234,8433.517272841633,4938.464431981767,0.08825660551162873
52990,0.15761410994123407,-3320.961534756696,13411.881605318214,8497.634725472952,4914.246879845263,0.08762482827922216
52995,0.1576289820029383,-3306.696966253123,13451.580753087846,8557.054880542622,4894.525872545224,0.08698711623498274
53000,0.15764385406464249,-3288.5707202755766,13490.86407057888,8611.866961329286,4878.997109249594,0.08634382976707683
53005,0.1576587261263467,-3267.8504932016567,13529.53938221641,8662.303162877959,4867.236219338451,0.0856953526038587
53010,0.15767359818805093,-3245.827893114825,13567.450733848924,8708.728335388405,4858.722398460519,0.0850420914739671
53015,0.15768847024975513,-3223.732738553974,13604.489076483624,8751.624502347948,4852.864574135676,0.0843844743361086
53020,0.15770334231145935,-3202.653815257456,13640.599442139639,8791.570874420408,4849.028567719231,0.08372294733558076
53025,0.15771821437316355,-3183.4730308092694,13675.784062960527,8829.220274357414,4846.563788603113,0.0830579707739813
53030,0.15773308643486778,-3166.818549595764,13710.101241669207,8865.27309927715,4844.828142392056,0.08254840316789303
53035,0.15774795849657197,-3153.04053904363,13743.660140982609,8900.450077769567,4843.210063213042,0.08251486524303248
53040,0.1577628305582762,-3142.2109106661483,13776.611991901153,8935.465102229671,4841.146889671481,0.08246772835825916
53045,0.1577777026199804,-3134.146203576842,13809.138499167628,8970.999323077982,4838.139176089646,0.08240935522345194
53050,0.15779257468168462,-3128.4507922243683,13841.43842498867,9007.677496481196,4833.760928507474,0.08234197468282539
53055,0.1578074467433888,-3124.576080551591,13873.71344437167,9046.047316639024,4827.666127732646,0.08230350927422007
53060,0.15782231880509304,-3121.890347673305,13906.154379973877,9086.562184548777,4819.592195425101,0.08227145184225416
53065,0.15783719086679726,-3119.7534190327497,13938.928842516105,9129.567614432568,4809.361228083537,0.08222736711546223
53070,0.15785206292850146,-3117.590271763307,13972.171134784487,9175.291293266151,4796.8798415183355,0.0821733804600312
53075,0.15786693499020568,-3114.9579424108197,14005.975041288659,9223.836707226727,4782.138334061932,0.08211144715473451
53080,0.15788180705190988,-3111.600606084108,14040.389846470081,9275.180230718886,4765.209615751195,0.0820599470774579
53085,0.1578966791136141,-3107.488399752583,14075.419630308525,9329.171620792673,4746.248009515852,0.08202756126255424
53090,0.1579115511753183,-3102.836486598919,14111.025610259854,9385.53794135833,4725.487668901524,0.08198372071560196
53095,0.15792642323702252,-3098.102063278975,14147.131059089259,9443.891019235802,4703.240039853457,0.08193044708344523
53100,0.15794129529872672,-3093.9585573634577,14183.62814984372,9503.738568344996,4679.8895814987245,0.08186961086127685
53105,0.15795616736043094,-3091.2481487663554,14220.385973996774,9564.49907658074,4655.886897416034,0.08180289435277041
53110,0.15797103942213514,-3090.915870698216,14257.258950100228,9625.520414801973,4631.738535298255,0.08175648575955902
53115,0.15798591148383936,-3093.9306785252647,14294.094883620915,9686.101902461762,4607.992981159154,0.08170774393912233
53120,0.1580007835455436,-3101.200701977352,14330.742044103104,9745.519275713712,4585.2227683893925,0.08165042883740135
53125,0.15801565560724778,-3113.4910745772977,14367.054779150163,9803.05169561331,4564.0030835368525,0.0816049784794501
53130,0.158030527668952,-3131.3529797654664,14402.897369779144,9858.009659659134,4544.8877101200105,0.08156508415200621
53135,0.1580453997306562,-3155.0717226091238,14438.14603136246,9909.76248968125,4528.383541681209,0.08152430638405059
53140,0.15806027179236043,-3184.639768969786,14472.689162183926,9957.763997538832,4514.925164645094,0.08148263343344092
53145,0.15807514385406463,-3219.7580049316693,14506.426121435632,10001.574988728828,4504.8511327068045,0.08143996749530327
53150,0.15809001591576885,-3259.865302945378,14539.264965008088,10040.881440743702,4498.383524264385,0.08139617258112984
53155,0.15810488797747305,-3304.193253910471,14571.119667070856,10075.50745826182,4495.612208809036,0.0813511180641137
53160,0.15811976003917727,-3351.840063303558,14601.907397483508,10105.42242377988,4496.4849737036275,0.08131207094960682
53165,0.15813463210088147,-3401.855491466342,14631.546403464066,10130.742094476042,4500.804308988025,0.08127887569675814
53170,0.1581495041625857,-3453.327614168029,14659.954958191547,10151.723716854613,4508.2312413369345,0.08124602351645754
53175,0.15816437622428992,-3505.4622086204945,14687.05169639571,10168.755523222882,4518.296173172828,0.08121334839507333
53180,0.1581792482859941,-3557.6466775557565,14712.757473172413,10182.341229003654,4530.416244168759,0.08118067115650052
53185,0.15819412034769834,-3609.4923955892973,14736.998680889325,10193.080360628832,4543.918320260493,0.08114783808568957
53190,0.15820899240940253,-3660.8518748410243,14759.711768736926,10201.645402428827,4558.0663663080995,0.08111475047543301
53195,0.15822386447110676,-3711.8098433125087,14780.848558991356,10208.756848330448,4572.091710660909,0.08108138385768765
53200,0.15823873653281095,-3762.6498891404663,14800.38186595284,10215.157273213204,4585.224592739636,0.08104779664432434
53205,0.15825360859451518,-3813.8005042178866,14818.310907833898,10221.585498454662,4596.725409379236,0.08101931274176548
53210,0.15826848065621937,-3865.766012623504,14834.66605215707,10228.751824330295,4605.9142278267755,0.08100504529755034
53215,0.1582833527179236,-3919.048922043572,14849.512529333697,10237.315154466238,4612.197374867459,0.08099095614649923
53220,0.1582982247796278,-3974.0706793748486,14862.95285577315,10247.862665240402,4615.090190532748,0.08097688671320614
53225,0.15831309684133202,-4031.0976791302,14875.127796367076,10260.892496507082,4614.2352998599945,0.08096277675221641
53230,0.15832796890303624,-4090.1787371619976,14886.215746511065,10276.799775567635,4609.41597094343,0.0809486621793773
53235,0.15834284096474044,-4151.0992042641865,14896.430423677668,10295.866143832765,4600.564279844903,0.08093466444281701
53240,0.15835771302644466,-4213.355570469741,14906.016744745179,10318.252839524625,4587.763905220554,0.08092097342055209
53245,0.15837258508814886,-4276.152910278166,14915.244758377337,10343.997300949566,4571.247457427771,0.08090782591729906
53250,0.15838745714985308,-4338.425926422473,14924.401535542886,10373.013192712222,4551.3883428306635,0.0809035349022405
53255,0.15840232921155728,-4398.882721379232,14933.781020440758,10405.093720371277,4528.687300069481,0.08091525161772409
53260,0.1584172012732615,-4456.068801018371,14943.672015225406,10439.918085198826,4503.75393002658,0.08093635333642125
53265,0.1584320733349657,-4508.447242719629,14954.344699696221,10477.060935496453,4477.2837641997685,0.080960961705507
53270,0.15844694539666992,-4554.489531504056,14966.03633705731,10516.004686710872,4450.031650346438,0.08098926909091929
53275,0.15846181745837412,-4592.770429934313,14978.937043503527,10556.154597428545,4422.782446074982,0.0810213498929121
53280,0.15847668952007835,-4622.059586896126,14993.17665714811,10596.856487015975,4396.320170132134,0.0810571546749444
53285,0.15849156158178257,-4641.402580614109,15008.813796037799,10637.416947283033,4371.396848754766,0.08109651003041353
53290,0.15850643364348677,-4650.184827394987,15025.828128803394,10677.125821967815,4348.702306835579,0.08113912371460667
53295,0.158521305705191,-4648.173237621129,15044.116697780288,10715.280597954159,4328.836099826129,0.08118459440055145
53300,0.1585361777668952,-4635.532495737936,15063.494853246371,10751.21217448698,4312.282678759391,0.0812324252692226
53305,0.1585510498285994,-4612.8151168977765,15083.702010593706,10784.311265563561,4299.390745030145,0.08128204052669612
53310,0.1585659218903036,-4580.926700584605,15104.412067620888,10814.054470113026,4290.357597507862,0.08133280386829445
53315,0.15858079395200783,-4541.069816611176,15125.247954927829,10840.02884504695,4285.219109880878,0.08138403789329698
53320,0.15859566601371203,-4494.671557298558,15145.799473036566,10861.953671131321,4283.845801905245,0.0814350435152275
53325,0.15861053807541625,-4443.300880939587,15165.643323260068,10879.698042663751,4285.945280596317,0.08148511850442536
53330,0.15862541013712045,-4388.582411342297,15184.364085040152,10893.292965267477,4291.071119772674,0.08153357442821088
53335,0.15864028219882467,-4332.113326434537,15201.5748406919,10902.936827595144,4298.6380130967555,0.08157975140631876
53340,0.1586551542605289,-4275.38937238819,15216.936199259686,10908.993423931981,4307.942775327705,0.08163317369260888
53345,0.1586700263222331,-4219.744933500111,15230.172614762741,10911.982129613636,4318.190485149105,0.08168684619672256
53350,0.15868489838393732,-4166.310591077325,15241.085112319977,10912.56033512873,4328.524777191247,0.08173857121923628
53355,0.1586997704456415,-4115.9898918414165,15249.559804685961,10911.498777272598,4338.061027413363,0.08178778687883209
53360,0.15871464250734574,-4069.455315355144,15255.571874902584,10909.650907352048,4345.920967550535,0.08183397943888916
53365,0.15872951456904993,-4027.161857020279,15259.184992276429,10907.917849752543,4351.267142523886,0.08187668781823054
53370,0.15874438663075416,-3989.375353357618,15260.54639650124,10907.210784613182,4353.335611888058,0.0819155050602726
53375,0.15875925869245835,-3956.2117344919698,15259.878112521641,10908.412712609083,4351.4653999125585,0.08195548765811266
53380,0.15877413075416258,-3927.682814185526,15257.464937479832,10912.341528427174,4345.123409052658,0.08201254675316766
53385,0.15878900281586678,-3903.7440141948846,15253.639967164734,10919.71616327985,4333.9238038848835,0.0820784972547334
53390,0.158803874877571,-3884.3395524157713,15248.768502572322,10931.127289309721,4317.641213262601,0.08214502122405755
53395,0.15881874693927522,-3869.441080228511,15243.231198402953,10947.013748364505,4296.217450038448,0.0822072427724525
53400,0.15883361900097942,-3859.076496556876,15237.407286018033,10967.64551154071,4269.761774477323,0.08226491312333781
53405,0.15884849106268364,-3853.346637581264,15231.658626395307,10993.113627337752,4238.544999057554,0.08231781116714826
53410,0.15886336312438784,-3852.428665755706,15226.315230044424,11023.32730279884,4202.987927245584,0.0823657422108524
53415,0.15887823518609206,-3856.5661724895344,15221.662731815832,11058.018003361945,4163.644728453886,0.08241390941859793
53420,0.15889310724779626,-3866.047177001299,15217.932145367,11096.750261514879,4121.181883852121,0.08247372285752264
53425,0.15890797930950049,-3881.1722698000485,15215.29206434035,11138.938745092064,4076.3533192482864,0.08252881654177283
53430,0.15892285137120468,-3902.216045069543,15213.843343865095,11183.8710306939,4029.972313171196,0.08257901570807716
53435,0.1589377234329089,-3929.3856305999725,15213.616200313101,11230.735422613452,3982.880777699649,0.08262417210466816
53440,0.1589525954946131,-3962.7804949447072,15214.569614195714,11278.653018514691,3935.916595681023,0.08266416048341536
53445,0.15896746755631733,-4002.3577253349213,15216.592905668304,11326.713028475991,3889.879877192312,0.08269887389164068
53450,0.15898233961802155,-4047.906575928084,15219.509361156614,11374.010106800306,3845.4992543563076,0.08274906689803418
53455,0.15899721167972575,-4099.0352708341925,15223.081805623022,11419.682187238715,3803.3996183843065,0.08279725947935841
53460,0.15901208374142997,-4155.171859123024,15227.020020860296,11462.947075538117,3764.0729453221793,0.08284028471042447
53465,0.15902695580313417,-4215.579483793492,15230.989894129172,11503.135910606505,3727.8539835226675,0.08287801768363784
53470,0.1590418278648384,-4279.384928692927,15234.624139311676,11539.721610597466,3694.9025287142103,0.08291033090073728
53475,0.1590566999265426,-4345.617956666609,15237.534368491788,11572.340602819559,3665.1937656722293,0.08293709118416713
53480,0.1590715719882468,-4413.257937037351,15239.324215039072,11600.806495189208,3638.517719849864,0.08297122419846546
53485,0.159086444049951,-4481.283709801564,15239.603131882444,11625.114850062639,3614.4882818198057,0.08301253242977659
53490,0.15910131611165523,-4548.722596709878,15238.000421890192,11645.43881450771,3592.561607382482,0.0830482144467573
53495,0.15911618817335943,-4614.69491098007,15234.179009331618,11662.115979641218,3572.0630296904,0.08307811742980249
53500,0.15913106023506365,-4678.4511261358875,15227.848436961758,11675.62742188303,3552.2210150787287,0.0831021050902256
53505,0.15914593229676788,-4739.3998704484075,15218.776573741694,11686.570367044747,3532.2062066969465,0.08312006443797025
53510,0.15916080435847207,-4797.1259184796145,15206.79954323684,11695.626275038108,3511.1732681987323,0.08314279038831428
53515,0.1591756764201763,-4851.398172589819,15191.829431175805,11703.526345824032,3488.303085351774,0.08317710753945122
53520,0.1591905484818805,-4902.168145549247,15173.859401560358,11711.016488988575,3462.842912571783,0.08320544259627144
53525,0.15920542054358472,-4949.559654106537,15152.965943258361,11718.823687396116,3434.1422558622453,0.08322775776005441
53530,0.15922029260528892,-4993.850405583846,15129.308081837786,11727.625440129077,3401.6826417087086,0.08324404641704398
53535,0.15923516466699314,-5035.446075650536,15103.123521351634,11738.023622681572,3365.0998986700615,0.0832543288210696
53540,0.15925003672869734,-5074.847517354097,15074.721821651707,11750.52369162546,3324.198130026247,0.08327652985583044
53545,0.15926490879040156,-5112.612035214985,15044.47485853271,11765.519727522724,3278.955131009987,0.08330564243279681
53550,0.15927978085210576,-5149.310225285259,15012.804943254765,11783.285391588763,3229.5195516660024,0.08332875933686795
53555,0.15929465291380998,-5185.480631877057,14980.171080373913,11803.970500005938,3176.200580367975,0.08334588726960575
53560,0.1593095249755142,-5221.585230745419,14947.053906457475,11827.6026183149,3119.4512881425744,0.08335704221923984
53565,0.1593243970372184,-5257.969315580136,14913.93987189206,11854.092863066162,3059.8470088258982,0.08336224888820344
53570,0.15933926909892263,-5294.829568453173,14881.30520742851,11883.244978690622,2998.060228737888,0.08339011773095381
53575,0.15935414116062682,-5332.19383391999,14849.600169301724,11914.76673800988,2934.833431291845,0.08341462739461823
53580,0.15936901322233105,-5369.9153736035605,14819.234000449587,11948.282791244443,2870.9512092051446,0.08343274166280042
53585,0.15938388528403524,-5407.683212844422,14790.56099943747,11983.348247089356,2807.212752348114,0.08344449143831273
53590,0.15939875734573947,-5445.048720517738,14763.868066074385,12019.462485449922,2744.4055806244633,0.0834499431948205
53595,0.15941362940744366,-5481.466942324647,14739.364095777135,12056.082939864433,2683.281155912702,0.08345052725201654
53600,0.1594285014691479,-5516.349614043405,14717.171614331332,12092.638808605601,2624.53280572573,0.0834742587993854
53605,0.15944337353085208,-5549.125403322407,14697.32106253659,12128.544819736655,2568.776242799935,0.08349128270355047
53610,0.1594582455925563,-5579.301951375306,14679.74813442643,12163.215259675251,2516.5328747511794,0.08350180776657917
53615,0.15947311765426053,-5606.523864839512,14664.29452438836,12196.078465608036,2468.2160587803246,0.08350608371873326
53620,0.15948798971596473,-5630.621034399221,14650.712337052064,12226.591884764955,2424.1204522871085,0.08350438976510759
53625,0.15950286177766895,-5651.6425294142355,14638.672260237825,12254.25763809407,2384.414622143755,0.08349702125436714
53630,0.15951773383937315,-5669.872733808104,14627.775407652245,12278.638321032153,2349.1370866200923,0.08350480821685927
53635,0.15953260590107737,-5685.828162534657,14617.568524286045,12299.372561453314,2318.1959628327313,0.08351513696049154
53640,0.15954747796278157,-5700.235301453573,14607.562036455036,12316.189663743024,2291.3723727120123,0.08351990778667422
53645,0.1595623500244858,-5713.991618377397,14597.250240874215,12328.92252295699,2268.3277179172255,0.08351940444084124
53650,0.15957722208619,-5728.113403486253,14586.132778000783,12337.517913557585,2248.614864443198,0.08351386954828617
53655,0.15959209414789421,-5743.67516226925,14573.73643234333,12342.043258323398,2231.6931740199325,0.08350349667798741
53660,0.1596069662095984,-5761.745803870774,14559.636248975236,12342.689075238337,2216.9471737368985,0.08348842609451858
53665,0.15962183827130264,-5783.326802474259,14543.474950869886,12339.766487790841,2203.708463079045,0.0834951306653235
53670,0.15963671033300686,-5809.296895843621,14524.979685725342,12333.699461762699,2191.2802239626435,0.08349823834307459
53675,0.15965158239471106,-5840.366848912619,14503.9752252738,12325.011780648967,2178.963444624833,0.0834962402472502
53680,0.15966645445641528,-5877.046551562096,14480.392887447912,12314.309158882961,2166.0837285649504,0.08348912327645039
53685,0.15968132651811948,-5919.62546963157,14454.274653583194,12302.257271208997,2152.017382374197,0.08347683975687324
53690,0.1596961985798237,-5968.166422365878,14425.772205065226,12289.556796561448,2136.2154085037782,0.08345931599998019
53695,0.1597110706415279,-6022.511919735778,14395.140893650816,12276.916789565446,2118.2241040853696,0.08343789913517889
53700,0.15972594270323212,-6082.301844675704,14362.728964403152,12265.027772216661,2097.7011921864905,0.08343750266022798
53705,0.15974081476493632,-6147.0010022435035,14328.96263947514,12254.53587635379,2074.4267631213497,0.08343102289275899
53710,0.15975568682664054,-6215.934839771498,14294.32791255808,12246.01918386542,2048.30872869266,0.08341837952314228
53715,0.15977055888834474,-6288.331362598394,14259.350070072154,12239.967146959594,2019.38292311256,0.08339950238126434
53720,0.15978543095004896,-6363.366897500123,14224.57202988568,12236.763677116605,1987.8083527690742,0.08337433495439642
53725,0.1598003030117532,-6440.212944349176,14190.532569712912,12236.674219695851,1953.8583500170607,0.08334283659499223
53730,0.15981517507345738,-6518.081019059196,14157.74541853312,12239.836921658945,1917.9084968741754,0.08330843082913177
53735,0.1598300471351616,-6596.262257006564,14126.68002947754,12246.25787491145,1880.4221545660912,0.083291935780963
53740,0.1598449191968658,-6674.15872132472,14097.744670896433,12255.81037968161,1841.9342912148222,0.08326855498935264
53745,0.15985979125857003,-6751.303899637726,14071.272291505955,12268.23820425398,1803.0340872519755,0.08323835890512514
53750,0.15987466332027422,-6827.370770755622,14047.509456563921,12283.162886451835,1764.3465701120858,0.08320143821016047
53755,0.15988953538197845,-6902.167014948427,14026.608526269776,12300.095185464656,1726.5133408051206,0.08315790294816287
53760,0.15990440744368264,-6975.618308241293,14008.623156114183,12318.450804401262,1690.1723517129212,0.08310788195735036
53765,0.15991927950538687,-7047.74201645452,13993.507135131855,12337.570425712463,1655.9367094193913,0.08305744496255185
53770,0.15993415156709107,-7118.614788239707,13981.11653082345,12356.74391148729,1624.37261933616,0.08302320826297523
53775,0.1599490236287953,-7188.338332333213,13971.215067145939,12375.238221259438,1595.9768458865,0.08298263509277838
53780,0.1599638956904995,-7257.007881382925,13963.482614701723,12392.328221304144,1571.154393397579,0.08293597421483158
53785,0.1599787677522037,-7324.687405544227,13957.52661396816,12407.329155266825,1550.1974587013356,0.08288348469410843
53790,0.15999363981390793,-7391.39457548358,13952.896180679634,12419.629183606645,1533.2669970729894,0.08282543093746457
53795,0.16000851187561213,-7457.096947384162,13949.098558004529,12428.720145926492,1520.3784120780365,0.08276207666648187
53800,0.16002338393731635,-7521.719114963134,13945.617485550974,12434.224608414099,1511.3928771368755,0.08271193690033037
53805,0.16003825599902055,-7585.158951571392,13941.932954463673,12435.917355912004,1506.0155985516685,0.08266911221041237
53810,0.16005312806072478,-7647.309828995227,13937.541716039786,12433.73977233215,1503.8019437076364,0.08262152360077767
53815,0.16006800012242897,-7708.085038017047,13931.977815229278,12427.805994513841,1504.1718207154372,0.08256939236607257
53820,0.1600828721841332,-7767.440613643051,13924.832339434373,12418.400273976564,1506.4320654578096,0.08251290259324902
53825,0.1600977442458374,-7825.39332115915,13915.771519003429,12405.96557996001,1509.8059390434191,0.08251078741833959
53830,0.16011261630754162,-7882.031519660577,13904.552302006887,12391.084068066422,1513.4682339404644,0.08261848916866489
53835,0.16012748836924584,-7937.517756670678,13891.03456466244,12374.45057126183,1516.583993400609,0.08272473153088919
53840,0.16014236043095004,-7992.083016932262,13875.189218353962,12356.840703722226,1518.3485146317362,0.08283717917683094
53845,0.16015723249265426,-8046.013348741632,13857.101635907617,12339.07547320937,1518.0261626982465,0.08295926377522647
53850,0.16017210455435846,-8099.630016059998,13836.970036893186,12321.984454734944,1514.9855821582423,0.08307939117209145
53855,0.16018697661606268,-8153.264398514356,13815.098730329388,12306.369578738939,1508.729151590449,0.08319732287090516
53860,0.16020184867776688,-8207.228735635408,13791.8863946023,12292.971435572268,1498.9149590300312,0.08331284495184699
53865,0.1602167207394711,-8261.783709656076,13767.809858558016,12282.439714216984,1485.3701443410318,0.08345238820673812
53870,0.1602315928011753,-8317.103989419236,13743.40411514101,12275.309010617046,1468.0951045239635,0.08359576333518616
53875,0.16024646486287952,-8373.243315835232,13719.239531911111,12271.980803279776,1447.2587286313355,0.08373657032954575
53880,0.16026133692458372,-8430.10144271664,13695.897404740395,12272.711947597814,1423.185457142581,0.08387475190413834
53885,0.16027620898628794,-8487.396060501651,13673.945116410054,12277.609627842043,1396.335488568011,0.08401030301428465
53890,0.16029108104799217,-8544.643451238337,13653.9121963904,12286.632359229026,1367.2798371613735,0.0841509367426168
53895,0.16030595310969636,-8601.151785940987,13636.268521730193,12299.596371740783,1336.6721499894102,0.0843016184582283
53900,0.1603208251714006,-8656.030496839423,13621.4057492094,12316.186540639175,1305.2192085702245,0.08444992831375976
53905,0.16033569723310478,-8708.217983997409,13609.622834604152,12335.97095486966,1273.6518797344925,0.08459599723898749
53910,0.160350569294809,-8756.5281371251,13601.116197405994,12358.418225577185,1242.6979718288094,0.08473997733663842
53915,0.1603654413565132,-8799.713984121832,13595.97476062946,12382.91671837546,1213.0580422540006,0.08488202664959527
53920,0.16038031341821743,-8836.5445220131,13594.179772811207,12408.795024300962,1185.3847485102451,0.08503207951492986
53925,0.16039518547992163,-8865.88878558718,13595.60903867791,12435.343139219473,1160.265899458438,0.08518900724063347
53930,0.16041005754162585,-8886.799789897981,13600.044973480237,12461.833969864698,1138.211003615539,0.08534406481667524
53935,0.16042492960333005,-8898.590399138475,13607.185767827774,12487.54489733842,1119.6408704893547,0.08549723845256495
53940,0.16043980166503427,-8900.8935644491,13616.658905008913,12511.779182868462,1104.8797221404511,0.0856484456313672
53945,0.1604546737267385,-8893.700729456537,13628.036298952931,12533.886985276169,1094.1493136767622,0.08581265367986286
53950,0.1604695457884427,-8877.374365454914,13640.850398052695,12553.285679859968,1087.564718192727,0.08599173533301636
53955,0.16048441785014692,-8852.633278685049,13654.610704748617,12569.479044838956,1085.1316599096608,0.0861674462775605
53960,0.1604992899118511,-8820.512161617527,13668.82027108662,12582.074745398717,1086.7455256879039,0.08633942765246878
53965,0.16051416197355534,-8782.29945822336,13682.991828672359,12590.79943156703,1092.1923971053293,0.08650724274344643
53970,0.16052903403525953,-8739.459657646277,13696.663285217666,12595.510704765727,1101.1525804519388,0.08667038055151864
53975,0.16054390609696376,-8693.547403833265,13709.412362532923,12596.20521837536,1113.2071441575627,0.08684048328686775
53980,0.16055877815866795,-8646.121216868483,13720.870160560038,12593.022266035632,1127.847894524406,0.08700813202015412
53985,0.16057365022037218,-8598.664182363791,13730.733411404755,12586.242371411025,1144.4910399937307,0.08716906609267457
53990,0.16058852228207637,-8552.517783028083,13738.775142929855,12576.280610011961,1162.4945329178936,0.08732261299877374
53995,0.1606033943437806,-8508.833288590165,13744.853414230874,12563.674648296925,1181.1787659339498,0.08746809989644737
54000,0.16061826640548482,-8468.543004615502,13748.917730214227,12549.067757544124,1199.849972670103,0.08760487653648194
