step,time_s,vortex_signal_pa,p_upstream_pa,p_downstream_pa,pressure_drop_pa,max_lattice_velocity
30000,0.08923237022526934,-2031.3386423340892,6123.540816285121,3449.13741425732,2674.403402027801,0.08127496419821292
30005,0.08924724228697355,-1867.561765564921,6146.691434593778,3461.8467126115142,2684.8447219822633,0.08124630484328049
30010,0.08926211434867776,-1702.6998031294224,6171.287166538043,3476.900388780675,2694.386777757368,0.08119652560655327
30015,0.08927698641038197,-1537.7099085498767,6196.9731636803435,3493.8104359470967,2703.162727733247,0.08112649273649862
30020,0.08929185847208619,-1373.6861768306705,6223.387231001975,3511.948333193876,2711.4388978080992,0.08103720840968241
30025,0.0893067305337904,-1211.8036656469517,6250.17415079272,3530.578374416696,2719.595776376024,0.08100936502846964
30030,0.08932160259549461,-1053.2604420711614,6276.998425601912,3548.8974188936336,2728.101006708278,0.08097093672768853
30035,0.08933647465719882,-899.2196123642179,6303.5547035159225,3566.0779128006225,2737.4767907153,0.0810170901350826
30040,0.08935134671890303,-750.752544964078,6329.575387303886,3581.3109498625563,2748.2644374413294,0.0810382714400733
30045,0.08936621878060724,-608.7853071129184,6354.8352507393765,3593.846526851931,2760.9887238874458,0.08103499002534544
30050,0.08938109084231145,-474.0519991151241,6379.153231879148,3603.0288908203115,2776.1243410588363,0.0810080126363119
30055,0.08939596290401566,-347.0600728019267,6402.391868589283,3608.3257386388636,2794.0661299504195,0.0809583701530551
30060,0.08941083496571987,-228.07292826370167,6424.4550241510415,3609.350756985871,2815.1042671651703,0.08088735580384465
30065,0.08942570702742408,-117.11376053971253,6445.284599057938,3605.879408388147,2839.405190669791,0.08084260804186084
30070,0.0894405790891283,-13.992088291488017,6464.856862426924,3597.8579616016746,2866.998900825249,0.08082348095068051
30075,0.08945545115083252,81.64867397490207,6483.178908983085,3585.405671544716,2897.7732374383695,0.08078246751358546
30080,0.08947032321253673,170.26715334175742,6500.285592859846,3568.8099448318303,2931.4756480280153,0.0807948582555883
30085,0.08948519527424094,252.3503269580442,6516.237121379701,3548.5144483821273,2967.722672997574,0.08081897453216734
30090,0.08950006733594515,328.3385592293366,6531.11731177599,3525.1004716317984,3006.0168401441915,0.08082002576316495
30095,0.08951493939764936,398.55831048713026,6545.032335388258,3499.2623418111857,3045.769993577072,0.08079950210263263
30100,0.08952981145935357,463.1710161968199,6558.109636292866,3471.7781441982206,3086.331492094645,0.0807588776139793
30105,0.08954468352105778,522.1450335012664,6570.4966620467,3443.477260531,3127.0194015157003,0.08069954579307276
30110,0.08955955558276199,575.2547826841965,6582.359102796684,3415.2062497012253,3167.152853095459,0.08062277937396453
30115,0.0895744276444662,622.1075436755295,6593.878467230256,3387.7944155790037,3206.0840516512526,0.08059698616606628
30120,0.08958929970617041,662.1943969841495,6605.2489523301265,3362.0201788181516,3243.228773511975,0.08057402645947531
30125,0.08960417176787462,694.9583163216389,6616.673614189494,3338.5792384434776,3278.094375746017,0.0805981919377975
30130,0.08961904382957885,719.870152605452,6628.359799479131,3318.055548758347,3310.304250720784,0.08064229124613374
30135,0.08963391589128306,736.5025882855102,6640.513705563019,3300.8963115089086,3339.6173940541107,0.08065981351763624
30140,0.08964878795298727,744.593024666688,6653.333899374382,3287.3923637577313,3365.9415356166505,0.08065156463247096
30145,0.08966366001469148,744.0883777024724,6667.003720352928,3277.665369917978,3389.3383504349504,0.08061858525625183
30150,0.08967853207639569,735.1673899284319,6681.682729189327,3271.6629895808246,3410.0197396085023,0.0805621125399103
30155,0.0896934041380999,718.2389607691398,6697.497668947102,3269.1626789886604,3428.334989958442,0.08055960009128627
30160,0.08970827619980411,693.9180089786782,6714.533663117584,3269.7840893396956,3444.7495737778886,0.08055822656143932
30165,0.08972314826150832,662.9834102590485,6732.826489022534,3273.0093136337186,3459.817175388815,0.08052891000431492
30170,0.08973802032321253,626.3252991359773,6752.356701083509,3278.2096676878573,3474.1470333956513,0.08047302094920161
30175,0.08975289238491674,584.8908803203753,6773.046174164777,3284.6773624168604,3488.3688117479164,0.08039203184166555
30180,0.08976776444662095,539.6381318203003,6794.757372935168,3291.660320222835,3503.097052712333,0.08029334336453832
30185,0.08978263650832517,491.504939872229,6817.295410164894,3298.3984063503754,3518.8970038145185,0.08026951819862992
30190,0.08979750857002938,441.3974524045225,6840.412783411824,3304.1593584076422,3536.253425004182,0.08021650872123644
30195,0.0898123806317336,390.19665193016317,6863.81657885219,3308.2726298770194,3555.5439489751707,0.08013545324599954
30200,0.0898272526934378,338.7776496728711,6887.177870000805,3310.159249815959,3577.0186201848464,0.0800276259074628
30205,0.08984212475514201,288.0332612395223,6910.14297143353,3309.3557773690072,3600.7871940645227,0.07989441608086446
30210,0.08985699681684622,238.89279651084598,6932.346100561109,3305.53066757396,3626.815432987149,0.07981356144039176
30215,0.08987186887855043,192.32868539803576,6953.4228562262915,3298.4919724223155,3654.930883803976,0.07973674266018445
30220,0.08988674094025464,149.34688492262603,6973.023784745642,3288.1862437147747,3684.837541030867,0.079631300725242
30225,0.08990161300195885,110.96091811210317,6990.827242820313,3274.6895893360856,3716.137653484227,0.07949877746217505
30230,0.08991648506366307,78.15286193448992,7006.5508485170985,3258.192772748286,3748.3580757688123,0.07934386087247798
30235,0.08993135712536728,51.82696151467144,7019.961059040137,3238.9827644292145,3780.9782946109226,0.0792531655124334
30240,0.0899462291870715,32.76259190928204,7030.88077990669,3217.42311249574,3813.45766741095,0.0791705119859389
30245,0.08996110124877571,21.57315785028777,7039.195278411675,3193.93494951066,3845.260328901015,0.07906600450286393
30250,0.08997597331047992,18.676498006732345,7044.856896457899,3168.979616447992,3875.877280009907,0.07894154216336238
30255,0.08999084537218413,24.280711644468738,7047.889014335442,3143.0430630343153,3904.8459513011267,0.07879891410176276
30260,0.09000571743388834,38.387281777841054,7048.389378420936,3116.6216289030654,3931.7677495178705,0.07863974486089592
30265,0.09002058949559255,60.81117855908087,7046.532365323703,3090.208632195084,3956.3237331286186,0.07848012209035563
30270,0.09003546155729676,91.21558176790631,7042.569210183582,3064.2813351172786,3978.2878750663035,0.07838220729005961
30275,0.09005033361900097,129.15722876288237,7036.824910924976,3039.2881521602985,3997.536758764678,0.07826472592246514
30280,0.09006520568070518,174.13731350860553,7029.690608385058,3015.6362369351364,4014.0543714499217,0.07812863863957749
30285,0.09008007774240939,225.65231651909517,7021.610773496206,2993.679725467476,4027.93104802873,0.07797478750476039
30290,0.0900949498041136,283.23905955069813,7013.065385503883,2973.7089337142515,4039.356451789631,0.07780392585397544
30295,0.09010982186581783,346.50866215240467,7004.548219642538,2955.94078721178,4048.6074324307583,0.07761675272080322
30300,0.09012469392752204,415.165075221963,6996.5431117430635,2940.510787981719,4056.0323237613443,0.07744222408740324
30305,0.09013956598922625,489.0056406876456,6989.500433883602,2927.4669280528187,4062.0335058307837,0.07731524408840873
30310,0.09015443805093046,567.9036326284731,6983.81593453012,2916.7660948999073,4067.049839630213,0.07716955572266751
30315,0.09016931011263467,651.775570859541,6979.813639837857,2908.273591596775,4071.5400482410823,0.07700614940577656
30320,0.09018418217433888,740.5385631675663,6977.733842310733,2901.7663325498056,4075.9675097609274,0.07682603437175083
30325,0.09019905423604309,834.0643053883309,6977.726504276376,2896.940046189986,4080.7864580863898,0.07663022211099224
30330,0.0902139262977473,932.1362562120817,6979.849824253313,2893.4204545621906,4086.4293696911227,0.07641970440308955
30335,0.09022879835945151,1034.4150546168407,6984.073328321884,2890.777983964794,4093.29534435709,0.07619542916707712
30340,0.09024367042115572,1140.4151030850962,6990.284652100812,2888.5451746285835,4101.739477472229,0.07605568341706558
30345,0.09025854248285993,1249.4932374649934,6998.299112108471,2886.235664180577,4112.063447927894,0.07590213332346044
30350,0.09027341454456415,1360.8491948700703,7007.871152093684,2883.3634555494677,4124.507696544217,0.07573491153935567
30355,0.09028828660626836,1473.5373564766846,7018.706740038744,2879.4611646331014,4139.245575405643,0.07568345066035342
30360,0.09030315866797257,1586.4896457985492,7030.475787170926,2874.0960909680643,4156.379696202862,0.07566975645738881
30365,0.09031803072967678,1698.5498452219608,7042.823713611078,2866.8832732622072,4175.940440348872,0.07562104315720565
30370,0.090332902791381,1808.5193072314914,7055.381464680261,2857.495161891932,4197.886302788329,0.07553863995916997
30375,0.0903477748530852,1915.2127734584747,7067.773623225007,2845.6680937672313,4222.105529457776,0.0755036400350396
30380,0.09036264691478942,2017.5209686785388,7079.624732675079,2831.206268095607,4248.418464579472,0.07549442485270197
30385,0.09037751897649363,2114.474433733927,7090.564436481722,2813.98424542103,4276.5801910606915,0.07544952568396843
30390,0.09039239103819784,2205.301480828194,7100.232409946742,2793.9490084827576,4306.283401463985,0.07537040302869541
30395,0.09040726309990205,2289.4727896108798,7108.284189585402,2771.1223018192177,4337.161887766184,0.07528652609533812
30400,0.09042213516160626,2366.7261845475646,7114.398842388808,2745.6033906182765,4368.795451770531,0.07528403426770355
30405,0.09043700722331048,2437.0672862651227,7118.28899675607,2717.571719168997,4400.717277587073,0.07524551486386995
30410,0.09045187928501469,2500.7445207966844,7119.713177070074,2687.2884012738546,4432.42477579622,0.07517261118731627
30415,0.0904667513467189,2558.1999293092144,7118.489768879848,2655.095190611328,4463.3945782685205,0.07506759235696525
30420,0.09048162340842311,2610.000036015243,7114.511407817249,2621.4096228646404,4493.101784952609,0.07504451145091025
30425,0.09049649547012732,2656.7535122176064,7107.758225557429,2586.715368695969,4521.04285686146,0.07501624204206393
30430,0.09051136753183153,2699.0243013267586,7098.308265970601,2551.547401571145,4546.760864399455,0.07495362920426672
30435,0.09052623959353574,2737.249906407189,7086.343536179275,2516.472257102335,4569.8712790769405,0.07485903869957136
30440,0.09054111165523995,2771.6743103560902,7072.150563829853,2482.0643337105225,4590.08623011933,0.07486407268156371
30445,0.09055598371694416,2802.303297635528,7056.114914882368,2448.879765098757,4607.235149783611,0.07493574846165414
30450,0.09057085577864837,2828.8869568001815,7038.709753086872,2417.429806545596,4621.279946541276,0.07500175419933906
30455,0.09058572784035258,2850.9304623080534,7020.479046589502,2388.1558611771025,4632.3231854124,0.07506099095939733
30460,0.09060059990205681,2867.730686969395,7002.016347178102,2361.4081967279476,4640.608150450154,0.07511220747838646
30465,0.09061547196376102,2878.433516998416,6983.94017190934,2337.4300705285477,4646.510101380793,0.0751540053849644
30470,0.09063034402546523,2882.1053002702065,6966.866986917346,2316.3484337780565,4650.51855313929,0.07518485020620394
30475,0.09064521608716944,2877.811574221132,6951.382758285228,2298.1717047757033,4653.211053509525,0.07520308890335776
30480,0.09066008814887365,2864.696687735114,6938.014101871897,2282.794385599053,4655.219716272844,0.07520697414128269
30485,0.09067496021057786,2842.058680583056,6927.20026196981,2270.0076503993864,4657.192611570423,0.07519469483703724
30490,0.09068983227228207,2809.4145201215497,6919.26741622518,2259.5145416042774,4659.752874620903,0.07519340643372506
30495,0.09070470433398628,2766.5514992927383,6914.4070223442395,2250.9481288689963,4663.458893475243,0.07531050636581127
30500,0.09071957639569049,2713.5614488898636,6912.659970169284,2243.8909360620855,4668.769034107198,0.07541500328550621
30505,0.0907344484573947,2650.8555885921487,6913.908106846395,2237.8941125129413,4676.013994333453,0.07550524112210506
30510,0.09074932051909891,2579.1593426046998,6917.874257861851,2232.4951754696312,4685.37908239222,0.07557960609698326
30515,0.09076419258080314,2499.488068179436,6924.13122945796,2227.2336162938564,4696.897613164104,0.07563655148176658
30520,0.09077906464250735,2413.106065571298,6932.119544161846,2221.6641601493757,4710.45538401247,0.07567461958515577
30525,0.09079393670421156,2321.472188772809,6941.172938973004,2215.367906629043,4725.805032343962,0.07570651585236791
30530,0.09080880876591577,2226.17577918163,6950.550042580675,2207.9618735480585,4742.588169032617,0.07572068947649097
30535,0.09082368082761998,2128.866633034091,6959.470212781209,2199.1075621418804,4760.362650639328,0.07570995409558151
30540,0.09083855288932419,2031.1825483075618,6967.1512879636675,2188.51904826903,4778.632239694638,0.0757597569214367
30545,0.0908534249510284,1934.6779278924955,6972.8469770372585,2175.970822563069,4796.87615447419,0.07586256317270924
30550,0.09086829701273261,1840.7570634411127,6975.881742160029,2161.3052379048972,4814.576504255132,0.07594570978571244
30555,0.09088316907443682,1750.6160335544005,6975.6812726391645,2144.4390800158462,4831.242192623318,0.07600788656424363
30560,0.09089804113614103,1665.197426387011,6971.796974408474,2125.368548850724,4846.4284255577495,0.07604788493870646
30565,0.09091291319784524,1585.1620899759555,6963.923298179834,2104.171877598355,4859.751420581479,0.07610896293673143
30570,0.09092778525954946,1510.881595954605,6951.907205182713,2081.0089237611446,4870.898281421569,0.07616259117544007
30575,0.09094265732125367,1442.4539121644584,6935.749619452634,2056.1173007217667,4879.632318730867,0.0761893804113326
30580,0.09095752938295788,1379.742844830418,6915.599308967376,2029.804915709375,4885.794393258,0.07618791839751081
30585,0.0909724014446621,1322.4391990835616,6891.740208788509,2002.439083632533,4889.3011251559765,0.07615695612273336
30590,0.0909872735063663,1270.1386034356306,6864.573660325731,1974.43265865473,4890.1410016710015,0.07622917059244112
30595,0.09100214556807051,1222.4280991437158,6834.597309501604,1946.2278496541596,4888.369459847445,0.0763004450924372
30600,0.09101701762977472,1178.9716330013425,6802.3824341336895,1918.2785534713314,4884.103880662358,0.07637265544820873
30605,0.09103188969147893,1139.584163642628,6768.551259310814,1891.0321413893612,4877.519117921453,0.07649699488623364
30610,0.09104676175318314,1104.285469315801,6733.755422326869,1864.9116586240689,4868.8437637028,0.0765937943420857
30615,0.09106163381488735,1073.3276505138451,6698.656255689692,1840.2993406422397,4858.356915047452,0.0766610588984918
30620,0.09107650587659157,1047.1940138711975,6663.907070691571,1817.5222270718255,4846.384843619746,0.07669694845845061
30625,0.09109137793829579,1026.5706265918757,6630.137236663469,1796.8404902118407,4833.296746451628,0.07669982381909073
30630,0.09110625,1012.2946936561289,6597.937624143568,1778.4389166899914,4819.498707453577,0.07666828957719592
30635,0.09112112206170421,1005.285807139363,6567.846935493195,1762.4217988419791,4805.425136651216,0.07671337773784821
30640,0.09113599412340842,1006.4671777643234,6540.338565623706,1748.8113018084605,4791.5272638152455,0.07681818404442697
30645,0.09115086618511263,1016.6844245590391,6515.807869098058,1737.5491648515483,4778.25870424651,0.07696534926669918
30650,0.09116573824681684,1036.62948486615,6494.559994025689,1728.5013785200942,4766.058615505594,0.07707936802555466
30655,0.09118061030852105,1066.7766329524552,6476.798717914054,1721.4652852114937,4755.3334327025605,0.07715828018331973
30660,0.09119548237022526,1107.3363026970324,6462.616943668433,1716.1784272764023,4746.438516392031,0.07720041611667328
30665,0.09121035443192947,1158.230371497134,6451.989663433652,1712.328454550067,4739.661208883585,0.07720441838213155
30670,0.09122522649363368,1219.09002369155,6444.770264188735,1709.5635124011105,4735.206751787625,0.07716925441035397
30675,0.09124009855533789,1289.2747610746487,6440.691021261638,1707.5027337729853,4733.188287488652,0.07709422078371662
30680,0.09125497061704212,1367.9091085302275,6439.368486333549,1705.7466987147811,4733.621787618768,0.07716204565388933
30685,0.09126984267874633,1453.9324316881616,6440.314207597937,1703.8879439185528,4736.426263679384,0.0772937837673001
30690,0.09128471474045054,1546.1570586104872,6442.950823663607,1701.5217638330107,4741.429059830596,0.07738923291895733
30695,0.09129958680215475,1643.33027339903,6446.633089433916,1698.257632046637,4748.375457387279,0.07744687703762043
30700,0.09131445886385896,1744.1962747318166,6450.672901720612,1693.7315897417898,4756.941311978822,0.07746544438656415
30705,0.09132933092556317,1847.554510395128,6454.366994878295,1687.6198924267517,4766.7471024515435,0.07744391935540874
30710,0.09134420298726738,1952.3108251937638,6457.0257566666405,1679.6540488689832,4777.371707797657,0.0773815504755407
30715,0.09135907504897159,2057.5178010614127,6458.001607087311,1669.637082331953,4788.364524755358,0.07727785451976033
30720,0.0913739471106758,2162.400880481997,6456.715561145635,1657.4603620192327,4799.255199126402,0.07722776391227497
30725,0.09138881917238001,2266.3676317981262,6452.680885514709,1643.1197133757148,4809.561172138994,0.07732933866832606
30730,0.09140369123408422,2368.998882375657,6445.523069440167,1626.7288211977452,4818.794248242422,0.07738846737847703
30735,0.09141856329578844,2470.0221929535305,6434.995590865554,1608.5273672827223,4826.468223582831,0.07740340930828475
30740,0.09143343535749265,2569.2699109819187,6420.991134720775,1588.8811096285424,4832.110025092233,0.07737271939860867
30745,0.09144830741919686,2666.625497434989,6403.5480110026565,1568.2714020953085,4835.276608907348,0.0772952777731701
30750,0.09146317948090107,2761.9628100492987,6382.85154769112,1547.27256999641,4835.5789776947095,0.0771978287744326
30755,0.09147805154260528,2855.0835568980565,6359.230233116601,1526.5170588259211,4832.71317429068,0.07706558015552194
30760,0.0914929236043095,2945.658293069561,6333.146399997841,1506.650170417234,4826.496229580607,0.07698912528749853
30765,0.0915077956660137,3033.1761673681744,6305.18133224863,1488.278178714447,4816.903153534183,0.07708474997730037
30770,0.09152266772771792,3116.9081004294985,6276.014882845059,1471.9152960173924,4804.099586827667,0.0771389971997481
30775,0.09153753978942213,3195.887127807704,6246.40003261182,1457.9359738965065,4788.4640587153135,0.07714967132072649
30780,0.09155241185112634,3268.908290951238,6217.133258682574,1446.5390991502786,4770.594159532295,0.07711480825158808
30785,0.09156728391283055,3334.5488803639005,6189.022026058288,1437.7296691966283,4751.29235686166,0.07703271600143238
30790,0.09158215597453477,3391.2083296081073,6162.851049896252,1431.3215760404648,4731.529473855788,0.0769020165845666
30795,0.09159702803623898,3437.165920583023,6139.349107989424,1426.9624486068099,4712.386659382614,0.07672169127432911
30800,0.09161190009794319,3470.653818826403,6119.1580877213555,1424.1784976707468,4694.979590050609,0.0766598961071378
30805,0.0916267721596474,3489.942686702966,6102.805682943667,1422.434450047435,4680.371232896232,0.0767592240765201
30810,0.09164164422135161,3493.4368854502463,6090.682817597574,1421.2014162903406,4669.481401307234,0.07681332507317784
30815,0.09165651628305582,3479.77568472033,6083.026568522032,1420.0242833259515,4663.00228519608,0.07681874154051858
30820,0.09167138834476003,3447.9357078796847,6079.909149049775,1418.5801696976946,4661.32897935208,0.0767723395149604
30825,0.09168626040646424,3397.328104501251,6081.233394202008,1416.7206305487043,4664.512763653303,0.07671418059548926
30830,0.09170113246816845,3327.882040808019,6086.735104037809,1414.4924529015952,4672.242651136214,0.07672630974072893
30835,0.09171600452987266,3240.1046689106943,6095.992481849695,1412.134681774432,4683.857800075262,0.07673444233438981
30840,0.09173087659157687,3135.107502620507,6108.442689524334,1410.0525244440976,4698.390165080236,0.07675015610008887
30845,0.0917457486532811,3014.5907079443787,6123.405208920206,1408.7715585342612,4714.633650385945,0.07685316458433283
30850,0.09176062071498531,2880.7805094069563,6140.11126251728,1408.8778649854582,4731.2333975318215,0.0769500300545964
30855,0.09177549277668952,2736.320527355015,6157.738063024034,1410.9510941601986,4746.786968863836,0.07704284752765339
30860,0.09179036483839373,2584.1246318146186,6175.446208993558,1415.4979698094255,4759.948239184132,0.07713933645597623
30865,0.09180523690009794,2427.205571013958,6192.418205610974,1422.8933819302104,4769.524823680764,0.07722766939474753
30870,0.09182010896180215,2268.498733158335,6207.895932211561,1433.3351391505314,4774.5607930610295,0.07730738571426135
30875,0.09183498102350636,2110.702634937407,6221.214928618901,1446.8168090983158,4774.398119520585,0.07737810393668469
30880,0.09184985308521057,1956.1563694979768,6231.833613732164,1463.1210518693963,4768.712561862768,0.07746330847431615
30885,0.09186472514691478,1806.7693445266518,6239.355929416332,1481.8336405415293,4757.522288874803,0.07754891296165346
30890,0.09187959720861899,1664.011012371354,6243.546355421999,1502.3761808696518,4741.170174552347,0.07762573097095611
30895,0.0918944692703232,1528.959280268958,6244.336713147219,1524.053634177667,4720.283078969552,0.07769353036855581
30900,0.09190934133202742,1402.397417797768,6241.824638698346,1546.1113613283394,4695.713277370006,0.0777521413116694
30905,0.09192421339373164,1284.9419437784204,6236.264051795232,1567.795740184886,4668.468311610346,0.07781124860601987
30910,0.09193908545543585,1177.1792202340903,6228.048376437469,1588.4125490594404,4639.635827378029,0.07786780937008919
30915,0.09195395751714006,1079.7869281310886,6217.687673550948,1607.3781827534249,4610.309490797523,0.07791525228129399
30920,0.09196882957884427,993.6184810461828,6205.7812022204635,1624.2601533764882,4581.521048843975,0.07795378336624949
30925,0.09198370164054848,919.7336516979017,6192.987201136303,1638.8049097767114,4554.1822913595915,0.07798371500485625
30930,0.09199857370225269,859.3668092762719,6179.99184085576,1650.9524688612396,4529.0393719945205,0.0780054507017757
30935,0.0920134457639569,813.8343317160829,6167.47931073694,1660.8384566995421,4506.640854037398,0.0780194602729954
30940,0.09202831782566111,784.393576765377,6156.10485058924,1668.7848150564294,4487.320035532811,0.07806234375234503
30945,0.09204318988736532,772.0754039019253,6146.472205572279,1675.2806935587046,4471.1915120135745,0.07811563113116106
30950,0.09205806194906954,777.5186093654793,6139.116481200782,1680.9550758242012,4458.161405376581,0.07816651278191453
30955,0.09207293401077375,800.8361240184217,6134.492740050061,1686.5426666667165,4447.950073383345,0.07821178470488001
30960,0.09208780607247796,841.5387329048472,6132.96998611895,1692.844639002142,4440.125347116808,0.07825163105050228
30965,0.09210267813418217,898.5329839664687,6134.829531796369,1700.6860486718513,4434.143483124518,0.07828613682870775
30970,0.09211755019588638,970.1976225963244,6140.266252886417,1710.8720135352007,4429.394239351216,0.07831528375275622
30975,0.0921324222575906,1054.529776436757,6149.391009250378,1724.1449908017664,4425.246018448612,0.07833895659046
30980,0.0921472943192948,1149.3406954248212,6162.232599665915,1741.1455384643682,4421.087061201546,0.07835695996894144
30985,0.09216216638099901,1252.4730155054717,6178.738030072387,1762.3787331045444,4416.359296967843,0.07837677213895054
30990,0.09217703844270322,1362.008247299054,6198.7705480341665,1788.1879466064643,4410.582601427703,0.078397634822474
30995,0.09219191050440743,1476.4345914889122,6222.105727748634,1818.7370490165072,4403.368678732128,0.07842854491569481
31000,0.09220678256611164,1594.7507007510767,6248.4267375915315,1854.0014345426334,4394.425303048898,0.07847620446847248
31005,0.09222165462781587,1716.4897274640525,6277.320623959189,1893.767680839845,4383.5529431193445,0.07851781431852897
31010,0.09223652668952008,1841.6588151953906,6308.2778426747,1937.6412163666853,4370.6366263080145,0.07855327343878139
31015,0.09225139875122429,1970.6008671028108,6340.697242190297,1985.0610965583248,4355.636145631973,0.07858572904278682
31020,0.0922662708129285,2103.7965639481827,6373.898207912995,2035.3208474319704,4338.577360481024,0.0786234661666925
31025,0.09228114287463271,2241.6337199984764,6407.14077631767,2087.5942866788787,4319.546489638791,0.07865502395597575
31030,0.09229601493633692,2384.176752454105,6439.653389833832,2140.965251023532,4298.6881388103,0.07868049603211573
31035,0.09231088699804113,2530.9702593681086,6470.666827084976,2194.46023182529,4276.206595259686,0.07869998119814628
31040,0.09232575905974534,2680.9070510314364,6499.451948833467,2247.0830347938218,4252.3689140396455,0.07871355991656698
31045,0.09234063112144955,2832.1828470204237,6525.358415859055,2297.8507045157203,4227.507711343334,0.07872127355017909
31050,0.09235550318315376,2982.3483678671137,6547.851504637301,2345.830042482429,4202.021462154873,0.07872310966324651
31055,0.09237037524485797,3128.456374120298,6566.544484050613,2390.1740476028485,4176.370436447765,0.0787194492587238
31060,0.0923852473065622,3267.2882114245745,6581.224550955628,2430.1574887579854,4151.067062197642,0.07874767210919699
31065,0.0924001193682664,3395.6334031150664,6591.870873593984,2465.210583353981,4126.660290240003,0.07878249383572321
31070,0.09241499142997062,3510.5882827045416,6598.663739794844,2494.9494458861395,4103.714293908704,0.07881165562231278
31075,0.09242986349167483,3609.836608791714,6601.98412913536,2519.2016573273527,4082.782471808007,0.07883498169261761
31080,0.09244473555337904,3691.8769992620732,6602.4032889083,2538.025075583339,4064.378213324961,0.07885232363669124
31085,0.09245960761508325,3756.1686067453365,6600.66219678797,2551.717945625545,4048.944251162425,0.07886879016386837
31090,0.09247447967678746,3803.1767375855816,6597.641224568114,2560.818546452229,4036.822678115885,0.0788853187076987
31095,0.09248935173849167,3834.312467778006,6594.320904110253,2566.093070421929,4028.2278336883237,0.07889554801141786
31100,0.09250422380019588,3851.772805978607,6591.735395740099,2568.511159847164,4023.224235892935,0.07889953760499062
31105,0.09251909586190009,3858.298841446852,6590.92097567481,2569.209460031,4021.7115156438094,0.07889740491410606
31110,0.0925339679236043,3856.877437176493,6592.862476872897,2569.444569349506,4023.417907523391,0.07888930865726156
31115,0.09254883998530852,3850.4170001385237,6598.441030640666,2570.537727869464,4027.903302771202,0.07887542599186703
31120,0.09256371204701273,3841.4298969160473,6608.386587863828,2573.814340615843,4034.572247247985,0.07885592613959572
31125,0.09257858410871694,3831.753602934038,6623.238512309824,2580.541868544262,4042.696643765562,0.0788347912149495
31130,0.09259345617042115,3822.339922163618,6643.317039759211,2591.8696878522865,4051.4473519069247,0.07881243607185909
31135,0.09260832823212536,3813.1365325082706,6668.707630391686,2608.7742363614175,4059.933394030268,0.07895250751147188
31140,0.09262320029382957,3803.077506174028,6699.259282182913,2632.0122218517236,4067.2470603311895,0.0791277695940803
31145,0.09263807235553378,3790.1893370424614,6734.596812246506,2662.0839932415056,4072.512819005,0.07920773399069131
31150,0.092652944417238,3771.8068976798263,6774.1460496598565,2699.208508749393,4074.9375409104637,0.07929399549839933
31155,0.0926678164789422,3744.8807852152045,6817.169915743968,2743.310774414858,4073.85914132911,0.07966217227010072
31160,0.09268268854064642,3706.3453521468246,6862.812589767962,2794.022200065733,4068.790389702229,0.07995990182034197
31165,0.09269756060235063,3653.5072682081545,6910.14845138849,2850.6939825483414,4059.4544688401484,0.08018076608840531
31170,0.09271243266405485,3584.4095487729383,6958.232311193755,2912.4232857688958,4045.809025424859,0.08051936020871964
31175,0.09272730472575906,3498.126954470432,7006.147598620834,2978.0915523309054,4028.056046289929,0.08080932523695125
31180,0.09274217678746327,3394.955972110284,7053.049628779596,3046.4137055922947,4006.635923187301,0.08101241804597244
31185,0.09275704884916748,3276.475514971331,7098.201725850401,3115.996304991581,3982.20542085882,0.08112120226662208
31190,0.09277192091087169,3145.4711288650524,7141.002729699371,3185.401984694239,3955.600745005132,0.08136697286729054
31195,0.0927867929725759,3005.7331166061963,7181.005156185159,3253.2168534448,3927.7883027403586,0.08151452441399412
31200,0.09280166503428011,2861.754658144419,7217.923958763129,3318.1170785230565,3899.8068802400726,0.08155574914691001
31205,0.09281653709598432,2718.3672786336156,7251.636425400497,3378.9307066610318,3872.705718739465,0.08153459001774924
31210,0.09283140915768853,2580.356482575428,7282.174234851744,3434.6909360876957,3847.483298764048,0.08158505123801638
31215,0.09284628121939274,2452.099756070093,7309.709078042626,3484.6775531756125,3825.0315248670136,0.08151716871447429
31220,0.09286115328109695,2337.263142036537,7334.533492547581,3528.444059539563,3806.0894330080177,0.08152873085397765
31225,0.09287602534280118,2238.5825824370863,7357.0386200852645,3565.8290888258384,3791.209531259426,0.0818175515860674
31230,0.09289089740450539,2157.743942896384,7377.690453782032,3596.9519640504645,3780.7384897315674,0.0820442713933803
31235,0.0929057694662096,2095.36298117639,7397.005812116036,3622.1935549594255,3774.812257156611,0.0823441301368571
31240,0.09292064152791381,2051.055303186858,7415.528832617734,3642.1648012472233,3773.364031370511,0.0825463360864976
31245,0.09293551358961802,2023.5780330648709,7433.808333932473,3657.6661944849843,3776.1421394474887,0.0826414740486779
31250,0.09295038565132223,2011.0203646293253,7452.376071331673,3669.642004763731,3782.734066567942,0.0826217196317005
31255,0.09296525771302644,2011.0194630233368,7471.725799831965,3679.1330129622215,3792.592786869743,0.08261957110595895
31260,0.09298012977473065,2020.9807315089101,7492.293193713695,3687.2309850438396,3805.062208669855,0.082541399154275
31265,0.09299500183643486,2038.2861214535933,7514.437014652781,3695.0372246664638,3819.399789986317,0.08232947488861275
31270,0.09300987389813907,2060.4795935972484,7538.422374398278,3703.6264615157716,3834.795912882507,0.0824396668737977
31275,0.09302474595984328,2085.4237494358945,7564.407365080813,3714.0162922464074,3850.391072834406,0.08278860158928486
31280,0.0930396180215475,2111.4250643028945,7592.434589156627,3727.1415722332977,3865.2930169233296,0.08303107424973091
31285,0.09305449008325171,2137.3265887027546,7622.429100948141,3743.832672071596,3878.5964288765454,0.0831562050594713
31290,0.09306936214495592,2162.566578442124,7654.203922207811,3764.7963922231866,3889.4075299846245,0.08315557262401305
31295,0.09308423420666014,2187.2000093243787,7687.473638166182,3790.598530186406,3896.875107979776,0.08302387726520558
31300,0.09309910626836435,2211.878493035036,7721.875707489717,3821.6475307801848,3900.228176709532,0.08278516879424123
31305,0.09311397833006856,2237.7839796611142,7756.9981612747615,3858.1792210617955,3898.818940212966,0.08266427518697471
31310,0.09312885039177277,2266.5137251801607,7792.411467352966,3900.243243481224,3892.1682238717417,0.08292648739328722
31315,0.09314372245347698,2299.9185780003545,7827.70163044159,3947.6923729169866,3880.0092575246035,0.0831318002755035
31320,0.09315859451518119,2339.9031606498115,7862.501196611192,4000.176360545375,3862.3248360658176,0.08326454179201517
31325,0.0931734665768854,2388.2037564013444,7896.514814185978,4057.142214276207,3839.372599909771,0.08325857033360487
31330,0.09318833863858961,2446.1660201529035,7929.53641950894,4117.842827152765,3811.693592356175,0.0831080866069855
31335,0.09320321070029383,2514.5483923991133,7961.4559630807325,4181.355542788323,3780.1004202924096,0.08281203221450421
31340,0.09321808276199804,2593.3771011812937,7992.254801562867,4246.611578861768,3745.643222701099,0.08289710214248709
31345,0.09323295482370225,2681.87441858257,8021.990311997481,4312.43624850403,3709.5540634934505,0.08309459359510175
31350,0.09324782688540646,2778.473780546197,8050.77173211373,4377.598718597943,3673.173013515787,0.08315471609981291
31355,0.09326269894711067,2880.9246320039742,8078.730464683063,4440.868773170633,3637.8616915124294,0.08307115526333331
31360,0.09327757100881488,2986.478075136724,8105.988899223226,4501.076901239824,3604.911997983402,0.08284244683315659
31365,0.0932924430705191,3092.133392439325,8132.6320679665805,4557.173213090892,3575.4588548756883,0.0824722522988292
31370,0.0933073151322233,3194.916955143876,8158.6861310976565,4608.280401792738,3550.405729304918,0.08256875486996121
31375,0.09332218719392751,3292.1602031643474,8184.1068413141475,4653.736335526523,3530.370505787624,0.08264240849486568
31380,0.09333705925563172,3381.743058748159,8208.7799012042,4693.122898974593,3515.6570022296064,0.08257488177583724
31385,0.09335193131733593,3462.273443277868,8232.533660640205,4726.279254333717,3506.254406306488,0.08236603368204211
31390,0.09336680337904016,3533.1819414472134,8255.163065988289,4753.299482004652,3501.863583983636,0.08202080720990011
31395,0.09338167544074437,3594.721867208963,8276.462314121554,4774.51623496764,3501.946079153914,0.08177702120342678
31400,0.09339654750244858,3647.87729611248,8296.262416571015,4790.47327929215,3505.7891372788645,0.08183392473325075
31405,0.09341141956415279,3694.193115093946,8314.468977866507,4801.890405712786,3512.5785721537213,0.08175620018969779
31410,0.093426291625857,3735.550082017731,8331.09507544355,4809.624171593016,3521.4709038505343,0.08154529745208473
31415,0.09344116368756121,3773.91311095058,8346.284320291314,4814.627417524008,3531.656902767306,0.08120728379447728
31420,0.09345603574926542,3811.0820704195085,8360.320049600365,4817.909735528428,3542.410314071936,0.0808357151131702
31425,0.09347090781096963,3848.47160031173,8373.61813079639,4820.500282469759,3553.1178483266312,0.08086420220667448
31430,0.09348577987267384,3886.9406984013,8386.70289069611,4823.413695876047,3563.289194820062,0.0807635211127252
31435,0.09350065193437805,3926.6853350918223,8400.167952014102,4827.619440708164,3572.5485113059385,0.08053604827600301
31440,0.09351552399608226,3967.1994748284565,8414.625909808085,4834.014666491606,3580.611243316479,0.0801884084392162
31445,0.09353039605778649,4007.3028370251727,8430.652451853983,4843.400510874527,3587.251940979456,0.0798115038244041
31450,0.0935452681194907,4045.228375733368,8448.731430289357,4856.461678431926,3592.2697518574314,0.07978705576299748
31455,0.0935601401811949,4078.759103729577,8469.207374380818,4873.749024126711,3595.4583502541063,0.07963540286517905
31460,0.09357501224289912,4105.402243097587,8492.251010116326,4895.664803902908,3596.5862062134183,0.0793608898262703
31465,0.09358988430460333,4122.58802147984,8517.841692225154,4922.45028212071,3595.3914101044447,0.07897191658557358
31470,0.09360475636630754,4127.879927235099,8545.768540364677,4954.175570203009,3591.5929701616687,0.07860288939242752
31475,0.09361962842801175,4119.182371389194,8575.64983281869,4990.7319373414,3584.9178954772897,0.07849458985641145
31480,0.09363450048971596,4094.9305430109957,8606.968159784494,5031.827338205677,3575.140821578817,0.07826457489897944
31485,0.09364937255142017,4054.246435353758,8639.117218924037,5076.986426661555,3562.130792262482,0.07792046352815507
31490,0.09366424461312438,3997.0455215497846,8671.4551001995,5125.556701397213,3545.8983988022874,0.0774733179032597
31495,0.09367911667482859,3924.0812133607665,8703.358510706812,5176.722490772434,3526.636019934378,0.07710089191009968
31500,0.09369398873653281,3836.9193757134767,8734.27260534568,5229.528116460352,3504.744488885329,0.07690481214886366
31505,0.09370886079823702,3737.842412023175,8763.75182543071,5282.910762747712,3480.841062682998,0.07659947769779664
31510,0.09372373285994123,3629.6907396299953,8791.488275551486,5335.74241877436,3455.7458567771264,0.07619504332225488
31515,0.09373860492164544,3515.657408079113,8817.325543645113,5386.878949412345,3430.446594232768,0.07570401784681727
31520,0.09375347698334965,3399.057719183935,8841.2573475053,5435.213137269484,3406.0442102358156,0.07530028395250088
31525,0.09376834904505386,3283.0988590177217,8863.41184531348,5479.727675094013,3383.684170219467,0.07503701657734235
31530,0.09378322110675807,3170.67418234567,8884.023770518465,5519.5437731888,3364.479997329665,0.07472223080302816
31535,0.09379809316846228,3064.202981085133,8903.397651188527,5553.961380079757,3349.4362711087697,0.07450155467193399
31540,0.0938129652301665,2965.529986102513,8921.866169828425,5582.487967659412,3339.378202169013,0.07464689207394196
31545,0.0938278372918707,2875.8905880175257,8939.74813896178,5604.854241468465,3334.8938974933153,0.07475161890815331
31550,0.09384270935357492,2795.9391241077874,8957.310553000465,5621.016732658471,3336.2938203419944,0.07481018148643742
31555,0.09385758141527914,2725.8298646695625,8974.738700377406,5631.148693413926,3343.59000696348,0.07489087445181354
31560,0.09387245347698335,2665.3346334683256,8992.11740053483,5635.6217698744695,3356.49563066036,0.07498758404572695
31565,0.09388732553868756,2613.9780304104097,9009.42514384816,5634.98139626725,3374.443747580911,0.0750316674410019
31570,0.09390219760039177,2571.1712393286557,9026.54139114953,5629.918729954334,3396.622661195197,0.07503716443030005
31575,0.09391706966209598,2536.3281655776477,9043.265710416981,5621.241369969386,3422.024340447595,0.07512755782670957
31580,0.09393194172380019,2508.952504317099,9059.34599362959,5609.844305437435,3449.5016881921547,0.07515928216273829
31585,0.0939468137855044,2488.690345037413,9074.511908594437,5596.681767731304,3477.8301408631332,0.07512675184044737
31590,0.09396168584720861,2475.3489903270192,9088.509169547588,5582.740085164119,3505.769084383469,0.07521630590191007
31595,0.09397655790891282,2468.8877676993234,9101.130262929662,5569.011327606323,3532.1189353233394,0.07524247720607535
31600,0.09399142997061703,2469.3899199553107,9112.237952386116,5556.467447919102,3555.7705044670147,0.07519820653336105
31605,0.09400630203232124,2477.0257186914255,9121.77910843439,5546.034691266636,3575.7444171677535,0.07528225292695236
31610,0.09402117409402547,2492.0157661472567,9129.787956100463,5538.568167487928,3591.219788612535,0.07541494438272944
31615,0.09403604615572968,2514.6005032091603,9136.379430313473,5534.826622948181,3601.552807365292,0.07549678018896791
31620,0.09405091821743389,2545.018055860632,9141.73468506929,5535.447615363506,3606.2870697057842,0.07556673192575546
31625,0.0940657902791381,2583.488732182964,9146.081685104722,5540.923528662107,3605.158156442615,0.07569164293600984
31630,0.09408066234084231,2630.2016795189575,9149.674094207545,5551.579198883817,3598.0948953237275,0.07575899961930511
31635,0.09409553440254652,2685.2981121359303,9152.771372292225,5567.5523444963,3585.2190277959253,0.07577393573963316
31640,0.09411040646425073,2748.8463835530238,9155.622235678939,5588.778426127608,3566.84380955133,0.07589758292623211
31645,0.09412527852595494,2820.806773575142,9158.452633005132,5614.981864554499,3543.470768450633,0.0759587189868002
31650,0.09414015058765915,2900.9875224719876,9161.458375811679,5645.675568441977,3515.782807369702,0.07594855220123978
31655,0.09415502264936336,2988.997441332826,9164.801736435154,5680.170355045488,3484.631381389667,0.07606056756972934
31660,0.09416989471106757,3084.2033982672137,9168.610811091587,5717.5950755526255,3451.015735538961,0.07612373180830417
31665,0.0941847667727718,3185.7023726696475,9172.980279301024,5756.927189468782,3416.053089832242,0.0761090556283952
31670,0.094199638834476,3292.3172051678507,9177.972330897368,5797.032375494444,3380.939955402924,0.07619302804591929
31675,0.09421451089618021,3402.622695971764,9183.616887214754,5836.71076524247,3346.9061219722835,0.0762655618077566
31680,0.09422938295788442,3515.0047397006456,9189.910705118762,5874.746751993135,3315.163953125627,0.07625401140935721
31685,0.09424425501958864,3627.750398982024,9196.815423197915,5909.9591733444995,3286.8562498534156,0.07629677534517879
31690,0.09425912708129285,3739.161981190299,9204.255015162578,5941.2489814321225,3263.006033730456,0.07638461167824036
31695,0.09427399914299706,3847.6840278992436,9212.113409816813,5967.642168616855,3244.471241199958,0.0763829377594111
31700,0.09428887120470127,3952.029261934818,9220.233193913482,5988.326510911063,3231.9066830024185,0.07648484325900341
31705,0.09430374326640548,4051.2883893043036,9228.416322607796,6002.68141912492,3225.7349034828767,0.07661089622020038
31710,0.09431861532810969,4145.009450723781,9236.427622909318,6010.300694059983,3226.126928849335,0.0766541924984917
31715,0.0943334873898139,4233.235178195564,9244.001602799828,6011.008201726157,3232.9934010736715,0.07674651018516622
31720,0.09434835945151812,4316.491324578338,9250.85270243673,6004.8664468323395,3245.986255604391,0.07686262717669282
31725,0.09436323151322233,4395.7247302863025,9256.688689085915,5992.177827982458,3264.5108611034566,0.07688459685559229
31730,0.09437810357492654,4472.196242577503,9261.226460157131,5973.478137842736,3287.7483223143954,0.07692506102024102
31735,0.09439297563663075,4547.339582487283,9264.20913867797,5949.521750080736,3314.6873885972345,0.07703256539031517
31740,0.09440784769833496,4622.6018883591,9265.423077595471,5921.258001561184,3344.1650760342873,0.0770365497215891
31745,0.09442271976003917,4699.2841463340455,9264.71327485639,5889.798576344836,3374.914698511555,0.07704376864697936
31750,0.09443759182174338,4778.39961301058,9261.995761387278,5856.3762232207855,3405.619538166492,0.07714620085953534
31755,0.0944524638834476,4860.565695321308,9257.265755863402,5822.295842550023,3434.969913313379,0.07713835148037883
31760,0.0944673359451518,4945.940087269015,9250.600756890879,5788.87977278626,3461.7209841046188,0.07709638380931011
31765,0.09448220800685601,5034.206094787241,9242.158219440427,5757.4098720769425,3484.7483473634848,0.07720047822288781
31770,0.09449708006856022,5124.605944232726,9232.167981579112,5729.069589955405,3503.0983916237074,0.07719026775783673
31775,0.09451195213026445,5216.015339010664,9220.920110554616,5704.889533378316,3516.0305771763005,0.07712461839136155
31780,0.09452682419196866,5307.048289034596,9208.749268696787,5685.699967688362,3523.0493010084247,0.07720523699922602
31785,0.09454169625367287,5396.178723059154,9196.017011394402,5672.093241744806,3523.9237696495966,0.07720511821114406
31790,0.09455656831537708,5481.864754355757,9183.093583070775,5664.398348704518,3518.695234366257,0.0772682794222712
31795,0.09457144037708129,5562.662577366217,9170.340746235961,5662.668852981016,3507.6718932549447,0.07728766329541409
31800,0.0945863124387855,5637.319472043059,9158.096954869423,5666.68438285806,3491.4125720113625,0.07724025639848583
31805,0.09460118450048971,5704.838798299117,9146.66578415769,5675.964951818419,3470.700832339272,0.07736388813244134
31810,0.09461605656219392,5764.513672127624,9136.308003903096,5689.7966341045085,3446.511369798587,0.07737131029175226
31815,0.09463092862389813,5815.929785468283,9127.237114621466,5707.266630081282,3419.9704845401848,0.0772920703394407
31820,0.09464580068560234,5858.9412054343575,9119.617655017288,5727.305510694971,3392.3121443223163,0.0774183383977907
31825,0.09466067274730655,5893.625672990968,9113.565236671304,5748.734388060129,3364.8308486111746,0.0774245050920547
31830,0.09467554480901078,5920.227673273736,9109.1471378009,5770.314865541468,3338.832272259431,0.07730228790839974
31835,0.09469041687071499,5939.098198283844,9106.38241581294,5790.799818197337,3315.582597615602,0.07744019759817412
31840,0.0947052889324192,5950.6396141019695,9105.240845102715,5808.983288862217,3296.257556240498,0.07745580641107183
31845,0.0947201609941234,5955.262480134771,9105.640472061965,5823.748004849713,3281.892467212252,0.07732754381205673
31850,0.09473503305582762,5953.358788643694,9107.444097884072,5834.109179668237,3273.3349182158354,0.07744533968824947
31855,0.09474990511753183,5945.293227232293,9110.45544858303,5839.253334237564,3271.2021143454667,0.07748063020064543
31860,0.09476477717923604,5931.41107571314,9114.416095212438,5838.570855625052,3275.8452395873865,0.07737018593532255
31865,0.09477964924094025,5912.058603674808,9119.004311469072,5831.680952898476,3287.3233585705966,0.07743006635425971
31870,0.09479452130264446,5887.609727656193,9123.83700632865,5818.447650323072,3305.3893560055776,0.07749179179337605
31875,0.09480939336434867,5858.491613726417,9128.475676617307,5798.985572029493,3329.490104587814,0.07741900368725581
31880,0.09482426542605288,5825.202197246703,9132.43702420141,5773.654592142346,3358.7824320590644,0.07739670805654185
31885,0.0948391374877571,5788.314350360708,9135.208501198944,5743.042970517023,3392.165530681921,0.07748863811408363
31890,0.09485400954946131,5748.464435307106,9136.268598874458,5707.939322418169,3428.3292764562893,0.0774836785934542
31895,0.09486888161116552,5706.326642199504,9135.111194298443,5669.294583911859,3465.8166103865833,0.0774346417967801
31900,0.09488375367286973,5662.5779714768205,9131.272738567784,5628.175915984733,3503.096822583051,0.07745003797377491
31905,0.09489862573457394,5617.8611077171345,9124.360559875026,5585.715136070063,3538.645423804963,0.0775130608504084
31910,0.09491349779627815,5572.753110562268,9114.08013585075,5543.05470868724,3571.0254271635104,0.07746157863311036
31915,0.09492836985798236,5527.74662784009,9100.258946308502,5501.294538382501,3598.9644079260015,0.0773811065631386
31920,0.09494324191968657,5483.247527331276,9082.864525947447,5461.442782581033,3621.4217433664144,0.0774825525286925
31925,0.09495811398139078,5439.589173900619,9062.01464335327,5424.373639769585,3637.6410035836852,0.07743939253960785
31930,0.094972986043095,5397.059985293242,9037.97813669573,5390.794568457795,3647.183568237935,0.07730077783582025
31935,0.0949878581047992,5355.938267304158,9011.165780778305,5361.2246600771405,3649.9411207011644,0.07741909509936558
31940,0.09500273016650343,5316.527239678509,8982.111536321927,5335.984956058694,3646.1265802632333,0.07739476087442583
31945,0.09501760222820764,5279.183738587868,8951.445499944086,5315.200441442431,3636.245058501655,0.07721035427347243
31950,0.09503247428991185,5244.335958166243,8919.86068796318,5298.812388198347,3621.0482997648332,0.07735303685199449
31955,0.09504734635161606,5212.488068888102,8888.076331781218,5286.598815078969,3601.477516702249,0.07735680415928128
31960,0.09506221841332027,5184.211832890837,8856.800571006239,5278.200226801196,3578.6003442050433,0.07719939951587243
31965,0.09507709047502448,5160.126831395807,8826.695297588947,5273.1475979561565,3553.5476996327907,0.07726892529937213
31970,0.09509196253672869,5140.8714346040015,8798.345480900476,5270.889804642709,3527.4556762577668,0.07730999740271513
31975,0.0951068345984329,5127.066431149417,8772.234679556384,5270.818323056573,3501.4163564998116,0.07719460095235242
31980,0.09512170666013711,5119.272845000369,8748.727727473599,5272.287882832203,3476.439844641396,0.0770959252957307
31985,0.09513657872184132,5117.945483575622,8728.06087143913,5274.632719694324,3453.4281517448053,0.0771811623682246
31990,0.09515145078354553,5123.384506190142,8710.339017837488,5277.178951994833,3433.160065842655,0.07711609969543168
31995,0.09516632284524976,5135.688675927902,8695.539270842122,5279.25427408611,3416.2849967560123,0.07691051634824213
32000,0.09518119490695397,5154.715461428386,8683.519636367622,5280.196530772245,3403.3231055953775,0.07704107554159362
32005,0.09519606696865818,5180.054105035038,8674.031621758022,5279.362781599963,3394.6688401580595,0.07702847670305911
32010,0.09521093903036239,5211.017599114462,8666.735458580128,5276.140204459358,3390.59525412077,0.0768510173303192
32015,0.0952258110920666,5246.657990511429,8661.216784277334,5269.95969048213,3391.257093795204,0.07693716114134101
32020,0.09524068315377081,5285.806762084237,8657.003806701186,5260.312340376561,3396.6914663246253,0.0769765217305673
32025,0.09525555521547502,5327.138728577332,8653.584215900835,5246.768391119455,3406.81582478138,0.07685804490958663
32030,0.09527042727717923,5369.254544803981,8650.421375509664,5228.997480439084,3421.4238950705803,0.07679361290211044
32035,0.09528529933888344,5410.774084449986,8646.969597238454,5206.788673834746,3440.180923403708,0.07688645634011346
32040,0.09530017140058765,5450.430968189925,8642.688549096347,5180.068386451223,3462.620162645124,0.07682983712072301
32045,0.09531504346229186,5487.157619599138,8637.057040684711,5148.9142533794775,3488.1427873052335,0.07666055091497223
32050,0.09532991552399608,5520.150554838525,8629.586536353556,5113.563136722851,3516.023399630705,0.07662759807423998
32055,0.0953447875857003,5548.907267416213,8619.834744172069,5074.41178850168,3545.4229556703885,0.07663573300338365
32060,0.0953596596474045,5573.22904767407,8607.419503230605,5032.0091838394665,3575.4103193911387,0.07652420287550081
32065,0.09537453170910871,5593.188165225334,8592.032950806593,4987.040156077376,3604.992794729217,0.07631724395391386
32070,0.09538940377081292,5609.062558715317,8573.455623848557,4940.300651525902,3633.1549723226544,0.07637218750121305
32075,0.09540427583251714,5621.245810640955,8551.569786546137,4892.665617030155,3658.904169515982,0.07629008606687097
32080,0.09541914789422135,5630.14394249746,8526.370942508991,4845.051177435191,3681.3197650738,0.07617024404977969
32085,0.09543401995592556,5636.072755266695,8497.976255208025,4798.373294956672,3699.6029602513527,0.07615528723252346
32090,0.09544889201762977,5639.169624783081,8466.628523798112,4753.505476896224,3713.1230469018883,0.07614142631350101
32095,0.09546376407933398,5639.33174378299,8432.694481599925,4711.238266959411,3721.456214640514,0.07604163720804448
32100,0.09547863614103819,5636.189049860045,8396.656508764156,4672.243181768552,3724.4133269956037,0.0759103054503527
32105,0.09549350820274241,5629.115092784652,8359.09735202746,4637.0434169358205,3722.0539350916397,0.0759659718952926
32110,0.09550838026444662,5617.273719380582,8320.678065140968,4605.99305530806,3714.685009832908,0.07587271947856669
32115,0.09552325232615083,5599.694610594675,8282.110044525227,4579.265718864244,3702.8443256609826,0.07578659990307081
32120,0.09553812438785504,5575.367179047035,8244.122649411749,4556.852722612553,3687.2699267991957,0.07562825967304093
32125,0.09555299644955925,5543.340587370257,8207.42838335128,4538.569959285396,3668.858424065884,0.07561678377076297
32130,0.09556786851126346,5502.8177289905525,8172.687911019316,4524.072114937936,3648.61579608138,0.07556356598378611
32135,0.09558274057296767,5453.2326218181,8140.477251848741,4512.872489494851,3627.60476235389,0.07542134088853411
32140,0.09559761263467188,5394.303305402905,8111.259320616132,4504.366692889943,3606.892627726189,0.07530035982484361
32145,0.0956124846963761,5326.055494349515,8085.361595708976,4497.858738743422,3587.502856965554,0.07522694158743416
32150,0.0956273567580803,5248.815524471486,8062.961139021999,4492.588436791319,3570.3727022306803,0.07519019304334179
32155,0.09564222881978451,5163.17427257507,8044.077542285187,4487.759356298145,3556.318185987042,0.07502806671997553
32160,0.09565710088148874,5069.926573650233,8028.573722712191,4482.566895306186,3546.006827406005,0.0749837035505454
32165,0.09567197294319295,4969.993066039553,8016.163925588123,4476.2261011380515,3539.9378244500713,0.07493357231433823
32170,0.09568684500489716,4864.333204347809,8006.427884270688,4467.998851937191,3538.429032333497,0.0748367226748574
32175,0.09570171706660137,4753.859188756831,7998.829876743184,4457.219860163188,3541.610016579996,0.07471033401862603
32180,0.09571658912830558,4639.360559989945,7992.741397144835,4443.32073884664,3549.420658298195,0.07464971775534786
32185,0.09573146119000979,4521.448059238958,7987.466285080823,4425.851127666347,3561.615157414476,0.07460686147834467
32190,0.095746333251714,4400.523063264733,7982.2673532148,4404.495669915605,3577.7716832991955,0.07445375232885264
32195,0.09576120531341821,4276.7757084257955,7976.393748513998,4379.085543540262,3597.308204973736,0.07437081180030196
32200,0.09577607737512242,4150.21117489506,7969.108415801299,4349.603365475687,3619.5050503256125,0.07423488257452746
32205,0.09579094943682663,4020.7001263602506,7959.715077157417,4316.180665247951,3643.534411909466,0.07418922769817553
32210,0.09580582149853084,3888.0465964680548,7947.584105245152,4279.087748175729,3668.4963570694235,0.07402338140174748
32215,0.09582069356023507,3752.0650920099097,7932.176587339655,4238.716537086863,3693.460050252792,0.07395236320034397
32220,0.09583556562193928,3612.6584330432916,7913.065795972591,4195.55772038447,3717.5080755881218,0.07381375505370091
32225,0.09585043768364349,3469.8886352527925,7889.955243407367,4150.1740611838995,3739.781182223467,0.07372822148856695
32230,0.0958653097453477,3324.0345285738017,7862.692525647014,4103.171924236893,3759.5206014101213,0.07362041778885506
32235,0.0958801818070519,3175.63136680517,7831.278259721444,4055.172962745232,3776.105296976212,0.07352068388590985
32240,0.09589505386875612,3025.489145184678,7795.8695675452855,4006.787595275189,3789.0819722700967,0.07343075685970755
32245,0.09590992593046033,2874.687656071414,7756.777731307852,3958.5915523628246,3798.1861789450277,0.07331541270714159
32250,0.09592479799216454,2724.547601887607,7714.459812933344,3911.10648771668,3803.3533252166644,0.07337147114865147
32255,0.09593967005386875,2576.5785421729747,7669.504185390155,3864.785424494338,3804.718760895817,0.073423051648504
32260,0.09595454211557296,2432.406218355328,7622.610084804049,3820.003546884123,3802.606537919926,0.07347175578279859
32265,0.09596941417727717,2293.683866056317,7574.561500398481,3777.0544515972115,3797.50704880127,0.07354082286018006
32270,0.09598428623898139,2161.994297176904,7526.196020188999,3736.1514355884387,3790.04458460056,0.07360478814390192
32275,0.0959991583006856,2038.7514675132911,7478.369667622401,3697.4328316556,3780.936835966801,0.07366362798860025
32280,0.09601403036238981,1925.111512736592,7431.919274063364,3660.9699898573936,3770.949284205971,0.07371741431350975
32285,0.09602890242409402,1821.903399990254,7387.624452589807,3626.7763633412665,3760.848089248541,0.07378662952091318
32290,0.09604377448579823,1729.588060191019,7346.17164349865,3594.816276107224,3751.355367391426,0.07385333360816196
32295,0.09605864654750244,1648.2520330597717,7308.122854498168,3565.012186777906,3743.1106677202615,0.07391543089764478
32300,0.09607351860920665,1577.6375280404582,7273.891517153925,3537.2494694186557,3736.642047735269,0.07397338311747491
32305,0.09608839067091086,1517.2059896259193,7243.727298766907,3511.377894121075,3732.349404645832,0.07402772917530556
32310,0.09610326273261507,1466.227581147437,7217.710811967381,3487.209259181373,3730.5015527860082,0.0740790622220901
32315,0.09611813479431928,1423.8853209712533,7195.758102748148,3464.511210686794,3731.246892061354,0.07412800263956779
32320,0.0961330068560235,1389.3806036444848,7177.633767676084,3442.9982518260367,3734.6355158500473,0.07419086991172304
32325,0.09614787891772772,1362.0268341432143,7162.970743568878,3422.3220864495893,3740.6486571192886,0.07425740146458358
32330,0.09616275097943193,1341.3197613068828,7151.294363218834,3402.064316936364,3749.2300462824705,0.07432320851836628
32335,0.09617762304113614,1326.9763502232317,7142.048226391214,3381.734671934536,3760.3135544566776,0.07438874921550191
32340,0.09619249510284035,1318.938110019039,7134.619752398937,3360.777193138304,3773.8425592606327,0.0744543420234706
32345,0.09620736716454456,1317.3391427985207,7128.36384637493,3338.585387835445,3789.778458539485,0.0746240291953989
32350,0.09622223922624877,1322.4432871453469,7122.623784212689,3314.525768746699,3808.09801546599,0.07478523712703639
32355,0.09623711128795298,1334.5581601722793,7116.749069572081,3287.9679589485736,3828.781110623507,0.07504728564168146
32360,0.09625198334965719,1353.936363721546,7110.110546324388,3258.3188632671554,3851.791683057233,0.07528911147274837
32365,0.0962668554113614,1380.6754407148792,7102.113412509584,3225.0581773995855,3877.0552351099986,0.07549879385601384
32370,0.09628172747306561,1414.6282353041934,7092.208965395093,3187.7724299801557,3904.4365354149377,0.0757378822369606
32375,0.09629659953476982,1455.334124975711,7079.905920459094,3146.184657677762,3933.721262781332,0.07593864397438714
32380,0.09631147159647405,1501.9793400022145,7064.782005640868,3100.1768180348104,3964.605187606058,0.07610197258901637
32385,0.09632634365817826,1553.3915645084467,7046.496254017599,3049.8024649656845,3996.693789051915,0.07632466739844945
32390,0.09634121571988247,1608.0705107159488,7024.802027566461,2995.2882700542036,4029.5137575122576,0.07657781659952329
32395,0.09635608778158668,1664.2524687731711,6999.560340269211,2937.0245410119924,4062.535799257219,0.07684282675941385
32400,0.09637095984329089,1720.003344214877,6970.752565907696,2875.546470150549,4095.2060957571475,0.07707046289247073
32405,0.0963858319049951,1773.3318045334704,6938.491184767768,2811.508834103928,4126.9823506638395,0.07726087029579654
32410,0.09640070396669931,1822.3121465910922,6903.026921522856,2745.6569268624007,4157.369994660456,0.07741566276195608
32415,0.09641557602840352,1865.2055352507873,6864.750526165975,2678.79581259886,4185.9547135671155,0.07759381737125405
32420,0.09643044809010773,1900.5684588577642,6824.187603010594,2611.759104431685,4212.428498578909,0.07787725828554967
32425,0.09644532015181194,1927.3385644328582,6781.985316427211,2545.3779916679196,4236.607324759291,0.07812461514238703
32430,0.09646019221351615,1944.890218124065,6738.89047050558,2480.451344568161,4258.439125937419,0.07833743513053068
32435,0.09647506427522037,1953.05484124027,6695.719304792599,2417.71811143478,4278.001193357819,0.07851725405549484
32440,0.09648993633692458,1952.1040446033085,6653.320265613686,2357.833324317137,4295.486941296549,0.0786654596283218
32445,0.0965048083986288,1942.6966369184083,6612.531876301873,2301.348475320484,4311.183400981389,0.07883001691277025
32450,0.096519680460333,1925.7935168187496,6574.138514570239,2248.695958162824,4325.442556407415,0.0790995337838294
32455,0.09653455252203721,1902.5471281910523,6538.827310919292,2200.176305237794,4338.651005681499,0.07933852576945752
32460,0.09654942458374142,1874.1745214092898,6507.149449252153,2155.9467809319867,4351.202668320167,0.07954785796000789
32465,0.09656429664544564,1841.8250168195814,6479.48886705317,2116.0107995089966,4363.478067544173,0.0797282269678506
32470,0.09657916870714985,1806.4547188916258,6456.040750140329,2080.209256576758,4375.831493563571,0.0798803507928958
32475,0.09659404076885406,1768.7203380876695,6436.801370609273,2048.2163653104367,4388.585005298837,0.0800139918849684
32480,0.09660891283055827,1728.9037346810283,6421.56983182636,2019.543151193703,4402.026680632657,0.0802808634314197
32485,0.09662378489226248,1686.8762127977807,6409.96128113873,1993.5510453254292,4416.4102358133005,0.08051994198880912
32490,0.0966386569539667,1642.1078694675725,6401.43024713922,1969.4763434734507,4431.95390366577,0.08073143365615075
32495,0.09665352901567091,1593.7225146972273,6395.302056524647,1946.4644033746015,4448.837653150045,0.08091589700923979
32500,0.09666840107737512,1540.5934467901557,6390.809857914625,1923.611029679715,4467.19882823491,0.08107436168925113
32505,0.09668327313907933,1481.4704331110265,6387.134650034071,1900.00782609821,4487.126823935861,0.08120829053542578
32510,0.09669814520078354,1415.1242411617154,6383.445848374276,1874.7882068562417,4508.657641518033,0.0814091456147553
32515,0.09671301726248775,1340.4925417113964,6378.940254436888,1847.1708903115996,4531.769364125288,0.08164132846589517
32520,0.09672788932419196,1256.8104622774617,6372.877721065771,1816.4978242996372,4556.379896766133,0.08184745497409769
32525,0.09674276138589617,1163.7107309438534,6364.6122423051565,1782.2637031518989,4582.348539153258,0.0820286545257669
32530,0.09675763344760038,1061.2820342529544,6353.617564110476,1744.1348196875126,4609.482744422964,0.08218617723153884
32535,0.0967725055093046,950.0794756353216,6339.50668094661,1701.9561516110925,4637.550529335517,0.08232111833103478
32540,0.0967873775710088,831.0872606092653,6322.044766272089,1655.7471848912949,4666.297581380794,0.08248022530457139
32545,0.09680224963271303,705.6400600465299,6301.155225571743,1605.688587876998,4695.466637694745,0.08267146709471664
32550,0.09681712169441724,575.314772793035,6276.91871153999,1552.102955954233,4724.815755585757,0.08283868571573587
32555,0.09683199375612145,441.8076434494433,6249.565149293943,1495.4331276434186,4754.132021650525,0.08298198470741519
32560,0.09684686581782566,306.81240659298464,6219.459113918016,1436.2210257301374,4783.238088187878,0.08310178917219453
32565,0.09686173787952987,171.9133311490932,6187.0792791212525,1375.088862208745,4811.9904169125075,0.08324008520460224
32570,0.09687660994123408,38.50317232945008,6152.993071816415,1312.7232345609555,4840.26983725546,0.08341523737076786
32575,0.09689148200293829,-92.26896483547262,6117.828054802178,1249.8614609278115,4867.966593874366,0.08356604472926046
32580,0.0969063540646425,-219.51976775736966,6082.24184351981,1187.278662351871,4894.963181167939,0.08369314604325323
32585,0.09692122612634671,-342.62761017359526,6046.892476500429,1125.7737048607687,4921.118771639661,0.0837974290471329
32590,0.09693609818805092,-461.2081802799212,6012.411060549777,1066.1521936962363,4946.258866853541,0.08387989949567379
32595,0.09695097024975513,-575.0764013947646,5979.378201641783,1009.2052216549679,4970.172979986814,0.08394155651432957
32600,0.09696584231145935,-684.2003718914616,5948.305260607987,955.6833801765347,4992.621880431452,0.08406426894732642
32605,0.09698071437316357,-788.651391045365,5919.620922520016,906.266460416515,5013.354462103502,0.08417129936253022
32610,0.09699558643486778,-888.552390273333,5893.663032960512,861.5301399526113,5032.132893007901,0.08425882447603922
32615,0.09701045849657199,-984.0258305326915,5870.675215172997,821.9116772952871,5048.76353787771,0.08432792345050194
32620,0.0970253305582762,-1075.141635784149,5850.80749347438,787.6771884560637,5063.130305018316,0.08437960572633936
32625,0.0970402026199804,-1161.8660996506514,5834.120023064119,758.8934432598378,5075.226579804281,0.08441484531721885
32630,0.09705507468168462,-1244.0138526909404,5820.589036542558,735.4072630644748,5085.1817734780825,0.0844804560438753
32635,0.09706994674338883,-1321.2065679885063,5810.114213079152,716.8354649770863,5093.278748102066,0.08455954625948638
32640,0.09708481880509304,-1392.8435498094127,5802.526808467361,702.5678093011027,5099.958999166258,0.08462367230751033
32645,0.09709969086679725,-1458.0901311869743,5797.598020276634,691.7845385136271,5105.813481763007,0.08467371646059937
32650,0.09711456292850146,-1515.88949838794,5795.047191748095,683.4889072970735,5111.558284451022,0.08471062381673132
32655,0.09712943499020568,-1565.0019585525247,5794.549593230193,676.5537339863382,5117.995859243854,0.08473541881547124
32660,0.09714430705190989,-1604.072833472409,5795.743682547626,669.7796237244754,5125.9640588231505,0.08478883912735725
32665,0.0971591791136141,-1631.7264950140648,5798.237945454924,661.9612809480288,5136.276664506895,0.08485155427642985
32670,0.09717405117531831,-1646.6801981776766,5801.6176361184625,651.9573791048178,5149.660257013645,0.08490237515503206
32675,0.09718892323702252,-1647.8679840500295,5805.45193087531,638.7588942998227,5166.693036575487,0.08494215234959501
32680,0.09720379529872673,-1634.562561260821,5809.302118288923,621.5506991159315,5187.7514191729915,0.08497170742072718
32685,0.09721866736043094,-1606.4821312940458,5812.731421895303,599.7615725193764,5212.969849375927,0.084991778694557
32690,0.09723353942213515,-1563.8698347817335,5815.316861247597,573.0986029093184,5242.218258338279,0.08504118470765822
32695,0.09724841148383936,-1507.5358509671028,5816.663215029528,541.5632075599865,5275.100007469542,0.08508647137078157
32700,0.09726328354554357,-1438.8558807506938,5816.418711849086,505.4475766874755,5310.971135161611,0.08512125152335213
32705,0.09727815560724778,-1359.7242827067903,5814.291621937554,465.31212472483395,5348.97949721272,0.08514598814175632
32710,0.09729302766895201,-1272.4649362924551,5810.066545188084,421.94629368479167,5388.120251503293,0.08520404929978076
32715,0.09730789973065622,-1179.7074028444072,5803.618964389147,376.3165713833436,5427.302393005803,0.08526574252980437
32720,0.09732277179236043,-1084.2396133329785,5794.926605800506,329.5066269211727,5465.419978879333,0.08531742942885244
32725,0.09733764385406464,-988.8507315060306,5784.076331479447,282.6548490714351,5501.421482408012,0.08535970984406144
32730,0.09735251591576885,-896.1788073378289,5771.265646083744,236.89424684963527,5534.371399234109,0.08539302376036112
32735,0.09736738797747306,-808.577271211077,5756.798370055168,193.29873605326023,5563.499634001907,0.08544697793669738
32740,0.09738226003917727,-728.0122326429832,5741.074531056097,152.838511891273,5588.236019164824,0.08549748353577885
32745,0.09739713210088148,-655.9991006913201,5724.57497981355,116.34577370918807,5608.229206104362,0.08553875630636873
32750,0.09741200416258569,-593.5826361345848,5707.841587704457,84.49079362570563,5623.350794078751,0.08557119610396917
32755,0.0974268762242899,-541.3597475652164,5691.454105250936,57.76740575743223,5633.6866994935035,0.08559500398155183
32760,0.09744174828599411,-499.5397412349762,5676.004862169142,36.4865169757203,5639.518345193422,0.08561025174593452
32765,0.09745662034769834,-468.03285531065694,5662.072506596639,20.776165911223153,5641.296340685416,0.08561761744324585
32770,0.09747149240940255,-446.5551957285611,5650.19595798384,10.586873926117509,5639.609084057723,0.08564739051634587
32775,0.09748636447110676,-434.736925862981,5640.849721192076,5.701404908891553,5635.148316283185,0.08566862778560254
32780,0.09750123653281097,-432.22080952788065,5634.421697231429,5.748448653223076,5628.673248578206,0.08568143779555726
32785,0.09751610859451518,-438.73987617677267,5631.194623923,10.220059360922033,5620.974564562078,0.08568597051183902
32790,0.09753098065621939,-454.16590546402085,5631.332257205776,18.49285104348561,5612.83940616229,0.08568250952823013
32795,0.0975458527179236,-478.52435218536857,5634.87131340462,29.852944546142844,5605.0183688584775,0.0856715229823158
32800,0.09756072477962781,-511.97582241766895,5641.7199887837805,43.52446693233313,5598.195521851448,0.08566258258241634
32805,0.09757559684133202,-554.7687011913872,5651.6635275716235,58.70104109593075,5592.9624864756925,0.08566690812124508
32810,0.09759046890303623,-607.1714023613122,5664.376822616912,74.57923561971177,5589.797586997201,0.08566425885361219
32815,0.09760534096474044,-669.3953568967963,5679.443436901929,90.39247791636292,5589.0509589855665,0.08565511044816909
32820,0.09762021302644466,-741.5207838725482,5696.379800872338,105.44358688095737,5590.93621399138,0.08563999561485514
32825,0.09763508508814887,-823.4362939711323,5714.66277139341,119.13395614106948,5595.528815252341,0.08561944085714113
32830,0.09764995714985308,-914.8006663282454,5733.758339798803,130.9875701829151,5602.770769615888,0.08559388825002828
32835,0.0976648292115573,-1015.0312929116985,5753.149134644829,140.66844296162776,5612.480691683201,0.08558290510859404
32840,0.0976797012732615,-1123.3195743054011,5772.358526054825,147.99063485398048,5624.3678912008445,0.08557278901524523
32845,0.09769457333496571,-1238.6697537773643,5790.969595617032,152.9205956900888,5638.048999926943,0.08555653352276621
32850,0.09770944539666993,-1359.954882860848,5808.6379194572855,155.57208719835847,5653.065832258927,0.08553413961085957
32855,0.09772431745837414,-1485.9820779567453,5825.097903034629,156.1943018910795,5668.903601143549,0.08550552169138613
32860,0.09773918952007835,-1615.5588624572333,5840.163167127862,155.1540249286752,5685.0091421991865,0.08547050138648254
32865,0.09775406158178256,-1747.5528983165336,5853.722092968502,152.9128407192106,5700.809252249292,0.08544533430341963
32870,0.09776893364348677,-1880.9384996122435,5865.730004564899,150.0005431874212,5715.7294613774775,0.08542362360707174
32875,0.09778380570519099,-2014.824822396225,5876.199563608721,146.98610857169865,5729.213455037023,0.08539413095531537
32880,0.0977986777668952,-2148.4625222053864,5885.190802077731,144.44780765758867,5740.742994420142,0.0853568341919966
32885,0.09781354982859941,-2281.2280203359774,5892.801893270375,142.94419566689552,5749.85769760348,0.08531172224695929
32890,0.09782842189030362,-2412.587317225427,5899.161358052586,142.9877378979672,5756.173620154619,0.0852664929128746
32895,0.09784329395200783,-2542.0443311157997,5904.422008196381,145.02264940527252,5759.399358791109,0.0852382510685713
32900,0.09785816601371204,-2669.0815697415433,5908.756610052233,149.40814255547022,5759.348467496762,0.085202023132226
32905,0.09787303807541625,-2793.102950543772,5912.355043133146,156.40774836520504,5755.947294767941,0.08515800441048438
32910,0.09788791013712046,-2913.3891924478803,5915.42262309261,166.18481559251904,5749.237807500091,0.08510635126851117
32915,0.09790278219882467,-3029.0750585855562,5918.179219250435,178.8038084252994,5739.375410825136,0.08506307400250988
32920,0.09791765426052888,-3139.1548351990386,5920.858777705178,194.23669364610558,5726.622084059072,0.08503553364278008
32925,0.0979325263222331,-3242.518165766989,5923.708830021345,212.3735510263874,5711.335278994958,0.08500035375830711
32930,0.09794739838393732,-3338.013418429981,5926.989515545946,233.03652438918962,5693.952991156757,0.084957496507116
32935,0.09796227044564153,-3424.5310235457227,5930.971589728284,255.99628494154027,5674.975304786743,0.08490680099879715
32940,0.09797714250734574,-3501.095536887644,5935.932871613986,280.9902211887306,5654.942650425256,0.08488034232088339
32945,0.09799201456904995,-3566.953223023179,5942.152648979666,307.7415433502272,5634.411105629439,0.08485948700693856
32950,0.09800688663075416,-3621.6420614768003,5949.9037417472855,335.9783841504362,5613.92535759685,0.08482965472528126
32955,0.09802175869245837,-3665.033257565525,5959.442222951153,365.45182774328833,5593.990395207865,0.08479031796126214
32960,0.09803663075416258,-3697.337266953414,5970.995175749675,395.951670356638,5575.043505393037,0.08474085547802736
32965,0.09805150281586679,-3719.0724309020693,5984.747259579154,427.3186871164221,5557.428572462732,0.08473021062833572
32970,0.098066374877571,-3730.999814601097,6000.827186600351,459.45231460465715,5541.374871995694,0.0847129233425865
32975,0.09808124693927521,-3734.0329300476224,6019.295394273107,492.3129862101116,5526.982408062996,0.08468351746440057
32980,0.09809611900097942,-3729.134930838097,6040.134195296675,525.91885340555,5514.215341891125,0.08464126263941144
32985,0.09811099106268364,-3717.217949126234,6063.241493380834,560.3372203330489,5502.904273047785,0.08458653170552334
32990,0.09812586312438785,-3699.0591134555098,6088.428818666128,595.6716128286207,5492.757205837507,0.08457949236095255
32995,0.09814073518609207,-3675.2453956355416,6115.424036394724,632.045891160052,5483.378145234672,0.08455781617279488
33000,0.09815560724779628,-3646.155125666421,6143.87870002925,669.587108929832,5474.291591099418,0.08452087704815835
33005,0.09817047930950049,-3611.978475113484,6173.379719851641,708.4088688197907,5464.9708510318505,0.08446812777461406
33010,0.0981853513712047,-3572.773362886995,6203.464825695329,748.5967347867016,5454.868090908627,0.0843991189922398
33015,0.0982002234329089,-3528.5480571543317,6233.641200860684,790.196889363195,5443.444311497489,0.08438474261120836
33020,0.09821509549461312,-3479.3580607164226,6263.406607610391,833.2087675964559,5430.197840013935,0.0843540882742018
33025,0.09822996755631733,-3425.4031890010433,6292.272260395797,877.5819574108729,5414.6903029849245,0.08434163205602956
33030,0.09824483961802154,-3367.1111945189277,6319.786592722957,923.2173132740297,5396.569279448927,0.08438434479217463
33035,0.09825971167972575,-3305.196589487988,6345.558897857898,969.9720275197225,5375.586870338176,0.0844175527672305
33040,0.09827458374142997,-3240.686932947096,6369.2816276968715,1017.6683255717677,5351.6133021251035,0.08444098501131826
33045,0.09828945580313418,-3174.9131439438893,6390.74996237203,1066.1054303266817,5324.644532045348,0.08446297419876396
33050,0.09830432786483839,-3109.464772593821,6409.877183421433,1115.07438730937,5294.802796112063,0.08447755456037384
33055,0.0983191999265426,-3046.1150951552945,6426.704457069411,1164.3751823956652,5262.329274673745,0.08448196962507207
33060,0.09833407198824681,-2986.7240061188427,6441.403897545547,1213.8352909885336,5227.5686065570135,0.08447608102829816
33065,0.09834894404995102,-2933.1287044117526,6454.274230492769,1263.3284070552895,5190.94582343748,0.08445979570437308
33070,0.09836381611165523,-2887.032996933387,6465.7289663868605,1312.7917074927423,5152.937258894119,0.08444228947975368
33075,0.09837868817335944,-2849.9056939511593,6476.27763944568,1362.2397418652422,5114.037897580438,0.08441562163986666
33080,0.09839356023506365,-2822.8972130387406,6486.501266409258,1411.7730212796255,5074.728245129632,0.08438163260375073
33085,0.09840843229676786,-2806.781428478059,6497.023637798987,1461.5796840181222,5035.443953780865,0.08436956347097589
33090,0.09842330435847207,-2801.9273316953236,6508.480310201035,1511.9292361530602,4996.551074047975,0.08434858342993225
33095,0.0984381764201763,-2808.3024740951896,6521.487206880014,1563.158224913586,4958.328981966428,0.08431861143344715
33100,0.09845304848188051,-2825.5076049304744,6536.610586937311,1615.6486662737266,4920.961920663585,0.08427958500212995
33105,0.09846792054358472,-2852.839466332855,6554.339874378607,1669.8009547392141,4884.5389196393935,0.08423436792084733
33110,0.09848279260528893,-2889.3764082375146,6575.06452284219,1726.0036820593273,4849.060840782862,0.08418338743301157
33115,0.09849766466699314,-2934.079406156186,6599.055792251656,1784.603174852485,4814.452617399172,0.08412560344639208
33120,0.09851253672869735,-2985.899350451348,6626.454065572012,1845.875580957398,4780.578484614614,0.08405933386521466
33125,0.09852740879040156,-3043.880369155228,6657.262141446411,1910.0040033652176,4747.2581380811935,0.08398402386526002
33130,0.09854228085210577,-3107.248736386366,6691.344781281414,1977.0625635530441,4714.28221772837,0.08389962341990423
33135,0.09855715291380998,-3175.47783816929,6728.434633721099,2047.008475857596,4681.426157863503,0.08380608914766104
33140,0.09857202497551419,-3248.321797426061,6768.1444715994885,2119.682353447798,4648.46211815169,0.08370338401800444
33145,0.0985868970372184,-3325.813566612301,6809.98543440703,2194.8161653648663,4615.169269042164,0.08359147708904355
33150,0.09860176909892263,-3408.2272190921826,6853.390669160065,2272.0476231763005,4581.343045983765,0.08347034327864264
33155,0.09861664116062684,-3496.0082725799484,6897.743418907609,2350.9393594856533,4546.8040594219565,0.08333996317330797
33160,0.09863151322233105,-3589.6795735211367,6942.4082502858255,2431.001088725223,4511.407161560603,0.08320032288324249
33165,0.09864638528403526,-3689.733073714007,6986.763779545153,2511.7129884748806,4475.050791070273,0.0830514139627689
33170,0.09866125734573947,-3796.519443924963,7030.234995613318,2592.5487487303503,4437.686246882968,0.08290249498813755
33175,0.09867612940744368,-3910.1477891468485,7072.323133397161,2672.9970345400297,4399.326098857131,0.08276262859932612
33180,0.09869100146914789,-4030.4067880816983,7112.631058660985,2752.5804282093627,4360.050630451622,0.08261378101801033
33185,0.0987058735308521,-4156.716483742359,7150.882314514144,2830.871217183163,4320.011097330981,0.08245587070179726
33190,0.09872074559255631,-4288.116863003104,7186.932359099038,2907.5036571507508,4279.428701948287,0.08228882183356873
33195,0.09873561765426052,-4423.2955117659585,7220.771081422038,2982.1825737530075,4238.58850766903,0.08211256669310724
33200,0.09875048971596473,-4560.652367616135,7252.516377371009,3054.688384575246,4197.827992795763,0.0819270486527574
33205,0.09876536177766895,-4698.39539361037,7282.39933590989,3124.8788298478044,4157.5205060620865,0.0817322256464096
33210,0.09878023383937316,-4834.657417475173,7310.742342767059,3192.6878787896744,4118.054463977385,0.08162204658125387
33215,0.09879510590107737,-4967.621924321633,7337.932064097224,3258.12239451257,4079.809669584654,0.08150680133014958
33220,0.09880997796278158,-5095.644595710669,7364.389740142861,3321.2571584473844,4043.132581695477,0.08140653257698231
33225,0.0988248500244858,-5217.357959634196,7390.541435023965,3382.2287609371406,4008.3126740868247,0.08137250292689663
33230,0.09883972208619,-5331.748526840494,7416.790822260999,3441.2286796991702,3975.562142561829,0.08130863860167126
33235,0.09885459414789421,-5438.198929498226,7443.496741287731,3498.4956484835543,3945.001092804177,0.08121606026899407
33240,0.09886946620959843,-5536.491443081732,7470.95717704747,3554.3072359169087,3916.6499411305617,0.08109640321049741
33245,0.09888433827130264,-5626.773434428975,7499.400560316616,3608.9704683513796,3890.4300919652364,0.08103527985264727
33250,0.09889921033300685,-5709.489325507208,7528.984448534982,3662.811365493155,3866.1730830418273,0.08100007967681902
33255,0.09891408239471106,-5785.287197092649,7559.800822465895,3716.1633985962058,3843.6374238696894,0.0809347771110848
33260,0.09892895445641528,-5854.910807489272,7591.886519361846,3769.355083882882,3822.531435478964,0.08084088826315934
33265,0.09894382651811949,-5919.089250416096,7625.236804548182,3822.697133872413,3802.539670675769,0.08072048779085331
33270,0.0989586985798237,-5978.436506706472,7659.819826702916,3876.469758212248,3783.3500684906676,0.08070103675479949
33275,0.09897357064152791,-6033.37169863737,7695.5897434502685,3930.9108008790467,3764.678942571222,0.08066581195700002
33280,0.09898844270323212,-6084.068083692147,7732.496640983564,3986.2054079730365,3746.291233010528,0.0806001396134175
33285,0.09900331476493633,-6130.435096681998,7770.4919621441595,4042.4778413832696,3728.01412076089,0.08050601338207818
33290,0.09901818682664054,-6172.1336061714965,7809.52892253895,4099.785902445449,3709.7430200935005,0.08040707005006982
33295,0.09903305888834475,-6208.620611859114,7849.558225810603,4158.118230222858,3691.439995587745,0.08040246381181275
33300,0.09904793095004896,-6239.216460435979,7890.520164087303,4217.394521535824,3673.1256425514784,0.08036532668465883
33305,0.09906280301175317,-6263.185740696785,7932.3347891629,4277.468515871618,3654.8662732912817,0.08029749558368601
33310,0.09907767507345738,-6279.822530501648,7974.892170017327,4338.13342359737,3636.758746419957,0.08020142090142802
33315,0.09909254713516161,-6288.53150413382,8018.044761177715,4399.129365610321,3618.9153955673946,0.08012618079266116
33320,0.09910741919686582,-6288.898191322099,8061.603595656149,4460.15234044872,3601.4512552074293,0.08011603015130271
33325,0.09912229125857003,-6280.743866892037,8105.339442392298,4520.86423568099,3584.4752067113086,0.08007283451660707
33330,0.09913716332027424,-6264.162598971531,8148.989332221675,4580.903443920582,3568.0858883010933,0.07999890076257468
33335,0.09915203538197845,-6239.539515387889,8192.268083418396,4639.895718419036,3552.37236499936,0.07989715827064357
33340,0.09916690744368266,-6207.550265137784,8234.883771623365,4697.464996992188,3537.4187746311763,0.07982728877755613
33345,0.09918177950538687,-6169.142145082202,8276.555588379417,4753.244021941924,3523.3115664374927,0.07980715912879513
33350,0.09919665156709108,-6125.497795362364,8317.03227454313,4806.884670086366,3510.1476044567635,0.0797542044353842
33355,0.09921152362879529,-6077.983093959307,8356.10930720764,4858.067961345538,3498.0413458621024,0.07967130897246395
33360,0.0992263956904995,-6028.082073561757,8393.64322516047,4906.513720544512,3487.1295046159576,0.07956196993384161
33365,0.09924126775220371,-5977.323242452617,8429.561832857753,4951.989817507479,3477.5720153502743,0.07948553825571837
33370,0.09925613981390793,-5927.203267014362,8463.869452434754,4994.3208087848425,3469.5486436499114,0.07945487015525468
33375,0.09927101187561214,-5879.115094532453,8496.646833912882,5033.395666412327,3463.2511675005553,0.07939274251430369
33380,0.09928588393731635,-5834.287832653921,8528.045745845315,5069.174132235629,3458.8716136096855,0.07930257669904665
33385,0.09930075599902057,-5793.744805860841,8558.278638691032,5101.691116535588,3456.5875221554443,0.07918835171282387
33390,0.09931562806072478,-5758.284175833542,8587.604106036219,5131.058505545822,3456.5456004903963,0.07910318438092327
33395,0.09933050012242899,-5728.4835858916595,8616.30917215234,5157.463787755315,3458.8453843970246,0.07906571965006641
33400,0.0993453721841332,-5704.726919263261,8644.689704083694,5181.165073052784,3463.5246310309103,0.07899885409584703
33405,0.0993602442458374,-5687.24802154638,8673.030457898703,5202.48235730428,3470.548100594423,0.0789063934191944
33410,0.09937511630754162,-5676.183725654438,8701.586379269107,5221.785243956206,3479.8011353129014,0.07879262234010742
33415,0.09938998836924583,-5671.627235460327,8730.566740071752,5239.477714881843,3491.089025189909,0.07870192018008937
33420,0.09940486043095004,-5673.673169176478,8760.123470930457,5255.980876504217,3504.14259442624,0.07866229505547996
33425,0.09941973249265426,-5682.447335864514,8790.34464152251,5271.7148347409475,3518.6298067815624,0.07859529305821857
33430,0.09943460455435847,-5698.117292461522,8821.25348390248,5287.080938551536,3534.1725453509434,0.07850501169068036
33435,0.09944947661606268,-5720.88330846843,8852.81272492593,5302.445572309626,3550.3671526163043,0.07839597712662336
33440,0.09946434867776689,-5750.952822972865,8884.933392038369,5318.126494543716,3566.8068974946527,0.07830203660272067
33445,0.0994792207394711,-5788.504125736139,8917.486784120747,5334.382453824131,3583.1043302966164,0.07826263629048333
33450,0.09949409280117531,-5833.646341302867,8950.31803601677,5351.406503822891,3598.911532193879,0.07819790068650957
33455,0.09950896486287952,-5886.382662067037,8983.25969152893,5369.323124792933,3613.936566735997,0.07811234665140923
33460,0.09952383692458373,-5946.582322939275,9016.143925640139,5388.188964652689,3627.9549609874502,0.0780108556357372
33465,0.09953870898628794,-6013.964480415932,9048.812466278137,5407.996759466417,3640.8157068117207,0.07791158145097085
33470,0.09955358104799215,-6088.094548561137,9081.123769462467,5428.681796836892,3652.4419726255746,0.07787432682512488
33475,0.09956845310969636,-6168.39124359196,9112.957496022209,5450.130162258068,3662.8273337641413,0.07781448749539331
33480,0.09958332517140059,-6254.14104337709,9144.216729434971,5472.1879714835895,3672.0287579513815,0.07773693684112903
33485,0.0995981972331048,-6344.516198589041,9174.82859806518,5494.670848126806,3680.157749938374,0.07764675149261432
33490,0.09961306929480901,-6438.592823721038,9204.743997626623,5517.373047134483,3687.37095049214,0.0775489592562208
33495,0.09962794135651322,-6535.366749411541,9233.936971006658,5540.0758237734935,3693.861147233165,0.07750485984879468
33500,0.09964281341821743,-6633.766422873772,9262.404048045186,5562.55485879808,3699.8491892471056,0.07745315156111077
33505,0.09965768547992164,-6732.663841924668,9290.16355308239,5584.58672144702,3705.5768316353697,0.0773866423117691
33510,0.09967255754162585,-6830.8859294688655,9317.254630345553,5605.95444195664,3711.300188388913,0.07731032423473078
33515,0.09968742960333006,-6927.229554797852,9343.735578000746,5626.452261966274,3717.2833160344717,0.07722900696800013
33520,0.09970230166503427,-7020.483330522275,9369.681055439743,5645.889559454279,3723.7914959854643,0.07715642584960199
33525,0.09971717372673848,-7109.458274210032,9395.177838514486,5664.093860893902,3731.083977620584,0.07711351818079536
33530,0.09973204578844269,-7193.027568819256,9420.319019607363,5680.912823780119,3739.406195827244,0.07705826331454134
33535,0.09974691785014692,-7270.173362747691,9445.196838643391,5696.215146141794,3748.9816925015966,0.0769956427292377
33540,0.09976178991185113,-7340.036343878242,9469.894631385268,5709.89054216751,3760.0040892177585,0.07693036653335109
33545,0.09977666197355534,-7401.962236233168,9494.478635075116,5721.8491698884445,3772.629465186672,0.07686663972054288
33550,0.09979153403525955,-7455.538795790024,9518.990548388689,5732.021125278846,3786.969423109843,0.07680796495898554
33555,0.09980640609696376,-7500.617474779188,9543.441767281834,5740.3567361199275,3803.085031161907,0.07677048963562033
33560,0.09982127815866797,-7537.315569689061,9567.810095949451,5746.828333364107,3820.9817625853448,0.07675066565680876
33565,0.09983615022037218,-7565.997046754547,9592.03947310603,5751.433932808412,3840.605540297618,0.07673582059425664
33570,0.09985102228207639,-7587.232922429232,9616.042893687667,5754.202866632788,3861.840027054879,0.07672395004977363
33575,0.0998658943437806,-7601.744636509979,9639.708301370107,5755.20294441849,3884.5053569516167,0.07671310775187806
33580,0.09988076640548481,-7610.335943842289,9662.906845683738,5754.548291748559,3908.358553935179,0.07670155537691437
33585,0.09989563846718902,-7613.820240340172,9685.502604882597,5752.4066937657335,3933.095911116863,0.07668787605481939
33590,0.09991051052889324,-7612.9508224942565,9707.36272228485,5749.005114163312,3958.357608121538,0.07667104587317178
33595,0.09992538259059745,-7608.3613388932,9728.366912421987,5744.632087408179,3983.7348250138075,0.07665876353226617
33600,0.09994025465230166,-7600.522668239456,9748.41545422801,5739.635887055596,4008.7795671724143,0.07666419888406291
33605,0.09995512671400587,-7589.720736087062,9767.435061311708,5734.417731050355,4033.017330261353,0.07666719743586164
33610,0.09996999877571008,-7576.057500700055,9785.382343649679,5729.419759967959,4055.9625836817195,0.07667125530271983
33615,0.0999848708374143,-7559.474702815949,9802.244885314914,5725.108071221767,4077.136814093147,0.07667105708407206
33620,0.0999997428991185,-7539.797261143793,9818.0402051653,5721.951656111469,4096.088549053831,0.07666626469653003
33625,0.10001461496082271,-7516.790734384402,9832.813012088389,5720.398601689137,4112.414410399252,0.07667161676262839
33630,0.10002948702252693,-7490.225404647815,9846.63121311357,5720.8513142006195,4125.77989891295,0.07669079893259517
33635,0.10004435908423114,-7459.938570229693,9859.581106502588,5723.642729018995,4135.938377483593,0.07670485592813873
33640,0.10005923114593535,-7425.886774596382,9871.762131340472,5729.015448402242,4142.74668293823,0.07671337226604179
33645,0.10007410320763957,-7388.180997389918,9883.281486987973,5737.105484980468,4146.176002007505,0.07671656099178545
33650,0.10008897526934378,-7347.100156600822,9894.248900986026,5747.931823589564,4146.317077396461,0.07671518924896238
33655,0.10010384733104799,-7303.081285545605,9904.77181055575,5761.392427233566,4143.379383322184,0.07671045987294742
33660,0.1001187193927522,-7256.68796854571,9914.951207709819,5777.266709455064,4137.6844982547545,0.07670386592738239
33665,0.10013359145445641,-7208.561507945401,9924.878349464949,5795.223977163001,4129.654372301948,0.07671686237561519
33670,0.10014846351616062,-7159.36139461659,9934.632429136078,5814.836987288922,4119.795441847156,0.07672740972086574
33675,0.10016333557786483,-7109.702695694594,9944.279142358719,5835.5995831911105,4108.679559167608,0.07673463004499155
33680,0.10017820763956904,-7060.0979257329045,9953.869892864193,5856.947361708541,4096.922531155652,0.07673987569803482
33685,0.10019307970127325,-7010.9100038457445,9963.441223086036,5878.280416029842,4085.1608070561942,0.0767446632815326
33690,0.10020795176297746,-6962.32131128171,9973.01398415489,5898.987338933478,4074.026645221412,0.07675053482565403
33695,0.10022282382468167,-6914.321955846564,9982.591821731541,5918.469798599065,4064.122023132476,0.07675893222669937
33700,0.1002376958863859,-6866.718364287811,9992.158753760998,5936.167075568167,4055.9916781928305,0.0767710942093694
33705,0.10025256794809011,-6819.161413294612,10001.675915364425,5951.579954091819,4050.0959612726065,0.07678798139012313
33710,0.10026744000979432,-6771.191552224011,10011.07787236254,5964.293290607435,4046.784581755106,0.07681442216099132
33715,0.10028231207149853,-6722.296808422557,10020.269174725798,5973.996449526527,4046.272725199271,0.07685289726003962
33720,0.10029718413320274,-6671.978249415333,10029.121966173989,5980.50063295037,4048.6213332236184,0.07689479279330348
33725,0.10031205619490695,-6619.816496378767,10037.475453094887,5983.751986273947,4053.7234668209394,0.0769392218345178
33730,0.10032692825661116,-6565.532381974092,10045.137873691325,5983.839299011332,4061.298574679993,0.07698526602400044
33735,0.10034180031831537,-6509.03498889146,10051.891338943613,5980.995201756187,4070.8961371874257,0.07703200355500658
33740,0.10035667238001958,-6450.451230990408,10057.499598489903,5975.590027747736,4081.9095707421675,0.07707852987710648
33745,0.10037154444172379,-6390.1328894457,10061.718471601785,5968.11796483578,4093.6005067660053,0.07712397295206543
33750,0.100386416503428,-6328.639487103583,10064.308414134961,5959.175728745945,4105.132685389016,0.07716750505580097
33755,0.10040128856513222,-6266.698306785971,10065.048484407593,5949.434659864696,4115.6138245428965,0.07722927536536127
33760,0.10041616062683643,-6205.145828932228,10063.750826133535,5939.607780994257,4124.143045139278,0.07730616309074845
33765,0.10043103268854064,-6144.8574105805155,10060.274699897436,5930.413854795199,4129.860845102237,0.07738053023831962
33770,0.10044590475024485,-6086.673703807141,10054.539062759175,5922.540776314487,4131.998286444688,0.07745172445850058
33775,0.10046077681194907,-6031.332784161203,10046.532720656809,5916.610697451481,4129.922023205328,0.077528185011251
33780,0.10047564887365328,-5979.416083064039,10036.321167432969,5913.149116188895,4123.172051244073,0.07760545934454802
33785,0.10049052093535749,-5931.314083106533,10024.04938476895,5912.559813042442,4111.489571726508,0.07767996170143932
33790,0.1005053929970617,-5887.21467155758,10009.940110724046,5915.107033411169,4094.8330773128773,0.07775133862752918
33795,0.1005202650587659,-5847.113577820901,9994.287382203074,5920.905750727077,4073.381631475997,0.07781927801226225
33800,0.10053513712047012,-5810.843063305813,9977.445497682964,5929.920248843694,4047.52524883927,0.07788349943520949
33805,0.10055000918217433,-5778.112573281924,9959.813899865061,5941.97067563302,4017.8432242320414,0.07794417273709793
33810,0.10056488124387855,-5748.5538248406865,9941.818806537012,5956.746685126214,3985.072121410798,0.07801847351769245
33815,0.10057975330558276,-5721.762963196383,9923.892685322142,5973.826845968606,3950.065839353536,0.07808998449016841
33820,0.10059462536728697,-5697.333855541363,9906.452843926701,5992.702189667525,3913.7506542591764,0.07815840811133012
33825,0.10060949742899118,-5674.878949114957,9889.8804734475,6012.802131763869,3877.078341683631,0.07822338385552068
33830,0.10062436949069539,-5654.036887138829,9874.501433903748,6033.521030080504,3840.980403823244,0.07828448687164569
33835,0.1006392415523996,-5634.468705353578,9860.569917951223,6054.243828793655,3806.3260891575683,0.07834123358283812
33840,0.10065411361410381,-5615.846447525747,9848.255891340968,6074.369535552919,3773.8863557880495,0.0784101031518493
33845,0.10066898567580802,-5597.8391204104755,9837.636914857982,6093.3316403422505,3744.305274515731,0.0784794365202297
33850,0.10068385773751223,-5580.100938134847,9828.69463299025,6110.614959420475,3718.079673569774,0.07854418986027743
33855,0.10069872979921644,-5562.265869998331,9821.315900123427,6125.768736273758,3695.5471638496692,0.078603742015927
33860,0.10071360186092065,-5543.950864685708,9815.29823410492,6138.416128355396,3676.8821057495234,0.07865749149360078
33865,0.10072847392262488,-5524.768149333912,9810.35906354794,6148.260438803541,3662.098624744399,0.07870488155992374
33870,0.10074334598432909,-5504.345093216827,9806.148086456835,6155.088607432892,3651.059479023943,0.07876171177894241
33875,0.1007582180460333,-5482.348627801848,9802.261991049669,6158.772548427468,3643.489442622201,0.0788205066030294
33880,0.10077309010773751,-5458.510354451017,9798.260800046455,6159.26890882226,3638.9918912241956,0.07887292107474894
33885,0.10078796216944172,-5432.6483258904955,9793.685169652419,6156.617723569568,3637.0674460828513,0.07892021727584228
33890,0.10080283423114593,-5404.681994139033,9788.074076082368,6150.9402714684775,3637.133804613891,0.07898775325712763
33895,0.10081770629285014,-5374.637809562245,9780.982423673368,6142.436216088271,3638.5462075850965,0.07904868232166895
33900,0.10083257835455435,-5342.644222124314,9771.998180345412,6131.379882548319,3640.618297797093,0.07910289118707886
33905,0.10084745041625856,-5308.916173228775,9760.758669770375,6118.115315943381,3642.643353826995,0.07916775578488812
33910,0.10086232247796277,-5273.730412285815,9746.96562165916,6103.049629629501,3643.915992029658,0.07923226918265841
33915,0.10087719453966698,-5237.394011081283,9730.398514927407,6086.644111910174,3643.754403017233,0.07929079225412386
33920,0.1008920666013712,-5200.20920335742,9710.925669499542,6069.402634218482,3641.5230352810604,0.07934321635593071
33925,0.10090693866307542,-5162.438094289298,9688.512484862655,6051.8570927506435,3636.655392112011,0.07938943983790922
33930,0.10092181072477963,-5124.270832907315,9663.226220080272,6034.549902873874,3628.6763172063984,0.07944788373244825
33935,0.10093668278648384,-5085.800515947843,9635.236784473078,6018.013921612667,3617.2228628604107,0.0795069092995197
33940,0.10095155484818805,-5047.007427241843,9604.81316821654,6002.750556866954,3602.0626113495864,0.07955999128807402
33945,0.10096642690989226,-5007.754281727501,9572.315376327391,5989.20718376814,3583.1081925592516,0.07960698042066963
33950,0.10098129897159647,-4967.793031386893,9538.18200925293,5977.755276708111,3560.42673254482,0.07964776971769608
33955,0.10099617103330068,-4926.7826057608,9502.913919592376,5968.670830944922,3534.243088647454,0.07970100406474498
33960,0.10101104309500489,-4884.31581030981,9467.054628270675,5962.1186512984805,3504.935976972194,0.07975515881291921
33965,0.1010259151567091,-4839.952605857281,9431.168375776613,5958.1419063022795,3473.0264694743337,0.07980317811515956
33970,0.10104078721841331,-4793.256262561516,9395.816803099093,5956.657988168354,3439.158814930739,0.07984507314669101
33975,0.10105565928011753,-4743.828537001387,9361.535308953185,5957.461215253617,3404.074093699568,0.07988090855051033
33980,0.10107053134182174,-4691.340140497804,9328.810133114373,5960.232325438764,3368.5778076756096,0.07992162241293038
33985,0.10108540340352595,-4635.553358348287,9298.057189964351,5964.554116677742,3333.503073286609,0.07997081409480032
33990,0.10110027546523016,-4576.334655638137,9269.603631709908,5969.932079690349,3299.6715520195585,0.080014137609205
33995,0.10111514752693437,-4513.65629238795,9243.673050993297,5975.818507511903,3267.854543481394,0.08005169493168864
34000,0.10113001958863858,-4447.58715863545,9220.375117196985,5981.63839731884,3238.736719878145,0.08008358144073281
34005,0.1011448916503428,-4378.274048908905,9199.700255107555,5986.81548416756,3212.884770939995,0.08010987256173477
34010,0.101159763712047,-4305.91533511519,9181.5197055123,5990.796933384104,3190.722772128197,0.08014456117201386
34015,0.10117463577375121,-4230.7294847874655,9165.590965830797,5993.075516135951,3172.515449694846,0.08018373247904949
34020,0.10118950783545543,-4152.921203546541,9151.568234925433,5993.208442412216,3158.359792513217,0.08021719666871922
34025,0.10120437989715964,-4072.6482594446175,9139.017140819024,5990.832372684411,3148.1847681346126,0.08024495203088328
34030,0.10121925195886386,-3989.9923095042236,9127.432777624495,5985.674430271456,3141.7583473530394,0.08026698908868404
34035,0.10123412402056807,-3904.937222805508,9116.259965461579,5977.559259965212,3138.700705496367,0.08028329826652794
34040,0.10124899608227228,-3817.3583129695903,9104.914687325188,5966.41230878439,3138.5023785407984,0.08029798912457925
34045,0.10126386814397649,-3727.025361285502,9092.805823410527,5952.259543772002,3140.5462796385245,0.08032679210322771
34050,0.1012787402056807,-3633.621201487138,9079.356538201077,5935.223791664022,3144.132746537054,0.08034993305209256
34055,0.10129361226738491,-3536.775963661901,9064.024905969605,5915.5178270200795,3148.5070789495257,0.08036749649478658
34060,0.10130848432908912,-3436.115028229757,9046.32352032563,5893.434299968471,3152.8892203571586,0.08037958208741866
34065,0.10132335639079333,-3331.316651511466,9025.83788139717,5869.33262848162,3156.50525291555,0.08038629864958063
34070,0.10133822845249754,-3222.1734787139458,9002.243283849351,5843.6231086772,3158.620175172151,0.08038775660023217
34075,0.10135310051420175,-3108.651100286493,8975.31976937003,5816.748713272167,3158.5710560978623,0.08039986658133005
34080,0.10136797257590596,-2990.9366492614326,8944.964514589057,5789.16531374366,3155.7992008453975,0.08041644741064323
34085,0.10138284463761019,-2869.4712301906825,8911.200867209314,5761.3213149441945,3149.87955226512,0.08044541175550948
34090,0.1013977166993144,-2744.961603551085,8874.18318004872,5733.637868635393,3140.545311413327,0.08047448846565952
34095,0.10141258876101861,-2618.3687874672905,8834.196662787252,5706.490887807066,3127.705774980185,0.08049905350474953
34100,0.10142746082272282,-2490.873771291532,8791.651679972749,5680.195999137448,3111.455680835301,0.0805190860695926
34105,0.10144233288442703,-2363.8230247525066,8747.072244471436,5654.997359257462,3092.074885213973,0.08053452746596301
34110,0.10145720494613124,-2238.658609775195,8701.078837736606,5631.060956776867,3070.017880959739,0.08056036623756531
34115,0.10147207700783545,-2116.8391929880468,8654.366074115782,5608.472670165962,3045.89340394982,0.08058968853968884
34120,0.10148694906953966,-1999.7589451197318,8607.676067106091,5587.24099181063,3020.4350752954615,0.08061363391364343
34125,0.10150182113124387,-1888.6711563593426,8561.768623138807,5567.303990756788,2994.464632382019,0.08063208458569152
34130,0.10151669319294808,-1784.6224911968807,8517.389579010267,5548.539790286378,2968.849788723889,0.08064493662105367
34135,0.10153156525465229,-1688.4023699084328,8475.238725363102,5530.7795950526315,2944.4591303104708,0.08065210686588163
34140,0.10154643731635651,-1600.5102831642416,8435.938836847197,5513.822128995159,2922.1167078520384,0.08065950057165008
34145,0.10156130937806072,-1521.1422044322876,8400.007365909058,5497.448254568865,2902.5591113401924,0.08067951165316266
34150,0.10157618143976493,-1450.1958738449957,8367.832339640745,5481.434551712399,2886.3977879283457,0.08069320685041453
34155,0.10159105350146914,-1387.2936839250838,8339.653899922156,5465.564753099496,2874.08914682266,0.0807006297949793
34160,0.10160592556317335,-1331.8211771995238,8315.552713922749,5449.638162572455,2865.9145513502936,0.08070185403395116
34165,0.10162079762487757,-1282.9786534605169,8295.446133839143,5433.474514632899,2861.971619206244,0.0806969792079801
34170,0.10163566968658178,-1239.842929347361,8279.092506413237,5416.91513735421,2862.177369059027,0.08068612692921877
34175,0.10165054174828599,-1201.4357739941943,8266.103461170407,5399.8207183925915,2866.2827427778157,0.08068411256425714
34180,0.1016654138099902,-1166.7949213464149,8255.963406698565,5382.066393530608,2873.897013167957,0.08068643144200381
34185,0.1016802858716944,-1135.0429013117705,8248.054917090285,5363.535225647602,2884.5196914426833,0.08068276900983302
34190,0.10169515793339862,-1105.4484069940281,8241.688273430947,5344.111369449724,2897.576903981223,0.08067332251197011
34195,0.10171002999510284,-1077.474750798373,8236.133195435757,5323.674285514913,2912.4589099208442,0.0806582960997959
34200,0.10172490205680705,-1050.8103751375797,8230.650781746968,5302.0952563961655,2928.555525350803,0.08063789857883315
34205,0.10173977411851126,-1025.377509144817,8224.523864387487,5279.237170990729,2945.286693396758,0.0806123410151813
34210,0.10175464618021547,-1001.3169015140734,8217.084332353288,5254.9581097167875,2962.1262226365006,0.08060245141012799
34215,0.10176951824191968,-978.9489570641454,8207.736428670014,5229.118734483696,2978.6176941863177,0.08059350073752192
34220,0.10178439030362389,-958.7142707490666,8195.975502119276,5201.592934496369,2994.382567622907,0.08057975729755104
34225,0.1017992623653281,-941.0991120437402,8181.402129572772,5172.280680584396,3009.121448988376,0.08056142224170745
34230,0.10181413442703231,-926.5534749185817,8163.731860417444,5141.121671570007,3022.6101888474377,0.08053867383858869
34235,0.10182900648873652,-915.4105416329821,8142.801034343147,5108.108172357084,3034.692861986063,0.08051166150043015
34240,0.10184387855044073,-907.8165967425311,8118.569176284795,5073.295471270124,3045.2737050146707,0.08048565369197182
34245,0.10185875061214494,-903.6795057545742,8091.118392632899,5036.808615200214,3054.3097774326843,0.08047988636368131
34250,0.10187362267384917,-902.6419332905361,8060.650020043961,4998.844474901612,3061.8055451423497,0.08046990563621186
34255,0.10188849473555338,-904.0827511901693,8027.478568419547,4959.668687336805,3067.8098810827414,0.08045569186536446
34260,0.10190336679725759,-907.1469178773109,7992.022815562956,4919.60754801297,3072.4152675499854,0.080437190305321
34265,0.1019182388589618,-910.8008963657521,7954.793808697414,4879.035420267116,3075.7583884302976,0.08041431875264675
34270,0.10193311092066601,-913.9078255706377,7916.379544710384,4838.358640800806,3078.020903909578,0.08038697676093438
34275,0.10194798298237022,-915.3145195228758,7877.426246438827,4797.997197133167,3079.4290493056596,0.0803840023280789
34280,0.10196285504407443,-913.9411851709924,7838.616406724682,4758.365611338677,3080.250795386005,0.08037955772954355
34285,0.10197772710577864,-908.8646187941954,7800.644091085764,4719.854473029048,3080.789618056716,0.08036992917227133
34290,0.10199259916748285,-899.3865119815109,7764.188316168988,4682.813919906488,3081.3743962625003,0.08035497387865324
34295,0.10200747122918706,-885.0801964904781,7729.885597855611,4647.540077056624,3082.3455207989873,0.08033456535387244
34300,0.10202234329089127,-865.8114380553693,7698.302947118934,4614.265067448107,3084.0378796708264,0.08031595874528188
34305,0.1020372153525955,-841.7314881204115,7669.91266241722,4583.15075117927,3086.7619112379507,0.08031972956753158
34310,0.1020520874142997,-813.2432714229476,7645.070226917486,4554.285915311361,3090.784311606125,0.08031621757973764
34315,0.10206695947600392,-780.9441068642805,7623.996487081049,4527.686301505151,3096.310185575898,0.08030528803304919
34320,0.10208183153770813,-745.5505332681987,7606.765093941927,4503.296692116803,3103.4684018251246,0.08028681836340289
34325,0.10209670359941234,-707.8124635421545,7593.295954849235,4480.994307439417,3112.3016474098185,0.0802784510364183
34330,0.10211157566111655,-668.4248685971506,7583.355186873198,4460.592978543711,3122.7622083294873,0.08028432349850935
34335,0.10212644772282076,-627.945392168026,7576.561787735022,4441.847885589927,3134.7139021450957,0.08028140099491186
34340,0.10214131978452497,-586.7256906521447,7572.400944066631,4424.460995310873,3147.9399487557585,0.08026951414156998
34345,0.10215619184622918,-544.8629429181083,7570.243580233072,4408.087597206334,3162.155983026738,0.08024851472364
34350,0.10217106390793339,-502.1760408079017,7569.371423593858,4392.344455779519,3177.0269678143386,0.0802182852887571
34355,0.1021859359696376,-458.20867276907575,7569.006546464045,4376.820038740164,3192.186507723881,0.08017875077979209
34360,0.10220080803134182,-412.25909469714134,7568.344072720169,4361.087065770924,3207.257006949245,0.0801633029216714
34365,0.10221568009304603,-363.43406649394547,7566.586540344676,4344.717298648309,3221.8692416963668,0.08014577502929825
34370,0.10223055215475024,-310.72239814894147,7562.9783134585605,4327.2981247189955,3235.680188739565,0.08011816579162134
34375,0.10224542421645445,-253.08192664299258,7556.838445815316,4308.450133492906,3248.3883123224095,0.0800806386499071
34380,0.10226029627815866,-189.53263459267146,7547.590502516419,4287.844601102473,3259.7459014139467,0.08003345673546013
34385,0.10227516833986287,-119.24810830967908,7534.788025436077,4265.219617962915,3269.5684074731616,0.07997698184819065
34390,0.10229004040156708,-41.63768420742326,7518.134553045103,4240.393548813909,3277.741004231194,0.07991947221125309
34395,0.1023049124632713,43.58752224257023,7497.497352559566,4213.274618923277,3284.2227336362894,0.07988964595498838
34400,0.1023197845249755,136.3700137239839,7472.914275050435,4183.865679238634,3289.0485958118015,0.07987300202002647
34405,0.10233465658667971,236.28603125469363,7444.59339645367,4152.2636003534535,3292.3297961002163,0.07991004511299024
34410,0.10234952864838393,342.55139614850486,7412.905362472821,4118.653238947282,3294.252123525539,0.0799414479176252
34415,0.10236440071008815,454.05177235970586,7378.368622395487,4083.2964462500536,3295.072176145434,0.07997734632567872
34420,0.10237927277179236,569.3940263320728,7341.628025792445,4046.517067746462,3295.1109580459834,0.0800220376620931
34425,0.10239414483349657,686.9738349833733,7303.427571398784,4008.6832419295324,3294.744329469251,0.08006228826121228
34430,0.10240901689520078,805.0537733112919,7264.578431919008,3970.188490192065,3294.389941726943,0.08013196194545563
34435,0.10242388895690499,921.8458034399109,7225.923709114016,3931.43308120629,3294.490627907726,0.0802117651885043
34440,0.1024387610186092,1035.592306001397,7188.301661517609,3892.806970240424,3295.494691277185,0.08028824378184449
34445,0.10245363308031341,1144.6404229375835,7152.509343818467,3854.6753048028113,3297.8340390156554,0.08036184755921236
34450,0.10246850514201762,1247.505400158504,7119.268654518007,3817.3671146029556,3301.901539915051,0.08043300544415646
34455,0.10248337720372183,1342.9197327357392,7089.1966735705655,3781.167425217613,3308.0292483529524,0.08050210331851561
34460,0.10249824926542604,1429.8661481383583,7062.781877495647,3746.312695698329,3316.4691817973176,0.08059036292065155
34465,0.10251312132713025,1507.593743401756,7040.367371717489,3712.9892071939403,3327.3781645235485,0.08067867233799653
34470,0.10252799338883448,1575.6178405476617,7022.141734664345,3681.333833483717,3340.8079011806276,0.08076500231266918
34475,0.10254286545053869,1633.7052540746122,7008.137500412111,3651.4365073788535,3356.7009930332574,0.08084940328558472
34480,0.1025577375122429,1681.8475925668672,6998.236793212868,3623.3436572023966,3374.8931360104716,0.08093182660575012
34485,0.10257260957394711,1720.2258835175508,6992.183228889525,3597.061921311532,3395.121307577993,0.08101212304200012
34490,0.10258748163565132,1749.1701890600712,6989.598946544202,3572.561548797923,3417.0373977462787,0.08109281551946185
34495,0.10260235369735553,1769.1179740120565,6990.005527603845,3549.779048870072,3440.2264787337726,0.08120523106897745
34500,0.10261722575905974,1780.5748181638223,6992.847568626272,3528.6188422903206,3464.2287263359513,0.08132266108495922
34505,0.10263209782076395,1784.0806590040756,6997.517755385292,3508.9538748802147,3488.563880505077,0.08143610329412931
34510,0.10264696988246816,1780.1841324591333,7003.38239521016,3490.6253555198423,3512.757039690318,0.08156334445870762
34515,0.10266184194417237,1769.4267731393306,7009.80647178418,3473.441963336304,3536.364508447876,0.08168884659242971
34520,0.10267671400587658,1752.3378800455198,7016.177379642381,3457.1790195436665,3558.998360098715,0.08180876108529442
34525,0.1026915860675808,1729.4398115691583,7021.9265789694045,3441.578229608329,3580.3483493610756,0.08192264110472781
34530,0.10270645812928501,1701.2624340324287,7026.548499162988,3426.34866107992,3600.1998380830682,0.08203006861358929
34535,0.10272133019098922,1668.364516864835,7029.61612720352,3411.169618753359,3618.4465084501608,0.0821306676636737
34540,0.10273620225269343,1631.359145597477,7030.79285351369,3395.6959981108203,3635.0968554028696,0.08222465837833909
34545,0.10275107431439764,1590.9397849342158,7029.840314278427,3379.5665309912506,3650.2737832871767,0.08233221500372635
34550,0.10276594637610185,1547.9034997576632,7026.622156711289,3362.4150867610874,3664.2070699502015,0.0824321359233704
34555,0.10278081843780607,1503.168018014574,7021.103848002282,3343.8848772651263,3677.2189707371554,0.08252430686887384
34560,0.10279569049951028,1457.7797505879307,7013.348831705574,3323.6450711398993,3689.703760565675,0.08261818525046297
34565,0.10281056256121449,1412.9105108598565,7003.51148954448,3301.4090000404276,3702.1024895040528,0.0827486907324527
34570,0.1028254346229187,1369.8414521586446,6991.827476940916,3276.9528828922203,3714.874594048696,0.08287159796500802
34575,0.1028403066846229,1329.9336372550642,6978.602057481599,3250.1338388513614,3728.468218630238,0.08298700815887305
34580,0.10285517874632713,1294.585662917496,6964.197062591274,3220.9059187629064,3743.2911438283672,0.08309509178388366
34585,0.10287005080803134,1265.1798784163343,6949.017053771819,3189.3329504919316,3759.684103279887,0.08319608059321153
34590,0.10288492286973555,1243.0199300019963,6933.495179377224,3155.5971423466626,3777.8980370305617,0.08330988911593867
34595,0.10289979493143976,1229.2635594895573,6918.079114414367,3120.0025936288657,3798.076520785501,0.08342153829026878
34600,0.10291466699314397,1224.8556579621395,6903.217369629234,3082.973100859941,3820.244268769293,0.08352673223179746
34605,0.10292953905484818,1230.467361385451,6889.346170826192,3045.0439123293245,3844.3022584968676,0.08362576155885444
34610,0.10294441111655239,1246.447300092962,6876.877049845037,3006.847371493635,3870.029678351402,0.08371891019694437
34615,0.1029592831782566,1272.790830985114,6866.185255863474,2969.0927029300424,3897.0925529334313,0.08382030429294826
34620,0.10297415523996081,1309.1320996883392,6857.599084579921,2932.5405286733762,3925.0585559065444,0.08395859388293801
34625,0.10298902730166502,1354.7620915341386,6851.390225663056,2897.97304271745,3953.4171829456063,0.08409136207932844
34630,0.10300389936336925,1408.6735212922313,6847.765239465305,2866.161091371741,3981.604148093564,0.08421864864750803
34635,0.10301877142507346,1469.6306703437162,6846.858290430974,2837.829675771948,4009.028614659026,0.08436239652303587
34640,0.10303364348677767,1536.259389257697,6848.725289267835,2813.6235803987724,4035.101708869063,0.08450205090028275
34645,0.10304851554848188,1607.1498036324401,6853.339633145223,2794.0749158956833,4059.26471724954,0.08463558154786033
34650,0.10306338761018609,1680.962189012043,6860.589784627247,2779.574334395594,4081.015450231653,0.08476275096164602
34655,0.1030782596718903,1756.5253953199526,6870.278990452671,2770.3475301644603,4099.9314602882105,0.08488324807544173
34660,0.10309313173359451,1832.9173872417819,6882.127495768721,2766.4383859118457,4115.689109856876,0.08500104254551188
34665,0.10310800379529872,1909.519042016219,6895.777634851837,2767.6997822459225,4128.077852605915,0.08512901273460897
34670,0.10312287585700293,1986.0352061847766,6910.802149410512,2773.792679630726,4137.009469779787,0.08524867495796136
34675,0.10313774791870714,2062.4808201131323,6926.715978820813,2784.1936428753943,4142.5223359454185,0.08539334601356871
34680,0.10315261998041135,2139.1341432899017,6942.991574656238,2798.21054843497,4144.781026221268,0.08555532247418325
34685,0.10316749204211557,2216.4631256331245,6959.077524495268,2815.005835972575,4144.071688522694,0.08570777577072061
34690,0.10318236410381978,2295.034164074348,6974.419955929422,2833.626369687495,4140.793586241927,0.08585009446487961
34695,0.103197236165524,2375.414395471165,6988.48587320979,2853.038774406814,4135.447098802976,0.08598170513158564
34700,0.1032121082272282,2458.079068049537,7000.787302993841,2872.1689938827403,4128.618309111101,0.08610209228442686
34705,0.10322698028893242,2543.3344187124685,7010.904933273097,2889.9447497695755,4120.960183503522,0.08623216625180129
34710,0.10324185235063663,2631.2641036463824,7018.509847944832,2905.339515393094,4113.170332551737,0.08635295883424669
34715,0.10325672441234084,2721.703985746434,7023.3819975573015,2917.416523129574,4105.965474427727,0.08646151751634312
34720,0.10327159647404505,2814.246453438482,7025.424196100141,2925.3711872803738,4100.053008819767,0.08655768338092891
34725,0.10328646853574926,2908.2719152193645,7024.6706730019705,2928.5701681968912,4096.100504805079,0.08669960342776944
34730,0.10330134059745347,3003.002111894577,7021.289511179063,2926.585179023705,4094.704332155358,0.0868341564883253
34735,0.10331621265915768,3097.5677467490314,7015.578638685445,2919.2196077303242,4096.359030955121,0.08695685431473199
34740,0.1033310847208619,3191.0818571308496,7007.9553905306075,2906.526149302887,4101.429241227721,0.08708148152426012
34745,0.10334595678256611,3282.7103912803545,6998.940002381163,2888.813944487506,4110.126057893657,0.08720594519234337
34750,0.10336082884427032,3371.7325049951555,6989.133728421141,2866.6441944897547,4122.489533931386,0.08731896979678604
34755,0.10337570090597453,3457.584906487875,6979.192582874172,2840.8138250878537,4138.378757786319,0.08742077739116154
34760,0.10339057296767874,3539.8868167337364,6969.797977962387,2812.3274484466788,4157.470529515709,0.08751162484475153
34765,0.10340544502938295,3618.444423002372,6961.625754629695,2782.358552933101,4179.2672016965935,0.08761015689506976
34770,0.10342031709108716,3693.2357903407915,6955.315255050015,2752.201487018613,4203.113768031402,0.08770346291358998
34775,0.10343518915279137,3764.3788769420694,6951.44014437421,2723.2163552527104,4228.223789121499,0.0878336531382873
34780,0.10345006121449558,3832.0865162117248,6950.4826332680095,2696.7693884129844,4253.713244855026,0.08796508960728208
34785,0.1034649332761998,3896.6130197191105,6952.8125725579985,2674.1716691732095,4278.6409033847885,0.0880864751521638
34790,0.103479805337904,3958.197503077143,6958.672591629112,2656.6192722088745,4302.053319420237,0.08819768431492325
34795,0.10349467739960823,4017.0092089422014,6968.17005455277,2645.137894845495,4323.032159707275,0.08830174272487504
34800,0.10350954946131244,4073.100011390671,6981.276147822939,2640.5348936499904,4340.741254172948,0.08841305497837797
34805,0.10352442152301665,4126.368884979545,6997.831935489679,2643.361295117474,4354.470640372205,0.0885133539423516
34810,0.10353929358472086,4176.542325281169,7017.560767649789,2653.885822843341,4363.674944806448,0.08860232049696011
34815,0.10355416564642507,4223.173449157321,7040.086048229826,2672.0823086562614,4368.003739573564,0.08867960788818349
34820,0.10356903770812928,4265.660793323477,7064.953088819113,2697.6310812474217,4367.322007571691,0.08875528783697413
34825,0.10358390976983349,4303.285800323455,7091.6536142425875,2729.9341172700188,4361.719496972569,0.08883103234923923
34830,0.1035987818315377,4335.2658839791275,7119.651444576929,2768.1429657592885,4351.508478817641,0.0889335418060645
34835,0.10361365389324191,4360.818128534385,7148.407945588423,2811.1977801584726,4337.21016542995,0.08903037514445147
34840,0.10362852595494612,4379.227412785493,7177.405992641881,2857.8752618202534,4319.530730821628,0.08911433609184091
34845,0.10364339801665033,4389.91227696575,7206.1714042087415,2906.8429635308335,4299.328440677908,0.08918493485981137
34850,0.10365827007835456,4392.482217016,7234.2910422242685,2956.7172291195643,4277.573813104704,0.08924173446206717
34855,0.10367314214005877,4386.781181498595,7261.427024215347,3006.122043820978,4255.304980394369,0.08929574102053996
34860,0.10368801420176298,4372.913630634366,7287.326729755486,3053.7462126415267,4233.580517113959,0.08933962949901332
34865,0.10370288626346719,4351.251334246766,7311.828502047441,3098.396533994887,4213.431968052555,0.08936881400691131
34870,0.1037177583251714,4322.420920873498,7334.863140184371,3139.0449544542525,4195.818185730119,0.08938312739039062
34875,0.10373263038687561,4287.273900267406,7356.45144733877,3174.8680438821925,4181.583403456578,0.08939556307545268
34880,0.10374750244857982,4246.842373354008,7376.698242699137,3205.2774958553073,4171.42074684383,0.08939401767365915
34885,0.10376237451028403,4202.2848328296095,7395.783356427824,3229.9407272180915,4165.842629209733,0.08937756325203966
34890,0.10377724657198824,4154.82723846883,7413.950201614811,3248.791025614273,4165.159176000538,0.08938408202355046
34895,0.10379211863369245,4105.704809253532,7431.492550194319,3262.027082282827,4169.465467911492,0.08938290248579851
34900,0.10380699069539666,4056.1096248420886,7448.740130162597,3270.102152208955,4178.637977953642,0.08936841036859115
34905,0.10382186275710088,4007.1481659854176,7466.04361507914,3273.703494969791,4192.340120109349,0.08934492861422094
34910,0.1038367348188051,3959.8114567518123,7483.759507333426,3273.723141916626,4210.0363654167995,0.08931340795146084
34915,0.1038516068805093,3914.958730924163,7502.235343214325,3271.2213720949294,4231.013971119396,0.08926911675608723
34920,0.10386647894221351,3873.313845045319,7521.79559055671,3267.3845234156706,4254.411067141039,0.08921222616374601
34925,0.10388135100391772,3835.472310912786,7542.728583763836,3263.4788926358283,4279.249691128007,0.08914413385026684
34930,0.10389622306562193,3801.9160208176017,7565.274851195563,3260.802485839514,4304.4723653560495,0.08906984231060544
34935,0.10391109512732614,3773.0325126713806,7589.617228309802,3260.6362937639037,4328.980934545898,0.08898501452909735
34940,0.10392596718903035,3749.135838558969,7615.873196693024,3264.1966256411415,4351.676571051882,0.08888963473101064
34945,0.10394083925073457,3730.486569995016,7644.089916980475,3272.589888769552,4371.500028210923,0.08878242545039897
34950,0.10395571131243878,3717.309040323126,7674.242404723887,3286.771086315132,4387.471318408756,0.0886635080681741
34955,0.10397058337414299,3709.804493457084,7706.235210734115,3307.5072382905514,4398.727972443563,0.08853299245162084
34960,0.10398545543584721,3708.159312896014,7739.907801534972,3335.346899143349,4404.560902391623,0.0883909739968478
34965,0.10400032749755142,3712.547878933235,7775.043596245849,3370.5969166299606,4404.446679615889,0.08823753105515465
34970,0.10401519955925563,3723.1297913261747,7811.382323383529,3413.3075063334763,4398.074817050053,0.08809906114014045
34975,0.10403007162095984,3740.0411991260116,7848.635046989724,3463.2665635393237,4385.3684834504,0.0879539362194494
34980,0.10404494368266405,3763.379887634983,7886.50091643986,3520.0038740601376,4366.497042379722,0.08779797970237754
34985,0.10405981574436826,3793.1837634830727,7924.684460887426,3582.8055153878863,4341.87894549954,0.0876311044626538
34990,0.10407468780607247,3829.4026797153497,7962.912116611242,3650.7382790171628,4312.173837594079,0.08745321050892044
34995,0.10408955986777668,3871.864342447313,8000.946672914695,3722.6834305534308,4278.263242361265,0.08726418789934322
35000,0.10410443192948089,3920.2363807399943,8038.598464266262,3797.3786023694083,4241.219861896854,0.08706392134454173
35005,0.1041193039911851,3973.988360785977,8075.732419003023,3873.4661324044923,4202.266286598531,0.08685229676756968
35010,0.10413417605288931,4032.3591917535323,8112.270474066866,3949.545767525667,4162.724706541199,0.08662920988239775
35015,0.10414904811459354,4094.3365019558864,8148.189338030589,4024.229378896679,4123.95995913391,0.08639457654697966
35020,0.10416392017629775,4158.654702604183,8183.514074242338,4096.195217145032,4087.318857097306,0.08614834428842254
35025,0.10417879223800196,4223.817327248238,8218.308418709366,4164.239278621159,4054.069140088207,0.08589050405919116
35030,0.10419366429970617,4288.146834529269,8252.66308260684,4227.321552970931,4025.341529635908,0.08562110104972419
35035,0.10420853636141038,4349.861668780795,8286.683468749636,4284.605248307056,4002.0782204425795,0.08534024332643682
35040,0.10422340842311459,4407.176483227868,8320.478227619886,4335.487498420925,3984.990729198961,0.08504810722055896
35045,0.1042382804848188,4458.417640586219,8354.149890371367,4379.620495363208,3974.5293950081596,0.08474493874811762
35050,0.10425315254652301,4502.142995737193,8387.788469665818,4416.922416130586,3970.866053535233,0.08443105083183426
35055,0.10426802460822722,4537.253021956825,8421.468464024281,4447.577899178826,3973.8905648454556,0.08410681662649598
35060,0.10428289666993143,4563.079929241222,8455.24920331066,4472.028174258874,3983.221029051785,0.08377413323975019
35065,0.10429776873163564,4579.442761753741,8489.17800335621,4490.951276160454,3998.226727195756,0.08345508437008803
35070,0.10431264079333986,4586.659591441705,8523.295222400855,4505.233103643299,4018.062118757556,0.08312661676277365
35075,0.10432751285504407,4585.512638666352,8557.640081485257,4515.930432769968,4041.7096487152885,0.08278920063007031
35080,0.10434238491674828,4577.167939330877,8592.25605382066,4524.227350138659,4068.028703682001,0.08244332063032601
35085,0.1043572569784525,4563.057239524294,8627.19474772814,4531.3869036559845,4095.8078440721547,0.08208946519984459
35090,0.1043721290401567,4544.735147398365,8662.517482449079,4538.700030155124,4123.817452293954,0.08172811727468263
35095,0.10438700110186092,4523.728233423235,8698.294142995088,4547.4339665283305,4150.860176466757,0.08135974632007353
35100,0.10440187316356513,4501.394013921057,8734.599341079751,4558.782357443626,4175.816983636125,0.08098480141321959
35105,0.10441674522526934,4478.806284919139,8771.506338881973,4573.819136373981,4197.687202507992,0.08060370508908364
35110,0.10443161728697355,4456.679329320784,8809.079548517055,4593.457999219541,4215.621549297513,0.08021684773735979
35115,0.10444648934867776,4435.337822793765,8847.366651891567,4618.418947652582,4228.947704238985,0.07982458248608193
35120,0.10446136141038197,4414.7328557177025,8886.391462342686,4649.20299273602,4237.188469606666,0.07942722067004229
35125,0.10447623347208619,4394.498490288476,8926.148564684454,4686.075713045785,4240.072851638669,0.07902502811547639
35130,0.1044911055337904,4374.038627392742,8966.600542349874,4729.059980267475,4237.5405620823985,0.07870601034370867
35135,0.10450597759549461,4352.631246283991,9007.678268264019,4777.937813637416,4229.7404546266025,0.07892615594565869
35140,0.10452084965719882,4329.536441722341,9049.284351612114,4832.26101019172,4217.023341420394,0.07899980144181162
35145,0.10453572171890303,4304.0958704933555,9091.299450344664,4891.369923419803,4199.929526924861,0.07891484655823822
35150,0.10455059378060724,4275.813736505212,9133.590827459162,4954.419529037786,4179.171298421376,0.07867353018895834
35155,0.10456546584231145,4244.412713991247,9176.02228341729,5020.411721293036,4155.610562124253,0.07828305082214448
35160,0.10458033790401566,4209.861706187179,9218.464457298594,5088.23262321992,4130.231834078674,0.07796039549428367
35165,0.10459520996571987,4172.375657350207,9260.804460201725,5156.693565838137,4104.110894363588,0.07812600283485192
35170,0.10461008202742408,4132.390498395029,9302.953878744142,5224.574291968665,4078.379586775476,0.07813690472980075
35175,0.1046249540891283,4090.5185228611713,9344.854349489397,5290.666871052071,4054.187478437326,0.07799427181675876
35180,0.10463982615083252,4047.4909312424916,9386.480138085619,5353.8187773529435,4032.6613607326753,0.07770420009713373
35185,0.10465469821253673,4004.0948723597357,9427.837439255023,5412.973594745951,4014.863844509072,0.0772773000103275
35190,0.10466957027424094,3961.112047940062,9468.960423165514,5467.2078781634045,4001.7525450021094,0.07708923313980276
35195,0.10468444233594515,3919.264925679516,9509.9043650412,5515.762833191779,3994.141531849422,0.0771607940048867
35200,0.10469931439764936,3879.1750227000866,9550.736480123418,5558.069672790964,3992.6668073324536,0.07708318222114617
35205,0.10471418645935357,3841.3358422749498,9591.525316424495,5593.76776566197,3997.757550762525,0.07686216831534165
35210,0.10472905852105778,3806.1011577253594,9632.329706854487,5622.714988394925,4009.614718459562,0.07650790371457568
35215,0.10474393058276199,3773.6876826572243,9673.188331316987,5644.990013071681,4028.198318245307,0.07603417342031393
35220,0.1047588026444662,3744.189904498251,9714.110880686476,5660.886584237433,4053.2242964490424,0.07612546182883582
35225,0.10477367470617041,3717.6040435791174,9755.071653940073,5670.9001493890855,4084.1715045509873,0.07608605499639798
35230,0.10478854676787462,3693.857700903085,9796.00617600449,5675.707495797229,4120.298680207261,0.07590760514966965
35235,0.10480341882957885,3672.8416926060163,9836.811126888955,5676.140306805094,4160.670820083861,0.07560025761642815
35240,0.10481829089128306,3654.4407485385927,9877.347558792846,5673.153774407033,4204.193784385813,0.07517754022171513
35245,0.10483316295298727,3638.5601101487327,9917.44708555478,5667.791578809966,4249.655506744814,0.07510155915025132
35250,0.10484803501469148,3625.145567802052,9956.92049246751,5661.1486523086705,4295.77184015884,0.0750735072818476
35255,0.10486290707639569,3614.195127233007,9995.568059080633,5654.333167633863,4341.23489144677,0.07491043758320856
35260,0.1048777791380999,3605.7612915823493,10033.190823854202,5648.429121988292,4384.76170186591,0.07462297576237237
35265,0.10489265119980411,3599.943867238816,10069.602041380676,5644.460734308894,4425.141307071783,0.07422483961891323
35270,0.10490752326150832,3596.874180915749,10104.638169211743,5643.359658344639,4461.278510867104,0.07407200125144658
35275,0.10492239532321253,3596.692520485728,10138.168840984787,5645.93577422132,4492.233066763467,0.07402496991233713
35280,0.10493726738491674,3599.521353734417,10170.105402591505,5652.852097682776,4517.25330490873,0.07384798832900503
35285,0.10495213944662095,3605.437327993713,10200.407682900624,5664.6041759192085,4535.803506981416,0.07355271687908828
35290,0.10496701150832517,3614.4451513376935,10229.088728109777,5681.504244140357,4547.58448396942,0.07339442937205125
35295,0.10498188357002938,3626.456207676245,10256.217254211188,5703.670398686174,4552.546855525014,0.07341324401432597
35300,0.1049967556317336,3641.274224849621,10281.917584423285,5731.021078233106,4550.896506190179,0.0734298854498904
35305,0.1050116276934378,3658.5895913635927,10306.366864610394,5763.275194380052,4543.091670230342,0.07344454289148686
35310,0.10502649975514201,3677.9831063152974,10329.789414619318,5799.958269123214,4529.831145496103,0.07345744759878615
35315,0.10504137181684622,3698.939139304077,10352.448192113434,5840.414877919716,4512.033314193718,0.07346886049970129
35320,0.10505624387855043,3720.867441709112,10374.633517177062,5883.8275391857405,4490.805977991322,0.07347905831931706
35325,0.10507111594025464,3743.1322366439294,10396.649414194128,5929.241934529653,4467.4074796644745,0.07348831969441989
35330,0.10508598800195885,3765.0867521785112,10418.798144208367,5975.598013421407,4443.2001307869605,0.07349691271059158
35335,0.10510086006366307,3786.111062277168,10441.363694276268,6021.766173669521,4419.597520606747,0.07351839482743702
35340,0.10511573212536728,3805.6509541182077,10464.595132722203,6066.587364325678,4398.007768396525,0.07354302792684224
35345,0.1051306041870715,3823.2555234156657,10488.690813421206,6108.915675061154,4379.775138360053,0.07356689634341805
35350,0.10514547624877571,3838.611278090637,10513.784413144476,6147.661785956089,4366.122627188387,0.07359025816177049
35355,0.10516034831047992,3851.570674694548,10539.933718586071,6181.835564838965,4358.098153747106,0.0736133088636958
35360,0.10517522037218413,3862.1732026218565,10567.112954411603,6210.58610703811,4356.526847373493,0.07363618501430715
35365,0.10519009243388834,3870.657366234222,10595.209271850186,6233.237592417834,4361.971679432352,0.07365897070825554
35370,0.10520496449559255,3877.4622099881376,10624.023808137908,6249.319460462818,4374.7043476750905,0.07368170536293786
35375,0.10521983655729676,3883.2174144872656,10653.277487368297,6258.589556416372,4394.687930951925,0.07370439172843014
35380,0.10523470861900097,3888.72149447996,10682.621469685615,6261.049074925773,4421.572394759842,0.07372700331997463
35385,0.10524958068070518,3894.9082773830205,10711.651877915236,6256.948333615031,4454.703544300205,0.07375304839852374
35390,0.10526445274240939,3902.802636816965,10739.928153658551,6246.782671067658,4493.145482590893,0.0737920535817344
35395,0.1052793248041136,3913.4673733501204,10766.994138993941,6231.278107507632,4535.7160314863095,0.07389150727568836
35400,0.10529419686581783,3927.9441082956914,10792.40076867003,6211.366847136402,4581.033921533628,0.07397353263918234
35405,0.10530906892752204,3947.19197895846,10815.729113325851,6188.153231408209,4627.575881917643,0.07397836875117175
35410,0.10532394098922625,3972.0286523862355,10836.612453420847,6162.871337175086,4673.74111624576,0.07409279651482491
35415,0.10533881305093046,4003.0785525366337,10854.756093907226,6136.835992007209,4717.9201019000175,0.074224118027827
35420,0.10535368511263467,4040.733083442531,10869.953749133874,6111.389476924111,4758.564272209764,0.07428645853838674
35425,0.10536855717433888,4085.1269432257723,10882.099525227868,6087.846533352326,4794.252991875542,0.074396715666749
35430,0.10538342923604309,4136.133358536472,10891.194786739437,6067.440435146143,4823.754351593295,0.07451447964487123
35435,0.1053983012977473,4193.37932075267,10897.349496263383,6051.272807976437,4846.076688286946,0.07455649102366482
35440,0.10541317335945151,4256.279859926488,10900.777940139153,6040.269591582227,4860.508348556926,0.07462956252209171
35445,0.10542804542115572,4324.08830610391,10901.789080808754,6035.145089129444,4866.64399167931,0.07474178045613225
35450,0.10544291748285993,4395.9576480184605,10900.772088015878,6036.375494998928,4864.39659301695,0.07477332408955976
35455,0.10545778954456415,4471.006779574649,10898.177878133136,6044.1827063288465,4853.995171804289,0.07482393627366714
35460,0.10547266160626836,4548.384832752047,10894.497715200534,6058.528666675265,4835.969048525269,0.07494065138199611
35465,0.10548753366797257,4627.327033389226,10890.240082119655,6079.120008482145,4811.12007363751,0.07497351119265556
35470,0.10550240572967678,4707.196556302567,10885.90710280106,6105.422379469271,4780.48472333179,0.07498806586426793
35475,0.105517277791381,4787.508548970001,10881.971779098281,6136.683559272762,4745.288219825519,0.07511975556364814
35480,0.1055321498530852,4867.934597894161,10878.857201445979,6171.964280573703,4706.892920872276,0.07516595496014046
35485,0.10554702191478942,4948.288147013089,10876.91870992135,6210.175536109856,4666.743173811495,0.07512680255737157
35490,0.10556189397649363,5028.493467807641,10876.429741871565,6250.121049210067,4626.308692661498,0.07528314287114755
35495,0.10557676603819784,5108.542496196969,10877.571828094951,6290.543486919458,4587.028341175494,0.07535381774619787
35500,0.10559163809990205,5188.445025293644,10880.428918991176,6330.172889686824,4550.256029304352,0.07539268977074312
35505,0.10560651016160626,5268.1782768873545,10884.98596096362,6367.77568282204,4517.210278141581,0.07551154052197785
35510,0.10562138222331048,5347.641735365309,10891.131423319113,6402.202538303965,4488.928885015148,0.07553664765544468
35515,0.10563625428501469,5426.6223477405765,10898.663312338686,6432.4332944763055,4466.23001786238,0.07565475676119889
35520,0.1056511263467189,5504.773870922683,10907.29811017714,6457.617141034185,4449.680969142955,0.07577806664599933
35525,0.10566599840842311,5581.612447856319,10916.682042341015,6477.106358458595,4439.57568388242,0.07580138242834612
35530,0.10568087047012732,5656.5286372650025,10926.404101976661,6490.482077810349,4435.9220241663115,0.07588563397932577
35535,0.10569574253183153,5728.8143532919685,10936.010328462336,6497.570801545028,4438.439526917308,0.07601744322226851
35540,0.10571061459353574,5797.701719300861,10945.018932880039,6498.450791746335,4446.568141133704,0.07604424093227896
35545,0.10572548665523995,5862.409869017569,10952.935961474714,6493.447872886217,4459.488088588497,0.07606896042652363
35550,0.10574035871694416,5922.195304956446,10959.271267570944,6483.120688739544,4476.150578831401,0.07621255914931038
35555,0.10575523077864837,5976.401512330607,10963.554603392626,6468.235969453877,4495.3186339387485,0.076247786531629
35560,0.10577010284035258,6024.5040052501945,10965.351633619359,6449.73487399131,4515.616759628048,0.07620060110915822
35565,0.10578497490205681,6066.147688535076,10964.27960989043,6428.691943300399,4535.5876665900305,0.07636078874686351
35570,0.10579984696376102,6101.174195212267,10960.022339024745,6406.268599098414,4553.753739926331,0.07641140414543167
35575,0.10581471902546523,6129.637594439311,10952.343947870126,6383.66342269871,4568.680525171416,0.07643607611163497
35580,0.10582959108716944,6151.807512584376,10941.100823384526,6362.06162265708,4579.039200727446,0.07645680366288889
35585,0.10584446314887365,6168.159294434301,10926.251020264248,6342.5861304885575,4583.66488977569,0.07653053289517833
35590,0.10585933521057786,6179.351421042294,10907.860409143968,6326.252641384362,4581.607767759607,0.07662813957431523
35595,0.10587420727228207,6186.191073621918,10886.104904692893,6313.9306447945455,4572.174259898347,0.0766313385993093
35600,0.10588907933398628,6189.589533619018,10861.268268154718,6306.312085462165,4554.956182692553,0.07664387391609316
35605,0.10590395139569049,6190.5100158367795,10833.735209628356,6303.888790675663,4529.846418952693,0.07676685081479144
35610,0.1059188234573947,6189.9114425938,10803.979794883653,6306.939238647722,4497.040556235931,0.07677008446554073
35615,0.10593369551909891,6188.692416203721,10772.549455663197,6315.524678474348,4457.024777188849,0.07674104023877576
35620,0.10594856758080314,6187.6400421824455,10740.045177984612,6329.494097197889,4410.551080786723,0.07687646632503255
35625,0.10596343964250735,6187.388131541038,10707.098674061137,6348.497109522905,4358.601564538232,0.07689240535899958
35630,0.10597831170421156,6188.388582688759,10674.347515419759,6372.003550192746,4302.343965227013,0.07678100437745905
35635,0.10599318376591577,6190.898444306943,10642.409314120292,6399.3283871222475,4243.080926998045,0.07693927329443594
35640,0.10600805582761998,6194.983448214293,10611.856090169196,6429.660534110244,4182.195556058952,0.07697983623348302
35645,0.10602292788932419,6200.536937173087,10583.189964238587,6462.094199433985,4121.095764804602,0.07688357919416403
35650,0.1060377999510284,6207.311406559666,10556.82127254197,6495.66152831133,4061.159744230641,0.07698203511578185
35655,0.10605267201273261,6214.958619752608,10533.050118516707,6529.365452153928,4003.6846663627784,0.07705525854803219
35660,0.10606754407443682,6223.073641900444,10512.05225302599,6562.211821865758,3949.8404311602317,0.07699389277155361
35665,0.10608241613614103,6231.23822310038,10493.870008467427,6593.24006094119,3900.6299475262376,0.07702242670203847
35670,0.10609728819784524,6239.059659074368,10478.408801223575,6621.551718181617,3856.8570830419585,0.07713264862824064
35675,0.10611216025954946,6246.202357643283,10465.439465262667,6646.336424292444,3819.1030409702234,0.07711118606420957
35680,0.10612703232125367,6252.410584088808,10454.606399064432,6666.89485690862,3787.711542155813,0.07705762873689095
35685,0.10614190438295788,6257.522008514334,10445.441217519136,6682.658390341972,3762.782827177163,0.07717207483621177
35690,0.1061567764446621,6261.4725713403495,10437.38132437905,6693.205146115777,3744.176178263273,0.07719828156107558
35695,0.1061716485063663,6264.293756661209,10429.792583907183,6698.272168406315,3731.520415500868,0.07716034371975883
35700,0.10618652056807051,6266.103642690186,10421.995092464358,6697.763430789421,3724.2316616749367,0.0770943769706999
35705,0.10620139262977472,6267.093159701453,10413.290942722624,6691.753350379836,3721.5375923427882,0.07720555831545105
35710,0.10621626469147893,6267.508910666669,10402.992834495803,6680.485462916977,3722.5073715788258,0.07718757878547841
35715,0.10623113675318314,6267.6337568609315,10390.452405951533,6664.365922819412,3726.0864831321214,0.07703455379557296
35720,0.10624600881488735,6267.766170722447,10375.087219308929,6643.951562047923,3731.1356572610057,0.07716639110935754
35725,0.10626088087659157,6268.199132112198,10356.405416376247,6619.93239210209,3736.473024274157,0.07717141806382259
35730,0.10627575293829579,6269.199129126513,10334.027145903205,6593.108674599481,3740.918471303724,0.07703210970973205
35735,0.106290625,6270.98568512343,10307.701949673676,6564.363010327943,3743.338939345733,0.07715333179782705
35740,0.10630549706170421,6273.711845348051,10277.321381143694,6534.628276852344,3742.69310429135,0.07718552307710246
35745,0.10632036912340842,6277.446267394171,10242.926232029358,6504.852634269904,3738.073597759454,0.07707714180200914
35750,0.10633524118511263,6282.157947750999,10204.707876104027,6475.96315859721,3728.7447175068164,0.07704420179870926
35755,0.10635011324681684,6287.705070462647,10163.003421334752,6448.829892116332,3714.1735292184194,0.07711258732548813
35760,0.10636498530852105,6293.829803157345,10118.28459904181,6424.232170875068,3694.052428166742,0.07704608198897576
35765,0.10637985737022526,6300.160893663689,10071.140607241494,6402.828976527416,3668.311630714078,0.07682989047434163
35770,0.10639472943192947,6306.225495238831,10022.255446763727,6385.13476971335,3637.1206770503777,0.07689027060284477
35775,0.10640960149363368,6311.4707381843455,9972.38061468639,6371.501834653015,3600.878780033375,0.07687458601394606
35780,0.10642447355533789,6315.294274463482,9922.304317093542,6362.109664297759,3560.1946527957825,0.07671585309053515
35785,0.10643934561704212,6317.081570163205,9872.818600870145,6356.961418268221,3515.8571826019243,0.07664048592476362
35790,0.10645421767874633,6316.246391941751,9824.685958469625,6355.887062653518,3468.798895816107,0.07667907316095096
35795,0.10646908974045054,6312.270004863235,9778.607016765362,6358.552501860762,3420.0545149045993,0.07658211005883431
35800,0.10648396180215475,6304.734278399726,9735.190878449324,6364.473858567404,3370.7170198819204,0.07647556634946967
35805,0.10649883386385896,6293.344284832647,9694.929547638416,6373.036037411766,3321.8935102266496,0.07656854050664694
35810,0.10651370592556317,6277.9370477218545,9658.177652309903,6383.514784520617,3274.662867789287,0.07653457782676373
35815,0.10652857798726738,6258.474720630328,9625.138390610324,6395.1015762519655,3230.0368143583582,0.07635974907305093
35820,0.10654345004897159,6235.0224218207,9595.856294351448,6406.930782168349,3188.9255121830993,0.07642637794353835
35825,0.1065583221106758,6207.712943724909,9570.217041775632,6418.10860354985,3152.1084382257814,0.0764230617734303
35830,0.10657319417238001,6176.702318995754,9547.954185624716,6427.743261763529,3120.2109238611874,0.07632083054720354
35835,0.10658806623408422,6142.121521583291,9528.662315518586,6434.975795232985,3093.6865202856015,0.07614701193780944
35840,0.10660293829578844,6104.030245320554,9511.815869062455,6439.010638446513,3072.8052306159416,0.0761911557075746
35845,0.10661781035749265,6062.378648487233,9496.792563937379,6439.144941240561,3057.647622696818,0.07612489707145538
35850,0.10663268241919686,6016.982177935053,9482.900257434057,6434.795395131765,3048.1048623022925,0.07596149872040367
35855,0.10664755448090107,5967.513169863316,9469.405956002518,6425.521221774376,3043.8847342281424,0.07592789325589962
35860,0.10666242654260528,5913.511028648236,9455.565691906893,6411.041992446341,3044.523699460552,0.07590870126343927
35865,0.1066772986043095,5854.410649545933,9440.654045882322,6391.249110843684,3049.4049350386376,0.0758232924822857
35870,0.1066921706660137,5789.58666442178,9423.992207854002,6366.210100449308,3057.782107404694,0.07579885028896907
35875,0.10670704272771792,5718.409339390341,9404.973615048208,6336.165261152111,3068.8083538960964,0.0757760656854749
35880,0.10672191478942213,5640.306765409383,9383.086372539236,6301.516747022957,3081.5696255162784,0.07574785499655723
35885,0.10673678685112634,5554.827473324081,9357.931832820947,6262.810609808479,3095.1212230124675,0.07573546142417134
35890,0.10675165891283055,5461.69776340249,9329.238878512648,6220.712796967318,3108.5260815453294,0.07574314472906594
35895,0.10676653097453477,5360.86874762107,9296.873608081862,6175.98044804047,3120.8931600413916,0.07574506537428193
35900,0.10678140303623898,5252.549178187163,9260.8442621487,6129.430074193527,3131.4141879551726,0.07574128458982943
35905,0.10679627509794319,5137.2213836244955,9221.301343331523,6081.904322755449,3139.3970205760734,0.07573181325164909
35910,0.1068111471596474,5015.638898946688,9178.532975620748,6034.239022443791,3144.293953176957,0.07571661316527492
35915,0.10682601922135161,4888.805574020999,9132.955625526823,5987.232084115636,3145.7235414111874,0.07569560167973853
35920,0.10684089128305582,4757.937067435414,9085.100378873383,5941.6156115613785,3143.484767312005,0.07566865986120629
35925,0.10685576334476003,4624.406729995643,9035.595050220925,5898.032279469607,3137.5627707513186,0.07567026695096106
35930,0.10687063540646424,4489.67900532255,8985.14251242011,5857.01669069466,3128.125821725451,0.07567919918629232
35935,0.10688550746816845,4355.2346256340115,8934.49578105381,5818.982066184962,3115.513714868849,0.07568111111209923
35940,0.10690037952987266,4222.492966646441,8884.430570561706,5784.212280791412,3100.218289770294,0.0756757822810822
35945,0.10691525159157687,4092.7377601352273,8835.716239801439,5752.85896188282,3082.857277918619,0.07566303920225567
35950,0.1069301236532811,3967.0527102493606,8789.086236719466,5724.943129948969,3064.143106770497,0.07564277158994374
35955,0.10694499571498531,3846.273207872935,8745.209300248074,5700.360687967061,3044.8486122810136,0.07561494507509794
35960,0.10695986777668952,3730.9591721979996,8704.662749495868,5678.890964124421,3025.7717853714475,0.07559068473193153
35965,0.10697473983839373,3621.3921042935567,8667.90916231327,5660.207489333061,3007.701672980209,0.07559667414278441
35970,0.10698961190009794,3517.5969058594524,8635.277609531693,5643.890258601613,2991.38735093008,0.07559468961340349
35975,0.10700448396180215,3419.386216875351,8606.950377313673,5629.438889236608,2977.511488077065,0.07558493271226698
35980,0.10701935602350636,3326.422346865563,8582.955803415625,5616.286333878153,2966.6694695374727,0.07558227828357862
35985,0.10703422808521057,3238.289701892368,8563.167508842926,5603.813087842043,2959.354421000882,0.07557573097787698
35990,0.10704910014691478,3154.5692623101477,8547.30996173416,5591.362078414588,2955.9478833195717,0.07556139730328414
35995,0.10706397220861899,3074.9063521199887,8534.969997697272,5578.254565315598,2956.715432381674,0.0755395610198093
36000,0.1070788442703232,2999.063731966699,8525.613662325584,5563.807368987911,2961.806293337673,0.07551049978167215
36005,0.10709371633202742,2926.9538760098394,8518.60754731286,5547.351577011675,2971.2559703011857,0.07551345293579505
36010,0.10710858839373164,2858.6469480827545,8513.243660534292,5528.252606874561,2984.991053659731,0.07552690387100013
36015,0.10712346045543585,2794.3541345762333,8508.766794491272,5505.931198702988,3002.835595788284,0.07553312295072295
36020,0.10713833251714006,2734.389184562401,8504.403325408523,5479.884638624682,3024.51868678384,0.07553220085295366
36025,0.10715320457884427,2679.11378808569,8499.39037667083,5449.707303552135,3049.6830731186947,0.07552421446497917
36030,0.10716807664054848,2628.8743820512495,8493.004308072843,5415.109470483632,3077.8948375892105,0.07550922941657422
36035,0.10718294870225269,2583.938833630105,8484.587542994072,5375.933238350684,3108.654304643387,0.07549210332053143
36040,0.1071978207639569,2544.4411231056615,8473.572818646762,5332.164378288695,3141.4084403580673,0.07548699802311597
36045,0.10721269282566111,2510.3407431324017,8459.504040256523,5283.938998429611,3175.5650418269115,0.07550212595600997
36050,0.10722756488736532,2481.4013306404613,8442.053038168031,5231.5441294647135,3210.5089087033175,0.07551500395717721
36055,0.10724243694906953,2457.19042592631,8421.031664716222,5175.41172294107,3245.6199417751513,0.07552443747685485
36060,0.10725730901077375,2437.099600179298,8396.398820171962,5116.106057801515,3280.2927623704472,0.07554923994897887
36065,0.10727218107247796,2420.381858198339,8368.262157206924,5054.3050658083375,3313.9570913985863,0.07556500421340263
36070,0.10728705313418217,2406.2014822764677,8336.874374510197,4990.776494109321,3346.0978804008755,0.07557161571116136
36075,0.10730192519588638,2393.6905009431334,8302.624168121332,4926.350053365203,3376.274114756129,0.07556896794234387
36080,0.1073167972575906,2382.00577646778,8266.022063687491,4861.88676792396,3404.135295763531,0.07555695661845258
36085,0.1073316693192948,2370.381229326659,8227.681507933616,4798.2467357902315,3429.434772143384,0.07555931956097135
36090,0.10734654138099901,2358.1708004429634,8188.295758404973,4736.256515385408,3452.0392430195643,0.0755912143906132
36095,0.10736141344270322,2344.8791783211204,8148.611280108442,4676.677420469733,3471.933859638709,0.0756126285382517
36100,0.10737628550440743,2330.1788330011805,8109.398533204005,4620.176073411679,3489.222459792326,0.07562329804395496
36105,0.10739115756611164,2313.9132610734214,8071.421207094428,4567.298534777746,3504.122672316682,0.0756229625845202
36110,0.10740602962781585,2296.0873963665836,8035.4051058928535,4518.449111974615,3516.955993918238,0.07561137129087983
36115,0.10742090168952008,2276.8468269840773,8002.007997347801,4473.874564320721,3528.13343302708,0.07560605152739311
36120,0.10743577375122429,2256.4478177362203,7971.7917818355145,4433.653985650995,3538.137796184519,0.07560105470232008
36125,0.1074506458129285,2235.2202789791677,7945.198304996667,4397.694323608077,3547.5039813885896,0.07558280698575366
36130,0.10746551787463271,2213.525911890204,7922.530020228165,4365.731400800217,3556.7986194279483,0.07557932444394976
36135,0.10748038993633692,2191.7139408131334,7903.936507732159,4337.336424406063,3566.600083326096,0.07556791811106536
36140,0.10749526199804113,2170.0771514856356,7889.407585781222,4311.928165726819,3577.479420054403,0.07556272302242946
36145,0.10751013405974534,2148.8112984013005,7878.773424982877,4288.791064968152,3589.9823600147256,0.07555694055088592
36150,0.10752500612144955,2127.9811651466885,7871.711720585703,4267.099333292845,3604.6123872928583,0.07553669179763187
36155,0.10753987818315376,2107.4964926549646,7867.761616909136,4245.946684014772,3621.8149328943646,0.0755021008663142
36160,0.10755475024485797,2087.1004942513614,7866.343737447324,4224.380759963876,3641.9629774834484,0.07545341274824269
36165,0.10756962230656218,2066.372693260488,7866.7853767662655,4201.440819842856,3665.344556923409,0.07539098907090969
36170,0.1075844943682664,2044.7464277867216,7868.3496729437575,4176.196937120203,3692.1527358235544,0.07533875895281099
36175,0.10759936642997062,2021.5397805627704,7870.2674114862675,4147.788868743649,3722.4785427426186,0.07531571387922686
36180,0.10761423849167483,1995.9971743484907,7871.77001507541,4115.462781503453,3756.307233571957,0.07527969660956582
36185,0.10762911055337904,1967.3376704572147,7872.122244157523,4078.604070614401,3793.518173543122,0.07523134907656552
36190,0.10764398261508325,1934.8053232566494,7870.6531649995795,4036.764526252555,3833.8886387470247,0.07517139411051267
36195,0.10765885467678746,1897.7169139828275,7866.784029002808,3989.6821690477677,3877.1018599550403,0.07524810604233365
36200,0.10767372673849167,1855.5030221941424,7860.051846816418,3937.2923270678957,3922.7595197485225,0.07548498883828841
36205,0.10768859880019588,1807.7395481982517,7850.127632154407,3879.729081178557,3970.3985509758504,0.0756891363470344
36210,0.10770347086190009,1754.1682297512539,7836.828532010512,3817.317056223577,4019.5114757869355,0.0758598658862751
36215,0.1077183429236043,1694.7061335932844,7820.123348014791,3750.55451807053,4069.5688299442613,0.07599721249924875
36220,0.10773321498530851,1629.4452922620799,7800.131278093068,3680.08958584076,4120.041692252309,0.07618565799188952
36225,0.10774808704701273,1558.6443950411158,7777.114051575951,3606.6918390066094,4170.422212569341,0.07641523395272891
36230,0.10776295910871694,1482.7146411850272,7751.461971808058,3531.2215828669696,4220.240388941088,0.07661103459433015
36235,0.10777783117042115,1402.2016003149056,7723.6746922445955,3454.5986104660815,4269.076081778514,0.07677327664734115
36240,0.10779270323212536,1317.7643930166382,7694.337809249167,3377.7716769671306,4316.566132282036,0.07690257384542068
36245,0.10780757529382957,1230.152925823374,7664.096535666654,3301.6893196142614,4362.407216052392,0.07703107389733717
36250,0.10782244735553378,1140.183478978854,7633.627809854716,3227.272264356292,4406.355545498424,0.0772452691334698
36255,0.107837319417238,1048.7127926723801,7603.6121918802555,3155.3874828651005,4448.224709015155,0.07742763093589293
36260,0.1078521914789422,956.610977653907,7574.706809789683,3086.823931650384,4487.882878139299,0.0775789030456986
36265,0.10786706354064642,864.734016304737,7547.5204614418135,3022.2700349179963,4525.250426523817,0.07769986171290857
36270,0.10788193560235063,773.8971572822611,7522.591774488963,2962.2930332670035,4560.298741221959,0.0777911893375065
36275,0.10789680766405484,684.8509668350725,7500.371103411644,2907.320440901155,4593.050662510489,0.07796034094851868
36280,0.10791167972575906,598.2620400014957,7481.206619794641,2857.6240778964348,4623.582541898206,0.07813567614307933
36285,0.10792655178746327,514.7002803894975,7465.334845612484,2813.3074649221503,4652.027380690333,0.07828360702282508
36290,0.10794142384916748,434.6341581387651,7452.875696655054,2774.2976993076686,4678.5779973473855,0.07840458407682849
36295,0.10795629591087169,358.4344748326548,7443.831944938452,2740.3431313241676,4703.488813614284,0.07849895195681715
36300,0.1079711679725759,286.3860280787103,7438.0928715307355,2711.018093207676,4727.07477832306,0.07861554526385056
36305,0.10798604003428011,218.7053650015796,7435.441760164884,2685.735539807883,4749.706220357,0.0787926701544177
36310,0.10800091209598432,155.56175347826502,7435.566774984967,2663.767785532977,4771.798989451991,0.07894514486361956
36315,0.10801578415768853,97.09780111884174,7438.074674178969,2644.2747074628255,4793.799966716144,0.0790729753361575
36320,0.10803065621939274,43.445999516952725,7442.506740071178,2626.338010707243,4816.168729363935,0.07917621196845792
36325,0.10804552828109695,-5.262055200586474,7448.356262325,2608.9995810389764,4839.356681286024,0.07925508380075069
36330,0.10806040034280116,-48.89597358598712,7455.086900003027,2591.3016790433344,4863.785220959693,0.07943481852599343
36335,0.10807527240450539,-87.3371754696982,7462.1512724484555,2572.3267749357115,4889.824497512744,0.07959143466790194
36340,0.1080901444662096,-120.49890518349275,7469.009184664003,2551.235121986224,4917.7740626777795,0.07972434084391294
36345,0.10810501652791381,-148.353207827181,7475.144970633855,2527.2986037545666,4947.846366879288,0.07983353672665093
36350,0.10811988858961802,-170.961168269042,7480.083524283662,2499.9298346026485,4980.153689681014,0.07991928190608696
36355,0.10813476065132223,-188.50199744316342,7483.404668340506,2468.7058404540544,5014.698827886452,0.08003854041012666
36360,0.10814963271302644,-201.29646269856312,7484.755574921371,2433.3858533834073,5051.369721537963,0.08019108074913969
36365,0.10816450477473065,-209.82069980248343,7483.860992865206,2393.922841140829,5089.938151724376,0.08032040231185585
36370,0.10817937683643486,-214.7075285582432,7480.531058110767,2350.4684273237417,5130.062630787025,0.08042670222544192
36375,0.10819424889813907,-216.73385640952256,7474.666474932671,2303.370913827695,5171.2955611049765,0.08051043304802312
36380,0.10820912095984328,-216.7943738111544,7466.260872481739,2253.166243741247,5213.094628740492,0.08057226037172709
36385,0.10822399302154749,-215.86329926728195,7455.40017828174,2200.561949202082,5254.838229079658,0.08069276110345715
36390,0.10823886508325171,-214.9472412994919,7442.258919299032,2146.4143915132067,5295.8445277858245,0.08081066632711263
36395,0.10825373714495592,-215.03317843005334,7427.093465977381,2091.699886150461,5335.393579826919,0.080907237545726
36400,0.10826860920666014,-217.03603342995575,7410.23237012601,2037.4805873840294,5372.751782741981,0.0809831915312714
36405,0.10828348126836435,-221.75031152646716,7392.064099732492,1984.8662717339962,5407.197827998496,0.08103939312544453
36410,0.10829835333006856,-229.80982682263857,7373.022622937514,1934.973394002427,5438.049228935087,0.08107741555237707
36415,0.10831322539177277,-241.65873914500753,7353.571418934505,1888.8829763014187,5464.688442633087,0.08118314612690103
36420,0.10832809745347698,-257.53606099044555,7334.186578850381,1847.5990071663857,5486.5875716839955,0.08127055376307482
36425,0.10834296951518119,-277.47457437935554,7315.339694851378,1812.0090545062496,5503.330640345129,0.08134057536720155
36430,0.1083578415768854,-301.31383242661104,7297.48121933981,1782.848721695024,5514.632497644786,0.0813942480170667
36435,0.10837271363858961,-328.7257188861886,7281.024915339598,1760.6714038786629,5520.353511460935,0.08143266194580111
36440,0.10838758570029382,-359.24999799478974,7266.333927736636,1745.8245516769582,5520.509376059677,0.08147089275771344
36445,0.10840245776199804,-392.3364968716287,7253.708899239833,1738.4333537291182,5515.275545510714,0.08155578998846731
36450,0.10841732982370225,-427.3901089915789,7243.378449787015,1738.3924401279555,5504.986009659059,0.08162716583281003
36455,0.10843220188540646,-463.8147464163103,7235.492244793538,1745.3659083981215,5490.126336395417,0.08168610637709489
36460,0.10844707394711067,-501.0527054207869,7230.116801924297,1758.7956922117992,5471.321109712498,0.08173369277470015
36465,0.10846194600881488,-538.6165939912098,7227.2341272921285,1777.9180287052416,5449.316098586887,0.08177096919717049
36470,0.1084768180705191,-576.1119064695622,7226.743223305454,1801.7875230708476,5424.955700234606,0.08181814840729855
36475,0.1084916901322233,-613.249392713712,7228.464461476345,1829.3080483364836,5399.156413139861,0.08189800867128479
36480,0.10850656219392751,-649.847411250611,7232.146753874588,1859.2694534527589,5372.877300421829,0.08196883950437278
36485,0.10852143425563172,-685.8253476768086,7237.477379176108,1890.388800189391,5347.088578986717,0.08203153905293031
36490,0.10853630631733593,-721.1898373065396,7244.094221270555,1921.3546378794158,5322.73958339114,0.08208690819031703
36495,0.10855117837904014,-756.0159286200487,7251.600064953388,1950.8726861169725,5300.7273788364155,0.08213564588928314
36500,0.10856605044074437,-790.4254820884698,7259.578475842197,1977.7112525623013,5281.867223279895,0.08218861536388451
36505,0.10858092250244858,-824.5650707437717,7267.610685403924,2000.7447739884108,5266.865911415513,0.08227327201695286
36510,0.10859579456415279,-858.5854993969015,7275.2928211874605,2018.9940204652999,5256.298800722161,0.08235168178928226
36515,0.108610666625857,-892.6248342105964,7282.25277645085,2031.6617116172463,5250.591064833604,0.08242419678884451
36520,0.10862553868756121,-926.7965375042668,7288.166005511708,2038.1625167013665,5250.003488810342,0.0824910203190735
36525,0.10864041074926542,-961.1839061865994,7292.769559044298,2038.1466078658043,5254.622951178494,0.08255222916472496
36530,0.10865528281096963,-995.8414885827542,7295.873731851655,2031.5160859888128,5264.357645862842,0.08260779578115418
36535,0.10867015487267384,-1030.8035062726694,7297.370779281122,2018.4337007164631,5278.937078564659,0.08268719875570185
36540,0.10868502693437805,-1066.0985811056335,7297.240264957167,1999.3233636655953,5297.916901291572,0.08276689529136828
36545,0.10869989899608226,-1101.769350630816,7295.550732362095,1974.8620478113796,5320.688684550715,0.08283911558795692
36550,0.10871477105778647,-1137.8949591109595,7292.457547190963,1945.9628236814629,5346.494723509501,0.08290332568635099
36555,0.1087296431194907,-1174.6140360407235,7288.196935069521,1913.7490381914347,5374.447896878086,0.0829589464816863
36560,0.1087445151811949,-1212.1456734080548,7283.076434126251,1879.5200009650289,5403.556433161222,0.08300538448506382
36565,0.10875938724289912,-1250.8060824747736,7277.462182357171,1844.7089784217733,5432.753203935397,0.08304479144729911
36570,0.10877425930460333,-1291.0189992438154,7271.763649077184,1810.8347496780336,5460.92889939915,0.08309857559296702
36575,0.10878913136630754,-1333.3184392622015,7266.416578547126,1779.448373087245,5486.968205459881,0.08314030812403725
36580,0.10880400342801175,-1378.3429968784858,7261.865022888517,1752.0770717459864,5509.787951142531,0.0831695103447483
36585,0.10881887548971596,-1426.821477895427,7258.543385538414,1730.1672208306393,5528.376164707775,0.0831858575206455
36590,0.10883374755142017,-1479.5502120601604,7256.85936745284,1715.0283061225043,5541.831061330336,0.08318918521279554
36595,0.10884861961312438,-1537.3629062586342,7257.1786070666885,1707.7794733698831,5549.399133696806,0.08317948471788868
36600,0.10886349167482859,-1601.0943750507486,7259.811642308959,1709.3000030466435,5550.511639262315,0.08316428976393832
36605,0.1088783637365328,-1671.5399190893681,7265.003618439003,1720.1848552229399,5544.8187632160625,0.0831682538071887
36610,0.10889323579823702,-1749.4124899885956,7272.926944822557,1740.7064588167043,5532.220486005853,0.08316357282885974
36615,0.10890810785994123,-1835.3000368110866,7283.676894502079,1770.784237635441,5512.892656866638,0.08314997136573359
36620,0.10892297992164544,-1929.6255164376125,7297.269967130402,1809.9639400913793,5487.306027039022,0.08312840286569478
36625,0.10893785198334965,-2032.611912974981,7313.644715741062,1857.4095141535533,5456.2352015875085,0.08310110832003607
36630,0.10895272404505386,-2144.254220458105,7332.664677949958,1911.9107817917807,5420.753896158178,0.08309192200225472
36635,0.10896759610675807,-2264.2997141464457,7354.123048742102,1971.9102115879562,5382.212837154146,0.08307760336670537
36640,0.10898246816846228,-2392.237047592765,7377.748772179948,2035.5514106313985,5342.197361548549,0.08305917879674227
36645,0.1089973402301665,-2527.2939110726884,7403.213795140788,2100.7504560805733,5302.463339060214,0.08303761307297422
36650,0.1090122122918707,-2668.442369852456,7430.141298451535,2165.2889764268602,5264.852322024674,0.0830137479200512
36655,0.10902708435357492,-2814.4107756213657,7458.114783974425,2226.9252918671978,5231.189492107227,0.08298825096334321
36660,0.10904195641527913,-2963.7014528951477,7486.687940954301,2283.5173774847426,5203.170563469558,0.08296158291684898
36665,0.10905682847698335,-3114.61419065156,7515.395238621884,2333.1493747057107,5182.245863916174,0.08294808773962815
36670,0.10907170053868756,-3265.276683010589,7543.76319662061,2374.2521947599594,5169.51100186065,0.08294463516191349
36675,0.10908657260039177,-3413.6840134021063,7571.32227364298,2405.7086113967816,5165.613662246198,0.08294018242384918
36680,0.10910144466209598,-3557.7495139755374,7597.619289289164,2426.93412844396,5170.685160845203,0.08293461307557119
36685,0.10911631672380019,-3695.3684047275883,7622.230252269782,2437.9266864203687,5184.303565849414,0.08292767874351784
36690,0.1091311887855044,-3824.493405175765,7644.773403813545,2439.2807052694634,5205.492698544082,0.08291902269718947
36695,0.10914606084720861,-3943.2183918363476,7664.922192392365,2432.1637654956908,5232.758426896675,0.08290820627021671
36700,0.10916093290891282,-4049.8630080338107,7682.417774387293,2418.25711471513,5264.160659672163,0.08291988792576821
36705,0.10917580497061703,-4143.049022556954,7697.080495817783,2399.6638772614783,5297.4166185563045,0.08293222083087667
36710,0.10919067703232124,-4221.759111112227,7708.819676900335,2378.7911167517836,5330.028560148552,0.08294149667326002
36715,0.10920554909402545,-4285.370943253298,7717.6409285119325,2358.213602056145,5359.427326455787,0.08294713315746928
36720,0.10922042115572968,-4333.663551242747,7723.650214847027,2340.528178691931,5383.122036155097,0.08294847672360943
36725,0.10923529321743389,-4366.797832551898,7727.053967919764,2328.208036427915,5398.845931491849,0.08295218273749444
36730,0.1092501652791381,-4385.277349647889,7728.154765245365,2323.4659178016736,5404.688847443691,0.08297681854867328
36735,0.10926503734084231,-4389.898246786235,7727.342383478016,2328.134482595801,5399.207900882215,0.08299544818069181
36740,0.10927990940254652,-4381.697592951301,7725.080395029581,2343.5706975075627,5381.5096975220185,0.08300710376780561
36745,0.10929478146425073,-4361.907900995714,7721.888825082916,2370.589349460024,5351.299475622892,0.08301077591617322
36750,0.10930965352595494,-4331.922523293577,7718.323678007359,2409.428714083497,5308.894963923862,0.0830054477473075
36755,0.10932452558765915,-4293.272825031088,7714.9543376732045,2459.7492194946276,5255.205118178577,0.08302778708485196
36760,0.10933939764936336,-4247.6142287150815,7712.339936245717,2520.6638283558,5191.676107889916,0.08303998016061462
36765,0.10935426971106757,-4196.715083193651,7711.005790647077,2590.7970083788423,5120.208782268235,0.08304057333323046
36770,0.10936914177277178,-4142.440444776447,7711.420965259166,2668.367713297423,5043.053251961743,0.08302875276214097
36775,0.109384013834476,-4086.722776300847,7713.977977714189,2751.2908148490146,4962.687162865175,0.0830038615837264
36780,0.10939888589618021,-4031.513580589221,7718.9756510743,2837.290891049801,4881.684760024499,0.08299303905566123
36785,0.10941375795788442,-3978.714034745406,7726.606130332414,2924.0221062299565,4802.584024102458,0.08298301349016908
36790,0.10942863001958864,-3930.0882296300415,7736.947088421325,3009.188011959531,4727.759076461794,0.08295929812099934
36795,0.10944350208129285,-3887.168572933774,7749.960082501576,3090.6553724673413,4659.304710034235,0.08292177254052416
36800,0.10945837414299706,-3851.167849295054,7765.495811496797,3166.556537535403,4598.939273961394,0.08287037070440019
36805,0.10947324620470127,-3822.914869972585,7783.3066155186325,3235.375468029076,4547.931147489557,0.08282077859705081
36810,0.10948811826640548,-3802.8294880061735,7803.06593857009,3296.013321348936,4507.052617221154,0.08279092999606202
36815,0.10950299032810969,-3790.947671780242,7824.393702744962,3347.8305873066165,4476.563115438345,0.08274755865912756
36820,0.1095178623898139,-3786.999000155158,7846.885731729666,3390.66414552648,4456.221586203186,0.0826901799764773
36825,0.10953273445151811,-3790.5290265596363,7870.14466893871,3424.819221420314,4445.325447518397,0.0826182061465979
36830,0.10954760651322233,-3801.0497382679264,7893.809417517578,3451.0378777549226,4442.771539762656,0.08254895695569128
36835,0.10956247857492654,-3818.195073462196,7917.580103073541,3470.447160833431,4447.13294224011,0.08250577346384307
36840,0.10957735063663075,-3841.856682988083,7941.235973309499,3484.4911083544534,4456.744864955046,0.08244666056879585
36845,0.10959222269833496,-3872.278131671145,7964.644466836387,3494.8513968308594,4469.793070005528,0.0823707929632437
36850,0.10960709476003917,-3910.0925405840408,7987.760793114565,3503.361464775163,4484.399328339402,0.0822775272494761
36855,0.10962196682174338,-3956.297441187695,8010.6185942252505,3511.9186042427573,4498.699989982493,0.08220781696371
36860,0.1096368388834476,-4012.1693609061294,8033.313404178886,3522.3979234314015,4510.915480747484,0.08214939013104094
36865,0.1096517109451518,-4079.127887319341,8055.981486325197,3536.571388499721,4519.4100978254755,0.08207271871541606
36870,0.10966658300685601,-4158.563963588288,8078.77706430668,3556.0344534147553,4522.742610891924,0.0819775621053385
36875,0.10968145506856022,-4251.649992751838,8101.850899985914,3582.1421473647297,4519.708752621184,0.08189626453351118
36880,0.10969632713026443,-4359.150458117201,8125.332651338424,3615.9559598206824,4509.376691517741,0.08185463370505312
36885,0.10971119919196866,-4481.251770764797,8149.318604337637,3658.2024867816344,4491.116117556003,0.08179580312914218
36890,0.10972607125367287,-4617.429308517208,8173.8654220676235,3709.2446023867883,4464.620819680835,0.08171953123082196
36895,0.10974094331537708,-4766.3681401249505,8198.989706017537,3769.065881154778,4429.923824862759,0.08164857154363386
36900,0.10975581537708129,-4925.9513917117365,8224.672576097411,3837.269045012031,4387.403531085381,0.081607284301992
36905,0.1097706874387855,-5093.326011971891,8250.86820251876,3913.0892247526626,4337.778977766098,0.08154797922351018
36910,0.10978555950048971,-5265.049242218273,8277.515210001813,3995.422668161045,4282.092541840768,0.08147046562070655
36915,0.10980043156219392,-5437.310217782679,8304.549992366316,4082.8710837119775,4221.678908654338,0.0813747153654316
36920,0.10981530362389813,-5606.21045018282,8331.921075317368,4173.801034725971,4158.120040591398,0.08132773720462808
36925,0.10983017568560234,-5768.076106853311,8359.60364043551,4266.416740838146,4093.1868995973646,0.0812720260867065
36930,0.10984504774730655,-5919.76644799476,8387.613145944624,4358.843435295052,4028.7697106495725,0.08119755933851544
36935,0.10985991980901076,-6058.939026001257,8416.016706285474,4449.217258034524,3966.7994482509503,0.08110444066697776
36940,0.10987479187071499,-6184.234990378747,8444.940641200388,4535.776736475831,3909.163904724557,0.08102652987736797
36945,0.1098896639324192,-6295.357185369453,8474.572517711093,4616.9503843728435,3857.622133338249,0.08098000148568474
36950,0.1099045359941234,-6393.02809658051,8505.156207660408,4691.434931805361,3813.7212758550468,0.08091431602873085
36955,0.10991940805582762,-6478.831372957766,8536.979035821361,4758.259202905594,3778.7198329157673,0.08082952854395163
36960,0.10993428011753183,-6554.956655933055,8570.350983169348,4816.829622787839,3753.521360381509,0.08072586035199787
36965,0.10994915217923604,-6623.8803329698185,8605.577028916572,4866.954645268378,3738.622383648194,0.08068496960212808
36970,0.10996402424094025,-6688.022961025215,8642.924874738394,4908.846900727261,3734.077974011133,0.08063322995702865
36975,0.10997889630264446,-6749.426601970673,8682.591261285701,4943.103414346253,3739.487846939448,0.08056159363409497
36980,0.10999376836434867,-6809.4919405803485,8724.67063645622,4970.665696057416,3754.0049403988032,0.08047036306475062
36985,0.11000864042605288,-6868.806252216852,8769.129914678479,4992.76273428379,3776.367180394688,0.08039520344488751
36990,0.11002351248775709,-6927.080300501056,8815.792445025028,5010.840843766598,3804.951601258431,0.0803617676815775
36995,0.11003838454946131,-6983.197136897902,8864.333190328534,5026.484865202734,3837.8483251258003,0.0803079121433236
37000,0.11005325661116552,-7035.361063282155,8914.285732009823,5041.3353754889085,3872.9503565209143,0.08023412219395505
37005,0.11006812867286973,-7081.323033969757,8965.060336368,5057.006378030512,3908.0539583374884,0.08014115357812587
37010,0.11008300073457394,-7118.651041530051,9015.971211230724,5075.007489124355,3940.9637221063695,0.08010596749805708
37015,0.11009787279627815,-7145.011043100232,9066.270426787562,5096.674038326948,3969.5963884606135,0.0800746987477646
37020,0.11011274485798236,-7158.425423692397,9115.18582553257,5123.107876544954,3992.077948987616,0.08002305357706731
37025,0.11012761691968657,-7157.4811655684925,9161.96052609638,5155.1311166236355,4006.8294094727444,0.07995167161587687
37030,0.11014248898139078,-7141.468006859367,9205.89215206422,5193.254537293737,4012.637614770483,0.07986160096504577
37035,0.110157361043095,-7110.437005210252,9246.370455257023,5237.661919995618,4008.708535261406,0.0798543933220711
37040,0.1101722331047992,-7065.180804257892,9282.912334798726,5288.211074642174,3994.701260156552,0.0798253897759341
37045,0.11018710516650342,-7007.146842251106,9315.193244282493,5344.451650582571,3970.7415936999214,0.07977494871425911
37050,0.11020197722820764,-6938.301922676254,9343.073630016748,5405.6589552025125,3937.4146748142357,0.07970364446354189
37055,0.11021684928991185,-6860.969640254019,9366.618502719046,5470.881908550175,3895.7365941688713,0.07962603960541395
37060,0.11023172135161606,-6777.660845035441,9386.107774814102,5539.002032654517,3847.105742159584,0.07960415335575337
37065,0.11024659341332027,-6690.912641506095,9402.034887438627,5608.799195601335,3793.2356918372925,0.07956974336391041
37070,0.11026146547502448,-6603.1453206651095,9415.091722210278,5679.018970445652,3736.0727517646264,0.07951208591945476
37075,0.11027633753672869,-6516.541283518077,9426.138896249478,5748.436209460254,3677.7026867892246,0.079473622239786
37080,0.1102912095984329,-6432.946998251606,9436.162131797517,5815.909971052817,3620.2521607446997,0.07942652111716399
37085,0.11030608166013711,-6353.798743361134,9446.217172370683,5880.4262813603245,3565.790891010359,0.07935708897960136
37090,0.11032095372184132,-6280.074492386264,9457.367317106093,5941.127143802192,3516.2401733039005,0.07927533691586605
37095,0.11033582578354553,-6212.276146424514,9470.618734922322,5997.326311726279,3473.2924231960433,0.07925497118193833
37100,0.11035069784524974,-6150.446719084161,9486.859092099432,6048.51412213011,3438.344969969322,0.0792109043116016
37105,0.11036556990695397,-6094.225041737709,9506.804630024802,6094.354749637799,3412.4498803870038,0.07914394793932569
37110,0.11038044196865818,-6042.936238048938,9530.959765005766,6134.679394093449,3396.2803709123164,0.07905523951663523
37115,0.11039531403036239,-5995.710771500576,9559.591768113782,6169.478240908611,3390.1135272051706,0.07896723893360727
37120,0.1104101860920666,-5951.619873575865,9592.721405684453,6198.892820808222,3393.8285848762316,0.07893234655236524
37125,0.11042505815377081,-5909.811937773178,9630.128871661133,6223.209028644196,3406.9198430169363,0.07887511626484296
37130,0.11043993021547502,-5869.633696732024,9671.373154640463,6242.849889813813,3428.52326482665,0.07879665225592203
37135,0.11045480227717923,-5830.721727918735,9715.822280210323,6258.366418904513,3457.45586130581,0.07869830798311671
37140,0.11046967433888344,-5793.053689027811,9762.691649427179,6270.4246864896995,3492.2669629374795,0.07862128016073346
37145,0.11048454640058765,-5756.954081453431,9811.087843285874,6279.787465762059,3531.300377523815,0.07858113556163687
37150,0.11049941846229186,-5723.055510151644,9860.055605624755,6287.289467490555,3572.7661381342004,0.07851961725304567
37155,0.11051429052399607,-5692.222382708331,9908.626075460734,6293.806054774047,3614.820020686687,0.0784381194844171
37160,0.1105291625857003,-5665.448701238143,9955.864582608721,6300.2163188225295,3655.648263786192,0.07833837732658458
37165,0.1105440346474045,-5643.744153849191,10000.916387548854,6307.362361937854,3693.554025611,0.07828241111297576
37170,0.11055890670910871,-5628.0227024776395,10043.04865254664,6316.007455070595,3727.0411974760455,0.0782427722763969
37175,0.11057377877081292,-5619.005535731781,10081.686751892425,6326.796308963276,3754.890442929149,0.07818322523404836
37180,0.11058865083251714,-5617.146409326569,10116.44287886072,6340.2209269967325,3776.2219518639877,0.07810545892850784
37185,0.11060352289422135,-5622.583106558011,10147.134909229511,6356.595317213189,3790.539592016322,0.07801133789085249
37190,0.11061839495592556,-5635.115032407998,10173.793737802942,6376.041681296407,3797.752056506535,0.07797642085417736
37195,0.11063326701762977,-5654.204511054094,10196.657866800278,6398.489573309793,3798.1682934904857,0.07794120858134367
37200,0.11064813907933398,-5678.998440953056,10216.154875639812,6423.688020397663,3792.466855242148,0.07802314716967569
37205,0.11066301114103819,-5708.367363217552,10232.870454780654,6451.228923935134,3781.64153084552,0.07813616917220009
37210,0.1106778832027424,-5740.960138002344,10247.506809352624,6480.578524935697,3766.9282844169275,0.07827541914276613
37215,0.11069275526444662,-5775.273543654635,10260.833286976082,6511.112692066338,3749.7205949097433,0.07839963579365335
37220,0.11070762732615083,-5809.736508123941,10273.63293477421,6542.151597960398,3731.481336813812,0.07850833118064283
37225,0.11072249938785504,-5842.807883999093,10286.649255191824,6572.990137192711,3713.659117999113,0.07860100277154462
37230,0.11073737144955925,-5873.084556710761,10300.537650785103,6602.922076785671,3697.615573999432,0.0786958518334807
37235,0.11075224351126346,-5899.41345549593,10315.825879315375,6631.257994581542,3684.567884733832,0.07882709189235237
37240,0.11076711557296767,-5920.997295568578,10332.887238764637,6657.338943063768,3675.548295700869,0.0789405881365651
37245,0.11078198763467188,-5937.480532131705,10351.929135547949,6680.54888287989,3671.3802526680593,0.07903600027718731
37250,0.1107968596963761,-5949.000217760058,10372.998170320321,6700.328905923052,3672.669264397269,0.07911314795557746
37255,0.1108117317580803,-5956.187384611576,10396.001001184237,6716.195135873871,3679.8058653103662,0.07917202199985418
37260,0.11082660381978451,-5960.108948143416,10420.738222968386,6727.760351501258,3692.9778714671284,0.07926573348720413
37265,0.11084147588148872,-5962.147804877834,10446.946645729875,6734.757443421181,3712.189202308694,0.07935734371712204
37270,0.11085634794319295,-5963.828580436987,10474.344026115192,6737.061400425798,3737.282625689394,0.07943101859735428
37275,0.11087122000489716,-5966.606386331134,10502.66981880643,6734.706026112985,3767.9637926934447,0.07948731363683191
37280,0.11088609206660137,-5971.643771495994,10531.716048652192,6727.8920918053755,3803.823956846816,0.07952684172062315
37285,0.11090096412830558,-5979.605048699009,10561.343926966272,6716.984922858646,3844.359004107626,0.07956598881352027
37290,0.11091583619000979,-5990.496421801914,10591.48410363313,6702.501097300171,3888.98300633296,0.07964045594028935
37295,0.110930708251714,-6003.574875147975,10622.121056932776,6685.085580280298,3937.035476652478,0.07969916394025374
37300,0.11094558031341821,-6017.339525654554,10653.264611068997,6665.481881251916,3987.7827298170805,0.07974249658988129
37305,0.11096045237512242,-6029.6077123702635,10684.913516600223,6644.498501375233,4040.4150152249904,0.07977074588653381
37310,0.11097532443682663,-6037.666584686374,10717.01713712388,6622.9749788278305,4094.042158296049,0.07978413643914586
37315,0.11099019649853084,-6038.48142820004,10749.441432525913,6601.750299928277,4147.691132597636,0.0798313677827482
37320,0.11100506856023505,-6028.935966041958,10781.944663917386,6581.6354738375885,4200.309190079797,0.07988000562935829
37325,0.11101994062193928,-6006.0779594798705,10814.166760586397,6563.390885019618,4250.775875566779,0.07991335921550888
37330,0.11103481268364349,-5967.345166275443,10845.634369805413,6547.707902384775,4297.926467420639,0.07993169042797774
37335,0.1110496847453477,-5910.7510123047505,10875.781572989868,6535.193403999585,4340.5881689902835,0.07993537565438967
37340,0.1110645568070519,-5835.014994730142,10903.984387677248,6526.355582440814,4377.628805236434,0.07993148875091176
37345,0.11107942886875612,-5739.628973436245,10929.605703730267,6521.58971495395,4408.0159887763175,0.07997140821705184
37350,0.11109430093046033,-5624.856664607921,10952.04634536156,6521.163431202195,4430.882914159364,0.07999722873447666
37355,0.11110917299216454,-5491.669663981698,10970.79752497498,6525.20214199347,4445.59538298151,0.08000970028027504
37360,0.11112404505386875,-5341.629083705155,10985.489990207298,6533.676357725023,4451.813632482274,0.08000962677915485
37365,0.11113891711557296,-5176.727115430389,10995.935541027507,6546.393283366177,4449.542257661331,0.07999783129458277
37370,0.11115378917727717,-4999.2070246590465,11002.15718660745,6562.995099604736,4439.162087002714,0.079977709303192
37375,0.11116866123898138,-4811.382547532637,11004.4049423457,6582.965688190039,4421.439254155661,0.08000631914154682
37380,0.1111835333006856,-4615.477712744229,11003.155122948798,6605.646399436995,4397.508723511803,0.08002353759058917
37385,0.11119840536238981,-4413.505320380427,10999.092010179636,6630.260112713355,4368.831897466282,0.08002987117413686
37390,0.11121327742409402,-4207.196758483417,10993.072017324293,6655.941681169016,4337.130336155277,0.08002574817382162
37395,0.11122814948579823,-3997.9882304110733,10986.071942201112,6681.772183573468,4304.299758627643,0.08001152453051366
37400,0.11124302154750244,-3787.060024231446,10979.124509114756,6706.814359169854,4272.310149944902,0.08000647365264617
37405,0.11125789360920665,-3575.4176393834646,10973.245957668252,6730.147094273245,4243.098863395007,0.08003151444001629
37410,0.11127276567091086,-3363.9977498345843,10969.361685199277,6750.897614106853,4218.464071092424,0.08006641415275005
37415,0.11128763773261507,-3153.7791019770293,10968.236628514227,6768.270806399732,4199.9658221144955,0.08012763758474185
37420,0.11130250979431928,-2945.8789501656256,10970.41698384202,6781.575628068168,4188.841355773852,0.0801779316463031
37425,0.1113173818560235,-2741.6193383368773,10976.18893386599,6790.248730135983,4185.940203730006,0.08021732941512932
37430,0.1113322539177277,-2542.5536488853386,10985.558343194121,6793.875329772784,4191.683013421337,0.08024586344866565
37435,0.11134712597943193,-2350.4510711635967,10998.253105795977,6792.207095448474,4206.0460103475025,0.08026357006067694
37440,0.11136199804113614,-2167.2434682892235,11013.747302151625,6785.176528959576,4228.570773192049,0.08029084995127841
37445,0.11137687010284035,-1994.944164022807,11031.303938260678,6772.9071153320165,4258.396822928662,0.08034326427960244
37450,0.11139174216454456,-1835.5505908332998,11050.031177996052,6755.7183971427,4294.312780853352,0.08038373889873185
37455,0.11140661422624877,-1690.9424748486517,11068.945945391433,6734.125102084316,4334.820843307118,0.08041244683746523
37460,0.11142148628795298,-1562.7849819364392,11087.038708373806,6708.829487943966,4378.20922042984,0.08042958270589337
37465,0.11143635834965719,-1452.4431720728599,11103.334104112118,6680.706155167323,4422.627948944795,0.08043536172382218
37470,0.1114512304113614,-1360.911373656265,11116.943576564008,6650.778726312151,4466.164850251857,0.08043001648520379
37475,0.11146610247306561,-1288.7594432183569,11127.107978366033,6620.188044294755,4506.9199340712785,0.0804701301554836
37480,0.11148097453476982,-1236.0974233397892,11133.229712398663,6590.151956110961,4543.077756287702,0.0804987919637842
37485,0.11149584659647403,-1202.5603656973399,11134.895101013968,6561.917376335045,4572.977724678923,0.08051553134629745
37490,0.11151071865817826,-1187.3152554321096,11131.888096469884,6536.7061688254835,4595.1819276444,0.08052053557001754
37495,0.11152559071988247,-1189.091343808549,11124.196230128799,6515.657365759555,4608.538864369243,0.08051395649592387
37500,0.11154046278158668,-1206.233463681947,11112.009085585598,6499.769184372256,4612.239901213342,0.08049591529485506
37505,0.11155533484329089,-1236.7753169603666,11095.708929575789,6489.844961357728,4605.863968218061,0.08047464740241488
37510,0.1115702069049951,-1278.527000841742,11075.852791660167,6486.447264802356,4589.405526857811,0.08048675126718001
37515,0.11158507896669931,-1329.169058309546,11053.145470468495,6489.863919838733,4563.281550629762,0.08048558114638663
37520,0.11159995102840352,-1386.3447523678487,11028.403685570647,6500.088520049814,4528.315165520833,0.08047753760314365
37525,0.11161482309010773,-1447.7432117769495,11002.512717289988,6516.816405264184,4485.696312025804,0.08050032279444988
37530,0.11162969515181194,-1511.1681665452961,10976.378077407899,6539.455427666513,4436.922649741386,0.08050711307424471
37535,0.11164456721351615,-1574.5894609280776,10950.875701234647,6567.149505377453,4383.7261958571935,0.08049782673197634
37540,0.11165943927522036,-1636.1767457286187,10926.80459508863,6598.812290022249,4327.992305066381,0.08053241125089441
37545,0.11167431133692458,-1694.3164092938196,10904.845708367135,6633.168360901511,4271.677347465624,0.08054937839156637
37550,0.1116891833986288,-1747.6139792722342,10885.530076971296,6668.800054348277,4216.730022623019,0.08054843285967274
37555,0.111704055460333,-1794.8851269008255,10869.21816996936,6704.198978253701,4165.019191715658,0.08053003613099109
37560,0.11171892752203721,-1835.1390937753413,10856.09108101945,6737.8219990209245,4118.269081998525,0.08049481717986798
37565,0.11173379958374142,-1867.5586329610715,10846.152954611209,6768.151657267609,4078.0012973435996,0.08044357460871084
37570,0.11174867164544564,-1891.4800959391814,10839.243003980404,6793.760430029142,4045.4825739512617,0.08037727178968748
37575,0.11176354370714985,-1906.3759841176825,10835.054791377755,6813.3771421034835,4021.677649274272,0.0802970231037836
37580,0.11177841576885406,-1911.8404198988055,10833.160169968627,6825.952474481854,4007.2076954867734,0.08023649684830711
37585,0.11179328783055827,-1907.5762527923916,10833.035426707338,6830.71932870545,4002.3160980018883,0.08018161529126096
37590,0.11180815989226248,-1893.3816410195968,10834.0876402274,6827.243115151214,4006.844525076187,0.08011518393068358
37595,0.11182303195396669,-1869.134358594336,10835.679941791464,6815.457018598542,4020.2229231929223,0.08003869828333689
37600,0.11183790401567091,-1834.7736457545234,10837.155078865628,6795.677975443079,4041.4771034225487,0.07995358757967297
37605,0.11185277607737512,-1790.2815287580152,10837.857279413978,6768.6003846407075,4069.2568947732707,0.07986116682553718
37610,0.11186764813907933,-1735.667359700834,10837.152790186017,6735.266327733417,4101.8864624526,0.07976259739572057
37615,0.11188252020078354,-1670.960177623836,10834.44955829547,6697.013126876287,4137.436431419183,0.07970117620062354
37620,0.11189739226248775,-1596.2130336728078,10829.216345856641,6655.401228827023,4173.815117029618,0.07967130890099126
37625,0.11191226432419196,-1511.5217005623017,10821.001175543806,6612.127426738296,4208.87374880551,0.07963231599630817
37630,0.11192713638589617,-1417.0575153222044,10809.448517513905,6568.930035994719,4240.518481519186,0.07958477366044676
37635,0.11194200844760038,-1313.1109519068286,10794.314195786697,6527.493535318681,4266.820660468016,0.07952910166189424
37640,0.1119568805093046,-1200.1394622645757,10775.476761134776,6489.360145606549,4286.116615528227,0.07946557672602925
37645,0.1119717525710088,-1078.810837488173,10752.944142148492,6455.854770049776,4297.089372098716,0.07939435058319703
37650,0.11198662463271301,-950.0325203284037,10726.854751083381,6428.027792761007,4298.826958322375,0.0793154703760343
37655,0.11200149669441724,-814.9584453649813,10697.472793231798,6406.617778296487,4290.855014935311,0.07922889990497645
37660,0.11201636875612145,-674.9681311632712,10665.17814730728,6392.0336304507755,4273.144516856505,0.07913939632964226
37665,0.11203124081782566,-531.6173329873345,10630.451679413436,6384.3537743592115,4246.097905054225,0.0790998150266465
37670,0.11204611287952987,-386.56452157036983,10593.857106442563,6383.33880479474,4210.518301647823,0.07905142194482352
37675,0.11206098494123408,-241.48156184644904,10556.020508407732,6388.453925939155,4167.566582468577,0.07899406284299183
37680,0.11207585700293829,-97.95927332105839,10517.608366341912,6398.898241553535,4118.7101247883775,0.07892758270210046
37685,0.1120907290646425,42.581291248846355,10479.304692825468,6413.639174987698,4065.6655178377696,0.0788518474034029
37690,0.11210560112634671,178.96266708340863,10441.78755390899,6431.451563170669,4010.33599073832,0.07876676446810033
37695,0.11212047318805092,310.3033355247544,10405.70514767229,6450.96189198987,3954.7432556824197,0.07867762739102366
37700,0.11213534524975513,436.04470153357397,10371.651643631292,6470.698479608454,3900.953164022838,0.07860629975097798
37705,0.11215021731145934,555.9508682490923,10340.14317996205,6489.148092263495,3850.995087698555,0.07857166005267263
37710,0.11216508937316357,670.0809661912645,10311.594702291739,6504.818560953397,3806.7761413383423,0.07852318932495976
37715,0.11217996143486778,778.7353949367907,10286.298629960727,6516.305635166146,3769.992994794581,0.0784614255340245
37720,0.11219483349657199,882.3795593127643,10264.406578841825,6522.360823114597,3742.0457557272275,0.07838703786323298
37725,0.1122097055582762,981.5516900148777,10245.91550097345,6521.9556495015395,3723.95985147191,0.07830080714365938
37730,0.1122245776199804,1076.764575451276,10230.659594923909,6514.3369559866305,3716.3226389372785,0.07820360014596038
37735,0.11223944968168462,1168.4133809805444,10218.309192959096,6499.067871757339,3719.2413212017564,0.07809633834750662
37740,0.11225432174338883,1256.7020267024282,10208.377547466924,6476.050041577441,3732.3275058894824,0.07797996223351342
37745,0.11226919380509304,1341.598213890842,10200.236028230449,6445.524534754137,3754.711493476312,0.0778553927693121
37750,0.11228406586679725,1422.8224147287492,10193.137718213477,6408.051236852008,3785.086481361469,0.07777459420973885
37755,0.11229893792850146,1499.8701033529878,10186.248789388963,6364.468940359526,3821.779849029437,0.07773221783630718
37760,0.11231380999020567,1572.0607824618955,10178.686406192197,6315.840286774887,3862.8461194173096,0.07768055867954571
37765,0.11232868205190989,1638.6034171154251,10169.561315695897,6263.386828204346,3906.174487491551,0.07762044554803484
37770,0.1123435541136141,1698.6666352930024,10158.022815853927,6208.41970606517,3949.6031097887562,0.0775525192699864
37775,0.11235842617531831,1751.4436160890064,10143.30350315017,6152.270977713264,3991.0325254369054,0.07747720536733102
37780,0.11237329823702252,1796.2053037049473,10124.761115103103,6096.229773838849,4028.5313412642545,0.07739469924468668
37785,0.11238817029872673,1832.3402285529119,10101.914896987091,6041.486519781221,4060.4283772058698,0.07730496413927078
37790,0.11240304236043094,1859.3833394937392,10074.474211696996,5989.087542636945,4085.3866690600507,0.07720774090744766
37795,0.11241791442213515,1877.0386228717643,10042.357545916248,5939.901512907357,4102.456033008891,0.07710634832801393
37800,0.11243278648383936,1885.2002742041432,10005.700616013202,5894.5982768441845,4111.102339169018,0.07708138455918806
37805,0.11244765854554357,1883.9749635972985,9964.85291794812,5853.639710524686,4111.213207423433,0.07704985860585517
37810,0.11246253060724778,1873.7041888857011,9920.362768762874,5817.281353187683,4103.081415575191,0.07701953719401856
37815,0.112477402668952,1854.9821483249298,9872.951614622014,5785.582908390779,4087.3687062312347,0.07699034619215268
37820,0.11249227473065622,1828.6622770015974,9823.479079101273,5758.425371510827,4065.053707590446,0.07694656524018094
37825,0.11250714679236043,1795.8454516978745,9772.900832262052,5735.532580428577,4037.3682518334754,0.07688736244033383
37830,0.11252201885406464,1757.8450825324844,9722.221812662094,5716.495290057674,4005.72652260442,0.07681194514953783
37835,0.11253689091576885,1716.1283637340193,9672.447581323657,5700.7962573269515,3971.6513239967053,0.07671959270136386
37840,0.11255176297747306,1672.2377708014465,9624.536604346744,5687.835125573178,3936.701478773566,0.07662426619910898
37845,0.11256663503917727,1627.7011431337633,9579.356056279988,5676.952052944386,3902.4040033356023,0.07652565733537577
37850,0.11258150710088148,1583.9412277269012,9537.643347441744,5667.449100309604,3870.194247132141,0.07640585691492859
37855,0.11259637916258569,1542.1957864234337,9499.975067095595,5658.608519110329,3841.3665479852652,0.07626496311960469
37860,0.1126112512242899,1503.4574343142413,9466.744473617286,5649.707388400335,3817.037085216951,0.07618905613852463
37865,0.11262612328599411,1468.439038256177,9438.14811889869,5640.0285877537635,3798.1195311449274,0.0761783094370088
37870,0.11264099534769832,1437.566736964539,9414.181710354182,5628.868788780944,3785.312921573238,0.07622256508692868
37875,0.11265586740940255,1410.9992120628012,9394.644901379528,5615.544841282501,3779.1000600970274,0.07626839829451165
37880,0.11267073947110676,1388.6691038715935,9379.154344985693,5599.400427576349,3779.7539174093436,0.07632144181696504
37885,0.11268561153281097,1370.340497408074,9367.164022962237,5579.815001827796,3787.3490211344415,0.07636991490925338
37890,0.11270048359451518,1355.67523618032,9357.99156755407,5556.2167436048685,3801.774823949202,0.07641340977587123
37895,0.11271535565621939,1344.3005675804616,9350.849048694123,5528.100556731777,3822.7484919623457,0.07645157177495439
37900,0.1127302277179236,1335.87136008381,9344.876558881342,5495.0511395402755,3849.8254193410667,0.07648409416037201
37905,0.11274509977962781,1330.1216879136146,9339.176944944955,5456.769997069582,3882.4069478753727,0.0765107106538457
37910,0.11275997184133202,1326.9024870758167,9332.850236477214,5413.104135746524,3919.74610073069,0.07654859506503743
37915,0.11277484390303623,1326.2037032656635,9325.026676219903,5364.073247582586,3960.9534286373164,0.07658450270222099
37920,0.11278971596474044,1328.1605729066478,9314.897684436151,5309.891605543224,4005.0060788929277,0.07661485499815635
37925,0.11280458802644465,1333.0444918500161,9301.744472709193,5250.980778491169,4050.7636942180243,0.07663946889497335
37930,0.11281946008814887,1341.2396625335869,9284.964255310406,5187.96971831245,4096.994536997956,0.07665817295707333
37935,0.11283433214985308,1353.2076144430375,9264.094022806898,5121.679801390339,4142.414221416559,0.07667187760155914
37940,0.1128492042115573,1369.4426910225166,9238.831638214015,5053.093966503293,4185.737671710722,0.07670223341918762
37945,0.1128640762732615,1390.4223428207515,9209.0536461599,4983.311024116285,4225.7426220436155,0.0767270387484558
37950,0.11287894833496571,1416.5562190038036,9174.828751380084,4913.4882568770345,4261.34049450305,0.0767461901736336
37955,0.11289382039666992,1448.1375477399242,9136.4255487115,4844.777250603892,4291.648298107609,0.07675963431309134
37960,0.11290869245837414,1485.2994372858584,9094.312894651295,4778.259130764242,4316.053763887053,0.07676737462007571
37965,0.11292356452007835,1527.9779905787836,9049.151394112287,4714.885728870385,4334.265665241902,0.07678525337293464
37970,0.11293843658178256,1575.8838771795045,9001.7748790804,4655.432504512247,4346.342374568153,0.0768069935318705
37975,0.11295330864348677,1628.484299687092,8953.161459326684,4600.467351786526,4352.694107540158,0.07682360170542024
37980,0.11296818070519098,1684.9978354052746,8904.394647356188,4550.33701417509,4354.057633181098,0.07683521635727691
37985,0.1129830527668952,1744.4049412284949,8856.616069601469,4505.170209398303,4351.4458602031655,0.07684201092745638
37990,0.11299792482859941,1805.4765342980809,8810.972219373263,4464.894298104432,4346.077921268831,0.07684658295035338
37995,0.11301279689030362,1866.8218120042893,8768.558438279873,4429.2609093095325,4339.297528970341,0.07686835172843134
38000,0.11302766895200783,1926.9545229235946,8730.363723539227,4397.875622580149,4332.488100959078,0.07688574304389391
38005,0.11304254101371204,1984.3747092237982,8697.219996554384,4370.227559272768,4326.992437281616,0.0768989059103818
38010,0.11305741307541625,2037.6610397484264,8669.759139424958,4345.716237240932,4324.0429021840255,0.07690797759172358
38015,0.11307228513712046,2085.5675498385654,8648.380464822767,4323.674824164461,4324.705640658306,0.07691307742409609
38020,0.11308715719882467,2127.1178314847903,8633.230418648798,4303.390503820025,4329.8399148287735,0.07691430277810564
38025,0.11310202926052888,2161.689144568698,8624.195334581249,4284.1236804841155,4340.071654097133,0.07693133381773073
38030,0.1131169013222331,2189.078305248726,8620.907089128003,4265.128004722889,4355.779084405113,0.07694653202138167
38035,0.1131317733839373,2209.5407531656456,8622.760668794655,4245.672720991878,4377.087947802777,0.07695786619294671
38040,0.11314664544564153,2223.794618026667,8628.942056963018,4225.067796267261,4403.874260695758,0.07696540368336283
38045,0.11316151750734574,2232.983769996118,8638.464524568139,4202.690989157296,4435.773535410843,0.0769692039434687
38050,0.11317638956904995,2238.598179419636,8650.211343108303,4178.014807691696,4472.196535416608,0.07696932100775826
38055,0.11319126163075416,2242.355953703159,8662.98304281748,4150.630498332906,4512.352544484573,0.07696580611079097
38060,0.11320613369245837,2246.0577716819653,8675.547489069955,4120.266025126092,4555.281463943863,0.07697693508948368
38065,0.11322100575416258,2251.429309983607,8686.691131679507,4086.7955019307374,4599.895629748769,0.07698776978100574
38070,0.11323587781586679,2259.969234533025,8695.269731651844,4050.2386307255215,4645.031100926322,0.07699542112345219
38075,0.113250749877571,2272.818975245733,8700.256700674317,4010.750130675066,4689.506569999252,0.07699997162131707
38080,0.11326562193927521,2290.6664837519784,8700.78698406916,3968.6005926973944,4732.186391371766,0.07700148207158414
38085,0.11328049400097942,2313.6908922843904,8696.194303306922,3924.151350063651,4772.042953243271,0.07699998172312487
38090,0.11329536606268363,2341.5499294299407,8686.03966994598,3877.826601779445,4808.213068166535,0.07699545741215817
38095,0.11331023812438785,2373.408099463598,8670.129458024336,3830.086095684254,4840.043362340082,0.07700980497656486
38100,0.11332511018609207,2408.001258142369,8648.521962989997,3781.401250281078,4867.120712708918,0.07702342893687479
38105,0.11333998224779628,2443.7319738142032,8621.52218309529,3732.236835360781,4889.28534773451,0.07703407359307979
38110,0.11335485430950049,2478.7893453255965,8589.665378315476,3683.0394217953826,4906.6259565200935,0.07704145140968559
38115,0.1133697263712047,2511.2862499888115,8553.690635094583,3634.232885023188,4919.457750071395,0.07704521012047054
38120,0.1133845984329089,2539.4060890203336,8514.50609327182,3586.2203771163154,4928.285716155506,0.07704494820493116
38125,0.11339947049461312,2561.550025273571,8473.14767126854,3539.3914041371263,4933.756267131414,0.0770576050026184
38130,0.11341434255631733,2576.474658365026,8430.733145599594,3494.131999557791,4936.601146041803,0.0770748807250219
38135,0.11342921461802154,2583.409302537617,8388.413432473088,3450.835543372547,4937.577889100541,0.07708688089578544
38140,0.11344408667972575,2582.1418235365954,8347.322986723579,3409.911632219168,4937.411354504411,0.07709312585882687
38145,0.11345895874142996,2573.0627343591896,8308.531396826897,3371.790621861436,4936.74077496546,0.07709318826208206
38150,0.11347383080313418,2557.159362964613,8272.998438870192,3336.9220226997613,4936.076416170431,0.07708670562924001
38155,0.11348870286483839,2535.9556671733435,8241.534922657776,3305.765717371299,4935.769205286477,0.07709063070209562
38160,0.1135035749265426,2511.3985977891944,8214.771492072992,3278.7758143847423,4935.99567768825,0.0770973601814078
38165,0.11351844698824681,2485.6982083149032,8193.137068375017,3256.3776996538286,4936.759368721188,0.0770965884287459
38170,0.11353331904995102,2461.134946870565,8176.847883437353,3238.939432626992,4937.908450810361,0.0770882174735611
38175,0.11354819111165523,2439.852550354225,8165.907157814445,3226.7390931664004,4939.1680646480445,0.07707222400445855
38180,0.11356306317335944,2423.6577203839697,8160.114597191225,3219.9301154028626,4940.184481788362,0.07704864897093351
38185,0.11357793523506365,2413.847838001043,8159.084164881485,3218.507121075406,4940.577043806079,0.07702912197038052
38190,0.11359280729676786,2411.0854874388333,8162.268144888538,3222.275277241637,4939.992867646901,0.07701793859466124
38195,0.11360767935847207,2415.334007825365,8168.985378165157,3230.8266374167256,4938.158740748431,0.07699944331149863
38200,0.11362255142017628,2425.862252606894,8178.45170576825,3243.527097089952,4934.924608678298,0.07697383932481783
38205,0.11363742348188051,2441.31969002777,8189.811010303141,3259.5173208612405,4930.293689441901,0.07694132787554489
38210,0.11365229554358472,2459.87538606239,8202.165714203753,3277.7301719349875,4924.435542268766,0.07690209674161505
38215,0.11366716760528893,2479.406961183192,8214.606075384008,3296.9258180567776,4917.680257327231,0.07686455632224042
38220,0.11368203966699314,2497.719347424304,8226.238040024584,3315.743962991579,4910.494077033005,0.07684199509784245
38225,0.11369691172869735,2512.7692926249165,8236.20971219717,3332.770821979987,4903.438890217182,0.07681320890013292
38230,0.11371178379040156,2522.87094592471,8243.736645184732,3346.61681118854,4897.119833996192,0.07677827517173687
38235,0.11372665585210577,2526.8606354104913,8248.126135806677,3355.999685551383,4892.126450255293,0.0767372589808472
38240,0.11374152791380998,2524.2044071840246,8248.800522093428,3359.8271550435693,4888.973367049859,0.07669022630171174
38245,0.11375639997551419,2515.0388493628116,8245.31918515994,3357.272839896783,4888.0463452631575,0.0766631129313432
38250,0.1137712720372184,2500.1430428985104,8237.398601049888,3347.839726133846,4889.558874916042,0.07664379872414125
38255,0.11378614409892263,2480.8464223954543,8224.9294524008,3331.4059867280835,4893.523465672717,0.07661832658041288
38260,0.11380101616062684,2458.8835135134586,8207.989562129635,3308.2491119766346,4899.740450153,0.07658677990156953
38265,0.11381588822233105,2436.211632657527,8186.851301223374,3279.0457464561723,4907.805554767202,0.07654929907936417
38270,0.11383076028403526,2414.811214063794,8161.982173498943,3244.846438169632,4917.135735329311,0.07652446796723844
38275,0.11384563234573947,2396.4898495353264,8134.037493338135,3207.0265642150493,4927.010929123086,0.07651006892073467
38280,0.11386050440744368,2382.709923508587,8103.844434384534,3167.2167908699384,4936.627643514596,0.07648957129374055
38285,0.11387537646914789,2374.4559605438244,8072.377213142723,3127.2182523231395,4945.158960819584,0.07646321382373548
38290,0.1138902485308521,2372.1522242681303,8040.7237432489455,3088.9088768047886,4951.814866444157,0.0764312579615857
38295,0.11390512059255631,2375.6349714003973,8010.044700366436,3054.147719319247,4955.896981047189,0.07639780905510346
38300,0.11391999265426052,2384.1783565729274,7981.5265101908035,3024.683707528998,4956.842802661806,0.07639034919905685
38305,0.11393486471596473,2396.5690979334463,7956.330252621075,3002.074002038929,4954.256250582146,0.0763768963005823
38310,0.11394973677766895,2411.222671558775,7935.538824460091,2987.615520432216,4947.923304027875,0.0763575703481848
38315,0.11396460883937316,2426.3323623797896,7920.104911475372,2982.291475704192,4937.813435771181,0.07633245586830639
38320,0.11397948090107737,2440.041095244943,7910.802401937854,2986.7334104608476,4924.068991477006,0.07630160221920355
38325,0.11399435296278158,2450.6240488871003,7908.183846125692,3001.1984058153475,4906.9854403103445,0.07630473636260036
38330,0.1140092250244858,2456.6677279949668,7912.546434149467,3025.560935341804,4886.985498807663,0.07632543716151464
38335,0.11402409708619,2457.2291942808797,7923.908711486537,3059.3190375977188,4864.589673888819,0.07633605555707662
38340,0.11403896914789421,2451.958588802344,7941.99985051804,3101.6147815671857,4840.3850689508545,0.0763361713450204
38345,0.11405384120959842,2441.169751051759,7966.262728908817,3151.2690764770246,4814.993652431793,0.07632545382580765
38350,0.11406871327130264,2425.847895597089,7995.871342540523,3206.830524612658,4789.040817927866,0.07630367241096092
38355,0.11408358533300685,2407.589520038418,8029.762249861631,3266.637212947009,4763.125036914622,0.0762706991275854
38360,0.11409845739471106,2388.477135520013,8066.678883924661,3328.889246296698,4737.789637627963,0.0762265032378103
38365,0.11411332945641528,2370.8990836594485,8105.226766268349,3391.728706196309,4713.49806007204,0.07617113913090963
38370,0.11412820151811949,2357.3317826264056,8143.936987496275,3453.3228418112835,4690.614145684991,0.07610472919963526
38375,0.1141430735798237,2350.107446165468,8181.3348261877345,3511.9458439931755,4669.3889821945595,0.0760274435295627
38380,0.11415794564152791,2351.1937798938525,8216.010068020723,3566.0545839275114,4649.955484093212,0.0759644143107737
38385,0.11417281770323212,2362.0124205818256,8246.68544157276,3614.3541747375566,4632.331266835203,0.07601840358642917
38390,0.11418768976493633,2383.319157003544,8272.279579760387,3655.850041743976,4616.429538016411,0.07609642389822559
38395,0.11420256182664054,2415.1611068850343,8291.961033012523,3689.884251104819,4602.076781907705,0.07617343466675426
38400,0.11421743388834475,2456.914919387669,8305.19011547274,3716.1550318690897,4589.0350836036505,0.07624899736563218
38405,0.11423230595004896,2507.397698399607,8311.745797755431,3734.719611421664,4577.026186333767,0.07632259430950104
38410,0.11424717801175317,2565.031289185339,8311.735516890418,3745.9815369339985,4565.753979956419,0.07639365591004707
38415,0.11426205007345738,2628.033261387627,8305.586686613602,3750.664448030736,4554.922238582866,0.07649243987333712
38420,0.11427692213516161,2694.6058385846322,8294.019847988136,3749.7747093266507,4544.245138661486,0.07658854561823764
38425,0.11429179419686582,2763.097289540664,8278.004735396718,3744.5553919020813,4533.449343494637,0.07668042559258847
38430,0.11430666625857003,2832.1177303632144,8258.701926498601,3736.4338848966763,4522.268041601925,0.07676765029828031
38435,0.11432153832027424,2900.600878168914,8237.39403607083,3726.9650629471903,4510.428973123639,0.07684989332789549
38440,0.11433641038197845,2967.8128448012467,8215.411422585108,3717.7715878390222,4497.639834746085,0.07692694709495104
38445,0.11435128244368266,3033.3167533324167,8194.057931941277,3710.482699831374,4483.5752321099035,0.0769987276252819
38450,0.11436615450538687,3096.9067289507607,8174.54217936534,3706.6728027852578,4467.869376580083,0.07706526778132443
38455,0.11438102656709108,3158.526395686488,8157.9192252549665,3707.801251295188,4450.117973959778,0.07712669925322437
38460,0.11439589862879529,3218.185796431408,8145.0463000432555,3715.1549605046475,4429.891339538608,0.07718322461113655
38465,0.1144107706904995,3275.8874545887934,8136.5546530413185,3729.7957336734767,4406.758919367841,0.07723508173695569
38470,0.11442564275220371,3331.568103488039,8132.837894041199,3752.5144988640373,4380.323395177162,0.07731744548924317
38475,0.11444051481390793,3385.0584292119916,8134.055635955187,3783.7949068844496,4350.260729070738,0.07740508742621817
38480,0.11445538687561214,3436.059887890411,8140.150055314262,3823.7888643764586,4316.361190937803,0.07748822477068995
38485,0.11447025893731635,3484.135886367403,8150.872288354794,3872.306410921164,4278.56587743363,0.07756681430619869
38490,0.11448513099902057,3528.7145472762295,8165.8153762606735,3928.821756845102,4236.993619415572,0.0776407158217041
38495,0.11450000306072478,3569.1015733206223,8184.450662651522,3992.496227403595,4191.954435247927,0.07770969194265993
38500,0.11451487512242899,3604.503551798692,8206.164970507856,4062.21740904876,4143.947561459096,0.07777341870526878
38505,0.1145297471841332,3634.0633424654166,8230.296386259326,4136.652214960437,4093.644171298889,0.07783150534078488
38510,0.1145446192458374,3656.9091047807706,8256.16694819256,4214.3102076647165,4041.8567405278436,0.07788352074246997
38515,0.11455949130754162,3672.216763964852,8283.110940039163,4293.612631053714,3989.4983089854495,0.07792902341991266
38520,0.11457436336924583,3679.2827401482846,8310.497856357983,4372.962377629946,3937.5354787280367,0.07800897193440567
38525,0.11458923543095004,3677.6005422777143,8337.74948807123,4450.810542738155,3886.938945333074,0.07808317823000564
38530,0.11460410749265426,3666.9323940263125,8364.35101375949,4525.716136612107,3838.634877147382,0.07815000902287945
38535,0.11461897955435847,3647.366089874519,8389.856472614936,4596.396687942671,3793.4597846722654,0.07821109196882221
38540,0.11463385161606268,3619.3479589304666,8413.889491931852,4661.76861871684,3752.1208732150117,0.07827191527295746
38545,0.11464872367776689,3583.6849948134777,8436.140572890752,4720.9771962949435,3715.1633765958086,0.07832460112356765
38550,0.1146635957394711,3541.5126584366094,8456.362529215176,4773.4164733950565,3682.946055820119,0.07836905573481331
38555,0.11467846780117531,3494.2293212581167,8474.365768130807,4818.739917348901,3655.6258507819057,0.07840523643232793
38560,0.11469333986287952,3443.4033433274885,8490.014972104593,4856.8624976546835,3633.1524744499093,0.07843581160643816
38565,0.11470821192458373,3390.6635414480497,8503.228380347526,4887.954968765102,3615.2734115824233,0.0785040221389748
38570,0.11472308398628794,3337.5871324709883,8513.980306998987,4912.431054684104,3601.5492523148823,0.07856418346086066
38575,0.11473795604799215,3285.600020033606,8522.306827863089,4930.928257137834,3591.3785707252546,0.07861628610044771
38580,0.11475282810969636,3235.9019928632565,8528.313816974567,4944.283054168149,3584.0307628064184,0.07866036487797778
38585,0.11476770017140059,3189.424406026459,8532.18584724558,4953.501285612131,3578.6845616334494,0.0786965050090066
38590,0.1147825722331048,3146.821477688228,8534.194023362183,4959.724503115113,3574.4695202470693,0.07873130084898927
38595,0.11479744429480901,3108.4901445835494,8534.700698465707,4964.193004715342,3570.5076937503654,0.07876236756749269
38600,0.11481231635651322,3074.609015451934,8534.159280930564,4968.206230112599,3565.953050817965,0.07878564861538967
38605,0.11482718841821743,3045.185246337375,8533.107917767116,4973.0812284935355,3560.026689273581,0.07880781729128836
38610,0.11484206047992164,3020.099209458964,8532.156620388867,4980.1100638871685,3552.0465565016984,0.0788658644482868
38615,0.11485693254162585,2999.139998537827,8531.968205524905,4990.517272404318,3541.4509331205873,0.07891713702486038
38620,0.11487180460333006,2982.029060524061,8533.234094668018,5005.4187514870555,3527.8153431809624,0.078961991334982
38625,0.11488667666503427,2968.433451810313,8536.646441347839,5025.783636326494,3510.8628050213447,0.07900082083945181
38630,0.11490154872673848,2957.9734455504854,8542.868212277026,5052.40071651398,3490.467495763046,0.07903403823089124
38635,0.11491642078844269,2950.2308150018102,8552.502793333782,5085.8507416242355,3466.652051709547,0.07906205445744184
38640,0.11493129285014692,2944.763764522747,8566.064533020713,5126.485605548357,3439.5789274723566,0.07909250531660078
38645,0.11494616491185113,2941.132224337373,8583.951487259745,5174.4149849919495,3409.536502267795,0.07911978707715328
38650,0.11496103697355534,2938.9335464073483,8606.421561494037,5229.500643235758,3376.920918258279,0.0791422400898544
38655,0.11497590903525955,2937.8444593051554,8633.573262924758,5291.358364025222,3342.214898899536,0.07918365419762015
38660,0.11499078109696376,2937.6616888693184,8665.332316245778,5359.367360640282,3305.9649556054965,0.0792446442026245
38665,0.11500565315866797,2938.332125076314,8701.445365150377,5432.686969514567,3268.7583956358103,0.07930125956548405
38670,0.11502052522037218,2939.9645225187314,8741.481792822977,5510.280424656899,3231.2013681660774,0.07935333118709334
38675,0.11503539728207639,2942.8183228230637,8784.844307567728,5590.945469632606,3193.898837935122,0.07940059543719576
38680,0.1150502693437806,2947.2702579520887,8830.788376721901,5673.351475385161,3157.4369013367395,0.07944270614323377
38685,0.11506514140548481,2953.764390695857,8878.44992796939,5756.082588192388,3122.3673397770017,0.07947925228181857
38690,0.11508001346718902,2962.754726517368,8926.880074437424,5837.686222538679,3089.1938518987445,0.07950977935125018
38695,0.11509488552889324,2974.650686987651,8975.085059730862,5916.725914039123,3058.3591456917384,0.07953855470679541
38700,0.11510975759059745,2989.7746097839436,9022.069240063265,5991.837130555202,3030.2321095080633,0.07956177654673029
38705,0.11512462965230166,3008.3376980402145,9066.878766966665,6061.784104201223,3005.094662765442,0.07958332930577725
38710,0.11513950171400587,3030.437324488519,9108.643709132071,6125.51514750502,2983.1285616270516,0.07963876931693167
38715,0.11515437377571008,3056.07494353698,9146.616616929554,6182.213372433507,2964.4032444960467,0.07968629581663488
38720,0.1151692458374143,3085.190424382099,9180.205911582945,6231.339402256254,2948.866509326691,0.07972550264351616
38725,0.1151841178991185,3117.7056255873813,9209.002875114893,6272.662708171671,2936.3401669432224,0.07975604727226028
38730,0.11519898996082271,3153.567854619154,9232.801336106173,6306.278706678244,2926.522629427929,0.07977765562340544
38735,0.11521386202252692,3192.783060444239,9251.609338798911,6332.6097071616405,2918.999631637271,0.07979012394872043
38740,0.11522873408423114,3235.4297480740456,9265.652161024642,6352.389077117399,2913.2630839072426,0.07979331837844424
38745,0.11524360614593535,3281.647865211989,9275.366086352076,6366.629388773421,2908.7366975786554,0.07978717259710638
38750,0.11525847820763957,3331.6018458553517,9281.382453836733,6376.576595923169,2904.805857913564,0.07977168384622253
38755,0.11527335026934378,3385.422543817847,9284.501816544169,6383.653272569432,2900.8485439747365,0.0797496145707422
38760,0.11528822233104799,3443.1375903200938,9285.658597900452,6389.394517685256,2896.2640802151964,0.0797463256650127
38765,0.1153030943927522,3504.6025606457456,9285.877419309087,6395.3802811317155,2890.497138177371,0.07975848379806451
38770,0.11531796645445641,3569.4455903834823,9286.223171396061,6403.16766252446,2883.055508871601,0.07976263664713217
38775,0.11533283851616062,3637.0358377045,9287.747740742216,6414.226291171475,2873.5214495707405,0.07975892121392149
38780,0.11534771057786483,3706.4821860291936,9291.436897571277,6429.879335374453,2861.5575621968237,0.07974744944719615
38785,0.11536258263956904,3776.6638870639763,9298.16105368178,6451.252122007161,2846.9089316746195,0.07972828119345096
38790,0.11537745470127325,3846.2904461885314,9308.63335417807,6479.229850405638,2829.4035037724316,0.07970139810586019
38795,0.11539232676297746,3913.984564730224,9323.37790868079,6514.4254983766405,2808.9524103041495,0.07966668179706435
38800,0.11540719882468167,3978.3795502641924,9342.710015254717,6557.158739442363,2785.551275812354,0.07962389975339768
38805,0.1154220708863859,4038.2211823132507,9366.729142967379,6607.446471276087,2759.2826716912914,0.07957270207170765
38810,0.11543694294809011,4092.4634517670283,9395.324376419374,6665.005311747829,2730.3190646715448,0.07951628576625924
38815,0.11545181500979432,4140.347904076178,9428.191114192385,6729.266058410083,2698.9250557823016,0.07949844819156986
38820,0.11546668707149853,4181.457660969141,9464.857129384962,6799.39957230573,2665.457557079232,0.07947176403808971
38825,0.11548155913320274,4215.739666319039,9504.715668940848,6874.352858239347,2630.3628107015,0.07943978055273584
38830,0.11549643119490695,4243.492138679333,9547.063072208182,6952.893385177445,2594.169687030737,0.07939950837323151
38835,0.11551130325661116,4265.318155519286,9591.138385712049,7033.659099916471,2557.479285795578,0.07934860955091388
38840,0.11552617531831537,4282.050130306256,9636.162591678734,7115.211307789151,2520.9512838895835,0.07928660643404543
38845,0.11554104738001958,4294.6531465226535,9681.375312234926,7196.087718229627,2485.287594005299,0.07921315394980614
38850,0.11555591944172379,4304.11738759362,9726.067175108761,7274.8534462494545,2451.2137288593067,0.0791280552223807
38855,0.115570791503428,4311.351145898817,9769.606419024156,7350.148470034088,2419.457948990068,0.07903714560970462
38860,0.11558566356513222,4317.086033099602,9811.458771727948,7420.730754779856,2390.728016948092,0.07893504830311522
38865,0.11560053562683643,4321.80490505575,9851.2001405318,7485.514765024734,2365.685375507067,0.0788215618584069
38870,0.11561540768854064,4325.700539169868,9888.522195083016,7543.605286804786,2344.91690827823,0.07872127812797612
38875,0.11563027975024485,4328.669397963975,9923.231464296112,7594.326365018308,2328.905099277804,0.078638349373104
38880,0.11564515181194907,4330.340427659228,9955.243071126986,7637.244829765323,2317.9982413616635,0.07854601673146618
38885,0.11566002387365328,4330.134628378577,9984.57063404992,7672.187495462651,2312.383138587269,0.078444586103896
38890,0.11567489593535749,4327.3479101716,10011.314105796677,7699.250828946085,2312.063276850592,0.07833435470068169
38895,0.1156897679970617,4321.247938402288,10035.64733223587,7718.801816051606,2316.845516184265,0.07821899316335555
38900,0.1157046400587659,4311.175176516391,10057.806854774728,7731.468962429821,2326.3378923449072,0.07809691138754203
38905,0.11571951212047012,4296.638725966522,10078.082955870193,7738.122828781728,2339.960127088466,0.07796674454500357
38910,0.11573438418217433,4277.398424426519,10096.813233979921,7739.846158602855,2356.967075377066,0.0778286122236806
38915,0.11574925624387855,4253.5258374826635,10114.378229278453,7737.894415023694,2376.4838142547587,0.0776825862338064
38920,0.11576412830558276,4225.438375618798,10131.197973523202,7733.648300035925,2397.549673487277,0.07753126563659751
38925,0.11577900036728697,4193.902967736357,10147.727958114305,7728.560483420015,2419.16747469429,0.07737629230991994
38930,0.11579387242899118,4160.008542688509,10164.452989977473,7724.099228731478,2440.353761245995,0.0772134224295751
38935,0.11580874449069539,4125.109755048262,10181.877730408205,7721.691798368774,2460.1859320394315,0.0770579639731276
38940,0.1158236165523996,4090.747474035211,10200.513296779594,7722.670412880513,2477.8428838990812,0.07692099587279919
38945,0.11583848861410381,4058.5540369454775,10220.860008491398,7728.223146408987,2492.6368620824105,0.07677675923740934
38950,0.11585336067580802,4030.1527992849824,10243.387028504458,7739.351534887674,2504.035493616784,0.07662526164673909
38955,0.11586823273751223,4007.0619706160796,10268.510176515918,7756.835980988444,2511.674195527474,0.07646655013550431
38960,0.11588310479921644,3990.6121668464493,10296.569510076668,7781.2094066057,2515.360103470968,0.07630071287468128
38965,0.11589797686092065,3981.8856526240306,10327.808380113393,7812.7391578446095,2515.069222268783,0.0761278762979623
38970,0.11591284892262488,3981.6829599805187,10362.355598583736,7851.41697952428,2510.938619059456,0.07594819804481573
38975,0.11592772098432909,3990.5194797787544,10400.212155245992,7896.956935751233,2503.2552194947593,0.07576185658041765
38980,0.1159425930460333,4008.6508528688864,10441.24363231832,7948.801371818468,2492.442260499851,0.07569160268974745
38985,0.11595746510773751,4036.1219322051975,10485.17912188523,8006.135250712405,2479.0438711728257,0.07575431242547502
38990,0.11597233716944172,4072.8304811606076,10531.617068323438,8067.909307583869,2463.7077607395686,0.07587687588049219
38995,0.11598720923114593,4118.5945385103105,10580.038044305284,8132.872340200102,2447.1657041051812,0.07592414898641599
39000,0.11600208129285014,4173.212257311434,10629.824032310371,8199.612561652582,2430.2114706577886,0.07588638988104852
39005,0.11601695335455435,4236.505181337354,10680.283342810166,8266.60734027375,2413.6760025364165,0.07594491500092831
39010,0.11603182541625856,4308.339793524071,10730.679889425777,8332.2799650712,2398.399924354577,0.07605587721874514
39015,0.11604669747796277,4388.626670549404,10780.265205616744,8395.061446165302,2385.2037594514422,0.0760851238501313
39020,0.11606156953966698,4477.300586274368,10828.311371904927,8453.454895078703,2374.856476826224,0.07609507890547881
39025,0.1160764416013712,4574.287728661699,10874.142959490702,8506.099760627516,2368.0431988631863,0.07617731297155911
39030,0.11609131366307542,4679.467704526344,10917.166196381468,8551.833079560416,2365.3331168210516,0.07618965240379964
39035,0.11610618572477963,4792.638420128782,10956.89381458944,8589.744859039867,2367.1489555495737,0.07620503295995548
39040,0.11612105778648384,4913.491419868248,10992.964411609706,8619.224686748837,2373.7397248608686,0.07629943742617472
39045,0.11613592984818805,5041.603758195378,11025.155611696624,8639.996681048413,2385.158930648211,0.07634039451126533
39050,0.11615080190989226,5176.449758294735,11053.390786507278,8652.140045154496,2401.250741352782,0.0762902791840885
39055,0.11616567397159647,5317.432100626135,11077.739527159309,8656.092914632054,2421.6466125272545,0.07631966263885283
39060,0.11618054603330068,5463.927162288128,11098.412389290192,8652.637997939351,2445.7743913508402,0.07640823964965898
39065,0.11619541809500489,5615.33550728879,11115.750615248293,8642.869719836855,2472.8808954114375,0.07640750307370953
39070,0.1162102901567091,5771.126172462995,11130.211563581228,8628.144068704605,2502.0674948766227,0.07630979933624417
39075,0.11622516221841331,5930.863776916964,11142.350480433652,8610.013887894624,2532.336592539028,0.07640218701195976
39080,0.11624003428011753,6094.2105965948085,11152.799105073425,8590.153657132767,2562.6454479406584,0.07645940143898391
39085,0.11625490634182174,6260.900852221988,11162.241504905356,8570.27864340181,2591.9628615035454,0.07641793270246418
39090,0.11626977840352595,6430.690271145544,11171.387561761176,8552.063537956328,2619.3240238048475,0.07631800343053756
39095,0.11628465046523016,6603.289104249718,11180.944712866645,8537.065359093052,2643.879353773593,0.07643680082013533
39100,0.11629952252693437,6778.2901115868135,11191.58885675133,8526.654634670012,2664.934222081318,0.0764624091125207
39105,0.11631439458863858,6955.1040297405125,11203.935681224903,8521.95789413117,2681.9777870937323,0.07638091417949851
39110,0.1163292666503428,7132.913753412862,11218.513944733484,8523.813500333394,2694.7004444000904,0.0762960442972491
39115,0.116344138712047,7310.6554219432355,11235.742343479282,8532.74197747449,2703.0003660047914,0.07639062508249336
39120,0.11635901077375121,7487.0305469827845,11255.911470641237,8548.931296276516,2706.9801743647204,0.07638560219296313
39125,0.11637388283545542,7660.5489967318745,11279.172030286483,8572.237036816421,2706.934993470062,0.076266804469552
39130,0.11638875489715964,7829.598665515168,11305.529972475004,8602.196894507175,2703.333077967829,0.07617460360455786
39135,0.11640362695886386,7992.534430228638,11334.848664090005,8638.058553050107,2696.790111039898,0.07624749184329647
39140,0.11641849902056807,8147.776812716254,11366.857698435471,8678.819474467839,2688.038223967633,0.07621626471268728
39145,0.11643337108227228,8293.909805584752,11401.167547195508,8723.276647301805,2677.890899893702,0.07606660305940147
39150,0.11644824314397649,8429.767628129219,11437.289005104785,8770.083828304501,2667.205176800284,0.07598716313022229
39155,0.1164631152056807,8554.501641842795,11474.656267577304,8817.81338012612,2656.8428874511847,0.07604340653191678
39160,0.11647798726738491,8667.620987392915,11512.652482227604,8865.019530655369,2647.6329515722355,0.07599261150994722
39165,0.11649285932908912,8769.003335351506,11550.636678823,8910.299832380886,2640.3368464421146,0.0758645306964461
39170,0.11650773139079333,8858.875141961717,11587.971059951453,8952.351822319828,2635.619237631625,0.07575374130612596
39175,0.11652260345249754,8937.763772930723,11624.04769099629,8990.022363595246,2634.0253274010447,0.07580086522857409
39180,0.11653747551420175,9006.426707592494,11658.313649306803,9022.347823444903,2635.9658258619,0.07573902175393944
39185,0.11655234757590596,9065.765627057923,11690.293688768466,9048.584003895463,2641.7096848730034,0.07560021313759031
39190,0.11656721963761019,9116.735203510687,11719.609474897845,9068.225471889551,2651.384003008294,0.0754376770413676
39195,0.1165820916993144,9160.257342795941,11745.994481803378,9081.014532991658,2664.9799488117205,0.07548415058538382
39200,0.11659696376101861,9197.151005053383,11769.303746988517,9086.940496602358,2682.363250386159,0.07542038491672401
39205,0.11661183582272282,9228.085369089953,11789.517873000048,9086.230085966139,2703.287787033909,0.07528322962281997
39210,0.11662670788442703,9253.560365655569,11806.74095122957,9079.329903340173,2727.411047889398,0.07506478959519357
39215,0.11664157994613124,9273.914310698721,11821.192450370152,9066.88185747008,2754.310592900072,0.07511776522156063
39220,0.11665645200783545,9289.35453568973,11833.193529330016,9049.692491547767,2783.501037782249,0.07506457267102179
39225,0.11667132406953966,9300.00435038913,11843.148652992008,9028.697279821812,2814.4513731701954,0.0749219439322031
39230,0.11668619613124387,9305.9587157691,11851.523747043326,9004.921196830403,2846.6025502129232,0.0747165230479643
39235,0.11670106819294808,9307.34146470024,11858.822361962928,8979.437149333296,2879.3852126296315,0.07477765751290572
39240,0.11671594025465229,9304.358254178122,11865.561379301864,8953.324102634366,2912.237276667498,0.07473422451268101
39245,0.11673081231635651,9297.34104468417,11872.247673040136,8927.626837193711,2944.6208358464246,0.07457207834591499
39250,0.11674568437806072,9286.781273763903,11879.35686594692,8903.319186016448,2976.037679930472,0.07440491903120665
39255,0.11676055643976493,9273.349740932243,11887.314964335763,8881.272333660761,3006.0426306750014,0.07445885189735489
39260,0.11677542850146914,9257.901540213366,11896.483300034224,8862.229356068985,3034.253943965239,0.07440659409880455
39265,0.11679030056317335,9241.464437056695,11907.146929881581,8846.786716922765,3060.360212958816,0.07425046259360638
39270,0.11680517262487757,9225.209378177491,11919.506478723219,8835.382970183005,3084.123508540213,0.0740464049815691
39275,0.11682004468658178,9210.402862556479,11933.673354332046,8828.294484621918,3105.378869710128,0.07409873662069337
39280,0.11683491674828599,9198.342947751999,11949.66826794915,8825.637618245872,3124.030649703278,0.07404417929186964
39285,0.1168497888099902,9190.283490059888,11967.423004045484,8827.376435949922,3140.046568095562,0.07391065634905429
39290,0.1168646608716944,9187.354107061967,11986.785350038266,8833.334797513808,3153.4505525244585,0.07370225530114162
39295,0.11687953293339862,9190.485375126458,12007.527001677156,8843.2114738529,3164.3155278242557,0.07370227670803098
39300,0.11689440499510284,9200.349165598807,12029.354114661199,8856.596914788224,3172.7571998729745,0.07364853315427781
39305,0.11690927705680705,9217.322465479518,12051.920012552122,8872.990423239575,3178.9295893125473,0.07353815984422332
39310,0.11692414911851126,9241.479725949304,12074.839426860388,8891.81679526786,3183.0226315925283,0.07335280915082992
39315,0.11693902118021547,9272.614359253055,12097.703570658481,8912.441927371186,3185.2616432872946,0.07335435321395188
39320,0.11695389324191968,9310.285342441835,12120.095346924201,8934.187391333631,3185.90795559057,0.07330362522983762
39325,0.11696876530362389,9353.880955067782,12141.604060625023,8956.34442312237,3185.2596375026533,0.07320024501215133
39330,0.1169836373653281,9402.68933673467,12161.839116225978,8978.188060844735,3183.6510553812423,0.07302454331210582
39335,0.11699850942703231,9455.96531261102,12180.442309745978,8998.99223404636,3181.4500756996185,0.07299073465274843
39340,0.11701338148873652,9512.984771527088,12197.098440055885,9018.046452367074,3179.05198768881,0.07294678046102752
39345,0.11702825355044073,9573.08120594002,12211.544052897263,9034.674423832888,3176.8696290643747,0.07286711707722328
39350,0.11704312561214494,9635.662918588047,12223.574192194486,9048.254538886707,3175.319653307779,0.07268045401102238
39355,0.11705799767384917,9700.212978556974,12233.04707684089,9058.241762707792,3174.8053141330984,0.07253403652432969
39360,0.11707286973555338,9766.276687373767,12239.886661512066,9064.190125761479,3175.696535750587,0.07248225705571251
39365,0.11708774179725759,9833.44285473494,12244.083088558997,9065.774693234658,3178.3083953243386,0.07239494017325021
39370,0.1171026138589618,9901.325530426133,12245.691098477653,9062.8116171377,3182.8794813399527,0.0722430100365039
39375,0.11711748592066601,9969.551973207019,12244.826534551188,9055.274640942454,3189.5518936087337,0.0721012626083675
39380,0.11713235798237022,10037.76058692062,12241.661143255573,9043.306288893928,3198.3548543616453,0.07194277619467333
39385,0.11714723004407443,10105.609563236156,12236.41592499322,9027.222017707003,3209.193907286217,0.0718334268114056
39390,0.11716210210577864,10172.793632823072,12229.35332139004,9007.505918846437,3221.8474025436026,0.07171859275181118
39395,0.11717697416748285,10239.063507735093,12220.768532582217,8984.797160922735,3235.9713716594815,0.07154641261332845
39400,0.11719184622918706,10304.24113979817,12210.980242944046,8959.86719104254,3251.113051901506,0.07154037737156263
39405,0.11720671829089127,10368.224297282404,12200.321003438323,8933.588625755161,3266.7323776831618,0.07152739638043619
39410,0.1172215903525955,10430.976090170901,12189.127482603595,8906.897575210674,3282.2299073929207,0.07150775980346358
39415,0.1172364624142997,10492.498369434223,12177.730765507027,8880.75170735194,3296.979058155088,0.07148176503247398
39420,0.11725133447600392,10552.79154809012,12166.446857363846,8856.086604610005,3310.3602527538405,0.07144971577185202
39425,0.11726620653770813,10611.80652384896,12155.56753770714,8833.772922306629,3321.7946154005112,0.07145131136638419
39430,0.11728107859941234,10669.396414439614,12145.351708954797,8814.576620649974,3330.775088304823,0.07165304232000104
39435,0.11729595066111655,10725.276419700695,12136.017384820045,8799.124218071984,3336.893166748061,0.07193244827840628
39440,0.11731082272282076,10778.999256660512,12127.734466601834,8787.874675167159,3339.8597914346756,0.07221566368082327
39445,0.11732569478452497,10829.951487850143,12120.618462818584,8781.099184528564,3339.5192782900194,0.07248524854909537
39450,0.11734056684622918,10877.373080966261,12114.725330037581,8778.869790296967,3335.8555397406144,0.07274167571448127
39455,0.11735543890793339,10920.399194101821,12110.047660901684,8781.057359260247,3328.9903016414373,0.07298584334647465
39460,0.1173703109696376,10958.119966886567,12106.512520683369,8787.338957732782,3319.1735629505874,0.07321898495778825
39465,0.11738518303134182,10989.651452126256,12103.981320074874,8797.214171872944,3306.7671482019305,0.07344251217795036
39470,0.11740005509304603,11014.209116905871,12102.252174105512,8810.02938819499,3292.2227859105224,0.07365782268109622
39475,0.11741492715475024,11031.174856234233,12101.065190057141,8825.008583079776,3276.056606977365,0.07386611509560836
39480,0.11742979921645445,11040.149307241874,12100.111012913272,8841.288808446732,3258.82220446654,0.07413037282295527
39485,0.11744467127815866,11040.983284804144,12099.042721611191,8857.95834412352,3241.0843774876703,0.07438830152773437
39490,0.11745954333986287,11033.7849702184,12097.490834208875,8874.09543625077,3223.3953979581056,0.07463880721059514
39495,0.11747441540156708,11018.902510808326,12095.080798852561,8888.8056561743,3206.2751426782615,0.07488298426429478
39500,0.1174892874632713,10996.884410903127,12091.451993058057,8901.256177120074,3190.195815937983,0.07512150387825872
39505,0.1175041595249755,10968.422205517418,12086.276997571684,8910.705639210235,3175.571358361449,0.07535454820386787
39510,0.11751903158667971,10934.28134737839,12079.27980233374,8916.528706185523,3162.7510961482167,0.07558184940286314
39515,0.11753390364838393,10895.227096741937,12070.251654673995,8918.234851872794,3152.0168028012013,0.0758028210463451
39520,0.11754877571008815,10851.952571272113,12059.063450456397,8915.481294296544,3143.582156159853,0.07601674753219011
39525,0.11756364777179236,10805.015978816462,12045.673847076461,8908.080272119028,3137.593574957433,0.07622298405322778
39530,0.11757851983349657,10754.793316675403,12030.132584814077,8896.001002455458,3134.131582358619,0.07642727943227921
39535,0.11759339189520078,10701.451384928103,12012.578794639638,8879.366673107792,3133.2121215318457,0.07667288419853772
39540,0.11760826395690499,10644.943876973452,11993.234327943197,8858.44674762083,3134.787580322367,0.07691021428965965
39545,0.1176231360186092,10585.03083650479,11972.392377066657,8833.644774033999,3138.747603032658,0.07713847688346218
39550,0.11763800808031341,10521.31932396532,11950.401891633204,8805.48187363061,3144.9200180025946,0.07735717076730039
39555,0.11765288014201762,10453.321122726291,11927.64855641539,8774.576204352485,3153.0723520629053,0.07756617187758413
39560,0.11766775220372183,10380.521951601453,11904.5333791548,8741.618948509964,3162.914430644836,0.07776572011564493
39565,0.11768262426542604,10302.455904469056,11881.45020463867,8707.347705038906,3174.102499599763,0.07795631719525664
39570,0.11769749632713025,10218.778541866592,11858.763661783027,8672.518469727444,3186.245192055583,0.07813856711722103
39575,0.11771236838883448,10129.332082226501,11836.789096963263,8637.877561788182,3198.9115351750806,0.07831300312243135
39580,0.11772724045053869,10034.196486802419,11815.775907666653,8604.134847585907,3211.6410600807467,0.07847994494612644
39585,0.1177421125122429,9933.7210141805,11795.895369160646,8571.939435846285,3223.9559333143607,0.07868563476924484
39590,0.11775698457394711,9828.5321605829,11777.23359530547,8541.85874209385,3235.3748532116206,0.07890447553291269
39595,0.11777185663565132,9719.515847771452,11759.789777791302,8514.361529774635,3245.4282480166676,0.07911663942647447
39600,0.11778672869735553,9607.774185486798,11743.47939587643,8489.80529416322,3253.67410171321,0.0793226926724836
39605,0.11780160075905974,9494.559880667184,11728.141749633603,8468.428178104155,3259.713571529448,0.07952347421303099
39610,0.11781647282076395,9381.194027819816,11713.550974792282,8450.34546772639,3263.2055070658917,0.07971990326244346
39615,0.11783134488246816,9268.975201899028,11699.429639364544,8435.55056454732,3263.879074817223,0.0799127754283013
39620,0.11784621694417237,9159.08917388121,11685.464065859685,8423.920133665493,3261.543932194192,0.08010259381269098
39625,0.11786108900587658,9052.52899069001,11671.320619278942,8415.222887500786,3256.0977317781562,0.08028946862299406
39630,0.1178759610675808,8950.03450332198,11656.662302196582,8409.131223576733,3247.5310786198497,0.08050185119597092
39635,0.11789083312928501,8852.058630869724,11641.165067747199,8405.234763661716,3235.930304085483,0.08071139230325414
39640,0.11790570519098922,8758.764728322543,11624.533281684595,8403.054811019714,3221.4784706648807,0.08091685714244275
39645,0.11792057725269343,8670.055572563291,11606.513740631113,8402.058891590967,3204.4548490401467,0.08111810763076302
39650,0.11793544931439764,8585.6301461199,11586.90761094574,8401.674857314538,3185.2327536312023,0.08131464256337988
39655,0.11795032137610185,8505.060283346329,11565.579631741854,8401.304431129343,3164.27520061251,0.08150562987146319
39660,0.11796519343780607,8427.8761625298,11542.46396922995,8400.336453216662,3142.127516013288,0.08168998249332969
39665,0.11798006549951028,8353.648280106052,11517.566247504084,8398.16034111144,3119.405906392645,0.08186645357493728
39670,0.11799493756121449,8282.0542800377,11490.961516882102,8394.180338814449,3096.781178067653,0.08203372661192898
39675,0.1180098096229187,8212.921692004677,11462.78822861584,8387.830998288402,3074.957230327438,0.08219048221079713
39680,0.1180246816846229,8146.241662629502,11433.23861551393,8378.59405702181,3054.6445584921203,0.08235531493975001
39685,0.11803955374632713,8082.153314382478,11402.546177689263,8366.016517389891,3036.5296602993712,0.08252964005255913
39690,0.11805442580803134,8020.902638074584,11370.971198617037,8349.729362828115,3021.241835788922,0.08269178492175257
39695,0.11806929786973555,7962.783221627442,11338.785347419089,8329.466007969137,3009.319339449952,0.0828401831989419
39700,0.11808416993143976,7908.068265535298,11306.25645742407,8305.079300388981,3001.1771570350884,0.08297327382520675
39705,0.11809904199314397,7856.9440280866065,11273.634518813678,8276.55568816491,2997.0788306487684,0.08308954009019164
39710,0.11811391405484818,7809.454030300809,11241.139797098287,8244.02506578237,2997.1147313159163,0.08318753223457753
39715,0.11812878611655239,7765.461195271504,11208.953798158707,8207.764852441604,3001.1889457171037,0.08334829285884414
39720,0.1181436581782566,7724.632020717734,11177.213550925035,8168.197087727224,3009.0164631978105,0.08355730469473409
39725,0.11815853023996081,7686.443511404241,11146.00938039959,8125.877773516147,3020.131606883443,0.08375515087736947
39730,0.11817340230166502,7650.210585474604,11115.386018275447,8081.478321531052,3033.9076967443953,0.08394052879253334
39735,0.11818827436336923,7615.129502547572,11085.346582843542,8035.759698240375,3049.586884603167,0.08414418369912234
39740,0.11820314642507346,7580.331724451649,11055.858702473048,7989.540569481238,3066.3181329918098,0.08435325287035651
39745,0.11821801848677767,7544.942383279789,11026.861904964046,7943.661312280589,3083.2005926834563,0.0845483596809547
39750,0.11823289054848188,7508.1378709699375,10998.275379336092,7898.946094498875,3099.3292848372166,0.0847279328807871
39755,0.11824776261018609,7469.197641892635,10970.005339073807,7856.165297776464,3113.8400412973424,0.08489042313433222
39760,0.1182626346718903,7427.545946365191,10941.951445193392,7816.000409003227,3125.951036190165,0.08503429857990477
39765,0.11827750673359451,7382.779908179643,10914.012025373237,7779.01320124122,3134.998824132017,0.08518061430017564
39770,0.11829237879529872,7334.681279269806,10886.088082788145,7745.620643505849,3140.4674392822953,0.08534961277316495
39775,0.11830725085700293,7283.210491221518,10858.08626744998,7716.0765755580405,3142.00969189194,0.08549802152130324
39780,0.11832212291870714,7228.483276506555,10829.921057226737,7690.460786025087,3139.4602712016494,0.08562421736428485
39785,0.11833699498041135,7170.7319743740445,10801.516378095801,7668.675749969102,3132.840628126699,0.08572666200379629
39790,0.11835186704211556,7110.255373566741,10772.80682769001,7650.450925849973,3122.3559018400374,0.08582847881423691
39795,0.11836673910381978,7047.362276771953,10743.738606374789,7635.354198319474,3108.3844080553154,0.08595871212313286
39800,0.118381611165524,6982.3146965605,10714.270244091715,7622.809798554326,3091.4604455373883,0.08606319203873793
39805,0.1183964832272282,6915.276652274042,10684.373244627612,7612.121843043897,3072.251401583715,0.08614047162233768
39810,0.11841135528893242,6846.273995453663,10654.032823367064,7602.502495365334,3051.5303280017306,0.08619397672485489
39815,0.11842622735063663,6775.169652429006,10623.248940733234,7593.103654928971,3030.145285804263,0.08630337849432222
39820,0.11844109941234084,6701.657206830765,10592.037784571961,7583.050994634874,3008.9867899370875,0.08638397510620177
39825,0.11845597147404505,6625.273888238461,10560.43370961129,7571.479100464193,2988.9546091470975,0.08643457469601104
39830,0.11847084353574926,6545.431873607837,10528.491419700276,7557.566421236728,2970.924998463548,0.08646215959167128
39835,0.11848571559745347,6461.46457932514,10496.287936111356,7540.5687379427845,2955.719198168571,0.0865513447674013
39840,0.11850058765915768,6372.682711737336,10463.923710836842,7519.849924924987,2944.0737859118544,0.08660967477849539
39845,0.11851545972086189,6278.433677041829,10431.522188833951,7494.908892522163,2936.613296311788,0.08663628870529533
39850,0.11853033178256611,6178.157804332463,10399.227235773355,7465.401740042179,2933.8254957311756,0.08667169162460894
39855,0.11854520384427032,6071.435699536777,10367.198117757911,7431.158268618015,2936.0398491398955,0.0868073008348742
39860,0.11856007590597453,5958.022620501947,10335.602089617962,7392.192083791718,2943.410005826244,0.08691376588914639
39865,0.11857494796767874,5837.867581415149,10304.605032645544,7348.703572537843,2955.9014601077015,0.08698999096590944
39870,0.11858982002938295,5711.11654577887,10274.360893482368,7301.075120701215,2973.2857727811524,0.08703512125413852
39875,0.11860469209108716,5578.100363443203,10245.000851604771,7249.858117256149,2995.142734348622,0.08711880112912919
39880,0.11861956415279137,5439.30911824633,10216.623164171777,7195.751637760347,3020.87152641143,0.08721349004942264
39885,0.11863443621449558,5295.355473874282,10189.28452700811,7139.573237236858,3049.7112897712523,0.08727626273051835
39890,0.1186493082761998,5146.930553996838,10162.99359984581,7082.222970635636,3080.770629210174,0.08730650230767428
39895,0.118664180337904,4994.756778003564,10137.707128941294,7024.642482383954,3113.06464655734,0.08735733886034211
39900,0.11867905239960821,4839.54263520336,10113.328903970012,6967.771608648831,3145.5572953211813,0.0874424241525896
39905,0.11869392446131244,4681.944346523671,10089.711629450958,6912.505273324464,3177.206356126494,0.08749388503374991
39910,0.11870879652301665,4522.5386134580895,10066.661673219127,6859.653451822286,3207.008221396841,0.08751143805487167
39915,0.11872366858472086,4361.809277404385,10043.94656123703,6809.906631273872,3234.039929963157,0.08751655698205778
39920,0.11873854064642507,4200.148952655856,10021.304999987082,6763.808592071688,3257.4964079153942,0.08759349843633041
39925,0.11875341270812928,4037.8748445027813,9998.459107505078,6721.73759798574,3276.721509519338,0.087635366641157
39930,0.11876828476983349,3875.2562677855303,9975.128410934592,6683.896341998578,3291.232068936015,0.08764229314155682
39935,0.1187831568315377,3712.5500053072897,9951.045021084163,6650.31035758836,3300.734663495803,0.08761479411275157
39940,0.11879802889324191,3550.0386918965573,9925.96923397638,6620.834127953129,3305.135106023252,0.0876697796896826
39945,0.11881290095494612,3388.066968368631,9899.704660450921,6595.163817514354,3304.540842936567,0.08770334005009255
39950,0.11882777301665033,3227.0703295855337,9872.111882734594,6572.855389255268,3299.2564934793263,0.08770122593285685
39955,0.11884264507835454,3067.592488194608,9843.119618688688,6553.346827409906,3289.7727912787823,0.08766430552756856
39960,0.11885751714005877,2910.28868073348,9812.73246688352,6535.983229669285,3276.749237214236,0.0876784821529597
39965,0.11887238920176298,2755.914448617918,9781.034512727812,6520.0436402577,3260.9908724701127,0.08770308993459493
39970,0.11888726126346719,2605.301619890794,9748.188373814113,6504.7686387575,3243.419735056613,0.08769131482107412
39975,0.1189021333251714,2459.324985780704,9714.429604740179,6489.3878545139405,3225.041750226238,0.08764436636640048
39980,0.11891700538687561,2318.864082233962,9680.056713481008,6473.146722306536,3206.9099911744725,0.08760198208501795
39985,0.11893187744857982,2184.7643784959946,9645.417318880443,6455.331914675234,3190.0854042052097,0.087613763022411
39990,0.11894674951028403,2057.8011966939494,9610.891181961455,6435.294965601443,3175.5962163600116,0.0875887832256631
39995,0.11896162157198824,1938.6482543456104,9576.870978964915,6412.4736314739675,3164.397347490947,0.08752880749654131
40000,0.11897649363369245,1827.8513456253859,9543.741775016988,6386.410523686226,3157.331251330762,0.08743594830142194
40005,0.11899136569539666,1725.8067687473385,9511.86022979602,6356.768511979738,3155.0917178162827,0.08739515941534677
40010,0.11900623775710087,1632.7438501312836,9481.534633323088,6323.342364615305,3158.192268707783,0.08741268316835128
40015,0.1190211098188051,1548.7112535365695,9453.006923316285,6286.066083790018,3166.940839526267,0.08739229205968804
40020,0.1190359818805093,1473.5674740100276,9426.437848385447,6245.015429347507,3181.42241903794,0.08733530336018669
40025,0.11905085394221351,1406.976724133744,9401.896377165092,6200.405213222601,3201.4911639424918,0.08728520782796283
40030,0.11906572600391772,1348.4120539792766,9379.354280752495,6152.581100695456,3226.773180057039,0.08730644216433159
40035,0.11908059806562193,1297.1677700570508,9358.68652086223,6102.005876636782,3256.6806442254474,0.08729008913183169
40040,0.11909547012732614,1252.3828548471456,9339.677671046418,6049.2404215370325,3290.4372495093858,0.08723784600098598
40045,0.11911034218903035,1213.0760743983064,9322.034119718637,5994.919979513038,3327.114140205599,0.08715163477048711
40050,0.11912521425073457,1178.1919128698446,9305.401306103307,5939.726665039393,3365.6746410639144,0.08703353226899768
40055,0.11914008631243878,1146.6546920805122,9289.384785863958,5884.35951103453,3405.025274829428,0.08701114833625638
40060,0.11915495837414299,1117.4266299001874,9273.57357211119,5829.503659023731,3444.069913087459,0.08696136129445735
40065,0.1191698304358472,1089.564541115321,9257.563998400297,5775.8004756904265,3481.763522709871,0.08687923094988811
40070,0.11918470249755142,1062.2696104447368,9240.982332518313,5723.8203998565805,3517.161932661733,0.086767034250505
40075,0.11919957455925563,1034.925185077308,9223.504538285471,5674.0401565840875,3549.464381701384,0.08662707660164312
40080,0.11921444662095984,1007.1186846478022,9204.871916500248,5626.825636030226,3578.046280470022,0.08646162030407323
40085,0.11922931868266405,978.6452652588077,9184.901811413285,5582.421275825683,3602.4805355876024,0.08636121403544987
40090,0.11924419074436826,949.4925705796295,9163.493083824309,5540.946279683436,3622.546804140873,0.08625177771921337
40095,0.11925906280607247,919.807605719513,9140.626554045377,5502.397521269597,3638.22903277578,0.08611788243986682
40100,0.11927393486777668,889.8484066503825,9116.361036527036,5466.65856674461,3649.7024697824263,0.08597031348978544
40105,0.11928880692948089,859.9246979050522,9090.825866704336,5433.513913796958,3657.3119529073774,0.08583538302741196
40110,0.1193036789911851,830.3330304968658,9064.210932037808,5402.6672748438805,3661.543657193927,0.08577407367737869
40115,0.11931855105288931,801.2927855054086,9036.755172476174,5373.762506604973,3662.992665871201,0.08570702085771299
40120,0.11933342311459352,772.8896937990339,9008.734354242359,5346.405605040284,3662.3287492020745,0.08560733127499547
40125,0.11934829517629775,745.0329945204439,8980.448709283606,5320.186073089764,3660.262636193842,0.08547719633127135
40130,0.11936316723800196,717.43101901934,8952.210835868424,5294.6959844767325,3657.514851391691,0.08531879565932772
40135,0.11937803929970617,689.5880140791596,8924.334119651892,5269.545267735776,3654.788851916116,0.08513423184581831
40140,0.11939291136141038,660.8227267534248,8897.121873523742,5244.372150454996,3652.749723068746,0.08492547874868508
40145,0.11940778342311459,630.3070305457477,8870.857391164727,5218.848315174078,3652.009075990649,0.0846943457649494
40150,0.1194226554848188,597.1209849865609,8845.795124399923,5192.6790535368,3653.1160708631232,0.08453732089240873
40155,0.11943752754652301,560.3193579177041,8822.15318633854,5165.59945404692,3656.5537322916207,0.08437181952597063
40160,0.11945239960822722,519.0038332653739,8800.107325625968,5137.368296667501,3662.7390289584664,0.08418920673138786
40165,0.11946727166993143,472.39482601217424,8779.78641490188,5107.761741069755,3672.0246738321257,0.08399128784103498
40170,0.11948214373163564,419.89696997214196,8761.26937992118,5076.569002471347,3684.7003774498326,0.08377946584376103
40175,0.11949701579333985,361.1528950004031,8744.583410537183,5043.591971527001,3700.991439010182,0.08355541830017209
40180,0.11951188785504407,296.08082975696925,8729.703281667835,5008.650163872927,3721.053117794908,0.08333609922297797
40185,0.11952675991674828,224.89276969455295,8716.551687517202,4971.591540772828,3744.9601467443736,0.08319830001382768
40190,0.1195416319784525,148.09130047663257,8705.000637366253,4932.308729003149,3772.6919083631037,0.08304275284132742
40195,0.1195565040401567,66.44452776096841,8694.87412637759,4890.7591249176,3804.11500145999,0.0828712750610499
40200,0.11957137610186092,-19.060114094440905,8685.952415065718,4846.9864539424825,3838.9659611232355,0.0826851747607708
40205,0.11958624816356513,-107.28103758977977,8677.978269391675,4801.140729595771,3876.8375397959044,0.08248525281942269
40210,0.11960112022526934,-197.00295633366113,8670.665401552147,4753.493341189555,3917.1720603625918,0.08227183969825785
40215,0.11961599228697355,-287.02704096739944,8663.709120332971,4704.444261936887,3959.2648583960836,0.08204486125823716
40220,0.11963086434867776,-376.26315321618495,8656.79889539528,4654.519093020547,4002.2798023747337,0.08180392543158531
40225,0.11964573641038197,-463.8147454677119,8649.63222853164,4604.354743842325,4045.2774846893153,0.08154842018304617
40230,0.11966060847208618,-549.0461372738464,8641.928974605371,4554.67382774675,4087.2551468586207,0.08138293089930146
40235,0.1196754805337904,-631.6225609577041,8633.44511867742,4506.249130947363,4127.195987730058,0.0812465039290955
40240,0.11969035259549461,-711.5159449502544,8623.98502178372,4459.86061106503,4164.124410718689,0.0810995495963994
40245,0.11970522465719882,-788.9737027321671,8613.411294263782,4416.248174379641,4197.163119884141,0.08094015819726474
40250,0.11972009671890303,-864.453122087215,8601.651711917748,4376.063910561552,4225.587801356196,0.08076633993464515
40255,0.11973496878060724,-938.5292783155874,8588.70290271876,4339.827534666542,4248.875368052218,0.08060218024927245
40260,0.11974984084231145,-1011.788674169461,8574.630834836851,4307.888539908848,4266.7422949280035,0.08051880193482615
40265,0.11976471290401566,-1084.7232382035054,8559.568369333052,4280.398053032307,4279.170316300745,0.08046267420280638
40270,0.11977958496571987,-1157.6395010940596,8543.71026341159,4257.292653716489,4286.417609695101,0.08037536401688342
40275,0.11979445702742408,-1230.595748805339,8527.306016506243,4238.291512656408,4289.014503849836,0.08026547970819449
40280,0.1198093290891283,-1303.3760893074877,8510.650871878774,4222.907170113705,4287.743701765068,0.0801788899535346
40285,0.1198242011508325,-1375.5052397478394,8494.075177623623,4210.469191655197,4283.605985968426,0.08012171664819563
40290,0.11983907321253673,-1446.3021138082413,8477.932237897547,4200.158904248965,4277.773333648582,0.08009300088547797
40295,0.11985394527424094,-1514.964669422393,8462.584797798447,4191.052558923285,4271.532238875162,0.08006033933393361
40300,0.11986881733594515,-1580.6736817697665,8448.390421340539,4182.169706275695,4266.220715064844,0.08001011101932896
40305,0.11988368939764936,-1642.6998407770834,8435.68622093921,4172.523389526829,4263.16283141238,0.07992492468289086
40310,0.11989856145935357,-1700.4974595687672,8424.773627540255,4161.168968018828,4263.604659521427,0.07980576755388846
40315,0.11991343352105778,-1753.769530080248,8415.904088558464,4147.248911922108,4268.6551766363555,0.07978701377652012
40320,0.11992830558276199,-1802.4929134008207,8409.266687727091,4130.031619315149,4279.235068411942,0.07976938511529766
40325,0.1199431776444662,-1846.8986663740388,8404.978659819428,4108.943034003698,4296.03562581573,0.07971406838291215
40330,0.11995804970617041,-1887.4099618981272,8403.079615540113,4083.590440997395,4319.489174542718,0.07962224496724427
40335,0.11997292176787462,-1924.5474843265765,8403.530017233348,4053.7782034596535,4349.751813773695,0.07949568824730047
40340,0.11998779382957883,-1958.8181823628465,8406.214093988026,4019.5153797080893,4386.698714279937,0.07944413236931216
40345,0.12000266589128306,-1990.6066258257379,8410.947003848038,3981.0151946520377,4429.931809195999,0.07942264394246545
40350,0.12001753795298727,-2020.088187864153,8417.485687720073,3938.686350417225,4478.799337302848,0.07936507512679261
40355,0.12003241001469148,-2047.1797747193596,8425.542552334136,3893.116254987364,4532.426297346772,0.07927328292541438
40360,0.12004728207639569,-2071.5374825583594,8434.80089624424,3845.0464911062763,4589.754405137964,0.07914951005447579
40365,0.1200621541380999,-2092.6025993205103,8444.930873119563,3795.341242403589,4649.589630715975,0.07907421076048603
40370,0.12007702619980411,-2109.6893147487617,8455.604782491477,3744.9498815918546,4710.654900899623,0.07906422300713917
40375,0.12009189826150832,-2122.100813739652,8466.510593019231,3694.865411678575,4771.645181340657,0.0790202833807158
40380,0.12010677032321253,-2129.2561631298395,8477.36282866428,3646.080835633792,4831.281993030488,0.07895986306879736
40385,0.12012164238491674,-2130.809023812316,8487.91026222933,3599.5457367143626,4888.364525514968,0.07887883902100877
40390,0.12013651444662095,-2126.74060814974,8497.940228937428,3556.1253447095223,4941.814884227906,0.07876967403594332
40395,0.12015138650832516,-2117.412929581049,8507.27975114673,3516.564149413184,4990.7156017335465,0.07877969477646785
40400,0.12016625857002938,-2103.573561056217,8515.794006199694,3481.455743491106,5034.338262708588,0.07876395795925777
40405,0.1201811306317336,-2086.30915033182,8523.382928930901,3451.2200975332157,5072.162831397685,0.07871557545778403
40410,0.1201960026934378,-2066.951234680283,8529.976886622917,3426.0889654342577,5103.88792118866,0.07863571493233937
40415,0.12021087475514201,-2046.9439090159776,8535.532383098613,3406.0996585412217,5129.432724557391,0.07852601747789911
40420,0.12022574681684622,-2027.6880782642293,8540.028645120536,3391.097061900729,5148.931583219806,0.07853813694649654
40425,0.12024061887855043,-2010.3807909845073,8543.465738995083,3380.7435106368116,5162.7222283582705,0.07851686846893785
40430,0.12025549094025464,-1995.8699553724082,8545.864588795053,3374.535974907065,5171.3286138879885,0.0784619251223373
40435,0.12027036300195885,-1984.5441540076627,8547.268954531648,3371.8298646989947,5175.439089832653,0.07837520601868406
40440,0.12028523506366307,-1976.2741147161378,8547.749112404481,3371.8686019598904,5175.880510444591,0.07827154754172061
40445,0.12030010712536728,-1970.4168104126184,8547.406689199728,3373.817881831035,5173.588807368693,0.07845585307191284
40450,0.12031497918707149,-1965.8856750008172,8546.379862429567,3376.803265850991,5169.576596578576,0.07863501645670985
40455,0.12032985124877571,-1961.2819096527883,8544.847966028105,3379.9494724332694,5164.898493594836,0.07880883026674955
40460,0.12034472331047992,-1955.073446534735,8543.03445554858,3382.4195331967385,5160.614922351842,0.0789771804043634
40465,0.12035959537218413,-1945.801072081389,8541.207203997097,3383.451937918958,5157.755266078139,0.07914004575668276
40470,0.12037446743388834,-1932.2866340467772,8539.675234493548,3382.394024626594,5157.281209866955,0.07929749037770349
40475,0.12038933949559255,-1913.8170065581417,8538.781256094539,3378.730158420488,5160.051097674051,0.07944964883752728
40480,0.12040421155729676,-1890.279913438616,8538.889746383526,3372.103614221317,5166.786132162209,0.07959670603211069
40485,0.12041908361900097,-1862.233551311254,8540.370790641404,3362.3314545080752,5178.039336133328,0.07973887322986528
40490,0.12043395568070518,-1830.9003422282403,8543.580393304572,3349.4120155266924,5194.16837777788,0.07987636241631592
40495,0.12044882774240939,-1798.0847524983255,8548.838458468588,3333.5248679712536,5215.313590497335,0.08000936107650537
40500,0.1204636998041136,-1766.0244324211853,8556.406024839265,3315.023323124375,5241.382701714891,0.08013800943537544
40505,0.12047857186581781,-1737.1916156918078,8566.46358128623,3294.419753299382,5272.043827986849,0.0802623818838162
40510,0.12049344392752204,-1714.0668777640212,8579.092351478244,3272.364219866626,5306.728131611619,0.08038264989752962
40515,0.12050831598922625,-1698.909680657851,8594.260318852694,3249.6171626672763,5344.643156185417,0.08049949394890558
40520,0.12052318805093046,-1693.5498164778455,8611.814488887907,3227.0171839223544,5384.797304965552,0.08061182133215175
40525,0.12053806011263467,-1699.2213467126676,8631.480488212663,3205.4452234997757,5426.0352647128875,0.08071938839416384
40530,0.12055293217433888,-1716.4563582000756,8652.870112929844,3185.7866350372956,5467.083477892549,0.08082188097567769
40535,0.12056780423604309,-1745.0501169162426,8675.49688906265,3168.892810232088,5506.604078830562,0.08091892998231968
40540,0.1205826762977473,-1784.102204104678,8698.799119800955,3155.5440545800757,5543.255065220879,0.08101013049528065
40545,0.12059754835945151,-1832.1302675194092,8722.169294388532,3146.4153974452197,5575.753896943312,0.08109506301750866
40550,0.12061242042115572,-1887.2447060148043,8744.988160436806,3142.046931108435,5602.941229328371,0.08117331538339141
40555,0.12062729248285993,-1947.3648846934466,8766.661268549631,3142.820120194035,5623.841148355596,0.08124450387301933
40560,0.12064216454456414,-2010.4515609879254,8786.655450070839,3148.941299571244,5637.714150499594,0.08130829215824675
40565,0.12065703660626836,-2074.7272825654973,8804.532550103813,3160.4332781568437,5644.09927194697,0.08136440686546763
40570,0.12067190866797257,-2138.8574292395188,8819.977856031846,3177.1355894325275,5642.8422665993185,0.08141264877325562
40575,0.12068678072967678,-2202.069494385175,8832.821049701415,3198.7134951854455,5634.107554515969,0.0814528989758122
40580,0.120701652791381,-2264.196530355778,8843.048137816428,3224.6753913204466,5618.372746495981,0.08148511973120415
40585,0.1207165248530852,-2325.641104997603,8850.803605050047,3254.3978217520666,5596.40578329798,0.0815093501557928
40590,0.12073139691478942,-2387.266900652836,8856.382882548914,3287.156904639496,5569.225977909418,0.08152569738159413
40595,0.12074626897649363,-2450.234478408034,8860.216016626795,3322.164619906271,5538.051396720524,0.08153860307063787
40600,0.12076114103819784,-2515.8043329226857,8862.844059233867,3358.608089570026,5504.2359696638405,0.0815454810718188
40605,0.12077601309990205,-2585.1333856298297,8864.890118217716,3395.689701574135,5469.200416643581,0.08154493059934348
40610,0.12079088516160626,-2659.090381550819,8867.027180774836,3432.6657125936104,5434.361468181225,0.081537192134162
40615,0.12080575722331047,-2738.111711367006,8869.944778721227,3468.88088351193,5401.063895209297,0.08152250359119818
40620,0.12082062928501469,-2822.1128094923088,8874.31635011497,3503.7968424691376,5370.519507645833,0.08150108922744656
40625,0.1208355013467189,-2910.4625213314794,8880.768832473475,3537.0123064387058,5343.756526034769,0.08147315127020623
40630,0.12085037340842311,-3002.019786248493,8889.855661641064,3568.2740318072388,5321.581629833825,0.08143886412541416
40635,0.12086524547012732,-3095.22468044546,8902.034000544252,3597.4783259372343,5304.555674607018,0.08139837077012514
40640,0.12088011753183153,-3188.230163691218,8917.64672204204,3624.6639712275037,5292.982750814536,0.08135178087099043
40645,0.12089498959353574,-3279.0573561630154,8936.90944111882,3649.99828835876,5286.91115276006,0.08129917028070247
40650,0.12090986165523995,-3365.7560721495065,8959.902737032808,3673.7586173897325,5286.144119643075,0.08124058177504266
40655,0.12092473371694416,-3446.5535412695,8986.569611987323,3696.3116240775616,5290.257987909761,0.08117602710951999
40660,0.12093960577864837,-3519.9773452934487,9016.718173516869,3718.092548908713,5298.625624608156,0.08110549061131891
40665,0.12095447784035258,-3584.9429765337763,9050.029472135493,3739.5859082442357,5310.443563891257,0.0810289345280817
40670,0.1209693499020568,-3640.801364238514,9086.070345677292,3761.308390358389,5324.761955318903,0.0809463062223251
40675,0.12098422196376102,-3687.3464957777715,9124.310998086523,3783.793936347237,5340.517061739286,0.08085754705816033
40680,0.12099909402546523,-3724.78725526595,9164.146866469839,3807.580401312425,5356.566465157413,0.08076260252655088
40685,0.12101396608716944,-3753.6903916507,9204.924112935316,3833.196846690775,5371.727266244541,0.08066143285412136
40690,0.12102883814887365,-3774.9029629914285,9245.967835900927,3861.150452570562,5384.8173833303645,0.0805540230929339
40695,0.12104371021057786,-3789.462814365489,9286.611856527568,3891.912240453351,5394.699616074217,0.08044039154165994
40700,0.12105858227228207,-3798.5049663960845,9326.228730007451,3925.9012074471784,5400.327522560273,0.08032059533952107
40705,0.12107345433398628,-3803.1706297007468,9364.258486636543,3963.467018505681,5400.791468130862,0.08019473222736845
40710,0.12108832639569049,-3804.5242774503167,9400.234545426882,4004.872002174904,5395.3625432519775,0.0800629377900125
40715,0.1211031984573947,-3803.4830358402387,9433.805277638503,4050.273762317694,5383.5315153208085,0.07992537796058587
40720,0.12111807051909891,-3800.761674864081,9464.749837181105,4099.71016549317,5365.039671687935,0.07978223713559385
40725,0.12113294258080312,-3796.835666012994,9492.987124485311,4153.088703612233,5339.898420873078,0.07963370285192665
40730,0.12114781464250735,-3791.9240185271865,9518.57711306612,4210.1821883401635,5308.394924725956,0.07947994853756299
40735,0.12116268670421156,-3785.9927970717263,9541.714241228776,4270.632362716346,5271.08187851243,0.07932111628967967
40740,0.12117755876591577,-3778.7792757202305,9562.713139385396,4333.962323876912,5228.750815508484,0.07915730188930313
40745,0.12119243082761998,-3769.835566752163,9581.987587930042,4399.597709909655,5182.389878020386,0.07898854427423876
40750,0.12120730288932419,-3758.5893126999217,9600.024215514708,4466.895544917174,5133.1286705975335,0.07881482141935507
40755,0.1212221749510284,-3744.417732002741,9617.352964927974,4535.17862877463,5082.174336153344,0.07863605399432462
40760,0.12123704701273261,-3726.730074872843,9634.516680768376,4603.772576511295,5030.744104257082,0.07845211729915819
40765,0.12125191907443682,-3705.052493848255,9652.042236808402,4672.042201344908,4980.000035463494,0.07826286088890548
40770,0.12126679113614103,-3679.108577169427,9670.415390617063,4739.423978833447,4930.991411783616,0.07806813412960575
40775,0.12128166319784524,-3648.888448551984,9690.061051992938,4805.451830638526,4884.609221354412,0.0778678148733422
40780,0.12129653525954945,-3614.6995275012787,9711.329953747596,4869.774342607586,4841.55561114001,0.07766183771532945
40785,0.12131140732125367,-3577.1928882236016,9734.491925671564,4932.162629316171,4802.329296355393,0.07745021807752318
40790,0.12132627938295788,-3537.3607321662803,9759.735211977013,4992.509183117484,4767.226028859529,0.07723306873773456
40795,0.1213411514446621,-3496.502788619793,9787.170643205112,5050.819013710097,4736.351629495015,0.0770106063556638
40800,0.1213560235063663,-3456.1623369241997,9816.839051352641,5107.195056546517,4709.643994806124,0.0767831468839342
40805,0.12137089556807051,-3418.035716724714,9848.720143538781,5161.820141628753,4686.900001910029,0.07655109025587549
40810,0.12138576762977472,-3383.8622651772375,9882.741133414438,5214.937778783802,4667.803354630636,0.07631489614734038
40815,0.12140063969147893,-3355.3041637814285,9918.783750060376,5266.8336955695095,4651.950054490867,0.0760750536848575
40820,0.12141551175318314,-3333.8273108199273,9956.688754859937,5317.81954956232,4638.869205297617,0.07583204856584397
40825,0.12143038381488735,-3320.594786487083,9996.257728400786,5368.21962203819,4628.0381063625955,0.07558633112262862
40830,0.12144525587659157,-3316.383619165352,10037.252553421302,5418.360672022229,4618.891881399073,0.07533828845562933
40835,0.12146012793829578,-3321.5334301232324,10079.393616881707,5468.564565868661,4610.829051013046,0.07508822300876733
40840,0.121475,-3335.9323475780375,10122.358187028143,5519.142864433852,4603.215322594291,0.07483633902095682
40845,0.12148987206170421,-3359.0417370862906,10165.780611158858,5570.392298599554,4595.388312559304,0.07458273731467412
40850,0.12150474412340842,-3389.957321131951,10209.255883180813,5622.590022788837,4586.665860391976,0.07433140447761655
40855,0.12151961618511263,-3427.500701812475,10252.347751037001,5675.987704722249,4576.360046314752,0.07407814506535508
40860,0.12153448824681684,-3470.3325725303903,10294.601927441672,5730.803857575874,4563.798069865798,0.07382236546993527
40865,0.12154936030852105,-3517.0771888384397,10335.564230091975,5787.214293003353,4548.349937088622,0.07367988750823273
40870,0.12156423237022526,-3566.446909959259,10374.802729526995,5845.341100307383,4529.4616292196115,0.07368567047488388
40875,0.12157910443192947,-3617.3556441420487,10411.932341616843,5905.241062845696,4506.691278771146,0.07369505847068106
40880,0.12159397649363368,-3669.010697361344,10446.639858248676,5966.8948336080575,4479.745024640619,0.07370781672222626
40885,0.12160884855533789,-3720.9738580465864,10478.707213619802,6030.198440302597,4448.508773317205,0.07372364528575298
40890,0.1216237206170421,-3773.184719604891,10508.03083878555,6094.95872117549,4413.07211761006,0.07374218547244497
40895,0.12163859267874633,-3825.942425800785,10534.635231528278,6160.894072489329,4373.741159038949,0.07378232530445436
40900,0.12165346474045054,-3879.8462114399335,10558.67930848333,6227.641416219539,4331.037892263791,0.07383041454869263
40905,0.12166833680215475,-3935.6999563059862,10580.45465307407,6294.769613549145,4285.685039524925,0.07388010285584999
40910,0.12168320886385896,-3994.3907786864356,10600.375373695695,6361.798742468129,4238.576631227566,0.07393077037148353
40915,0.12169808092556317,-4056.755570245142,10618.959899940704,6428.223849217886,4190.736050722819,0.07398184003696678
40920,0.12171295298726738,-4123.451473511012,10636.805636457251,6493.5411135421955,4143.264522915056,0.07403277799776087
40925,0.12172782504897159,-4194.846096585425,10654.557932694403,6557.273966875719,4097.283965818683,0.07408309162447031
40930,0.1217426971106758,-4270.940694857908,10672.875278466912,6618.996661424242,4053.87861704267,0.0741323266779058
40935,0.12175756917238001,-4351.335064803577,10692.39296358551,6678.353133537996,4014.0398300475135,0.07418006496765288
40940,0.12177244123408422,-4435.237293443212,10713.687610015735,6735.069686858193,3978.6179231575425,0.07423366329225109
40945,0.12178731329578843,-4521.515743030813,10737.244971015365,6788.9609163039,3948.2840547114647,0.07429082235530375
40950,0.12180218535749265,-4608.7856110875955,10763.43318287823,6839.929229992576,3923.503952885654,0.07434679307491247
40955,0.12181705741919686,-4695.5187432873145,10792.48326036035,6887.959119320932,3904.5241410394183,0.07440125507771628
40960,0.12183192948090107,-4780.163429919219,10824.47807525738,6933.107830937756,3891.3702443196244,0.07445394991515764
40965,0.12184680154260528,-4861.260719897667,10859.350394276413,6975.494237435606,3883.8561568408068,0.07450467769574051
40970,0.1218616736043095,-4937.545139070539,10896.889834732086,7015.287508212575,3881.6023265195117,0.07455328961822141
40975,0.1218765456660137,-5008.02025855493,10936.757891023899,7052.6967498109025,3884.0611412129965,0.07459967663128199
40980,0.12189141772771792,-5072.002916176092,10978.509563446274,7087.962258929991,3890.5473045162835,0.07464375505031472
40985,0.12190628978942213,-5129.1336282334905,11021.619656476765,7121.348545907981,3900.271110568784,0.07470222183605885
40990,0.12192116185112634,-5179.354433803778,11065.511569481372,7153.138928550701,3912.372640930671,0.07476158163735136
40995,0.12193603391283055,-5222.858722714728,11109.586417494853,7183.631288402946,3925.955129091907,0.07481956792228643
41000,0.12195090597453476,-5260.020208224306,11153.250591808448,7213.134492938371,3940.1160988700767,0.07487602928081522
41005,0.12196577803623898,-5291.309901263109,11195.940349819488,7241.964962562806,3953.9753872566816,0.07493771182443677
41010,0.12198065009794319,-5317.210611165046,11237.142617080284,7270.442854910901,3966.6997621693836,0.07501625770438787
41015,0.1219955221596474,-5338.138129267851,11276.411772744925,7298.8873370152305,3977.5244357296942,0.07509274682645921
41020,0.12201039422135161,-5354.376938871607,11313.382655969055,7327.610441951264,3985.772214017791,0.07516678597138422
41025,0.12202526628305582,-5366.036226686332,11347.780290200784,7356.909106604064,3990.8711835967206,0.0752379802135792
41030,0.12204013834476003,-5373.029420983339,11379.426842812994,7387.0552037997795,3992.371639013215,0.0753059515477848
41035,0.12205501040646424,-5375.077782492619,11408.246148120023,7418.283726844965,3989.9624212750577,0.07539150887263905
41040,0.12206988246816845,-5371.7360681526225,11434.265804109607,7450.7797206416335,3983.486083467974,0.0754758239498587
41045,0.12208475452987266,-5362.436268086113,11457.616518934356,7484.664996637869,3972.9515222964865,0.07555684388620441
41050,0.12209962659157687,-5346.544073205437,11478.528144103482,7519.986007185555,3958.5421369179276,0.07563423228201009
41055,0.12211449865328108,-5323.422128711266,11497.32177018059,7556.704384444208,3940.617385736382,0.07570770171445591
41060,0.12212937071498531,-5292.494211450465,11514.397412026778,7594.6915104131995,3919.705901613578,0.07577700858711313
41065,0.12214424277668952,-5253.305093445684,11530.217155213324,7633.728088814297,3896.4890663990273,0.07585554583082352
41070,0.12215911483839373,-5205.571831193993,11545.28411048911,7673.509119939543,3871.7749905495675,0.07593945368721204
41075,0.12217398690009794,-5149.223358255354,11560.11804202025,7713.654070054617,3846.4639719656343,0.0760189502186488
41080,0.12218885896180215,-5084.426398554483,11575.229007310385,7753.721519695041,3821.507487615344,0.07609378944273786
41085,0.12220373102350636,-5011.596762777794,11591.09069602834,7793.227275092394,3797.863420935945,0.07616375204805674
41090,0.12221860308521057,-4931.396012757842,11608.115328586442,7831.664866651776,3776.4504619346662,0.07622864990024904
41095,0.12223347514691478,-4844.714305311778,11626.631946996396,7868.527489284226,3758.10445771217,0.07628833356783626
41100,0.12224834720861899,-4752.640995593305,11646.869700259831,7903.330650841557,3743.539049418274,0.07636263840973782
41105,0.1222632192703232,-4656.425294674115,11668.947319285518,7935.634957148339,3733.3123621371797,0.07643394974779806
41110,0.12227809133202741,-4557.4298804938035,11692.869439574883,7965.068475895378,3727.800963679505,0.07649996676681664
41115,0.12229296339373164,-4457.080751747544,11718.529828700212,7991.347955885245,3727.1818728149665,0.07656073110169796
41120,0.12230783545543585,-4356.816688028628,11745.720984038458,8014.297881732472,3731.4231023059865,0.0766163620383598
41125,0.12232270751714006,-4258.0413941402085,11774.149056384143,8033.866027698158,3740.2830286859853,0.07666705279714846
41130,0.12233757957884427,-4162.080815462795,11803.452685662758,8050.133971365573,3753.3187142971847,0.0767130622723424
41135,0.12235245164054848,-4070.147356915878,11833.224142467123,8063.321050455659,3769.9030920114637,0.07676882211557146
41140,0.12236732370225269,-3983.312005443904,11863.03116247374,8073.780551597543,3789.2506108761972,0.07682710311432636
41145,0.1223821957639569,-3902.4848086373604,11892.438020945487,8081.987496288605,3810.4505246568815,0.07688156435828875
41150,0.12239706782566111,-3828.403884160897,11921.024678909303,8088.518161174537,3832.506517734766,0.07693256633021109
41155,0.12241193988736532,-3761.6330959014394,11948.403183967072,8094.022318518757,3854.3808654483146,0.07698047392596936
41160,0.12242681194906953,-3702.568583469785,11974.230867672035,8099.189973910848,3875.0408937611874,0.07702564271380843
41165,0.12244168401077374,-3651.454240828337,11998.220198299061,8104.714988362442,3893.5052099366185,0.07706840757682737
41170,0.12245655607247796,-3608.405778613447,12020.145391907612,8111.258309603382,3908.88708230423,0.07710907420889501
41175,0.12247142813418217,-3573.4420587032773,12039.846046402521,8119.413556072417,3920.432490330104,0.07716266620847302
41180,0.12248630019588638,-3546.521056325636,12057.228150994326,8129.6773991441805,3927.5507518501454,0.07721809761111935
41185,0.1225011722575906,-3527.5764117119415,12072.262854877397,8142.426623318327,3929.8362315590703,0.07727189599391437
41190,0.1225160443192948,-3516.5495507425985,12084.983372955556,8157.902998194988,3927.080374760568,0.0773242514324272
41195,0.12253091638099901,-3513.4122218239145,12095.480377523247,8176.206285499468,3919.2740920237784,0.07737533100707232
41200,0.12254578844270322,-3518.1752461177593,12103.89618172803,8197.294955962288,3906.601225765742,0.07742528382720011
41205,0.12256066050440743,-3530.881230541787,12110.417968968215,8220.99361983696,3889.4243491312554,0.07747424658238299
41210,0.12257553256611164,-3551.5815777891003,12115.27026801039,8247.005859187102,3868.2644088232882,0.07752234850367559
41215,0.12259040462781585,-3580.3008061246574,12118.70682465088,8274.931108233759,3843.7757164171217,0.07756971457877225
41220,0.12260527668952007,-3616.9934190002723,12121.001986855754,8304.28441114177,3816.717575713983,0.0776314101912546
41225,0.12262014875122429,-3661.499926086026,12122.441709621025,8334.518191576572,3787.923518044454,0.07769361415066896
41230,0.1226350208129285,-3713.508906008108,12123.314301742077,8365.045469925437,3758.26883181664,0.07775536105484558
41235,0.12264989287463271,-3772.531224367699,12123.90107572996,8395.264153752072,3728.636921977888,0.07781677650896333
41240,0.12266476493633692,-3837.8908593658125,12124.467113604347,8424.582044498637,3699.8850691057105,0.07787795663649835
41245,0.12267963699804113,-3908.7345276577507,12125.252409704972,8452.442048636485,3672.8103610684866,0.07793895677082717
41250,0.12269450905974534,-3984.0597676456255,12126.463680479566,8478.346806822748,3648.116873656818,0.07799978108483305
41255,0.12270938112144955,-4062.7586406330383,12128.267129041238,8501.881644009929,3626.385485031309,0.07806037483744653
41260,0.12272425318315376,-4143.672045296261,12130.782418014745,8522.734488611386,3608.0479294033594,0.07812062073550409
41265,0.12273912524485797,-4225.64808766893,12134.078048910034,8540.711290292584,3593.3667586174506,0.07818282474254698
41270,0.12275399730656218,-4307.597270083889,12138.168290026626,8555.745540613387,3582.422749413239,0.07825756177351788
41275,0.12276886936826639,-4388.537661641743,12143.011757526938,8567.900793363538,3575.1109641633993,0.0783316140306252
41280,0.12278374142997062,-4467.624749566363,12148.51174534268,8577.365578913295,3571.146166429384,0.07840474337119528
41285,0.12279861349167483,-4544.163179223356,12154.51841153227,8584.440756305366,3570.0776552269035,0.07847669797814025
41290,0.12281348555337904,-4617.600649658057,12160.832938618154,8589.520060674142,3571.312877944012,0.07854722879036805
41295,0.12282835761508325,-4687.507231118781,12167.213763729313,8593.065275229683,3574.14848849963,0.07861610356855528
41300,0.12284322967678746,-4753.545661415544,12173.384898090137,8595.57798376806,3577.8069143220764,0.07868311656740806
41305,0.12285810173849167,-4815.439252122897,12179.046219259066,8597.57016629456,3581.4760529645064,0.07874809244599479
41310,0.12287297380019588,-4872.943675855875,12183.885440537,8599.535954583875,3584.3494859531256,0.07881088396737762
41315,0.12288784586190009,-4925.82724607182,12187.591275407247,8601.926677741294,3585.664597665953,0.07889001392059876
41320,0.1229027179236043,-4973.861788445466,12189.867163160496,8605.130942745962,3584.736220414534,0.07896772481524658
41325,0.12291758998530851,-5016.823477642634,12190.444840369115,8609.460966831446,3580.983873537669,0.07904355503239717
41330,0.12293246204701272,-5054.500741925594,12189.097047777524,8615.145760118063,3573.9512876594617,0.07911736701822333
41335,0.12294733410871694,-5086.7050444798415,12185.648744836793,8622.331093465693,3563.3176513711005,0.07918898280084312
41340,0.12296220617042115,-5113.280287951794,12179.986334198427,8631.085521950703,3548.9008122477244,0.07925817659372261
41345,0.12297707823212536,-5134.107683776259,12172.064535270101,8641.411122478517,3530.653412791584,0.07932467309495247
41350,0.12299195029382957,-5149.104808903541,12161.910653182676,8653.257115520431,3508.653537662245,0.0793940266265548
41355,0.12300682235553378,-5158.219678257078,12149.626049186532,8666.534258578671,3483.091790607861,0.07947727042477715
41360,0.123021694417238,-5161.42239581147,12135.384636888411,8681.1278978912,3454.256738997212,0.07955739021191707
41365,0.1230365664789422,-5158.697843217715,12119.428233899198,8696.90788504028,3422.5203488589177,0.07963395077911968
41370,0.12305143854064642,-5150.042711029115,12102.058629220663,8713.734185630068,3388.3244435905945,0.07970651462580572
41375,0.12306631060235063,-5135.4690730922775,12083.626318220964,8731.457837146438,3352.1684810745264,0.07977465762584905
41380,0.12308118266405484,-5115.015020935525,12064.516028258859,8749.917803947885,3314.598224310974,0.07983798188332464
41385,0.12309605472575905,-5088.761130894889,12045.1294043014,8768.93505665645,3276.1943476449505,0.0799083768189628
41390,0.12311092678746327,-5056.850222319965,12025.865517702186,8788.305718350064,3237.5597993521224,0.07998720359229415
41395,0.12312579884916748,-5019.507278786501,12007.100158496773,8807.795278056572,3199.3048804402006,0.08006063521607235
41400,0.12314067091087169,-4977.056568018383,11989.165122329232,8827.135662636703,3162.0294596925287,0.08012835300725311
41405,0.1231555429725759,-4929.933689976931,11972.328862365594,8846.026451875106,3126.302410490487,0.08019006702753505
41410,0.12317041503428011,-4878.691174975648,11956.779912492126,8864.140845496759,3092.639066995367,0.08024550978176316
41415,0.12318528709598432,-4823.997067684053,11942.614386444731,8881.136289703767,3061.4780967409642,0.08029814157537941
41420,0.12320015915768853,-4766.626550550089,11929.8286217679,8896.669067257191,3033.1595545107084,0.08036899525479625
41425,0.12321503121939274,-4707.447124367329,11918.31768742057,8910.411722204277,3007.9059652162923,0.08043320126692804
41430,0.12322990328109695,-4647.398283822459,11907.880042573179,8922.07194399724,2985.808098575939,0.08049046427134585
41435,0.12324477534280116,-4587.4670623019865,11898.228165186787,8931.411447714067,2966.8167174727205,0.08054049211708346
41440,0.12325964740450537,-4528.6612237497275,11889.004511414974,8938.263409651137,2950.741101763837,0.08058300019609861
41445,0.1232745194662096,-4471.982114850686,11879.80176883156,8942.547109108355,2937.254659723205,0.08062288332560816
41450,0.12328939152791381,-4418.399125848891,11870.186067013085,8944.278567662499,2925.9074993505856,0.08068182989060065
41455,0.12330426358961802,-4368.827298326009,11859.721631104188,8943.576169339656,2916.1454617645322,0.08073277154660732
41460,0.12331913565132223,-4324.108943963664,11847.995311713823,8940.660503606761,2907.3348081070617,0.08077539939197018
41465,0.12333400771302644,-4284.999382228159,11834.639485683754,8935.848010759124,2898.79147492463,0.08080944530115192
41470,0.12334887977473065,-4252.156289467714,11819.351975549454,8929.538425183233,2889.8135503662215,0.08083469133799283
41475,0.12336375183643486,-4226.131870572746,11801.911859013075,8922.19648747044,2879.715371542634,0.08087311478209222
41480,0.12337862389813907,-4207.367220247434,11782.190316485767,8914.328895843404,2867.8614206423626,0.08091658702141384
41485,0.12339349595984328,-4196.1888025227845,11760.155983119374,8906.457941127777,2853.6980419915963,0.08095087330288815
41490,0.12340836802154749,-4192.8077595983095,11735.87462138787,8899.093657677104,2836.7809637107657,0.08097583277955644
41495,0.1234232400832517,-4197.323453149079,11709.503295586943,8892.706560425406,2816.796735161537,0.08099139263343823
41500,0.12343811214495592,-4209.732892664401,11681.279586554281,8887.703066113634,2793.576520440647,0.08101293976194061
41505,0.12345298420666014,-4229.947255406096,11651.506701327771,8884.405475905114,2767.101225422657,0.0810498299162841
41510,0.12346785626836435,-4257.815504712682,11620.53557483441,8883.037926753354,2737.4976480810565,0.08107706917828247
41515,0.12348272833006856,-4293.153393640459,11588.745202431386,8883.719051170248,2705.026151261138,0.08109459398718415
41520,0.12349760039177277,-4335.77435301626,11556.522471379105,8886.461322242809,2670.061149136296,0.08110238302507776
41525,0.12351247245347698,-4385.517448994074,11524.242682355303,8891.176340094755,2633.0663422605485,0.08111630339175664
41530,0.12352734451518119,-4442.267205592006,11492.251791176423,8897.684775467866,2594.567015708557,0.08114856269900207
41535,0.1235422165768854,-4505.960828707896,11460.851187569682,8905.72942536712,2555.1217622025615,0.08117040798672678
41540,0.12355708863858961,-4576.580136921868,11430.285594512947,8914.98988496111,2515.295709551836,0.08118166977016002
41545,0.12357196070029382,-4654.127928288135,11400.734444150037,8925.097650992959,2475.6367931570785,0.0811822175686613
41550,0.12358683276199803,-4738.591072831293,11372.306879848382,8935.650934637542,2436.6559452108395,0.08119458898297573
41555,0.12360170482370225,-4829.894810742816,11345.04035360758,8946.228939521381,2398.811414086198,0.08122099033588358
41560,0.12361657688540646,-4927.854192056184,11318.902632297983,8956.405730131646,2362.4969021663364,0.08123533837562476
41565,0.12363144894711067,-5032.129153296984,11293.796892311088,8965.763996658532,2328.0328956525555,0.08123747417831613
41570,0.12364632100881488,-5142.189409407485,11269.569469959166,8973.908989064,2295.660480895165,0.08122735997022659
41575,0.1236611930705191,-5257.294269233036,11246.019748009017,8980.48267216687,2265.537075842147,0.08124049500595137
41580,0.1236760651322233,-5376.490814753033,11222.91160231437,8985.17780948606,2237.7337928283105,0.08125706222758312
41585,0.12369093719392751,-5498.631778611803,11199.985810157616,8987.751303596227,2212.234506561388,0.08126021658905282
41590,0.12370580925563172,-5622.412111188838,11176.972832491889,8988.035798174866,2188.937034317023,0.08125012529299
41595,0.12372068131733593,-5746.42093572476,11153.605419674004,8985.948365803742,2167.6570538702617,0.08122710179983798
41600,0.12373555337904014,-5869.203724616089,11129.630545589578,8981.495125193249,2148.135420396329,0.0812459976085593
41605,0.12375042544074435,-5989.328470852186,11104.820240145946,8974.770873110463,2130.0493670354826,0.08125230517780477
41610,0.12376529750244858,-6105.449609216397,11078.980960404591,8965.953255718749,2113.0277046858428,0.08124486380615739
41615,0.12378016956415279,-6216.3644252047425,11051.961216210691,8955.291574086212,2096.6696421244797,0.08126092477529645
41620,0.123795041625857,-6321.058344122102,11023.657249873448,8943.090922883945,2080.566326989503,0.08126552212747003
41625,0.12380991368756121,-6418.737302646547,10994.016663348079,8929.692896856077,2064.3237664920016,0.08125723994469605
41630,0.12382478574926542,-6508.84686326009,10963.039988006294,8915.454481364739,2047.5855066415552,0.08127264437893418
41635,0.12383965781096963,-6591.078527200621,10930.780292248148,8900.726922104066,2030.0533701440818,0.08129278190042782
41640,0.12385452987267384,-6665.363814806737,10897.34100570982,8885.836337539171,2011.50466817065,0.08129907311924921
41645,0.12386940193437805,-6731.856364319927,10862.87218916193,8871.067622764867,1991.8045663970624,0.08129164332968762
41650,0.12388427399608226,-6790.901954198138,10827.56548500556,8856.652840752356,1970.9126442532033,0.08127600192119047
41655,0.12389914605778647,-6842.996381018385,10791.647945415292,8842.764853764495,1948.8830916507977,0.08129941759679934
41660,0.12391401811949068,-6888.731787448139,10755.374869914442,8829.51645323232,1925.858416682122,0.08130797542869533
41665,0.1239288901811949,-6928.733376430984,10719.02172100197,8816.964731043332,1902.0569899586371,0.0813019272816703
41670,0.12394376224289912,-6963.590279961378,10682.875159574867,8805.119927795,1877.7552317798672,0.0812816819166465
41675,0.12395863430460333,-6993.786299051516,10647.223278054873,8793.957530344698,1853.2657477101748,0.08128188684021832
41680,0.12397350636630754,-7019.637821306242,10612.345216110116,8783.43202004158,1828.9131960685354,0.0812930698499674
41685,0.12398837842801175,-7041.246984102983,10578.500504185693,8773.490450077878,1805.0100541078154,0.08128899839035476
41690,0.12400325048971596,-7058.477722855317,10545.91865337031,8764.084006726696,1781.8346466436142,0.08127026853151989
41695,0.12401812255142017,-7070.960558171275,10514.78964334774,8755.175916263395,1759.6137270843446,0.08123794575650013
41700,0.12403299461312438,-7078.128919085671,10485.256003805733,8746.744496534751,1738.5115072709814,0.08125253413149683
41705,0.12404786667482859,-7079.285827193084,10457.407108744334,8738.780781986357,1718.6263267579761,0.08125144326563122
41710,0.1240627387365328,-7073.6954629204165,10431.276108544458,8731.280902254764,1699.9952062896937,0.08123537877582046
41715,0.12407761079823701,-7060.690214248364,10406.839644997004,8724.234171340557,1682.6054736564474,0.08120516359903868
41720,0.12409248285994123,-7039.780965533082,10384.02018789196,8717.608538715542,1666.411649176418,0.08118277797335716
41725,0.12410735492164544,-7010.757140839205,10362.690564934224,8711.335559453142,1651.3550054810821,0.08118566100373359
41730,0.12412222698334965,-6973.763605176821,10342.680086732677,8705.297269935485,1637.3828167971915,0.08117316389267666
41735,0.12413709904505386,-6929.343862991553,10323.781627605087,8699.317255767102,1624.4643718379848,0.08114613656868858
41740,0.12415197110675807,-6878.442731244637,10305.7591112625,8693.15776447418,1612.6013467883204,0.08110552513591023
41745,0.12416684316846228,-6822.366305836238,10288.3550380816,8686.523996984568,1601.8310410970316,0.0810862499347737
41750,0.1241817152301665,-6762.702029491982,10271.297926790456,8679.075808909058,1592.222117881398,0.0810779819454743
41755,0.1241965872918707,-6701.206444694504,10254.309769155612,8670.446099834275,1583.8636693213375,0.0810547524756258
41760,0.12421145935357492,-6639.672224623402,10237.113757742643,8660.264310743087,1576.8494469995567,0.08101758470770501
41765,0.12422633141527913,-6579.788800019687,10219.442604923419,8648.182812740615,1571.2597921828037,0.08096759410828744
41770,0.12424120347698334,-6523.011923941051,10201.0477081028,8633.903638159882,1567.1440699429186,0.08094628312396672
41775,0.12425607553868756,-6470.456626730705,10181.709237182102,8617.203004735224,1564.5062324468781,0.08092820224950482
41780,0.12427094760039177,-6422.825286149701,10161.246953944186,8597.951384926284,1563.2955690179024,0.08089598252179095
41785,0.12428581966209598,-6380.3783516814565,10139.531265842657,8576.127402529728,1563.4038633129294,0.08085084665196696
41790,0.12430069172380019,-6342.950226545789,10116.493725735863,8551.82450285379,1564.6692228820739,0.0807940874177772
41795,0.1243155637855044,-6310.007635197942,10092.135971758235,8525.250047705493,1566.8859240527418,0.08076868452303025
41800,0.12433043584720861,-6280.743165445361,10066.53600484703,8496.717155830522,1569.8188490165085,0.08074389855320038
41805,0.12434530790891282,-6254.193118658473,10039.850753864735,8466.63018977865,1573.2205640860848,0.08070626749474698
41810,0.12436017997061703,-6229.366686890178,10012.314084801319,8435.465247099377,1576.848837701942,0.08065719038660253
41815,0.12437505203232124,-6205.37294368885,9984.229752917203,8403.747323825462,1580.4824290917404,0.08059809908768836
41820,0.12438992409402545,-6181.533106299089,9955.959236594816,8372.025961545562,1583.933275049254,0.08056850378688278
41825,0.12440479615572966,-6157.467723581254,9927.904877074772,8340.85114882926,1587.0537282455116,0.08054172313957844
41830,0.12441966821743389,-6133.151450552544,9900.48922095965,8310.751015842407,1589.7382051172426,0.08050366232766319
41835,0.1244345402791381,-6108.931425356917,9874.131866215139,8282.212452761749,1591.91941345339,0.08045575555445734
41840,0.12444941234084231,-6085.508558879146,9849.225400632808,8255.665248466019,1593.5601521667886,0.08039939583328135
41845,0.12446428440254652,-6063.884002019529,9826.112162212812,8231.469775661435,1594.642386551377,0.08036488508251677
41850,0.12447915646425073,-6045.27554878256,9805.063528679897,8209.907759991978,1595.1557686879187,0.08033997505472379
41855,0.12449402852595494,-6031.0107716504335,9786.263260608048,8191.175381757076,1595.0878788509717,0.0803047279377383
41860,0.12450890058765915,-6022.405333396647,9769.796097666867,8175.377950061853,1594.4181476050144,0.08026039708332854
41865,0.12452377264936336,-6020.63620968832,9755.64237332564,8162.525670103168,1593.116703222472,0.08020814892369911
41870,0.12453864471106757,-6026.620422104138,9743.678915530834,8152.530520494755,1591.148395036079,0.08016200222053003
41875,0.12455351677277178,-6040.910135252479,9733.685994224967,8145.204825898786,1588.4811683261805,0.08013761299084193
41880,0.124568388834476,-6063.614361239901,9725.359618713193,8140.262579178409,1585.097039534784,0.0801027771702717
41885,0.12458326089618021,-6094.355826544777,9718.328130847944,8137.324786821987,1581.0033440259567,0.08005865036339489
41890,0.12459813295788442,-6132.268737558414,9712.171821007729,8135.9299945313,1576.2418264764292,0.08000632309140376
41895,0.12461300501958864,-6176.039412341906,9706.444228104892,8135.550692766246,1570.893535338646,0.07994679975841418
41900,0.12462787708129285,-6223.987432041208,9700.693862000448,8135.615579434929,1565.0782825655187,0.07990758178852674
41905,0.12464274914299706,-6274.18064515687,9694.485272640643,8135.536799258888,1558.9484733817544,0.07986831897985244
41910,0.12465762120470127,-6324.573587244899,9687.41863370075,8134.74044170319,1552.6781919975601,0.07982607359048065
41915,0.12467249326640548,-6373.156136691467,9679.147252169425,8132.697910744783,1546.4493414246417,0.0797757247274672
41920,0.12468736532810969,-6418.0978736064535,9669.392608594824,8128.955398967574,1540.43720962725,0.07971765038128802
41925,0.1247022373898139,-6457.873872166258,9657.956644095555,8123.158678080884,1534.7979660146711,0.07965851110756271
41930,0.12471710945151811,-6491.359614248258,9644.73103500429,8115.070776490353,1529.6602585139372,0.07961968976464852
41935,0.12473198151322233,-6517.886240981055,9629.70315712627,8104.580815259413,1525.1223418668578,0.07957237272812616
41940,0.12474685357492654,-6537.252079900122,9612.958383098892,8091.7032295819845,1521.2551535169077,0.0795178362738178
41945,0.12476172563663075,-6549.691656810532,9594.678330403869,8076.567686749388,1518.1106436544815,0.07945724670545673
41950,0.12477659769833496,-6555.8084016194525,9575.134730212036,8059.4010735899465,1515.7336566220893,0.07939164036823672
41955,0.12479146976003917,-6556.4811602161035,9554.678745697758,8040.503815505358,1514.1749301924,0.07933176327736897
41960,0.12480634182174338,-6552.7568081057825,9533.72583482806,8020.223377753064,1513.5024570749956,0.07928614702249076
41965,0.1248212138834476,-6545.741470912785,9512.736603697296,7998.928004280236,1513.8085994170606,0.07923572242377826
41970,0.1248360859451518,-6536.50125567202,9492.194488839612,7976.983544992409,1515.2109438472025,0.07918156222399023
41975,0.12485095800685601,-6525.980494641115,9472.581485146184,7954.735644316894,1517.84584082929,0.0791245482824664
41980,0.12486583006856022,-6514.9419957439595,9454.353441100115,7932.498700736805,1521.8547403633092,0.07906536542885298
41985,0.12488070213026443,-6503.930377252944,9437.916621282175,7910.551985039939,1527.364636242236,0.07902166219682527
41990,0.12489557419196866,-6493.25678943686,9423.607246877187,7889.142269857487,1534.4649770197002,0.07898562266656932
41995,0.12491044625367287,-6483.001515924849,9411.675548070427,7868.491419631906,1543.184128438521,0.07904710765180391
42000,0.12492531831537708,-6473.030186091827,9402.275503806462,7848.806743611875,1553.468760194587,0.0791201603628559
42005,0.12494019037708129,-6463.0194944265195,9395.460939134844,7830.291612337472,1565.1693267973724,0.07919146596021275
42010,0.1249550624387855,-6452.48914187339,9391.18805933504,7813.153915662205,1578.034143672835,0.0792608842716964
42015,0.12496993450048971,-6440.837830931971,9389.323902586362,7797.610372707939,1591.7135298784233,0.07933767498867067
42020,0.12498480656219392,-6427.382189200663,9389.659673307488,7783.885408436569,1605.7742648709182,0.07943653257920508
42025,0.12499967862389813,-6411.398148036994,9391.927549324222,7772.2041619354195,1619.7233873888026,0.07953218828273127
42030,0.12501455068560235,-6392.164371450895,9395.81938355839,7762.780045527867,1633.0393380305231,0.07963568874272671
42035,0.12502942274730655,-6369.0067936108135,9401.005753661688,7755.798003114602,1645.207750547086,0.07973545455682361
42040,0.12504429480901078,-6341.342344181498,9407.154020734126,7751.395133663411,1655.758887070715,0.07983034741347408
42045,0.12505916687071497,-6308.7188266920375,9413.944380755562,7749.640618864619,1664.303761890943,0.07991994960593586
42050,0.1250740389324192,-6270.847035714898,9421.083255722224,7750.516941543046,1670.5663141791774,0.08000387866798447
42055,0.1250889109941234,-6227.6208831094045,9428.313707912477,7753.904255036868,1674.4094528756095,0.08008180224605264
42060,0.12510378305582762,-6179.1217558492135,9435.422824453512,7759.569523371,1675.8533010825113,0.08015344988615397
42065,0.1251186551175318,-6125.604587855103,9442.246194309528,7767.161744013492,1675.0844502960354,0.08021862166926487
42070,0.12513352717923604,-6067.4650810377025,9448.669696844154,7776.214211458686,1672.455485385468,0.08030050131281331
42075,0.12514839924094026,-6005.189919473369,9454.628867568634,7786.154381028085,1668.4744865405492,0.08040246047209283
42080,0.12516327130264446,-5939.294359671132,9460.106133180005,7796.321439261593,1663.784693918412,0.08049931040899984
42085,0.12517814336434868,-5870.253859762923,9465.126237264885,7805.991179047893,1659.1350582169925,0.08058946305517387
42090,0.12519301542605288,-5798.438016747288,9469.750219480251,7814.407234229478,1655.3429852507734,0.08067301428901343
42095,0.1252078874877571,-5724.0556473326415,9474.0683608829,7820.817194921376,1653.2511659615247,0.08075011431251451
42100,0.1252227595494613,-5647.119154489275,9478.192553938796,7824.511663678743,1653.6808902600524,0.08082096101012194
42105,0.12523763161116552,-5567.434379410836,9482.248582117652,7824.863986995106,1657.3845951225467,0.08088579187884751
42110,0.12525250367286972,-5484.619207652919,9486.368787885745,7821.368250648045,1665.0005372377,0.08094487437847474
42115,0.12526737573457394,-5398.150726584283,9490.685561976952,7813.67317299387,1677.012388983082,0.08099981278304624
42120,0.12528224779627814,-5307.4372361557,9495.32600125127,7801.609745676341,1693.7162555749283,0.08109775528246418
42125,0.12529711985798236,-5211.9083664040445,9500.407964339125,7785.210812193215,1715.19715214591,0.0811977253934453
42130,0.1253119919196866,-5111.11430245455,9506.037616339869,7764.7211939621575,1741.3164223777112,0.08129237598018783
42135,0.12532686398139078,-5004.823870174913,9512.30841125434,7740.597436892741,1771.7109743615993,0.08138180117138105
42140,0.125341736043095,-4893.1110737558465,9519.301328059233,7713.496745034209,1805.804583025024,0.0814660653715442
42145,0.1253566081047992,-4776.420575139911,9527.086063700448,7684.255192224997,1842.8308714754512,0.0815451941416925
42150,0.12537148016650343,-4655.604447082566,9535.722798642313,7653.85585859931,1881.8669400430035,0.08161916648992885
42155,0.12538635222820763,-4531.925123993004,9545.264088334932,7623.388113520643,1921.8759748142893,0.08169467112547811
42160,0.12540122428991185,-4407.022563883096,9555.756397327681,7593.999826663646,1961.7565706640353,0.08176867153765524
42165,0.12541609635161605,-4282.846931807309,9567.240787104978,7566.844784883816,2000.3960022211622,0.08183655909209889
42170,0.12543096841332027,-4161.56132029616,9579.75230803659,7543.02797004446,2036.7243379921301,0.08194031488370215
42175,0.12544584047502447,-4045.421850139584,9593.317750548114,7523.551567199822,2069.7661833482925,0.08204317020444635
42180,0.1254607125367287,-3936.644695751574,9607.951598956217,7509.264597532054,2098.687001424163,0.08213924510325071
42185,0.12547558459843292,-3837.27095623357,9623.650306403144,7500.818901043231,2122.8314053599133,0.08222811924934673
42190,0.1254904566601371,-3749.040713136709,9640.385347806156,7498.6338432223865,2141.751504583769,0.08230933690685786
42195,0.12550532872184134,-3673.287016674081,9658.09585702473,7502.871614720239,2155.22424230449,0.0823866683937452
42200,0.12552020078354553,-3610.858935959891,9676.681941365467,7513.424373518744,2163.257567846723,0.08246199539144645
42205,0.12553507284524976,-3562.0802893989026,9695.999915559272,7529.913798831189,2166.0861167280837,0.08252789696825122
42210,0.12554994490695395,-3526.747429534327,9715.860653232372,7551.702950480358,2164.1577027520143,0.08258387478731707
42215,0.12556481696865818,-3504.1657923134508,9736.031999507379,7577.919725247885,2158.1122742594935,0.08263543000690549
42220,0.12557968903036237,-3493.2212347781974,9756.24575228465,7607.490728253006,2148.755024031645,0.08272242115874745
42225,0.1255945610920666,-3492.478925509957,9776.20917097104,7639.184057886174,2137.0251130848665,0.08279883584259312
42230,0.1256094331537708,-3500.300120142291,9795.62040307336,7671.65932120286,2123.9610818705005,0.08286423005066612
42235,0.12562430521547502,-3514.9658037571958,9814.186726229907,7703.523099374752,2110.6636268551556,0.082925673267497
42240,0.12563917727717924,-3534.795966449919,9831.644160886777,7733.387996852449,2098.2561640343283,0.08298102524303393
42245,0.12565404933888344,-3558.2540809011703,9847.776856049852,7759.933269170534,2087.8435868793176,0.08302456607671052
42250,0.12566892140058766,-3584.02798015053,9862.434685398306,7781.964804845666,2080.4698805526405,0.08305621733811823
42255,0.12568379346229186,-3611.0806257286004,9875.547676784863,7798.471961299779,2077.0757154850844,0.08307601207916585
42260,0.12569866552399608,-3638.667109489527,9887.136178966331,7808.678498892289,2078.4576800740424,0.0830840936564747
42265,0.12571353758570028,-3666.3175518824783,9897.315989378849,7812.084727133036,2085.231262245813,0.08312143616775056
42270,0.1257284096474045,-3693.789151322966,9906.29798602673,7808.498076632438,2097.7999093942917,0.08317172143041542
42275,0.1257432817091087,-3720.9941339057823,9914.382108450098,7798.049706373003,2116.332402077095,0.08321676572780812
42280,0.12575815377081292,-3747.9132312457054,9921.945820856483,7781.195455528673,2140.75036532781,0.08325164064010938
42285,0.12577302583251712,-3774.5060386894806,9929.427478210915,7758.700395229968,2170.7270829809468,0.08327660797315799
42290,0.12578789789422135,-3800.6297983851655,9937.305313112925,7731.6073216451305,2205.697991467795,0.08329196414808458
42295,0.12580276995592557,-3825.976730235702,9946.073064132708,7701.190628356186,2244.8824357765225,0.08330459036137605
42300,0.12581764201762977,-3850.0372463859208,9956.21355449025,7668.897980144433,2287.3155743458174,0.08331502623511926
42305,0.125832514079334,-3872.092729830871,9968.171769588222,7636.282986796245,2331.888782791977,0.0833163761560686
42310,0.1258473861410382,-3891.2376414729497,9982.32913370653,7604.93258721066,2377.396546495869,0.08330882085797793
42315,0.1258622582027424,-3906.427113226605,9998.980715476886,7576.393081770226,2422.58763370666,0.08331285980922756
42320,0.1258771302644466,-3916.543329972987,10018.316977432327,7552.098706755719,2466.218270676608,0.08334085664308843
42325,0.12589200232615083,-3920.4721830122103,10040.411425312455,7533.306362298477,2507.105063013978,0.08336094256677609
42330,0.12590687438785503,-3917.181025956112,10065.215126815106,7521.039631305217,2544.1754955098895,0.08338333524981076
42335,0.12592174644955925,-3905.7888833523702,10092.558593747426,7516.044611237291,2576.513982510135,0.08339668736969978
42340,0.12593661851126345,-3885.622029723663,10122.161003060712,7518.759372304532,2603.4016307561797,0.08340061751867972
42345,0.12595149057296767,-3856.2502170887874,10153.646220060513,7529.298098116299,2624.3481219442137,0.08339469694665287
42350,0.1259663626346719,-3817.501606157382,10186.564624120825,7547.450196575484,2639.1144275453407,0.08337846840408046
42355,0.1259812346963761,-3769.4571976721527,10220.419355761993,7572.693925227336,2647.725430534657,0.08335208362228631
42360,0.12599610675808032,-3712.427826114975,10254.695324275825,7604.223391710598,2650.471932565227,0.08332378693988221
42365,0.1260109788197845,-3646.9182451976467,10288.88914749208,7640.987202301474,2647.901945190606,0.08328376021288074
42370,0.12602585088148874,-3573.5833787355923,10322.538143180587,7681.736573469107,2640.8015697114806,0.08323166895050599
42375,0.12604072294319293,-3493.18152454052,10355.24655413555,7725.080418123542,2630.166136012009,0.08318242576064147
42380,0.12605559500489716,-3406.5284413870163,10386.707362386787,7769.544779506286,2617.162582880501,0.08315594999952847
42385,0.12607046706660135,-3314.455143138719,10416.71832516164,7813.634001393064,2603.0843237685767,0.0831178267482547
42390,0.12608533912830558,-3217.771156898584,10445.191234458525,7855.891164473118,2589.3000699854074,0.0830679752424302
42395,0.12610021119000978,-3117.2341634261456,10472.153846005425,7894.955544123317,2577.1983018821084,0.08300997649477562
42400,0.126115083251714,-3013.526411552024,10497.744417857253,7929.615110358919,2568.129307498334,0.08294533683017945
42405,0.12612995531341822,-2907.238079264518,10522.19931354555,7958.85236024562,2563.3469532999306,0.08286934790867535
42410,0.12614482737512242,-2798.8577675148827,10545.834623314096,7981.8820259330705,2563.952597381026,0.08278224159743114
42415,0.12615969943682664,-2688.7704199339014,10569.023198835806,7998.179436841594,2570.8437619942124,0.08269116906963338
42420,0.12617457149853084,-2577.262978173697,10592.168839085478,8007.49855063554,2584.670288449938,0.08258984463275183
42425,0.12618944356023507,-2464.5378321792423,10615.679566913808,8009.878935906433,2605.800631007375,0.08247823611842661
42430,0.12620431562193926,-2350.7335210918927,10639.941965124774,8005.641323665586,2634.3006414591873,0.08235662141146546
42435,0.12621918768364349,-2235.951255697344,10665.298382459354,7995.371766700987,2669.926615758367,0.08223132822582828
42440,0.12623405974534768,-2120.2848994042824,10692.02848327492,7979.894951885685,2712.133531389235,0.08209818505775783
42445,0.1262489318070519,-2003.8513690622194,10720.336137851224,7960.237764620389,2760.098373230835,0.08195547737842188
42450,0.1262638038687561,-1886.8182546288326,10750.342096435594,7937.584742843199,2812.757353592395,0.08181038417048364
42455,0.12627867593046033,-1769.425897848485,10782.082337884158,7913.227505470595,2868.8548324135627,0.081688683308213
42460,0.12629354799216455,-1652.002110550453,10815.511511450455,7888.510533995477,2927.000977454978,0.08155830039090085
42465,0.12630842005386875,-1534.9689019801008,10850.510559492697,7864.775795726603,2985.734763766094,0.0814192301123358
42470,0.12632329211557297,-1418.841727955073,10886.897451265817,7843.308631653656,3043.5888196121605,0.08127146460255734
42475,0.12633816417727717,-1304.2226305185704,10924.43996878803,7825.287130836345,3099.152837951686,0.08111499904535245
42480,0.1263530362389814,-1191.7890734673592,10962.869626277638,7811.736927690759,3151.132698586878,0.08094983606106465
42485,0.1263679083006856,-1082.2802810879284,11001.896012539333,7803.493030961248,3198.402981578085,0.0807759883623474
42490,0.1263827803623898,-976.4825277576683,11041.221051298107,7801.169945785431,3240.0511055126763,0.08059347952360224
42495,0.126397652424094,-875.214227802886,11080.552819386874,7805.140986514404,3275.41183287247,0.0804023430418013
42500,0.12641252448579823,-779.3109814672925,11119.618614732566,7815.52729353278,3304.091321199786,0.08020262013812728
42505,0.12642739654750243,-689.6100907421323,11158.176927932574,7832.19666362628,3325.980264306295,0.07999435690802577
42510,0.12644226860920665,-606.9336108248835,11196.027877925259,7854.771895569078,3341.2559823561805,0.07977760145726348
42515,0.12645714067091088,-532.068870629445,11233.021579449907,7882.647968352771,3350.373611097136,0.07955240158501005
42520,0.12647201273261507,-465.74565234610327,11269.06387540774,7915.017041019091,3354.0468343886496,0.07931880343698047
42525,0.1264868847943193,-408.60985086790333,11304.118932545656,7950.900016156215,3353.218916389441,0.07907685140248162
42530,0.1265017568560235,-361.19431478108163,11338.208377158438,7989.183256887817,3349.0251202706213,0.07882658940282918
42535,0.12651662891772772,-323.88848274944485,11371.40692066571,8028.658989026057,3342.747931639653,0.07860018619436651
42540,0.12653150097943192,-296.9091259155448,11403.834749988731,8068.0679456402295,3335.766804348502,0.07836997106807515
42545,0.12654637304113614,-280.2748089816678,11435.647279321855,8106.142903617264,3329.5043757045905,0.07813144959990576
42550,0.12656124510284034,-273.78655393877943,11467.023124168605,8141.651897924001,3325.3712262446043,0.07788463156411927
42555,0.12657611716454456,-277.0167458786291,11498.15132401112,8173.440049041828,3324.7112749692915,0.07762955399536917
42560,0.12659098922624876,-289.30775108329635,11529.218884570239,8200.469065993897,3328.7498185763416,0.07736628799625261
42565,0.12660586128795298,-309.7811726914797,11560.399633439021,8221.853555418951,3338.54607802007,0.07709494487309318
42570,0.1266207333496572,-337.3581681604719,11591.84520152809,8236.893252366597,3354.951949161492,0.07681568075683302
42575,0.1266356054113614,-370.79068911893955,11623.678688145503,8245.100192161442,3378.5784959840603,0.07652869893011408
42580,0.12665047747306563,-408.70274650852843,11655.991275862392,8246.219698946361,3409.7715769160313,0.07623424931425005
42585,0.12666534953476982,-449.6398283210319,11688.841767229309,8240.243940385551,3448.5978268437575,0.07612808881215483
42590,0.12668022159647405,-492.12356220912807,11722.258746250987,8227.416771262056,3494.841974988931,0.0761204216924968
42595,0.12669509365817824,-534.7079184795248,11756.244841605025,8208.228737641288,3548.016103963737,0.07611538037480277
42600,0.12670996571988247,-576.0329810832181,11790.782396809715,8183.40148396228,3607.380912847435,0.0761189393601408
42605,0.12672483778158666,-614.8726976853741,11825.839742349732,8153.861395340715,3671.978347009017,0.07612284825778859
42610,0.1267397098432909,-650.1739308902988,11861.377224045353,8120.7030605287855,3740.674163516567,0.07612702765845844
42615,0.12675458190499508,-681.0852570239822,11897.352180309515,8085.143958569447,3812.2082217400684,0.07613136735562824
42620,0.1267694539666993,-706.9749450783902,11933.722187524234,8048.472535737648,3885.2496517865857,0.076135736064572
42625,0.12678432602840353,-727.4381681144177,11970.446110869136,8011.992437846481,3958.4536730226546,0.07613999104514776
42630,0.12679919809010773,-742.2937288500489,12007.482798090152,7976.96601468477,4030.516783405382,0.07614398729415418
42635,0.12681407015181195,-751.5705713835277,12044.787609037492,7944.560277524669,4100.227331512823,0.07615847488639019
42640,0.12682894221351615,-755.4843280180175,12082.307338899356,7915.798268035445,4166.509070863911,0.07617429201773088
42645,0.12684381427522037,-754.4043029242648,12119.974409574768,7891.518323909487,4228.4560856652815,0.07618950567020753
42650,0.12685868633692457,-748.8117122823305,12157.701411432628,7872.343066057396,4285.358345375233,0.07620403579803965
42655,0.1268735583986288,-739.2506663197983,12195.3771290945,7858.659165310321,4336.717963784179,0.07621782497212441
42660,0.126888430460333,-726.2742026609867,12232.865058337986,7850.608162917258,4382.256895420728,0.07623083778727545
42665,0.12690330252203721,-710.3885389897378,12270.005129062798,7848.087906208399,4421.917222854399,0.07624347127941529
42670,0.1269181745837414,-691.9994709189968,12306.618936354573,7850.763591791623,4455.8553445629495,0.07626675625374942
42675,0.12693304664544564,-671.3653542267875,12342.518315452271,7858.087030075291,4484.43128537698,0.07628899192558418
42680,0.12694791870714986,-648.5612274411615,12377.516650455029,7869.322569145633,4508.194081309396,0.07631024937559232
42685,0.12696279076885406,-623.4582065068153,12411.441943998094,7883.578120601699,4527.863823396395,0.07633060019027019
42690,0.12697766283055828,-595.7212243748099,12444.150436656357,7899.83986539118,4544.310571265177,0.07635010633265968
42695,0.12699253489226248,-564.8265089375927,12475.53946520707,7917.0094209656245,4558.5300442414455,0.07637337097686281
42700,0.1270074069539667,-530.0980615823346,12505.558281332616,7933.942460431042,4571.615820901575,0.07640905921090116
42705,0.1270222790156709,-490.7601356945752,12534.215698102815,7949.487940788457,4584.727757314357,0.07644508747944151
42710,0.12703715107737512,-446.00072678042943,12561.583669136022,7962.527190587586,4599.056478548436,0.07648134709975898
42715,0.12705202313907932,-395.0397525089111,12587.796215690014,7972.012116799458,4615.7840988905555,0.07651768915880426
42720,0.12706689520078354,-337.1951614040654,12613.043482860608,7977.001723330681,4636.041759529928,0.0765544598831276
42725,0.12708176726248774,-271.94070145055866,12637.561107696882,7976.696010701686,4660.865096995196,0.07659553057253805
42730,0.12709663932419196,-198.95035620779254,12661.61549219299,7970.466180487821,4691.14931170517,0.07663683441296484
42735,0.1271115113858962,-118.12624869678075,12685.485957467152,7957.879939120988,4727.606018346164,0.07667817834700334
42740,0.12712638344760038,-29.608813457667566,12709.44507197993,7938.7206264418965,4770.724445538033,0.07671932761070202
42745,0.1271412555093046,66.23005239641861,12733.738658816092,7912.998925153692,4820.7397336624,0.07678082608705636
42750,0.1271561275710088,168.80858087925844,12758.567066632815,7880.956069821479,4877.610996811336,0.07685435841853629
42755,0.12717099963271303,277.36814503352434,12784.069221796333,7843.0577854644225,4941.011436331911,0.07694764305584935
42760,0.12718587169441722,391.0139170481061,12810.310767685636,7799.9786432367455,5010.332124448891,0.07702658898900958
42765,0.12720074375612145,508.7594742431738,12837.277259280707,7752.57709664917,5084.700162631537,0.07709035515184681
42770,0.12721561581782564,629.5720705642725,12864.872950247818,7701.862102344898,5163.01084790292,0.07713807416180085
42775,0.12723048787952987,752.4158093776496,12892.925231882227,7648.952858445314,5243.972373436914,0.07721584184733883
42780,0.12724535994123407,876.2903770441935,12921.194313075039,7595.033724460674,5326.160588614364,0.07730070239163059
42785,0.1272602320029383,1000.2632455004596,12949.38732355546,7541.30674101268,5408.080582542781,0.07736961735240291
42790,0.1272751040646425,1123.4933784558998,12977.17572536672,7488.944294145541,5488.231431221179,0.07742148858652644
42795,0.1272899761263467,1245.2446280133054,13004.214756786349,7439.044357467328,5565.17039931902,0.07748629572480287
42800,0.12730484818805093,1364.8873593410426,13030.163609817191,7392.590427070042,5637.573182747149,0.07758016558870365
42805,0.12731972024975513,1481.8875227682647,13054.7051323844,7350.417800652153,5704.287331732247,0.07765660349161181
42810,0.12733459231145935,1595.7834517124447,13077.564007029752,7313.187315706454,5764.3766913232985,0.07771424525787533
42815,0.12734946437316355,1706.1520432788793,13098.522541579317,7281.367117150252,5817.1554244290655,0.07778495202536581
42820,0.12736433643486778,1812.5675178836136,13117.43337534939,7255.222520316747,5862.210855032643,0.07788631685917023
42825,0.12737920849657197,1914.557417629193,13134.228538381767,7234.813601813118,5899.414936568649,0.07797712420799019
42830,0.1273940805582762,2011.5616138614641,13148.924406739647,7219.999809650746,5928.924597088901,0.07809676575636172
42835,0.1274089526199804,2102.900586609755,13161.62220091784,7210.450653978437,5951.171546939403,0.0781970539081786
42840,0.12742382468168462,2187.7589135460303,13172.50381353484,7205.661437671794,5966.842375863046,0.07827640838934079
42845,0.12743869674338884,2265.188681880687,13181.822957754239,7204.973019683026,5976.849938071213,0.07837539024432522
42850,0.12745356880509304,2334.135482518157,13189.891909924216,7207.594760027335,5982.297149896881,0.07849397103802547
42855,0.12746844086679726,2393.4869942097894,13197.064459910762,7212.630030876209,5984.4344290345525,0.07859013073175186
42860,0.12748331292850146,2442.1412872089004,13203.71603384714,7219.103925436214,5984.612108410926,0.07866226666160163
42865,0.12749818499020568,2479.08931725354,13210.222253220412,7225.992979490363,5984.2292737300495,0.0787388470429933
42870,0.12751305705190988,2503.5040640026164,13216.937380049969,7232.2567813289215,5984.680598721047,0.07885057166499479
42875,0.1275279291136141,2514.827688039183,13224.174128999182,7236.871263226959,5987.302865772223,0.0789368639822152
42880,0.1275428011753183,2512.8480360627455,13232.186194117114,7238.8632623547,5993.322931762414,0.07899621997954673
42885,0.12755767323702252,2497.7567214792844,13241.15456488894,7237.34566095062,6003.80890393832,0.07905687212916922
42890,0.12757254529872672,2470.1826348940112,13251.178343386571,7231.552121313446,6019.626222073125,0.07915653604026761
42895,0.12758741736043094,2431.1968642683687,13262.270383143203,7220.870164720476,6041.4002184227265,0.07922834975597716
42900,0.12760228942213517,2382.2874431930895,13274.357708077761,7204.871128861872,6069.486579215889,0.07927103081592869
42905,0.12761716148383936,2325.304953905709,13287.286377083086,7183.3353871062545,6103.950989976832,0.07931682174735456
42910,0.1276320335455436,2262.3826264104027,13300.830254421406,7156.271137696668,6144.559116724738,0.07940229759927225
42915,0.12764690560724778,2195.836952560094,13314.70302377408,7123.92509791894,6190.77792585514,0.079458540666551
42920,0.127661777668952,2128.0566543911746,13328.572725022239,7086.78360740065,6241.789117621589,0.0795171581405167
42925,0.1276766497306562,2061.3887954435577,13342.07807202135,7045.56299723791,6296.51507478344,0.07958209362087468
42930,0.12769152179236043,1998.03072237974,13354.845804107128,7001.188638376389,6353.6571657307395,0.07961928464325692
42935,0.12770639385406463,1939.9354203818348,13366.508320022325,6954.762823811372,6411.745496210953,0.07968599375725612
42940,0.12772126591576885,1888.736038230195,13376.720837394992,6907.522495442298,6469.198341952694,0.07976457090802783
42945,0.12773613797747305,1845.6932000939914,13385.17732035976,6860.788688218887,6524.388632140874,0.07981586593455475
42950,0.12775101003917727,1811.6666662926782,13391.624435069538,6815.910305774086,6575.714129295452,0.07983889419789957
42955,0.1277658821008815,1787.1111907867562,13395.872842817264,6774.205352654618,6621.667490162646,0.07989253858470566
42960,0.1277807541625857,1772.0951172474306,13397.805236897118,6736.902959256659,6660.902277640459,0.07996318059341027
42965,0.12779562622428992,1766.3392798107598,13397.380680368804,6705.089431255216,6692.291249113588,0.08000582813914757
42970,0.1278104982859941,1769.2729927825985,13394.635006494836,6679.661171056529,6714.973835438307,0.08001939769389543
42975,0.12782537034769834,1780.1032196908136,13389.677289095827,6661.286726549671,6728.390562546157,0.0800833738928349
42980,0.12784024240940253,1797.8923783698829,13382.682652185567,6650.379513018972,6732.303139166595,0.0801492740221391
42985,0.12785511447110676,1821.639712088836,13373.881935080382,6647.08202072788,6726.799914352502,0.08018563915036389
42990,0.12786998653281095,1850.3608235819574,13363.548928250497,6651.261646042824,6712.287282207672,0.08019126686191158
42995,0.12788485859451518,1883.1599153278967,13351.98602139713,6662.517729710253,6689.468291686877,0.08026256371006531
43000,0.12789973065621937,1919.2895711896335,13339.509147081319,6680.1989837690835,6659.310163312235,0.08032291740529113
43005,0.1279146027179236,1958.19359580327,13326.432865149209,6703.430235112616,6623.002630036593,0.08036189714704174
43010,0.12792947477962782,1999.5295278130461,13313.056332408163,6731.147272237672,6581.909060170491,0.08042653667960942
43015,0.12794434684133202,2043.1689673070177,13299.650762723617,6762.13849452986,6537.512268193757,0.08046128226264591
43020,0.12795921890303624,2089.175761205832,13286.448828271827,6795.091972203163,6491.356856068664,0.0805088019186092
43025,0.12797409096474044,2137.7642376073527,13273.636300386343,6828.646392766127,6444.9899076202155,0.08058959855141719
43030,0.12798896302644466,2189.2418241215364,13261.346087391486,6861.444194278447,6399.9018931130395,0.08063956987174939
43035,0.12800383508814886,2243.9421929854025,13249.654700240182,6892.184998187081,6357.469702053101,0.08065752527991875
43040,0.12801870714985308,2302.156204614379,13238.581066000701,6919.677305352016,6318.9037606486845,0.08070533595493286
43045,0.12803357921155728,2364.0681261341524,13228.087517429405,6942.8863557994355,6285.20116162997,0.08077131072173195
43050,0.1280484512732615,2429.70381966022,13218.082719862065,6960.976104071814,6257.1066157902505,0.08080473965830329
43055,0.1280633233349657,2498.895968727543,13208.426260643595,6973.343430638729,6235.082830004866,0.08080473267484636
43060,0.12807819539666992,2571.269237213536,13198.934623865794,6979.6429786667195,6219.291645199075,0.0808565673558795
43065,0.12809306745837415,2646.2458939264952,13189.3882999709,6979.801350345818,6209.5869496250825,0.08090770079129721
43070,0.12810793952007835,2723.070228452384,13179.539824369836,6974.019798795239,6205.520025574598,0.08092514487873256
43075,0.12812281158178257,2800.8483012172037,13169.122585495299,6962.765002876551,6206.357582618748,0.08090824662508736
43080,0.12813768364348677,2878.5983940994147,13157.860274619472,6946.748015434711,6211.112259184761,0.0809639583366703
43085,0.128152555705191,2955.3070365217254,13145.476855276147,6926.892033900817,6218.58482137533,0.08100192706608741
43090,0.1281674277668952,3029.9856371884825,13131.706903858829,6904.290247399742,6227.416656459087,0.0810382265803154
43095,0.1281822998285994,3101.7233984785244,13116.30611651274,6880.155635357708,6236.150481155032,0.08107473077096847
43100,0.1281971718903036,3169.733092381186,13099.061698693777,6855.7651714348585,6243.296527258918,0.08107867763769816
43105,0.12821204395200783,3233.3871895009324,13079.802265700375,6832.401346480991,6247.4009192193835,0.08113247768436692
43110,0.12822691601371203,3292.242586804844,13058.40680201745,6811.294186598022,6247.112615419429,0.08118466969750116
43115,0.12824178807541625,3346.0527312174927,13034.812173392456,6793.5669496704395,6241.245223722017,0.08120379160663478
43120,0.12825666013712048,3394.7663613027635,13009.0186760907,6780.1884177159545,6228.830258374745,0.08118927501692329
43125,0.12827153219882467,3438.512532044563,12981.093155489774,6771.934191355812,6209.158964133962,0.08125911290435008
43130,0.1282864042605289,3477.572190446357,12951.16933424396,6769.3587031645775,6181.810631079382,0.08129557907699464
43135,0.1283012763222331,3512.3374158515117,12919.44515018388,6772.778885599771,6146.666264584109,0.08129795080522588
43140,0.12831614838393732,3543.260524922591,12886.1770963313,6782.269642709472,6103.907453621828,0.08130266367324153
43145,0.1283310204456415,3570.796470545686,12851.67175348744,6797.670552927616,6054.001200559825,0.08135854384844324
43150,0.12834589250734574,3595.343159734095,12816.274882833528,6818.602620810511,5997.672262023017,0.08138028540413554
43155,0.12836076456904993,3617.185244478781,12780.358580661417,6844.493426234956,5935.865154426461,0.0813676362572917
43160,0.12837563663075416,3636.4473494284566,12744.307079365875,6874.608704614279,5869.698374751596,0.08138560556070251
43165,0.12839050869245835,3653.062376087075,12708.501810348078,6908.088237221975,5800.413573126103,0.08142915701100525
43170,0.12840538075416258,3666.7593492846518,12673.306338475384,6943.983937073075,5729.322401402309,0.08143845634461977
43175,0.1284202528158668,3677.0732909994376,12639.05175273329,6981.298174622348,5657.753578110943,0.08143358560090322
43180,0.128435124877571,3683.377048297255,12606.023070344863,7019.020677113116,5587.002393231747,0.08144191190117582
43185,0.12844999693927522,3684.9322625813993,12574.447189822211,7056.162716872031,5518.28447295018,0.08147549708998465
43190,0.12846486900097942,3680.954233187308,12544.48290780152,7091.78772349086,5452.695184310659,0.08151857734990912
43195,0.12847974106268364,3670.6837556898654,12516.213480515977,7125.037853014657,5391.1756275013195,0.08153793002385765
43200,0.12849461312438784,3653.458400803329,12489.642145435486,7155.156372677128,5334.485772758358,0.08152578639481864
43205,0.12850948518609207,3628.7761922986656,12464.69090982826,7181.505941956048,5283.184967872211,0.08157802669247412
43210,0.12852435724779626,3596.346037673361,12441.20276125735,7203.582985560979,5237.61977569637,0.08161692168382959
43215,0.12853922930950049,3556.121191331108,12418.947275391332,7221.028378381548,5197.918897009785,0.08162361673839943
43220,0.12855410137120468,3508.314084254738,12397.629414279785,7233.63462255113,5163.994791728655,0.08160237324570366
43225,0.1285689734329089,3453.39272690544,12376.901150556367,7241.34961638905,5135.551534167316,0.08166043991112282
43230,0.12858384549461313,3392.0604183944215,12356.375439692376,7244.277009941208,5112.098429751168,0.0816854764365399
43235,0.12859871755631733,3325.221626372474,12335.641999085685,7242.673024463599,5092.968974622086,0.08167714399494932
43240,0.12861358961802155,3253.9376344973243,12314.284329211583,7236.939500964197,5077.344828247386,0.08165753255463877
43245,0.12862846167972575,3179.3758774249773,12291.897406056105,7227.612866231369,5064.284539824736,0.081700406227544
43250,0.12864333374142997,3102.7567836958997,12268.105459995966,7215.3487055535825,5052.756754442384,0.08170922421355391
43255,0.12865820580313417,3025.301456328765,12242.57921581014,7200.901751431327,5041.677464378812,0.08168413801855726
43260,0.1286730778648384,2948.1827606517536,12215.051899515345,7185.101360088834,5029.950539426512,0.08166834213465732
43265,0.1286879499265426,2872.481564130203,12185.333237929177,7168.822939596315,5016.510298332862,0.08169531066022512
43270,0.1287028219882468,2799.1492096854936,12153.320620181561,7152.956259749217,5000.364360432344,0.08168823070686088
43275,0.128717694049951,2728.9769594591417,12119.006596826586,7138.372026258161,4980.634570568425,0.08164779885720799
43280,0.12873256611165523,2662.573143319023,12082.48199458525,7125.8884419960295,4956.593552589221,0.08163926699656344
43285,0.12874743817335946,2600.348965327803,12043.934137227581,7116.239626270223,4927.694510957358,0.0816529168750927
43290,0.12876231023506365,2542.5141469335276,12003.63997486061,7110.047680983133,4893.5922938774775,0.08164300601438496
43295,0.12877718229676788,2489.083589275375,11961.954300034153,7107.799892472223,4854.1544075619295,0.08162978301009739
43300,0.12879205435847207,2439.895857979971,11919.293618550499,7109.832096682319,4809.461521868179,0.08158611463013134
43305,0.1288069264201763,2394.6434916791422,11876.116589717853,7116.3186972251,4759.797892492753,0.08161299987405181
43310,0.1288217984818805,2352.914000911209,11832.902207461557,7127.269301464976,4705.632905996581,0.08161781078809983
43315,0.12883667054358472,2314.239145888695,11790.127030577483,7142.5315078943895,4647.595522683094,0.08159212811000353
43320,0.12885154260528892,2278.1488887435416,11748.242781173081,7161.799093316852,4586.443687856229,0.08154778325874071
43325,0.12886641466699314,2244.2255147007572,11707.655530540349,7184.624733475346,4523.030797065003,0.08157182982632318
43330,0.12888128672869734,2212.1529526963504,11668.707512007719,7210.436433184342,4458.271078823377,0.08156503246952185
43335,0.12889615879040156,2181.7563741112253,11631.662376529923,7238.556995814329,4393.105380715594,0.08152788842492908
43340,0.12891103085210578,2153.0277279484017,11596.69447055847,7268.226056344525,4328.468414213945,0.08149115172350192
43345,0.12892590291380998,2126.133962049921,11563.882487647737,7298.624358741485,4265.258128906253,0.0815031048569413
43350,0.1289407749755142,2101.4062263793294,11533.20763346309,7328.900013162819,4204.30762030027,0.08148413085151938
43355,0.1289556470372184,2079.310246394758,11504.556246691973,7358.196392002066,4146.359854689907,0.08143510448428144
43360,0.12897051909892263,2060.4001121188276,11477.726630648727,7385.681130477195,4092.045500171532,0.08140108947139685
43365,0.12898539116062682,2045.2597020680287,11452.439669920193,7410.575439353204,4041.864230566989,0.08140032618426714
43370,0.12900026322233105,2034.4375662588473,11428.352638852066,7432.182685109925,3996.169953742141,0.08136911806986631
43375,0.12901513528403524,2028.3820716462596,11405.075467665487,7449.915011473929,3955.1604561915583,0.08130876715440434
43380,0.12903000734573947,2027.3837972010824,11382.188635334156,7463.3167069153005,3918.8719284188555,0.0812720797503293
43385,0.12904487940744366,2031.531510702518,11359.261820929578,7472.083075448277,3887.178745481301,0.08125981349539443
43390,0.1290597514691479,2040.686645329929,11335.872472359655,7476.073726868799,3859.798745490856,0.08121818061208344
43395,0.1290746235308521,2054.47919925969,11311.62353573656,7475.319438032668,3836.3040977038927,0.08114879794959359
43400,0.1290894955925563,2072.325649830953,11286.159711085118,7470.022019777342,3816.1376913077756,0.0811085594286969
43405,0.12910436765426053,2093.4670889914387,11259.181735704957,7460.546935544679,3798.6348001602773,0.08108735279763947
43410,0.12911923971596473,2117.023646630025,11230.458321601822,7447.408750621677,3783.0495709801444,0.0810380221809632
43415,0.12913411177766895,2142.0596435871703,11199.835471515451,7431.249845642858,3768.5856258725926,0.08096237679100463
43420,0.12914898383937315,2167.652995680477,11167.242963446377,7412.813202809278,3754.429760637099,0.08091955961427644
43425,0.12916385590107737,2192.962234226532,11132.697831199905,7392.910454453963,3739.7873767459414,0.08089181998062571
43430,0.12917872796278157,2217.2850376316646,11096.30469222504,7372.386739904902,3723.9179523201374,0.08084082827761903
43435,0.1291936000244858,2240.1032048210127,11058.252803140385,7352.084201907595,3706.16860123279,0.08077966769168678
43440,0.12920847208619,2261.1103413812434,11018.809778495544,7332.806117220108,3686.0036612754366,0.08071097252980099
43445,0.12922334414789421,2280.2200136188594,10978.312006341883,7315.28365676194,3663.028349579943,0.08069199642046858
43450,0.12923821620959844,2297.553664136417,10937.151943103734,7300.147091341754,3637.00485176198,0.08064849079099279
43455,0.12925308827130264,2313.409136338114,10895.76266446723,7287.9029119184,3607.8597525488294,0.08058068643426795
43460,0.12926796033300686,2328.2121915605967,10854.600267720978,7278.9178582991835,3575.6824094217945,0.08050809192104531
43465,0.12928283239471106,2342.454858513277,10814.124930513482,7273.410305035641,3540.7146254778418,0.08048363570875368
43470,0.12929770445641528,2356.625727563718,10774.781592055066,7271.4489019838375,3503.332690071228,0.08043491491174544
43475,0.12931257651811948,2371.138266902957,10736.981300531133,7272.957868451932,3464.0234320792015,0.0803636599192738
43480,0.1293274485798237,2386.2637708097236,10701.08424450898,7277.727940504462,3423.3563040045183,0.08028897006096114
43485,0.1293423206415279,2402.0755508092934,10667.385356258796,7285.431700936027,3381.953655322769,0.08026123007590717
43490,0.12935719270323212,2418.4103746679784,10636.103162031954,7295.641893982039,3340.461268049915,0.08021108204874093
43495,0.12937206476493632,2434.8519056224886,10607.372294249823,7307.851340416574,3299.5209538332483,0.08014045276991409
43500,0.12938693682664054,2450.7390039972215,10581.239815153385,7321.493209698652,3259.746605454733,0.08006304706002283
43505,0.12940180888834477,2465.199316029073,10557.665268078652,7335.960651334797,3221.704616743855,0.0800357560291867
43510,0.12941668095004896,2477.205798009705,10536.5241958345,7350.625106215878,3185.8990896186215,0.07998782391598629
43515,0.1294315530117532,2485.6510452941993,10517.614753053796,7364.852970766022,3152.7617822877746,0.079921168099702
43520,0.12944642507345738,2489.4319493610938,10500.666981563341,7378.020625100811,3122.64635646253,0.07983792739623037
43525,0.1294612971351616,2487.5357323412964,10485.354294112203,7389.528111086851,3095.8261830253523,0.07981173681053624
43530,0.1294761691968658,2479.1181326151154,10471.306698884055,7398.811913122209,3072.4947857618454,0.07976764970473635
43535,0.12949104125857003,2463.5655403853943,10458.12527781323,7405.3573262948985,3052.767951518331,0.07970590397854331
43540,0.12950591332027422,2440.535044459102,10445.397401077464,7408.710791194768,3036.686609882696,0.07962852705019498
43545,0.12952078538197845,2409.969264793248,10432.712126545723,7408.492356321817,3024.2197702239055,0.07958592827946762
43550,0.12953565744368264,2372.0860107706985,10419.675213628407,7404.408142591917,3015.26707103649,0.07954495678702977
43555,0.12955052950538687,2327.3457382660163,10405.92319386013,7396.262382983931,3009.6608108761984,0.07948690820372165
43560,0.1295654015670911,2276.402099338142,10391.135996699917,7383.9683437528065,3007.1676529471106,0.07941379524886005
43565,0.1295802736287953,2220.04234359402,10375.047727330324,7367.55724007764,3007.490487252684,0.07935077918556538
43570,0.1295951456904995,2159.1248254220072,10357.455319829493,7347.184163413103,3010.271156416389,0.07931142672404012
43575,0.1296100177522037,2094.520398346168,10338.224921018817,7323.1300542052295,3015.094866813587,0.07925558636456172
43580,0.12962488981390793,2027.0631564282858,10317.295972029056,7295.798888568296,3021.49708346076,0.07918535377859161
43585,0.12963976187561213,1957.5140593235328,10294.683025722352,7265.709500489179,3028.973525233173,0.07910297490891711
43590,0.12965463393731635,1886.538807209623,10270.475359801323,7233.481820675129,3036.9935391261943,0.07906101202865849
43595,0.12966950599902055,1814.6993156552371,10244.834424211738,7199.817750875458,3045.0166733362803,0.07900728497499841
43600,0.12968437806072478,1742.4566275587613,10217.989117981448,7165.477359384005,3052.511758597443,0.0789401860878788
43605,0.12969925012242897,1670.182290828865,10190.22885426392,7131.251513777187,3058.977340486733,0.07886203260636937
43610,0.1297141221841332,1598.1751304254185,10161.894372161194,7097.932391129958,3063.961981031236,0.07879430848115289
43615,0.12972899424583742,1526.6807770346659,10133.366309651927,7066.283468915634,3067.0828407362924,0.07874424851132486
43620,0.12974386630754162,1455.9120045620111,10105.051667885185,7037.0105782114315,3068.041089673754,0.07868199820285669
43625,0.12975873836924584,1386.0685951720207,10077.368460275457,7010.7354110462975,3066.633049229159,0.07860983929613517
43630,0.12977361043095004,1317.355898225609,10050.729024132794,6987.972567020561,3062.756457112233,0.0785300547771366
43635,0.12978848249265426,1250.0014113888901,10025.522645693407,6969.110871013709,3056.4117746796983,0.07847351931232316
43640,0.12980335455435846,1184.268645234455,10002.098281907387,6954.399363250089,3047.6989186572982,0.07841756810997186
43645,0.12981822661606268,1120.4673727960408,9980.748234423221,6943.938106749753,3036.810127673468,0.07835241378670249
43650,0.12983309867776688,1058.959265224059,9961.693636561464,6937.673799884146,3024.0198366773175,0.078280163290934
43655,0.1298479707394711,1000.1579886246873,9945.072558877253,6935.400120415789,3009.6724384614636,0.07820283914002751
43660,0.1298628428011753,944.523131911008,9930.93143702848,6936.7627363199,2994.1687007085793,0.07814745597470839
43665,0.12987771486287952,892.5478277710927,9919.220391819299,6941.268957303232,2977.951434516067,0.0780880591336828
43670,0.12989258692458375,844.7405442979816,9909.792855389805,6948.302023097149,2961.4908322926567,0.07802147692218162
43675,0.12990745898628794,801.6021642125088,9902.409741635369,6957.139988590159,2945.2697530452097,0.07794960255661228
43680,0.12992233104799217,763.6000309473102,9896.748199143103,6966.979044598207,2929.769154544896,0.0778742181379926
43685,0.12993720310969636,731.1410418977093,9892.414756116901,6976.96090170588,2915.453854411021,0.07784564813184754
43690,0.1299520751714006,704.5460529779839,9888.962409525271,6986.203583390922,2902.758826134349,0.07782750645063755
43695,0.12996694723310478,684.0278076085451,9885.91093676358,6993.834664283791,2892.076272479788,0.07780685435538018
43700,0.129981819294809,669.6743398030621,9882.769442294666,6999.0257007146665,2883.7437415799996,0.0777834352685907
43705,0.1299966913565132,661.4393794327598,9879.059928931592,7001.026381116141,2878.033547815451,0.07776254164189438
43710,0.13001156341821743,659.1407730540532,9874.340541108411,6999.196805919973,2875.1437351884388,0.07774620059748182
43715,0.13002643547992163,662.467376909829,9868.227095855447,6993.036302289129,2875.1907935663185,0.07772729742631564
43720,0.13004130754162585,670.9943002777691,9860.411610287127,6982.207281261829,2878.2043290252977,0.07770575418458814
43725,0.13005617960333007,684.2057729412409,9850.676745700242,6966.552834979141,2884.1239107211013,0.07768162297375597
43730,0.13007105166503427,701.5242783680842,9838.905391701335,6946.107029284922,2892.7983624164135,0.07765505923443551
43735,0.1300859237267385,722.343966975006,9825.084970031465,6921.097157741406,2903.987812290059,0.0776262930938218
43740,0.1301007957884427,746.0658257908417,9809.306403847379,6891.937580617516,2917.3688232298628,0.07759560101363909
43745,0.13011566785014692,772.1317488093537,9791.758035369407,6859.215174093605,2932.5428612758014,0.07757021857572834
43750,0.1301305399118511,800.0546300465976,9772.715054327575,6823.6668534315395,2949.0482008960353,0.07754915728852621
43755,0.13014541197355534,829.4419274297115,9752.525204719812,6786.150088955935,2966.375115763877,0.0775267525322664
43760,0.13016028403525953,860.0107683714805,9731.59166262067,6747.607769391389,2983.9838932292814,0.07750325642410748
43765,0.13017515609696376,891.5934624843176,9710.354027820531,6709.029135981864,3001.324891838667,0.07747891930036528
43770,0.13019002815866795,924.13310818628,9689.268359877298,6671.408765527559,3017.8595943497394,0.07745397494424149
43775,0.13020490022037218,957.6697201846782,9668.787133953329,6635.7056865815675,3033.081447371761,0.07743877640854353
43780,0.1302197722820764,992.3179240975642,9649.339915522618,6602.804658763518,3046.5352567591,0.07742989738260292
43785,0.1302346443437806,1028.2377811702945,9631.315475143509,6573.481443180284,3057.8340319632243,0.07742152732708882
43790,0.13024951640548482,1065.6007565093687,9615.045996097742,6548.373574007264,3066.672422090478,0.07741360634746935
43795,0.13026438846718902,1104.5532425828342,9600.793967784459,6527.957748351972,3072.8362194324864,0.07740606027967241
43800,0.13027926052889324,1145.1803686001876,9588.742293306477,6512.534524792524,3076.207768513953,0.0774081515081203
43805,0.13029413259059744,1187.47300771968,9578.98805102753,6502.220596341041,3076.76745468649,0.07741160608028053
43810,0.13030900465230166,1231.3008756477193,9571.540219137367,6496.948509811064,3074.5917093263033,0.07741570744602916
43815,0.13032387671400586,1276.3943522425116,9566.32149186581,6496.47336281204,3069.84812905377,0.07742034820208148
43820,0.13033874877571008,1322.3371341089833,9563.17409339066,6500.385737661816,3062.788355728844,0.07742542158422276
43825,0.13035362083741428,1368.5710427263139,9561.869252543805,6508.129938042945,3053.739314500861,0.07743082414075785
43830,0.1303684928991185,1414.4132864649664,9562.11976856116,6519.026482473499,3043.093286087662,0.07743645597919976
43835,0.13038336496082273,1459.0852484134402,9563.59490648805,6532.297775856362,3031.2971306316877,0.07744221905568931
43840,0.13039823702252692,1501.750537452348,9565.93673432979,6547.095917946092,3018.8408163836984,0.07745346740738338
43845,0.13041310908423115,1541.5587623425154,9568.776964815714,6562.531701335168,3006.245263480546,0.07746955040285042
43850,0.13042798114593535,1577.6905028654464,9571.753391912735,6577.7039814545315,2994.049410458203,0.07748576360049116
43855,0.13044285320763957,1609.3985181683202,9574.525104613434,6591.7287419772,2982.7963626362343,0.07750198853486345
43860,0.13045772526934377,1636.040553012016,9576.785800253925,6603.767303375439,2973.018496878486,0.07751810006863821
43865,0.130472597331048,1657.1002336262272,9578.274687349392,6613.0532051424425,2965.22148220695,0.07753633128380459
43870,0.1304874693927522,1672.1943457387179,9578.784646392702,6618.917316610226,2959.8673297824753,0.07756222044097498
43875,0.1305023414544564,1681.0669358734722,9578.167493311956,6620.810693505944,2957.3567998060116,0.07758758845538181
43880,0.1305172135161606,1683.572753869439,9576.336355372312,6618.3246088194865,2958.0117465528256,0.07761227560636462
43885,0.13053208557786483,1679.6541555215317,9573.26531755886,6611.2070725393,2962.0582450195607,0.07763609188334174
43890,0.13054695763956906,1669.3164189162144,9568.986624021838,6599.375050772295,2969.6115732495427,0.07766793615884277
43895,0.13056182970127325,1652.606371005294,9563.585819332213,6582.921540156835,2980.6642791753775,0.07770075839383635
43900,0.13057670176297748,1629.598314803622,9557.195282541818,6562.116684850529,2995.0785976912885,0.07773278803548837
43905,0.13059157382468167,1600.389676380475,9549.986638285547,6537.402267514096,3012.584370771451,0.0777638368457356
43910,0.1306064458863859,1565.1068447021007,9542.16252016441,6509.379173394889,3032.78334676952,0.07779367954249522
43915,0.1306213179480901,1523.9197087484936,9533.948112998565,6478.787808580583,3055.160304417982,0.07782205166068051
43920,0.13063619000979432,1477.0617658703013,9525.582818497809,6446.481918247144,3079.1009002506653,0.07784864857776301
43925,0.1306510620714985,1424.8516806095186,9517.312285914908,6413.396746657861,3103.9155392570474,0.07787312575613806
43930,0.13066593413320274,1367.7119794311784,9509.38094285762,6380.512942139901,3128.86800071772,0.07790889004017901
43935,0.13068080619490693,1306.1811636717175,9502.025071403632,6348.817968640291,3153.207102763341,0.07794555152874169
43940,0.13069567825661116,1240.9167288431008,9495.466418153383,6319.266983729059,3176.199434424324,0.0779803176111596
43945,0.13071055031831538,1172.6880965153032,9489.906313839127,6292.745149862301,3197.1611639768253,0.0780127852486582
43950,0.13072542238001958,1102.3599686416146,9485.520307415214,6270.033165416498,3215.4871419987157,0.0780425108653567
43955,0.1307402944417238,1030.8678318081738,9482.453378705357,6251.777474225084,3230.675904480273,0.07806901203393925
43960,0.130755166503428,959.1881105304938,9480.815861392473,6238.466202247775,3242.3496591446983,0.07810298542095284
43965,0.13077003856513222,888.3057609095904,9480.680260610221,6230.411450812203,3250.268809798018,0.07814392142414325
43970,0.13078491062683642,819.181978537591,9482.079166983018,6227.738209864711,3254.3409571183065,0.0781815507876664
43975,0.13079978268854064,752.7242952311062,9485.004442418647,6230.379879244512,3254.624563174135,0.07821529711206686
43980,0.13081465475024484,689.7607957546743,9489.407785949108,6238.080209049409,3251.327576899699,0.0782445468607438
43985,0.13082952681194907,631.0196116520756,9495.202696049919,6250.401374193713,3244.8013218562055,0.07826865308916403
43990,0.13084439887365326,577.1143186681447,9502.267751320625,6266.7378510840745,3235.529900236551,0.07830866682512651
43995,0.13085927093535749,528.5354119665171,9510.451056012122,6286.335730538164,3224.1153254739575,0.07834739511661698
44000,0.1308741429970617,485.6476641141862,9519.575654738634,6308.317051603197,3211.2586031354367,0.07838052303482072
44005,0.1308890150587659,448.6928696531768,9529.44571414772,6331.708657963156,3197.7370561845637,0.07840734685805857
44010,0.13090388712047013,417.7972222231765,9539.853288164693,6355.474956471071,3184.3783316936224,0.07842714494256164
44015,0.13091875918217433,392.982336352783,9550.585509423416,6378.553800221447,3172.0317092019686,0.07845061532007673
44020,0.13093363124387855,374.1787172708873,9561.432062719248,6399.894537894996,3161.5375248242526,0.0784841759825592
44025,0.13094850330558275,361.24033320345006,9572.192782561107,6418.497082526862,3153.6957000342454,0.07851031166564863
44030,0.13096337536728697,353.9589212115752,9582.68517308325,6433.450674863347,3149.234498219903,0.0785283200175829
44035,0.13097824742899117,352.0768312579212,9592.751583833133,6443.970869237185,3148.7807145959478,0.07853750312794436
44040,0.1309931194906954,355.29761900382437,9602.265708440447,6449.433173867938,3152.832534572509,0.07854081390438249
44045,0.1310079915523996,363.2941936353973,9611.138027702047,6449.401751685194,3161.7362760168535,0.07856443645154877
44050,0.1310228636141038,375.7149824612934,9619.319813968119,6443.651647810943,3175.6681661571756,0.07857929071170652
44055,0.13103773567580804,392.18910183905155,9626.805360470571,6432.183166472633,3194.6221939979378,0.07858475912582934
44060,0.13105260773751223,412.33175097480853,9633.632196092614,6415.227279057069,3218.4049170355456,0.07858025105251479
44065,0.13106747979921646,435.75088656843764,9639.879180620794,6393.24130624232,3246.6378743784735,0.07856855840560749
44070,0.13108235186092065,462.0557404918136,9645.662528190407,6366.894573663033,3278.767954527374,0.07858202861995393
44075,0.13109722392262488,490.8670744547144,9651.12995613064,6337.044274756633,3314.0856813740074,0.0785860921954654
44080,0.13111209598432907,521.8284406277153,9656.45328443761,6304.702354126521,3351.750930311089,0.07858020427300766
44085,0.1311269680460333,554.6173121838274,9661.819905411248,6270.994801156466,3390.8251042547827,0.0785638564298569
44090,0.1311418401077375,588.9548384109112,9667.42359802199,6237.115255189425,3430.3083428325644,0.07855291981824748
44095,0.13115671216944172,624.6131255745449,9673.455177756829,6204.275206678465,3469.1799710783635,0.07855989070019807
44100,0.13117158423114592,661.4192335067146,9680.09345513126,6173.6532828178415,3506.4401723134188,0.07855695896889292
44105,0.13118645629285014,699.2553858540768,9687.496932823164,6146.346108694299,3541.1508241288648,0.07854355970981643
44110,0.13120132835455436,738.0551418346186,9695.796612215696,6123.323048414985,3572.4735638007105,0.07851918979494209
44115,0.13121620041625856,777.7954592506958,9705.090213983507,6105.386798884337,3599.7034150991703,0.078526699993864
44120,0.13123107247796278,818.4847340686301,9715.438050203387,6093.141393339404,3622.296656863983,0.07852968624632423
44125,0.13124594453966698,860.1470910070248,9726.86071836542,6086.968732851544,3639.8919855138765,0.07852165599225863
44130,0.1312608166013712,902.8034673947122,9739.338716836459,6087.014345703765,3652.324371132694,0.07850205189366345
44135,0.1312756886630754,946.4503910132371,9752.814000536562,6093.182696763114,3659.631303773448,0.07849517722452795
44140,0.13129056072477963,991.0377768820526,9767.193400545257,6105.142030133293,3662.051370411964,0.0785038343500004
44145,0.13130543278648382,1036.4474984386889,9782.353723897084,6122.338414293617,3660.0153096034674,0.07850045854324718
44150,0.13132030484818805,1082.4748365581727,9798.148239760194,6144.01835475017,3654.129885010024,0.07848454403287873
44155,0.13133517690989224,1128.8150647711363,9814.41416175505,6169.2590383156685,3645.155123439382,0.07845787569130463
44160,0.13135004897159647,1175.057275780723,9830.980670883759,6197.004982116315,3633.975688767444,0.07846985572289773
44165,0.1313649210333007,1220.6870068662374,9847.677002379092,6226.109598251072,3621.56740412802,0.07846889630809867
44170,0.1313797930950049,1265.0982644667893,9864.340146075558,6255.379978020153,3608.960168055404,0.07845464679742761
44175,0.1313946651567091,1307.6142759584036,9880.821776501123,6283.623073429924,3597.198703071199,0.07842693741932716
44180,0.1314095372184133,1347.5149239147422,9896.994120045247,6309.691425513209,3587.302694532038,0.07841434552550804
44185,0.13142440928011753,1384.0676456810015,9912.754563968205,6332.526661949998,3580.227902018207,0.07841468860582569
44190,0.13143928134182173,1416.5579165410618,9928.028900008569,6351.199148252464,3576.829751756105,0.0784015516231834
44195,0.13145415340352595,1444.3154928806543,9942.773165694854,6364.942402819725,3577.830762875129,0.07837491967401296
44200,0.13146902546523015,1466.7334144754632,9956.974099115334,6373.1811461139905,3583.7929530013434,0.07833496205934183
44205,0.13148389752693437,1483.2781946418972,9970.648264253423,6375.552119405015,3595.0961448484077,0.0783341979474747
44210,0.13149876958863857,1493.49134993399,9983.839942536264,6371.917058745368,3611.922883790896,0.07832380953406386
44215,0.1315136416503428,1496.9840582333009,9996.617928404374,6362.367437075424,3634.2504913289495,0.07830029232774471
44220,0.13152851371204702,1493.4279444165868,10009.07141366367,6347.220796577299,3661.850617086372,0.07826387706911209
44225,0.13154338577375121,1482.5455493484424,10021.30519256531,6327.0087000170015,3694.2964925483093,0.07823336827002919
44230,0.13155825783545544,1464.1038637925076,10033.434458100837,6302.456554122406,3730.9779039784316,0.07822843039576452
44235,0.13157312989715964,1437.9134757145312,10045.579480264554,6274.455818250067,3771.1236620144873,0.07821071635669528
44240,0.13158800195886386,1403.8345799713297,10057.860451925953,6244.029416271539,3813.8310356544143,0.07818040577888721
44245,0.13160287402056806,1361.789607378476,10070.392756024143,6212.291511454684,3858.1012445694587,0.07813783979404221
44250,0.13161774608227228,1311.7808438458778,10083.282853978535,6180.4031572020685,3902.8796967764665,0.07812332059388509
44255,0.13163261814397648,1253.9103915088626,10096.624929885573,6149.5256579006855,3947.0992719848873,0.07811269901939796
44260,0.1316474902056807,1188.3993406199706,10110.498361055264,6120.773711570119,3989.724649485145,0.07808930153731401
44265,0.1316623622673849,1115.603114350938,10124.966034144893,6095.170509992814,4029.7955241520785,0.07805336393964264
44270,0.13167723432908912,1036.0205363008236,10140.073494076354,6073.606909710025,4066.466584366329,0.07800900138100501
44275,0.13169210639079335,950.2950834255234,10155.848899624802,6056.806553519776,4099.042346105026,0.07800421307527079
44280,0.13170697845249754,859.2078243116239,10172.303757683958,6045.298443220431,4127.005314463527,0.07798595887208296
44285,0.13172185051420177,763.6625221349477,10189.4344058502,6039.397992141686,4150.0364137085135,0.0779544098939456
44290,0.13173672257590596,664.6641719229747,10207.22419758986,6039.19708434426,4168.0271132456,0.07790992966230394
44295,0.1317515946376102,563.2927720621383,10225.646307083389,6044.56319510537,4181.083111978019,0.07787301288990595
44300,0.13176646669931438,460.67438231770484,10244.667010696221,6055.147224968701,4189.51978572752,0.07785623198937688
44305,0.1317813387610186,357.9515144588977,10264.24922724153,6070.399383309187,4193.849843932342,0.07782531004761108
44310,0.1317962108227228,256.2546806090895,10284.35602680468,6089.5922220910425,4194.763804713638,0.07778070606671485
44315,0.13181108288442703,156.6765468171834,10304.953770225933,6111.849749211881,4193.104021014052,0.0777231033810497
44320,0.13182595494613122,60.24967379748159,10326.014539755559,6136.181425313289,4189.83311444227,0.07768208211149212
44325,0.13184082700783545,-32.07165356653877,10347.517579519232,6161.519756541472,4185.99782297776,0.07764860650963608
44330,0.13185569906953967,-119.42543161184312,10369.449581956213,6186.760135859078,4182.689446097134,0.07760130379224577
44335,0.13187057113124387,-201.0520209544029,10391.803816671154,6210.801560875396,4181.002255795758,0.07754108566387474
44340,0.1318854431929481,-276.30074210129806,10414.578270394333,6232.58687132902,4181.991399065313,0.07746906925420483
44345,0.1319003152546523,-344.63349840367755,10437.77311377299,6251.1412044960625,4186.631909276927,0.07741433816126132
44350,0.1319151873163565,-405.62594765857284,10461.387899052628,6265.607455057765,4195.780443994863,0.07736480508254501
44355,0.1319300593780607,-458.9667174070901,10485.41890309059,6275.277635141383,4210.141267949208,0.0773032728984475
44360,0.13194493143976493,-504.4551182743544,10509.856963511851,6279.619147069265,4230.237816442586,0.07723100404294993
44365,0.13195980350146913,-541.9977424202534,10534.686032849304,6278.295097685522,4256.390935163782,0.07714938628045699
44370,0.13197467556317335,-571.604211989259,10559.882530161784,6271.1778998168165,4288.704630344967,0.07707802282859619
44375,0.13198954762487755,-593.3821514521114,10585.415437904947,6258.355534734121,4327.059903170826,0.07701930984402708
44380,0.13200441968658178,-607.5312259773509,10611.247001310772,6240.130007792047,4371.116993518725,0.07695121145336001
44385,0.132019291748286,-614.3358874633313,10637.333849793806,6217.0077376385025,4420.326112155303,0.07687505971761284
44390,0.1320341638099902,-614.156389159034,10663.628369520724,6189.6818917738165,4473.9464777469075,0.07679223411078472
44395,0.13204903587169442,-607.4177268477752,10690.080195236607,6159.0070205867505,4531.073174649857,0.07670763370601111
44400,0.13206390793339862,-594.5964319962768,10716.637735385686,6125.966735803946,4590.67099958174,0.07664858984857562
44405,0.13207877999510284,-576.2055031476057,10743.249679432758,6091.635599067065,4651.614080365693,0.07658240834184522
44410,0.13209365205680704,-552.7781072050748,10769.86645179017,6057.136789993619,4712.729661796552,0.07651029345227522
44415,0.13210852411851126,-524.8509221740023,10796.441575422385,6023.5974601831485,4772.844115239236,0.07643345346049851
44420,0.13212339618021546,-492.94809789063765,10822.93289973343,5992.103900011529,4830.828999721902,0.07635306613002882
44425,0.13213826824191968,-457.5668144905694,10849.303642790217,5963.658708615278,4885.644934174939,0.07628741577990773
44430,0.13215314030362388,-419.16538148901964,10875.523204356616,5939.1420443953275,4936.381159961288,0.07622805169697054
44435,0.1321680123653281,-378.15478512340815,10901.567724257202,5919.2787510213775,4982.288973235824,0.0761637861155411
44440,0.13218288442703233,-334.8945477540965,10927.420385358786,5904.612737658054,5022.807647700732,0.0760956349015241
44445,0.13219775648873652,-289.6936517383265,10953.07148477972,5895.489498754017,5057.581986025703,0.07602602107466212
44450,0.13221262855044075,-242.81702920588486,10978.518314444525,5892.047153979173,5086.471160465352,0.07596870062600766
44455,0.13222750061214494,-194.4976879313117,11003.764899267044,5894.2159319853945,5109.548967281649,0.0759109671324056
44460,0.13224237267384917,-144.9539513637901,11028.821637206356,5901.725652794436,5127.09598441192,0.07585358827789747
44465,0.13225724473555336,-94.41061600797093,11053.704871517532,5914.120497316433,5139.584374201098,0.07579718943918787
44470,0.1322721167972576,-43.12218432179816,11078.436404366676,5930.7801787454055,5147.65622562127,0.07574629607761033
44475,0.13228698885896178,8.604170661388707,11103.042936949132,5950.94652298482,5152.096413964312,0.07569609023188964
44480,0.132301860920666,60.38852074773422,11127.555400227377,5973.754391845056,5153.801008382321,0.07564535878924858
44485,0.1323167329823702,111.76356352623498,11152.008129326156,5998.265817691061,5153.742311635095,0.07559494004199556
44490,0.13233160504407443,162.16770355299195,11176.43783914988,6023.506149332167,5152.931689817712,0.07554554404062384
44495,0.13234647710577865,210.9473913681677,11200.882380653897,6048.50094059703,5152.381440056866,0.07549773409653394
44500,0.13236134916748285,257.3693118257261,11225.37929225201,6072.312263375158,5153.0670288768515,0.07545191429219844
44505,0.13237622122918707,300.6418481771725,11249.964199361342,6094.073120030628,5155.891079330714,0.07540864507338052
44510,0.13239109329089127,339.94403803563637,11274.6691448612,6113.018686935998,5161.650457925202,0.07536703738403407
44515,0.1324059653525955,374.4591850700399,11299.520944540745,6128.513250824939,5171.007693715806,0.07532797481641189
44520,0.1324208374142997,403.409609204964,11324.539651434816,6140.071896638594,5184.467754796222,0.07529091389863583
44525,0.13243570947600392,426.08887017961115,11349.737187035726,6147.376249596011,5202.360937439715,0.07525551079949347
44530,0.1324505815377081,441.88823943355965,11375.116168224218,6150.283837893071,5224.832330331147,0.07522132348952851
44535,0.13246545359941234,450.31514503020844,11400.668940792208,6148.83089919923,5251.838041592978,0.07518783761456223
44540,0.13248032566111653,451.0025801801621,11426.376833904833,6143.2286855562525,5283.14814834858,0.07515449300293146
44545,0.13249519772282076,443.7097941772863,11452.209676411316,6133.853520815526,5318.3561555957895,0.07512070922451963
44550,0.13251006978452498,428.31572909829447,11478.125657271923,6121.231036327991,5356.894620943932,0.07508590883620546
44555,0.13252494184622918,404.80744397251146,11504.071652787674,6106.01516454231,5398.056488245364,0.0750495372543969
44560,0.1325398139079334,373.26608997429867,11529.984164572037,6088.96261710464,5441.021547467397,0.0750110785489098
44565,0.1325546859696376,333.85287017399423,11555.790999716754,6070.903719879538,5484.887279837216,0.07498550807453484
44570,0.13256955803134182,286.79692073272054,11581.413772248152,6052.710620802518,5528.703151445634,0.0749603880044646
44575,0.13258443009304602,232.38632709468948,11606.77121771942,6035.264018429342,5571.5071992900785,0.07493365758196611
44580,0.13259930215475024,170.9627019646323,11631.783206043643,6019.419664328406,5612.363541715237,0.07490471366880255
44585,0.13261417421645444,102.919052633084,11656.375233625764,6005.975952526976,5650.399281098788,0.07487300776513751
44590,0.13262904627815866,28.700158734063734,11680.483097637458,5995.6439060359135,5684.839191601544,0.07483805368099508
44595,0.13264391833986286,-51.195588712429526,11704.057420414509,5989.020790764103,5715.036629650405,0.07481355699876897
44600,0.13265879040156708,-136.21398881734058,11727.067707034608,5986.568427062642,5740.499279971967,0.07479766556526077
44605,0.1326736624632713,-225.74346783161127,11749.505677598738,5988.597037016036,5760.908640582702,0.07477788306764097
44610,0.1326885345249755,-319.1149499677158,11771.38769940906,5995.255182279514,5776.132517129547,0.0747536301236085
44615,0.13270340658667973,-415.6037330075178,11792.756228891893,6006.526041928613,5786.230186963279,0.07472442335239268
44620,0.13271827864838392,-514.4337174610318,11813.680235847893,6022.229983293611,5791.450252554281,0.07468987744053063
44625,0.13273315071008815,-614.7841378406301,11834.25460917066,6042.033115865866,5792.221493304794,0.07464970397416129
44630,0.13274802277179235,-715.7987712478407,11854.598532713653,6065.461302624333,5789.13723008932,0.0746314582654864
44635,0.13276289483349657,-816.5974528009338,11874.852785734502,6091.9189362028055,5782.933849531696,0.07460846707077891
44640,0.13277776689520077,-916.2896094339085,11895.17588789659,6120.711662668319,5774.464225228271,0.07457965942119334
44645,0.132792638956905,-1013.9894296523762,11915.739001458804,6151.072144860029,5764.666856598775,0.07454472951862093
44650,0.1328075110186092,-1108.8322079222453,11936.71954543684,6182.1878951973285,5754.531650239511,0.07450349380417828
44655,0.1328223830803134,-1199.9913246227043,11958.29357855749,6213.230175447425,5745.063403110065,0.07445588639598438
44660,0.13283725514201764,-1286.695234766472,11980.627163168201,6243.382963000152,5737.244200168049,0.0744128932851155
44665,0.13285212720372183,-1368.2437416619614,12003.867107203587,6271.871024236985,5731.9960829666015,0.07438203650442016
44670,0.13286699926542606,-1444.0227470740447,12028.13165948539,6297.986214942292,5730.145444543099,0.07434503531388965
44675,0.13288187132713025,-1513.5166365683672,12053.50186441668,6321.111237009348,5732.3906274073315,0.07430189983619813
44680,0.13289674338883448,-1576.3175209643614,12080.014331045142,6340.74020483815,5739.274126206992,0.0742527449518296
44685,0.13291161545053867,-1632.1307366895326,12107.656119783298,6356.495496306724,5751.160623476574,0.07419777213741396
44690,0.1329264875122429,-1680.7762949405114,12136.362299741995,6368.140467834796,5768.221831907199,0.07413724965529242
44695,0.1329413595739471,-1722.1863060210453,12166.016503398552,6375.58769485066,5790.428808547892,0.07409045998141017
44700,0.13295623163565132,-1756.398712275257,12196.454539993498,6378.902462577202,5817.552077416296,0.07404917530714204
44705,0.1329711036973555,-1783.5478723695069,12227.470866006246,6378.301291726297,5849.169574279949,0.07400291884773576
44710,0.13298597575905974,-1803.8526260435028,12258.827486081795,6374.145359686206,5884.682126395589,0.07395187829854598
44715,0.13300084782076396,-1817.602458126241,12290.264693596815,6366.92879044366,5923.335903153155,0.07389626867579285
44720,0.13301571988246816,-1825.1423357467647,12321.51296412945,6357.261950083807,5964.2510140456425,0.07383631823480874
44725,0.13303059194417238,-1826.8567746126246,12352.305281653602,6345.850101630206,6006.455180023396,0.07377225649428679
44730,0.13304546400587658,-1823.153727498442,12382.389193249073,6333.468030290913,6048.9211629581605,0.07373345555753517
44735,0.1330603360675808,-1814.4489658061684,12411.537939470449,6320.931520032252,6090.606419438197,0.07369212260034141
44740,0.133075208129285,-1801.1516995074053,12439.560084372413,6309.066806720888,6130.493277651525,0.07364676107493365
44745,0.13309008019098922,-1783.6522089239897,12466.307167489105,6298.679312513479,6167.627854975626,0.07359741072456265
44750,0.13310495225269342,-1762.3122242096815,12491.679020136178,6290.523050401087,6201.155969735091,0.07354411885171355
44755,0.13311982431439764,-1737.4586929588822,12515.626530616168,6285.272064220974,6230.354466395193,0.07357746465635788
44760,0.13313469637610184,-1709.3814413711443,12538.151803621779,6283.4951458936985,6254.65665772808,0.07356542962629635
44765,0.13314956843780607,-1678.3350681499433,12559.305828075316,6285.634872702115,6273.670955373201,0.07354017292873287
44770,0.1331644404995103,-1644.5452008879874,12579.183928186863,6291.991764797549,6287.192163389314,0.07361625929444811
44775,0.13317931256121449,-1608.2189689383322,12597.91940557052,6302.714105260707,6295.205300309813,0.07361703410894456
44780,0.1331941846229187,-1569.5591934326203,12615.675868475731,6317.793710729903,6297.882157745828,0.07355723440379318
44785,0.1332090566846229,-1528.7813849492286,12632.63877708441,6337.067698081007,6295.571079003404,0.0736452812638837
44790,0.13322392874632713,-1486.1322308828348,12649.00671001956,6360.226064859335,6288.780645160225,0.07365875854149356
44795,0.13323880080803133,-1441.907928693532,12664.982784935526,6386.82469153069,6278.158093404836,0.07358684392177665
44800,0.13325367286973555,-1396.4705548724705,12680.766561387221,6416.303189692783,6264.463371694438,0.07365477238461413
44805,0.13326854493143975,-1350.2606985148905,12696.54663772534,6448.006871825938,6248.539765899402,0.07368087275644353
44810,0.13328341699314397,-1303.8048365541563,12712.494047199672,6481.212011448814,6231.282035750858,0.07362280222029066
44815,0.13329828905484817,-1257.716349360977,12728.756480286973,6515.153494866925,6213.602985420048,0.07363276829558486
44820,0.1333131611165524,-1212.6896150447137,12745.453322257765,6549.053923868377,6196.399398389388,0.0736718819843396
44825,0.13332803317825662,-1169.4872195724565,12762.671499372824,6582.153194229174,6180.51830514365,0.07363125507128432
44830,0.1333429052399608,-1128.9209280116484,12780.462165479756,6613.737534324855,6166.724631154901,0.07358239683634976
44835,0.13335777730166504,-1091.827637522656,12798.838315876343,6643.166942909984,6155.671372966359,0.07363532212783999
44840,0.13337264936336923,-1059.042031556297,12817.773465258631,6669.89993487495,6147.873530383681,0.07362360648089702
44845,0.13338752142507346,-1031.36802589955,12837.201551121836,6693.514520191408,6143.687030930428,0.07353602124885361
44850,0.13340239348677765,-1009.5512824612451,12857.018210518667,6713.7244341887435,6143.293776329923,0.07360161196876203
44855,0.13341726554848188,-994.2550156100242,12877.083525199718,6730.389820658927,6146.69370454079,0.07360165317376174
44860,0.13343213761018607,-986.0410039899671,12897.226247620149,6743.521833032587,6153.704414587562,0.07352465652867599
44865,0.1334470096718903,-985.3571668597706,12917.24942512628,6753.2809325608405,6163.968492565439,0.07354345204784468
44870,0.1334618817335945,-992.5323327032183,12936.937249993252,6759.9689866136105,6176.968263379642,0.073554766218807
44875,0.13347675379529872,-1007.7780201378027,12956.062892589607,6764.015570762151,6192.0473218274565,0.07349058079654364
44880,0.13349162585700294,-1031.1962828491705,12974.397029434309,6765.9591353095375,6208.437894124771,0.0734564687479814
44885,0.13350649791870714,-1062.7920497973337,12991.71675476176,6766.423905475649,6225.29284928611,0.07348094990737648
44890,0.13352136998041136,-1102.4879991075668,13007.814555434377,6766.093548572368,6241.72100686201,0.07343167490583398
44895,0.13353624204211556,-1150.1398791585598,13022.507025216179,6765.682765591148,6256.82425962503,0.07335475104037723
44900,0.13355111410381978,-1205.550328055493,13035.64298886482,6765.908047849886,6269.734941014934,0.0733940862954068
44905,0.13356598616552398,-1268.4795985283017,13047.110697886888,6767.458874433878,6279.65182345301,0.0733616041725367
44910,0.1335808582272282,-1338.6520983822465,13056.843752972263,6770.970602803333,6285.87315016893,0.07324839983752887
44915,0.1335957302889324,-1415.7582288782742,13064.82541285197,6777.00021447175,6287.825198380219,0.07329835850119927
44920,0.13361060235063663,-1499.4515764919015,13071.090977507693,6786.005917513842,6285.08505999385,0.07328423803037777
44925,0.13362547441234082,-1589.3420380485004,13075.727995469339,6798.331383992529,6277.39661147681,0.0731914865731861
44930,0.13364034647404505,-1684.985903291914,13078.87414532155,6814.195128551504,6264.679016770046,0.07318690953641625
44935,0.13365521853574927,-1785.8742586593398,13080.712777002143,6833.685238046036,6247.0275389561075,0.07319241314379644
44940,0.13367009059745347,-1891.4212890902818,13081.466256782256,6856.759369909199,6224.706886873057,0.07312167933735249
44945,0.1336849626591577,-2000.9541189074298,13081.38742089505,6883.249678401205,6198.137742493845,0.07306203991306731
44950,0.1336998347208619,-2113.7057346850215,13080.749583072395,6912.872127491975,6167.877455580419,0.07308815086695371
44955,0.1337147067825661,-2228.8122786080894,13079.835638819106,6945.239521171458,6134.596117647648,0.07304071344559188
44960,0.1337295788442703,-2345.3156196286654,13078.926849277868,6979.877527295877,6099.049321981991,0.072931369784732
44965,0.13374445090597453,-2462.1716518203784,13078.291866380796,7016.242976635771,6062.048889745025,0.07297874810982725
44970,0.13375932296767873,-2578.2642900475294,13078.176487529521,7053.743761397499,6024.432726132022,0.07295552855064628
44975,0.13377419502938295,-2692.424679479879,13078.79452148121,7091.7597103306425,5987.034811150567,0.07285338162029108
44980,0.13378906709108715,-2803.4547368049025,13080.320032264575,7129.663857981658,5950.656174282917,0.0728620697476616
44985,0.13380393915279137,-2910.153811186431,13082.881128438412,7166.843542037926,5916.037586400485,0.07286351727856458
44990,0.1338188112144956,-3011.347001736979,13086.55539700015,7202.720756718712,5883.834640281437,0.07278907782575131
44995,0.1338336832761998,-3105.9135127148184,13091.367049219441,7236.771175317543,5854.595873901899,0.07273292399805194
45000,0.13384855533790402,-3192.8133989682783,13097.285841387487,7268.541250293836,5828.744591093651,0.07275888442511069
45005,0.13386342739960821,-3271.1111874616636,13104.22783939517,7297.662822338119,5806.56501705705,0.07271209144622635
45010,0.13387829946131244,-3339.99517732607,13112.058091004319,7323.864730807983,5788.1933601963365,0.07259300899521309
45015,0.13389317152301664,-3398.7917027935355,13120.595236108507,7346.981017427552,5773.614218680956,0.07264254741710022
45020,0.13390804358472086,-3446.9742209636906,13129.618014847912,7366.955445089901,5762.662569758011,0.07262247992226237
45025,0.13392291564642506,-3484.167644768422,13138.873529443355,7383.842200695387,5755.0313287479685,0.07252484113775864
45030,0.13393778770812928,-3510.148752053323,13148.08699183996,7397.802800548933,5750.284191291027,0.07251424932071898
45035,0.13395265976983348,-3524.8436654014868,13156.972565403008,7409.099356391549,5747.873209011459,0.07251911369327169
45040,0.1339675318315377,-3528.323285856718,13165.244805403707,7418.084481404172,5747.160323999535,0.07244942862020756
45045,0.13398240389324192,-3520.7972341231152,13172.630135845959,7425.188215425981,5747.441920419978,0.072366574969451
45050,0.13399727595494612,-3502.606431446219,13178.877778159964,7430.902428899143,5747.975349260821,0.07239395287710139
45055,0.13401214801665035,-3474.2140900749146,13183.769571764155,7435.763230332095,5748.006341432059,0.07235004733737954
45060,0.13402702007835454,-3436.1947041671483,13187.128192568856,7440.331957652881,5746.796234915975,0.0722275973853223
45065,0.13404189214005877,-3389.220693221674,13188.82337471844,7445.17538289186,5743.64799182658,0.07224041782867882
45070,0.13405676420176296,-3334.046631431758,13188.77586356227,7450.845801671873,5737.930061890397,0.07222010186209826
45075,0.1340716362634672,-3271.4914128755017,13186.958964807765,7457.861709002713,5729.097255805053,0.07212485248551025
45080,0.13408650832517138,-3202.419137085917,13183.397697616989,7466.689772251205,5716.707925365784,0.0720578644211781
45085,0.1341013803868756,-3127.7198349366818,13178.165700047874,7477.728790336851,5700.436909711023,0.07205934074084912
45090,0.1341162524485798,-3048.2913005121563,13171.38016473891,7491.296265711569,5680.083899027341,0.07199006464468684
45095,0.13413112451028403,-2965.023206116056,13163.195191021012,7507.6181076815665,5655.577083339445,0.07198230838966986
45100,0.13414599657198825,-2878.784365502929,13153.794015756075,7526.821835110943,5626.9721806451325,0.07205116908614548
45105,0.13416086863369245,-2790.4135408428338,13143.38061950518,7548.933465942335,5594.447153562845,0.07212900869020188
45110,0.13417574069539667,-2700.713668442947,13132.171191184512,7573.878090524972,5558.29310065954,0.07240604395708479
45115,0.13419061275710087,-2610.448924680053,13120.38587357199,7601.483949216095,5518.901924355894,0.07265863291553634
45120,0.1342054848188051,-2520.3437618358985,13108.24111186997,7631.489693335153,5476.751418534816,0.07288619703649948
45125,0.1342203568805093,-2431.0829564591395,13095.942803187238,7663.554415843683,5432.388387343554,0.07308817336762401
45130,0.1342352289422135,-2343.31181364027,13083.68031653529,7697.269996599788,5386.410319935502,0.07329270576418902
45135,0.1342501010039177,-2257.635895488055,13071.621342711249,7732.175308204411,5339.446034506838,0.07355660349502265
45140,0.13426497306562193,-2174.6199095770826,13059.907460688297,7767.771854863601,5292.135605824696,0.07379655975203306
45145,0.13427984512732613,-2094.7856333790105,13048.650285062165,7803.540446843283,5245.109838218883,0.07401160114705634
45150,0.13429471718903035,-2018.6089288642534,13037.928091260508,7838.95852673994,5198.969564520568,0.07420076508201878
45155,0.13430958925073458,-1946.5160201043764,13027.782894240872,7873.517747863762,5154.26514637711,0.07440266674612059
45160,0.13432446131243878,-1878.87929657917,13018.218064379624,7906.741357307512,5111.476707072112,0.07465221234729189
45165,0.134339333374143,-1816.0129992454213,13009.196675811269,7938.200866542799,5070.995809268469,0.0748770864976822
45170,0.1343542054358472,-1758.1692573883856,13000.640869904511,7967.531420247269,5033.109449657242,0.07507602923779479
45175,0.13436907749755142,-1705.535048234904,12992.432555848787,7994.445223533138,4997.987332315649,0.07524785668222499
45180,0.13438394955925562,-1658.2306968039484,12984.415746729555,8018.742380892934,4965.673365836621,0.07545810205875429
45185,0.13439882162095984,-1616.310466969304,12976.400741225982,8040.318551225929,4936.082190000053,0.07568946722334527
45190,0.13441369368266404,-1579.765593501209,12968.17021924695,8059.168936022338,4909.001283224611,0.07589451937474949
45195,0.13442856574436826,-1548.529796277724,12959.487146020942,8075.388285023455,4884.098860997487,0.07607192160212434
45200,0.13444343780607246,-1522.4869732308507,12950.104199894235,8089.166810015053,4860.937389879182,0.07622050496571114
45205,0.13445830986777668,-1501.4804744050207,12939.774280547279,8100.782122182163,4838.992158365116,0.07644413378459854
45210,0.1344731819294809,-1485.323181691515,12928.261537220487,8110.587529688118,4817.67400753237,0.07665147373017518
45215,0.1344880539911851,-1473.8075770744344,12915.352293451582,8118.997230135535,4796.355063316048,0.07683051720190365
45220,0.13450292605288933,-1466.7150472236663,12900.865239184055,8126.469092382983,4774.396146801072,0.07698011764242739
45225,0.13451779811459352,-1463.8237852075526,12884.660308439354,8133.48583445597,4751.174473983384,0.07711704557790756
45230,0.13453267017629775,-1464.9147542680603,12866.645750547672,8140.535464669026,4726.110285878646,0.0773464395577772
45235,0.13454754223800194,-1469.7752486108966,12846.783021728406,8148.091861566741,4698.691160161666,0.07754990627278747
45240,0.13456241429970617,-1478.1996394951666,12825.089257636797,8156.59632786014,4668.492929776657,0.077725293113864
45245,0.13457728636141036,-1489.9869801794948,12801.637224420989,8166.440869464904,4635.196354956085,0.07787258240049634
45250,0.1345921584231146,-1504.9353123546734,12776.552777263629,8177.953830325309,4598.598946938319,0.07807663970419923
45255,0.13460703048481878,-1522.8327974724853,12750.00997652611,8191.388366663102,4558.6216098630075,0.07827395840273958
45260,0.134621902546523,-1543.4461764746493,12722.22412060392,8206.914083244648,4515.3100373592715,0.0784433999977085
45265,0.13463677460822723,-1566.5074889115776,12693.44305090851,8224.61199337826,4468.831057530251,0.07858486082118443
45270,0.13465164666993143,-1591.7003787406993,12663.937166683458,8244.472817017899,4419.464349665559,0.07874550239143957
45275,0.13466651873163565,-1618.647593384053,12633.988652215228,8266.398507307544,4367.590144907685,0.07893356675394417
45280,0.13468139079333985,-1646.901373815329,12603.880460197317,8290.206799326646,4313.673660870671,0.07909373622018122
45285,0.13469626285504407,-1675.9382985155144,12573.885605000962,8315.6385038519,4258.247101149062,0.07922586178737125
45290,0.13471113491674827,-1705.1597881369453,12544.257291632137,8342.367217024985,4201.890074607152,0.07932999509392351
45295,0.1347260069784525,-1733.8989466755866,12515.220337386216,8370.011075729803,4145.209261656413,0.07948749990533202
45300,0.1347408790401567,-1761.4337805762498,12486.964236978598,8398.146152059808,4088.81808491879,0.07963567411373519
45305,0.13475575110186092,-1787.006176396726,12459.638088657099,8426.321046523715,4033.3170421333834,0.07975564696432576
45310,0.1347706231635651,-1809.8453993962557,12433.347454871397,8454.072210653127,3979.27524421827,0.07984751137989467
45315,0.13478549522526934,-1829.194358737578,12408.15309562284,8480.93950974614,3927.2135858766997,0.0799115279125971
45320,0.13480036728697356,-1844.336522955251,12384.071403532778,8506.481530124765,3877.589873408013,0.08002181099994986
45325,0.13481523934867776,-1854.6212093567283,12361.076299450035,8530.290145496005,3830.78615395403,0.08012869938731236
45330,0.13483011141038198,-1859.4850460423568,12339.10232044718,8552.003884200632,3787.098436246548,0.08020754990634116
45335,0.13484498347208618,-1858.46772999543,12318.048644069011,8571.31968107279,3746.7289629962215,0.08025875699293546
45340,0.1348598555337904,-1851.2207666141912,12297.78383216166,8588.002650518085,3709.781181643575,0.08028284761540934
45345,0.1348747275954946,-1837.508628239365,12278.1511292493,8601.893577395145,3676.2575518541544,0.08039276983114835
45350,0.13488959965719882,-1817.2026215576307,12258.974198707943,8612.913887057823,3646.0603116501206,0.08047950876384785
45355,0.13490447171890302,-1790.2685822935864,12240.063212820181,8621.067925264939,3618.9952875552426,0.0805490027580371
45360,0.13491934378060724,-1756.7501912756743,12221.221223296567,8626.442454488191,3594.7787688083754,0.08067638474910539
45365,0.13493421584231144,-1716.750126593175,12202.25072614198,8629.203357449145,3573.0473686928344,0.08077927975910681
45370,0.13494908790401566,-1670.4113774632933,12182.960302996686,8629.589632016105,3553.370670980581,0.08085774361496426
45375,0.1349639599657199,-1617.900846376734,12163.171178391667,8627.904861135014,3535.2663172566536,0.08091185434109323
45380,0.13497883202742408,-1559.3969101091325,12142.723488374246,8624.506441189871,3518.2170471843747,0.08094172753993589
45385,0.1349937040891283,-1495.081988716499,12121.482020578062,8619.792943864277,3501.6890767137847,0.08099841313026
45390,0.1350085761508325,-1425.1404876608622,12099.341167231643,8614.190061556914,3485.1511056747295,0.08107191445045846
45395,0.13502344821253673,-1349.7618203939392,12076.228836652357,8608.135638724289,3468.0931979280685,0.08112098850300335
45400,0.13503832027424092,-1269.1476516848243,12052.109098274692,8602.064319523715,3450.0447787509765,0.08114583321983308
45405,0.13505319233594515,-1183.5220712864184,12026.983390927266,8596.392348525718,3430.5910424015474,0.08114667646977086
45410,0.13506806439764935,-1093.143142411349,12000.890200397891,8591.50305094166,3409.387149456232,0.08112379326936255
45415,0.13508293645935357,-998.3141825518378,11973.90320374433,8587.733495967497,3386.169707776833,0.08115058604492462
45420,0.13509780852105777,-899.3932220543247,11946.12797523354,8585.362812732725,3360.7651625008148,0.0811793677841103
45425,0.135112680582762,-796.7993327816721,11917.697441450064,8584.602580896326,3333.094860553738,0.08128162655032029
45430,0.13512755264446621,-691.0148957261008,11888.76635009034,8585.589653086097,3303.1766970042427,0.0813591642248293
45435,0.1351424247061704,-582.5833382893734,11859.505068468372,8588.381680955574,3271.123387512798,0.08141169774303225
45440,0.13515729676787464,-472.10236369402446,11830.093047440383,8592.95551155505,3237.137535885333,0.08143902462490038
45445,0.13517216882957883,-360.2131614591299,11800.712272486051,8599.208502328369,3201.503770157682,0.08144104543029593
45450,0.13518704089128306,-247.58647968424884,11771.540979930243,8606.962682291134,3164.578297639109,0.08144017479655037
45455,0.13520191295298725,-134.90671519945954,11742.747851556414,8615.971576272943,3126.7762752834715,0.08149719513794877
45460,0.13521678501469148,-22.85530801895493,11714.486827485765,8625.929418305228,3088.5574091805374,0.08152782103726756
45465,0.13523165707639567,87.90529382005934,11686.892608528431,8636.482413350886,3050.4101951775447,0.0815322161058106
45470,0.1352465291380999,196.74598517162121,11660.076867142798,8647.241660541471,3012.8352066013267,0.08151067916966633
45475,0.1352614011998041,303.0828067576831,11634.1251587353,8657.797318092804,2976.327840642496,0.08153710285418944
45480,0.13527627326150832,406.38564761964244,11609.094524918257,8667.733561403258,2941.3609635149987,0.08156041719733326
45485,0.13529114532321254,506.18362886085106,11585.011803751406,8676.643855719602,2908.367948031804,0.0815558290459832
45490,0.13530601738491674,602.0672702031925,11561.872699248212,8684.146033149236,2877.7266660989753,0.08160045369368928
45495,0.13532088944662096,693.6878153902808,11539.641700119399,8689.89663644414,2849.7450636752583,0.08166301373479519
45500,0.13533576150832516,780.7543014821949,11518.252961640334,8693.603979122769,2824.648982517565,0.08169680324108987
45505,0.13535063357002938,863.0290890677234,11497.61226345878,8695.039383839381,2802.572879619398,0.08170202259447787
45510,0.13536550563173358,940.322613958434,11477.600124441164,8694.046105869349,2783.5540185718146,0.08167908780013354
45515,0.1353803776934378,1012.4880681431487,11458.076094285652,8690.545527842636,2767.530566443016,0.0816509743021668
45520,0.135395249755142,1079.4165709161134,11438.884157504983,8684.54032150664,2754.343835998343,0.08167696340300203
45525,0.13541012181684622,1141.0331686236104,11419.85908928589,8676.11440457766,2743.74468470823,0.08167278782198616
45530,0.13542499387855042,1197.2937360695687,11400.833507003777,8665.42966636688,2735.403840636898,0.08165477189090142
45535,0.13543986594025464,1248.1825920934543,11381.645277610127,8652.719585816802,2728.9256917933253,0.08172916209457787
45540,0.13545473800195887,1293.7104451339937,11362.144879924952,8638.280011350666,2723.8648685742864,0.081772846532767
45545,0.13546961006366307,1333.9122063689601,11342.202289958526,8622.457505185279,2719.7447847732474,0.08178594625462719
45550,0.1354844821253673,1368.8442776871461,11321.712962584346,8605.635766965122,2716.077195619224,0.08176879731619682
45555,0.13549935418707149,1398.5811288725308,11300.602527508367,8588.220735040579,2712.381792467788,0.08176394843841756
45560,0.1355142262487757,1423.211275835929,11278.829901201905,8570.625012797267,2708.204888404638,0.08180612368674958
45565,0.1355290983104799,1442.8330863658093,11256.38863405781,8553.252279426286,2703.1363546315242,0.0818156751044817
45570,0.13554397037218413,1457.551089970024,11233.30645219221,8536.482319845412,2696.8241323467973,0.08179255957861825
45575,0.13555884243388833,1467.4735866139335,11209.643099950457,8520.65725112307,2688.9858488273876,0.0817369403467317
45580,0.13557371449559255,1472.7123020783893,11185.486723539472,8506.069439961935,2679.417283577537,0.08169088978614931
45585,0.13558858655729675,1473.3846336909473,11160.949140729208,8492.951506761572,2667.997633967636,0.08169493553890764
45590,0.13560345861900097,1469.618708814628,11136.160403200944,8481.46870589762,2654.691697303324,0.08166943313970187
45595,0.1356183306807052,1461.5610967079183,11111.263071233478,8471.71386723547,2639.549203998007,0.08163057172706324
45600,0.1356332027424094,1449.3866351894594,11086.406587729807,8463.704986789526,2622.7016009402814,0.08168316295909295
45605,0.13564807480411362,1433.309513781478,11061.742069912969,8457.385468392384,2604.356601520585,0.08170845756146122
45610,0.1356629468658178,1413.5945345564232,11037.417746336308,8452.626944343434,2584.7908019928745,0.08169814448613902
45615,0.13567781892752204,1390.5673685536576,11013.575168726624,8449.234539765774,2564.34062896085,0.08165256009553018
45620,0.13569269098922623,1364.6226402705588,10990.346235111729,8446.954390056804,2543.3918450549245,0.08157226531005042
45625,0.13570756305093046,1336.2287951915023,10967.85098156191,8445.483169622934,2522.367811938977,0.0815629316395123
45630,0.13572243511263465,1305.928918786065,10946.196039734272,8444.479340004353,2501.716699729919,0.08155070934500935
45635,0.13573730717433888,1274.336959259479,10925.473618491289,8443.575774603398,2481.897843887891,0.08150129016499957
45640,0.13575217923604307,1242.1291421576725,10905.760850352735,8442.393365808304,2463.367484544431,0.08141523211314158
45645,0.1357670512977473,1210.0307372130328,10887.119346329615,8440.55516998345,2446.5641763461645,0.08129328346679998
45650,0.13578192335945152,1178.7987293531442,10869.594823362826,8437.700599234608,2431.8942241282184,0.0812426644589285
45655,0.13579679542115572,1149.2013316116727,10853.216703715005,8433.499129785834,2419.7175739291706,0.0811980613817669
45660,0.13581166748285994,1121.995621614179,10837.997631125607,8427.66297053295,2410.3346605926563,0.08111582849035719
45665,0.13582653954456414,1097.9048393649136,10823.932899948157,8419.958128861816,2403.974771086341,0.08099674139404517
45670,0.13584141160626836,1077.597000921478,10810.999846548688,8410.213332302277,2400.7865142464107,0.0808417240688673
45675,0.13585628366797256,1061.6664171379362,10799.157302537467,8398.32632221652,2400.8309803209468,0.0807392228508264
45680,0.13587115572967678,1050.6194419093408,10788.345252651812,8384.267136768853,2404.0781158829595,0.08067565564946469
45685,0.13588602779138098,1044.865332967378,10778.484871357527,8368.078149246596,2410.406722110931,0.08057513365622768
45690,0.1359008998530852,1044.7125518108714,10769.47912608302,8349.87082369723,2419.60830238579,0.08043852984931868
45695,0.1359157719147894,1050.3702464801108,10761.214125560426,8329.819384108983,2431.3947414514423,0.08026681860460352
45700,0.13593064397649363,1061.9541449753942,10753.561354679245,8308.151846960021,2445.4095077192233,0.08011046600982939
45705,0.13594551603819785,1079.4957168439641,10746.380871652205,8285.139109370708,2461.2417622814974,0.08012082173039972
45710,0.13596038809990205,1102.9532795403456,10739.525453629347,8261.082977042535,2478.4424765868116,0.08012424297068566
45715,0.13597526016160627,1132.2237379199814,10732.845573148248,8236.304116488684,2496.5414566595646,0.08012055216938081
45720,0.13599013222331047,1167.1538168689167,10726.194984412215,8211.130891411462,2515.064093000754,0.08013083553389505
45725,0.1360050042850147,1207.5499250568155,10719.436611355724,8185.88987758613,2533.5467337695945,0.08013902823047582
45730,0.1360198763467189,1253.1861128181272,10712.448372900724,8160.898553202395,2551.549819698329,0.0801392316784933
45735,0.1360347484084231,1303.8099061580951,10705.128563969944,8136.46026863796,2568.6682953319832,0.08013116626321354
45740,0.1360496204701273,1359.146069237101,10697.400435954323,8112.861171634212,2584.539264320111,0.08013028397565684
45745,0.13606449253183153,1418.8985423482227,10689.215682916158,8090.3683744961,2598.8473084200577,0.08013364089807887
45750,0.13607936459353573,1482.7509108394124,10680.556629554001,8069.228371457683,2611.3282580963178,0.08012758653383131
45755,0.13609423665523995,1550.365788536732,10671.437020485175,8049.6646022738305,2621.7724182113443,0.08011180920601606
45760,0.13610910871694418,1621.383463643795,10661.90141372686,8031.873142218727,2630.028271508134,0.08009647899905277
45765,0.13612398077864837,1695.4200773465136,10652.023272492439,8016.015779291018,2636.0074932014213,0.08009128870352965
45770,0.1361388528403526,1772.065507980602,10641.9019202207,8002.210189190735,2639.691731029965,0.08007539195806095
45775,0.1361537249020568,1850.8810406410294,10631.658569832935,7990.5174868170225,2641.141083015912,0.08004865740250518
45780,0.13616859696376102,1931.396839245279,10621.431659253527,7980.928051232954,2640.5036080205728,0.08001323414924948
45785,0.13618346902546521,2013.1092309095775,10611.37172394524,7973.34710887678,2638.0246150684598,0.0799978055766327
45790,0.13619834108716944,2095.4778825535204,10601.636018907884,7967.582031052824,2634.05398785506,0.07997145939732946
45795,0.13621321314887364,2177.923107497387,10592.383073906694,7963.333572867102,2629.0495010395925,0.079934361810447
45800,0.13622808521057786,2259.8237758196947,10583.767333776645,7960.193282460556,2623.574051316089,0.07988671837755737
45805,0.13624295727228206,2340.516582649616,10575.93400708502,7957.648999911207,2618.285007173812,0.07985500226152085
45810,0.13625782933398628,2419.2976945229375,10569.014226046644,7955.099742556096,2613.9144834905474,0.07982287499115916
45815,0.1362727013956905,2495.427968715486,10563.120610752985,7951.880382454601,2611.240228298384,0.07978078968850073
45820,0.1362875734573947,2568.142941984288,10558.34333055067,7947.295453305261,2611.047877245409,0.07972883696496133
45825,0.13630244551909892,2636.6685413289006,10554.746761139082,7940.660305154131,2614.0864559849515,0.07968954644799946
45830,0.13631731758080312,2700.2429390129464,10552.366842423513,7931.346799694339,2621.020042729174,0.07965430718158209
45835,0.13633218964250735,2758.144161898482,10551.209244457566,7918.829945526063,2632.3792989315034,0.07961109497090268
45840,0.13634706170421154,2809.7220350464713,10551.24844386742,7902.731424094463,2648.5170197729567,0.07957638379535542
45845,0.13636193376591577,2854.4319189775815,10552.42780020644,7882.8559243919035,2669.5718758145367,0.07954954590987873
45850,0.13637680582761996,2891.866678652539,10554.660701922981,7859.216607780031,2695.4440941429502,0.07951426378749764
45855,0.1363916778893242,2921.782634833853,10557.832826550632,7832.046829372838,2725.7859971777934,0.0794702705218698
45860,0.13640654995102838,2944.1151373493412,10561.805529739615,7801.796366485963,2760.0091632536523,0.07941736283952103
45865,0.1364214220127326,2958.980054339292,10566.42034137606,7769.111728717192,2797.3086126588687,0.0793818185597764
45870,0.13643629407443683,2966.6589596711465,10571.504501549072,7734.801509766979,2836.7029917820937,0.0793471444657064
45875,0.13645116613614103,2967.5680104079274,10576.877412298269,7699.789048164297,2877.0883641339715,0.0793034276202145
45880,0.13646603819784525,2962.2131281420297,10582.357812981394,7665.055767305371,2917.302045676023,0.07925063663614819
45885,0.13648091025954945,2951.136663475615,10587.7714115297,7631.579366549162,2956.1920449805384,0.0791898551484996
45890,0.13649578232125367,2934.862699871326,10592.95862889634,7600.271469763434,2992.6871591329063,0.0791586334231557
45895,0.13651065438295787,2913.8490741708756,10597.782050763231,7571.919375655564,3025.862675107667,0.07911853210008446
45900,0.1365255264446621,2888.4537747530158,10602.133141394032,7547.136199072293,3054.996942321739,0.07906948446939639
45905,0.1365403985063663,2858.9216019473733,10605.937769998007,7526.322980207758,3079.6147897902492,0.079011419366169
45910,0.1365552705680705,2825.3940800474093,10609.16013705074,7509.645335913784,3099.5148011369556,0.07895846414072213
45915,0.1365701426297747,2787.942041267547,10611.8047683695,7497.0260281753735,3114.778740194127,0.07892503640278843
45920,0.13658501469147893,2746.6166167316496,10613.91636452489,7488.153543798298,3125.7628207265916,0.07888221491897912
45925,0.13659988675318316,2701.511142706134,10615.577443381968,7482.505540346656,3133.071903035312,0.07882974541187941
45930,0.13661475881488735,2652.8242357598883,10616.903881385408,7479.3849332198115,3137.518948165596,0.07876740300350467
45935,0.13662963087659158,2600.913403581877,10618.038629088924,7477.96557103288,3140.073058056044,0.07872323547465593
45940,0.13664450293829578,2546.329269071214,10619.1440316472,7477.343929369387,3141.8001022778126,0.07868695931744697
45945,0.136659375,2489.822818173273,10620.393308701989,7476.593065006165,3143.800243695824,0.07864021841367766
45950,0.1366742470617042,2432.3218202663893,10621.961825190749,7474.815196311552,3147.146628879196,0.07858285346859151
45955,0.13668911912340842,2374.877242987418,10624.018803478022,7471.189665399677,3152.829138078345,0.07851479110185602
45960,0.13670399118511262,2318.58539744839,10626.72008153875,7465.013632290959,3161.7064492477903,0.07847861092815556
45965,0.13671886324681684,2264.495880494661,10630.202411944634,7455.73358259726,3174.4688293473746,0.07843889080781845
45970,0.13673373530852104,2213.5183224673183,10634.579630054563,7442.966529260649,3191.613100793914,0.0783882473006805
45975,0.13674860737022526,2166.341886930487,10639.940812306153,7426.510588750141,3213.4302235560117,0.07832664801415158
45980,0.13676347943192949,2123.3801300003024,10646.35031837455,7406.345349578854,3240.004968795696,0.07825690020247901
45985,0.13677835149363368,2084.750359098258,10653.849389739267,7382.623069766732,3271.226319972535,0.0782266051371147
45990,0.1367932235553379,2050.2915863538556,10662.458789502123,7355.6521955565295,3306.8065939455937,0.07818505864133707
45995,0.1368080956170421,2019.6193963716587,10672.181841239208,7325.874960164193,3346.3068810750146,0.07813212731767473
46000,0.13682296767874633,1992.2105075071677,10683.007182510319,7293.840895496889,3389.1662870134296,0.0780677264790662
46005,0.13683783974045052,1967.5053956690736,10694.910608041428,7260.177993346182,3434.7326146952455,0.07800148791616207
46010,0.13685271180215475,1945.014728686563,10707.855543264142,7225.563028161705,3482.2925151024374,0.0779700819360766
46015,0.13686758386385894,1924.4148472518955,10721.791947728561,7190.692256234864,3531.0996914936977,0.07792653710064283
46020,0.13688245592556317,1905.6190863209395,10736.65376666649,7156.253393352771,3580.400373313719,0.07787068314080191
46025,0.13689732798726736,1888.815018495664,10752.355376119645,7122.899494981796,3629.4558811378492,0.07780242152529986
46030,0.1369122000489716,1874.4621850870653,10768.787741481075,7091.225156313649,3677.5625851674267,0.077732986291281
46035,0.1369270721106758,1863.2499463279146,10785.815174217922,7061.745333366617,3724.0698408513044,0.07769846292084011
46040,0.13694194417238,1856.0201227362322,10803.273589535396,7034.877062261167,3768.396527274229,0.0776506652696968
46045,0.13695681623408423,1853.6635639856568,10820.971031832996,7010.924406516455,3810.0466253165414,0.0775894535519544
46050,0.13697168829578843,1857.0031977814315,10838.690971555163,6990.0670614973105,3848.6239100578523,0.07751479192472233
46055,0.13698656035749265,1866.6780949180056,10856.19853928273,6972.353149272728,3883.845390010002,0.07743310134834873
46060,0.13700143241919685,1883.043365440546,10873.249514511843,6957.696798824046,3915.552715687797,0.07739286121389839
46065,0.13701630448090107,1906.0991527789838,10889.60158407206,6945.88108194225,3943.7205021298096,0.07733853704154299
46070,0.13703117654260527,1935.458694761187,10905.027163321844,6936.5667337327495,3968.460429589094,0.07727021865333361
46075,0.1370460486043095,1970.3606851741933,10919.326939587074,6929.306819479754,3990.0201201073196,0.07718814384717906
46080,0.1370609206660137,2009.725546445724,10932.34323669716,6923.56713358682,4008.776103110339,0.07709284171465743
46085,0.13707579272771792,2052.249452161849,10943.97228701155,6918.751672148928,4025.220614862621,0.07704380907995545
46090,0.13709066478942214,2096.524843707566,10954.174512961583,6914.232065863596,4039.9424470979866,0.07698579463352094
46095,0.13710553685112634,2141.1725416904983,10962.981959753282,6909.379457057196,4053.602502696086,0.0769145310911272
46100,0.13712040891283056,2184.9689350358276,10970.502098326766,6903.597010027943,4066.905088298823,0.07683040673601921
46105,0.13713528097453476,2226.952399160472,10976.917357400864,6896.35109867027,4080.5662587305933,0.07677081812063126
46110,0.13715015303623898,2266.4959424713943,10982.479967248351,6887.199240137085,4095.280727111266,0.0767034019594701
46115,0.13716502509794318,2303.3376512094273,10987.502011427672,6875.81303781769,4111.688973609982,0.07662389546573893
46120,0.1371798971596474,2337.566084202489,10992.340968055163,6861.994741999856,4130.346226055307,0.07655398909944694
46125,0.1371947692213516,2369.5635324484992,10997.381438599507,6845.68649790773,4151.6949406917765,0.0764958684459113
46130,0.13720964128305582,2399.9152128806063,11003.01415468441,6826.971882176469,4176.042272507941,0.07645503318335495
46135,0.13722451334476002,2429.2963847969604,11009.613665644005,6806.069876637767,4203.543789006238,0.07649198287762148
46140,0.13723938540646424,2458.3516728446493,11017.516295481686,6783.321936871029,4234.194358610657,0.0765253749073233
46145,0.13725425746816847,2487.5814105776153,11026.999989946682,6759.17323207185,4267.826757874832,0.0765695117898343
46150,0.13726912952987266,2517.248647921144,11038.26754687133,6734.1494249451225,4304.118121926207,0.07660845504388539
46155,0.1372840015915769,2547.317806706943,11051.434451365038,6708.830507521971,4342.603943843066,0.0766664152156135
46160,0.13729887365328108,2577.4321332431346,11066.5221554894,6683.823214940239,4382.69894054916,0.07673932082968592
46165,0.1373137457149853,2606.932477405162,11083.45719574019,6659.733428633991,4423.7237671061985,0.07680794498723403
46170,0.1373286177766895,2634.914990292541,11102.07608294005,6637.139791337606,4464.936291602444,0.076888754816633
46175,0.13734348983839373,2660.3206093221215,11122.1354784352,6616.569532097582,4505.565946337619,0.07696498547870584
46180,0.13735836190009793,2682.045257856831,11143.32682891407,6598.477279268337,4544.8495496457335,0.07703606551453641
46185,0.13737323396180215,2699.0570654619187,11165.294395081495,6583.227451159548,4582.066943921947,0.07710169292575562
46190,0.13738810602350635,2710.506037407901,11187.655482458551,6571.080670479171,4616.57481197938,0.07716154514353572
46195,0.13740297808521057,2715.8126773627055,11210.021652489067,6562.184547761128,4647.83710472794,0.07721529346231291
46200,0.1374178501469148,2714.7250148918693,11232.019733011924,6556.569105670226,4675.450627341698,0.07726261754721907
46205,0.137432722208619,2707.3379100042175,11253.311530454894,6554.147047376436,4699.164483078458,0.0773032193753209
46210,0.13744759427032321,2694.073722844787,11273.61125105752,6554.718981254691,4718.892269802829,0.07735267949026538
46215,0.1374624663320274,2675.628604887579,11292.699758899545,6557.983576462651,4734.716182436894,0.07743303076462976
46220,0.13747733839373164,2652.8929511163487,11310.43494314303,6563.552423464087,4746.882519678942,0.07751556894707294
46225,0.13749221045543583,2626.8572999023754,11326.757651667924,6570.969110047784,4755.78854162014,0.07759124481552933
46230,0.13750708251714006,2598.515852094916,11341.692885647315,6579.731717208901,4761.9611684384145,0.07765985059493323
46235,0.13752195457884425,2568.7788518391435,11355.346237535527,6589.317632379837,4766.02860515569,0.07773765092380146
46240,0.13753682664054848,2538.402702016304,11367.895872206294,6599.209326866122,4768.686545340172,0.07780826810455366
46245,0.13755169870225267,2507.943454622605,11379.580660137792,6608.919608666813,4770.661051470979,0.07787136785501679
46250,0.1375665707639569,2477.7358515418073,11390.685328513848,6618.014883195522,4772.670445318326,0.07792684837875398
46255,0.13758144282566112,2447.8969484438067,11401.523663514048,6626.135141934913,4775.388521579135,0.07797463487690925
46260,0.13759631488736532,2418.3509252006243,11412.420855290355,6633.009721200978,4779.411134089377,0.07801467687996516
46265,0.13761118694906954,2388.870161419525,11423.696030035375,6638.46826418691,4785.2277658484645,0.0780469461781357
46270,0.13762605901077374,2359.127032939584,11435.645886183745,6642.4466986393045,4793.199187544441,0.07810829854095208
46275,0.13764093107247796,2328.751004968114,11448.530181912747,6644.988341115463,4803.541840797284,0.07819127449890328
46280,0.13765580313418216,2297.3862049235204,11462.559647568645,6646.240422472167,4816.3192250964785,0.07826721738255743
46285,0.13767067519588638,2264.745474762287,11477.886748296307,6646.4464077399225,4831.440340556384,0.07833601622235996
46290,0.13768554725759058,2230.657696612412,11494.599611044472,6645.934502543589,4848.665108500883,0.07839757496736727
46295,0.1377004193192948,2195.105819599573,11512.719349995366,6645.102757654716,4867.616592340651,0.07846664699901772
46300,0.137715291380999,2158.2534654263654,11532.200954913787,6644.401251312155,4887.799703601632,0.07852965905972027
46305,0.13773016344270322,2120.458326093095,11552.937820484241,6644.311962972471,4908.625857511771,0.07858498370848895
46310,0.13774503550440745,2082.2709141529303,11574.769865544777,6645.327133288439,4929.442732256338,0.07863247943973942
46315,0.13775990756611164,2044.417713294184,11597.49500261771,6647.927087774601,4949.567914843109,0.0786719951932392
46320,0.13777477962781587,2007.7684986490176,11620.88346898808,6652.558631536795,4968.324837451286,0.07870336567918262
46325,0.13778965168952007,1973.2885845302953,11644.6942383057,6659.615156307935,4985.079081997765,0.07874895352593207
46330,0.1378045237512243,1941.9779794931483,11668.692432714772,6669.419518930947,4999.272913783825,0.07883090105567345
46335,0.13781939581292849,1914.800793324649,11692.666401188404,6682.210559931614,5010.45584125679,0.07890509844194621
46340,0.1378342678746327,1892.6096133406818,11716.44297769387,6698.133862035001,5018.30911565887,0.07897117535793662
46345,0.1378491399363369,1876.0707864515116,11739.899435197456,6717.237044996081,5022.662390201375,0.07902875559432315
46350,0.13786401199804113,1865.597433422733,11762.970841285733,6739.469600932337,5023.501240353396,0.07907746372981136
46355,0.13787888405974533,1861.2974068171798,11785.651901685655,6764.687031722367,5020.964869963288,0.07913080551180297
46360,0.13789375612144955,1862.9431228883977,11807.992917917107,6792.658879598079,5015.334038319028,0.07917561046175035
46365,0.13790862818315378,1869.9691237312973,11830.090122072343,6823.080145789203,5007.00997628314,0.07921048589437037
46370,0.13792350024485797,1881.5012933402368,11852.071301887732,6855.585551839862,4996.48575004787,0.0792351113058928
46375,0.1379383723065622,1896.4188863060654,11874.078203670475,6889.766081118376,4984.312122552099,0.07924919525783236
46380,0.1379532443682664,1913.4470785735848,11896.247619684238,6925.1872075896,4971.060412094638,0.07927721091576816
46385,0.13796811642997062,1931.2739082840071,11918.693272553734,6961.408148194046,4957.285124359688,0.07933913518446448
46390,0.1379829884916748,1948.6816804030987,11941.490572972305,6998.001358656908,4943.489214315397,0.07939103536329316
46395,0.13799786055337904,1964.6797211198382,11964.666049834603,7034.571351245105,4930.094698589498,0.07943254572114279
46400,0.13801273261508323,1978.6233979892468,11988.19276294309,7070.771791538429,4917.420971404661,0.0794633470778904
46405,0.13802760467678746,1990.3041198359088,12011.992359789869,7106.319785697351,4905.672574092518,0.07948317396638899
46410,0.13804247673849165,1999.9969480893078,12035.943698184068,7141.006350661112,4894.937347522956,0.0795039596872603
46415,0.13805734880019588,2008.4565148346437,12059.89720441588,7174.702294339178,4885.194910076702,0.07951687654334573
46420,0.1380722208619001,2016.8577824738368,12083.693454325155,7207.359112658586,4876.334341666569,0.07951844798184533
46425,0.1380870929236043,2026.6850482054178,12107.183930951789,7239.004988256888,4868.178942694901,0.07950861869357484
46430,0.13810196498530852,2039.579480767372,12130.25159531101,7269.736474913821,4860.515120397189,0.07948741498740954
46435,0.13811683704701272,2057.161286018383,12152.828854491692,7299.706884187997,4853.121970303695,0.0794838275455724
46440,0.13813170910871694,2080.8463776229364,12174.910743303953,7329.112678560457,4845.798064743496,0.07950881795634311
46445,0.13814658117042114,2111.678554771539,12196.561635972874,7358.179271061561,4838.382364911313,0.07952399801950454
46450,0.13816145323212536,2150.1964930747636,12217.914519297743,7387.1475277083755,4830.7669915893675,0.0795294542312837
46455,0.13817632529382956,2196.3506519733055,12239.162702305488,7416.26199825024,4822.900704055248,0.07952532302333386
46460,0.13819119735553378,2249.479208348819,12260.544703821308,7445.761522527061,4814.783181294247,0.0795222450411267
46465,0.13820606941723798,2308.345286647711,12282.32383939862,7475.872444758499,4806.45139464012,0.07951329801497528
46470,0.1382209414789422,2371.23103671679,12304.764627151098,7506.804281047537,4797.960346103561,0.07949520012117917
46475,0.13823581354064643,2436.0783129945466,12328.108480069088,7538.747374444159,4789.361105624929,0.07946804512452188
46480,0.13825068560235063,2500.6613634046407,12352.551217232598,7571.871865199961,4780.679352032637,0.07943489268415581
46485,0.13826555766405485,2562.7742888290322,12378.224711793015,7606.327212752437,4771.897499040578,0.07940221419859089
46490,0.13828042972575905,2620.415108154105,12405.18453665113,7642.24153104383,4762.9430056073,0.07936034732173528
46495,0.13829530178746327,2671.94895523148,12433.404831857975,7679.720133928615,4753.6846979293605,0.07931626632762696
46500,0.13831017384916747,2716.2350915523157,12462.780878018095,7718.8429198482445,4743.93795816985,0.07930740244613481
46505,0.1383250459108717,2752.7058797674235,12493.139097508714,7759.6605307465925,4733.478566762122,0.07928989363531812
46510,0.1383399179725759,2781.390438003613,12524.253492714488,7802.189560048225,4722.063932666263,0.07926532663477814
46515,0.1383547900342801,2802.881110372263,12555.86692622237,7846.407403393296,4709.459522829075,0.07923931217932406
46520,0.1383696620959843,2818.2467310169304,12587.715194869994,7892.247580536731,4695.467614333263,0.07920343821440519
46525,0.13838453415768853,2828.902346144604,12619.551577811493,7939.59645054787,4679.955127263624,0.07915726005778041
46530,0.13839940621939276,2836.449883392952,12651.169469426119,7988.292161648663,4662.877307777456,0.07910037496982203
46535,0.13841427828109695,2842.5075015791463,12682.42085453344,8038.126424959134,4644.294429574306,0.07904050800880293
46540,0.13842915034280118,2848.5464520202095,12713.228748528514,8088.849322149139,4624.379426379375,0.07896991390090918
46545,0.13844402240450537,2855.7529839344406,12743.592293466449,8140.176927868999,4603.41536559745,0.07888784595367843
46550,0.1384588944662096,2864.9292853167444,12773.583932638001,8191.801141731149,4581.782790906852,0.07879419369233359
46555,0.1384737665279138,2876.4422124982975,12803.338913317632,8243.40086655231,4559.938046765321,0.07869543795905633
46560,0.13848863858961802,2890.2224451046204,12833.038200073204,8294.653593795432,4538.384606277772,0.07858836862239409
46565,0.13850351065132221,2905.810622998886,12862.886618673714,8345.24657197237,4517.6400467013445,0.07849663120823004
46570,0.13851838271302644,2922.441810693501,12893.08859776159,8394.886997958909,4498.201599802682,0.0784152798530496
46575,0.13853325477473064,2939.155909437206,12923.824157378445,8443.3110043279,4480.513153050546,0.07832634600457752
46580,0.13854812683643486,2954.919731848793,12955.227767790751,8490.291520348725,4464.936247442027,0.07822890624920639
46585,0.13856299889813908,2968.7464135826704,12987.372365041916,8535.645272691972,4451.727092349944,0.07812193562404554
46590,0.13857787095984328,2979.7994579754304,13020.260197345273,8579.23921202029,4441.0209853249835,0.07825058734206976
46595,0.1385927430215475,2987.4716129707576,13053.821361920018,8620.99650165174,4432.824860268278,0.07848508839652488
46600,0.1386076150832517,2991.4324900961838,13087.919978629525,8660.901932844128,4427.018045785397,0.0786775273035862
46605,0.13862248714495592,2991.6428571038814,13122.367057507963,8699.006321861258,4423.3607356467055,0.07910222142977236
46610,0.13863735920666012,2988.3374066871,13156.938377036013,8735.42919155089,4421.509185485123,0.0794330053389683
46615,0.13865223126836435,2981.981121921206,13191.39520538265,8770.358923653777,4421.036281728873,0.07966342824552472
46620,0.13866710333006854,2973.2067983321704,13225.505534073312,8804.0496308509,4421.455903222413,0.07978789754658404
46625,0.13868197539177277,2962.742604281186,13259.063662019098,8836.814238617668,4422.24942340143,0.08013658246608926
46630,0.13869684745347696,2951.3386392093853,13291.906415291622,8869.013644650597,4422.892770641025,0.08042842966896786
46635,0.1387117195151812,2939.7003071507697,13323.924909868716,8901.04226838966,4422.8826414790565,0.08061447228256859
46640,0.1387265915768854,2928.4341718488176,13355.071428387904,8933.310734611845,4421.760693776059,0.08068797714950808
46645,0.1387414636385896,2918.009212080269,13385.361559114532,8966.2267788922,4419.134780222332,0.0809418749530336
46650,0.13875633570029383,2908.7336251989036,13414.872142860791,9000.175663792665,4414.696479068127,0.08115743219981195
46655,0.13877120776199803,2900.7451538601435,13443.735755404434,9035.50142505376,4408.234330350673,0.08125740230553707
46660,0.13878607982370225,2894.01182589125,13472.132444710061,9072.49012904543,4399.642315664631,0.08125124298821525
46665,0.13880095188540645,2888.340177424223,13500.279317904877,9111.356046680261,4388.923271224616,0.08146058424566281
46670,0.13881582394711067,2883.3892444553676,13528.418427377956,9152.23128859723,4376.187138780726,0.08164687113172961
46675,0.13883069600881487,2878.6902833003114,13556.803321868036,9195.159070393507,4361.644251474529,0.08190449272919323
46680,0.1388455680705191,2873.673614191177,13585.68465234239,9240.090457671826,4345.594194670564,0.08219223896885253
46685,0.1388604401322233,2867.704612132964,13615.295349463066,9286.884241170748,4328.411108292317,0.08255294506585681
46690,0.1388753121939275,2860.1304553621485,13645.836071655625,9335.309549135416,4310.526522520209,0.08280959220614534
46695,0.13889018425563174,2850.3378842712136,13677.4617900272,9385.050915477132,4292.410874550069,0.08295346442737281
46700,0.13890505631733593,2837.820248716551,13710.270462155504,9435.715742665614,4274.55471948989,0.08322684076990704
46705,0.13891992837904016,2822.2499326262423,13744.294710093034,9486.844345175821,4257.450364917213,0.08343751149542435
46710,0.13893480044074435,2803.5502301455053,13779.497252369789,9537.922933633392,4241.574318736397,0.08351923202863656
46715,0.13894967250244858,2781.9592436440307,13815.770569919958,9588.399913982337,4227.3706559376205,0.08354505551692903
46720,0.13896454456415278,2758.07765396835,13852.940954766875,9637.705682003063,4215.235272763812,0.08365739519517225
46725,0.138979416625857,2732.892463639835,13890.776744949351,9685.27570021053,4205.501044738821,0.08362398533905382
46730,0.1389942886875612,2707.770110305679,13929.000229935076,9730.576118064231,4198.424111870845,0.08343566795131875
46735,0.13900916074926542,2684.414644636272,13967.302446256625,9773.130644911587,4194.171801345037,0.08358950389353384
46740,0.13902403281096962,2664.7897944574142,14005.35989020185,9812.546928090254,4192.812962111595,0.0838818291713344
46745,0.13903890487267384,2651.007407443056,14042.852060601634,9848.540427156224,4194.31163344541,0.08414810147095562
46750,0.13905377693437806,2645.1885903163184,14079.478710431129,9880.953767222927,4198.524943208202,0.08443692659857646
46755,0.13906864899608226,2649.3073958326295,14114.97572644931,9909.769803828302,4205.205922621008,0.08459020670823741
46760,0.13908352105778649,2665.0296977929393,14149.128662748917,9935.117093893185,4214.011568855733,0.08459779989314242
46765,0.13909839311949068,2693.561537104817,14181.78311607664,9957.267066775437,4224.516049301203,0.08462852344451427
46770,0.1391132651811949,2735.5214203162395,14212.851336515363,9976.622843214076,4236.228493301287,0.08457737841757236
46775,0.1391281372428991,2790.8496748207963,14242.314706133286,9993.700286725663,4248.614419407622,0.08435921205242103
46780,0.13914300930460333,2858.765107636231,14270.221981665925,10009.102441012174,4261.119540653752,0.08403596504779492
46785,0.13915788136630752,2937.7752108047134,14296.683477407878,10023.488975385222,4273.194502022656,0.08435437927958458
46790,0.13917275342801175,3025.7415057322596,14321.861651738714,10037.542604014041,4284.3190477246735,0.08472150307124816
46795,0.13918762548971594,3119.9968467245253,14345.958840328301,10051.934640136942,4294.024200191359,0.08494577998629865
46800,0.13920249755142017,3217.5070264108344,14369.203127797835,10067.291868156155,4301.91125964168,0.0850142433757787
46805,0.1392173696131244,3315.065098352521,14391.833535217167,10084.166747003872,4307.666788213295,0.08491747624535188
46810,0.1392322416748286,3409.5036062454747,14414.085786116762,10103.012600682076,4311.073185434687,0.0847444966907828
46815,0.1392471137365328,3497.9075487436276,14436.179865182496,10124.164943352256,4312.0149218302395,0.08449228643041733
46820,0.139261985798237,3577.80968129143,14458.31038285363,10147.829498642282,4310.480884211347,0.08431841807887897
46825,0.13927685785994123,3647.350034984949,14480.640412613355,10174.076900724207,4306.563511889148,0.08459868513527755
46830,0.13929172992164543,3705.383701062109,14503.299013522095,10202.843601156543,4300.455412365553,0.08478733697989456
46835,0.13930660198334965,3751.525217195842,14526.382154040775,10233.938215063708,4292.443938977067,0.08489680350682996
46840,0.13932147404505385,3786.124190821599,14549.956295856458,10267.052439740191,4282.903856116267,0.0848269008160019
46845,0.13933634610675807,3810.1745309347016,14574.063557413529,10301.775734639212,4272.287822774317,0.0845721035243721
46850,0.13935121816846227,3825.1677846379825,14598.727214289527,10337.613093959044,4261.114120330483,0.0841333688087166
46855,0.1393660902301665,3832.908232975564,14623.956331641983,10374.0053902356,4249.950941406383,0.08419088993413952
46860,0.13938096229187072,3835.3122431101674,14649.748549288666,10410.351851775433,4239.396697513233,0.08441854335271447
46865,0.13939583435357492,3834.2159184573866,14676.090407842294,10446.034220913425,4230.056186928869,0.08447298228304152
46870,0.13941070641527914,3831.2129895606868,14702.955050558554,10480.442021371337,4222.513029187217,0.08434738287793904
46875,0.13942557847698334,3827.539529544025,14730.297590515493,10512.9981682481,4217.299422267393,0.08404117118231531
46880,0.13944045053868756,3824.0144684496554,14758.048833240155,10543.183929484858,4214.864903755297,0.08356024927876166
46885,0.13945532260039176,3821.0364184301598,14786.108342693975,10570.562047870982,4215.546294822992,0.08356198896063029
46890,0.13947019466209598,3818.6294905895047,14814.338004924291,10594.796712449794,4219.541292474498,0.08369405965196487
46895,0.13948506672380018,3816.524862008091,14842.55726952731,10615.66907379634,4226.8881957309695,0.08365170858485448
46900,0.1394999387855044,3814.2616748075707,14870.541141489688,10633.087158769946,4237.453982719742,0.08343388715383392
46905,0.1395148108472086,3811.2906772392216,14898.021772631613,10647.089361606695,4250.932411024918,0.08304581917079337
46910,0.13952968290891282,3807.0665192752967,14924.694185818655,10657.841143624995,4266.853042193659,0.08249869122747777
46915,0.13954455497061705,3801.118983341559,14950.226281809908,10665.625107716618,4284.60117409329,0.08266089899506364
46920,0.13955942703232124,3793.0985921103365,14974.272856301843,10670.825150383856,4303.447705917986,0.08265825035312907
46925,0.13957429909402547,3782.796912942118,14996.49292618108,10673.905854341408,4322.587071839671,0.08248500381093182
46930,0.13958917115572966,3770.145630793375,15016.569267967958,10675.388605544947,4341.18066242301,0.0821469396505138
46935,0.1396040432174339,3755.200630187601,15034.22875136789,10675.826067424432,4358.402683943457,0.0816555017140343
46940,0.13961891527913808,3738.1178665440148,15049.261850352075,10675.776625240085,4373.48522511199,0.08148134494304694
46945,0.1396337873408423,3719.1270039718893,15061.539669035266,10675.780257234115,4385.759411801151,0.08147893674588942
46950,0.1396486594025465,3698.5071315045698,15071.026948793311,10676.337043762971,4394.68990503034,0.08131065147178122
46955,0.13966353146425073,3676.5668715699867,15077.789821118222,10677.889236318257,4399.900584799965,0.08098384435032548
46960,0.13967840352595493,3653.629329788335,15081.997504690242,10680.807507156687,4401.189997533555,0.08051110626715777
46965,0.13969327558765915,3630.0209377128685,15083.917658928092,10685.381702047205,4398.535956880887,0.08017902182343113
46970,0.13970814764936337,3606.0624874379973,15083.905630638686,10691.816126039768,4392.089504598918,0.08014389828912381
46975,0.13972301971106757,3582.060572420023,15082.388298166949,10700.229105485065,4382.159192681884,0.07994789899338281
46980,0.1397378917727718,3558.29812436047,15079.843577377913,10710.656296073506,4369.1872813044065,0.0796005531722228
46985,0.139752763834476,3535.023565748792,15076.776881105558,10723.056966215503,4353.7199148900545,0.0791160738778991
46990,0.13976763589618021,3512.4390292355,15073.69592206479,10737.322308072304,4336.373613992486,0.07874217989709566
46995,0.1397825079578844,3490.688890907495,15071.085245418406,10753.284748687149,4317.800496731257,0.07864572096491945
47000,0.13979738001958864,3469.850360146542,15069.381808102802,10770.72727717948,4298.654530923322,0.07839454200684814
47005,0.13981225208129283,3449.928004355015,15068.952820197246,10789.391979835398,4279.560840361848,0.07800070542683045
47010,0.13982712414299706,3430.853899419242,15070.07694520567,10808.987269137486,4261.089676068184,0.07748029123249514
47015,0.13984199620470125,3412.494678435567,15072.92981763789,10829.193668706643,4243.736148931248,0.07710240712238042
47020,0.13985686826640548,3394.6661932625866,15077.574659788757,10849.668419378004,4227.9062404107535,0.0769229409070187
47025,0.1398717403281097,3377.1558542398197,15083.958545231928,10870.049538233656,4213.909006998272,0.07659833685965602
47030,0.1398866123898139,3359.7519738790907,15091.914555553092,10889.960227577585,4201.954327975507,0.07614343513856478
47035,0.13990148445151812,3342.2786006600872,15101.169720719095,10909.014638764549,4192.155081954546,0.07557619283705652
47040,0.13991635651322232,3324.633425354179,15111.358254655379,10926.82590957708,4184.532345078298,0.07519392543479866
47045,0.13993122857492654,3306.82549211456,15122.039242887417,10943.01710493319,4179.022137954227,0.07522236508698484
47050,0.13994610063663074,3289.0088341523733,15132.717657650692,10957.235224981112,4175.48243266958,0.07528258911667514
47055,0.13996097269833496,3271.5079635705897,15142.867406853831,10969.167862569617,4173.699544284214,0.0754025667966119
47060,0.13997584476003916,3254.8314873971267,15151.955085809452,10978.56148204069,4173.393603768762,0.0754868142172996
47065,0.13999071682174338,3239.6709890985658,15159.463189488715,10985.239756564566,4174.223432924149,0.07553237923623898
47070,0.14000558888344758,3226.883588901852,15164.911730031341,10989.12004276017,4175.79168727117,0.0756163609130564
47075,0.1400204609451518,3217.458095525568,15167.877445602242,10990.225968101033,4177.651477501209,0.07570310689392135
47080,0.14003533300685603,3212.4661959582263,15168.010033647148,10988.694298355518,4179.31573529163,0.07574692257052781
47085,0.14005020506856022,3213.0015443920984,15165.04505213608,10984.774728284998,4180.270323851082,0.07577134847583707
47090,0.14006507713026445,3220.110807458095,15158.813280972134,10978.821937434812,4179.991343537322,0.07586511121522543
47095,0.14007994919196864,3234.721651004629,15149.246419133802,10971.280072784666,4177.966346349136,0.07591251703671302
47100,0.14009482125367287,3257.573284139413,15136.37903026409,10962.660640469023,4173.718389795067,0.07590978663714872
47105,0.14010969331537707,3289.1554650507187,15120.346674913539,10953.515493052735,4166.831181860804,0.07598382819319152
47110,0.1401245653770813,3329.661742702614,15101.38022000069,10944.407094820486,4156.973125180204,0.07604442486122365
47115,0.14013943743878549,3378.9620610238653,15079.796423696826,10935.87848005313,4143.917943643695,0.07607780815996415
47120,0.1401543095004897,3436.598610777188,15055.985063724873,10928.425272743607,4127.559790981266,0.07618237843122183
47125,0.1401691815621939,3501.8069758888123,15030.393090132775,10922.471830173547,4107.921259959228,0.07631510063742103
47130,0.14018405362389813,3573.562296031454,15003.506500039937,10918.353055190766,4085.153444849171,0.07645806092130757
47135,0.14019892568560235,3650.6475861059316,14975.830803788007,10916.302763280448,4059.528040507559,0.07655857823254442
47140,0.14021379774730655,3731.738835459115,14947.871039639702,10916.448778851394,4031.4222607883075,0.07661204022752063
47145,0.14022866980901078,3815.499400953192,14920.112279370258,10918.81426904703,4001.2980103232276,0.07672350527689914
47150,0.14024354187071497,3900.674815068306,14893.001458589832,10923.324297993371,3969.6771605964605,0.07682441393509676
47155,0.1402584139324192,3986.1786700031234,14866.931195285477,10929.816272236338,3937.114923049139,0.076873528011147
47160,0.1402732859941234,4071.1608180328058,14842.226071200488,10938.052879514267,3904.173191686221,0.07693382311130752
47165,0.14028815805582762,4155.050737882207,14819.131683292024,10947.736275482413,3871.3954078096103,0.07704261251753808
47170,0.1403030301175318,4237.571429082761,14797.806651087076,10958.522575991088,3839.2840750959876,0.07709500843249067
47175,0.14031790217923604,4318.722361451586,14778.317693177696,10970.036069027854,3808.281624149842,0.07712482656492332
47180,0.14033277424094023,4398.73346416853,14760.637845983474,10981.882876792019,3778.7549691914555,0.07724898726327684
47185,0.14034764630264446,4477.995454331393,14744.647863604372,10993.664011121911,3750.983852482461,0.07731250699152684
47190,0.14036251836434868,4556.974540084021,14730.14078409231,11004.987853364408,3725.1529307279015,0.0773070692642456
47195,0.14037739042605288,4636.121321648307,14716.829562030465,11015.4820695781,3701.3474924523653,0.07740820190169975
47200,0.1403922624877571,4715.784320848565,14704.357553816288,11024.804882202849,3679.552671613439,0.077489343438709
47205,0.1404071345494613,4796.137926143264,14692.311518441336,11032.655503020886,3659.656015420451,0.07749663786906329
47210,0.14042200661116552,4877.132743800644,14680.236686366357,11038.78342454584,3641.4532618205176,0.07750097237653153
47215,0.14043687867286972,4958.473645290827,14667.653370920523,11042.996191308304,3624.657179612219,0.07761170549245336
47220,0.14045175073457394,5039.627564186698,14654.07455762714,11045.165241583514,3608.909316043626,0.07770379058902753
47225,0.14046662279627814,5119.85975799054,14639.023901061355,11045.229428856628,3593.794472204727,0.07776516480065275
47230,0.14048149485798236,5198.294245188543,14622.053572591414,11043.195900120583,3578.857672470831,0.07792109317209957
47235,0.14049636691968656,5273.991806650822,14602.761421455443,11039.138120502434,3563.6233009530097,0.07800660626553964
47240,0.14051123898139078,5346.037506180837,14580.806927700876,11033.19098354831,3547.615944152567,0.07800976070126814
47245,0.140526111043095,5413.629166071892,14555.925437824804,11025.543124909034,3530.38231291577,0.07816253412381448
47250,0.1405409831047992,5476.158512675983,14527.940187086313,11016.426754036773,3511.5134330495403,0.07824376961830745
47255,0.14055585516650343,5533.277596841719,14496.77163197276,11006.105521490368,3490.6661104823925,0.07823343374141124
47260,0.14057072722820763,5584.944420000477,14462.443645714362,10994.861132590942,3467.5825131234196,0.07832650459102364
47265,0.14058559928991185,5631.443352626949,14425.086170590368,10982.979580728756,3442.1065898616125,0.07840892481876283
47270,0.14060047135161605,5673.377880351762,14384.933975782003,10970.7379798396,3414.195995942404,0.07839233489511648
47275,0.14061534341332027,5711.635438013531,14342.321245894442,10958.392997726927,3383.9282481675145,0.07842513545262103
47280,0.14063021547502447,5747.326531088387,14297.67183608581,10946.171805523105,3351.5000305627054,0.07851717354038151
47285,0.1406450875367287,5781.702840146489,14251.48519082621,10934.266250498402,3317.218940327808,0.07850491084940947
47290,0.1406599595984329,5816.061296106544,14204.318146646461,10922.830635394113,3281.4875112523478,0.0784916006773823
47295,0.1406748316601371,5851.642878750812,14156.763124376486,10911.983076061455,3244.7800483150313,0.07860270680092293
47300,0.14068970372184134,5889.53581599275,14109.423543685598,10901.809960149785,3207.6135835358127,0.07860644093498911
47305,0.14070457578354553,5930.592731334207,14062.887621834667,10892.372605701701,3170.5150161329657,0.07858528269135574
47310,0.14071944784524976,5975.3700458248795,14017.701993634155,10883.714884818646,3133.9871088155087,0.07865697290190675
47315,0.14073431990695395,6024.095714108341,13974.346751829518,10875.870390055568,3098.47636177395,0.07868833739667769
47320,0.14074919196865818,6076.668440830614,13933.213510191084,10868.867718432819,3064.3457917582655,0.07878604974245278
47325,0.14076406403036237,6132.688254579461,13894.58791618712,10862.732645939332,3031.855270247788,0.07884463165020826
47330,0.1407789360920666,6191.515101103063,13858.637701547761,10857.486355236977,3001.151346310784,0.07878222510425767
47335,0.1407938081537708,6252.349303268391,13825.406905257993,10853.139427432003,2972.2674778259898,0.07893817796660267
47340,0.14080868021547502,6314.325591343259,13794.816403269739,10849.681958066576,2945.1344452031626,0.0789974178049471
47345,0.14082355227717924,6376.611111530177,13766.6704046769,10847.07083047185,2919.599574205049,0.07892866637149672
47350,0.14083842433888344,6438.497463582528,13740.668183524642,10845.215784255219,2895.452399269423,0.07904303357997643
47355,0.14085329640058766,6499.477414795159,13716.420042351068,10843.96635653754,2872.453685813529,0.07910917815619635
47360,0.14086816846229186,6559.298444340152,13693.466354914111,10843.101962614179,2850.3643922999327,0.07904221784657767
47365,0.14088304052399608,6617.987595599277,13671.298498312473,10842.327262848774,2828.9712354636995,0.0790968854967205
47370,0.14089791258570028,6675.845105585757,13649.380536186281,10841.27451893109,2808.1060172551915,0.07917732928013718
47375,0.1409127846474045,6733.4077083075945,13627.170632168692,10839.5139118515,2787.6567203171926,0.07912150273922135
47380,0.1409276567091087,6791.386030756961,13604.141338143882,10836.571862208197,2767.5694759356847,0.07910991686880438
47385,0.14094252877081292,6850.583665964443,13579.798101081342,10831.956384040046,2747.841717041296,0.07921142139465136
47390,0.14095740083251712,6911.807815691419,13553.695551065217,10825.18755713506,2728.5079939301577,0.07917554131931032
47395,0.14097227289422135,6975.782409287471,13525.451352800368,10815.830455695144,2709.620897105224,0.07907809457113674
47400,0.14098714495592557,7043.0740826562205,13494.75759804111,10803.527433250287,2691.2301647908225,0.07920755404338434
47405,0.14100201701762977,7114.039386387688,13461.389858074117,10788.026601223028,2673.3632568510893,0.07920085035754622
47410,0.141016889079334,7188.798423161937,13425.21407750735,10769.203664169387,2656.0104133379627,0.07903703308664153
47415,0.1410317611410382,7267.236348107271,13386.191458821722,10747.074945243141,2639.1165135785814,0.07913110692984326
47420,0.1410466332027424,7349.030443378154,13344.381366678203,10721.800359345954,2622.581007332248,0.0791631950530689
47425,0.1410615052644466,7433.697388421582,13299.94209986094,10693.676143881561,2606.265955979379,0.07904113019508158
47430,0.14107637732615083,7520.653313514616,13253.129185514508,10663.118199408593,2590.0109861059154,0.07898389187494677
47435,0.14109124938785503,7609.278440992812,13204.290704251978,10630.637792533274,2573.6529117187038,0.07906293353566357
47440,0.14110612144955925,7698.978539903597,13153.85911203349,10596.812022587616,2557.047089445874,0.07899311318016126
47445,0.14112099351126345,7789.236794377397,13102.339123015332,10562.251780349447,2540.0873426658854,0.07885006449580194
47450,0.14113586557296767,7879.651635996137,13050.291464190635,10527.569904643327,2522.721559547308,0.07892808689500376
47455,0.1411507376346719,7969.958210215067,12998.312680780271,10493.351893069079,2504.960787711192,0.07891787815583957
47460,0.1411656096963761,8060.0331002276325,12947.0116050561,10460.13091575403,2486.8806893020683,0.07879278766107008
47465,0.14118048175808032,8149.883512291457,12896.98352926269,10428.368125123445,2468.6154041392456,0.07875881292216708
47470,0.1411953538197845,8239.623270520242,12848.783474663336,10398.438484388362,2450.3449902749744,0.07881422233809898
47475,0.14121022588148874,8329.438715804186,12802.900167958845,10370.621688203446,2432.2784797553995,0.07871399448695832
47480,0.14122509794319293,8419.54803425213,12759.732391856904,10345.097329287573,2414.6350625693303,0.07848799686429657
47485,0.14123997000489716,8510.157722589807,12719.569263562369,10321.943329967651,2397.625933594718,0.07861217824686881
47490,0.14125484206660135,8601.419858951967,12682.575732440071,10301.136794445694,2381.438937994377,0.07859094102397413
47495,0.14126971412830558,8693.393584439318,12648.78421358076,10282.55676797985,2366.227445600911,0.07840213908327523
47500,0.14128458619000978,8786.013712509928,12618.092836250833,10265.988792482764,2352.1040437680695,0.07834034789798551
47505,0.141299458251714,8879.068705975567,12590.270337508298,10251.131496352444,2339.1388411558546,0.07839858631002679
47510,0.14131433031341822,8972.189484769799,12564.967218930558,10237.605649683286,2327.361569247272,0.07829939104783061
47515,0.14132920237512242,9064.849774547805,12541.732443528801,10224.966106021928,2316.7663375068732,0.0780767890866426
47520,0.14134407443682664,9156.37807456373,12520.034698545007,10212.71684718739,2307.3178513576167,0.07818124933643147
47525,0.14135894649853084,9245.980818245387,12499.287088315627,10200.329002514658,2298.9580858009685,0.07817006510981897
47530,0.14137381856023506,9332.775807107846,12478.87403647927,10187.261306990978,2291.6127294882917,0.07799151731410991
47535,0.14138869062193926,9415.834341885171,12458.179148814568,10172.982075711032,2285.1970731035362,0.07791279875725947
47540,0.14140356268364349,9494.22954773695,12436.612798616241,10156.991473888438,2279.621324727803,0.07797481550068402
47545,0.14141843474534768,9567.087285186568,12413.63823476835,10138.84270035685,2274.7955344115,0.07789405529621471
47550,0.1414333068070519,9633.635070874428,12388.795077035136,10118.160703155234,2270.6343738799023,0.07763828692137485
47555,0.1414481788687561,9693.244022816856,12361.719159521685,10094.657210919975,2267.0619486017094,0.07759922033427812
47560,0.14146305093046033,9745.459310453563,12332.157821041617,10068.141174376527,2264.01664666509,0.07761316043154183
47565,0.14147792299216455,9790.015970869294,12299.979927728416,10038.524128971916,2261.4557987565004,0.07746659119726886
47570,0.14149279505386875,9826.83897695335,12265.18015049753,10005.820456350462,2259.359694147068,0.0772107792557648
47575,0.14150766711557297,9856.028632585287,12227.877302017447,9970.14297266935,2257.734329348097,0.07721573138627565
47580,0.14152253917727717,9877.834221371053,12188.306850683439,9931.694640404652,2256.6122102787867,0.07717454758385493
47585,0.1415374112389814,9892.61998245094,12146.808051681102,9890.75743592728,2256.050615753822,0.07696573297498728
47590,0.1415522833006856,9900.827789532348,12103.806441867508,9847.679481259527,2256.1269606079804,0.0769021327545878
47595,0.1415671553623898,9902.940458975147,12059.792708901825,9802.861468041512,2256.9312408603128,0.07687552098606681
47600,0.141582027424094,9899.448665870705,12015.299141489078,9756.743194728482,2258.5559467605963,0.07677973342136833
47605,0.14159689948579823,9890.823311818662,11970.874978642425,9709.79075178091,2261.0842268615143,0.07656666908316022
47610,0.14161177154750243,9877.494119499977,11927.061992283772,9662.484578000827,2264.577414282945,0.07655809033732179
47615,0.14162664360920665,9859.834386847424,11884.371560129903,9615.308324999813,2269.06323513009,0.07654566400906855
47620,0.14164151567091088,9838.15131146905,11843.264325120525,9568.738247678437,2274.5260774420876,0.07640340288469213
47625,0.14165638773261507,9812.681158700883,11804.133312343294,9523.232715900005,2280.900596443289,0.07622748320723062
47630,0.1416712597943193,9783.58880558213,11767.291108290186,9479.221431461188,2288.069676828998,0.07611734189536283
47635,0.1416861318560235,9750.97173412243,11732.961425347465,9437.094035034403,2295.867390313062,0.07609566583621914
47640,0.14170100391772772,9714.86910406851,11701.275099429444,9397.187984816568,2304.0871146128757,0.07591943437314815
47645,0.14171587597943192,9675.276773004622,11672.270317888875,9359.775853919537,2312.4944639693385,0.07580948105566704
47650,0.14173074804113614,9632.168799929766,11645.896660217679,9325.052489741036,2320.844170476643,0.07565369202821567
47655,0.14174562010284034,9585.525020596386,11622.022363085729,9293.122764171569,2328.8995989141604,0.0755983474132595
47660,0.14176049216454456,9535.362892948033,11600.444100004011,9263.990877389288,2336.453222614724,0.07545690928332696
47665,0.14177536422624876,9481.770312824638,11580.898500538924,9237.552323344778,2343.3461771941456,0.07532585438609907
47670,0.14179023628795298,9424.934902768424,11563.074630655603,9213.58965262257,2349.4849780330333,0.07525085529376513
47675,0.1418051083496572,9365.164775148129,11546.62671782305,9191.773060974712,2354.853656848338,0.07516211463719191
47680,0.1418199804113614,9302.89624276405,11531.186528460034,9171.666588341752,2359.5199401182817,0.07506698744641528
47685,0.14183485247306563,9238.685445369292,11516.374977669639,9152.740351862485,2363.6346258071535,0.07509851392613302
47690,0.14184972453476982,9173.183138698749,11501.812748055401,9134.38879313961,2367.423954915792,0.07513159576889947
47695,0.14186459659647405,9107.094471463366,11487.129884727634,9115.954441920192,2371.175442807442,0.07516665288833901
47700,0.14187946865817824,9041.127899423029,11471.974485406825,9096.75623359002,2375.2182518168047,0.07520394922554713
47705,0.14189434071988247,8975.939028692488,11456.02069212119,9076.121007081776,2379.899685039414,0.07524844179657579
47710,0.14190921278158666,8912.075970425867,11438.976200791987,9053.416482669385,2385.559718122602,0.07530348902685051
47715,0.1419240848432909,8849.932774598843,11420.589438776275,9028.08379804488,2392.505640731395,0.07536012275492783
47720,0.14193895690499508,8789.71681357913,11400.656435133425,8999.667588073084,2400.988847060342,0.07541789451445355
47725,0.1419538289666993,8731.434667486443,11379.027252624426,8967.841653151201,2411.185599473225,0.07547624302498966
47730,0.14196870102840353,8674.89911447232,11355.611698703071,8932.428492011699,2423.183206691372,0.07554261419225687
47735,0.14198357309010773,8619.75729575545,11330.383917896863,8893.41137407751,2436.9725438193527,0.07561531426703132
47740,0.14199844515181195,8565.537251017187,11303.385414133905,8850.938156278446,2452.4472578554596,0.0756884141776353
47745,0.14201331721351615,8511.707280766179,11274.72606912958,8805.316638565004,2469.409430564576,0.07577010607016287
47750,0.14202818927522037,8457.74057617322,11244.582806881415,8757.001817598846,2487.580989282569,0.07584942511186767
47755,0.14204306133692457,8403.176749922512,11213.195687028181,8706.57587304027,2506.6198139879107,0.0759261395622301
47760,0.1420579333986288,8347.672495166426,11180.861367064097,8654.722080799642,2526.139286264455,0.07600013397372887
47765,0.142072805460333,8291.035419681153,11147.924031630131,8602.194108817612,2545.7299228125194,0.07607139028489
47770,0.14208767752203721,8233.237690789012,11114.764029019758,8549.782344206538,2564.9816848132195,0.07613996068015923
47775,0.1421025495837414,8174.408928094221,11081.784572562508,8498.279036164598,2583.50553639791,0.07620593684881637
47780,0.14211742164544564,8114.810317411975,11049.396957634888,8448.444089159779,2600.9528684751094,0.07627255760898163
47785,0.14213229370714986,8054.793874246714,11018.004818655012,8400.973254306093,2617.0315643489193,0.0763449595662969
47790,0.14214716576885406,7994.752004861284,10987.988010859164,8356.470209525494,2631.51780133367,0.076414912373894
47795,0.14216203783055828,7935.0629921911805,10959.686753311264,8315.423613944278,2644.2631393669853,0.0764824364182653
47800,0.14217690989226248,7876.037899030862,10933.386713185975,8278.189757444994,2655.196955740981,0.07654751111482148
47805,0.1421917819539667,7817.873832383273,10909.305742658798,8244.981021061623,2664.324721597175,0.07661007977849757
47810,0.1422066540156709,7760.617724444588,10887.582989103932,8215.860106654784,2671.7228824491485,0.0767896433313277
47815,0.14222152607737512,7704.143837847694,10868.271072532483,8190.739895250901,2677.531177281582,0.07705382923897962
47820,0.14223639813907932,7648.147095672837,10851.331945363288,8169.388779404682,2681.943165958606,0.07730454134731825
47825,0.14225127020078354,7592.153041686205,10836.636905947858,8151.441275911869,2685.19563003599,0.07754037143505314
47830,0.14226614226248774,7535.543741450609,10823.97102481861,8136.413584787359,2687.5574400312507,0.07776015904250598
47835,0.14228101432419196,7477.59730204769,10813.041970528482,8123.723524030953,2689.3184464975293,0.07796335017203432
47840,0.1422958863858962,7417.537113148246,10803.49291380625,8112.7140171110805,2690.7788966951703,0.07815021564074313
47845,0.14231075844760038,7354.585699784081,10794.91888033054,8102.679141330468,2692.2397390000724,0.07835027296711346
47850,0.1423256305093046,7288.017503135032,10786.885654516731,8092.891714767028,2693.993939749703,0.07857145341521052
47855,0.1423405025710088,7217.2050866605105,10778.950146109455,8082.631477453623,2696.318668655832,0.07877692228076308
47860,0.14235537463271303,7141.6541609305195,10770.681041286764,8071.213010357427,2699.4680309293362,0.0789670950782595
47865,0.14237024669441722,7061.024303435909,10761.678575664859,8058.01253211408,2703.6660435507783,0.07914323556889528
47870,0.14238511875612145,6975.134117083127,10751.592375352853,8042.492586933314,2709.0997884195394,0.07930725389232901
47875,0.14239999081782564,6883.9515298734195,10740.136488434471,8024.223454771426,2715.913033663045,0.0794613431589535
47880,0.14241486287952987,6787.571668200025,10727.100941846344,8002.900009810607,2724.2009320357365,0.0796075476611464
47885,0.14242973494123407,6686.185998733286,10712.359379885529,7978.352853407872,2734.0065264776567,0.0797943598959293
47890,0.1424446070029383,6580.04710778331,10695.872553807736,7950.552905783808,2745.3196480239285,0.08003145734316783
47895,0.1424594790646425,6469.433538560717,10677.687632987008,7919.609202368041,2758.078430618967,0.08025082900482153
47900,0.1424743511263467,6354.6185895704975,10657.933500398824,7885.760270183257,2772.173230215567,0.08045330339605336
47905,0.14248922318805093,6235.846047127051,10636.81238228314,7849.360009527282,2787.452372755858,0.0806405172102573
47910,0.14250409524975513,6113.31467445594,10614.588341889028,7810.859382138768,2803.7289597502604,0.08081448735225383
47915,0.14251896731145935,5987.172053858438,10591.573330799432,7770.785388883053,2820.787941916379,0.08097711545660115
47920,0.14253383937316355,5857.517193651395,10568.111621422577,7729.718838995462,2838.392782427115,0.08116268467532253
47925,0.14254871143486778,5724.4103304561395,10544.563519599493,7688.272308808988,2856.291210790505,0.0813368497543016
47930,0.14256358349657197,5587.887753237582,10521.289259961668,7647.069473397211,2874.2197865644566,0.08149810272828008
47935,0.1425784555582762,5447.979312569516,10498.633913777836,7606.726649483593,2891.907264294243,0.08164840208821425
47940,0.1425933276199804,5304.726487732787,10476.91399946142,7567.836893526951,2909.077105934469,0.08178907900585516
47945,0.14260819968168462,5158.199347415408,10456.406300156556,7530.956391335146,2925.4499088214097,0.08192068131216282
47950,0.14262307174338884,5008.511337790786,10437.339187768019,7496.592273692693,2940.7469140753255,0.08204305427263708
47955,0.14263794380509304,4855.831429347652,10419.886557868524,7465.1905739344475,2954.695983934076,0.08215562067423408
47960,0.14265281586679726,4700.393637712634,10404.164321119722,7437.12298067257,2967.041340447153,0.08225776626857785
47965,0.14266768792850146,4542.504271087508,10390.22928903077,7412.671427718242,2977.557861312529,0.08234921066184243
47970,0.14268255999020568,4382.547458922374,10378.080235425585,7392.010370555239,2986.0698648703456,0.08243340902965396
47975,0.14269743205190988,4220.989547810909,10367.660899011964,7375.187655169928,2992.473243842036,0.08252850688299306
47980,0.1427123041136141,4058.382753454074,10358.864699577736,7362.1059347942855,2996.7587647834507,0.08261391761401002
47985,0.1427271761753183,3895.368051538787,10351.540949222843,7352.507377317734,2999.033571905109,0.0826898395852503
47990,0.14274204823702252,3732.6767769177923,10345.502330094567,7345.964751711964,2999.537578382603,0.0827888188538203
47995,0.14275692029872672,3571.129879927139,10340.533370141755,7341.881816956213,2998.651553185542,0.08291684471450554
48000,0.14277179236043094,3411.6333472243705,10336.399583515096,7339.505294683932,2996.894288831164,0.08303301326581453
48005,0.14278666442213517,3255.1680477952386,10332.856871657754,7337.949691240086,2994.9071804176674,0.08317908881350844
48010,0.14280153648383936,3102.7723215390415,10329.660730587853,7336.234980838089,2993.4257497497647,0.08331657760918144
48015,0.1428164085455436,2955.5160094035546,10326.574804310541,7333.335800733312,2993.2390035772296,0.08344265628899293
48020,0.14283128060724778,2814.465293471084,10323.378381098699,7328.239460276405,2995.1389208222936,0.08355832677415855
48025,0.142846152668952,2680.6386736822287,10319.872551137323,7320.008849736445,2999.863701400878,0.08366490959343333
48030,0.1428610247306562,2554.9556804335643,10315.884913293128,7307.845392371582,3008.0395209215458,0.08376390977843158
48035,0.14287589679236043,2438.1814466737187,10311.27290207524,7291.146666568461,3020.1262355067784,0.08385682684315028
48040,0.14289076885406463,2330.8718438233755,10305.925964278042,7269.553365828628,3036.372598449414,0.08395943427196635
48045,0.14290564091576885,2233.3252400355577,10299.766914088916,7242.980934676536,3056.7859794123797,0.08406273228818359
48050,0.14292051297747305,2145.5477156715497,10292.752812995139,7211.63249486948,3081.1203181256587,0.08415831302735369
48055,0.14293538503917727,2067.2383697143205,10284.875650817434,7175.991421680163,3108.884229137271,0.0842474016499773
48060,0.1429502571008815,1997.7998638941417,10276.162961891687,7136.793907189382,3139.369054702305,0.08433105583235431
48065,0.1429651291625857,1936.3765632847926,10266.678329535469,7094.9837693127465,3171.6945602227224,0.08441008963354728
48070,0.14298000122428992,1881.9188828282668,10256.521555459423,7051.653364341197,3204.8681911182266,0.08448505472984617
48075,0.1429948732859941,1833.2683277483784,10245.828139283913,7007.975546237074,3237.8525930468386,0.08455627462584013
48080,0.14300974534769834,1789.2539317341343,10234.76765641922,6965.132101426772,3269.6355549924483,0.08462391412158611
48085,0.14302461740940253,1748.7880843674957,10223.540652642007,6924.243991601485,3299.296661040522,0.08468806007333143
48090,0.14303948947110676,1710.9487057740407,10212.373783347219,6886.308160032531,3326.0656233146874,0.08474879082953332
48095,0.14305436153281095,1675.035684075472,10201.513089974134,6852.144742957042,3349.3683470170927,0.08480621870880653
48100,0.14306923359451518,1640.592401583639,10191.215493433701,6822.357421892697,3368.8580715410044,0.08486049930629178
48105,0.14308410565621937,1607.3877285737108,10181.738765469248,6797.308478231786,3384.430287237463,0.08491181016932992
48110,0.1430989777179236,1575.3595396732226,10173.330395166802,6777.10896770014,3396.221427466662,0.08496030746852334
48115,0.14311384977962782,1544.5268820324063,10166.21589257114,6761.6234008911815,3404.5924916799577,0.08500607211343905
48120,0.14312872184133202,1514.8835109807487,10160.587167866408,6750.487459847493,3410.0997080189154,0.08504905682244264
48125,0.14314359390303624,1486.289684096325,10156.591699750885,6743.136640110426,3413.455059640459,0.08511967761546319
48130,0.14315846596474044,1458.3810299176666,10154.323261977532,6738.8433007239555,3415.479961253576,0.08519806714589984
48135,0.14317333802644466,1430.5123344195626,10153.815002037865,6736.759425092282,3417.055576945583,0.08528287013514597
48140,0.14318821008814886,1401.749932904413,10155.035637808209,6735.96240987165,3419.0732279365584,0.08537412290361872
48145,0.14320308214985308,1370.9193491126025,10157.889428656983,6735.501352556538,3422.388076100445,0.08545760426948315
48150,0.14321795421155728,1336.7058444129543,10162.220364215616,6734.441546542884,3427.7788176727327,0.08553403980131
48155,0.1432328262732615,1297.796124927303,10167.82069071276,6731.905181761267,3435.9155089514934,0.0856041427182955
48160,0.1432476983349657,1253.041365689809,10174.443480699962,6727.106581948941,3447.3368987510203,0.08566857051964129
48165,0.14326257039666992,1201.616625871222,10181.818493536046,6719.380695455273,3462.437798080773,0.0857278849466675
48170,0.14327744245837415,1143.1508368214227,10189.6701374102,6708.204008813666,3481.466128596533,0.0857825185608846
48175,0.14329231452007835,1077.8051963394355,10197.736001309664,6693.207571997523,3504.5284293121413,0.08583274905020105
48180,0.14330718658178257,1006.2853951876859,10205.78424108676,6674.1823778935095,3531.60186319325,0.08587868122167024
48185,0.14332205864348677,929.7832472776372,10213.62812101371,6651.077849983014,3562.5502710306955,0.08594060904851034
48190,0.143336930705191,849.8541515886818,10221.136245722902,6623.99456410712,3597.1416816157825,0.0860017094501117
48195,0.1433518027668952,768.2464677903181,10228.237449962384,6593.1724835168825,3635.0649664455013,0.08605981368761378
48200,0.1433666748285994,686.705745251581,10234.919897086662,6558.975892293485,3675.9440047931766,0.08611463978949764
48205,0.1433815468903036,606.7798639012262,10241.224598515779,6521.875904826599,3719.3486936891795,0.08616570401326534
48210,0.14339641895200783,529.6503630966981,10247.234215997501,6482.431005387375,3764.8032106101264,0.08621235653567794
48215,0.14341129101371203,456.0110579609418,10253.05855274331,6441.265673548428,3811.7928791948825,0.08625382318146402
48220,0.14342616307541625,386.0084101376751,10258.818496235228,6399.0469217353175,3859.7715744999105,0.0862892516955453
48225,0.14344103513712048,319.25015576088026,10264.630290749561,6356.458604855885,3908.171685893676,0.08632867520320554
48230,0.14345590719882467,254.88047711501804,10270.591878065447,6314.17367471602,3956.418203349426,0.08638172505459964
48235,0.1434707792605289,191.71240270387625,10276.772681757304,6272.825082336293,4003.9475994210106,0.0864290224337537
48240,0.1434856513222331,128.4017502334218,10283.20769420483,6232.976656099088,4050.2310381057414,0.08655867550739586
48245,0.14350052338393732,63.642242471097234,10289.896150551898,6195.095841881057,4094.8003086708413,0.08672817780975298
48250,0.1435153954456415,-3.6411872044382108,10296.804537767659,6159.530524689241,4137.274013078418,0.0869096273136333
48255,0.14353026750734574,-74.12410391088542,10303.873267712768,6126.492152608269,4177.381115104499,0.08708207941728964
48260,0.14354513956904993,-147.9601382505807,10311.02608337576,6096.047025755226,4214.979057620534,0.0872454738935202
48265,0.14356001163075416,-224.72033939531775,10318.181169286048,6068.1169449956,4250.064224290449,0.08740580710345092
48270,0.14357488369245835,-303.4031183893294,10325.262966216447,6042.489544540643,4282.7734216758045,0.08757257949522045
48275,0.14358975575416258,-382.5149891922965,10332.213789299794,6018.837700780412,4313.376088519382,0.08773077836942436
48280,0.1436046278158668,-460.21334995854886,10339.004456533334,5996.746560553209,4342.257895980125,0.0878876115234108
48285,0.143619499877571,-534.4945182104066,10345.643208673124,5975.746073357501,4369.897135315623,0.0880645036216403
48290,0.14363437193927522,-603.4043814054612,10352.182232175146,5955.346494798636,4396.83573737651,0.08823362791973031
48295,0.14364924400097942,-665.2462594631152,10358.721110734159,5935.074155919812,4423.646954814347,0.08839507842239469
48300,0.14366411606268364,-718.7612848245244,10365.406580693718,5914.504843659386,4450.901737034332,0.08856061359798763
48305,0.14367898812438784,-763.2605714991751,10372.428110056544,5893.292382435247,4479.135727621297,0.08872723864349173
48310,0.14369386018609207,-798.6949175596228,10380.009100104866,5871.1904185584635,4508.818681546402,0.08888674977084043
48315,0.14370873224779626,-825.6556799557311,10388.393922521327,5848.065967813667,4540.32795470766,0.08904414787982956
48320,0.14372360430950049,-845.3086119784593,10397.831505765978,5823.903974262261,4573.927531503718,0.08920901371707873
48325,0.14373847637120468,-859.2698405437868,10408.556688369472,5798.802909908233,4609.753778461239,0.08936704114967654
48330,0.1437533484329089,-869.4390397438619,10420.770966048025,5772.96225086544,4647.808715182585,0.0895182025760439
48335,0.14376822049461313,-877.8087979333177,10434.62448796374,5746.663397415826,4687.961090547914,0.08967249813023102
48340,0.14378309255631733,-886.2710143316981,10450.201150682593,5720.246158819706,4729.954991862887,0.08982874595250125
48345,0.14379796461802155,-896.4409146451326,10467.508386238684,5694.08321533723,4773.425170901453,0.08997803423418349
48350,0.14381283667972575,-909.5170642466655,10486.47277747235,5668.554954934431,4817.917822537919,0.09012760011229272
48355,0.14382770874142997,-926.1917715999243,10506.942027712606,5644.026767907324,4862.915259805282,0.09028065660072683
48360,0.14384258080313417,-946.6207911717174,10528.6931494542,5620.83033139897,4907.8628180552305,0.09042646996050538
48365,0.1438574528648384,-970.4546715025808,10551.446108081682,5599.249731048253,4952.196377033429,0.09056492872573992
48370,0.1438723249265426,-996.9270532038645,10574.881642942271,5579.512567840701,4995.36907510157,0.09071235434479762
48375,0.1438871969882468,-1024.9884883697814,10598.661650202977,5561.785595559754,5036.876054643223,0.09085296496510448
48380,0.143902069049951,-1053.468815539969,10622.45038283433,5546.174016496939,5076.276366337391,0.0909881726831271
48385,0.14391694111165523,-1081.247632530958,10645.93480317989,5532.723386096057,5113.211417083834,0.0911442079906411
48390,0.14393181317335946,-1107.4115949351508,10668.842681231441,5521.423153937047,5147.419527294394,0.09129851108805265
48395,0.14394668523506365,-1131.3793747373838,10690.957408189035,5512.211161686078,5178.746246502957,0.09144540372795502
48400,0.14396155729676788,-1152.979888029986,10712.128916390153,5504.978842648061,5207.150073742092,0.09158852037690057
48405,0.14397642935847207,-1172.4760923236317,10732.280492161457,5499.577300055828,5232.703192105629,0.09173476942392535
48410,0.1439913014201763,-1190.534144583029,10751.411586440683,5495.824746209521,5255.586840231162,0.09187322819084874
48415,0.1440061734818805,-1208.1447559876106,10769.59694664274,5493.51584638707,5276.081100255669,0.09200532841521822
48420,0.14402104554358472,-1226.5090916153931,10786.982516799082,5492.433274981471,5294.549241817611,0.09214112763315917
48425,0.14403591760528892,-1246.9048495142597,10803.778602479693,5492.361290721339,5311.417311758354,0.09226874834894352
48430,0.14405078966699314,-1270.5490198725183,10820.250796152848,5493.100499738873,5327.150296413975,0.0923896428813856
48435,0.14406566172869734,-1298.4725275193632,10836.709122750233,5494.482388072895,5342.226734677338,0.09251208081775539
48440,0.14408053379040156,-1331.4190502589427,10853.495799594748,5496.381863705128,5357.11393588962,0.09262586416053771
48445,0.14409540585210578,-1369.7764413287605,10870.971913239557,5498.72608897589,5372.245824263667,0.09273599990920041
48450,0.14411027791380998,-1413.5449880434317,10889.50321265859,5501.498335712738,5388.004876945853,0.09284165476459902
48455,0.1441251499755142,-1462.3427121836685,10909.445135218419,5504.736363434722,5404.708771783697,0.09293808578098602
48460,0.1441400220372184,-1515.4444233323957,10931.127163035786,5508.525716213513,5422.601446822273,0.093028688869426
48465,0.14415489409892263,-1571.8485120919977,10954.836694307503,5512.9891318627115,5441.847562444792,0.09311367746743959
48470,0.14416976616062682,-1630.3636435942608,10980.802826611754,5518.273768825672,5462.529057786082,0.09318884031451308
48475,0.14418463822233105,-1689.7066075451967,11009.180767975078,5524.538082842525,5484.642685132553,0.09325402410642031
48480,0.14419951028403524,-1748.6025254366814,11040.037953778,5531.939940741205,5508.098013036796,0.09330947673066517
48485,0.14421438234573947,-1805.8792659381124,11073.343258480201,5540.627050515936,5532.716207964265,0.09337271345591747
48490,0.14422925440744366,-1860.5490983583495,11108.960848579634,5550.730172056052,5558.230676523583,0.09343774407156581
48495,0.1442441264691479,-1911.8721408971742,11146.650146225718,5562.359005302195,5584.291140923523,0.09349227579184397
48500,0.1442589985308521,-1959.3978679090797,11186.073023595567,5575.600243383878,5610.4727802116895,0.09353629695241807
48505,0.1442738705925563,-2002.9826834672622,11226.80874245453,5590.51707680849,5636.29166564604,0.09357244446411116
48510,0.14428874265426053,-2042.7832282965264,11268.376359067744,5607.149431055575,5661.226928012169,0.09359755664246418
48515,0.14430361471596473,-2079.226578799189,11310.263437768474,5625.514363317014,5684.74907445146,0.09361153822315688
48520,0.14431848677766895,-2112.959785159477,11351.959080317052,5645.606268844996,5706.352811472057,0.09361433744640725
48525,0.14433335883937315,-2144.782308649217,11392.988602565678,5667.396792643532,5725.591809922146,0.09360594215962868
48530,0.14434823090107737,-2175.5659333854746,11432.946775082295,5690.834561692013,5742.112213390282,0.09358637283409482
48535,0.14436310296278157,-2206.1677171454357,11471.526459735762,5715.845016099979,5755.681443635783,0.09355567274446182
48540,0.1443779750244858,-2237.3425076573512,11508.539750523034,5742.3307086816185,5766.2090418414155,0.09351389604548631
48545,0.14439284708619,-2269.66236255729,11543.929352198747,5770.172458551874,5773.756893646873,0.09346109493480588
48550,0.14440771914789421,-2303.4506339758536,11577.768850699462,5799.231693051321,5778.537157648141,0.09340429751091975
48555,0.14442259120959844,-2338.7382186777377,11610.251653283365,5829.354208496325,5780.8974447870405,0.09335961460955758
48560,0.14443746327130264,-2375.248289585217,11641.66958146258,5860.37544171591,5781.29413974667,0.09330356700427182
48565,0.14445233533300686,-2412.4136249528383,11672.383244246586,5892.127187292338,5780.256056954248,0.093236034822073
48570,0.14446720739471106,-2449.42754827134,11702.787258043565,5924.445530397647,5778.341727645918,0.09315687360250521
48575,0.14448207945641528,-2485.3257715071722,11733.27398495654,5957.179598193254,5776.094386763287,0.09306592375850492
48580,0.14449695151811948,-2519.092503599062,11764.199641634126,5990.200572109987,5773.9990695241395,0.09296302518849049
48585,0.1445118235798237,-2549.780527905843,11795.856346253187,6023.410267002309,5772.446079250878,0.09284803551747756
48590,0.1445266956415279,-2576.6320970928773,11828.452942905089,6056.748500724028,5771.704442181061,0.09272084990973728
48595,0.14454156770323212,-2599.185985091368,11862.106354650536,6090.1984823259345,5771.907872324601,0.09258142013858574
48600,0.14455643976493632,-2617.3563589899313,11896.843906470409,6123.789561990684,5773.054344479725,0.09242977065965115
48605,0.14457131182664054,-2631.471597709342,11932.61569915397,6157.596911428887,5775.018787725083,0.09226600979746474
48610,0.14458618388834477,-2642.265759721311,11969.314886530543,6191.738012622229,5777.576873908314,0.09209033475724072
48615,0.14460105595004896,-2650.8215908379407,12006.802776745846,6226.366175875495,5780.436600870351,0.09190302991573226
48620,0.1446159280117532,-2658.4707965277103,12044.93516843063,6261.661626289342,5783.273542141287,0.09172360706834491
48625,0.14463080007345738,-2666.663533475139,12083.586309598066,6297.820938247729,5785.765371350337,0.09153864179902466
48630,0.1446456721351616,-2676.8234979081717,12122.667325537095,6335.045725930522,5787.621599606573,0.0913427523732765
48635,0.1446605441968658,-2690.206773361442,12162.136828093002,6373.531503521021,5788.605324571981,0.09113642242426821
48640,0.14467541625857003,-2707.781499486473,12202.002562012633,6413.457524082369,5788.545037930264,0.09092014735460091
48645,0.14469028832027422,-2730.141802981716,12242.314198179329,6454.978221119148,5787.335977060181,0.09069441291577227
48650,0.14470516038197845,-2757.4641370109985,12283.148572346327,6498.216651359943,5784.931920986383,0.09045967663225295
48655,0.14472003244368264,-2789.50828180548,12324.589632909803,6543.260110465871,5781.329522443933,0.0902163534100876
48660,0.14473490450538687,-2825.6598017454,12366.705985204442,6590.157894517503,5776.548090686939,0.08996480618536239
48665,0.1447497765670911,-2865.006514193765,12409.529140763638,6638.921022681017,5770.60811808262,0.08970534192548534
48670,0.1447646486287953,-2906.438910052677,12453.035395067474,6689.523619175405,5763.51177589207,0.08943821273928994
48675,0.1447795206904995,-2948.7634839204657,12497.133717782113,6741.905567253477,5755.228150528636,0.08916362133018912
48680,0.1447943927522037,-2990.818257759971,12541.661239504989,6795.975990341587,5745.685249163402,0.088881729598135
48685,0.14480926481390793,-3031.5809105357457,12586.386979899029,6851.617094225586,5734.769885673443,0.08859266892264972
48690,0.14482413687561213,-3070.261368170968,12631.023512964994,6908.687939822991,5722.335573142002,0.08831217131361892
48695,0.14483900893731635,-3106.3721669013703,12675.24542458029,6967.027829470714,5708.217595109575,0.08802920305513519
48700,0.14485388099902055,-3139.771355210645,12718.712775143298,7026.459183906568,5692.25359123673,0.08773905267005193
48705,0.14486875306072478,-3170.6743500936736,12761.097384608223,7086.7900343053,5674.307350302924,0.08744180338610254
48710,0.14488362512242897,-3199.633291539976,12802.109609873223,7147.81649523477,5654.2931146384535,0.08713754397261923
48715,0.1448984971841332,-3227.48519219437,12841.523346923168,7209.325746633668,5632.1976002895,0.0868263687077215
48720,0.14491336924583742,-3255.2734130625813,12879.197202109133,7271.100071252412,5608.097130856721,0.08650837633375003
48725,0.14492824130754162,-3284.150242438125,12915.090081228022,7332.9223364114205,5582.167744816601,0.08618366909018213
48730,0.14494311336924584,-3315.2709481547718,12949.269807488228,7394.582989979138,5554.68681750909,0.08585235270925036
48735,0.14495798543095004,-3349.6909772678882,12981.91379699474,7455.888222498423,5526.025574496318,0.08551453785225602
48740,0.14497285749265426,-3388.2776087707334,13013.30131239018,7516.668526716008,5496.632785674172,0.085170342976385
48745,0.14498772955435846,-3431.6453148611454,13043.79740223643,7576.786570422504,5467.010831813926,0.08481989818729287
48750,0.14500260161606268,-3480.120706905518,13073.82931251625,7636.143181471433,5437.686131044818,0.08446334935983538
48755,0.14501747367776688,-3533.7388320689624,13103.856884503515,7694.6803787646895,5409.176505738826,0.0841008617488394
48760,0.1450323457394711,-3592.2684370830557,13134.339147723642,7752.380766033179,5381.958381690463,0.08373262244576812
48765,0.1450472178011753,-3655.260270401468,13165.699871150673,7809.263170157368,5356.436700993305,0.08335884129249656
48770,0.14506208986287952,-3722.1100513140336,13198.295143806474,7865.375036425015,5332.920107381458,0.08297975014437925
48775,0.14507696192458375,-3792.126685183228,13232.386035823665,7920.7826525191895,5311.603383304476,0.08259560059897222
48780,0.14509183398628794,-3864.5967056108266,13268.119004516853,7975.560638901786,5292.5583656150675,0.08220666043217967
48785,0.14510670604799217,-3938.837604057847,13305.515973309733,8029.782239961733,5275.733733348001,0.08182108005999335
48790,0.14512157810969636,-4014.2352957089197,13344.47499821989,8083.511765828984,5260.963232390906,0.08165203963881087
48795,0.1451364501714006,-4090.2639667394706,13384.781273382694,8136.8001201961715,5247.9811531865225,0.08158036871248048
48800,0.14515132223310478,-4166.489414053091,13426.127078122445,8189.683799502161,5236.443278620284,0.08150766397235071
48805,0.145166194294809,-4242.559247617758,13468.138310566392,8242.187173222199,5225.951137344193,0.08143536560279616
48810,0.1451810663565132,-4318.184649363746,13510.40464238226,8294.327350808471,5216.077291573789,0.08136455671472363
48815,0.14519593841821743,-4393.118644924246,13552.510163441884,8346.120575712472,5206.389587729413,0.08129595010107941
48820,0.14521081047992163,-4467.135132724407,13594.061676225578,8397.588895371422,5196.472780854156,0.08122989377501444
48825,0.14522568254162585,-4540.011501451594,13634.712466033274,8448.765844161035,5185.946621872239,0.081166508320937
48830,0.14524055460333007,-4611.515940828181,13674.180256544714,8499.700030196142,5174.480226348573,0.08111836813721554
48835,0.14525542666503427,-4681.398930831944,13712.258964779843,8550.455810117575,5161.803154662268,0.08107243136427275
48840,0.1452702987267385,-4749.387246602705,13748.824611727947,8601.110633459213,5147.713978268734,0.08102902290112841
48845,0.1452851707884427,-4815.178388910042,13783.836201683607,8651.749095941273,5132.087105742334,0.0809881244173253
48850,0.14530004285014692,-4878.433729463295,13817.332521562485,8702.454205060405,5114.8783165020795,0.08094941751286142
48855,0.1453149149118511,-4938.769747638747,13849.425689633928,8753.296768430937,5096.1289212029915,0.08091233687525959
48860,0.14532978697355534,-4995.7482505819935,13880.292025181076,8804.32410048507,5075.967924696006,0.08087612953333242
48865,0.14534465903525953,-5048.868004414858,13910.160560747154,8855.549352261443,5054.61120848571,0.08083991649494561
48870,0.14535953109696376,-5097.561315575555,13939.299393253574,8906.942675785538,5032.356717468036,0.08080275348783861
48875,0.14537440315866795,-5141.199423562683,13968.000122839116,8958.425154674336,5009.574968164779,0.08077594091948241
48880,0.14538927522037218,-5179.1099182577145,13996.56083956537,9009.866029318382,4986.694810246989,0.08075875638495
48885,0.1454041472820764,-5210.607838008382,14025.268412013565,9061.083318423081,4964.185093590484,0.08074132870548938
48890,0.1454190193437806,-5235.039932598098,14054.381108631018,9111.847598154352,4942.5335104766655,0.08072268646915229
48895,0.14543389140548482,-5251.839234735512,14084.112754641244,9161.888527782132,4922.224226859113,0.08070179883002283
48900,0.14544876346718902,-5260.58505020236,14114.61964198474,9210.903729046338,4903.715912938402,0.08067763552477132
48905,0.14546363552889324,-5261.062130620523,14145.991256610923,9258.569785598329,4887.421471012594,0.08064922332803523
48910,0.14547850759059744,-5253.312333666692,14178.245589962957,9304.555319945828,4873.690270017129,0.08061569616913804
48915,0.14549337965230166,-5237.672505165347,14211.329403326483,9348.536199775828,4862.793203550655,0.0806035456856941
48920,0.14550825171400586,-5214.793481172948,14245.123366695838,9390.212824708366,4854.910541987472,0.08059383443226267
48925,0.14552312377571008,-5185.636776683523,14279.451551079863,9429.329120870409,4850.122430209454,0.0805795018130836
48930,0.14553799583741428,-5151.447482405192,14314.094365680361,9465.692381032457,4848.401984647904,0.08055958996036684
48935,0.1455528678991185,-5113.70397816979,14348.80374434923,9499.192554989777,4849.611189359453,0.08053329650493489
48940,0.14556773996082273,-5074.047203683535,14383.31923285944,9529.81916528703,4853.5000675724095,0.08050001805133465
48945,0.14558261202252692,-5034.194333242423,14417.383625842544,9557.673823231993,4859.7098026105505,0.08045938002448566
48950,0.14559748408423115,-4995.843652747851,14450.756944093448,9582.976421961732,4867.780522131716,0.08044582718237019
48955,0.14561235614593535,-4960.579004621096,14483.227802710928,9606.063495500148,4877.16430721078,0.08043183809093936
48960,0.14562722820763957,-4929.783034837036,14514.621555887406,9627.377907677183,4887.243648210224,0.08041102580811665
48965,0.14564210026934377,-4904.56832843531,14544.804964860692,9647.449887157869,4897.355077702823,0.08038302938193854
48970,0.145656972331048,-4885.734144293676,14573.687472648424,9666.870349140898,4906.817123507526,0.08034772754833783
48975,0.1456718443927522,-4873.753847443343,14601.21944351564,9686.258326591615,4914.961116924025,0.08030523437336098
48980,0.1456867164544564,-4868.794531176481,14627.387914109986,9706.225058921593,4921.162855188393,0.08026418705717164
48985,0.1457015885161606,-4870.7661996275665,14652.210504731158,9727.337746069372,4924.872758661786,0.08025155635338088
48990,0.14571646057786483,-4879.393882559649,14675.728170191636,9750.086084953422,4925.642085238214,0.08023242696686433
48995,0.14573133263956906,-4894.302854478224,14697.997459023414,9774.854419656498,4923.143039366916,0.08020673981325918
49000,0.14574620470127325,-4915.105307207127,14719.082925840952,9801.901676060214,4917.181249780739,0.08017460899690053
49005,0.14576107676297748,-4941.476725220251,14739.050318722391,9831.350310158577,4907.700008563814,0.08013630288569466
49010,0.14577594882468167,-4973.211865017738,14757.961133007144,9863.184436609907,4894.776696397237,0.0800922189176181
49015,0.1457908208863859,-5010.253345834622,14775.869055264195,9897.256312721323,4878.612742542871,0.08006693329224006
49020,0.1458056929480901,-5052.689875497546,14792.818678998701,9933.299609137146,4859.519069861555,0.0800546973468639
49025,0.14582056500979432,-5100.725412360154,14808.846632056007,9970.947513612036,4837.899118443971,0.08003610752615065
49030,0.1458354370714985,-5154.624486579972,14823.984921398736,10009.753706761992,4814.231214636744,0.08001124450394877
49035,0.14585030913320274,-5214.641984032102,14838.265920098973,10049.214546551428,4789.051373547545,0.0799803366992354
49040,0.14586518119490693,-5280.947609655009,14851.728071832444,10088.791270649333,4762.93680118311,0.07994374227057593
49045,0.14588005325661116,-5353.555825344898,14864.421157119139,10127.931529569434,4736.489627549705,0.07990192543253632
49050,0.14589492531831538,-5432.271267876357,14876.409921874907,10166.089983661535,4710.319938213372,0.07989149713741359
49055,0.14590979738001958,-5516.657587565837,14887.77504033245,10202.747966340476,4685.027073991974,0.07987937101972217
49060,0.1459246694417238,-5606.034529772479,14898.610749064903,10237.432312330198,4661.1784367347045,0.07986066467376007
49065,0.145939541503428,-5699.5042593604185,14909.01898248027,10269.733381285043,4639.285601195226,0.07983575240030662
49070,0.14595441356513222,-5796.003867413678,14919.100375825283,10299.322099166511,4619.778276658772,0.07980512609983073
49075,0.14596928562683642,-5894.377240221251,14928.942993187124,10325.965530964673,4602.97746222245,0.07976935604995491
49080,0.14598415768854064,-5993.456575635807,14938.610017697896,10349.540146390738,4589.069871307158,0.07973524595790202
49085,0.14599902975024484,-6092.142311698665,14948.127868663361,10370.041625848924,4578.086242814437,0.079728583810461
49090,0.14601390181194907,-6189.470447620217,14957.476269810237,10387.589874728026,4569.886395082211,0.07971543491785604
49095,0.14602877387365326,-6284.658283080103,14966.581685690815,10402.427960552324,4564.153725138491,0.07969627180472648
49100,0.14604364593535749,-6377.123219841883,14975.315280757186,10414.914011404037,4560.4012693531495,0.07967163867495251
49105,0.1460585179970617,-6466.473837408367,14983.496156389516,10425.505701220938,4557.990455168578,0.0796421227101479
49110,0.1460733900587659,-6552.4770930354425,14990.900113010593,10434.737713121274,4556.162399889319,0.07960832897487011
49115,0.14608826212047013,-6635.009276191209,14997.273608561894,10443.193380794535,4554.080227767359,0.07958920285503321
49120,0.14610313418217433,-6714.000525255231,15002.351997518961,10451.47241428964,4550.879583229322,0.07958291340725883
49125,0.14611800624387855,-6789.382919242094,15005.880605141323,10460.157103475916,4545.723501665407,0.07957099334494247
49130,0.14613287830558275,-6861.050468403851,15007.636792760262,10469.779597432245,4537.857195328017,0.07955407200147466
49135,0.14614775036728697,-6928.836227136874,15007.45096513169,10480.792775215183,4526.658189916507,0.07953279747865975
49140,0.14616262242899117,-6992.507986668604,15005.224500339466,10493.5468878836,4511.6776124558655,0.07950779790053569
49145,0.1461774944906954,-7051.780396538012,15000.942851500262,10508.27361788336,4492.669233616902,0.07948001177525454
49150,0.1461923665523996,-7106.338627391924,14994.682543865534,10525.078528814503,4469.604015051031,0.07948303938890947
49155,0.1462072386141038,-7155.867284093017,14986.611403143716,10543.942125782847,4442.669277360868,0.07948072735292575
49160,0.14622211067580804,-7200.078334395988,14976.982012823368,10564.728978533176,4412.253034290192,0.07947353847246723
49165,0.14623698273751223,-7238.733127953762,14966.119019155843,10587.203649805544,4378.915369350299,0.07946188438147703
49170,0.14625185479921646,-7271.655682213844,14954.401406459947,10611.051599264674,4343.349807195273,0.07944610908927695
49175,0.14626672686092065,-7298.736725755506,14942.241204897577,10635.90287177121,4306.338333126367,0.07942648211709066
49180,0.14628159892262488,-7319.9299719731225,14930.06025359056,10661.356276816456,4268.703976774104,0.07941887853143166
49185,0.14629647098432907,-7335.243368629591,14918.266640505362,10687.001934791375,4231.2647057139875,0.07942147866595435
49190,0.1463113430460333,-7344.728493373039,14907.232314793873,10712.440473707353,4194.79184108652,0.07941789391925785
49195,0.1463262151077375,-7348.470940782362,14897.273163399044,10737.29773897709,4159.975424421955,0.07941541667273959
49200,0.14634108716944172,-7346.583734659304,14888.632602582817,10761.234539355246,4127.398063227571,0.07941659703356264
49205,0.14635595923114592,-7339.204809812556,14881.469482763003,10783.951600249948,4097.517882513055,0.07941444540738653
49210,0.14637083129285014,-7326.498688047974,14875.850849779388,10805.190449201396,4070.660400577992,0.07940936757964037
49215,0.14638570335455436,-7308.661751081382,14871.749842036588,10824.731358386445,4047.018483650143,0.07940171217008689
49220,0.14640057541625856,-7285.930008829812,14869.048721818443,10842.389686064853,4026.6590357535897,0.07939176625394279
49225,0.14641544747796278,-7258.587951338896,14867.546738596273,10858.011992389593,4009.53474620668,0.07938284601912277
49230,0.14643031953966698,-7226.9769523205405,14866.972215531821,10871.473176239278,3995.499039292543,0.07937987687196357
49235,0.1464451916013712,-7191.5017978381575,14866.997967001467,10882.675620263752,3984.3223467377156,0.07937376296914574
49240,0.1464600636630754,-7152.634275480634,14867.258934418927,10891.550972108813,3975.7079623101145,0.07936507312508755
49245,0.14647493572477963,-7110.913334172809,14867.37080903887,10898.06475648781,3969.306052551059,0.07935425503496402
49250,0.14648980778648382,-7066.94195720427,14866.948419990049,10902.223530010886,3964.724889979163,0.07934162954811662
49255,0.14650467984818805,-7021.38135213787,14865.622807027465,10904.083791696175,3961.539015331289,0.07932739284568303
49260,0.14651955190989224,-6974.943151849914,14863.056147548585,10903.761398049777,3959.2947494988075,0.07931162577332608
49265,0.14653442397159647,-6928.3799787291955,14858.954020693405,10901.43987248676,3957.5141482066447,0.07929430908164628
49270,0.1465492960333007,-6882.474074717317,14853.074809767835,10897.375822650223,3955.698987117612,0.07927534296950806
49275,0.1465641680950049,-6838.023019621392,14845.236311566507,10891.899752057692,3953.3365595088144,0.07925456914885178
49280,0.1465790401567091,-6795.821174186599,14835.319796750684,10885.410906580508,3949.908890170176,0.07924166429811398
49285,0.1465939122184133,-6756.635651930841,14823.27183400491,10878.365414210615,3944.9064197942953,0.079227926771092
49290,0.14660878428011753,-6721.1764521849,14809.104164559021,10871.257788354525,3937.8463762044958,0.0792125376798923
49295,0.14662365634182173,-6690.061793730368,14792.891827549725,10864.596757401237,3928.295070148488,0.07919544788040347
49300,0.14663852840352595,-6663.781404295475,14774.769635943969,10858.877220047107,3915.892415896862,0.07917658365440325
49305,0.14665340046523015,-6642.662131094845,14754.927028992204,10854.550770978993,3900.3762580132116,0.0791558635223027
49310,0.14666827252693437,-6626.841262649918,14733.601305941025,10851.997583259043,3881.6037226819826,0.07913321116651137
49315,0.14668314458863857,-6616.252974345848,14711.069280108983,10851.502403954555,3859.5668761544275,0.07911537718185575
49320,0.1466980166503428,-6610.632109617406,14687.637466107191,10853.23700688488,3834.400459222312,0.07911320059190044
49325,0.14671288871204702,-6609.537169193042,14663.631000186813,10857.250703011741,3806.380297175072,0.07910884728914262
49330,0.14672776077375121,-6612.391306760365,14639.381572635593,10863.469547940229,3775.9120246953644,0.07910223586266697
49335,0.14674263283545544,-6618.536955889795,14615.214713473086,10871.703866555918,3743.5108469171682,0.07909332670374745
49340,0.14675750489715964,-6627.297132764499,14591.436824656072,10881.662813873376,3709.7740107826958,0.07908210965384606
49345,0.14677237695886386,-6638.0350320497,14568.322407078942,10892.974063490428,3675.3483435885137,0.07906858974385468
49350,0.14678724902056806,-6650.203544969695,14546.10199678277,10905.20645306342,3640.895543719351,0.07905277328193608
49355,0.14680212108227228,-6663.377744572056,14524.9513947246,10917.893524431574,3607.057870293025,0.07905294616072321
49360,0.14681699314397648,-6677.265894989988,14504.982823733939,10930.556291922832,3574.4265318111065,0.07905123115571826
49365,0.1468318652056807,-6691.6976769565235,14486.238640855352,10942.724115964325,3543.5145248910267,0.07904728714943572
49370,0.1468467372673849,-6706.591568995549,14468.688144186732,10953.953099549228,3514.735044637504,0.07904088871163792
49375,0.14686160932908912,-6721.906227620482,14452.227830626045,10963.841844773691,3488.3859858523538,0.07903182694801586
49380,0.14687648139079335,-6737.582920625611,14436.685202261706,10972.044646854016,3464.64055540769,0.07901992113221096
49385,0.14689135345249754,-6753.487342498021,14421.825927091943,10978.282264456175,3443.5436626357678,0.0790050292217075
49390,0.14690622551420177,-6769.359329190763,14407.363890370292,10982.350330427495,3425.0135599427977,0.07898817205828942
49395,0.14692109757590596,-6784.77803020681,14392.973478126416,10984.125317954335,3408.8481601720814,0.07898632390321408
49400,0.1469359696376102,-6799.14805017454,14378.303346161687,10983.567817100533,3394.735529061154,0.07898141648289017
49405,0.14695084169931438,-6811.709172732903,14362.990948496084,10980.722761496547,3382.2681869995376,0.07897340825878063
49410,0.1469657137610186,-6821.56895479711,14346.677202794872,10975.71621901261,3370.9609837822627,0.078962322814664
49415,0.1469805858227228,-6827.754305844944,14329.020812396358,10968.748452009364,3360.2723603869945,0.07894823663414068
49420,0.14699545788442703,-6829.275739586245,14309.711897601495,10960.083168495554,3349.6287291059416,0.07893126387313837
49425,0.14701032994613122,-6825.196740520886,14288.484677490627,10950.033202713064,3338.451474777563,0.07891153971100563
49430,0.14702520200783545,-6814.700758946665,14265.128973493038,10938.943231670239,3326.185741822799,0.0788985802706715
49435,0.14704007406953967,-6797.149521095256,14239.500285871702,10927.170484230175,3312.3298016415265,0.07889456346666247
49440,0.14705494613124387,-6772.128142810578,14211.528148483108,10915.064664308346,3296.463484174763,0.07888817206940478
49445,0.1470698181929481,-6739.4744121521,14181.222424161582,10902.94844415215,3278.2739800094314,0.07887941704485828
49450,0.1470846902546523,-6699.291123264579,14148.677183813094,10891.099875880422,3257.577307932672,0.07886828444945537
49455,0.1470995623163565,-6651.941314676961,14114.07182409975,10879.737938704822,3234.333885394928,0.07885473117438928
49460,0.1471144343780607,-6598.0267727846185,14077.669116298543,10869.012220731101,3208.656895567441,0.07883868461136055
49465,0.14712930643976493,-6538.350475456075,14039.809933218212,10858.997460290046,3180.8124729281662,0.07882854077951967
49470,0.14714417850146913,-6473.864089693844,14000.904468702378,10849.693359797064,3151.211108905314,0.07882905986874379
49475,0.14715905056317335,-6405.602436151834,13961.4198553061,10841.029737521003,3120.3901177850967,0.0788265351371161
49480,0.14717392262487755,-6334.608058021694,13921.864222629105,10832.876697820975,3088.98752480813,0.07882078279018095
49485,0.14718879468658178,-6261.850561466589,13882.767446634762,10825.059087023303,3057.708359611459,0.07881165203118937
49490,0.147203666748286,-6188.146954643213,13844.659131714612,10817.374088884988,3027.285042829624,0.07879903577802227
49495,0.1472185388099902,-6114.090441000224,13808.04472791938,10809.61044829182,2998.4342796275596,0.07878287859620756
49500,0.14723341087169442,-6039.995648362481,13773.381067722188,10801.56755111151,2971.8135166106786,0.07877090906715817
49505,0.14724828293339862,-5965.867793919238,13741.052933313988,10793.072483388503,2947.980449925484,0.07876857230669482
49510,0.14726315499510284,-5891.401632217319,13711.352449260055,10783.993279001075,2927.35917025898,0.07876241955587945
49515,0.14727802705680704,-5816.013241846812,13684.463062663,10774.246854634071,2910.216208028929,0.07875258250655656
49520,0.14729289911851126,-5738.9040398379775,13660.449588703601,10763.800616210829,2896.6489724927724,0.07873923894152758
49525,0.14730777118021546,-5659.1523459280115,13639.255282308794,10752.66737315815,2886.587909150643,0.07872259517416057
49530,0.14732264324191968,-5575.823967087948,13620.706219139207,10740.89396538465,2879.812253754557,0.07870869865524373
49535,0.14733751530362388,-5488.090269174764,13604.522540713255,10728.544816221765,2875.9777244914894,0.07869875016356814
49540,0.1473523873653281,-5395.340562251883,13590.335458664773,10715.682370393222,2874.6530882715506,0.07869213933552327
49545,0.14736725942703233,-5297.275639832954,13577.708422208178,10702.346940067711,2875.3614821404663,0.07869489410413855
49550,0.14738213148873652,-5193.971008290929,13566.160591367377,10688.538749474099,2877.6218418932785,0.07869469847047425
49555,0.14739700355044075,-5085.901515424451,13555.190739535576,10674.204857767303,2880.9858817682725,0.07869179491185722
49560,0.14741187561214494,-4973.92336527572,13544.299904839772,10659.233129049844,2885.066775789928,0.07868639137356788
49565,0.14742674767384917,-4859.214408928211,13533.011466094216,10643.45455961862,2889.5569064755964,0.07867866041756603
49570,0.14744161973555336,-4743.178573654238,13520.887770839296,10626.654186155025,2894.2335846842707,0.07866874135066305
49575,0.1474564917972576,-4627.324728407276,13507.542926049773,10608.589650445101,2898.953275604672,0.07865674428171883
49580,0.14747136385896178,-4513.1335753308895,13492.65181923495,10589.015462964075,2903.6363562708757,0.07864275509409033
49585,0.147486235920666,-4401.927792000243,13475.955819850133,10567.710241580853,2908.2455782692796,0.07862723176577377
49590,0.1475011079823702,-4294.760326881332,13457.265877528034,10544.503804601045,2912.7620729269893,0.07862615297218017
49595,0.14751598004407443,-4192.333470986961,13436.463854718506,10519.301008006736,2917.16284671177,0.07862287695238424
49600,0.14753085210577865,-4094.957410522139,13413.502892196337,10492.0996122318,2921.4032799645374,0.07861747579853127
49605,0.14754572416748285,-4002.551984382012,13388.407412763161,10463.000172409422,2925.4072403537393,0.07866397898637956
49610,0.14756059622918707,-3914.6900483947466,13361.273051876224,10432.20686504636,2929.066186829863,0.07876015979367616
49615,0.14757546829089127,-3830.675929277364,13332.266418198247,10400.019178158209,2932.2472400400384,0.07886203768634971
49620,0.1475903403525955,-3749.648590790529,13301.62420386846,10366.815386945394,2934.808816923065,0.07895834524270212
49625,0.1476052124142997,-3670.696808554997,13269.650861655466,10333.029608330604,2936.6212533248618,0.07904933897908546
49630,0.14762008447600392,-3592.973085595434,13236.713913772624,10299.124883076294,2937.58903069633,0.07913530411265914
49635,0.1476349565377081,-3515.7941769883582,13203.236000887817,10265.565096697099,2937.670904190718,0.07921653687201603
49640,0.14764982859941234,-3438.7185936820733,13169.683029502661,10232.788563964015,2936.894465538646,0.07929332862419672
49645,0.14766470066111653,-3361.594784962226,13136.54819954242,10201.185743722133,2935.3624558202864,0.07936595225232719
49650,0.14767957272282076,-3284.5772453661593,13104.332223030711,10171.082848025848,2933.2493750048634,0.07944665064712517
49655,0.14769444478452498,-3208.1110172156596,13073.520588197422,10142.732153018938,2930.7884351784833,0.07952364773310175
49660,0.14770931684622918,-3132.8876211187953,13044.55918934357,10116.308764041696,2928.250425301874,0.0796086608758421
49665,0.1477241889079334,-3059.777249385901,13017.829958746315,10091.91263396727,2925.917324779046,0.07970734009584363
49670,0.1477390609696376,-2989.743223900281,12993.628263842047,10069.573982977096,2924.0542808649516,0.07980370025238234
49675,0.14775393303134182,-2923.745485418577,12972.143768216914,10049.260066248378,2922.883701968536,0.07989636615794259
49680,0.14776880509304602,-2862.6404568125035,12953.446225531121,10030.88152432827,2922.564701202851,0.07998531822899849
49685,0.14778367715475024,-2807.085082573629,12937.477325361533,10014.29724307251,2923.1800822890236,0.08007050112609637
49690,0.14779854921645444,-2757.4530875712016,12924.049287399312,9999.317550230491,2924.7317371688205,0.08015182820237074
49695,0.14781342127815866,-2713.7712853677012,12912.85044934146,9985.706435885517,2927.1440134559434,0.08023187224138945
49700,0.14782829333986286,-2675.682848648382,12903.457649994385,9973.184076969106,2930.273573025279,0.08031943883274367
49705,0.14784316540156708,-2642.4426847781797,12895.35480044449,9961.431130571471,2933.9236698730183,0.08040281377344584
49710,0.1478580374632713,-2612.9474696114667,12887.956684297973,9950.096014029774,2937.860670268199,0.08048189479703412
49715,0.1478729095249755,-2585.799692098336,12880.636749023475,9938.80580079154,2941.8309482319346,0.08055658733755688
49720,0.14788778158667973,-2559.4015789399473,12872.75745422136,9927.180593117153,2945.5768611042076,0.08062681184579679
49725,0.14790265364838392,-2532.0713844895627,12863.701631812339,9914.850472020444,2948.851159791895,0.0806925101731977
49730,0.14791752571008815,-2502.1716423726857,12852.903282539392,9901.473533831328,2951.429748708064,0.08076842426262379
49735,0.14793239777179235,-2468.236984533137,12839.87627208091,9886.753209903502,2953.1230621774084,0.08084077541649541
49740,0.14794726983349657,-2429.0884297052,12824.239485948672,9870.45307385222,2953.7864120964514,0.08092742210202115
49745,0.14796214189520077,-2383.9219372164625,12805.737145727664,9852.407649744613,2953.329495983051,0.08103036967879775
49750,0.147977013956905,-2332.361627829586,12784.253176994622,9832.528274794475,2951.724902200147,0.08112911234089555
49755,0.1479918860186092,-2274.4721928044028,12759.818755263575,9810.803736952923,2949.0150183106525,0.08122370494308398
49760,0.1480067580803134,-2210.730087544155,12732.612448000218,9787.296080716744,2945.3163672834744,0.08131422986585433
49765,0.14802163014201764,-2141.958297141292,12702.952723610902,9762.132537167015,2940.820186443887,0.08140079970212469
49770,0.14803650220372183,-2069.2338419296975,12671.28300949291,9735.494896024178,2935.7881134687323,0.08150281440475882
49775,0.14805137426542606,-1993.7799939928009,12638.149935082867,9707.607750832085,2930.542184250782,0.08160159658129824
49780,0.14806624632713025,-1916.8559937338487,12604.17586230321,9678.726917585083,2925.448944718126,0.08169688121438108
49785,0.14808111838883448,-1839.6559258963553,12570.027242911185,9649.129003521048,2920.898239390137,0.08178886071480902
49790,0.14809599045053867,-1763.2257651737018,12536.38070111739,9619.102668235473,2917.278032881917,0.08188071514563504
49795,0.1481108625122429,-1688.4040980185255,12503.888971863307,9588.941664265365,2914.947307597942,0.08198619296794496
49800,0.1481257345739471,-1615.788386897153,12473.14888991648,9558.939348431628,2914.209541484852,0.08208876150373642
49805,0.14814060663565132,-1545.7254755518225,12444.673497893225,9529.3840759965,2915.289421896725,0.08218863929442873
49810,0.1481554786973555,-1478.3227479598663,12418.870020406683,9500.554759710674,2918.3152606960084,0.08230804322606508
49815,0.14817035075905974,-1413.4751243929313,12396.024960883342,9472.71590462667,2923.309056256672,0.08244616792793741
49820,0.14818522282076396,-1350.9028637569445,12376.296967318403,9446.111606082679,2930.1853612357245,0.08258170207821312
49825,0.14820009488246816,-1290.195721792281,12359.717453529824,9420.958291352876,2938.759162176948,0.08271468973775858
49830,0.14821496694417238,-1230.8600493674985,12346.198333124603,9397.43634430998,2948.7619888146237,0.08284513096197882
49835,0.14822983900587658,-1172.366511038268,12335.545699248356,9375.681110880445,2959.864588367911,0.08298993384754118
49840,0.1482447110675808,-1114.1969025586095,12327.47792059632,9355.774070329171,2971.7038502671494,0.08313328030210634
49845,0.148259583129285,-1055.8888109423879,12321.646450701077,9337.735114162251,2983.9113365388257,0.08327337670055293
49850,0.14827445519098922,-997.0765468011214,12317.657659401388,9321.516869670242,2996.1407897311456,0.08341002781439741
49855,0.14828932725269342,-937.5260551044357,12315.094162846142,9307.001845589799,3008.0923172563434,0.0835429964664254
49860,0.14830419931439764,-877.1607151655317,12313.53440623291,9294.002905763702,3019.5315004692075,0.08367992964802069
49865,0.14831907137610184,-816.0744781811482,12312.569593616223,9282.267257141202,3030.3023364750206,0.08382172604629753
49870,0.14833394343780607,-754.5290018588621,12311.81741931347,9271.483835921923,3040.333583391546,0.08395867893280608
49875,0.1483488154995103,-692.9324953547984,12310.93240310106,9261.293736685606,3049.6386664154543,0.08409048277691011
49880,0.14836368756121449,-631.7998338558773,12309.612941971485,9251.303172316482,3058.309769655003,0.0842283803508429
49885,0.1483785596229187,-571.6958925780618,12307.605445041223,9241.098368720188,3066.507076321035,0.08439327599364548
49890,0.1483934316846229,-513.1666054762663,12304.706098427469,9230.261762884042,3074.444335543427,0.08455225704893486
49895,0.14840830374632713,-456.6645422114707,12300.760900753032,9218.388858198898,3082.372042554134,0.084705036263032
49900,0.14842317580803133,-402.47739841441035,12295.664611925224,9205.105078806342,3090.5595331188815,0.08485135889747938
49905,0.14843804786973555,-350.6683656349687,12289.359173419953,9190.081951343922,3099.2772220760307,0.08499634602683383
49910,0.14845291993143975,-301.03668266810746,12281.832005111333,9173.051937478192,3108.780067633141,0.08514758680657249
49915,0.14846779199314397,-253.10476117036342,12273.114389731483,9153.821260661083,3119.2931290704,0.08529183201679798
49920,0.14848266405484817,-206.13534329536378,12263.279955043005,9132.280130265486,3130.9998247775184,0.08542899027638287
49925,0.1484975361165524,-159.1786043710017,12252.443089260525,9108.409870522359,3144.0332187381664,0.0855590183665213
49930,0.14851240817825662,-111.14548766267035,12240.757004154122,9082.28660220413,3158.4704019499914,0.08568625982982221
49935,0.1485272802399608,-60.90037880366799,12228.411108598773,9054.081283128353,3174.3298254704205,0.08582072378744701
49940,0.14854215230166504,-7.363920727331788,12215.627375160464,9024.05606824999,3191.571306910473,0.0859480452887622
49945,0.14855702436336923,50.38439591646602,12202.655462828363,8992.55708741583,3210.0983754125336,0.08607851197951688
49950,0.14857189642507346,113.01416218641134,12189.766479708735,8960.003857244648,3229.7626224640862,0.08623837343965053
49955,0.14858676848677765,180.87155955008348,12177.24540608707,8926.875652558905,3250.3697535281644,0.0863946586878089
49960,0.14860164054848188,253.9333167055902,12165.38232825668,8893.695274184585,3271.687054072094,0.08654447367417081
49965,0.14861651261018607,331.7911584460471,12154.462740502133,8861.01076804193,3293.4519724602033,0.08668780997200932
49970,0.1486313846718903,413.6677111436966,12144.757248491454,8829.375765686384,3315.381482805071,0.08682765810414685
49975,0.1486462567335945,498.4618703479973,12136.51105204847,8799.3292075648,3337.18184448367,0.08697733844396624
49980,0.14866112879529872,584.8191042323615,12129.933605544391,8771.375254107024,3358.5583514373666,0.08712030502547534
49985,0.14867600085700294,671.2202587818538,12125.188860990376,8745.964173827751,3379.224687162625,0.08725645636066383
49990,0.14869087291870714,756.0812251269017,12122.386504078931,8723.474928022366,3398.9115760565655,0.08738567102014848
49995,0.14870574498041136,837.8553114520364,12121.574605352967,8704.2000719623,3417.374533390668,0.08751438312999305
50000,0.14872061704211556,915.1302667715263,12122.734128245782,8688.333492515843,3434.4006357299386,0.08764827549708867
50005,0.14873548910381978,986.7125618788014,12125.775753833595,8675.961422534685,3449.8143312989105,0.0877968401346654
50010,0.14875036116552398,1051.6926931839644,12130.539480473795,8667.05711371875,3463.4823667550445,0.08795698862385494
50015,0.1487652332272282,1109.4869038738561,12136.797412259093,8661.479492099183,3475.3179201599105,0.08812037595144528
50020,0.1487801052889324,1159.8527623943082,12144.260042940141,8658.97603505973,3485.284007880411,0.08827619672484463
50025,0.14879497735063663,1202.8783849524807,12152.586161342513,8659.18997520034,3493.396186142174,0.08842406034020665
50030,0.14880984941234082,1238.9475225817296,12161.396255061354,8661.671754319224,3499.7245007421297,0.08856356364949494
50035,0.14882472147404505,1268.6849505517403,12170.288992891008,8665.8944422903,3504.3945506007076,0.0887099091031161
50040,0.14883959353574927,1292.8882706774966,12178.860058318793,8671.272633994566,3507.587424324227,0.08885095474050886
50045,0.14885446559745347,1312.453115667071,12186.722329314138,8677.18417135141,3509.5381579627283,0.08898248149468564
50050,0.1488693376591577,1328.2987496757323,12193.526195438762,8682.993918198232,3510.5322772405307,0.08910409032127786
50055,0.1488842097208619,1341.3003086827903,12198.978704512756,8688.078734801007,3510.899969711749,0.08923047730516136
50060,0.1488990817825661,1352.232678795257,12202.860254082805,8691.852736394338,3511.0075176884675,0.08937424550715685
50065,0.1489139538442703,1361.729554794265,12205.037685286208,8693.791859839492,3511.2458254467165,0.08951729393487068
50070,0.14892882590597453,1370.2597552136267,12205.472878750834,8693.4567037883,3512.016174962533,0.08966754770430886
50075,0.14894369796767873,1378.1214626121855,12204.226262729328,8690.51257060792,3513.713692121408,0.08980952697765542
50080,0.14895857002938295,1385.4536869255953,12201.45498804072,8684.745656213128,3516.709331827591,0.08994122433118863
50085,0.14897344209108715,1392.2628973641786,12197.405871229765,8676.074439396749,3521.331431833016,0.09006268857101693
50090,0.14898831415279137,1398.4614989433594,12192.403532835297,8664.555530377675,3527.848002457622,0.09019275620024354
50095,0.1490031862144956,1403.9138047173474,12186.834445780594,8650.38353761249,3536.4509081681044,0.09031248404099497
50100,0.1490180582761998,1408.4845703627198,12181.127848683527,8633.88486551455,3547.242983168977,0.09042190600018364
50105,0.14903293033790402,1412.0851485635176,12175.73466104494,8615.50571326481,3560.2289477801296,0.09052486241345085
50110,0.14904780239960821,1414.7128877328942,12171.105651994438,8595.794859192232,3575.3107928022055,0.0906330935048878
50115,0.14906267446131244,1416.4804070072478,12167.670151434962,8575.382056354205,3592.2880950807576,0.0907364735129325
50120,0.14907754652301664,1417.6326160021417,12165.816544041725,8554.953026005707,3610.863518036018,0.09086651049485622
50125,0.14909241858472086,1418.5506143138246,12165.875649961205,8535.222129030342,3630.653520930862,0.09099239286157701
50130,0.14910729064642506,1419.742780839917,12168.107876826036,8516.903842615815,3651.204034210221,0.09110997296383128
50135,0.14912216270812928,1421.8244074682443,12172.694741146948,8500.684190046022,3672.010551100926,0.09121920658940628
50140,0.14913703476983348,1425.488143138131,12179.735027672865,8487.193274927817,3692.541752745048,0.09133375487183844
50145,0.1491519068315377,1431.4682640779356,12189.245514205111,8476.98005439396,3712.2654598111512,0.09144189160167292
50150,0.14916677889324192,1440.5022825315755,12201.165870569828,8470.490435614298,3730.6754349555304,0.09154144349189183
50155,0.14918165095494612,1453.2935174473114,12215.367076103163,8468.049678356843,3747.3173977463193,0.09163219769576968
50160,0.14919652301665035,1470.477872735717,12231.662515301943,8469.849917431788,3761.8125978701555,0.09172743594558763
50165,0.14921139507835454,1492.5972066638715,12249.820820544475,8475.943375440685,3773.87744510379,0.09181481888213922
50170,0.14922626714005877,1520.080485051165,12269.579535076806,8486.24152561819,3783.3380094586155,0.09189262270541147
50175,0.14924113920176296,1553.232669385201,12290.658755975339,8500.520111617432,3790.1386443579067,0.09196401441684365
50180,0.1492560112634672,1592.2303113149756,12312.774061452312,8518.429577201208,3794.3444842511035,0.09205306269058244
50185,0.14927088332517138,1637.122340867596,12335.648199109026,8539.510154117821,3796.138044991205,0.09213828069759701
50190,0.1492857553868756,1687.8346207307404,12359.021181354217,8563.210647372212,3795.810533982005,0.09221751544444567
50195,0.1493006274485798,1744.1773855567608,12382.658578523002,8588.909871738193,3793.7487067848087,0.09229453235426188
50200,0.14931549951028403,1805.8554531761565,12406.357908922431,8615.939731308159,3790.4181776142723,0.0923617988709847
50205,0.14933037157198825,1872.4817913687402,12429.953101343472,8643.609064845386,3786.344036498085,0.09241899957462367
50210,0.14934524363369245,1943.5953878629225,12453.317062845572,8671.227552296476,3782.0895105490963,0.09246679468231218
50215,0.14936011569539667,2018.684229790555,12476.362439822318,8698.12913545412,3778.2333043681974,0.09251266147540894
50220,0.14937498775710087,2097.2135047930515,12499.04072687007,8723.694503659308,3775.3462232107613,0.09254799902998641
50225,0.1493898598188051,2178.6579871615995,12521.33995965954,8747.372212833563,3773.967746825978,0.09257267847991668
50230,0.1494047318805093,2262.5362084804565,12543.281316754526,8768.697950656302,3774.5833660982244,0.09258662596282297
50235,0.1494196039422135,2348.4427781916256,12564.915032123898,8787.31136458061,3777.603667543288,0.09259784519497344
50240,0.1494344760039177,2436.0744801960973,12586.316059750114,8802.969779516812,3783.3462802333015,0.09259918948926484
50245,0.14944934806562193,2525.2458025292435,12607.579910466004,8815.558096808934,3792.0218136570693,0.09258997816391011
50250,0.14946422012732613,2615.890450389279,12628.818985277048,8825.094221747977,3803.7247635290714,0.09257151058225281
50255,0.14947909218903035,2708.047025670723,12650.15956303392,8831.729526824898,3818.4300362090216,0.09255740079676461
50260,0.14949396425073458,2801.829133798894,12671.739388610964,8835.744108167763,3835.9952804432014,0.09254773247138724
50265,0.14950883631243878,2897.3823277112824,12693.705594012104,8837.536895900364,3856.16869811174,0.09252950721578546
50270,0.149523708374143,2994.832162973087,12716.212520635503,8837.61098604496,3878.6015345905435,0.0925027464424668
50275,0.1495385804358472,3094.228943111035,12739.4189422097,8836.554825500936,3902.8641167087644,0.09247044466202108
50280,0.14955345249755142,3195.4953138999135,12763.484241026395,8835.020071738138,3928.464169288258,0.09243096049498235
50285,0.14956832455925562,3298.3826628159495,12788.563263265209,8833.697055399834,3954.8662078653742,0.09238459777686935
50290,0.14958319662095984,3402.44134291292,12814.799841576281,8833.288806291199,3981.5110352850825,0.09233006181879179
50295,0.14959806868266404,3507.008213496665,12842.319272312374,8834.484581306753,4007.8346910056207,0.0922670412640404
50300,0.14961294074436826,3611.213095613486,12871.220310110552,8837.933778787003,4033.286531323549,0.09219544735236332
50305,0.14962781280607246,3714.003745925218,12901.56743939545,8844.221055829168,4057.3463835662824,0.09211517945562961
50310,0.14964268486777668,3814.1871190813454,12933.384264623746,8853.843395493614,4079.5408691301327,0.09202612874097567
50315,0.1496575569294809,3910.483223034764,12966.648817389325,8867.189807288925,4099.4590101004,0.0919281818997155
50320,0.1496724289911851,4001.586891240222,13001.29142220045,8884.524290988309,4116.76713121214,0.09182122476718066
50325,0.14968730105288933,4086.232322394173,13037.195525769328,8905.972651426502,4131.222874342826,0.09170514571719916
50330,0.14970217311459352,4163.255225072977,13074.201617666693,8931.513716042382,4142.687901624311,0.09157983875438956
50335,0.14971704517629775,4231.647776087808,13112.114092348425,8960.97546594804,4151.138626400385,0.09144520625875996
50340,0.14973191723800194,4290.60229974598,13150.710654176315,8994.036527188071,4156.674126988244,0.09132432991421481
50345,0.14974678929970617,4339.540576185913,13189.753666489758,9030.233361064576,4159.5203054251815,0.0911985532770616
50350,0.14976166136141036,4378.12698257579,13229.00270132071,9068.973325214294,4160.029376106415,0.09106398205819144
50355,0.1497765334231146,4406.265218485265,13268.22746009234,9109.553546509147,4158.673913583192,0.090920468966054
50360,0.14979140548481878,4424.080041895135,13307.22020764159,9151.185263670484,4156.034943971106,0.09076788416774814
50365,0.149806277546523,4431.8870246567385,13345.806892206283,9193.022984651941,4152.783907554342,0.09060611753016522
50370,0.14982114960822723,4430.154558642595,13383.856212040602,9234.197489326398,4149.6587227142045,0.09043508123644932
50375,0.14983602166993143,4419.462980671535,13421.286032266522,9273.851417154554,4147.434615111968,0.09025471294755012
50380,0.14985089373163565,4400.465640037482,13458.06674632746,9311.175931111695,4146.8908152157655,0.09006497949907893
50385,0.14986576579333985,4373.856069775575,13494.221402719633,9345.44675707933,4148.774645640304,0.0898658809021849
50390,0.14988063785504407,4340.344318440137,13529.822661989274,9376.057775533134,4153.76488645614,0.08965745420365244
50395,0.14989550991674827,4300.644149752272,13564.986889517946,9402.550307588685,4162.436581929262,0.08943977661386343
50400,0.1499103819784525,4255.471368291321,13599.865902056119,9424.636313042494,4175.229589013625,0.08921296728308423
50405,0.1499252540401567,4205.552069326577,13634.637046376163,9442.213927173418,4192.4231192027455,0.08897718722205264
50410,0.14994012610186092,4151.638234095388,13669.492377320197,9455.37412029435,4214.118257025848,0.08873263710734798
50415,0.1499549981635651,4094.5269589552263,13704.62770930197,9464.39776557327,4240.2299437287,0.08847955302980916
50420,0.14996987022526934,4035.078939964511,13740.232241793678,9469.743017505194,4270.4892242884835,0.08821820055407727
50425,0.14998474228697356,3974.231827129961,13776.47932065336,9472.023581137515,4304.4557395158445,0.0879569794631345
50430,0.14999961434867776,3913.004768120647,13813.518719468457,9471.979117888777,4341.53960157968,0.087704169554963
50435,0.15001448641038198,3852.4917400622853,13851.47064011321,9470.439609169549,4381.031030943661,0.08744371691558868
50440,0.15002935847208618,3793.8428394103994,13890.42146970988,9468.285914999804,4422.135554710076,0.08717585785916221
50445,0.1500442305337904,3738.2342588014053,13930.421214284706,9466.408974470962,4464.012239813745,0.08690083646614018
50450,0.1500591025954946,3686.8290062751094,13971.482466965444,9465.670080229424,4505.812386736021,0.0866188994815878
50455,0.15007397465719882,3640.7314251504085,14013.580756037798,9466.864432307868,4546.71632372993,0.08633029165641998
50460,0.15008884671890302,3600.939262069196,14056.656139222378,9470.689775704586,4585.966363517791,0.08603525157195575
50465,0.15010371878060724,3568.2974496974384,14100.61594253443,9477.721407958765,4622.894534575666,0.08573400801591889
50470,0.15011859084231144,3543.457928830254,14145.338562903351,9488.394274825514,4656.944288077837,0.08542677701446996
50475,0.15013346290401566,3526.8496730049155,14190.678248425067,9502.992322003218,4687.685926421849,0.08511375963559042
50480,0.1501483349657199,3518.6624830384535,14236.470734854374,9521.644798060015,4714.825936794359,0.08479514064691134
50485,0.15016320702742408,3518.846985028098,14282.539559915798,9544.328849567384,4738.210710348414,0.08447108804178288
50490,0.1501780790891283,3527.1315869715854,14328.702814896136,9570.877531227274,4757.8252836688625,0.0841417533644511
50495,0.1501929511508325,3543.055084971438,14374.780045085432,9600.992263224682,4773.78778186075,0.08380727269737598
50500,0.15020782321253673,3566.011485641802,14420.59899220365,9634.258777034082,4786.340215169568,0.08346776814117082
50505,0.15022269527424092,3595.3018451176795,14466.001888633655,9670.165661839901,4795.836226793754,0.08312334962493181
50510,0.15023756733594515,3630.1869070876946,14510.851059194889,9708.12472182927,4802.726337365619,0.0827741169216513
50515,0.15025243939764935,3669.9343001613997,14555.033645839278,9747.492456369599,4807.541189469679,0.0824201617923075
50520,0.15026731145935357,3713.855068720368,14598.465324754521,9787.592069994096,4810.873254760425,0.08206157022677578
50525,0.15028218352105777,3761.32619182473,14641.092918492188,9827.735505016399,4813.357413475789,0.0816984247802414
50530,0.150297055582762,3811.798155665516,14682.895812509129,9867.24506533534,4815.650747173788,0.08133080701706707
50535,0.15031192764446621,3864.789151500967,14723.886073440975,9905.474260189101,4818.411813251874,0.0809588000707997
50540,0.1503267997061704,3919.869613042407,14764.107153266306,9941.827531912399,4822.279621353908,0.0805898428953399
50545,0.15034167176787464,3976.6421794559683,14803.631071280293,9975.77853308771,4827.852538192583,0.08022439821742548
50550,0.15035654382957883,4034.722503403633,14842.55401313793,10006.886583618249,4835.667429519681,0.07985453126189505
50555,0.15037141589128306,4093.7255565458145,14880.990382166809,10034.810876184294,4846.1795059825145,0.0794803396337845
50560,0.15038628795298725,4153.26040165604,14919.065478550221,10059.321930128022,4859.743548422199,0.07910193658306112
50565,0.15040116001469148,4212.934203785937,14956.907149076113,10080.309748172587,4876.597400903525,0.07871945323989248
50570,0.15041603207639567,4272.364067165165,14994.636915230256,10097.788137744265,4896.848777485991,0.07833304009044126
50575,0.1504309041380999,4331.193607144331,15032.361215915827,10111.89474203988,4920.4664738759475,0.07794286749078981
50580,0.1504457761998041,4389.11032622602,15070.163460376067,10122.886493852187,4947.276966523879,0.07764080696243487
50585,0.15046064826150832,4445.859939070504,15108.097554773478,10131.13044772445,4976.967107049028,0.07758654775051833
50590,0.15047552032321254,4501.254627632097,15146.183438223063,10137.090236252654,5009.093201970409,0.07745152497238887
50595,0.15049039238491674,4555.173499397204,15184.40495891744,10141.308695448763,5043.096263468677,0.07723918164764562
50600,0.15050526444662096,4607.554929892176,15222.710176137643,10144.38746964602,5078.322706491623,0.07705372653843544
50605,0.15052013650832516,4658.381711352802,15261.013938257169,10146.964600959136,5114.049337298033,0.07718240253242047
50610,0.15053500857002938,4707.660822968448,15299.202406254788,10149.69120589527,5149.511200359519,0.07723051019520799
50615,0.15054988063173358,4755.400117415087,15337.139095875951,10153.208331716096,5183.930764159855,0.07719823195320259
50620,0.1505647526934378,4801.584312105699,15374.672002425377,10158.124973207276,5216.547029218102,0.07708755629764504
50625,0.150579624755142,4846.1524760916345,15411.641426910564,10164.99803732791,5246.643389582654,0.07690214555817977
50630,0.15059449681684622,4888.978837776318,15447.888199989899,10174.314801833832,5273.573398156066,0.07664710844968448
50635,0.15060936887855042,4929.858321896503,15483.262057514152,10186.478165071188,5296.783892442963,0.07632870952863062
50640,0.15062424094025464,4968.497840821114,15517.629927627995,10201.794769417915,5315.83515821008,0.07641580698617535
50645,0.15063911300195887,5004.514049045607,15550.883837175974,10220.465935222115,5330.417901953859,0.07644190395303745
50650,0.15065398506366307,5037.438001384533,15582.948052738155,10242.58128572305,5340.366767015104,0.0763814682777911
50655,0.1506688571253673,5066.726872757765,15613.784976402749,10268.114977399106,5345.669999003643,0.07623557218627759
50660,0.15068372918707149,5091.782526909083,15643.39926232485,10296.924554923144,5346.474707401707,0.07600713658836089
50665,0.1506986012487757,5111.976218235413,15671.83964314458,10328.75258918314,5343.087053961441,0.07570088518625588
50670,0.1507134733104799,5126.678101269976,15699.198071848834,10363.231384766643,5335.966687082191,0.07573227747637169
50675,0.15072834537218413,5135.289618010882,15725.605986449013,10399.89111447325,5325.714871975762,0.07571200241663337
50680,0.15074321743388833,5137.276403069116,15751.227761605302,10438.171718436242,5313.056043169059,0.07560722753651318
50685,0.15075808949559255,5132.199248353936,15776.251679839692,10477.438779670365,5298.812900169327,0.07542021426939984
50690,0.15077296155729675,5119.740969210785,15800.878990899544,10517.003365049482,5283.875625850062,0.07515495417791479
50695,0.15078783361900097,5099.727646120644,15825.311796896664,10556.14552982563,5269.166267071034,0.07482630636689956
50700,0.1508027056807052,5072.143502185138,15849.74058549267,10594.140864853902,5255.599720638767,0.07482222550386415
50705,0.1508175777424094,5037.139406022783,15874.332234352141,10630.289158682483,5244.043075669659,0.07473616981024833
50710,0.15083244980411362,4995.03550548543,15899.219242455147,10663.943982095447,5235.2752603597,0.07457056430318222
50715,0.1508473218658178,4946.318743903339,15924.49083043573,10694.541798699098,5229.949031736633,0.07432934184833874
50720,0.15086219392752204,4891.636020911514,15950.18641552982,10721.629070917652,5228.557344612169,0.07420556881058056
50725,0.15087706598922623,4831.783607932803,15976.291823204197,10744.885774723978,5231.406048480219,0.07421112086374687
50730,0.15089193805093046,4767.693186023382,16002.73845378688,10764.143772690066,5238.594681096814,0.07421478580411073
50735,0.15090681011263465,4700.414598467896,16029.405476524418,10779.398644708022,5250.006831816396,0.07421666939586537
50740,0.15092168217433888,4631.095162092994,16056.124969512612,10790.81385993333,5265.311109579281,0.07421687905782831
50745,0.15093655423604307,4560.955237817416,16082.689758270144,10798.716600404392,5283.973157865752,0.07421552291496154
50750,0.1509514262977473,4491.259812254571,16108.86353246666,10803.585099693291,5305.278432773368,0.07422260251172513
50755,0.15096629835945152,4423.286153847306,16134.392653533107,10806.027991214738,5328.364662318369,0.07423449302396867
50760,0.15098117042115572,4358.288178581943,16159.018927150768,10806.75679640105,5352.2621307497175,0.074245066113971
50765,0.15099604248285994,4297.458901784785,16182.492527209866,10806.553236661737,5375.939290548129,0.07425439943355627
50770,0.15101091454456414,4241.893098254801,16204.584239936134,10806.233446049035,5398.350793887099,0.07426254091721347
50775,0.15102578660626836,4192.552848055519,16225.096255644423,10806.61134077634,5418.484914868082,0.07426950469864033
50780,0.15104065866797256,4150.238845496848,16243.870865491719,10808.463350554495,5435.407514937224,0.07427556591144717
50785,0.15105553072967678,4115.570110782917,16260.796604442718,10812.496456105233,5448.300148337485,0.07429824414313299
50790,0.15107040279138098,4088.974086292108,16275.811595194336,10819.321057716135,5456.490537478201,0.07431920479207177
50795,0.1510852748530852,4070.688132161251,16288.904064958226,10829.42968915618,5459.474375802045,0.07433830079288667
50800,0.1511001469147894,4060.772319409052,16300.110205069792,10843.182061833164,5456.928143236628,0.07435537336848114
50805,0.15111501897649363,4059.1323181696134,16309.509706157496,10860.796441709921,5448.713264447575,0.07437026642274068
50810,0.15112989103819785,4065.5502246980323,16317.219420407118,10882.346977524081,5434.872442883037,0.0743828411957011
50815,0.15114476309990205,4079.720448389875,16323.385675188185,10907.766344122983,5415.619331065202,0.07439955894224458
50820,0.15115963516160627,4101.287334132045,16328.17579108149,10936.8529454328,5391.32284564869,0.07442442956467211
50825,0.15117450722331047,4129.881048503454,16331.769346586807,10969.28191949265,5362.487427094156,0.07444605672685446
50830,0.1511893792850147,4165.148419972278,16334.349686723604,11004.61926572697,5329.730420996635,0.07446447730949568
50835,0.1512042513467189,4206.775888860131,16336.096099036611,11042.338526065789,5293.757572970822,0.07447978647779532
50840,0.1512191234084231,4254.502464410287,16337.176984454754,11081.839554362803,5255.337430091951,0.0744921298026412
50845,0.1512339954701273,4308.121546354809,16337.744239380725,11122.468973731444,5215.275265649281,0.07450169110502682
50850,0.15124886753183153,4367.471562785207,16337.928947832113,11163.541937155438,5174.387010676675,0.07450867724352883
50855,0.15126373959353573,4432.416506274474,16337.83836843894,11204.36477556586,5133.473592873079,0.07452206463442146
50860,0.15127861165523995,4502.818517779775,16337.554101214306,11244.258050891245,5093.296050323061,0.07453891870808808
50865,0.15129348371694418,4578.5055814301195,16337.13124339521,11282.579443573602,5054.551799821607,0.07455327421028057
50870,0.15130835577864837,4659.23806531845,16336.598299806383,11318.74580879931,5017.852491007072,0.07456534447405029
50875,0.1513232278403526,4744.678182772088,16335.957604637586,11352.253647031228,4983.703957606358,0.0745752930544696
50880,0.1513380999020568,4834.366365663598,16335.186037369253,11382.697167150553,4952.4888702187,0.07458322433907748
50885,0.15135297196376102,4927.707972837885,16334.235871465224,11409.78309213027,4924.452779334953,0.07458917826283908
50890,0.15136784402546521,5023.972707268422,16333.035674512477,11433.341387176388,4899.6942873360895,0.07459312940573372
50895,0.15138271608716944,5122.3076883598915,16331.491275790455,11453.331197439988,4878.160078350467,0.07459499050662731
50900,0.15139758814887364,5221.763521237658,16329.486922995047,11469.841478390554,4859.645444604494,0.07460322629958584
50905,0.15141246021057786,5321.3311738771745,16326.886851038647,11483.086084559574,4843.800766479073,0.07461494515977882
50910,0.15142733227228206,5419.986246328844,16323.537563818463,11493.393430284807,4830.144133533657,0.07462404175206598
50915,0.15144220433398628,5516.736441907431,16319.271161781826,11501.19120893864,4818.079952843185,0.07463033544697244
50920,0.1514570763956905,5610.667771705166,16313.910012665334,11506.9870027816,4806.923009883734,0.07463364057119935
50925,0.1514719484573947,5700.985201127541,16307.272948317486,11511.345882041012,4795.927066276474,0.07463378162288395
50930,0.15148682051909892,5787.044004480805,16299.182982705686,11514.866241866386,4784.3167408393,0.07463060666381256
50935,0.15150169258080312,5868.368954523174,16289.476310951006,11518.155145936144,4771.321165014862,0.0746239978298015
50940,0.15151656464250735,5944.659574750912,16278.012108477442,11521.80434849824,4756.207759979201,0.07463428467985955
50945,0.15153143670421154,6015.780956035978,16264.682450886728,11526.36798496027,4738.314465926458,0.07464247445348583
50950,0.15154630876591577,6081.740998747465,16249.421559093165,11532.342695881009,4717.078863212157,0.07464774711836483
50955,0.15156118082761996,6142.656271327123,16232.213562532947,11540.150718605873,4692.062843927073,0.07465013668132324
50960,0.1515760528893242,6198.709846333677,16213.098064413365,11550.126272586436,4662.971791826929,0.0746497037198723
50965,0.15159092495102838,6250.105361636661,16192.172965220198,11562.50539358237,4629.667571637827,0.07466517138352678
50970,0.1516057970127326,6297.022057456494,16169.59421989291,11577.419242434098,4592.174977458812,0.07470634046770912
50975,0.15162066907443683,6339.575589663829,16145.572434590991,11594.890822880761,4550.68161171023,0.07474264350813031
50980,0.15163554113614103,6377.78897509859,16120.36642209259,11614.834983895807,4505.531438196782,0.07477410256964073
50985,0.15165041319784525,6411.577077167555,16094.274013550734,11637.06154852139,4457.2124650293445,0.0748007649466911
50990,0.15166528525954945,6440.746626948582,16067.620563378801,11661.281396814558,4406.339166564243,0.07482271074480314
50995,0.15168015732125367,6465.012003486516,16040.745686550335,11687.115328104936,4353.6303584454,0.07484005972343398
51000,0.15169502938295787,6484.025061158881,16013.98884077632,11714.105528104676,4299.883312671644,0.0748529764136009
51005,0.1517099014446621,6497.4154675608015,15987.674416337964,11741.729457360874,4245.94495897709,0.07486167260690965
51010,0.1517247735063663,6504.836614816319,15962.097027039874,11769.415946141671,4192.681080898203,0.07486640657542128
51015,0.1517396455680705,6506.011463670089,15937.507705577229,11796.563217234134,4140.944488343095,0.0748674787934982
51020,0.1517545176297747,6500.772822030207,15914.101690823276,11822.55846071576,4091.543230107516,0.07486522441967251
51025,0.15176938969147893,6489.093518882133,15892.008447179427,11846.798462957702,4045.209984221725,0.07486000325637349
51030,0.15178426175318316,6471.103508228037,15871.284472675869,11868.710664833281,4002.5738078425875,0.0748521882351913
51035,0.15179913381488735,6447.092812508146,15851.909332295056,11887.773914027151,3964.1354182679042,0.0748421536010196
51040,0.15181400587659158,6417.501059136974,15833.785200413777,11903.538102755138,3930.247097658639,0.07483026386824326
51045,0.15182887793829578,6382.895903642006,15816.74002041925,11915.641855567701,3901.09816485155,0.07481686433387705
51050,0.15184375,6343.943689710513,15800.534202696514,11923.82745345324,3876.7067492432743,0.07480227354110987
51055,0.1518586220617042,6301.376185127664,15784.870597236097,11927.952245482396,3856.9183517537003,0.07478677769732626
51060,0.15187349412340842,6255.9571447721,15769.407305473485,11927.99590309266,3841.411402380825,0.07477062675564601
51065,0.15188836618511262,6208.451851489673,15753.772746253393,11924.06301373275,3829.7097325206432,0.0747540317227072
51070,0.15190323824681684,6159.601810196375,15737.582268879647,11916.38069288477,3821.201575994877,0.07473716276338077
51075,0.15191811030852104,6110.105626173625,15720.455516641447,11905.291118510337,3815.16439813111,0.07472014779860593
51080,0.15193298237022526,6060.606024624583,15702.033691578059,11891.239155397636,3810.794536180423,0.07470307147557803
51085,0.15194785443192949,6011.682176896912,15681.99586105224,11874.755522616872,3807.2403384353693,0.07468597456820765
51090,0.15196272649363368,5963.846110195502,15660.073484422373,11856.436237856244,3803.6372465661298,0.07466885399422545
51095,0.1519775985553379,5917.541987260831,15636.06242718497,11836.919313723685,3799.143113461285,0.07465166369102393
51100,0.1519924706170421,5873.147332821635,15609.831869141368,11816.859851491083,3792.972017650285,0.07463431657556031
51105,0.15200734267874633,5830.975676847719,15581.329694866934,11796.904756444032,3784.4249384229024,0.07461668773953918
51110,0.15202221474045052,5791.280410770778,15550.58416465188,11777.668280759872,3772.9158838920084,0.07460665665476165
51115,0.15203708680215475,5754.259804715834,15517.701883005358,11759.709494057599,3757.9923889477595,0.07461488086696995
51120,0.15205195886385894,5720.063091252199,15482.862288692675,11743.512607356284,3739.349681336391,0.07462591122243001
51125,0.15206683092556317,5688.797340802715,15446.309066328347,11729.470855660938,3716.838210667409,0.07464063062774062
51130,0.15208170298726736,5660.534632977982,15408.339011854507,11717.874400200917,3690.4646116535896,0.07465190812687761
51135,0.1520965750489716,5635.318863155759,15369.288967893415,11708.902464948836,3660.3865029445788,0.0746585256320509
51140,0.1521114471106758,5613.171475688682,15329.52148356713,11702.619694461997,3626.9017891051335,0.07467851967563204
51145,0.15212631917238,5594.095498401317,15289.409856361954,11698.976531155618,3590.433325206335,0.07469817362133947
51150,0.15214119123408423,5578.077443440085,15249.323192427815,11697.81327534668,3551.5099170811354,0.07471183980016714
51155,0.15215606329578843,5565.086892882329,15209.612085427103,11698.867418127586,3510.7446672995175,0.07471954260180923
51160,0.15217093535749265,5555.073857321682,15170.595466292982,11701.783821113515,3468.8116451794667,0.07472138418162046
51165,0.15218580741919685,5547.964240781616,15132.549115443846,11706.127343371001,3426.4217720728448,0.07471754200064443
51170,0.15220067948090107,5543.653931071712,15095.696250418187,11711.397562090835,3384.2986883273516,0.07470826171993794
51175,0.15221555154260527,5542.002135911452,15060.200502382473,11717.045276057239,3343.1552263252343,0.07470803782865024
51180,0.1522304236043095,5542.824593882266,15026.161476143356,11722.490499674645,3303.670976468711,0.07470865616039173
51185,0.1522452956660137,5545.8872255616425,14993.61295833951,11727.14163757597,3266.4713207635396,0.07470370300490903
51190,0.15226016772771792,5550.900703920712,14962.523710783933,11730.415471499393,3232.10823928454,0.07469360916676342
51195,0.15227503978942214,5557.516377175245,14932.800674927388,11731.757496302913,3201.0431786244753,0.07467881023061772
51200,0.15228991185112634,5565.324017578624,14904.294330364102,11730.662021805518,3173.6323085585846,0.07465973026570857
51205,0.15230478391283056,5573.851990620633,14876.805899111092,11726.691328533738,3150.1145705773542,0.07463676800480337
51210,0.15231965597453476,5582.570573352429,14850.09606411855,11719.493050147426,3130.603013971124,0.07461028611083681
51215,0.15233452803623898,5590.899188223694,14823.894865260487,11708.81487891876,3115.079986341727,0.07459038710349848
51220,0.15234940009794318,5598.218158119733,14797.912437816974,11694.515680284783,3103.3967575321913,0.07457508605563594
51225,0.1523642721596474,5603.885187921376,14771.850259413544,11676.572182529197,3095.2780768843477,0.07455635766855864
51230,0.1523791442213516,5607.256185584514,14745.412569734504,11655.080593035946,3090.3319766985587,0.07453444664429297
51235,0.15239401628305582,5607.709373955095,14718.317626724105,11630.252781677937,3088.0648450461686,0.07450955134024842
51240,0.15240888834476002,5604.67106035175,14690.308469251122,11602.40704165146,3087.9014275996615,0.07448182760743657
51245,0.15242376040646424,5597.641039522975,14661.16287308413,11571.953844774027,3089.2090283101024,0.07445139413057317
51250,0.15243863246816847,5586.2154556068,14630.702213753111,11539.377395052568,3091.324818700543,0.07441833886451252
51255,0.15245350452987266,5570.10502744381,14598.79898150255,11505.214094450399,3093.5848870521513,0.07438556585099063
51260,0.1524683765915769,5549.146807247914,14565.382723784856,11470.029225456434,3095.3534983284226,0.0743651457865918
51265,0.15248324865328108,5523.30805989371,14530.444216127682,11434.393208205964,3096.0510079217183,0.07434177575065956
51270,0.1524981207149853,5492.681404244159,14494.03768391371,11398.85871384937,3095.1789700643403,0.07431550981131868
51275,0.1525129927766895,5457.471043840654,14456.280921594587,11363.93973992501,3092.341181669577,0.07428639914467837
51280,0.15252786483839373,5417.970710043951,14417.353189920854,11330.093516327506,3087.2596735933475,0.07425449634248624
51285,0.15254273690009792,5374.53478921721,14377.490822521857,11297.705848796413,3079.7849737254437,0.07421985849937876
51290,0.15255760896180215,5327.544916047915,14336.980543502968,11267.080248184137,3069.900295318832,0.074182549049107
51295,0.15257248102350635,5277.374978912212,14296.150586448093,11238.430954206628,3057.7196322414657,0.07415674055839969
51300,0.15258735308521057,5224.35789891696,14255.359807898183,11211.879750103319,3043.4800577948645,0.0741347983320156
51305,0.1526022251469148,5168.757631833176,14214.985098533682,11187.45628394648,3027.528814587202,0.07410968413155435
51310,0.152617097208619,5110.749550157523,14175.407505471958,11165.101468721272,3010.306036750686,0.07408149896161362
51315,0.15263196927032321,5050.411669021796,14136.997580692298,11144.673434577613,2992.3241461146845,0.07405035905814736
51320,0.1526468413320274,4987.72809873932,14100.100554142566,11125.955462552392,2974.1450915901733,0.07401639683453494
51325,0.15266171339373164,4922.604706497072,14065.021985452486,11108.665346962825,2956.3566384896603,0.07399199040060886
51330,0.15267658545543583,4854.8953899728585,14032.014566260232,11092.465713300793,2939.5488529594386,0.07397296505453944
51335,0.15269145751714006,4784.4358265532765,14001.266719841968,11076.974947777553,2924.2917720644145,0.07395066357904292
51340,0.15270632957884425,4711.080338317294,13972.893575146298,11061.778548166138,2911.11502698016,0.07392530241309751
51345,0.15272120164054848,4634.736876083008,13946.930783543887,11046.440849120869,2900.489934423018,0.07389711808723025
51350,0.15273607370225267,4555.395262565544,13923.331509030733,11030.517173405344,2892.8143356253895,0.07386636197548742
51355,0.1527509457639569,4473.144779130259,13901.966769599938,11013.566487533482,2888.4002820664555,0.0738332931638463
51360,0.15276581782566112,4388.178789687457,13882.6291522219,10995.164586486362,2887.4645657355377,0.07379816981821807
51365,0.15278068988736532,4300.786080028511,13865.039776783564,10974.917706515052,2890.1220702685114,0.07377834424654761
51370,0.15279556194906954,4211.33059238857,13848.858251495338,10952.47629233005,2896.381959165288,0.07375911746706747
51375,0.15281043401077374,4120.2229105009565,13833.695245806093,10927.548458871843,2906.1467869342505,0.07373784100115188
51380,0.15282530607247796,4027.8879384893744,13819.127205940425,10899.912523733632,2919.2146822067934,0.0737147271143435
51385,0.15284017813418216,3934.7335731932726,13804.712651405825,10869.427875349675,2935.284776056151,0.07368994507041154
51390,0.15285505019588638,3841.1247723053584,13790.00941778011,10836.043407275802,2953.9660105043076,0.07366361636944704
51395,0.15286992225759058,3747.366366441497,13774.592153848238,10799.80280331781,2974.7893505304273,0.07363581239423224
51400,0.1528847943192948,3653.6964495734064,13758.069344468566,10760.846103188453,2997.223241280113,0.07361573931087792
51405,0.152899666380999,3560.2904791780493,13740.099121248846,10719.407202263492,3020.6919189853543,0.07360567426125066
51410,0.15291453844270322,3467.2746195293957,13720.403148673418,10675.807217168043,3044.595931505375,0.07359353654154996
51415,0.15292941050440745,3374.7456286210036,13698.7779396218,10630.443945394847,3068.333994226952,0.07357922775974639
51420,0.15294428256611164,3282.793892049028,13675.10306333117,10583.777920469262,3091.325142861908,0.07356261450694644
51425,0.15295915462781587,3191.526098744599,13649.345857227687,10536.315775871066,3113.030081356621,0.07354353597749366
51430,0.15297402668952007,3101.0844726012274,13621.562431961209,10488.59175598895,3132.9706759722594,0.07352181198737635
51435,0.1529888987512243,3011.6602772618817,13591.894951257907,10441.14824587016,3150.746705387748,0.07352577609134356
51440,0.15300377081292849,2923.500318000524,13560.565356991794,10394.516149634972,3166.049207356822,0.07352630256789486
51445,0.1530186428746327,2836.906196664837,13527.865877553002,10349.195860429565,3178.670017123437,0.07352265582452741
51450,0.1530335149363369,2752.2269877937288,13494.146790703919,10305.639464891367,3188.507325812552,0.07351461305103241
51455,0.15304838699804113,2669.8466946687295,13459.802003614817,10264.2347344828,3195.567269132018,0.07350196299176469
51460,0.15306325905974533,2590.168259253711,13425.253063376167,10225.291380389117,3199.96168298705,0.07348941679971138
51465,0.15307813112144955,2513.5960270336,13390.932228830707,10189.029979301993,3201.9022495287136,0.07349235218684548
51470,0.15309300318315378,2440.518431567394,13357.265231479942,10155.573900251538,3201.691331228403,0.07348907386375653
51475,0.15310787524485797,2371.292320145405,13324.65434276487,10124.944469019927,3199.7098737449433,0.07347948424274488
51480,0.1531227473065622,2306.2298734903234,13293.46235661955,10097.05949962483,3196.4028569947204,0.07346355007730242
51485,0.1531376193682664,2245.5885748428846,13263.9980915241,10071.735215683562,3192.262875840537,0.07344131082276949
51490,0.15315249142997062,2189.5642481079285,13236.504007654692,10048.691494679482,3187.8125129752098,0.07341288394001937
51495,0.1531673634916748,2138.2868754544925,13211.146506838211,10027.560304509632,3183.586202328579,0.07337846646581593
51500,0.15318223555337904,2091.8187424944626,13188.009418106889,10007.89715939489,3180.112258711999,0.07335323247144936
51505,0.15319710761508323,2050.154420708015,13167.091056426578,9989.19538305827,3177.895673368308,0.07332862532186063
51510,0.15321197967678746,2013.2221323973317,13148.305074042293,9970.902907005404,3177.4021670368893,0.0732977731368982
51515,0.15322685173849165,1980.886107032402,13131.48511400667,9952.441232573592,3179.0438814330773,0.07326115971568878
51520,0.15324172380019588,1952.9496093470207,13116.393047044548,9933.226044213967,3183.1670028305816,0.07321931074365036
51525,0.1532565958619001,1929.1584098018484,13102.73035577588,9912.688793938465,3190.0415618374154,0.07317277832223336
51530,0.1532714679236043,1909.2045991432788,13090.152052654295,9890.298412511243,3199.853640143052,0.07316911556236856
51535,0.15328633998530852,1892.7308248996815,13078.282399217695,9865.582175755086,3212.700223462609,0.07326278785726555
51540,0.15330121204701272,1879.335216095853,13066.73164040248,9838.144692174908,3228.586948227572,0.07334113377085198
51545,0.15331608410871694,1868.5773990720827,13055.112971438333,9807.683996952303,3247.4289744860307,0.07340250235454389
51550,0.15333095617042114,1859.9860278259875,13043.058999789659,9774.003840128546,3269.055159661113,0.07344546207071555
51555,0.15334582823212536,1853.0681278930224,13030.23703198497,9737.021437015355,3293.2155949696153,0.07346883201010584
51560,0.15336070029382956,1847.3203103282576,13016.362590812116,9696.770194706673,3319.592396105443,0.07347170398639186
51565,0.15337557235553378,1842.2416212906082,13001.210646774824,9653.39722513654,3347.813421638284,0.0734534543518988
51570,0.15339044441723798,1837.347527879645,12984.624132556673,9607.155783523143,3377.46834903353,0.07341374514734234
51575,0.1534053164789422,1832.1843444112037,12966.51940917377,9558.393105686517,3408.1263034872536,0.0733525149519733
51580,0.15342018854064643,1826.343270258165,12946.888475704014,9507.534425509066,3439.3540501949483,0.07326996044036867
51585,0.15343506060235063,1819.4731082143044,12925.797863048976,9455.064196783538,3470.733666265438,0.07316651012155065
51590,0.15344993266405485,1811.2906394223992,12903.384319656318,9401.505686852599,3501.8786328037186,0.07304279202148047
51595,0.15346480472575905,1801.5875678081247,12879.84756911102,9347.400130471266,3532.447438639754,0.07289959719041714
51600,0.15347967678746327,1790.2329778827352,12855.440577291307,9293.286530176656,3562.154047114651,0.07273784090889773
51605,0.15349454884916747,1777.1704531337182,12830.45789186279,9239.682987349019,3590.7749045137716,0.07255852337055041
51610,0.1535094209108717,1762.409425794931,12805.222695057233,9187.070189450315,3618.1525056069186,0.0723626914710433
51615,0.1535242929725759,1746.010955475338,12780.073234706922,9135.877416149267,3644.195818557655,0.07230839665229948
51620,0.1535391650342801,1728.0688766278818,12755.349269199667,9086.471207552031,3668.878061647636,0.07226064364901026
51625,0.1535540370959843,1708.6879796370813,12731.379087947265,9039.14669050578,3692.232397441485,0.07223231224528913
51630,0.15356890915768853,1687.961457521471,12708.467564961447,8994.121487150047,3714.3460778114004,0.0722017022360722
51635,0.15358378121939276,1665.9501500134684,12686.885587616778,8951.53211213802,3735.353475478758,0.0721686754773945
51640,0.15359865328109695,1642.6660856083436,12666.861093950636,8911.4327653889,3755.4283285617366,0.07213309813352155
51645,0.15361352534280118,1618.062444159208,12648.571863991865,8873.796411319803,3774.775452672062,0.07209484971348087
51650,0.15362839740450537,1592.0313597586755,12632.140149980567,8838.517985667124,3793.622164313443,0.07205383162286486
51655,0.1536432694662096,1564.410015083473,12617.629194399764,8805.4194954857,3812.2096989140646,0.0720099748671506
51660,0.1536581415279138,1534.9943450695355,12605.041663238193,8774.2567078962,3830.784955341993,0.07196324647926296
51665,0.15367301358961802,1503.5585216980162,12594.32000116137,8744.727098663257,3849.5929024981124,0.07193057548083369
51670,0.15368788565132221,1469.8774267263543,12585.34868347204,8716.478781221991,3868.8699022500496,0.07189832481437343
51675,0.15370275771302644,1433.7487403136256,12577.958291500889,8689.12026000365,3888.8380314972383,0.07186267225864791
51680,0.15371762977473064,1395.011242158118,12571.931276562069,8662.231013849494,3909.700262712575,0.07182377650120125
51685,0.15373250183643486,1353.5564988640963,12567.00921326711,8635.373055489628,3931.6361577774824,0.07187011605847032
51690,0.15374737389813908,1309.3322234066454,12562.901289035708,8608.103667369314,3954.7976216663938,0.0720361079855256
51695,0.15376224595984328,1262.3370392812194,12559.293744162345,8579.98943995651,3979.304304205836,0.07218345933755992
51700,0.1537771180215475,1212.6078829174749,12555.859969667536,8550.621533836733,4005.2384358308027,0.07231332164803582
51705,0.1537919900832517,1160.2025447876385,12552.270983914725,8519.63179283227,4032.639191082455,0.07254539876318343
51710,0.15380686214495592,1105.1806511980121,12548.206031794527,8486.709024626547,4061.49700716798,0.07276717216261296
51715,0.15382173420666012,1047.58659533444,12543.363067476432,8451.614516868138,4091.748550608294,0.0729685289467868
51720,0.15383660626836435,987.4375249671339,12537.468881004113,8414.195730635498,4123.2731503686155,0.07315026989367465
51725,0.15385147833006854,924.7185829429109,12530.28860506844,8374.397133531847,4155.891471536592,0.07331318066006785
51730,0.15386635039177277,859.3863612549831,12521.634295419677,8332.267287585768,4189.367007833909,0.07345798773607642
51735,0.15388122245347696,791.3802067075922,12511.372230006678,8287.961551571801,4223.410678434877,0.07360905451930418
51740,0.1538960945151812,720.6398452463563,12499.428537491809,8241.740043838674,4257.688493653135,0.07374439450363374
51745,0.1539109665768854,647.1269616046302,12485.792765792612,8193.960799186541,4291.831966606071,0.07389217564031282
51750,0.1539258386385896,570.847980521934,12470.519051574845,8145.068318016031,4325.450733558814,0.07409426993859851
51755,0.15394071070029383,491.87534364462044,12453.724658759404,8095.577940694337,4358.146718065067,0.07427711687156428
51760,0.15395558276199803,410.36497572990993,12435.585812559231,8046.056686408408,4389.529126150824,0.07444147767417497
51765,0.15397045482370225,326.5682527018507,12416.330947702194,7997.101374945379,4419.229572756815,0.07458815572531129
51770,0.15398532688540645,240.83748445673882,12396.231688559019,7949.3149971361245,4446.9166914228945,0.07471795237490385
51775,0.15400019894711067,153.62459777237018,12375.592054153954,7903.282404094678,4472.3096500592765,0.07483163093805877
51780,0.15401507100881487,65.47328218334951,12354.736504304386,7859.546433805288,4495.1900704990985,0.07492989658629189
51785,0.1540299430705191,-22.9946819504803,12333.997495011254,7818.585576320523,4515.411918690731,0.0750133948024738
51790,0.1540448151322233,-111.09785884760277,12313.703185726356,7780.79419382279,4532.908991903566,0.07514449806475318
51795,0.1540596871939275,-198.11707787118212,12294.165847669236,7746.46616606706,4547.699681602176,0.0753007880732524
51800,0.15407455925563174,-283.3194386828254,12275.671384146526,7715.782640323739,4559.888743822788,0.07544285734331929
51805,0.15408943131733593,-365.982972903299,12258.470222803673,7688.804348023095,4569.665874780578,0.07557152096566905
51810,0.15410430337904016,-445.42059418942335,12242.76970878562,7665.468729661095,4577.300979124525,0.07568755719534316
51815,0.15411917544074435,-521.0021055474426,12228.728042137473,7645.591905061994,4583.1361370754785,0.075791669007373
51820,0.15413404750244858,-592.1732325772027,12216.449772934076,7628.875351873684,4587.5744210603925,0.07588583484133424
51825,0.15414891956415278,-658.4708997327343,12205.98288677009,7614.9170166947115,4591.065870075379,0.07602910767135794
51830,0.154163791625857,-719.5342517653899,12197.317559405366,7603.2264753455565,4594.09108405981,0.07615871954401852
51835,0.1541786636875612,-775.1112334022255,12190.386702982072,7593.243667119173,4597.1430358628995,0.076275075504812
51840,0.15419353574926542,-825.0608614978864,12185.068439285056,7584.360633741275,4600.707805543781,0.07637848028622474
51845,0.15420840781096962,-869.3516253440757,12181.190600280788,7575.945581868545,4605.245018412244,0.07646912765881614
51850,0.15422327987267384,-908.0566861298776,12178.53726973797,7567.368453937982,4611.168815799988,0.0765471024733671
51855,0.15423815193437806,-941.3466643189804,12176.857253810327,7558.027046374185,4618.830207436142,0.07661239304086728
51860,0.15425302399608226,-969.480772181374,12175.874224786592,7547.372579638788,4628.501645147804,0.07666490940256974
51865,0.15426789605778649,-992.7968810531838,12175.298145324574,7534.933530459305,4640.364614865269,0.0767642709082607
51870,0.15428276811949068,-1011.7008731230926,12174.83747114002,7520.336509680021,4654.5009614599985,0.07689213590690412
51875,0.1542976401811949,-1026.6554082477505,12174.211560796426,7503.3230279085265,4670.8885328879,0.07700878913128673
51880,0.1543125122428991,-1038.1681156024933,12173.1626948797,7483.7611430234665,4689.401551856234,0.0771141297041376
51885,0.15432738430460333,-1046.7792225970225,12171.467119162664,7461.651226031609,4709.8158931310545,0.07721342207154636
51890,0.15434225636630752,-1053.0487195164842,12168.944569550928,7437.125403659551,4731.8191658913765,0.07733773971006032
51895,0.15435712842801175,-1057.5432474832924,12165.465803937135,7410.440618409439,4755.0251855276965,0.0774477860779136
51900,0.15437200048971594,-1060.8229203225455,12160.957754138806,7381.965661680901,4778.9920924579055,0.07754340343371169
51905,0.15438687255142017,-1063.428231730184,12155.406020130073,7352.162945251297,4803.243074878776,0.07762439472387796
51910,0.1544017446131244,-1065.867110885687,12148.854560108392,7321.566135737114,4827.288424371278,0.0776905208312259
51915,0.1544166166748286,-1068.6021656523699,12141.402582434064,7290.755039754229,4850.647542679835,0.07774150986852697
51920,0.1544314887365328,-1072.038274051236,12133.198812639825,7260.329258698345,4872.869553941479,0.0777770774690784
51925,0.154446360798237,-1076.5109689683395,12124.433477923705,7230.8821162005015,4893.551361723204,0.07783036310550773
51930,0.15446123285994123,-1082.2764416429964,12115.328505300484,7202.976209283518,4912.352296016966,0.07787229951828373
51935,0.15447610492164543,-1089.5043355882626,12106.12654895869,7177.121680424381,4929.004868534308,0.0778973151146813
51940,0.15449097698334965,-1098.2746699170748,12097.079530569903,7153.758000485317,4943.321530084586,0.07790537358245297
51945,0.15450584904505385,-1108.5801157449969,12088.437382140646,7133.239741067951,4955.197641072695,0.07789644014647798
51950,0.15452072110675807,-1120.3344236671837,12080.437621704163,7115.826537998552,4964.61108370561,0.07788697156156377
51955,0.15453559316846227,-1133.3871198674005,12073.296274513024,7101.677226996124,4971.6190475169005,0.0778850719012256
51960,0.1545504652301665,-1147.5437714672516,12067.200492926875,7090.847971901896,4976.352521024979,0.07786540835235492
51965,0.15456533729187072,-1162.5903174944451,12062.303050807473,7083.2940958740655,4979.008954933408,0.07782805376953948
51970,0.15458020935357492,-1178.3193169959195,12058.71872031884,7078.87525107279,4979.8434692460505,0.07785698557003175
51975,0.15459508141527914,-1194.5555987987282,12056.522405602636,7077.3635077419,4979.158897860736,0.0779341280692418
51980,0.15460995347698334,-1211.1787834910447,12055.748825573943,7078.453899869114,4977.2949257048285,0.07799965388683125
51985,0.15462482553868756,-1228.1405098551659,12056.393511277069,7081.77692968892,4974.616581588149,0.07805292132221296
51990,0.15463969760039176,-1245.4749006764941,12058.41490260137,7086.912511034733,4971.502391566636,0.07809321904870278
51995,0.15465456966209598,-1263.3017497707915,12061.737375182036,7093.404828934962,4968.332546247074,0.07811980586755038
52000,0.15466944172380018,-1281.8229505965664,12066.255077324055,7100.777615678006,4965.477461646048,0.07817419431421026
52005,0.1546843137855044,-1301.313627108966,12071.836488510797,7108.549392804946,4963.28709570585,0.078217193075675
52010,0.1546991858472086,-1322.1100819137391,12078.329614157594,7116.248298166479,4962.081315991115,0.07824440435264804
52015,0.15471405790891282,-1344.596908458121,12085.567706102755,7123.426194834882,4962.141511267872,0.07825493324044916
52020,0.15472892997061705,-1369.195377322878,12093.375355476048,7129.671828545102,4963.703526930946,0.07824794165556155
52025,0.15474380203232124,-1396.3545624558828,12101.574760164533,7134.622848380964,4966.951911783569,0.07827086309880704
52030,0.15475867409402547,-1426.5457729318186,12109.991939112102,7137.976523524215,4972.015415587887,0.07827879640302775
52035,0.15477354615572966,-1460.2599009494752,12118.462660740639,7139.4989778883255,4978.9636828523135,0.07826686279499016
52040,0.1547884182174339,-1498.0064912139715,12126.837875102989,7139.032734007166,4987.805141095822,0.07823430646920067
52045,0.15480329027913808,-1540.3128419473742,12134.98848302881,7136.502324133589,4998.486158895221,0.07820884604844018
52050,0.1548181623408423,-1587.721351573704,12142.809328637826,7131.917709081474,5010.891619556352,0.07819282905827941
52055,0.1548330344025465,-1640.783626545981,12150.222350386939,7125.375260597307,5024.847089789632,0.0781542130384343
52060,0.15484790646425073,-1700.0504763838508,12157.178858958598,7117.056120300783,5040.122738657815,0.07809248641708279
52065,0.15486277852595492,-1766.0576882856094,12163.660922437906,7107.2218464715315,5056.439075966375,0.07803232495418058
52070,0.15487765058765915,-1839.3082155864922,12169.681832814005,7096.207386861279,5073.4744459527265,0.07799164995894431
52075,0.15489252264936337,-1920.251972517055,12175.28561275846,7084.411550620029,5090.874062138431,0.07792654937649664
52080,0.15490739471106757,-2009.2647050768755,12180.54551217485,7072.285271465491,5108.260240709358,0.07783686669202819
52085,0.1549222667727718,-2106.627390485115,12185.561454159668,7060.318037555746,5125.243416603922,0.0777567517566567
52090,0.154937138834476,-2212.5073687002223,12190.456428609175,7049.02290215279,5141.433526456385,0.07769598076594163
52095,0.15495201089618021,-2326.9420384487767,12195.371898335783,7038.9204880817715,5156.4514102540115,0.07761007684245555
52100,0.1549668829578844,-2449.8255732023626,12200.462367053922,7030.522376020685,5169.939991033237,0.07755719366508805
52105,0.15498175501958864,-2580.898817746356,12205.889342964756,7024.314245774729,5181.575097190027,0.07752973545620034
52110,0.15499662708129283,-2719.7423563296024,12211.814995512188,7020.73914224171,5191.075853270478,0.07748150308923299
52115,0.15501149914299706,-2865.7726973824465,12218.395829282399,7020.181274585922,5198.214554696477,0.07741271603877682
52120,0.15502637120470125,-3018.2415632095153,12225.776680266023,7022.950824538157,5202.825855727866,0.07736621530969381
52125,0.15504124326640548,-3176.2383564870725,12234.08527962986,7029.270320811743,5204.814958818118,0.07732495665970271
52130,0.1550561153281097,-3338.695948322066,12243.427543782294,7039.263206565647,5204.164337216647,0.0772633072235331
52135,0.1550709873898139,-3504.399955826937,12253.883658878456,7052.945260795645,5200.938398082812,0.07718186134698869
52140,0.15508585945151812,-3672.00162947229,12265.504955802657,7070.219514358656,5195.285441444001,0.07711111884555165
52145,0.15510073151322232,-3840.034351551092,12278.311535386641,7090.875219879674,5187.436315506968,0.07706810993206062
52150,0.15511560357492654,-4006.933577725793,12292.290609457976,7114.59129543411,5177.699314023866,0.07700562177570043
52155,0.15513047563663074,-4171.05987148344,12307.395564934312,7140.944475170746,5166.4510897635655,0.07692439956644477
52160,0.15514534769833496,-4330.724533652768,12323.545818283394,7169.42217900822,5154.123639275173,0.0768458297099404
52165,0.15516021976003916,-4484.217259669106,12340.627583260275,7199.4398706013035,5141.187712658972,0.07681229841966464
52170,0.15517509182174338,-4629.835288207867,12358.495704386816,7230.362419050265,5128.133285336551,0.07675972849914117
52175,0.15518996388344758,-4765.913622068081,12376.976698188308,7261.528726650752,5115.4479715375555,0.0766887840890672
52180,0.1552048359451518,-4890.8560522572,12395.873091237949,7292.278645963729,5103.59444527422,0.07660127565583133
52185,0.15521970800685603,-5003.166821972832,12414.96905703363,7321.981001567756,5092.988055465874,0.07658380502688265
52190,0.15523458006856022,-5101.482758456901,12434.037248653462,7350.061374530778,5083.975874122683,0.07654665706358713
52195,0.15524945213026445,-5184.605545882884,12452.846619075843,7376.028220075774,5076.818399000069,0.07649031401901729
52200,0.15526432419196864,-5251.5335346034735,12471.170930974804,7399.495886749226,5071.675044225578,0.07641544230888131
52205,0.15527919625367287,-5301.492148805921,12488.797591658917,7420.203197804729,5068.594393854188,0.07637375321273795
52210,0.15529406831537707,-5333.961648738116,12505.536408698226,7438.026444156691,5067.509964541536,0.07635205421350844
52215,0.1553089403770813,-5348.700789030619,12521.227845191117,7452.985917536956,5068.241927654161,0.0763094496246915
52220,0.15532381243878549,-5345.764819333077,12535.75035617725,7465.245470034264,5070.504886142986,0.07624652015771982
52225,0.1553386845004897,-5325.5162973676315,12549.026406648141,7475.105002594433,5073.921404053708,0.07616406314831116
52230,0.1553535565621939,-5288.627324038359,12561.026807037098,7482.986233074001,5078.040573963098,0.07614108945800029
52235,0.15536842862389813,-5236.07208079234,12571.773057316921,7489.412538342162,5082.360518974759,0.07610921631266726
52240,0.15538330068560235,-5169.108986080958,12581.33747008175,7494.984062739555,5086.353407342194,0.07605513500077518
52245,0.15539817274730655,-5089.252420947367,12589.84094884317,7500.34959359311,5089.49135525006,0.07602274590737856
52250,0.15541304480901078,-4998.23479407657,12597.44842848408,7506.176887403688,5091.271541080392,0.07601417079273255
52255,0.15542791687071497,-4897.960646465388,12604.362133213386,7513.12316729371,5091.238965919676,0.07598723857075729
52260,0.1554427889324192,-4790.455390417318,12610.812961316944,7521.807404531959,5089.005556784985,0.07594255369259605
52265,0.1554576609941234,-4677.811953549647,12617.050450249799,7532.785767130739,5084.26468311906,0.07588087904083395
52270,0.15547253305582762,-4562.13888603285,12623.331894097448,7546.531304964817,5076.800589132631,0.07584464266308844
52275,0.1554874051175318,-4445.513285095878,12629.911263590022,7563.418587473807,5066.492676116215,0.07581489358867467
52280,0.15550227717923604,-4329.941194914537,12637.0286055496,7583.713656429057,5053.314949120543,0.07576646267508283
52285,0.15551714924094023,-4217.327063647231,12644.900567956456,7607.5693315287745,5037.331236427682,0.07574116139431825
52290,0.15553202130264446,-4109.452580844233,12653.712609348593,7635.0256277288545,5018.686981619739,0.07585332544004567
52295,0.15554689336434868,-4007.964014751682,12663.61331507683,7666.014817584942,4997.598497491887,0.07596306445765089
52300,0.15556176542605288,-3914.366236617937,12674.711073006618,7700.370501110878,4974.34057189574,0.07607737337790418
52305,0.1555766374877571,-3830.021102980424,12687.073177093696,7737.83992926497,4949.233247828726,0.07620009118831295
52310,0.1555915095494613,-3756.147809920957,12700.727249383843,7778.0987640346375,4922.628485349205,0.07632040408570523
52315,0.15560638161116552,-3693.823179799123,12715.664716557721,7820.767446564214,4894.8972699935075,0.07643842898445298
52320,0.15562125367286972,-3643.9804646442863,12731.845957072132,7865.42838111654,4866.417575955592,0.0765571337916454
52325,0.15563612573457394,-3607.4059993098535,12749.206652927076,7911.6432196869255,4837.5634332401505,0.07670111103758
52330,0.15565099779627814,-3584.7337724634326,12767.664834283276,7958.96963813752,4808.695196145756,0.07691883827045828
52335,0.15566586985798236,-3576.4385990536866,12787.12809133909,8006.977114094841,4780.150977244248,0.0771255276771382
52340,0.15568074191968656,-3582.829005398503,12807.500442636834,8055.261331613756,4752.239111023078,0.07730733634149346
52345,0.15569561398139078,-3604.041137489615,12828.68839156485,8103.456930994459,4725.231460570391,0.077464264791481
52350,0.155710486043095,-3640.034958194209,12850.605774433956,8151.248382518539,4699.357391915417,0.07759622682174172
52355,0.1557253581047992,-3690.5937207730803,12873.17710526821,8198.378787762435,4674.798317505776,0.07782212556978052
52360,0.15574023016650343,-3755.3272417929356,12896.339252187114,8244.656409901292,4651.682842285822,0.07803676584262789
52365,0.15575510222820763,-3833.6789360675148,12920.04143061563,8289.95872347388,4630.082707141752,0.07822646629453486
52370,0.15576997428991185,-3924.936041704189,12944.243656777982,8334.233778401403,4610.009878376579,0.07839056298060536
52375,0.15578484635161605,-4028.2420823180664,12968.913954229907,8377.498715847862,4591.415238382046,0.07852830970131315
52380,0.15579971841332027,-4142.6104791306825,12994.024728851695,8419.835370136036,4574.189358715659,0.078754464911262
52385,0.15581459047502447,-4266.9383641932,13019.548807890134,8461.383043593889,4558.1657642962455,0.07896877603615257
52390,0.1558294625367287,-4400.020002831747,13045.455665151796,8502.328736802714,4543.126928349082,0.07915551691048396
52395,0.1558443345984329,-4540.559689604511,13071.708322526412,8542.89532842762,4528.812994098793,0.07931357189767387
52400,0.1558592066601371,-4687.184392928992,13098.261330470858,8583.328391764851,4514.932938706006,0.07945206395328308
52405,0.15587407872184134,-4838.456666575296,13125.060097151412,8623.882474107348,4501.177623044065,0.07967937352669142
52410,0.15588895078354553,-4992.888359135949,13152.041674718344,8664.807723004174,4487.23395171417,0.07987660108086532
52415,0.15590382284524976,-5148.955448163684,13179.136942827668,8706.337707977047,4472.799234850621,0.08004249573975288
52420,0.15591869490695395,-5305.113979892347,13206.27397643265,8748.679161784159,4457.594814648492,0.08017587629428613
52425,0.15593356696865818,-5459.81671958141,13233.38226589669,8792.004171517627,4441.3780943790625,0.08031153686059102
52430,0.15594843903036237,-5611.529822401639,13260.39738461931,8836.445115565288,4423.952269054022,0.08050783854115404
52435,0.1559633110920666,-5758.748705097141,13287.265675286453,8882.092398847011,4405.173276439442,0.08067040328450314
52440,0.1559781831537708,-5900.0123743387785,13313.948544370462,8928.99481276987,4384.953731600592,0.08079811430158702
52445,0.15599305521547502,-6033.9157396110695,13340.426003428589,8977.162157657247,4363.263845771342,0.08089004487195083
52450,0.15600792727717921,-6159.1198521355955,13366.699161237852,9026.569625631946,4340.129535605905,0.08101537375426252
52455,0.15602279933888344,-6274.360477228576,13392.791441769112,9077.163356690007,4315.6280850791045,0.08116649218296508
52460,0.15603767140058766,-6378.455816944386,13418.748373801804,9128.86655150928,4289.881822292524,0.08128081823353679
52465,0.15605254346229186,-6470.314442120189,13444.63586903664,9181.5855502534,4263.05031878324,0.08135756853157232
52470,0.15606741552399608,-6548.944479057342,13470.536981266268,9235.215363649499,4235.32161761677,0.08139626012715978
52475,0.15608228758570028,-6613.464785185996,13496.547224508278,9289.644263834994,4206.902960673284,0.08149789314691389
52480,0.1560971596474045,-6663.11827197932,13522.76862495543,9344.757196722452,4178.011428232978,0.08159337472159366
52485,0.1561120317091087,-6697.286804080345,13549.302786460024,9400.437949182759,4148.864837277266,0.08164953811108859
52490,0.15612690377081292,-6715.506395568401,13576.24335250315,9456.570174074732,4119.673178428418,0.08166609674210239
52495,0.15614177583251712,-6717.480928597219,13603.668335536082,9513.037523585679,4090.630811950403,0.081643168943826
52500,0.15615664789422135,-6703.09248751772,13631.632842986459,9569.723248177379,4061.90959480908,0.08170095913022102
52505,0.15617151995592554,-6672.4066930979425,13660.162746812484,9626.509671737032,4033.653075075452,0.08173098952009172
52510,0.15618639201762977,-6625.672081914802,13689.249814805476,9683.277948468472,4005.971866337004,0.08171979367148682
52515,0.156201264079334,-6563.313448869942,13718.848747853399,9739.908447374744,3978.9403004786545,0.08170423537151884
52520,0.1562161361410382,-6485.919947308289,13748.876454664396,9796.28200672538,3952.5944479390164,0.08181782915617476
52525,0.1562310082027424,-6394.229423468129,13779.213753711007,9852.282169042945,3926.931584668062,0.08189377752716319
52530,0.1562458802644466,-6289.110820757361,13809.709532193498,9907.79836360076,3901.9111685927382,0.08193193373567585
52535,0.15626075232615083,-6171.546486733307,13840.187223866113,9962.729864139359,3877.4573597267536,0.08193251427195627
52540,0.15627562438785503,-6042.615895162497,13870.453301188803,10016.99022851084,3853.4630726779633,0.08195273550031754
52545,0.15629049644955925,-5903.481749616533,13900.307322061983,10070.511836071297,3829.795485990686,0.08201192270610388
52550,0.15630536851126345,-5755.378773389683,13929.552937803843,10123.250087939743,3806.3028498640997,0.08203205799626412
52555,0.15632024057296767,-5599.604823592358,13958.009168761006,10175.186832382444,3782.822336378562,0.08201375992175919
52560,0.15633511263467187,-5437.51340089163,13985.521199081884,10226.332626461308,3759.1885726205765,0.08195809818744389
52565,0.1563499846963761,-5270.506256297312,14011.969943551128,10276.727543252357,3735.242400298772,0.08194011440564429
52570,0.15636485675808032,-5100.024694334759,14037.279703434262,10326.440370521765,3710.8393329124974,0.0819398678974075
52575,0.1563797288197845,-4927.538364573595,14061.423354742781,10375.566202562128,3685.8571521806534,0.08190067137012602
52580,0.15639460088148874,-4754.530787767053,14084.424692253373,10424.222577377646,3660.2021148757267,0.08182410665313826
52585,0.15640947294319293,-4582.481488021809,14106.357769034174,10472.544432351518,3633.813336682655,0.08171220644966319
52590,0.15642434500489716,-4412.845271169346,14127.343301410378,10520.678225248228,3606.6650761621495,0.0815948864395614
52595,0.15643921706660135,-4247.029769419004,14147.542428848696,10568.775587504084,3578.7668413446117,0.08161517320301175
52600,0.15645408912830558,-4086.3727593619715,14167.148305090312,10616.98684901965,3550.161456070662,0.08163117703978226
52605,0.15646896119000978,-3932.1208979157054,14186.376134608285,10665.454713495565,3520.92142111272,0.08171983050955542
52610,0.156483833251714,-3785.4114074059116,14205.45234811061,10714.308290149947,3491.1440579606624,0.08177045477577494
52615,0.1564987053134182,-3647.2579198782923,14224.603630732125,10763.657619223814,3460.946011508311,0.08178391707212856
52620,0.15651357737512242,-3518.5412316285656,14244.046481688913,10813.588777104478,3430.4577045844344,0.08176143677626539
52625,0.15652844943682664,-3400.0051986397066,14263.97790373317,10864.159617392374,3399.8182863407965,0.08170456706430648
52630,0.15654332149853084,-3292.2574923379416,14284.56770665297,10915.39619599457,3369.1715106583997,0.08161517760179965
52635,0.15655819356023506,-3195.774491400025,14305.95277346489,10967.289936762323,3338.662836702566,0.08157972319245838
52640,0.15657306562193926,-3110.909256169485,14328.233492173797,11019.795612372116,3308.4378798016805,0.08153326603475591
52645,0.15658793768364349,-3037.901351214061,14351.47240929902,11072.830235502262,3278.6421737967576,0.08145112081986444
52650,0.15660280974534768,-2976.8872646031123,14375.695021012845,11126.272970493756,3249.4220505190897,0.0815442730415593
52655,0.1566176818070519,-2927.9103118823386,14400.892489288555,11179.966179283447,3220.9263100051085,0.0816030295161028
52660,0.1566325538687561,-2890.929175633535,14427.02595899509,11233.717703076834,3193.308255918255,0.08162255533143387
52665,0.15664742593046033,-2865.82456667318,14454.032062932027,11287.304450321733,3166.7276126102934,0.08160415059400075
52670,0.15666229799216452,-2852.4038415906907,14481.829141675982,11340.477311481101,3141.3518301948807,0.08154944079752866
52675,0.15667717005386875,-2850.40372230287,14510.323680113148,11392.967352994436,3117.356327118712,0.08146035789564673
52680,0.15669204211557297,-2859.49150135277,14539.416477267368,11444.493160036387,3094.9233172309814,0.08142098737630844
52685,0.15670691417727717,-2879.2652656752634,14569.008121310022,11494.769106061885,3074.2390152481366,0.08135678650237221
52690,0.1567217862389814,-2909.253729982016,14599.00343324492,11543.514235382368,3055.489197862551,0.08134089934278264
52695,0.1567366583006856,-2948.9162456455033,14629.3146614681,11590.461364412715,3038.853297055386,0.08140955206189793
52700,0.1567515303623898,-2997.6434557288267,14659.863342352639,11635.365950655,3024.4973916976396,0.08143344781912996
52705,0.156766402424094,-3054.758922034878,14690.580875320922,11678.014258853998,3012.5666164669237,0.08141445113754638
52710,0.15678127448579823,-3119.5218862056354,14721.40798175585,11718.23038086661,3003.177600889241,0.08135481263046582
52715,0.15679614654750243,-3191.131178282729,14752.293315608675,11755.881743175414,2996.4115724332605,0.08125707929972738
52720,0.15681101860920665,-3268.730180434146,14783.191562736361,11790.882857704128,2992.308705032234,0.08112402237586747
52725,0.15682589067091085,-3351.4126977709657,14814.061401369805,11823.197221632345,2990.8641797374603,0.08099152024256923
52730,0.15684076273261507,-3438.2295627445983,14844.863694910013,11852.83742615742,2992.026268752592,0.08096204490049555
52735,0.1568556347943193,-3528.195767396417,14875.560249353897,11879.863665933915,2995.696583419982,0.08089163291102162
52740,0.1568705068560235,-3620.2978442194726,14906.113392474083,11904.380927572294,3001.7324649017883,0.0807827932434169
52745,0.15688537891772772,-3713.5010930036715,14936.48652585614,11926.535164793258,3009.951361062882,0.08069863689270684
52750,0.15690025097943192,-3806.756108204747,14966.64567419851,11946.508740820966,3020.1369333775438,0.08060800567305328
52755,0.15691512304113614,-3899.00396292038,14996.561923182642,11964.515349396726,3032.046573785916,0.08047835741406616
52760,0.15692999510284034,-3989.179426022967,15026.214513808673,11980.794536846115,3045.4199769625575,0.08031344905181054
52765,0.15694486716454456,-4076.2117847479494,15055.594261915801,11995.605862644054,3059.9883992717478,0.0802649570218164
52770,0.15695973922624876,-4159.023229210376,15084.706907123686,12009.222673882297,3075.484233241388,0.08020868394903045
52775,0.15697461128795298,-4236.525288429208,15113.575970553105,12021.925440411878,3091.650530141227,0.08011077676537602
52780,0.15698948334965718,-4307.6144032625525,15142.244715769984,12033.994604232616,3108.250111537369,0.07997447640520514
52785,0.1570043554113614,-4371.168264733162,15170.77685949875,12045.702935229157,3125.0739242695927,0.07980332796559855
52790,0.15701922747306563,-4426.044914719985,15199.255763720123,12057.307449279471,3141.9483144406513,0.0796010392617007
52795,0.15703409953476982,-4471.086692832905,15227.781953922915,12069.041027216108,3158.740926706807,0.07946665590463077
52800,0.15704897159647405,-4505.130846077565,15256.468943826058,12081.103966940633,3175.3649768854248,0.07936527600988526
52805,0.15706384365817824,-4527.027976657104,15285.43749650247,12093.655797545349,3191.781698957122,0.07922651802725282
52810,0.15707871571988247,-4535.668535896042,15314.808604164955,12106.807772921666,3208.000831243289,0.07905358402787833
52815,0.15709358778158666,-4530.0164009186865,15344.695608944276,12120.616529836883,3224.0790791073923,0.07884990814745763
52820,0.1571084598432909,-4509.147383141673,15375.19599839788,12135.079427620094,3240.1165707777855,0.07861903900463067
52825,0.15712333190499508,-4472.289535903687,15406.383476807549,12150.132070203483,3256.251406604066,0.07846452115284494
52830,0.1571382039666993,-4418.86156057751,15438.300925636293,12165.648437395126,3272.652488241167,0.07833148148333682
52835,0.1571530760284035,-4348.505595424171,15470.954819872037,12181.443919489166,3289.510900382871,0.0781660250401783
52840,0.15716794809010773,-4261.111238804493,15504.31156525616,12197.281365875842,3307.030199380317,0.07797140087681668
52845,0.15718282015181195,-4156.828715152789,15538.296075603272,12212.880042204693,3325.4160333985783,0.07775103773911671
52850,0.15719769221351615,-4036.070444876781,15572.792735443367,12227.92716656189,3344.865568881476,0.0775084322506764
52855,0.15721256427522037,-3899.5016836633094,15607.648709003774,12242.09148954032,3365.5572194634533,0.07734451804164742
52860,0.15722743633692457,-3748.0221140318536,15642.67937953898,12255.038218930236,3387.641160608744,0.07720285010646523
52865,0.1572423083986288,-3582.7411187887155,15677.675548500378,12266.444482362414,3411.2310661379634,0.07703545885143243
52870,0.157257180460333,-3404.9498383397568,15712.411903929933,12276.014477025577,3436.3974269043556,0.07684542813071174
52875,0.15727205252203721,-3216.0929920654216,15746.656190249794,12283.493473127426,3463.162717122368,0.07663587745318463
52880,0.1572869245837414,-3017.74288427968,15780.178482175901,12288.67991045344,3491.498571722461,0.07640987435295778
52885,0.15730179664544564,-2811.57713447845,15812.759985072256,12291.434946380672,3521.3250386915843,0.0762126454595725
52890,0.15731666870714983,-2599.3606314839144,15844.200850325456,12291.688969990024,3552.5118803354326,0.0760920726792662
52895,0.15733154076885406,-2382.9311941170363,15874.326601037792,12289.444781379265,3584.881819658527,0.07595222499731978
52900,0.15734641283055828,-2164.1876012684315,15902.992900501235,12284.777337543688,3618.2155629575464,0.07579556484590232
52905,0.15736128489226248,-1945.078161359701,15930.088549959572,12277.830173048214,3652.258376911357,0.07562446205002037
52910,0.1573761569539667,-1727.5878855349201,15955.536756961103,12268.80879892591,3686.7279580351933,0.07544114159700922
52915,0.1573910290156709,-1513.7225905837167,15979.294853996511,12257.971549180018,3721.323304816493,0.075247631708369
52920,0.15740590107737512,-1305.4887997078658,16001.352753219391,12245.618465690453,3755.734287528938,0.0750502554923373
52925,0.15742077313907932,-1104.8690059258988,16021.730484671743,12232.07887966986,3789.6516050018836,0.07495394765940924
52930,0.15743564520078354,-913.7925831511075,16040.475176617754,12217.69835979831,3822.7768168194434,0.07484371992436345
52935,0.15745051726248774,-734.1032640260346,16057.657798865452,12202.825660224236,3854.8321386412154,0.07472108504350702
52940,0.15746538932419196,-567.5245783094961,16073.369912979895,12187.800227929982,3885.5696850499135,0.07459474865480148
52945,0.15748026138589616,-415.6249274946549,16087.720573191253,12172.940732818897,3914.7798403723555,0.0744713189456093
52950,0.15749513344760038,-279.7840608427541,16100.833418513717,12158.534978955815,3942.2984395579024,0.07432950144355835
52955,0.1575100055093046,-161.16264094924009,16112.843909780233,12144.831452807279,3968.012456972954,0.0741698607303139
52960,0.1575248775710088,-60.67638284859095,16123.896610164182,12132.03267168456,3991.8639384796224,0.07410373093082359
52965,0.15753974963271303,21.02403651450186,16134.142391647338,12120.29041744028,4013.8519742070584,0.07404654247865845
52970,0.15755462169441722,83.56643330657607,16143.735470728805,12109.70287817091,4034.0325925578945,0.07396766799040322
52975,0.15756949375612145,126.86341869293938,16152.830223966881,12100.313672986787,4052.5165509800936,0.07386754224704158
52980,0.15758436581782564,151.11137721492196,16161.577792006,12092.112698279765,4069.465093726236,0.07374650208800755
52985,0.15759923787952987,156.78229106107392,16170.122533618773,12085.038703001192,4085.083830617581,0.07360479575941993
52990,0.15761410994123407,144.60890883062893,16178.598427487073,12078.983469216395,4099.6149582706785,0.0736430057471889
52995,0.1576289820029383,115.56406713378601,16187.12553507882,12073.797437347608,4113.3280977312115,0.073726028122986
53000,0.15764385406464249,70.83524342686906,16195.806636888206,12069.296570220513,4126.5100666676935,0.07380744566078114
53005,0.1576587261263467,11.795615196811923,16204.724145518428,12065.270197178837,4139.453948339591,0.07388658909679183
53010,0.15767359818805093,-60.02701335634265,16213.937392403017,12061.48952447806,4152.447867924957,0.07396281407934747
53015,0.15768847024975513,-142.98210639431636,16223.480386595365,12057.716449674825,4165.763936920541,0.07403550755746588
53020,0.15770334231145935,-235.32798608239136,16233.36015420235,12053.71228643778,4179.64786776457,0.07410409405720773
53025,0.15771821437316355,-335.2622686402319,16243.555779743498,12049.246002042493,4194.309777701004,0.07416804157751174
53030,0.15773308643486778,-440.9506099404625,16254.018276595469,12044.10159971578,4209.9166768796895,0.07422686684462573
53035,0.15774795849657197,-550.5535009546493,16264.671403432609,12038.084344234507,4226.587059198102,0.07428013971782553
53040,0.1577628305582762,-662.2510516316906,16275.413512078445,12031.025628481419,4244.387883597026,0.07432748662667646
53045,0.1577777026199804,-774.2658085075109,16286.12046020649,12022.786401926107,4263.334058280383,0.07436859302273241
53050,0.15779257468168462,-884.8836837035597,16296.649556536946,12013.25921489356,4283.390341643386,0.07440320492526917
53055,0.1578074467433888,-992.473058403597,16306.844436497215,12002.369056520029,4304.475379977186,0.07443112971230108
53060,0.15782231880509304,-1095.5020832741757,16316.540702536091,11990.07325951357,4326.4674430225205,0.07445223634300169
53065,0.15783719086679726,-1192.5541375995545,16325.572112036336,11976.360793446616,4349.21131858972,0.0744664551921925
53070,0.15785206292850146,-1282.3413256493623,16333.777059414537,11961.25125937291,4372.525800041627,0.07447377763886953
53075,0.15786693499020568,-1363.7157853027911,16341.005076445448,11944.79383183245,4396.211244612998,0.07447425549205101
53080,0.15788180705190988,-1435.6784805732495,16347.123063989018,11927.066281931393,4420.056782057625,0.07446800027588676
53085,0.1578966791136141,-1497.385082496634,16352.020968178333,11908.174079672013,4443.846888506319,0.07445518234679868
53090,0.1579115511753183,-1548.1485541480488,16355.61662608107,11888.249442828923,4467.367183252147,0.07443602978754864
53095,0.15792642323702252,-1587.438174846293,16357.859532823973,11867.450099220652,4490.409433603321,0.07441082701714329
53100,0.15794129529872672,-1614.874968861095,16358.733326894433,11845.957477085822,4512.775849808611,0.07437991306401073
53105,0.15795616736043094,-1630.223818135948,16358.256853017354,11823.974040694402,4534.282812322952,0.07434367946090886
53110,0.15797103942213514,-1633.3828859064688,16356.483739307661,11801.719540765629,4554.764198542032,0.07430256772125482
53115,0.15798591148383936,-1624.3712981662775,16353.500510274913,11779.426039552593,4574.07447072232,0.07425706634071845
53120,0.1580007835455436,-1603.3162641212148,16349.423340457759,11757.331683554561,4592.091656903198,0.07420770723583452
53125,0.15801565560724778,-1570.4409162095635,16344.393625760165,11735.673318614226,4608.720307145939,0.07415506149281301
53130,0.158030527668952,-1526.0540785107587,16338.572603261531,11714.678161683236,4623.894441578295,0.0740997342708965
53135,0.1580453997306562,-1470.5429089340087,16332.135281019215,11694.554853054735,4637.58042796448,0.07404235870331184
53140,0.15806027179236043,-1404.3689087489383,16325.26394616001,11675.484306783464,4649.779639376546,0.07398358867849542
53145,0.15807514385406463,-1328.067191355458,16318.141504996505,11657.610850192104,4660.530654804401,0.07392409046922252
53150,0.15809001591576885,-1242.24823315731,16310.944878519904,11641.03418981538,4669.910688704524,0.07387363980935692
53155,0.15810488797747305,-1147.6007148993067,16303.838638000238,11625.802753852176,4678.035884148061,0.07389892146864042
53160,0.15811976003917727,-1044.8936414634445,16296.969027214955,11611.908933300772,4685.060093914182,0.07391290294286725
53165,0.15813463210088147,-934.975821618591,16290.458487837554,11599.286671210692,4691.171816626862,0.07391602392385868
53170,0.1581495041625857,-818.7710578629012,16284.40078832139,11587.81173270891,4696.589055612481,0.07390875361342032
53175,0.15816437622428992,-697.2680166170085,16278.856855841124,11577.304835214834,4701.55202062629,0.07394286046705542
53180,0.1581792482859941,-571.504613712812,16273.851422725726,11567.537642390176,4706.313780335549,0.07404487186303453
53185,0.15819412034769834,-442.5476947208881,16269.370616495427,11558.24144441726,4711.129172078168,0.07413434442581751
53190,0.15820899240940253,-311.46963468001195,16265.360636882153,11549.118178438845,4716.242458443308,0.07421157595341651
53195,0.15822386447110676,-179.32407486187003,16261.727664621632,11539.853299785234,4721.874364836398,0.07427692597510734
53200,0.15823873653281095,-47.12325778790364,16258.339128279507,11530.129904396132,4728.209223883376,0.07433080083506616
53205,0.15825360859451518,84.18071555539973,16255.026413727577,11519.643427477584,4735.382986249993,0.07437363841705673
53210,0.15826848065621937,213.7088687013711,16251.589037966158,11508.116201918674,4743.472836047484,0.0744058929034944
53215,0.1582833527179236,340.66148772239285,16247.800230966712,11495.31115103441,4752.489079932302,0.07442801985785229
53220,0.1582982247796278,464.3172274147764,16243.413785535704,11481.043914510743,4762.369871024961,0.07444046181677236
53225,0.15831309684133202,584.0259045464209,16238.171956311622,11465.19276603636,4772.979190275262,0.0744436344885127
53230,0.15832796890303624,699.1964753273023,16231.8141243688,11447.705777512914,4784.108346855886,0.074437913585908
53235,0.15834284096474044,809.2822361147319,16224.085900106198,11428.604816220599,4795.481083885599,0.07442362227951986
53240,0.15835771302644466,913.7655271994827,16214.748316654737,11407.986121282134,4806.762195372603,0.07440101924212646
53245,0.15837258508814886,1012.1441480311623,16203.586767297684,11386.017383357012,4817.569383940672,0.07437028726809139
53250,0.15838745714985308,1103.9213465792236,16190.419358064239,11362.931433375294,4827.487924688945,0.07433152248721166
53255,0.15840232921155728,1188.6007003124942,16175.10437344809,11339.016819536737,4836.087553911353,0.07434683807347024
53260,0.1584172012732615,1265.6865544610173,16157.546581962437,11314.60570650229,4842.940875460146,0.07439254386135719
53265,0.1584320733349657,1334.690019011654,16137.702133974342,11290.059659679635,4847.642474294707,0.07443115715600356
53270,0.15844694539666992,1395.1399311246078,16115.58182609653,11265.753976372529,4849.827849724001,0.07446283167750535
53275,0.15846181745837412,1446.597725805539,16091.252528087512,11242.061291227226,4849.191236860286,0.07448760916666514
53280,0.15847668952007835,1488.6748600757728,16064.836597522448,11219.335213377719,4845.501384144729,0.07450540860110268
53285,0.15849156158178257,1521.0513123702476,16036.509154198255,11197.894745089863,4838.614409108392,0.07451601771280003
53290,0.15850643364348677,1543.49371165915,16006.493158676234,11178.010186291769,4828.482972384465,0.07451908706677408
53295,0.158521305705191,1555.871802532436,15975.052341222912,11159.891148630308,4815.1611925926045,0.07451412687752604
53300,0.1585361777668952,1558.1721773637091,15942.482154922442,11143.67719207922,4798.804962843222,0.07450050664405591
53305,0.1585510498285994,1550.5084628150926,15909.099067887453,11129.43146467953,4779.667603207923,0.07452441688391159
53310,0.1585659218903036,1533.127406748048,15875.228645940715,11117.137580561339,4758.091065379376,0.07458636863574863
53315,0.15858079395200783,1506.4105610560528,15841.192988187106,11106.699821221857,4734.493166965249,0.07464423712116881
53320,0.15859566601371203,1470.8714956170643,15807.298145776542,11097.946596380472,4709.3515493960695,0.07469777672538758
53325,0.15861053807541625,1427.148710052752,15773.822168800876,11090.636957956049,4683.185210844827,0.07474674591143675
53330,0.15862541013712045,1375.9946261560453,15741.004387405064,11084.469827161007,4656.5345602440575,0.07479090626688764
53335,0.15864028219882467,1318.2612270137906,15709.03644972098,11079.095474316133,4629.9409754048465,0.07483123332180165
53340,0.1586551542605289,1254.883035463412,15678.055525636046,11074.128689374555,4603.926836261491,0.07489124450693457
53345,0.1586700263222331,1186.8581787266885,15648.139957153733,11069.163005799164,4578.976951354569,0.07514474510982525
53350,0.15868489838393732,1115.2282716592745,15619.307505500403,11063.785299508114,4555.522205992289,0.07539270664938476
53355,0.1586997704456415,1041.0577938225524,15591.51621939383,11057.590084700953,4533.926134692878,0.0756307027947446
53360,0.15871464250734574,965.4135736023854,15564.667830528051,11050.192872621146,4514.474957906905,0.075857295753646
53365,0.15872951456904993,889.3449565556875,15538.613471451437,11041.242046095724,4497.371425355714,0.0760710144904301
53370,0.15874438663075416,813.8652312290415,15513.161408395614,11030.428825411578,4482.732582984036,0.07627039820669478
53375,0.15875925869245835,739.9348897437994,15488.08639095733,11017.495049284531,4470.5913416728,0.0764540375410478
53380,0.15877413075416258,668.4472714928906,15463.140148868024,11002.238654566827,4460.901494301197,0.0766206117258484
53385,0.15878900281586678,600.2170398132857,15438.062522345039,10984.516894146725,4453.545628198313,0.07676892052279397
53390,0.158803874877571,535.9717652077525,15412.592704366132,10964.247467562196,4448.345236803936,0.07689791035112166
53395,0.15881874693927522,476.3466615713005,15386.480103924043,10941.4078374082,4445.072266515843,0.07700669453658507
53400,0.15883361900097942,421.8822968077984,15359.494405625903,10916.033054902526,4443.461350723377,0.07709456799029551
53405,0.15884849106268364,373.0249324415472,15331.43449304245,10888.212415345943,4443.222077696508,0.0771610168524292
53410,0.15886336312438784,330.12907333658586,15302.136006433388,10858.085213626824,4444.050792806564,0.07720572371504432
53415,0.15887823518609206,293.46182841586415,15271.477404302525,10825.835786225049,4445.641618077476,0.07722856900109759
53420,0.15889310724779626,263.20876382021015,15239.384479350194,10791.687931160177,4447.696548190017,0.07722962896529623
53425,0.15890797930950049,239.48102030128393,15205.833334880961,10755.89871482449,4449.9346200564705,0.07720917064217778
53430,0.15892285137120468,222.32351919182292,15170.851855923322,10718.751624539387,4452.100231383934,0.07716764393955844
53435,0.1589377234329089,211.7240665834961,15134.519714619428,10680.549019321812,4453.970695297616,0.07710567099343943
53440,0.1589525954946131,207.62307905922717,15096.966940568953,10641.603869713708,4455.363070855245,0.0770240328819836
53445,0.15896746755631733,209.92351490249712,15058.371074535215,10602.2308518895,4456.140222645714,0.07692365384310934
53450,0.15898233961802155,218.50043442371316,15018.952918709612,10562.736956453016,4456.215962256596,0.07680558323800088
53455,0.15899721167972575,233.20947330092895,14978.970906242876,10523.41187058814,4455.559035654736,0.07667097562414894
53460,0.15901208374142997,253.89343785164783,14938.714140423936,10484.518477016514,4454.195663407421,0.0765210694125731
53465,0.15902695580313417,280.38626580342134,14898.494197994793,10446.283871928288,4452.210326066504,0.076357164653233
53470,0.1590418278648384,312.5137770781075,14858.635845784542,10408.891329387467,4449.744516397075,0.07618060049924956
53475,0.1590566999265426,350.0909819096323,14819.466876985703,10372.473629621029,4446.993247364675,0.07599273283988185
53480,0.1590715719882468,392.91619722716496,14781.307325608146,10337.108125293176,4444.19920031497,0.07593522667574536
53485,0.159086444049951,440.7627799046113,14744.458360551731,10302.813848218435,4441.644512333296,0.07596885649231633
53490,0.15910131611165523,493.36981089680376,14709.191194193187,10269.550865502957,4439.64032869023,0.07599627501752215
53495,0.15911618817335943,550.4334342944294,14675.736367385834,10237.221985910532,4438.514381475303,0.07601752016223695
53500,0.15913106023506365,611.6006647636877,14644.273797074507,10205.67680214549,4438.5969949290175,0.0760329907763467
53505,0.15914593229676788,676.4672710099912,14614.92399560939,10174.717940738066,4440.206054871323,0.07607175128625877
53510,0.15916080435847207,744.5808357459427,14587.740888869006,10144.109286279121,4443.631602589885,0.07610411580327096
53515,0.1591756764201763,815.4493631182977,14562.706664959514,10113.585857585142,4449.120807374373,0.07613011247827657
53520,0.1591905484818805,888.5549755265529,14539.729064886642,10082.86494420397,4456.864120682672,0.0761497758882711
53525,0.15920542054358472,963.3714503640604,14518.641469871234,10051.658063319852,4466.983406551382,0.07616314430016567
53530,0.15922029260528892,1039.383718232919,14499.206040013965,10019.683267408116,4479.522772605849,0.07617655461737494
53535,0.15923516466699314,1116.1070718772753,14481.12001608652,9986.67731800204,4494.44269808448,0.07620566173298389
53540,0.15925003672869734,1193.1037731354772,14464.025119103884,9952.407237709192,4511.617881394692,0.0762282286308475
53545,0.15926490879040156,1269.9950015057875,14447.519786816767,9916.68076097688,4530.839025839887,0.07624428512375837
53550,0.15927978085210576,1346.4666249173897,14431.17379265684,9879.355227375489,4551.818565281352,0.07625385976110143
53555,0.15929465291380998,1422.2680117930086,14414.544621989484,9840.34450502829,4574.200116961194,0.07625697901209644
53560,0.1593095249755142,1497.203936500262,14397.194851038905,9799.623601174768,4597.571249864137,0.07625918478284253
53565,0.1593243970372184,1571.1204407342902,14378.709698428744,9757.230713315144,4621.478985113599,0.07627746971613925
53570,0.15933926909892263,1643.8861963139825,14358.71390374105,9713.266594309793,4645.447309431258,0.07628915073376395
53575,0.15935414116062682,1715.371392572897,14336.88713030341,9667.891239782117,4668.995890521293,0.07629424711924981
53580,0.15936901322233105,1785.4264029269834,14312.977182571009,9621.318045111302,4691.6591374597065,0.07629277722921517
53585,0.15938388528403524,1853.8624643615694,14286.810459189039,9573.805710946994,4713.004748242045,0.0762847587354952
53590,0.15939875734573947,1920.4363544220741,14258.299215858284,9525.64829117574,4732.650924682544,0.07627803119464467
53595,0.15941362940744366,1984.8406189056623,14227.445372420263,9477.163868722413,4750.28150369785,0.0762861677955543
53600,0.1594285014691479,2046.7003500196824,14194.340753636561,9428.682407675975,4765.658345960586,0.07637018472236831
53605,0.15944337353085208,2105.576906683402,14159.163794813676,9380.533361367152,4778.630433446524,0.07645980383285941
53610,0.1594582455925563,2160.978372424901,14122.172868838463,9333.03361266247,4789.139256175993,0.07654407765963521
53615,0.15947311765426053,2212.3760179375404,14083.69650214111,9286.476283897258,4797.220218243852,0.07662286238459443
53620,0.15948798971596473,2259.225613973964,14044.120848342913,9241.120881663215,4802.9999666796975,0.07669614556147081
53625,0.15950286177766895,2300.9921426780293,14003.874884819854,9197.185142301345,4806.689742518509,0.07676400357310771
53630,0.15951773383937315,2337.17627947286,13963.413891261504,9154.838828072045,4808.575063189459,0.07682655837942848
53635,0.15953260590107737,2367.340948989866,13923.201857833783,9114.199605092439,4809.002252741344,0.07688393944000727
53640,0.15954747796278157,2391.1362809221446,13883.693545538117,9075.331025933385,4808.362519604732,0.07694200664020133
53645,0.1595623500244858,2408.321395190642,13845.316970818434,9038.24255267457,4807.074418143864,0.07700680104375018
53650,0.15957722208619,2418.781627750888,13808.457097673265,9002.891494796315,4805.56560287695,0.07706659943499829
53655,0.15959209414789421,2422.540068690956,13773.441483955345,8969.186698285546,4804.254785669798,0.07712132767009772
53660,0.1596069662095984,2419.762616979673,13740.528540903753,8936.993800047267,4803.534740856487,0.07717087967078085
53665,0.15962183827130264,2410.7561436530304,13709.898930708176,8906.141844923988,4803.757085784187,0.07722751537582202
53670,0.15963671033300686,2395.959769195717,13681.65045706446,8876.431041945747,4805.219415118712,0.0773008742135353
53675,0.15965158239471106,2375.9296717105444,13655.79661368982,8847.641406370016,4808.155207319804,0.07736860878363382
53680,0.15966645445641528,2351.3182282775924,13632.268761850652,8819.541993850005,4812.726768000646,0.07743054575649565
53685,0.15968132651811948,2322.84864379359,13610.921724592316,8791.900386703011,4819.021337889304,0.07748651347728588
53690,0.1596961985798237,2291.2865370587915,13591.542423673089,8764.49204695086,4827.050376722229,0.07753634277867497
53695,0.1597110706415279,2257.410223682293,13573.861052680939,8737.109115826952,4836.751936853987,0.07758338551884841
53700,0.15972594270323212,2221.9816306093217,13557.56418122339,8709.568225127863,4847.995956095527,0.07763899247256471
53705,0.15974081476493632,2185.7198465253787,13542.309123461348,8681.716902978078,4860.59222048327,0.07768796513988846
53710,0.15975568682664054,2149.2791980117872,13527.738881551613,8653.438215754686,4874.300665796927,0.07773027496679633
53715,0.15977055888834474,2113.2334028184414,13513.496991534823,8624.653397314392,4888.8435942204305,0.0777659549950782
53720,0.15978543095004896,2078.0667938299084,13499.241654655907,8595.322379037907,4903.919275618,0.07779510974784805
53725,0.1598003030117532,2044.1728931362395,13484.658626672634,8565.442343076942,4919.2162835956915,0.0778179195525403
53730,0.15981517507345738,2011.859856428273,13469.472453175778,8535.044657819566,4934.427795356212,0.07783463729995216
53735,0.1598300471351616,1981.361636192747,13453.455768315785,8504.190787017671,4949.264981298114,0.0778576989875261
53740,0.1598449191968658,1952.853242416375,13436.436503160021,8472.96795004852,4963.468553111501,0.07790423158181783
53745,0.15985979125857003,1926.4682770399486,13418.302963645465,8441.485404280273,4976.817559365192,0.07794566057532884
53750,0.15987466332027422,1902.316983198045,13399.006824861664,8409.8721811478,4989.134643713864,0.07798966322779714
53755,0.15988953538197845,1880.5033229230266,13378.564141277926,8378.276911346784,5000.287229931142,0.07804398995646428
53760,0.15990440744368264,1861.1399818711907,13357.05449117444,8346.87002273509,5010.184468439351,0.07809387177808245
53765,0.15991927950538687,1844.3605950831734,13334.618364137297,8315.848118369213,5018.770245768084,0.07813932143949935
53770,0.15993415156709107,1830.328813792441,13311.452874651555,8285.439801305149,5026.013073346407,0.07818028429126196
53775,0.1599490236287953,1819.244047458742,13287.805857587007,8255.911688387201,5031.894169199806,0.0782166541849845
53780,0.1599638956904995,1811.343814536449,13263.968387810246,8227.572937520034,5036.3954502902125,0.07824829881491763
53785,0.1599787677522037,1806.902648038109,13240.26577851908,8200.776388488144,5039.489390030936,0.07828952229478096
53790,0.15999363981390793,1806.2274722537186,13217.047157424373,8175.914456326287,5041.132701098086,0.07833348783030146
53795,0.16000851187561213,1809.6493446395361,13194.673795011846,8153.408261981692,5041.265533030154,0.07837221162515308
53800,0.16002338393731635,1817.5114870639227,13173.506455331788,8133.6891449515315,5039.8173103802565,0.07840576143166
53805,0.16003825599902055,1830.1536503683237,13153.892141730132,8117.172640608391,5036.719501121741,0.07843434396587654
53810,0.16005312806072478,1847.8930887579427,13136.150700141969,8104.22613553293,5031.9245646090385,0.07848879103684304
53815,0.16006800012242897,1871.0027705928023,13120.561805755535,8095.132602084757,5025.4292036707775,0.07855191553214044
53820,0.1600828721841332,1899.6878979900357,13107.35288571207,8090.053883398328,5017.299002313741,0.07861107589568309
53825,0.1600977442458374,1934.0622987280876,13096.688519276517,8088.997759277023,5007.690759999494,0.078666916295865
53830,0.16011261630754162,1974.1267135314192,13088.661812626153,8091.793296538442,4996.868516087711,0.0787201226810936
53835,0.16012748836924584,2019.751338468668,13083.288176950904,8098.078655264989,4985.209521685915,0.07878540296837104
53840,0.16014236043095004,2070.6651078557607,13080.501854918617,8107.304556560115,4973.197298358502,0.07885540687793374
53845,0.16015723249265426,2126.4540501439424,13080.15544781069,8118.755096080328,4961.400351730362,0.07892382732391208
53850,0.16017210455435846,2186.5705827906495,13082.022595508033,8131.585689571507,4950.436905936526,0.07899102969459217
53855,0.16018697661606268,2250.3548322091374,13085.803852268966,8144.875911705176,4940.92794056379,0.07905723633294175
53860,0.16020184867776688,2317.0680014314785,13091.135680010244,8157.69311534264,4933.442564667604,0.07912251470526506
53865,0.1602167207394711,2385.9365137994682,13097.602346529631,8169.161253691032,4928.4410928386,0.07918677759831587
53870,0.1602315928011753,2456.2042117957826,13104.750371885459,8178.528474002472,4926.221897882987,0.07924979457060459
53875,0.16024646486287952,2527.1883995763255,13112.105020556068,8185.226926624315,4926.878093931753,0.07932185931160386
53880,0.16026133692458372,2598.3341604537145,13119.188203029604,8188.918860966731,4930.269342062873,0.07941282473112762
53885,0.16027620898628794,2669.2604104408947,13125.537043727507,8189.524389655852,4936.012654071655,0.07951086380508805
53890,0.16029108104799217,2739.7908855933183,13130.722307316471,8187.228139064098,4943.494168252373,0.07960560191771507
53895,0.16030595310969636,2809.964023867684,13134.365862860206,8182.4641490401455,4951.901713820061,0.07970169821952576
53900,0.1603208251714006,2880.0176940656165,13136.156408025818,8175.880580464948,4960.275827560869,0.07980545821596534
53905,0.16033569723310478,2950.3478979372194,13135.862768211842,8168.287776778487,4967.5749914333555,0.07990436950007046
53910,0.160350569294809,3021.4445426660313,13133.344214474258,8160.594777400329,4972.74943707393,0.07999807162332898
53915,0.1603654413565132,3093.8114483174813,13128.557390755715,8153.74033095383,4974.817059801885,0.08008625557879939
53920,0.16038031341821743,3167.881047364508,13121.559585586596,8148.624718016792,4972.934867569804,0.0801686629858647
53925,0.16039518547992163,3243.9359480684543,13112.508210669477,8146.04826637342,4966.459944296057,0.08024508172735714
53930,0.16041005754162585,3322.0491748918175,13101.65645176583,8146.661407637326,4954.995044128504,0.08031533999424267
53935,0.16042492960333005,3402.052426984652,13089.345139705754,8150.929633888065,4938.415505817689,0.08037930065160828
53940,0.16043980166503427,3483.5375248690943,13075.990964802466,8159.114970326534,4916.875994475932,0.0804527946321694
53945,0.1604546737267385,3565.891082598264,13062.07124589908,8171.27381699646,4890.797428902621,0.08054442157208873
53950,0.1604695457884427,3648.357210776843,13048.105585152485,8187.269458486765,4860.83612666572,0.08063710792032483
53955,0.16048441785014692,3730.1185348162962,13034.634903642384,8206.796385073947,4827.8385185684365,0.0807297708071708
53960,0.1604992899118511,3810.3826536155157,13022.198560808543,8229.41292817296,4792.785632635583,0.08082902131582201
53965,0.16051416197355534,3888.4598245742272,13011.310496432878,8254.57860721078,4756.731889222097,0.08092161639107477
53970,0.16052903403525953,3963.8184067566117,13002.435566252783,8281.69293581311,4720.742630439674,0.081007550992656
53975,0.16054390609696376,4036.1074829410836,12995.967429360213,8310.133087555621,4685.8343418045915,0.08108685926845847
53980,0.16055877815866795,4105.140912977885,12992.209441765232,8339.28858421556,4652.920857549672,0.08115960845764804
53985,0.16057365022037218,4170.843319704755,12991.359976103495,8368.591863767939,4622.768112335556,0.0812258891882374
53990,0.16058852228207637,4233.165300126513,12993.503397585562,8397.54408855703,4595.9593090285325,0.08128968412421002
53995,0.1606033943437806,4291.981339949115,12998.6075781985,8425.735825346668,4572.871752851832,0.08136215537408101
54000,0.16061826640548482,4346.988265832838,13006.528347660751,8452.862310816681,4553.66603684407,0.08144622891324062
