step,time_s,vortex_signal_pa,p_upstream_pa,p_downstream_pa,pressure_drop_pa,max_lattice_velocity
30000,0.08923237022526934,-6484.78559748471,5826.840832012216,2713.763769516098,3113.0770624961183,0.07557973346365532
30005,0.08924724228697355,-6623.588766270534,5851.510707245278,2772.668263281503,3078.842443963775,0.07558559797342644
30010,0.08926211434867776,-6754.452183472263,5875.142488515019,2826.2501395341683,3048.892348980851,0.0755914122675016
30015,0.08927698641038197,-6876.61021168518,5897.432136603633,2873.8932478799184,3023.5388887237145,0.07559705345055086
30020,0.08929185847208619,-6989.395864592622,5918.17415781423,2915.1669769557375,3003.0071808584926,0.07560241654417309
30025,0.0893067305337904,-7092.207433306192,5937.259616883044,2949.8408153285973,2987.418801554447,0.07560740441913356
30030,0.08932160259549461,-7184.47745345017,5954.666381713779,2977.8922697056414,2976.7741120081373,0.0756119135952585
30035,0.08933647465719882,-7265.65132626438,5970.443487643403,2999.5075635750422,2970.935924068361,0.07561581817788389
30040,0.08935134671890303,-7335.179915096025,5984.691942501293,3015.074629310136,2969.617313191157,0.07563056947807663
30045,0.08936621878060724,-7392.52620986637,5997.5444522251155,3025.168167196468,2972.3762850286475,0.07564622601469337
30050,0.08938109084231145,-7437.182327279793,6009.146443694397,3030.5269994913756,2978.6194442030214,0.0756614587705503
30055,0.08939596290401566,-7468.691163288304,6019.640444207677,3032.0245201101966,2987.6159240974807,0.07567600869725057
30060,0.08941083496571987,-7486.66752628897,6029.155406446064,3030.633584210995,2998.521822235069,0.07568955658064752
30065,0.08942570702742408,-7490.816035759555,6037.8019911312695,3027.387550538266,3010.4144405930033,0.07571140570090468
30070,0.0894405790891283,-7480.946178604562,6045.67415705943,3023.339311231348,3022.3348458280825,0.07573288018447923
30075,0.08945545115083252,-7456.987255897088,6052.856667168921,3019.5200576565753,3033.336609512346,0.07575155219703415
30080,0.08947032321253673,-7419.006567336846,6059.437328882897,3016.899359909056,3042.5379689738415,0.07578020415793388
30085,0.08948519527424094,-7367.232846408173,6065.5220301145,3016.3480140105535,3049.1740161039465,0.07581193603321235
30090,0.08950006733594515,-7302.084146229945,6071.250049012866,3018.6050934324653,3052.6449555804006,0.0758408896493847
30095,0.08951493939764936,-7224.196015869073,6076.806867217448,3024.2506772491347,3052.556189968313,0.07586688721389412
30100,0.08952981145935357,-7134.443006578287,6082.431923741231,3033.685680731537,3048.746243009694,0.07588982437020675
30105,0.08954468352105778,-7033.945304606505,6088.4194293820065,3047.1199494842417,3041.2994798977647,0.07590965275962287
30110,0.08955955558276199,-6924.053229529746,6095.111411756794,3064.5692434795656,3030.5421682772285,0.07592909622563658
30115,0.0895744276444662,-6806.305524421412,6102.883364363513,3085.861003935029,3017.0223604284834,0.07596250477723825
30120,0.08958929970617041,-6682.362221919607,6112.123972631004,3110.6480328623716,3001.4759397686325,0.07599289476312211
30125,0.08960417176787462,-6553.918303695117,6123.211165350982,3138.4286157856886,2984.7825495652933,0.07602010253313832
30130,0.08961904382957885,-6422.609046606164,6136.487069564436,3168.571321160994,2967.9157484034417,0.07604395799901154
30135,0.08963391589128306,-6289.920665135192,6152.234330821187,3200.342748469024,2951.8915823521625,0.0760642898038525
30140,0.08964878795298727,-6157.119888966996,6170.655800791248,3232.936794965594,2937.719005825654,0.07608093498388288
30145,0.08966366001469148,-6025.213413200718,6191.858948183452,3265.504421339976,2926.3545268434764,0.07609375079733476
30150,0.08967853207639569,-5894.943370513582,6215.845678777797,3297.1832610130105,2918.6624177647864,0.07612032694180662
30155,0.0896934041380999,-5766.819220872573,6242.507682662141,3327.126625968543,2915.3810566935977,0.07614316152678309
30160,0.08970827619980411,-5641.180967760914,6271.62703136412,3354.5314858469383,2917.0955455171816,0.0761618480123776
30165,0.08972314826150832,-5518.284351743938,6302.881534330761,3378.664889665463,2924.2166446652977,0.07617638438152347
30170,0.08973802032321253,-5398.396091512108,6335.85429432223,3398.8881599930387,2936.9661343291914,0.0761868173335993
30175,0.08975289238491674,-5281.886287921012,6370.046910780717,3414.678112116539,2955.3687986641776,0.07619323226042031
30180,0.08976776444662095,-5169.305472218557,6404.895808516595,3425.6445837051433,2979.2512248114517,0.07619574147153442
30185,0.08978263650832517,-5061.435224985056,6439.791182317123,3431.5436928375207,3008.247489479602,0.07619447242521726
30190,0.08979750857002938,-4959.3038298679885,6474.098045179138,3432.286422965969,3041.8116222131694,0.07620234311889769
30195,0.0898123806317336,-4864.162238308834,6507.178865693228,3427.9423086013785,3079.236557091849,0.07621146347390445
30200,0.0898272526934378,-4777.420748538856,6538.4172866314075,3418.738140591793,3119.6791460396144,0.07621730875616604
30205,0.08984212475514201,-4700.552796420923,6567.24241048559,3405.0517382849293,3162.1906722006606,0.07621998997379391
30210,0.08985699681684622,-4634.978054207951,6593.15307024825,3387.4009796061723,3205.7520906420773,0.07621961718155792
30215,0.08987186887855043,-4581.94119666378,6615.741328655338,3366.428455061124,3249.312873594214,0.07621630247904171
30220,0.08988674094025464,-4542.403945528666,6634.714161697672,3342.882292382066,3291.831869315606,0.07621016312532496
30225,0.08990161300195885,-4516.965805616145,6649.911945616225,3317.5938224582296,3332.3181231579956,0.0762013234865551
30230,0.08991648506366307,-4505.823754117377,6661.322104594004,3291.4527617861017,3369.869342807902,0.07619952077232514
30235,0.08993135712536728,-4508.774399475594,6669.086230480787,3265.3804578248287,3403.7057726559583,0.07620529984868823
30240,0.0899462291870715,-4525.255468980299,6673.499256086207,3240.301543691952,3433.1977123942556,0.07620901632943139
30245,0.08996110124877571,-4554.418286593448,6674.999862339509,3217.114200478739,3457.8856618607697,0.07621077221568653
30250,0.08997597331047992,-4595.21983129345,6674.152140675839,3196.6592576028243,3477.492883073015,0.07621065823477223
30255,0.08999084537218413,-4646.521973010563,6671.6194588736425,3179.6886415274885,3491.930817346154,0.07620874751767609
30260,0.09000571743388834,-4707.186095199261,6668.132314486566,3166.834177151743,3501.2981373348234,0.07620509079867986
30265,0.09002058949559255,-4776.152991270188,6664.452556282315,3158.578324611122,3505.874231671193,0.07620240839244313
30270,0.09003546155729676,-4852.500276277815,6661.336620295393,3155.228918357983,3506.10770193741,0.07621770472898705
30275,0.09005033361900097,-4935.472351279543,6659.500340329749,3156.9001997128767,3502.600140616872,0.07623142982818838
30280,0.09006520568070518,-5024.480999218395,6659.587494612573,3163.5022972538945,3496.0851973586787,0.07624348244411586
30285,0.09008007774240939,-5119.077721357985,6662.143636665638,3174.740798054957,3487.402838610681,0.07625374360997751
30290,0.0900949498041136,-5218.901636861522,6667.5960609937765,3190.12723653068,3477.4688244630966,0.07626208134092076
30295,0.09010982186581783,-5323.608919494962,6676.240111236017,3209.0003341781476,3467.239777057869,0.07626835689826864
30300,0.09012469392752204,-5432.791259322881,6688.231558098421,3230.556805521426,3457.674752576995,0.07628403280243637
30305,0.09013956598922625,-5545.891820936413,6703.584505220345,3253.8896502490297,3449.694854971315,0.07631026363643229
30310,0.09015443805093046,-5662.127789123822,6722.1742049082495,3278.0311992218944,3444.143005686355,0.0763339100005312
30315,0.09016931011263467,-5780.428870781928,6743.744217899247,3301.997854467662,3441.746363431585,0.07635482326586086
30320,0.09018418217433888,-5899.40079325187,6767.917455659853,3324.833497393449,3443.083958266404,0.0763729024580802
30325,0.09019905423604309,-6017.321397000242,6794.210741195005,3345.648922543666,3448.561818651339,0.07638809416226
30330,0.0902139262977473,-6132.173898691822,6822.05258180347,3363.6553216639622,3458.397260139508,0.07640265977627787
30335,0.09022879835945151,-6241.7172726356475,6850.8038490689605,3378.1906824571647,3472.613166611796,0.0764372614509763
30340,0.09024367042115572,-6343.588144784498,6879.780997989032,3388.7388335899564,3491.0421643990753,0.07646869279284299
30345,0.09025854248285993,-6435.423404450177,6908.281323033851,3394.941608500001,3513.3397145338495,0.07649693922072993
30350,0.09027341454456415,-6514.989329042747,6935.609551441094,3396.6050802717273,3539.0044711693663,0.076521966179381
30355,0.09028828660626836,-6580.302291023274,6961.104841898985,3393.7009496845285,3567.4038922144564,0.0765437019719006
30360,0.09030315866797257,-6629.7280666933275,6984.167037568973,3386.363934272459,3597.8031032965137,0.07656202760995007
30365,0.09031803072967678,-6662.050556491843,7004.280868642354,3374.885489249447,3629.395379392907,0.07659591497566891
30370,0.090332902791381,-6676.505189482399,7021.036751330831,3359.703571017248,3661.333180313583,0.07663306192157816
30375,0.0903477748530852,-6672.7765022880085,7034.146906916456,3341.387673868932,3692.759233047524,0.07666607828424674
30380,0.09036264691478942,-6650.96297720125,7043.455729186571,3320.618261755811,3722.83746743076,0.0766947300292022
30385,0.09037751897649363,-6611.51523619693,7048.943657425206,3298.160104702262,3750.783552722944,0.07671878979435585
30390,0.09039239103819784,-6555.156208234868,7050.7242588560375,3274.8298634537473,3775.8943954022902,0.0767380514606478
30395,0.09040726309990205,-6482.793756222891,7049.034771807841,3251.4593218052723,3797.5754500025687,0.07677026804873664
30400,0.09042213516160626,-6395.437027786994,7044.22096501606,3228.8566261777814,3815.364338838279,0.07680822650274713
30405,0.09043700722331048,-6294.12699352277,7036.717746812412,3207.7684726274865,3828.9492741849253,0.07684091045190196
30410,0.09045187928501469,-6179.8890362312595,7027.027395683828,3188.846240687551,3838.181154996277,0.07686822364571788
30415,0.0904667513467189,-6053.711300176024,7015.697461597028,3172.6186459378714,3843.078815659157,0.07689010330903655
30420,0.09048162340842311,-5916.547519069759,7003.300224189509,3159.4727302411757,3843.8274939483335,0.07690651158545597
30425,0.09049649547012732,-5769.33824308563,6990.415083602376,3149.644121365386,3840.7709622369903,0.07694390020069765
30430,0.09051136753183153,-5613.040859837985,6977.61448890029,3143.2166110155445,3834.3978778847454,0.07697978036768947
30435,0.09052623959353574,-5448.657412293768,6965.453141689695,3140.1302845277187,3825.3228571619766,0.07700964725947344
30440,0.09054111165523995,-5277.250360800366,6954.459448427482,3140.1967082571314,3814.2627401703508,0.077033383890583
30445,0.09055598371694416,-5099.939923128934,6945.12771454595,3143.119080477678,3802.008634068272,0.0770508741710792
30450,0.09057085577864837,-4917.881671994981,6937.909489474696,3148.514865746373,3789.394623728323,0.07706525480570127
30455,0.09058572784035258,-4732.228470616821,6933.202800595156,3155.938377266261,3777.264423328895,0.07710052144889487
30460,0.09060059990205681,-4544.085254494649,6931.338676727656,3164.9011310365972,3766.437545691059,0.07712846945155498
30465,0.09061547196376102,-4354.467501840486,6932.565207284899,3174.8885559566484,3757.6766513282505,0.0771489976810856
30470,0.09063034402546523,-4164.273851963899,6937.030230162795,3185.372665325873,3751.657564836922,0.07716207082452954
30475,0.09064521608716944,-3974.2802789750617,6944.76442105489,3195.8213366009977,3748.943084453892,0.07716772963982521
30480,0.09066008814887365,-3785.1582484413466,6955.666948779783,3205.70564179291,3749.961306986873,0.0771660975948876
30485,0.09067496021057786,-3597.5136533626255,6969.495912255273,3214.507020753166,3754.9888915021065,0.0771851780711962
30490,0.09068983227228207,-3411.9385191425677,6985.865499148201,3221.725929514272,3764.1395696339287,0.07719753895926369
30495,0.09070470433398628,-3229.0647213558304,7004.2512686238415,3226.8930128081834,3777.358255815658,0.07720252945002497
30500,0.09071957639569049,-3049.608871937762,7024.00425134619,3229.5830393284227,3794.4212120177676,0.07720056201329778
30505,0.0907344484573947,-2874.399871392819,7044.3737711625945,3229.431023738591,3814.9427474240033,0.07719210530435605
30510,0.09074932051909891,-2704.3844756193403,7064.538104694493,3226.1493138986384,3838.3887907958547,0.07717766531896857
30515,0.09076419258080314,-2540.6103747967886,7083.641372315082,3219.544027333609,3864.097344981473,0.07716463238683799
30520,0.09077906464250735,-2384.1897129587305,7100.8344524140775,3209.529077954414,3891.3053744596637,0.07716642469333
30525,0.09079393670421156,-2236.2482064226683,7115.317282825925,3196.1361049878133,3919.1811778381116,0.07716306029544577
30530,0.09080880876591577,-2097.8661256386386,7126.379707863645,3179.518869505808,3946.860838357837,0.07715502381980412
30535,0.09082368082761998,-1970.0177771819087,7133.4380833546875,3159.9511109240675,3973.48697243062,0.07714275230565461
30540,0.09083855288932419,-1853.5160973387813,7136.065175316597,3137.8174506401397,3998.247724676457,0.07712662164097389
30545,0.0908534249510284,-1748.9685927333821,7134.01145159342,3113.5976545949757,4020.4137969984445,0.07710693688224937
30550,0.09086829701273261,-1656.7499167797723,7127.216599756769,3087.845325778998,4039.371273977771,0.07709174178290723
30555,0.09088316907443682,-1576.994618233051,7115.810908652885,3061.1627482785184,4054.6481603743664,0.07709265961893472
30560,0.09089804113614103,-1509.6110803144504,7100.106916456097,3034.1739978269025,4065.9329186291943,0.07709007141306627
30565,0.09091291319784524,-1454.314817472517,7080.582362021854,3007.4984720178177,4073.0838900040367,0.07708397452671963
30570,0.09092778525954946,-1410.676782487102,7057.855919763367,2981.7266698718818,4076.129249891485,0.07707430925895417
30575,0.09094265732125367,-1378.1807426004782,7032.657434205897,2957.3994554542223,4075.2579787516743,0.07706097536052291
30580,0.09095752938295788,-1356.2833172076619,7005.794420626423,2934.991329362009,4070.803091264414,0.07704385070227482
30585,0.0909724014446621,-1344.4707006279846,6978.116513872525,2914.8975765467458,4063.218937325779,0.0770441326113359
30590,0.0909872735063663,-1342.3069480075262,6950.479393806411,2897.4246990262222,4053.054694780189,0.07704833462072543
30595,0.09100214556807051,-1349.4695751594763,6923.7095548060615,2882.7833570738353,4040.9261977322262,0.07704787071504142
30600,0.09101701762977472,-1365.7689987169645,6898.57115849966,2871.083142421097,4027.488016078563,0.07704260608303884
30605,0.09103188969147893,-1391.1491919078371,6875.736119586099,2862.3288380039426,4013.407281582157,0.07703245697109784
30610,0.09104676175318314,-1425.6681158827093,6855.758496849698,2856.4182780854544,3999.340218764243,0.07701739508208773
30615,0.09106163381488735,-1469.4581263867256,6839.05415159406,2853.142380809279,3985.9117707847813,0.07701792286728286
30620,0.09107650587659157,-1522.6685159603226,6825.886458772552,2852.1882548120125,3973.6982039605396,0.07702398641611073
30625,0.09109137793829579,-1585.3943150880386,6816.358605707139,2853.146385173528,3963.212220533611,0.07702438167307377
30630,0.09110625,-1657.597119508194,6810.412713065903,2855.522735044909,3954.8899780209936,0.07701915538752988
30635,0.09112112206170421,-1739.0248637355069,6807.835699663059,2858.756168094257,3949.079531568802,0.07700840111555421
30640,0.09113599412340842,-1829.1381256518673,6808.271515540887,2862.2409657625967,3946.03054977829,0.07699225612304919
30645,0.09115086618511263,-1927.05078833418,6811.239096769825,2865.3534867425074,3945.8856100273174,0.07699463353388433
30650,0.09116573824681684,-2031.4926685938794,6816.155147974368,2867.4813280700705,3948.673819904298,0.07699884710098949
30655,0.09118061030852105,-2140.800825365047,6822.360635028597,2868.0528412307435,3954.3077937978537,0.07699704845292325
30660,0.09119548237022526,-2252.944351392457,6829.149683963593,2866.56465249403,3962.585031469563,0.07698947629728077
30665,0.09121035443192947,-2365.5843047949356,6835.799456489279,2862.6049912689687,3973.19446522031,0.07697641974153586
30670,0.09122522649363368,-2476.1661986380714,6841.599530447521,2855.871110385217,3985.728420062304,0.07695820835002895
30675,0.09124009855533789,-2582.03778218094,6845.879368014226,2846.179769854819,3999.6995981594073,0.07695856046000983
30680,0.09125497061704212,-2680.5807476915834,6848.032608698677,2833.4704893121525,4014.5621193865245,0.07696095064242997
30685,0.09126984267874633,-2769.342551360093,6847.537176492709,2817.801908872387,4029.735267620322,0.07695802998271985
30690,0.09128471474045054,-2846.1544356347513,6843.970535227139,2799.34205268732,4044.6284825398193,0.0769501639339775
30695,0.09129958680215475,-2909.2240186057243,6837.019845584332,2778.353560840658,4058.666284743674,0.07693771684379752
30700,0.09131445886385896,-2957.1948630179572,6826.487229341671,2755.1750954672543,4071.3121338744168,0.07692104164855212
30705,0.09132933092556317,-2989.1702624105246,6812.290761127548,2730.200202281937,4082.0905588456108,0.0769214758466152
30710,0.09134420298726738,-3004.7030764460073,6794.462099181364,2703.8549630524813,4090.6071361288823,0.07692732861855908
30715,0.09135907504897159,-3003.757059629063,6773.141759839489,2676.5758127248855,4096.565947114604,0.07692874378494424
30720,0.0913739471106758,-2986.647363228277,6748.572902536699,2648.788887045534,4099.784015491165,0.07692595895995442
30725,0.09138881917238001,-2953.9686763505247,6721.094150331821,2620.892167410637,4100.201982921184,0.07691918100930542
30730,0.09140369123408422,-2906.5189780890655,6691.131511009933,2593.2414629170944,4097.890048092839,0.0769085814938062
30735,0.09141856329578844,-2845.225444443084,6659.189008501347,2566.1409089569547,4093.0480995443927,0.07691643999565642
30740,0.09143343535749265,-2771.077158319652,6625.837310424032,2539.8382003644992,4085.9991100595325,0.07692920988248513
30745,0.09144830741919686,-2685.0674062950393,6591.699542002004,2514.524282516962,4077.175259485042,0.0769372141115224
30750,0.09146317948090107,-2588.146913647013,6557.433652019813,2490.3367773261,4067.096874693713,0.07694043887733096
30755,0.09147805154260528,-2481.188554210543,6523.7111210044,2467.366092866426,4056.3450281379746,0.07693885583605603
30760,0.0914929236043095,-2364.9638007007743,6491.192394851531,2445.66299467606,4045.5294001754714,0.07693243046562953
30765,0.0915077956660137,-2240.131192843224,6460.500068789676,2425.246406233817,4035.253662555859,0.07694556115793805
30770,0.09152266772771792,-2107.2370932259637,6432.191406125561,2406.110330672413,4026.081075453148,0.0769593860599807
30775,0.09153753978942213,-1966.7287732055745,6406.732142450962,2388.22900880256,4018.5031336484017,0.07696681203333745
30780,0.09155241185112634,-1818.9793854357772,6384.473631831736,2371.559716631028,4012.9139152007083,0.0769678558681346
30785,0.09156728391283055,-1664.3237199043238,6365.63522523757,2356.042935911988,4009.592289325582,0.07696259400404658
30790,0.09158215597453477,-1503.102914340514,6350.293371716071,2341.5999890447815,4008.69338267129,0.07695116240665106
30795,0.09159702803623898,-1335.7155431322303,6338.378370015853,2328.128597868429,4010.2497721474238,0.07695164878268
30800,0.09161190009794319,-1162.671710192731,6329.67905272871,2315.4971739967746,4014.1818787319357,0.07695633136377701
30805,0.0916267721596474,-984.6458776516884,6323.855030545033,2303.53892727468,4020.3161032703524,0.07695391159763035
30810,0.09164164422135161,-802.5232270099687,6320.4555234260915,2292.047029537865,4028.4084938882265,0.07694471651362488
30815,0.09165651628305582,-617.4336024909244,6318.943312370552,2280.772045163614,4038.171267206938,0.07692910368269756
30820,0.09167138834476003,-430.76692408654253,6318.722007328368,2269.422625478215,4049.2993818501527,0.07690744685789688
30825,0.09168626040646424,-244.1648129005539,6319.164680087175,2257.6700975313897,4061.494582555785,0.0768801240029876
30830,0.09170113246816845,-59.48529626803065,6319.641971067666,2245.1571361483757,4074.4848349192907,0.0768696307122646
30835,0.09171600452987266,121.25927667009728,6319.548032002089,2231.5102808233987,4088.03775117869,0.07685611887124981
30840,0.09173087659157687,295.98715652158444,6318.323069006973,2216.355712234537,4101.967356772437,0.07683660092183385
30845,0.0917457486532811,462.64749943981906,6315.471739102412,2199.3374584335556,4116.134280668857,0.07681148826685986
30850,0.09176062071498531,619.326276666136,6310.57715736719,2180.1370376771893,4130.440119690001,0.07678118141366035
30855,0.09177549277668952,764.347327926233,6303.3107250191715,2158.49342779228,4144.817297226891,0.07674606201402423
30860,0.09179036483839373,896.3589877705385,6293.438333303207,2134.2221635238675,4159.21616977934,0.07670648373137848
30865,0.09180523690009794,1014.398640120773,6280.823689038038,2107.232323075436,4173.591365962602,0.07667349088117932
30870,0.09182010896180215,1117.929867152318,6265.429518209329,2077.5402193718905,4187.889298837439,0.07664765030100824
30875,0.09183498102350636,1206.8491353874047,6247.317234491994,2045.2787973690683,4202.038437122926,0.07661703662049459
30880,0.09184985308521057,1281.4611748099492,6226.645346226136,2010.7020438359607,4215.943302390176,0.07658189229988391
30885,0.09186472514691478,1342.4245765267142,6203.6664900900905,1974.184063046242,4229.4824270438485,0.07654240924657515
30890,0.09187959720861899,1390.671799451026,6178.722618957844,1936.212744815671,4242.509874142173,0.0764987354298563
30895,0.0918944692703232,1427.3105176823851,6152.237633559409,1897.37805622313,4254.8595773362795,0.07645098803678128
30900,0.09190934133202742,1453.5154724382442,6124.706706804084,1858.3549161710994,4266.351790632985,0.07639927200125315
30905,0.09192421339373164,1470.4210518713103,6096.68173458667,1819.8804642770758,4276.801270309595,0.07635839030511837
30910,0.09193908545543585,1479.0243646590611,6068.7527318772045,1782.7254920674134,4286.027239809791,0.07631920719517117
30915,0.09195395751714006,1480.106803149496,6041.52550519446,1747.6600427364945,4293.865462457965,0.07637602986484505
30920,0.09196882957884427,1474.1796609885923,6015.596473788012,1715.4137950785891,4300.182678709423,0.07643536077670397
30925,0.09198370164054848,1461.4570053869052,5991.525985161054,1686.6327779277449,4304.89320723331,0.07648759138203873
30930,0.09199857370225269,1441.857110843412,5969.8118032804905,1661.8350337882607,4307.97676949223,0.07653301347827027
30935,0.0920134457639569,1415.0322618894274,5950.864601519745,1641.368812198226,4309.495789321519,0.07657215593426844
30940,0.09202831782566111,1380.4252322259672,5934.987259284119,1625.377476621499,4309.60978266262,0.07660577253873055
30945,0.09204318988736532,1337.3489032612983,5922.359552623756,1613.775372936678,4308.584179687078,0.07663480543354158
30950,0.09205806194906954,1285.0833190363537,5913.029465222569,1606.2383548494515,4306.791110373118,0.07667401413413547
30955,0.09207293401077375,1222.9824294465466,5906.9118529205925,1602.2115236200411,4304.700329300551,0.07674701462565849
30960,0.09208780607247796,1150.581476001948,5903.794608227632,1600.9351461569388,4302.859462070694,0.07681868225702418
30965,0.09210267813418217,1067.695869387493,5903.351842155912,1601.487871088943,4301.863971066969,0.0768897640603774
30970,0.09211755019588638,974.5035042689519,5905.162997099201,1602.84451252336,4302.318484575841,0.07696081314871313
30975,0.0921324222575906,871.6043327250295,5908.736304987474,1603.9440628933335,4304.79224209414,0.07703214670590063
30980,0.0921472943192948,760.0530757989327,5913.534685426107,1603.7624377175607,4309.772247708546,0.07710382674463055
30985,0.09216216638099901,641.3627484445028,5919.002094492141,1601.3838834065275,4317.618211085613,0.07717566436229374
30990,0.09217703844270322,517.4781145901211,5924.588504289642,1596.0650448024985,4328.523459487144,0.07724724495680037
30995,0.09219191050440743,390.7195013184819,5929.772085904722,1587.2863564449394,4342.485729459782,0.07731796938772632
31000,0.09220678256611164,263.6989058925037,5934.077706381212,1574.7865843634438,4359.291122017768,0.0773871047840007
31005,0.09222165462781587,139.21220045615019,5937.091425320138,1558.577849778479,4378.5135755416595,0.0774837621826
31010,0.09223652668952008,20.113386853027805,5938.471177043107,1538.9401391278604,4399.531037915246,0.07759452477410003
31015,0.09225139875122429,-90.82101673543002,5937.954165436865,1516.3959811369039,4421.558184299961,0.07770082329195957
31020,0.0922662708129285,-191.02761261264368,5935.361642349904,1491.6675174369102,4443.694124912994,0.0778019931155286
31025,0.09228114287463271,-278.2808270161813,5930.601697092681,1465.6195168727384,4464.982180219943,0.07789744685687194
31030,0.09229601493633692,-350.7954684240681,5923.670498908938,1439.1929300127308,4484.477568896207,0.0779866868048744
31035,0.09231088699804113,-407.29671603765655,5914.652166067708,1413.334310631273,4501.317855436435,0.07806931078742259
31040,0.09232575905974534,-447.04912881276005,5903.717144843417,1388.9267988535296,4514.790345989888,0.07814501340921336
31045,0.09234063112144955,-469.8396212350308,5891.118724326507,1366.7283019529175,4524.390422373589,0.07821358477645815
31050,0.09235550318315376,-475.91393812628894,5877.18713804797,1347.3219554210002,4529.86518262697,0.07827490861693225
31055,0.09237037524485797,-465.8715301221605,5862.320651472931,1331.0828650276633,4531.237786445267,0.07832896118451343
31060,0.0923852473065622,-440.5291274001179,5846.973130383671,1318.1635667487271,4528.8095636349435,0.07841953308402456
31065,0.0924001193682664,-400.7678524336411,5831.637830543078,1308.4987498014755,4523.139080741603,0.0785118101686586
31070,0.09241499142997062,-347.3816570991535,5816.827520192185,1301.8278190393535,4514.999701152832,0.0785971637924364
31075,0.09242986349167483,-280.9457828441409,5803.051501570465,1297.7321186402694,4505.319382930195,0.07867583327824171
31080,0.09244473555337904,-201.7227219759675,5790.790584598008,1295.682355560252,4495.108229037755,0.07874814795065953
31085,0.09245960761508325,-109.61990249102746,5780.471531948852,1295.0911008327453,4485.3804311161075,0.07881452159812771
31090,0.09247447967678746,-4.20818698449375,5772.4428836206025,1295.36522860348,4477.077655017122,0.07887544032853033
31095,0.09248935173849167,115.19653342293623,5766.954316205386,1295.9536815430208,4471.000634662365,0.0789314435722499
31100,0.09250422380019588,249.3944715726966,5764.141724508945,1296.3868689054636,4467.754855603482,0.0789830987294009
31105,0.09251909586190009,399.1202298378562,5764.019961823175,1296.3051452335565,4467.714816589619,0.07903788029088736
31110,0.0925339679236043,564.84047361688,5766.484600018852,1295.475047390244,4471.009552628608,0.07912416413078137
31115,0.09254883998530852,746.5585941284926,5771.323189084337,1293.7931840891617,4477.530004995176,0.07921976759758836
31120,0.09256371204701273,943.6553473170839,5778.235399859006,1291.2787946946369,4486.956605164369,0.07931209229190839
31125,0.09257858410871694,1154.7909968804693,5786.860284301408,1288.0569450798969,4498.803339221511,0.07940128711159009
31130,0.09259345617042115,1377.8864284582664,5796.807883467637,1284.3350265675815,4512.472856900055,0.07948736595896978
31135,0.09260832823212536,1610.1894442592125,5807.691745285732,1280.3755946824642,4527.316150603268,0.07957019337178142
31140,0.09262320029382957,1848.4201882212856,5819.158719350541,1276.4685804727324,4542.690138877809,0.07964947913577869
31145,0.09263807235553378,2088.9787158123354,5830.912727042652,1272.905531112979,4558.007195929673,0.07972478346824786
31150,0.092652944417238,2328.1898941246227,5842.730020562275,1269.957853075247,4572.772167487028,0.07980260363412221
31155,0.0926678164789422,2562.556945137568,5854.4646179023875,1267.8601627719718,4586.604455130416,0.07988127341987973
31160,0.09268268854064642,2788.9949474243112,5866.043945739225,1266.7989545074456,4599.244991231779,0.0799603391452118
31165,0.09269756060235063,3005.0188233217305,5877.456025048121,1266.9060337956325,4610.549991252488,0.08006690809675011
31170,0.09271243266405485,3208.865944930305,5888.730591263412,1268.2556612345247,4620.474930028888,0.0801659953687724
31175,0.09272730472575906,3399.5408145270617,5899.917196098754,1270.8641718276356,4629.053024271118,0.08025691953219104
31180,0.09274217678746327,3576.777777528199,5911.063512164663,1274.6909684328755,4636.372543731787,0.08033907159174604
31185,0.09275704884916748,3740.926828020414,5922.196764984602,1279.6401630304265,4642.556601954176,0.08041193785366582
31190,0.09277192091087169,3892.7764544984,5933.310543206696,1285.5626416409573,4647.747901565739,0.0804751117096683
31195,0.0927867929725759,4033.3350959482577,5944.358336630694,1292.2588324093867,4652.099504221307,0.08053562147367545
31200,0.09280166503428011,4163.598053125655,5955.254192698984,1299.4828534429278,4655.771339256056,0.08059156349142071
31205,0.09281653709598432,4284.328804692639,5965.8800165791445,1306.9489356265983,4658.931080952546,0.08063681797402411
31210,0.09283140915768853,4395.882254984783,5976.098372099952,1314.3410242980835,4661.7573478018685,0.08067384706244653
31215,0.09284628121939274,4498.0926198046145,5985.769213236732,1321.3262605520738,4664.442952684658,0.08074390788331548
31220,0.09286115328109695,4590.240944179272,5994.768772589957,1327.5726405557007,4667.196132034256,0.0808036446060141
31225,0.09287602534280118,4671.107406506816,6003.008798511559,1332.7705695120146,4670.238228999544,0.08085301004506426
31230,0.09289089740450539,4739.10259598458,6010.454399215469,1336.6573048765183,4673.79709433895,0.0808919974736168
31235,0.0929057694662096,4792.461133484969,6017.138871288235,1339.0425028573839,4678.096368430852,0.08093169232872888
31240,0.09292064152791381,4829.471892118666,6023.174048505763,1339.832384029328,4683.341664476435,0.08096411834879068
31245,0.09293551358961802,4848.713294831102,6028.754927162714,1339.0496032397123,4689.705323923002,0.08098618867053158
31250,0.09295038565132223,4849.26103870453,6034.157645885009,1336.8459229392233,4697.311722945786,0.08099814734441621
31255,0.09296525771302644,4830.83964349063,6039.730349958687,1333.5053437771573,4706.225006181529,0.08100032889474319
31260,0.09298012977473065,4793.897862429594,6045.877047301437,1329.436400727907,4716.44064657353,0.08099315708311586
31265,0.09299500183643486,4739.599579985179,6053.035217272134,1325.15370135058,4727.881515921554,0.08102560484311759
31270,0.09300987389813907,4669.734092637333,6061.648583705888,1321.2501849641362,4740.398398741752,0.0810650570802775
31275,0.09302474595984328,4586.560430361758,6072.137018740969,1318.36272996595,4753.774288775019,0.08109695840799501
31280,0.0930396180215475,4492.608100623006,6084.865926855932,1317.1344210354246,4767.731505820508,0.08112165524848913
31285,0.09305449008325171,4390.460718556124,6100.1176214620145,1318.1769256899954,4781.940695772019,0.08113943692388743
31290,0.09306936214495592,4282.549577106387,6118.06713420992,1322.036067373869,4796.031066836052,0.08115050611151466
31295,0.09308423420666014,4170.981810610419,6138.764600582274,1329.162961503135,4809.601639079139,0.08115495552482686
31300,0.09309910626836435,4057.4229095895516,6162.125871367035,1339.8921866730097,4822.233684694025,0.08115275377784302
31305,0.09311397833006856,3943.046354704751,6187.932346701181,1354.427575758126,4833.504770943055,0.08115003282458733
31310,0.09312885039177277,3828.5545362554385,6215.84026845046,1372.835471757283,4843.004796693177,0.0811441582334339
31315,0.09314372245347698,3714.2657236684313,6245.398905452861,1395.0447841220757,4850.354121330785,0.08114917779908179
31320,0.09315859451518119,3600.25286746365,6276.076308686702,1420.8529250418,4855.223383644901,0.08117512426614379
31325,0.0931734665768854,3486.512896746107,6307.290690805653,1449.9366711213363,4857.354019684317,0.08119306730576863
31330,0.09318833863858961,3373.141206091129,6338.44507462468,1481.8671173621174,4856.577957262563,0.08120247997277445
31335,0.09320321070029383,3260.4859636507344,6368.9627005590655,1516.1280839678325,4852.8346165912335,0.08120285277803367
31340,0.09321808276199804,3149.260727329217,6398.320776310218,1552.1375201635606,4846.183256146658,0.08120076199242951
31345,0.09323295482370225,3040.6008870799897,6426.080438633717,1589.2715541948273,4836.808884438889,0.08119061354249113
31350,0.09324782688540646,2936.0583423805847,6451.911196239163,1626.890816716144,4825.020379523019,0.08117001194257552
31355,0.09326269894711067,2837.537967467522,6475.6085580492545,1664.3684931191572,4811.240064930097,0.08113873487470392
31360,0.09327757100881488,2747.1872509885366,6497.10397562522,1701.119247934399,4795.984727690821,0.08109665456606471
31365,0.0932924430705191,2667.255824810367,6516.46663576472,1736.6277589423166,4779.838876822403,0.08104373509453935
31370,0.0933073151322233,2599.9438159225656,6533.897052679355,1770.4751885747175,4763.421864104637,0.08098002404003266
31375,0.09332218719392751,2547.257124364507,6549.712858970898,1802.3616241003192,4747.351234870579,0.08090777255505491
31380,0.09333705925563172,2510.8844651653317,6564.327690623884,1832.1224571884402,4732.205233435444,0.08087087158256748
31385,0.09335193131733593,2492.1062610825184,6578.224574662647,1859.7369333750491,4718.487641287597,0.08083313543323722
31390,0.09336680337904016,2491.740259108563,6591.925689587652,1885.3276985463342,4706.597991041318,0.08078654668619052
31395,0.09338167544074437,2510.1239513549326,6605.960685815711,1909.1510343642428,4696.809651451468,0.08073124010349524
31400,0.09339654750244858,2547.1301156776626,6620.835841441869,1931.5784688031074,4689.257372638762,0.08066735806166761
31405,0.09341141956415279,2602.209319128633,6637.006144765856,1953.0713996625807,4683.934745103275,0.08059504514124216
31410,0.093426291625857,2674.4519966298667,6654.851960879329,1974.151116848718,4680.700844030612,0.08052155692114865
31415,0.09344116368756121,2762.6624615125593,6674.661343111285,1995.3670372837491,4679.294305827536,0.08044007398286504
31420,0.09345603574926542,2865.4375998377036,6696.61842309074,2017.2660186957196,4679.35240439502,0.08035058253328307
31425,0.09347090781096963,2981.243814503883,6720.797791403248,2040.3652979088931,4680.432493494355,0.08025317350838543
31430,0.09348577987267384,3108.4869312313913,6747.164460887207,2065.13095758391,4682.033503303297,0.08014792172644038
31435,0.09350065193437805,3245.5712462767633,6775.578912703875,2091.9629546814876,4683.6159580223875,0.08003488479425527
31440,0.09351552399608226,3390.9456036493666,6805.806809930031,2121.1867693118284,4684.620040618202,0.07991410277137938
31445,0.09353039605778649,3543.136084474053,6837.533114429571,2153.05080219227,4684.4823122373,0.0797855987204324
31450,0.0935452681194907,3700.7661897785447,6870.380429976012,2187.7279151884472,4682.652514787565,0.07965875614709246
31455,0.0935601401811949,3862.565971621344,6903.931311780963,2225.319101667366,4678.612210113597,0.07956663026368056
31460,0.09357501224289912,4027.371355177984,6937.75398238507,2265.8572667985877,4671.896715586483,0.0794676657690542
31465,0.09358988430460333,4194.114193993819,6971.430403312824,2309.309492060219,4662.120911252605,0.07936169692734406
31470,0.09360475636630754,4361.802961443823,7004.585066214365,2355.5768734114713,4649.008192802894,0.07924856533806181
31475,0.09361962842801175,4529.493948513416,7036.912325988414,2404.4919179213225,4632.420408067092,0.07912812443443487
31480,0.09363450048971596,4696.253688548047,7068.199751140364,2455.8143880705525,4612.385363069812,0.07900024156392042
31485,0.09364937255142017,4861.114939738346,7098.344936514279,2509.227229376507,4589.1177071377715,0.07886479747591545
31490,0.09366424461312438,5023.030458054838,7127.363576171761,2564.3346684416083,4563.028907730153,0.07872168348789492
31495,0.09367911667482859,5180.830376585258,7155.387319740721,2620.6646350635847,4534.722684677136,0.07857231422380558
31500,0.09369398873653281,5333.189763912317,7182.650948407114,2677.6773101019653,4504.973638305149,0.07841558346535024
31505,0.09370886079823702,5478.612632883056,7209.469564286385,2734.780859956923,4474.688704329463,0.0782507868179975
31510,0.09372373285994123,5615.43739105102,7236.207621743754,2791.3543844739243,4444.85323726983,0.07807785197160928
31515,0.09373860492164544,5741.866748137351,7263.242584502107,2846.7769346142054,4416.465649887901,0.07789670144970734
31520,0.09375347698334965,5856.022736397846,7290.926649278699,2900.4603483387723,4390.466300939926,0.07770725089731244
31525,0.09376834904505386,5956.02496697988,7319.550267690349,2951.88281592408,4367.667451766269,0.07750941006202676
31530,0.09378322110675807,6040.087639495685,7349.3111059530875,3000.6196940306654,4348.691411922422,0.0773030864952422
31535,0.09379809316846228,6106.628240392672,7380.291629921788,3046.368241916161,4333.923388005627,0.07708819177036606
31540,0.0938129652301665,6154.378531933639,7412.447743531581,3088.9636512747334,4323.484092256847,0.07688826180444805
31545,0.0938278372918707,6182.486736516536,7445.609912289037,3128.3848701744487,4317.225042114589,0.07670317820160537
31550,0.09384270935357492,6190.599219195596,7479.497050992012,3164.750073465093,4314.746977526919,0.07651016769924525
31555,0.09385758141527914,6178.91081839837,7513.742232243042,3198.3029449827227,4315.439287260319,0.07630914678912491
31560,0.09387245347698335,6148.175374626435,7547.928069691348,3229.3919565276915,4318.536113163656,0.07630709247649041
31565,0.09388732553868756,6099.671767474516,7581.628544575964,3258.4453753606495,4323.183169215315,0.07632759437328666
31570,0.09390219760039177,6035.125461282127,7614.453185354387,3285.9447517141693,4328.508433640218,0.07632649121171498
31575,0.09391706966209598,5956.590599522693,7646.088998043889,3312.3992136871548,4333.689784356734,0.0763049248734543
31580,0.09393194172380019,5866.302435306439,7676.335496159319,3338.3222128938532,4338.013283265465,0.0762640832945246
31585,0.0939468137855044,5766.513704649546,7705.128678134132,3364.2116339683703,4340.9170441657625,0.07620515215445003
31590,0.09396168584720861,5659.330896212594,7732.550862165211,3390.5335722699833,4342.017289895228,0.07617338856487642
31595,0.09397655790891282,5546.566890291384,7758.824831337229,3417.7096726450686,4341.115158692161,0.07615380269375024
31600,0.09399142997061703,5429.625044868445,7784.292581064675,3446.107691771505,4338.18488929317,0.0761179677328257
31605,0.09400630203232124,5309.426699197524,7809.380835939069,3476.034828579073,4333.346007359996,0.07617491352048567
31610,0.09402117409402547,5186.389677757116,7834.557129958405,3507.7332932558666,4326.823836702539,0.07621355855814488
31615,0.09403604615572968,5060.460265761563,7860.281376497084,3541.377526642521,4318.903849854563,0.076233885191847
31620,0.09405091821743389,4931.195860945505,7886.958334674781,3577.0724581177383,4309.885876557043,0.07623600473424191
31625,0.0940657902791381,4797.8905867686035,7914.896164084021,3614.852249351779,4300.043914732241,0.07621997151818899
31630,0.09408066234084231,4659.73197121552,7944.275419125358,3654.679155658383,4289.596263466975,0.07621392016251376
31635,0.09409553440254652,4515.973633111478,7975.131522133255,3696.442451987751,4278.689070145504,0.07624514475434815
31640,0.09411040646425073,4366.106973102144,8007.352173362328,3739.9577732649523,4267.394400097376,0.07625656385198216
31645,0.09412527852595494,4210.014304244014,8040.689516928397,3784.967622418403,4255.721894509994,0.07624837389771452
31650,0.09414015058765915,4048.0868440402946,8074.785373441177,3831.1440967201142,4243.641276721063,0.07622094042691903
31655,0.09415502264936336,3881.2936771605564,8109.2066174886195,3878.0949740866404,4231.111643401979,0.07617482206270514
31660,0.09416989471106757,3711.1922407544507,8143.486913611872,3925.374120042634,4218.112793569238,0.07611078980584444
31665,0.0941847667727718,3539.8769099729443,8177.170568236517,3972.4967108344704,4204.673857402047,0.07611804470115997
31670,0.094199638834476,3369.8693537174513,8209.854204456651,4018.959068466255,4190.895135990397,0.0761228535318617
31675,0.09421451089618021,3203.961600808515,8241.222289446674,4064.2620771035986,4176.960212343076,0.07619009645840459
31680,0.09422938295788442,3045.029055154388,8271.073192624472,4107.936347430487,4163.136845193984,0.07623494426002256
31685,0.09424425501958864,2895.834862898591,8299.333371336677,4149.566682361718,4149.766688974959,0.0762579778766855
31690,0.09425912708129285,2758.848198363509,8326.058407900533,4188.813125449617,4137.245282450916,0.07625989476217179
31695,0.09427399914299706,2636.096876721016,8351.420883065619,4225.426047272594,4125.994835793025,0.07624148220717553
31700,0.09428887120470127,2529.069539225123,8375.68637248223,4259.25337618334,4116.43299629889,0.07620359741613172
31705,0.09430374326640548,2438.6753712109767,8399.180079322234,4290.239145591653,4108.940933730581,0.07615168021134526
31710,0.09431861532810969,2365.2611391831256,8422.247638344244,4318.4138488911485,4103.833789453096,0.07616985406218384
31715,0.0943334873898139,2308.6776172989207,8445.214317159847,4343.878419666591,4101.335897493256,0.07616338313994751
31720,0.09434835945151812,2268.381443109901,8468.347094446852,4366.784703813157,4101.562390633695,0.07617516593151975
31725,0.09436323151322233,2243.555008620485,8491.823849435488,4387.31580714052,4104.508042294969,0.07623290948449028
31730,0.09437810357492654,2233.2265878939625,8515.713144789112,4405.66954242774,4110.043602361371,0.07626424654310557
31735,0.09439297563663075,2236.3753797459076,8539.966881931123,4422.047387206582,4117.9194947245405,0.0762694950056509
31740,0.09440784769833496,2252.010792697292,8564.42657533044,4436.650094770406,4127.7764805600345,0.0762492764697117
31745,0.09442271976003917,2279.2210069134085,8588.842313067244,4449.67968986835,4139.162623198894,0.07624364077927592
31750,0.09443759182174338,2317.1913824862063,8612.90187527,4461.346356711119,4151.55551855888,0.07627939054229445
31755,0.0944524638834476,2365.1976083037553,8636.266217412774,4471.877933013989,4164.388284398786,0.07628478510050997
31760,0.0944673359451518,2422.580996383895,8658.606811338313,4481.5294537592135,4177.0773575791,0.07626050787887097
31765,0.09448220800685601,2488.7139383464314,8679.640310038149,4490.590387519205,4189.049922518943,0.07620755565147046
31770,0.09449708006856022,2562.9626146828277,8699.156671955818,4499.387725587712,4199.768946368105,0.07612925768270473
31775,0.09451195213026445,2644.6522042221127,8717.03811199362,4508.283746162324,4208.754365831295,0.07613462889040379
31780,0.09452682419196866,2733.0377413746764,8733.267784073767,4517.667948098589,4215.599835975178,0.07610735688015118
31785,0.09454169625367287,2827.281937097818,8747.928628879003,4527.943265629105,4219.985363249898,0.0760482368914443
31790,0.09455656831537708,2926.440017191144,8761.194044838081,4539.507232987436,4221.686811850645,0.07595825480386233
31795,0.09457144037708129,3029.451013948637,8773.312758278626,4552.72928992129,4220.583468357336,0.0758796172641318
31800,0.0945863124387855,3135.1348788716386,8784.590415269358,4567.925914112136,4216.664501157223,0.07585076993183
31805,0.09460118450048971,3242.195065272597,8795.370069754208,4585.335694831974,4210.034374922234,0.0757866744776074
31810,0.09461605656219392,3349.2266195016473,8806.013083791726,4605.096730595067,4200.916353196659,0.07568812780173755
31815,0.09463092862389813,3454.730093615452,8816.881216520882,4627.228725423742,4189.65249109714,0.07555610035619817
31820,0.09464580068560234,3557.1316010683227,8828.32006938727,4651.621788262031,4176.698281125238,0.07546537776185745
31825,0.09466067274730655,3654.8090510519482,8840.643712709709,4678.03321044057,4162.610502269139,0.07539840984786339
31830,0.09467554480901078,3746.1241142297954,8854.120277989694,4706.092524104378,4148.027753885316,0.07529402788944416
31835,0.09469041687071499,3829.4589663619295,8868.95850145452,4735.314141322663,4133.644360131856,0.07516007183585015
31840,0.0947052889324192,3903.256486920229,8885.295526273545,4765.11607899229,4120.179447281255,0.07501722883261427
31845,0.0947201609941234,3966.062422128175,8903.186581154861,4794.842874388019,4108.343706766843,0.07484807308158066
31850,0.09473503305582762,4016.568002374505,8922.597351063667,4823.790856671938,4098.806494391729,0.07470641240362365
31855,0.09474990511753183,4053.651502749856,8943.39989654118,4851.234387541326,4092.165508999853,0.07457497414692596
31860,0.09476477717923604,4076.417128006744,8965.37286911259,4876.452333679564,4088.920535433027,0.07440940741335202
31865,0.09477964924094025,4084.2293369328804,8988.206550426268,4898.754648668785,4089.451901757483,0.07421604162492598
31870,0.09479452130264446,4076.7403418434087,9011.512956685421,4917.509307128881,4094.00364955654,0.07402629310834233
31875,0.09480939336434867,4053.9081526065356,9034.84093107751,4932.16981487302,4102.671116204489,0.07396052072881798
31880,0.09482426542605288,4016.002351329459,9057.69581351714,4942.303098313631,4115.392715203509,0.07394559255201401
31885,0.0948391374877571,3963.594960465159,9079.562938117506,4947.616857935537,4131.946080181969,0.0739276232124443
31890,0.09485400954946131,3897.53445291517,9099.933872516978,4947.984651684966,4151.9492208320125,0.07390705210900915
31895,0.09486888161116552,3818.9022313549185,9118.333993973556,4943.466292238865,4174.867701734691,0.07388432294499467
31900,0.09488375367286973,3728.95274460405,9134.349720329725,4934.320810081511,4200.028910248214,0.07385989578961055
31905,0.09489862573457394,3629.040623285175,9147.653517880186,4921.009383450225,4226.644134429961,0.07383425542708102
31910,0.09491349779627815,3520.5404479995154,9158.02474206319,4904.186284857387,4253.838457205802,0.07380791382247782
31915,0.09492836985798236,3404.766537851491,9165.36448163439,4884.676950037571,4280.687531596818,0.07378140552015479
31920,0.09494324191968657,3282.9009962618993,9169.702909081201,4863.443567824375,4306.259341256826,0.07375527591773084
31925,0.09495811398139078,3155.937869419032,9171.198193384338,4841.539914973325,4329.658278411013,0.07373006351313088
31930,0.094972986043095,3024.6496449631045,9170.126764997478,4820.05832577959,4350.068439217888,0.07370627827831375
31935,0.0949878581047992,2889.57974122041,9166.865552947706,4800.072541077129,4366.793011870576,0.07368437912552694
31940,0.09500273016650343,2751.061611739869,9161.867627876745,4782.58062712839,4379.287000748355,0.07366475384668854
31945,0.09501760222820764,2609.2621327617735,9155.633365386791,4768.452148671047,4387.181216715744,0.07364770479537626
31950,0.09503247428991185,2464.2444211325646,9148.67969187134,4758.383330237335,4390.296361634006,0.07363344288574394
31955,0.09504734635161606,2316.043314058607,9141.51012411233,4752.863104977914,4388.647019134416,0.0736220912567514
31960,0.09506221841332027,2164.7454655886195,9134.58813859837,4752.151841646367,4382.436296952003,0.07361369837715372
31965,0.09507709047502448,2010.5654018374548,9128.315922978643,4756.273315655423,4372.04260732322,0.073608258741593
31970,0.09509196253672869,1853.9090139322088,9123.01982800045,4765.019332971402,4358.000495029048,0.07360573797574434
31975,0.0951068345984329,1695.4169753389028,9118.94295090217,4777.965498322902,4340.977452579268,0.07360609843041152
31980,0.09512170666013711,1535.9825061751703,9116.24436983116,4794.496058318564,4321.748311512596,0.07360932136553427
31985,0.09513657872184132,1376.7406631269596,9115.003757731165,4813.835573063263,4301.168184667902,0.07361542257584895
31990,0.09515145078354553,1219.0296060753521,9115.229564915606,4835.08531196335,4280.144252952256,0.07362445957465698
31995,0.09516632284524976,1064.3276380647912,9116.868759675113,4857.262601922064,4259.606157753049,0.07363652990301604
32000,0.09518119490695397,914.1727619919743,9119.816274810186,4879.341734116341,4240.474540693845,0.07365176143894571
32005,0.09519606696865818,770.0736509954386,9123.922769419865,4900.295340873214,4223.627428546652,0.0736702965137229
32010,0.09521093903036239,633.4220262699782,9128.999964953236,4919.13531868169,4209.864646271547,0.07369227211778444
32015,0.0952258110920666,505.4163416631518,9134.823510661397,4934.952379043693,4199.871131617704,0.0737177985520978
32020,0.09524068315377081,387.00535626135843,9141.133943775658,4946.953176753356,4194.180767022302,0.07374693868598159
32025,0.09525555521547502,278.8576964799604,9147.63674025399,4954.493744264846,4193.142995989145,0.0737796896599625
32030,0.09527042727717923,181.3600575019491,9154.002661798078,4957.107723208559,4196.894938589519,0.07381596851753688
32035,0.09528529933888344,94.64264810111672,9159.86960316231,4954.527720631484,4205.341882530825,0.07385560289305992
32040,0.09530017140058765,18.62644448750325,9164.846974003747,4946.698126110344,4218.148847893403,0.07389832750495334
32045,0.09531504346229186,-46.91643521631795,9168.523367476362,4933.777986821006,4234.745380655356,0.0739437867671059
32050,0.09532991552399608,-102.2996131903501,9170.47792183245,4916.133081999096,4254.344839833353,0.0739915433158992
32055,0.0953447875857003,-147.8665715956795,9170.295400669114,4894.31712291667,4275.978277752444,0.07404109167305575
32060,0.0953596596474045,-183.949504023788,9167.584613772313,4869.042911957832,4298.541701814481,0.07409187568564161
32065,0.09537453170910871,-210.84643242168295,9161.999378813181,4841.1451638043345,4320.854215008847,0.07414330789608736
32070,0.09538940377081292,-228.81577984803334,9153.260799039494,4811.5373718600285,4341.723427179465,0.07419478869957402
32075,0.09540427583251714,-238.08406926666976,9141.179239442741,4781.165502296414,4360.013737146327,0.07424572313022453
32080,0.09541914789422135,-238.8606126079094,9125.674082308138,4750.961406639833,4374.712675668306,0.0742955334292832
32085,0.09543401995592556,-231.3532440270319,9106.789204181328,4721.7987177498435,4384.990486431485,0.07434366617856103
32090,0.09544889201762977,-215.780969512276,9084.702205828717,4694.453713161871,4390.248492666846,0.0743895936591756
32095,0.09546376407933398,-192.3820400316481,9059.725783800302,4669.57325381686,4390.152529983442,0.07443281008879804
32100,0.09547863614103819,-161.41847788530958,9032.300251864244,4647.651452278437,4384.648799585807,0.07447282433211933
32105,0.09549350820274241,-123.17974821999996,9002.977046027589,4629.016174627152,4373.960871400436,0.07450915139225134
32110,0.09550838026444662,-77.98868423849035,8972.39397373086,4613.825811730723,4358.568162000136,0.07454130532829412
32115,0.09552325232615083,-26.21196078099547,8941.243860730676,4602.075976748197,4339.167883982479,0.07456879612370867
32120,0.09553812438785504,31.724282333501833,8910.238968540296,4593.614957769599,4316.624010770697,0.07459113245558531
32125,0.09555299644955925,95.31507996176515,8880.073986643576,4588.165987650085,4291.907998993491,0.0746078313779762
32130,0.09556786851126346,163.9566768271252,8851.3904824998,4585.353817676928,4266.036664822873,0.07461843478983467
32135,0.09558274057296767,236.9300026092942,8824.745417009464,4584.732806420501,4240.012610588963,0.07462253139562015
32140,0.09559761263467188,313.3914604300908,8800.585762837443,4585.813811878316,4214.771950959127,0.07461978186321554
32145,0.0956124846963761,392.37369723693246,8779.230503065897,4588.087586793527,4191.14291627237,0.07460994418704389
32150,0.0956273567580803,472.7971517721244,8760.860466419019,4591.043050140633,4169.817416278386,0.07459289597923148
32155,0.09564222881978451,553.4912039850396,8745.515699244788,4594.179639579741,4151.336059665047,0.0745686505955178
32160,0.09565710088148874,633.2222537246707,8733.099485995783,4597.013833549025,4136.085652446758,0.07453736465612992
32165,0.09567197294319295,710.725409899499,8723.38777116973,4599.080769530775,4124.307001638955,0.07449933557556877
32170,0.09568684500489716,784.7367245533969,8716.042620355336,4599.932587068168,4116.110033287168,0.07445498901966946
32175,0.09570171706660137,854.0238073609316,8710.628453444919,4599.135605177281,4111.492848267638,0.07440485754266014
32180,0.09571658912830558,917.4137976281854,8706.630021306479,4596.2686272745395,4110.361394031939,0.07434955276684507
32185,0.09573146119000979,973.8186716818846,8703.471393986993,4590.924499561792,4112.546894425201,0.07428973413070691
32190,0.095746333251714,1022.2584826975008,8700.535504115265,4582.7165233683645,4117.818980746901,0.07422607732850216
32195,0.09576120531341821,1061.8832762309567,8697.183986660226,4571.290493148801,4125.893493511425,0.07415924512832288
32200,0.09577607737512242,1091.994107303823,8692.77715136708,4556.3421181539925,4136.435033213087,0.07408986246558874
32205,0.09579094943682663,1112.062877191478,8686.693925455182,4537.638549775212,4149.05537567997,0.07401849682960508
32210,0.09580582149853084,1121.7497595318928,8678.351542771965,4515.041849450703,4163.309693321262,0.07397879694661147
32215,0.09582069356023507,1120.9160384636498,8667.224670074102,4488.53163566553,4178.693034408571,0.07393591461174354
32220,0.09583556562193928,1109.6295383269003,8652.863581697631,4458.223927739425,4194.6396539582065,0.07390696347257045
32225,0.09585043768364349,1088.1597508611117,8634.91093293427,4424.3833763659595,4210.5275565683105,0.07399843702592418
32230,0.0958653097453477,1056.9603888264528,8613.116634553018,4387.426595230772,4225.690039322246,0.07407480193931107
32235,0.0958801818070519,1016.6383613858902,8587.350282273985,4347.915103854675,4239.4351784193095,0.07413628591115529
32240,0.09589505386875612,967.9098870133903,8557.61053684858,4306.537361500318,4251.073175348262,0.07418320623893321
32245,0.09590992593046033,911.5463873272784,8524.030789638735,4264.080417901631,4259.9503717371035,0.07421594849740258
32250,0.09592479799216454,848.314689029919,8486.880410495707,4221.392737992256,4265.487672503451,0.07423494154088318
32255,0.09593967005386875,778.9176435436316,8446.560896122972,4179.340688135294,4267.220207987678,0.07424063094092789
32260,0.09595454211557296,703.9422748533307,8403.59635371109,4138.761911305407,4264.834442405682,0.07423345293732439
32265,0.09596941417727717,623.8227012788848,8358.617987797237,4100.419274244809,4258.198713552429,0.0742138106424872
32270,0.09598428623898139,538.8241360566385,8312.342606620352,4064.9591514207023,4247.38345519965,0.07418205370583233
32275,0.0959991583006856,449.05221067059574,8265.545601435946,4032.8774562417643,4232.668145194182,0.07413846204555175
32280,0.09601403036238981,354.4888582605972,8219.02933260798,4004.496033497404,4214.533299110577,0.07409846158665517
32285,0.09602890242409402,255.05241185342356,8173.588322788057,3979.950865178144,4193.637457609913,0.07416694650953691
32290,0.09604377448579823,150.67590823520823,8129.973051353378,3959.1921828914283,4170.7808684619495,0.07422239775390221
32295,0.09605864654750244,41.394386853007745,8088.854412206476,3941.995262581043,4146.859149625433,0.07426479317340015
32300,0.09607351860920665,-72.57022989760571,8050.790997051914,3927.979655866982,4122.811341184932,0.07429408956472995
32305,0.09608839067091086,-190.73883091593825,8016.2012732076555,3916.6340830864183,4099.567190121237,0.0743102150855646
32310,0.09610326273261507,-312.3305299404665,7985.342436323245,3907.3442468734515,4077.9981894497937,0.07431306129683116
32315,0.09611813479431928,-436.252168495826,7958.297258710008,3899.421341016134,4058.8759176938734,0.07430247513343453
32320,0.0961330068560235,-561.1260761294866,7934.969675091672,3892.1298250272234,4042.8398500644485,0.07427825135124512
32325,0.09614787891772772,-685.3552564308393,7915.089220703803,3884.7138603138237,4030.3753603899795,0.07425153734949007
32330,0.09616275097943193,-807.2201352444181,7898.223839270451,3876.4224432484157,4021.8013960220355,0.0742410764843862
32335,0.09617762304113614,-924.9966499786706,7883.800078145707,3866.533596765447,4017.26648138026,0.07421072713111126
32340,0.09619249510284035,-1037.0823096450854,7871.129330536048,3854.3779681648093,4016.7513623712384,0.07416045143088898
32345,0.09620736716454456,-1142.115270153517,7859.438587558221,3839.3618787903306,4020.0767087678905,0.07409019201409327
32350,0.09622223922624877,-1239.071683644128,7847.904114675447,3820.9893827354094,4026.9147319400377,0.07406539466395005
32355,0.09623711128795298,-1327.3287241659177,7835.686533603224,3798.882344860135,4036.804188743089,0.07429252917008257
32360,0.09625198334965719,-1406.6847110239428,7821.965923014711,3772.7970825232483,4049.1688404914626,0.07452370173029316
32365,0.0962668554113614,-1477.3332712084552,7805.975698238802,3742.6358641276447,4063.339834111157,0.07475811781353142
32370,0.09628172747306561,-1539.7947292806407,7787.034151702751,3708.451623222738,4078.582528480013,0.07499494335698213
32375,0.09629659953476982,-1594.813795270239,7764.572615732578,3670.444670342872,4094.127945389706,0.07523330901094581
32380,0.09631147159647405,-1643.2369933937134,7738.1592602621195,3628.9509231040897,4109.20833715803,0.07547231168457523
32385,0.09632634365817826,-1685.8852983818579,7707.517596831901,3584.422102215203,4123.0954946166985,0.0757110131218611
32390,0.09634121571988247,-1723.4368846065436,7672.538872480211,3537.3992763406304,4135.13959613958,0.07594843582429897
32395,0.09635608778158668,-1756.3321894425458,7633.287735799006,3488.481898051484,4144.805837747523,0.0761835570059419
32400,0.09637095984329089,-1784.709579741505,7590.000845678947,3438.294921844375,4151.705923834572,0.07641530142024731
32405,0.0963858319049951,-1808.3758313540839,7543.078438610213,3387.456682937918,4155.621755672295,0.07664253391451803
32410,0.09640070396669931,-1826.8121494176821,7493.0692151001995,3336.549976693769,4156.51923840643,0.07686405253661072
32415,0.09641557602840352,-1839.213843549613,7440.649189548744,3286.09830317473,4154.550886374014,0.07707858298591583
32420,0.09643044809010773,-1844.5598556545597,7386.595334288414,3236.5486328331813,4150.046701455232,0.07728477515119642
32425,0.09644532015181194,-1841.706750543426,7331.754942387967,3188.261390537377,4143.49355185059,0.07748120236083969
32430,0.09646019221351615,-1829.5002365458672,7277.011682512463,3141.507696629424,4135.503985883039,0.07766636374720287
32435,0.09647506427522037,-1806.895752030232,7223.249392987817,3096.473273141634,4126.776119846183,0.07783868980646907
32440,0.09648993633692458,-1773.0783437172781,7171.314822092684,3053.267844638491,4118.0469774541925,0.0779965508870185
32445,0.0965048083986288,-1727.5712944192937,7121.980785107072,3011.9383728862326,4110.042412220839,0.07813826806358314
32450,0.096519680460333,-1670.3230185823209,7075.911530152043,2972.4841152708364,4103.427414881207,0.07826212574407242
32455,0.09653455252203721,-1601.762807025516,7033.632380614338,2934.871347518996,4098.761033095342,0.07836638545786599
32460,0.09654942458374142,-1522.8181235088678,6995.505820764086,2899.0456879309036,4096.460132833183,0.07844930056900606
32465,0.09656429664544564,-1434.889293285114,6961.716000882712,2864.9403172457774,4096.775683636935,0.07850913206034327
32470,0.09657916870714985,-1339.781428045981,6932.263109501508,2832.478977471837,4099.78413202967,0.07854416591508115
32475,0.09659404076885406,-1239.5979920094492,6906.96823120825,2801.573387350702,4105.394843857548,0.07855273284016287
32480,0.09660891283055827,-1136.6050180233856,6885.488299388979,2772.115539201346,4113.372760187633,0.07853323102568642
32485,0.09662378489226248,-1033.078950691191,6867.3397366515155,2743.966141101151,4123.373595550364,0.07848415228530942
32490,0.0966386569539667,-931.153723261652,6851.928531079382,2716.9411437624794,4134.987387316903,0.07841061992867782
32495,0.09665352901567091,-832.6834406686203,6838.583966762868,2690.798757922691,4147.785208840177,0.07835496985206401
32500,0.09666840107737512,-739.1357468314677,6826.59308830255,2665.2295546299742,4161.3635336725765,0.07827297495761389
32505,0.09668327313907933,-651.5277549546627,6815.233229742843,2639.852097249682,4175.381132493161,0.07816367333814805
32510,0.09669814520078354,-570.4117197377791,6803.80050834075,2614.2160622094207,4189.584446131329,0.07802615110016803
32515,0.09671301726248775,-495.91195788267396,6791.632955966874,2587.81399328002,4203.818962686853,0.07785956157891309
32520,0.09672788932419196,-427.80847186911296,6778.127801033826,2560.1017841092653,4218.02601692456,0.07766315290883911
32525,0.09674276138589617,-365.6569835878613,6762.753195359182,2530.5268304631963,4232.226364895986,0.07743630472933662
32530,0.09675763344760038,-308.9304160621059,6745.055303870519,2498.561707622163,4246.493596248356,0.07717857375340546
32535,0.0967725055093046,-257.16404159447484,6724.662076504542,2463.740386061667,4260.921690442875,0.07688974635424502
32540,0.0967873775710088,-210.08608942211185,6701.285172346512,2425.6935455587836,4275.591626787728,0.0765698945043574
32545,0.09680224963271303,-167.71769358665597,6674.72140854777,2384.179562770128,4290.541845777641,0.07621942979424201
32550,0.09681712169441724,-130.43029312298268,6644.854789540427,2339.108217702792,4305.746571837635,0.07583914934871205
32555,0.09683199375612145,-98.95424015409571,6611.659686876813,2290.5549863575898,4321.104700519223,0.07543026756842501
32560,0.09684686581782566,-74.33855644350297,6575.205156828585,2238.7647927857947,4336.44036404279,0.07499442878401621
32565,0.09686173787952987,-57.86768096416017,6535.6597857437355,2184.145103959277,4351.514681784458,0.07453369786483012
32570,0.09687660994123408,-50.94597341122335,6493.295932021624,2127.249126463582,4366.046805558042,0.0740505281470365
32575,0.09689148200293829,-54.96412426926463,6448.491873446816,2068.7505403166565,4379.74133313016,0.0736420294834039
32580,0.0969063540646425,-71.1630780089472,6401.730237472079,2009.4116875202517,4392.318549951828,0.07379835964113969
32585,0.09692122612634671,-100.51044932672539,6353.5912280236425,1950.0474598108754,4403.543768212767,0.07392213152877054
32590,0.09693609818805092,-143.60187663758688,6304.739563674198,1891.4873267840655,4413.252236890132,0.07400972253243307
32595,0.09695097024975513,-200.59583191822685,6255.904661125416,1834.537994157432,4421.366666967984,0.07405754812775736
32600,0.09696584231145935,-271.18585939752484,6207.854345949959,1779.949027167486,4427.905318782473,0.07406210694702242
32605,0.09698071437316357,-354.60986898503415,6161.363134561113,1728.383361230727,4432.979773330386,0.07406629607511267
32610,0.09699558643486778,-449.6926201598176,6117.176792537065,1680.3939485173448,4436.78284401972,0.07409762729717859
32615,0.09701045849657199,-554.915235007506,6075.975347564582,1636.406941249839,4439.568406314743,0.0741534632752126
32620,0.0970253305582762,-668.5044521183618,6038.336979643924,1596.7109648360217,4441.626014807902,0.07434115488139774
32625,0.0970402026199804,-788.5340741490722,6004.705232816761,1561.4514029248353,4443.253829891926,0.07449559505789535
32630,0.09705507468168462,-913.0312529635758,5975.361827510134,1530.6283825224998,4444.733444987634,0.07460541350898353
32635,0.09706994674338883,-1040.0805475556585,5950.4070417482735,1504.0973761806674,4446.309665567606,0.0746658940478725
32640,0.09708481880509304,-1167.9189404690492,5929.749201457019,1481.571940336988,4448.17726112003,0.07471792637876283
32645,0.09709969086679725,-1295.0153192605394,5913.104288472303,1462.6288613341671,4450.475427138135,0.07475867249026584
32650,0.09711456292850146,-1420.1286060048756,5900.006050901175,1446.716608587383,4453.289442313791,0.07473967479087419
32655,0.09712943499020568,-1542.3400368803004,5889.826310405875,1433.168275319064,4456.658035086812,0.07478878233885672
32660,0.09714430705190989,-1661.0571552357183,5881.804455930542,1421.220030476396,4460.584425454146,0.0748000915636057
32665,0.0971591791136141,-1775.9896997680976,5875.084465314828,1410.035569855573,4465.048895459255,0.07481785667194783
32670,0.09717405117531831,-1887.100325743561,5868.757281583987,1398.736303565405,4470.020978018581,0.0748836019175581
32675,0.09718892323702252,-1994.5355211027932,5861.906049243049,1386.436240133619,4475.46980910943,0.07488841094762944
32680,0.09720379529872673,-2098.5438412743924,5853.651614438457,1372.2798716591615,4481.371742779295,0.07492149642463435
32685,0.09721866736043094,-2199.389582095744,5843.195799062206,1355.480905080662,4487.714893981543,0.07491013577990037
32690,0.09723353942213515,-2297.2702917616093,5829.860227122798,1335.3594407423664,4494.500786380432,0.07482940009164206
32695,0.09724841148383936,-2392.246145957622,5813.118847630455,1311.3751681550339,4501.743679475421,0.07481797723915233
32700,0.09726328354554357,-2484.1881322866893,5792.622698365569,1283.1543322124219,4509.468366153147,0.07478375189440994
32705,0.09727815560724778,-2572.750102296725,5768.215844738843,1250.5086281760325,4517.707216562811,0.07467772789220396
32710,0.09729302766895201,-2657.367038557831,5739.941794391384,1213.4447990523247,4526.496995339059,0.07463321616662492
32715,0.09730789973065622,-2737.27859683169,5708.0400495259655,1172.1644781095245,4535.875571416441,0.07459392025811806
32720,0.09732277179236043,-2811.5736746061953,5672.932853146884,1127.0546334389471,4545.878219707936,0.07459511523592861
32725,0.09733764385406464,-2879.2491572461777,5635.202647659582,1078.669692573986,4556.532955085596,0.07452896068744844
32730,0.09735251591576885,-2939.2747478829333,5595.561304112666,1027.7069306912392,4567.854373421427,0.07441012860785717
32735,0.09736738797747306,-2990.6561958559323,5554.81276584071,974.9769329180725,4579.835832922638,0.0744196369765335
32740,0.09738226003917727,-3032.4911108165934,5513.811308173025,921.3709073867823,4592.440400786243,0.07435952789166853
32745,0.09739713210088148,-3064.0142532734108,5473.418047240653,867.8264161648459,4605.5916310758075,0.07422362541716411
32750,0.09741200416258569,-3084.6318711411104,5434.4585381716715,815.2928198595196,4619.1657183121515,0.07411656784916953
32755,0.0974268762242899,-3093.946528154205,5397.684218781441,764.6974961357547,4632.986722645686,0.07415360613600544
32760,0.09744174828599411,-3091.774512245922,5363.740064838851,716.9137436952655,4646.826321143586,0.0741204541861522
32765,0.09745662034769834,-3078.1573601780265,5333.140173850468,672.7312208342673,4660.408953016201,0.07401027630626528
32770,0.09747149240940255,-3053.367737486657,5306.252186599561,632.8297557477202,4673.422430851841,0.07402427425846379
32775,0.09748636447110676,-3017.90851537068,5283.2906203569455,597.7573572833514,4685.533263073594,0.07401090592978576
32780,0.09750123653281097,-2972.502971790037,5264.318454930843,567.9132102287832,4696.4052447020595,0.07391514071308282
32785,0.09751610859451518,-2918.0739493393767,5249.2557804615035,543.5363315096245,4705.719448951879,0.07375582608990712
32790,0.09753098065621939,-2855.710569180251,5237.8940282790345,524.7003754029137,4713.193652876121,0.07381984268398112
32795,0.0975458527179236,-2786.6225536285015,5229.914248625791,511.3147963615588,4718.599452264232,0.07380263174715984
32800,0.09756072477962781,-2712.084075336072,5224.908009581952,503.13220932512246,4721.775800256829,0.07369610079886559
32805,0.09757559684133202,-2633.371028834765,5222.399685520515,499.76135701627754,4722.6383285042375,0.0736905303861944
32810,0.09759046890303623,-2551.697389588131,5221.869101615445,500.6846647551818,4721.184436860263,0.07369005932944397
32815,0.09760534096474044,-2468.1575265352176,5222.773653538166,505.27902857666953,4717.494624961497,0.07359813299451207
32820,0.09762021302644466,-2383.681604890996,5224.569119168213,512.8383388208953,4711.730780347318,0.07346280201952034
32825,0.09763508508814887,-2299.010312292192,5226.728449270879,522.5963520625123,4704.132097208367,0.07353592217683291
32830,0.09764995714985308,-2214.6930681053736,5228.757912708959,533.7488863193004,4695.009026389659,0.0735294277932117
32835,0.0976648292115573,-2131.110931023241,5230.210120273204,545.4748491930411,4684.735271080162,0.07342608587607262
32840,0.0976797012732615,-2048.5221018030884,5230.693675350404,556.9561811204561,4673.737494229948,0.0733624550720298
32845,0.09769457333496571,-1967.1247554496008,5229.8794814169805,567.3972567687754,4662.482224648205,0.07334325529848348
32850,0.09770944539666993,-1887.1293691769142,5227.504029645078,576.0445190931473,4651.459510551931,0.07330558748671752
32855,0.09772431745837414,-1808.8310730448502,5223.3702377879345,582.2070692152386,4641.163168572696,0.07325517492180819
32860,0.09773918952007835,-1732.6721089859589,5217.346565349368,585.2786214066596,4632.067943942708,0.07326040095103699
32865,0.09775406158178256,-1659.285432878893,5209.365163255242,584.7607357797353,4624.604427475507,0.07324079196090474
32870,0.09776893364348677,-1589.5128386247939,5199.419727878549,580.2866720883561,4619.133055790193,0.07321942950950762
32875,0.09778380570519099,-1524.394419786387,5187.563539486927,571.6446742981246,4615.918865188803,0.07347350703005356
32880,0.0977986777668952,-1465.1301020966353,5173.907907086288,558.7990773907696,4615.108829695519,0.07365079617864287
32885,0.09781354982859941,-1413.017633437189,5158.620954407492,541.9073662358514,4616.71358817164,0.0737525768465092
32890,0.09782842189030362,-1369.3741878017076,5141.926406654471,521.3312190147672,4620.595187639704,0.07378058612937607
32895,0.09784329395200783,-1335.45031638292,5124.101815498301,497.63962802375585,4626.462187474545,0.07392140581156478
32900,0.09785816601371204,-1312.3453706713422,5105.475528012666,471.6024087107143,4633.873119301951,0.07398625067535881
32905,0.09787303807541625,-1300.9329232783407,5086.421692224959,444.17280060728916,4642.24889161767,0.07419975850471121
32910,0.09788791013712046,-1301.8033498942518,5067.352710902878,416.4584573959546,4650.894253506924,0.07466728432732307
32915,0.09790278219882467,-1315.228802786441,5048.708798569081,389.68092846830035,4659.027870100781,0.07503856438764919
32920,0.09791765426052888,-1341.1534794130298,5030.944634582731,365.1247187272165,4665.819915855514,0.07531351763038965
32925,0.0979325263222331,-1379.2095765555578,5014.513488070795,344.07808555439595,4670.435402516398,0.07549333984197164
32930,0.09794739838393732,-1428.756866102191,4999.849557412379,327.76874767700633,4672.080809735373,0.07558039691394218
32935,0.09796227044564153,-1488.9416710006044,4987.349556405964,317.2984726110771,4670.051083794887,0.07597239003316637
32940,0.09797714250734574,-1558.7693297501899,4977.354742668169,313.58093018905276,4663.773812479116,0.076396183126164
32945,0.09799201456904995,-1637.1830944852663,4970.134597670405,317.28716437558177,4652.8474332948235,0.07672469389853782
32950,0.09800688663075416,-1723.141821951283,4965.873240886372,328.8025464063153,4637.070694480057,0.07695826398551948
32955,0.09802175869245837,-1815.688784314466,4964.659431775545,348.1982163351977,4616.461215440348,0.0770983768107316
32960,0.09803663075416258,-1914.004472725945,4966.480739805295,375.2189391469137,4591.261800658382,0.07737949421071422
32965,0.09805150281586679,-2017.4374582274775,4971.222199518482,409.28814683431455,4561.934052684167,0.0778040686773019
32970,0.098066374877571,-2125.5092894010995,4978.669548818949,449.5298289649127,4529.139719854036,0.07813196164791152
32975,0.09808124693927521,-2237.892065502172,4988.51697705127,494.8059420163011,4493.711035034969,0.07836287686421181
32980,0.09809611900097942,-2354.360597799532,5000.379161243332,543.7671643044505,4456.611996938882,0.07849765084945103
32985,0.09811099106268364,-2474.7246023826,5013.807210091342,594.9141489416517,4418.893061149691,0.07886172406668651
32990,0.09812586312438785,-2598.7495566227517,5028.307942142118,646.665950931365,4381.641991210753,0.07923569394185483
32995,0.09814073518609207,-2726.076978512533,5043.365698258315,697.4320625081871,4345.933635750128,0.07950815251746676
33000,0.09815560724779628,-2856.1553490299516,5058.465657099175,745.6845032909555,4312.781153808219,0.07967901927080961
33005,0.09817047930950049,-2988.1914751369973,5073.117432294208,790.0266554634854,4283.0907768307225,0.07992762750187754
33010,0.0981853513712047,-3121.129097214488,5086.877629539841,829.2559334282271,4257.621696111614,0.08030101191838863
33015,0.0982002234329089,-3253.6577236636886,5099.370065195877,862.4178250669939,4236.952240128883,0.08056834991351848
33020,0.09821509549461312,-3384.2508864682845,5110.30250418358,888.8492436301407,4221.45326055344,0.08072927151203454
33025,0.09822996755631733,-3511.229881234952,5119.4790440850065,908.2094484224029,4211.269595662604,0.08085265645099814
33030,0.09824483961802154,-3632.8468087421734,5126.807609707412,920.4970695410703,4206.3105401663415,0.08118716679728472
33035,0.09825971167972575,-3747.3792908115456,5132.3023700015265,926.0521070604121,4206.250262941115,0.08141193992316166
33040,0.09827458374142997,-3853.2284353835216,5136.081191847771,925.5422767752277,4210.538915072543,0.0815261909680378
33045,0.09828945580313418,-3949.011418068678,5138.358466351063,919.9337996005306,4218.424666750532,0.08153023087669684
33050,0.09830432786483839,-4033.6404835457915,5139.433776026578,910.4476450311485,4228.986130995429,0.08178235348410287
33055,0.0983191999265426,-4106.381315607116,5139.67693925544,898.5032162802768,4241.173722975163,0.08193428138514335
33060,0.09833407198824681,-4166.885554534419,5139.510015851929,885.6523364931493,4253.85767935878,0.08197008586605749
33065,0.09834894404995102,-4215.1945913528325,5139.386931182966,873.5070129714533,4265.879918211513,0.08221691847127117
33070,0.09836381611165523,-4251.714352965117,5139.771505692423,863.664745769734,4276.106759922688,0.08250765422450122
33075,0.09837868817335944,-4277.163287763122,5141.114859502397,857.635126377155,4283.479733125242,0.08271213225210512
33080,0.09839356023506365,-4292.497929835165,5143.833359991022,856.7712259283331,4287.0621340626885,0.08297137577162662
33085,0.09840843229676786,-4298.822169166837,5148.28842938612,862.2089009281267,4286.079528457993,0.08329309754727485
33090,0.09842330435847207,-4297.287676461131,5154.769558760091,874.8167172640472,4279.952841496044,0.08351794776621943
33095,0.0984381764201763,-4288.993782517537,5163.481732720992,895.158728214385,4268.3230045066075,0.08364320397067836
33100,0.09845304848188051,-4274.895367355247,5174.5381435650115,923.4718168109271,4251.066326754084,0.08382355512211881
33105,0.09846792054358472,-4255.72681796893,5187.958600860675,959.6586941068243,4228.29990675385,0.08403793316123954
33110,0.09848279260528893,-4231.948766766857,5203.673499547326,1003.2969182478508,4200.376581299475,0.08413864616092114
33115,0.09849766466699314,-4203.722137716215,5221.532693826012,1053.6634833098865,4167.869210516126,0.08412247551072574
33120,0.09851253672869735,-4170.911162987739,5241.318226316795,1109.7736699275563,4131.544556389238,0.08416255685424351
33125,0.09852740879040156,-4133.113830183801,5262.7596426738755,1170.4320175692574,4092.327625104618,0.08420078453196056
33130,0.09854228085210577,-4089.715201240718,5285.550596732335,1234.2925423392417,4051.2580543930935,0.08410742171344252
33135,0.09855715291380998,-4039.95680707898,5309.365589575713,1299.9247563892186,4009.4408331864943,0.0838806004383001
33140,0.09857202497551419,-3983.014336906206,5333.875921996252,1365.8817142256544,3967.9942077705978,0.08390634086852805
33145,0.0985868970372184,-3918.0762473334266,5358.764194865362,1430.766273830573,3927.9979210347888,0.08426376955273505
33150,0.09860176909892263,-3844.4174592904214,5383.7368998984075,1493.292043024308,3890.4448568740995,0.08453303920744706
33155,0.09861664116062684,-3761.4644537541853,5408.534772048982,1552.3360620605954,3856.1987099883863,0.08468941722781353
33160,0.09863151322233105,-3668.8502099156285,5432.9406338916615,1606.9810740654,3825.9595598262613,0.08472901100509637
33165,0.09864638528403526,-3566.4590441884247,5456.784494486013,1656.546132630384,3800.2383618556287,0.08481358297950439
33170,0.09866125734573947,-3454.4621921350404,5479.945723801912,1700.6051516072152,3779.340572194697,0.08486164161164927
33175,0.09867612940744368,-3333.34483340505,5502.3522485521,1738.9936991418228,3763.358549410277,0.08477500869056263
33180,0.09869100146914789,-3203.924320107419,5523.976915170281,1771.804814228572,3752.1721009417092,0.08455199654635427
33185,0.0987058735308521,-3067.357980127327,5544.8314162138295,1799.3748864864147,3745.456529727415,0.08421043866698197
33190,0.09872074559255631,-2925.137563249136,5564.958429463579,1822.2607537028014,3742.697675760777,0.08438678160813665
33195,0.09873561765426052,-2779.066791624957,5584.422819021139,1841.2092299886735,3743.2135890324653,0.08465293368052154
33200,0.09875048971596473,-2631.2190560376043,5603.302847972159,1857.1203626657184,3746.1824853064404,0.0847986962269238
33205,0.09876536177766895,-2483.874207629812,5621.68232528643,1871.005869485436,3750.6764558009936,0.08484821951661274
33210,0.09878023383937316,-2339.43631069673,5639.644452515433,1883.944416422354,3755.700036093079,0.08495508331128437
33215,0.09879510590107737,-2200.337451119969,5657.267869634546,1897.0356031751537,3760.232266459392,0.08491615569093233
33220,0.09880997796278158,-2068.9354194035545,5674.625065544825,1911.3546551952254,3763.2704103495994,0.08472840623430375
33225,0.0988248500244858,-1947.4146466618754,5691.782972385771,1927.909819489486,3763.8731528962853,0.08439240682048355
33230,0.09883972208619,-1837.6998364310193,5708.805263390391,1947.6043052022594,3761.200958188131,0.08457321222891738
33235,0.09885459414789421,-1741.3903270694718,5725.755674206017,1971.2043159499729,3754.5513582560443,0.08484741076803379
33240,0.09886946620959843,-1659.7206266422427,5742.701601218937,1999.3143298537557,3743.3872713651813,0.08497878112760089
33245,0.09888433827130264,-1593.5492219536095,5759.717302599639,2032.3603399546946,3727.3569626449444,0.08496173410723867
33250,0.09889921033300685,-1543.3741855468963,5776.88621119889,2070.581308012453,3706.304903186437,0.0847943887564254
33255,0.09891408239471106,-1509.3708302637226,5794.3021096141965,2114.028634036505,3680.2734755776914,0.08453439935835186
33260,0.09892895445641528,-1491.4442125338035,5812.069151953738,2162.5730242890318,3649.496127664706,0.08426292744670756
33265,0.09894382651811949,-1489.2880671092712,5830.300887285641,2215.91777790328,3614.383109382361,0.08450790141959638
33270,0.0989586985798237,-1502.441936815016,5849.118512924702,2273.6172377484017,3575.5012751763006,0.08468691011157085
33275,0.09897357064152791,-1530.3397107159483,5868.648558519611,2335.098994359523,3533.5495641600874,0.08477144935838159
33280,0.09898844270323212,-1572.345099440235,5889.020099539168,2399.6884111240956,3489.331688415072,0.0846871034419464
33285,0.09900331476493633,-1627.7721942559047,5910.361465797475,2466.6341541808797,3443.727311616595,0.08443418719597146
33290,0.09901818682664054,-1695.891613819772,5932.796298749749,2535.1336412227292,3397.66265752702,0.08408743700535856
33295,0.09903305888834475,-1775.9244392591654,5956.438766383094,2604.3576323205302,3352.0811340625637,0.08436095566151036
33300,0.09904793095004896,-1867.0270450007188,5981.387795163835,2673.4735237299906,3307.9142714338445,0.08446719289304203
33305,0.09906280301175317,-1968.2701994077102,6007.720328077957,2741.6672162708373,3266.0531118071194,0.08440198179236034
33310,0.09907767507345738,-2078.6157613293003,6035.483842534807,2808.163658351698,3227.320184183109,0.08416639878507895
33315,0.09909254713516161,-2196.8942592279946,6064.6886158583675,2872.2462698226327,3192.4423460357348,0.08376676631832924
33320,0.09910741919686582,-2321.7867537888715,6095.300452773779,2933.275425098366,3162.025027675413,0.08378902191149423
33325,0.09912229125857003,-2451.81453739968,6127.234735655434,2990.7060348016116,3136.528700853822,0.083862669912969
33330,0.09913716332027424,-2585.3401098475492,6160.352688040265,3044.1040607497193,3116.2486272905458,0.08376455757543476
33335,0.09915203538197845,-2720.5821983175388,6194.460643398937,3093.1615791269305,3101.299064272006,0.08349835716646932
33340,0.09916690744368266,-2855.6462894115757,6229.312898802837,3137.7098050441505,3091.603093758686,0.08307286021256027
33345,0.09918177950538687,-2988.5704201149238,6264.618441463354,3177.7293197598106,3086.889121703544,0.08296109553000112
33350,0.09919665156709108,-3117.3841947687206,6300.051509842814,3213.3565970489763,3086.694912793838,0.08296142960519552
33355,0.09921152362879529,-3240.1774512269503,6335.265632422192,3244.885810435783,3090.379821986409,0.08279503491326375
33360,0.0992263956904995,-3355.173780199396,6369.910506101812,3272.7648468099724,3097.1456592918394,0.0824691119273591
33365,0.09924126775220371,-3460.803131625931,6403.650844612938,3297.5845154603844,3106.066329152554,0.08199532585466501
33370,0.09925613981390793,-3555.7669633833602,6436.186142286077,3320.060202494121,3116.1259397919557,0.08185684451478364
33375,0.09927101187561214,-3639.0889359907515,6467.270151788448,3341.005735026875,3126.264416761573,0.08176332503022159
33380,0.09928588393731635,-3710.1443756886056,6496.728764801364,3361.299978653134,3135.4287861482303,0.08151382267513164
33385,0.09930075599902057,-3768.6630030620304,6524.474926417704,3381.8475977432595,3142.627328674445,0.08111899535574528
33390,0.09931562806072478,-3814.7019384475607,6550.51923723086,3403.5362868425705,3146.9829503882897,0.08059289975295138
33395,0.09933050012242899,-3848.589563277411,6574.975038663591,3427.193431143227,3147.7816075203637,0.08045644547859046
33400,0.0993453721841332,-3870.8448865543915,6598.0570663593835,3453.545412595532,3144.5116537638514,0.08026517553655908
33405,0.0993602442458374,-3882.080877676949,6620.07320051489,3483.182579910203,3136.8906206046872,0.07993359435907021
33410,0.09937511630754162,-3882.9030387555367,6641.409415083426,3516.532296477252,3124.877118606174,0.07947528156873589
33415,0.09938998836924583,-3873.8157668588865,6662.5086702154995,3553.841613595531,3108.6670566199687,0.07890589863671198
33420,0.09940486043095004,-3855.1485669920453,6683.845118753399,3595.1701685733387,3088.6749501800605,0.07875143855214302
33425,0.09941973249265426,-3827.011988045627,6705.895514294581,3640.393038852423,3065.5024754421574,0.07847335664432042
33430,0.09943460455435847,-3789.2895793707885,6729.110033744762,3689.212597436391,3039.897436308371,0.07807521302339437
33435,0.09944947661606268,-3741.6676954849413,6753.884810633319,3741.1779494346238,3012.706861198695,0.07757277261626681
33440,0.09946434867776689,-3683.700209229717,6780.538307176911,3795.7102717942025,2984.8280353827085,0.07728350737773171
33445,0.0994792207394711,-3614.9007585397676,6809.293264719754,3852.1322878922037,2957.1609768275503,0.0770479753621428
33450,0.09949409280117531,-3534.851625625035,6840.265427078018,3909.7001383174115,2930.565288760606,0.07669882368794301
33455,0.09950896486287952,-3443.3161753702025,6873.459609784803,3967.636017198379,2905.8235925864246,0.07624969372009488
33460,0.09952383692458373,-3340.341219909599,6908.773070569387,4025.160100458158,2883.6129701112286,0.07572901280121468
33465,0.09953870898628794,-3226.3367699510272,6946.005587654999,4081.5204822821884,2864.4851053728103,0.07553746121027119
33470,0.09955358104799215,-3102.123212812467,6984.875211837443,4136.020053717698,2848.8551581197453,0.07523902380609453
33475,0.09956845310969636,-2968.939686996516,7025.038337368973,4188.039502661063,2836.9988347079097,0.07484719652126663
33480,0.09958332517140059,-2828.4118636198777,7066.112526250057,4237.055885666712,2829.056640583345,0.07437622934038096
33485,0.0995981972331048,-2682.4820099678764,7107.700404966085,4282.656509165989,2825.043895800097,0.07387392581940595
33490,0.09961306929480901,-2533.308600833618,7149.412923487916,4324.548139128557,2824.864784359359,0.07369781382460652
33495,0.09962794135651322,-2383.146361898407,7190.890329538464,4362.5618013711,2828.3285281673643,0.0735439225049035
33500,0.09964281341821743,-2234.219999763225,7231.819383349474,4396.653602824323,2835.1657805251516,0.07338305673367256
33505,0.09965768547992164,-2088.605599573736,7271.945634994731,4426.902067832628,2845.0435671621035,0.07321545537577627
33510,0.09967255754162585,-1948.1325397011406,7311.080008414533,4453.502433875963,2857.57757453857,0.07304138292271711
33515,0.09968742960333006,-1814.3158667287748,7349.099460836965,4476.758207614514,2872.341253222451,0.072861116061661
33520,0.09970230166503427,-1688.3248330080996,7385.942067358397,4497.070095086865,2888.8719722715323,0.07267492903847053
33525,0.09971717372673848,-1570.9884691122766,7421.59745473603,4514.92226210344,2906.6751926325906,0.07248307908737914
33530,0.09973204578844269,-1462.8345148319463,7456.094004715233,4530.865829093299,2925.2281756219336,0.07228579319817403
33535,0.09974691785014692,-1364.154506767236,7489.484595457368,4545.499612477836,2943.984982979532,0.07208325737713119
33540,0.09976178991185113,-1275.0857211769821,7521.832790985012,4559.448396481693,2962.3843945033195,0.07187560934759704
33545,0.09977666197355534,-1195.6999961387019,7553.2012859473725,4573.339399962756,2979.8618859846165,0.07166293534595346
33550,0.09979153403525955,-1126.0899068084027,7583.644062474237,4587.777991112191,2995.8660713620466,0.07144527131589612
33555,0.09980640609696376,-1066.4439382470223,7613.203154662175,4603.323986187234,3009.8791684749403,0.07122260841227
33560,0.09982127815866797,-1017.1038632831769,7641.910222650318,4620.469963495731,3021.4402591545877,0.07104618334002742
33565,0.09983615022037218,-978.5993095012973,7669.792420651851,4639.622904315118,3030.169516336733,0.07115233425973277
33570,0.09985102228207639,-951.6564337899995,7696.881417728957,4661.090171457079,3035.7912462718778,0.07125996364249408
33575,0.0998658943437806,-937.179700596555,7723.2239943242885,4685.070426228624,3038.153568095665,0.07136898456292612
33580,0.09988076640548481,-936.2079383304958,7748.892449330615,4711.649646841647,3037.2428024889678,0.07147924939028241
33585,0.09989563846718902,-949.8480306538236,7773.993119860665,4740.802012552339,3033.1911073083256,0.07161521933069526
33590,0.09991051052889324,-979.1916499380004,7798.671602287823,4772.395100938836,3026.276501348987,0.07176400006598664
33595,0.09992538259059745,-1025.2222045364483,7823.11370313582,4806.198632888036,3016.9150702477846,0.07190892999536681
33600,0.09994025465230166,-1088.7204794746121,7847.541667588963,4841.895898381519,3005.6457692074437,0.07204928439854491
33605,0.09995512671400587,-1170.178106085336,7872.205764030728,4879.0970010778865,2993.108762952841,0.0721843072990008
33610,0.09996999877571008,-1269.7277847538817,7897.371791952495,4917.353154338206,2980.018637614289,0.07231321235680073
33615,0.0999848708374143,-1387.097919064665,7923.305489320422,4956.171419029544,2967.1340702908774,0.07243519167473975
33620,0.0999997428991185,-1521.5969273806695,7950.255116876136,4995.029463511475,2955.2256533646605,0.07255942704829192
33625,0.10001461496082271,-1672.12912136747,7978.433672603978,5033.390119958064,2945.043552645914,0.07268675085662654
33630,0.10002948702252693,-1837.2400946817247,8008.002230394479,5070.715684561242,2937.286545833237,0.07280963488528054
33635,0.10004435908423114,-2015.1857084852786,8039.055804155979,5106.482040769601,2932.5737633863782,0.07292730317306365
33640,0.10005923114593535,-2204.015759162544,8071.6129255761225,5140.192753114105,2931.420172462018,0.07303903674521638
33645,0.10007410320763957,-2401.6619193978454,8105.6098144823645,5171.393265557732,2934.2165489246327,0.07314418929811599
33650,0.10008897526934378,-2606.0198696927514,8140.899647294731,5199.685234283556,2941.2144130111747,0.07324219849610876
33655,0.10010384733104799,-2815.0175346018655,8177.257027639587,5224.740840595342,2952.5161870442453,0.07333259278787982
33660,0.1001187193927522,-3026.664448702471,8214.387370833108,5246.316696106484,2968.070674726624,0.07341499429387335
33665,0.10013359145445641,-3239.0807515920906,8251.94056515081,5264.266713599949,2987.6738515508605,0.07348911872131347
33670,0.10014846351616062,-3450.5074746431196,8289.527996403001,5278.553116186313,3010.9748802166887,0.07355477333917107
33675,0.10016333557786483,-3659.302210894362,8326.741837706486,5289.254625426549,3037.487212279937,0.07361185381436024
33680,0.10017820763956904,-3863.9257817509806,8363.175421019972,5296.570820573833,3066.6046004461396,0.07366034029878311
33685,0.10019307970127325,-4062.9260887535393,8398.443515419318,5300.821701146576,3097.621814272742,0.0737002927434931
33690,0.10020795176297746,-4254.924939347268,8432.201422588832,5302.441619619667,3129.7598029691653,0.07373184516265992
33695,0.10022282382468167,-4438.612251767086,8464.161939117774,5301.966993778408,3162.1949453393654,0.07375519856021158
33700,0.1002376958863859,-4612.749795742833,8494.109403667222,5300.017576597968,3194.0918270692537,0.07377061244882102
33705,0.10025256794809011,-4776.183886361512,8521.910225829713,5297.271562002983,3224.6386638267304,0.07377839523470851
33710,0.10026744000979432,-4927.863843993622,8547.519471608019,5294.4354136842585,3253.08405792376,0.07377889408015975
33715,0.10028231207149853,-5066.861272547583,8570.983255305788,5292.209953391804,3278.7733019139832,0.07377248507759382
33720,0.10029718413320274,-5192.38481717675,8592.436860936963,5291.254825333064,3301.182035603899,0.07375956462062488
33725,0.10031205619490695,-5303.786167536719,8612.098689943983,5292.153838022577,3319.9448519214066,0.07374054274715815
33730,0.10032692825661116,-5400.555347619118,8630.260304490736,5295.3837704700645,3334.876534020671,0.0737158390066394
33735,0.10034180031831537,-5482.3061262578985,8647.2730015607,5301.288974913783,3345.9840266469164,0.07368588112606111
33740,0.10035667238001958,-5548.754944524522,8663.531505458346,5310.063555052768,3353.4679504055784,0.0736511064582095
33745,0.10037154444172379,-5599.698468903759,8679.45549867929,5321.742160242965,3357.713338436325,0.07361196590618795
33750,0.100386416503428,-5634.995397544354,8695.469819380633,5336.199659005648,3359.2701603749847,0.07356892973153206
33755,0.10040128856513222,-5654.557438774664,8711.984235172235,5353.1592707808495,3358.824964391385,0.07352249437552216
33760,0.10041616062683643,-5658.352676102276,8729.373754869117,5372.208221881065,3357.1655329880523,0.07347318918343917
33765,0.10043103268854064,-5646.422227304025,8747.960457132065,5392.819664713616,3355.1407924184496,0.07342158177246408
33770,0.10044590475024485,-5618.9086512554295,8767.997789264507,5414.379423698708,3353.6183655657996,0.07336828078714451
33775,0.10046077681194907,-5576.092380831492,8789.658210153455,5436.216052441978,3353.442157711477,0.07331393498566703
33780,0.10047564887365328,-5518.430898667401,8813.0249079133,5457.6326598602,3355.392248053099,0.0732592279965369
33785,0.10049052093535749,-5446.594633033761,8838.088109683946,5477.938969504986,3360.14914017896,0.07320486862704162
33790,0.1005053929970617,-5361.4936984831575,8864.746222664686,5496.4821235256695,3368.2640991390163,0.07315157719752517
33795,0.1005202650587659,-5264.290560837163,8892.81172057011,5512.674850672819,3380.13686989729,0.07310006890752387
33800,0.10053513712047012,-5156.395268634469,8922.021351045229,5526.019802141133,3396.001548904095,0.07305103561352204
33805,0.10055000918217433,-5039.441795622233,8952.049929371171,5536.129117675953,3415.9208116952177,0.07300512755383323
33810,0.10056488124387855,-4915.246022367407,8982.526743965454,5542.7385934227605,3439.788150542694,0.0730721554132957
33815,0.10057975330558276,-4785.7477667399335,9013.053461368723,5545.716143900393,3467.33731746833,0.07310419891274782
33820,0.10059462536728697,-4652.940962743614,9043.22239586162,5545.064543402565,3498.157852459055,0.07302173566111324
33825,0.10060949742899118,-4518.797534266445,9072.634094568111,5540.918668904892,3531.7154256632193,0.07313597856330975
33830,0.10062436949069539,-4385.191615677966,9100.913358138481,5533.537636891568,3567.3757212469136,0.07320002991682237
33835,0.1006392415523996,-4253.831330805441,9127.723034926274,5523.292335442444,3604.43069948383,0.0731501427140701
33840,0.10065411361410381,-4126.205085091675,9152.775156212145,5510.648914160049,3642.126242052096,0.07317452201883086
33845,0.10066898567580802,-4003.5480445719804,9175.839191871937,5496.148825272993,3679.690366598944,0.07327654515164905
33850,0.10068385773751223,-3886.832180401252,9196.747383504118,5480.386030113695,3716.3613533904236,0.0732667505910137
33855,0.10069872979921644,-3776.7802589376734,9215.397254531716,5463.982022139757,3751.415232391959,0.0731823484600208
33860,0.10071360186092065,-3673.9010105320103,9231.75151403184,5447.559400516631,3784.192113515208,0.0733271639446849
33865,0.10072847392262488,-3578.5400400767016,9245.83567455294,5431.714879304851,3814.120795248089,0.07336402494677272
33870,0.10074334598432909,-3490.939332844112,9257.733795717722,5416.9928337030815,3840.740962014641,0.07330037190806185
33875,0.1007582180460333,-3411.2976596364592,9267.58283128544,5403.860724223928,3863.7221070615115,0.07335020115512007
33880,0.10077309010773751,-3339.8246995251393,9275.566071661542,5392.687921322543,3882.878150338999,0.07343940397378307
33885,0.10078796216944172,-3276.782987118737,9281.906112165942,5383.7294808238685,3898.176631342073,0.07342310216283426
33890,0.10080283423114593,-3222.5135209139535,9286.857633407546,5377.116221213354,3909.741412194192,0.07335775261045686
33895,0.10081770629285014,-3177.4427719797563,9290.700077364903,5372.852012752596,3917.848064612307,0.07348307193866065
33900,0.10083257835455435,-3142.0707386522718,9293.730092928876,5370.818563509462,3922.9115294194135,0.073516235897067
33905,0.10084745041625856,-3116.941497543252,9296.253472786071,5370.787293268018,3925.4661795180527,0.0734857987812747
33910,0.10086232247796277,-3102.599311154234,9298.576265664826,5372.437254574159,3926.139011090667,0.07348290161879391
33915,0.10087719453966698,-3099.5346630591007,9300.994851162171,5375.377595268176,3925.617255893995,0.07358516950974203
33920,0.1008920666013712,-3108.1255037069805,9303.784996584225,5379.17280808084,3924.6121885033854,0.07359804097451886
33925,0.10090693866307542,-3128.5794450975095,9307.190228444832,5383.368970397417,3923.8212580474146,0.07348568151292578
33930,0.10092181072477963,-3160.8826406772987,9311.410174643835,5387.519290408182,3923.890884235653,0.07362572848972114
33935,0.10093668278648384,-3204.760667599782,9316.58979174278,5391.207480286412,3925.3823114563675,0.07368681490740038
33940,0.10095155484818805,-3259.6559246427023,9322.810523070622,5394.067720467144,3928.7428026034786,0.07362746110319685
33945,0.10096642690989226,-3324.7248608003074,9330.084401746957,5395.800236204926,3934.2841655420316,0.07361710336993754
33950,0.10098129897159647,-3398.8567116757777,9338.35191490336,5396.181781596124,3942.170133307236,0.07372918335859918
33955,0.10099617103330068,-3480.713324065526,9347.484110127612,5395.070636411331,3952.4134737162813,0.07372672124784788
33960,0.10101104309500489,-3568.7871932624275,9357.289006159966,5392.406082773374,3964.8829233865927,0.07359592204581196
33965,0.1010259151567091,-3661.4723097799206,9367.521933765218,5388.202734050335,3979.3191997148833,0.07371373300356554
33970,0.10104078721841331,-3757.1402806538736,9377.899045401458,5382.5404984781135,3995.358546923345,0.07376995303603694
33975,0.10105565928011753,-3854.2129927130964,9388.112946097244,5375.55131360035,4012.561632496894,0.07370387101078427
33980,0.10107053134182174,-3951.2232419019247,9397.849243353518,5367.404021909808,4030.4452214437097,0.07364106865345221
33985,0.10108540340352595,-4046.8563876382013,9406.802797210823,5358.288831771529,4048.513965439294,0.07375597856406767
33990,0.10110027546523016,-4139.96895117987,9414.692558605964,5348.402714631813,4066.289843974151,0.07375579007676288
33995,0.10111514752693437,-4229.5836014756915,9421.274087208352,5337.936856897554,4083.337230310798,0.07362711032712259
34000,0.10113001958863858,-4314.863477903233,9426.349106092952,5327.066959996891,4099.282146096061,0.07367345282797719
34005,0.1011448916503428,-4395.071684566682,9429.77174730466,5315.946815095796,4113.824932208863,0.073738731829518
34010,0.101159763712047,-4469.523658371466,9431.451439972641,5304.7052110612385,4126.746228911403,0.07368272775964817
34015,0.10117463577375121,-4537.540783328565,9431.352664371869,5293.445895743043,4137.906768628825,0.07351027254281535
34020,0.10118950783545543,-4598.4130797443895,9429.492017049728,5282.250025463564,4147.241991586164,0.07363917603119413
34025,0.10120437989715964,-4651.377140159574,9425.933183004629,5271.180329193354,4154.752853811275,0.07365539225110414
34030,0.10121925195886386,-4695.612934292105,9420.780477084996,5260.286105585112,4160.494371499884,0.07354580310770074
34035,0.10123412402056807,-4730.2600309121935,9414.171595643307,5249.608179824332,4164.563415818975,0.07346016049107584
34040,0.10124899608227228,-4754.450688582041,9406.27012321252,5239.183074017157,4167.087049195363,0.07354692318622436
34045,0.10126386814397649,-4767.354703340338,9397.258193441108,5229.04586704817,4168.212326392938,0.07351639502011265
34050,0.1012787402056807,-4768.229327082682,9387.32954304834,5219.231492604301,4168.098050444039,0.07335719939274445
34055,0.10129361226738491,-4756.467216137234,9376.683055810166,5209.7744902429395,4166.908565567227,0.07336124753330742
34060,0.10130848432908912,-4731.63618172186,9365.51679482292,5200.707431755057,4164.809363067862,0.07340816233573462
34065,0.10132335639079333,-4693.506203077237,9354.022474905089,5192.058363016544,4161.964111888545,0.07333438997570645
34070,0.10133822845249754,-4642.06131813554,9342.380327178907,5183.84763050072,4158.532696678188,0.07315378842145259
34075,0.10135310051420175,-4577.496216961313,9330.75433796041,5176.084430395105,4154.669907565305,0.07321682780674924
34080,0.10136797257590596,-4500.199304912425,9319.287883557108,5168.763369401287,4150.524514155822,0.07322658317686928
34085,0.10138284463761019,-4410.725464569141,9308.099814164867,5161.861296392078,4146.238517772789,0.07311351703804511
34090,0.1013977166993144,-4309.762615278839,9297.28105484183,5155.334667243128,4141.946387598701,0.07301034603853025
34095,0.10141258876101861,-4198.096413261872,9286.891791117801,5149.117727662757,4137.774063455045,0.0730346776021107
34100,0.10142746082272282,-4076.5770844639346,9276.959301547018,5143.121807749526,4133.837493797492,0.07301043610532237
34105,0.10144233288442703,-3946.091534394135,9267.476503564912,5137.235982395443,4130.2405211694695,0.07286281051704159
34110,0.10145720494613124,-3807.542696189781,9258.401302868104,5131.32924565523,4127.072057212874,0.07284521454943829
34115,0.10147207700783545,-3661.8367700559133,9249.65687975807,5125.254184385399,4124.402695372671,0.07282829773765745
34120,0.10148694906953966,-3509.8777918339874,9241.133093414464,5118.851952739603,4122.2811406748615,0.07277459028259103
34125,0.10150182113124387,-3352.568020018337,9232.689210018632,5111.9581934001535,4120.731016618479,0.07266962154878584
34130,0.10151669319294808,-3190.812039801775,9224.158133791085,5104.409466984604,4119.748666806481,0.07265240023942318
34135,0.10153156525465229,-3025.522248729407,9215.3522227094,5096.0497578435,4119.3024648659,0.07261045355368181
34140,0.10154643731635651,-2857.6234534811,9206.070605973422,5086.736711315278,4119.333894658144,0.07254997735971958
34145,0.10156130937806072,-2688.054611730384,9196.107716052556,5076.347386304374,4119.760329748183,0.07246935084638692
34150,0.10157618143976493,-2517.7662792386654,9185.262550978478,5064.783428036055,4120.479122942423,0.07244384145663432
34155,0.10159105350146914,-2347.7130861367955,9173.34804309496,5051.975636257346,4121.372406837614,0.07241409310264865
34160,0.10160592556317335,-2178.841557404035,9160.199866747449,5037.887902182695,4122.311964564754,0.07246519572105109
34165,0.10162079762487757,-2012.0746978708862,9145.684081015941,5022.520416441447,4123.163664574494,0.0725115371864344
34170,0.10163566968658178,-1848.295739264372,9129.70315544569,5005.911933902537,4123.7912215431525,0.07255325969067873
34175,0.10165054174828599,-1688.3339846700314,9112.20012281294,4988.140755539218,4124.059367273721,0.07259047819810001
34180,0.1016654138099902,-1532.9555400510221,9093.16078966477,4969.323993710893,4123.836795953876,0.07262328294544487
34185,0.1016802858716944,-1382.8608527119827,9072.614068484589,4949.614667091967,4122.999401392622,0.07266275041670255
34190,0.10169515793339862,-1238.689597782648,9050.63055583277,4929.196261077981,4121.434294754788,0.07271215447846882
34195,0.10171002999510284,-1101.0319620711175,9027.319480581718,4908.274609216749,4119.044871364969,0.07275729789815699
34200,0.10172490205680705,-970.4441797349918,9002.824121553162,4887.067291788489,4115.756829764673,0.0727981991149876
34205,0.10173977411851126,-847.4655314098227,8977.315787919792,4865.791160025136,4111.524627894655,0.07283486418863254
34210,0.10175464618021547,-732.6339491501321,8950.986499748682,4844.648991577131,4106.337508171551,0.072867287278757
34215,0.10176951824191968,-626.4977085529144,8924.040605240087,4823.816559999681,4100.224045240406,0.07289544939840029
34220,0.10178439030362389,-529.6212143431649,8896.685703109995,4803.4314694811055,4093.25423362889,0.07294147019196878
34225,0.1017992623653281,-442.5834477903063,8869.123363043458,4783.584927831302,4085.5384352121564,0.07298445312493565
34230,0.10181413442703231,-365.9682213943224,8841.540213303928,4764.317237166694,4077.2229761372337,0.07302311258958126
34235,0.10182900648873652,-300.3460449802533,8814.099965783196,4745.617265428441,4068.4827003547553,0.07305736132944177
34240,0.10184387855044073,-246.24821002421504,8786.936870997273,4727.425643673813,4059.51122732346,0.07308709269264395
34245,0.10185875061214494,-204.13462451242503,8760.15095633028,4709.641020598104,4050.509935732177,0.07311218333020497
34250,0.10187362267384917,-174.3578555875838,8733.805231993745,4692.128455552733,4041.6767764410124,0.0731390256082952
34255,0.10188849473555338,-157.1265849554793,8707.924886270812,4674.728946432509,4033.1959398383033,0.07317720652306557
34260,0.10190336679725759,-152.47210107703359,8682.498364430221,4657.2691307792775,4025.2292336509436,0.07321054023576673
34265,0.1019182388589618,-160.22147821023646,8657.480150731013,4639.570318721716,4017.909832009297,0.07323888501784102
34270,0.10193311092066601,-179.98075018788586,8632.795049331731,4621.456181616701,4011.3388677150306,0.07326210999723488
34275,0.10194798298237022,-211.13074304632391,8608.343769974499,4602.758620379402,4005.5851495950974,0.07328010094840767
34280,0.10196285504407443,-252.83732742201846,8584.009638801188,4583.321573580855,4000.6880652203326,0.07329276341538736
34285,0.10197772710577864,-304.07668170717625,8559.666242872614,4563.002789546287,3996.663453326327,0.07331882406854741
34290,0.10199259916748285,-363.67469540694947,8535.185757772839,4541.673848612207,3993.511909160632,0.07334354840376757
34295,0.10200747122918706,-430.3579283525205,8510.447599079796,4519.21893357084,3991.2286655089565,0.07336295293932144
34300,0.10202234329089127,-502.8117529399333,8485.346900131655,4495.532964765277,3989.8139353663782,0.07337699960050587
34305,0.1020372153525955,-579.7397762780738,8459.80218828206,4470.519726179714,3989.2824621023456,0.07338565662987467
34310,0.1020520874142997,-659.9177803548073,8433.761555207904,4444.090532679505,3989.6710225283996,0.07338889174425785
34315,0.10206695947600392,-742.2355777421026,8407.206633934882,4416.163871076868,3991.0427628580137,0.07340310689750647
34320,0.10208183153770813,-825.7214863819618,8380.15382863622,4386.666325003562,3993.4875036326575,0.07341839019566979
34325,0.10209670359941234,-909.5464193832277,8352.652489851454,4355.534966349502,3997.1175235019527,0.07342831846136674
34330,0.10211157566111655,-993.0074599391037,8324.780058012653,4322.721230083413,4002.0588279292406,0.07343283835172283
34335,0.10212644772282076,-1075.493729371521,8296.634561693021,4288.196047519891,4008.43851417313,0.07343188887191905
34340,0.10214131978452497,-1156.4398684708094,8268.325194074285,4251.955700357449,4016.3694937168357,0.07342668341948583
34345,0.10215619184622918,-1235.2741749570278,8239.961945420147,4214.02754627667,4025.934399143477,0.07343795794746837
34350,0.10217106390793339,-1311.369169177361,8211.645399234456,4174.474577425867,4037.1708218085887,0.0734437860578374
34355,0.1021859359696376,-1384.0020383525598,8183.457784921184,4133.397816622612,4050.059968298572,0.07344412457368939
34360,0.10220080803134182,-1452.3311001550887,8155.456223104276,4090.935865801832,4064.5203573024446,0.07343894603967453
34365,0.10221568009304603,-1515.3923029932926,8127.668825142944,4047.261418888076,4080.407406254868,0.07343876901394196
34370,0.10223055215475024,-1572.1171292081062,8100.093956136097,4002.5750744251864,4097.518881710911,0.07345110446392299
34375,0.10224542421645445,-1621.3704653658297,8072.702591048935,3957.0971628363072,4115.605428212628,0.07345770524180252
34380,0.10226029627815866,-1662.0044540724102,8045.443339574764,3911.058447097951,4134.384892476813,0.07345859739553588
34385,0.10227516833986287,-1692.9223867974324,8018.249434341234,3864.690486507299,4153.558947833935,0.07345544058407066
34390,0.10229004040156708,-1713.1455581250852,7991.046803492219,3818.2162786956337,4172.830524796585,0.07347332482752167
34395,0.1023049124632713,-1721.875758997924,7963.762298409653,3771.841629995164,4191.920668414489,0.07348567259812204
34400,0.1023197845249755,-1718.5466951984004,7936.331215763469,3725.747598810364,4210.583616953105,0.07349254379493128
34405,0.10233465658667971,-1702.8589409310061,7908.70341750268,3680.084276884599,4228.619140618081,0.0734940023987987
34410,0.10234952864838393,-1674.7948921382008,7880.847577694748,3634.9660485076934,4245.881529187054,0.0734901111975344
34415,0.10236440071008815,-1634.6123700098788,7852.753331765982,3590.468267573822,4262.28506419216,0.07350273996013658
34420,0.10237927277179236,-1582.817829419389,7824.431335617507,3546.6250753193312,4277.806260298175,0.07351633980438275
34425,0.10239414483349657,-1520.1223127806452,7795.911433261908,3503.4279732216787,4292.48346004023,0.07352450358312887
34430,0.10240901689520078,-1447.3851030955502,7767.239269615896,3460.82487782573,4306.414391790166,0.07352723282012354
34435,0.10242388895690499,-1365.5512407114293,7738.471770940131,3418.7197267486677,4319.752044191464,0.07352452529225145
34440,0.1024387610186092,-1275.5895175420055,7709.671959879801,3376.973151239068,4332.698808640733,0.07353001496846502
34445,0.10245363308031341,-1178.4371977065593,7680.903588505776,3335.405067922115,4345.49852058366,0.07354361295790678
34450,0.10246850514201762,-1074.9566032463463,7652.226069713065,3293.8000829792095,4358.425986733855,0.07355140478523386
34455,0.10248337720372183,-965.9070331593111,7623.690163347962,3251.9162869101033,4371.773876437859,0.07355340452325253
34460,0.10249824926542604,-851.9335143954559,7595.334817447674,3209.4974488981916,4385.837368549483,0.07354965118454188
34465,0.10251312132713025,-733.57188723524,7567.185462695649,3166.2879995642866,4400.897463131363,0.0735414495163424
34470,0.10252799338883448,-611.2679400556617,7539.253902426821,3122.0497131523375,4417.204189274484,0.07359244548089346
34475,0.10254286545053869,-485.406917854556,7511.539740432881,3076.57875792946,4434.960982503421,0.0737517334474588
34480,0.1025577375122429,-356.34888200701243,7484.0330735175585,3029.7217502171534,4454.311323300405,0.07397317553826802
34485,0.10257260957394711,-224.46518604017092,7456.717988959887,2981.3895320628926,4475.328456896995,0.07421198716970698
34490,0.10258748163565132,-90.1717535129219,7429.57629412742,2931.5675223327257,4498.0087717946935,0.07441276969920918
34495,0.10260235369735553,46.044213326867975,7402.5908977162335,2880.321661030858,4522.269236685375,0.07459305403960333
34500,0.10261722575905974,183.60621899325542,7375.7483641946765,2827.7992258272575,4547.949138367419,0.07476906417129088
34505,0.10263209782076395,321.8400067099019,7349.040349739036,2774.2241916025273,4574.816158136509,0.07491007876924308
34510,0.10264696988246816,459.97445399463504,7322.463851123071,2719.887310999168,4602.576540123903,0.0750176340092118
34515,0.10266184194417237,597.1510001902816,7296.02040288766,2665.131629321999,4630.888773565661,0.07523488588488975
34520,0.10267671400587658,732.4404823650348,7269.714497202969,2610.3345934721337,4659.379903730835,0.07546181464304959
34525,0.1026915860675808,864.866139199572,7243.55155416478,2555.8881818736418,4687.663372291138,0.07565484364753021
34530,0.10270645812928501,993.4313810181707,7217.5357462306665,2502.1785433634936,4715.357202867173,0.07581520111103753
34535,0.10272133019098922,1117.1505923715981,7191.667910999824,2449.5665201723423,4742.101390827482,0.0759440847582151
34540,0.10273620225269343,1235.0807681381857,7165.943712743168,2398.370204480955,4767.573508262213,0.07604268775115626
34545,0.10275107431439764,1346.3513682663634,7140.352168694645,2348.850396584363,4791.501772110282,0.07620118460564791
34550,0.10276594637610185,1450.1896554988884,7114.874655002688,2301.199535427253,4813.675119575435,0.07641216095001833
34555,0.10278081843780607,1545.9391398653465,7089.484540070891,2255.5343887125255,4833.9501513583655,0.0765931351694372
34560,0.10279569049951028,1633.0696141540684,7064.147632590543,2211.892548910999,4852.255083679544,0.07674505927796062
34565,0.10281056256121449,1711.17846211003,7038.823644401238,2170.2326076363224,4868.591036764916,0.07686897680523731
34570,0.1028254346229187,1779.9841848172468,7013.4688268793525,2130.437779795228,4883.031047084125,0.07696609628686746
34575,0.1028403066846229,1839.3141538640953,6988.03983139661,2092.322699974858,4895.717131421752,0.07705923234054854
34580,0.10285517874632713,1889.089274663258,6962.49867634126,2055.64307980181,4906.85559653945,0.07726141929338964
34585,0.10287005080803134,1929.3084424277608,6936.818500234315,2020.107864646941,4916.710635587375,0.07743727728020128
34590,0.10288492286973555,1960.035407282539,6910.98958128553,1985.3934506154092,4925.596130670121,0.07758778381723969
34595,0.10289979493143976,1981.3900163140083,6885.024952846923,1951.1594290242915,4933.865523822631,0.07771410501297168
34600,0.10291466699314397,1993.5448825389153,6858.964881960362,1917.0652352321845,4941.899646728178,0.07781757846762954
34605,0.10292953905484818,1996.7274588584141,6832.8795298633,1882.7870057719706,4950.092524091329,0.07795360704533381
34610,0.10294441111655239,1991.2264006865198,6806.86928058693,1848.0338964060309,4958.8353841808985,0.07813494201218867
34615,0.1029592831782566,1977.4001588665606,6781.06248212146,1812.563085263117,4968.499396858342,0.07829366746038362
34620,0.10297415523996081,1955.6851586084263,6755.610647645237,1776.1926883309416,4979.417959314295,0.07843055763336297
34625,0.10298902730166502,1926.600865330452,6730.681454949564,1738.8118665853078,4991.869588364256,0.07854637433346062
34630,0.10300389936336925,1890.749595219419,6706.450107588873,1700.38752029707,5006.062587291803,0.07865471917055299
34635,0.10301877142507346,1848.8100351714052,6683.0897468725225,1660.9671470002029,5022.122599872319,0.07884227808807273
34640,0.10303364348677767,1801.5248690029089,6660.761622452927,1620.6776667132892,5040.083955739638,0.07900843902545945
34645,0.10304851554848188,1749.6843124733614,6639.605661054146,1579.7202618108236,5059.885399243323,0.07915389569686813
34650,0.10306338761018609,1694.1083680738357,6619.731956483718,1538.3615118590405,5081.3704446246775,0.07927942368855932
34655,0.1030782596718903,1635.6309646562931,6601.213582350075,1496.9213098358891,5104.292272514185,0.07938591230082463
34660,0.10309313173359451,1575.0887783093858,6584.081034033443,1455.7582230460916,5128.322810987351,0.0794824585298591
34665,0.10310800379529872,1513.3165496090305,6568.31855024018,1415.2531149726929,5153.065435267487,0.07964656199600605
34670,0.10312287585700293,1451.1493516926766,6553.8625359928765,1375.7919756378628,5178.070560355014,0.07979144008221455
34675,0.10313774791870714,1389.430812782024,6540.602281811311,1337.7490084107649,5202.853273400546,0.07991797937379001
34680,0.10315261998041135,1329.025037583638,6528.3831186176385,1301.471068216271,5226.912050401367,0.08002712733847715
34685,0.10316749204211557,1270.82912776162,6517.012044622421,1267.2645104877327,5249.747534134688,0.08011986437843813
34690,0.10318236410381978,1215.7829120987208,6506.265706194701,1235.3853649296661,5270.880341265035,0.08019716567557761
34695,0.103197236165524,1164.8728100900635,6495.900424311914,1206.033477927659,5289.866946384255,0.0803154767644354
34700,0.1032121082272282,1119.1276119836657,6485.663759570836,1179.3508764411938,5306.312883129643,0.08043548082642213
34705,0.10322698028893242,1079.6051971021457,6475.306935568973,1155.4241240373472,5319.882811531626,0.08053967672529519
34710,0.10324185235063663,1047.3705819587026,6464.597323981244,1134.289921977274,5330.307402003969,0.08062884868694481
34715,0.10325672441234084,1023.4669278916026,6453.3301570727135,1115.942730534793,5337.38742653792,0.08070375114063962
34720,0.10327159647404505,1008.8820359023116,6441.338683912353,1100.3428338690987,5340.995850043255,0.08076510962609593
34725,0.10328646853574926,1004.5133017636117,6428.502119915227,1087.4231297610165,5341.07899015421,0.08081424333585144
34730,0.10330134059745347,1011.1340925073796,6414.750937036501,1077.0930601733257,5337.657876863175,0.08090587950599762
34735,0.10331621265915768,1029.3641248853546,6400.069275191017,1069.23854132196,5330.830733869057,0.08098353517276222
34740,0.1033310847208619,1059.64581860697,6384.49449113831,1063.7174811335087,5320.777010004801,0.0810479071800841
34745,0.10334595678256611,1102.2279062967655,6368.114068197209,1060.351403019866,5307.7626651773435,0.08109972970010035
34750,0.10336082884427032,1157.1569168101078,6351.060266352759,1058.9146834605722,5292.145582892186,0.08113977452340372
34755,0.10337570090597453,1224.2765728395912,6333.502986813842,1059.1237713863804,5274.3792154274615,0.08116884252198477
34760,0.10339057296767874,1303.234680070846,6315.641358852726,1060.6292982896102,5255.0120605631155,0.08118774513039641
34765,0.10340544502938295,1393.4967278966278,6297.694541042103,1063.0140575392534,5234.68048350285,0.08123733443702293
34770,0.10342031709108716,1494.365154407591,6279.892181264913,1065.7993604047422,5214.092820860171,0.0812763021530562
34775,0.10343518915279137,1605.0030442381922,6262.464920047306,1068.4613019060316,5194.003618141274,0.08130496778221512
34780,0.10345006121449558,1724.4609349962834,6245.635266916603,1070.457131020188,5175.1781358964145,0.08132397931391747
34785,0.1034649332761998,1851.7054189512223,6229.609140128577,1071.2604278261326,5158.348712302444,0.08133387116289378
34790,0.103479805337904,1985.6483411471895,6214.568337291297,1070.4023809256357,5144.165956365661,0.08133503666723153
34795,0.10349467739960823,2125.1755891648577,6200.6641896812735,1067.5153450919208,5133.148844589353,0.0813345273996388
34800,0.10350954946131244,2269.174687857113,6188.012631481053,1062.3741958678856,5125.6384356131675,0.08134862822775334
34805,0.10352442152301665,2416.5605708727817,6176.690871828109,1054.9308651345893,5121.76000669352,0.08135305561738586
34810,0.10353929358472086,2566.298909786321,6166.735784656478,1045.337849006072,5121.397935650406,0.08139502533324963
34815,0.10355416564642507,2717.426192526551,6158.144033247149,1033.9573772595024,5124.186655987647,0.08143134970182749
34820,0.10356903770812928,2869.065399638115,6150.873839429889,1021.3542244005394,5129.51961502935,0.08148908821242444
34825,0.10358390976983349,3020.435790362212,6144.84821428654,1008.2716906214926,5136.576523665047,0.08154369664865822
34830,0.1035987818315377,3170.855230427764,6139.959408322005,995.5919215357067,5144.367486786299,0.0815910956103811
34835,0.10361365389324191,3319.7339198802665,6136.074324447874,984.2832886421692,5151.791035805704,0.08163118008581019
34840,0.10362852595494612,3466.559435223596,6133.040661423001,975.3388412861708,5157.701820136831,0.0816637569450723
34845,0.10364339801665033,3610.8745749561585,6130.693599225828,969.710716661282,5160.982882564545,0.08168855178126828
34850,0.10365827007835456,3752.2512252911138,6128.862874369553,968.2457612546509,5160.617113114902,0.08170522703865125
34855,0.10367314214005877,3890.2648222647385,6127.3800981371705,971.6274492400706,5155.7526488971,0.08173059373221549
34860,0.10368801420176298,4024.4744817287988,6126.086132158299,980.3285270170602,5145.757605141239,0.08176079238870204
34865,0.10370288626346719,4154.413219088986,6124.838259238976,994.5777740137102,5130.260485225266,0.08178175328536497
34870,0.1037177583251714,4279.590930414899,6123.516795419656,1014.3429904203113,5109.173804999345,0.08179305470588144
34875,0.10373263038687561,4399.5103140275305,6122.030714704349,1039.330956031774,5082.699758672575,0.08179423250476478
34880,0.10374750244857982,4513.693228787128,6120.3218337925055,1069.0037923337936,5051.318041458711,0.08178481931672517
34885,0.10376237451028403,4621.712683360188,6118.36715368213,1102.610016955388,5015.757136726743,0.08178038214736762
34890,0.10377724657198824,4723.22417666161,6116.179084993559,1139.2276870303156,4976.951397963243,0.0817839220348517
34895,0.10379211863369245,4817.989714199683,6113.803482669811,1177.816432832119,4935.987049837692,0.0817757696570672
34900,0.10380699069539666,4905.888570144719,6111.315655353917,1217.2748969359388,4894.0407584179775,0.08175553491666764
34905,0.10382186275710088,4986.910665975311,6108.814756238976,1256.5000929891785,4852.314663249797,0.08172291494651845
34910,0.1038367348188051,5061.131097462036,6106.41716205178,1294.4454263775785,4811.971735674201,0.08168995324936479
34915,0.1038516068805093,5128.667556402178,6104.249565376913,1330.174499980677,4774.075065396236,0.08167364285006301
34920,0.10386647894221351,5189.62573167938,6102.442514972987,1362.9082807823843,4739.534234190603,0.08164484822932322
34925,0.10388135100391772,5244.040686831777,6101.125030617344,1392.0636605693787,4709.061370047965,0.08160344226360132
34930,0.10389622306562193,5291.824095368088,6100.4207078792715,1417.2818709528754,4683.138836926396,0.08154932370269198
34935,0.10391109512732614,5332.727542332954,6100.445450285412,1438.4456134029829,4661.999836882429,0.08151476197251581
34940,0.10392596718903035,5366.330579143734,6101.306671636617,1455.6841749156206,4645.622496720996,0.08148514718630291
34945,0.10394083925073457,5392.058925521753,6103.103552829124,1469.3662658999467,4633.737286929178,0.08144289723192473
34950,0.10395571131243878,5409.233634079502,6105.9277596797265,1480.0808689196283,4625.846890760098,0.08138758096567457
34955,0.10397058337414299,5417.1469832911835,6109.86395798383,1488.6070175537657,4621.256940430065,0.08133187322656629
34960,0.10398545543584721,5415.156293460664,6114.989505836763,1495.87408267502,4619.115423161743,0.08130860895262462
34965,0.10400032749755142,5402.783619528802,6121.372848838553,1502.9147446548945,4618.458104183659,0.08127133046148435
34970,0.10401519955925563,5379.80791238349,6129.070365619042,1510.8132819885031,4618.257083630539,0.08121920044845891
34975,0.10403007162095984,5346.336896959892,6138.12167626281,1520.6520381291616,4617.469638133649,0.08115140582370615
34980,0.10404494368266405,5302.848344581444,6148.543699669406,1533.458910273316,4615.08478939609,0.0811217175814805
34985,0.10405981574436826,5250.194114873218,6160.323994230567,1550.1584567550622,4610.165537475505,0.08109038276117146
34990,0.10407468780607247,5189.56471806641,6173.414109954386,1571.5288035074657,4601.88530644692,0.08104188042390632
34995,0.10408955986777668,5122.416662416449,6187.723795919673,1598.1660254874641,4589.557770432209,0.08097549522489761
35000,0.10410443192948089,5050.369081835851,6203.116929279672,1630.4571665393448,4572.659762740327,0.08090490779213227
35005,0.1041193039911851,4975.07977269005,6219.409956172591,1668.5626028951533,4550.847353277437,0.0808799834055945
35010,0.10413417605288931,4898.113554163188,6236.373468361445,1712.4080835125255,4523.96538484892,0.08083636599664572
35015,0.10414904811459354,4820.817559481291,6253.737301630911,1761.6864956460745,4492.050805984836,0.08077352891606387
35020,0.10416392017629775,4744.218407771357,6271.199260160085,1815.869182624297,4455.3300775357875,0.08069105540974125
35025,0.10417879223800196,4668.954950773449,6288.437274340181,1874.2264459158569,4414.210828424324,0.08061666289866111
35030,0.10419366429970617,4595.257272937279,6305.124511951844,1935.856657185271,4369.267854766574,0.08058193810787839
35035,0.10420853636141038,4522.977873521149,6320.946700207546,1999.7231597380917,4321.223540469455,0.08059387797678816
35040,0.10422340842311459,4451.674788547327,6335.6206873718065,2064.6978409375697,4270.922846434237,0.08078998880548371
35045,0.1042382804848188,4380.739471891294,6348.913083958229,2129.609915434927,4219.303168523302,0.08098259362563986
35050,0.10425315254652301,4309.555513269349,6360.657685922712,2193.298097945965,4167.359587976747,0.08117165706543729
35055,0.10426802460822722,4237.668863515357,6370.7703154674255,2254.6640007221285,4116.106314745297,0.08135716681663087
35060,0.10428289666993143,4164.947239771366,6379.259745753818,2312.7243089877693,4066.5354367660484,0.08153912669213151
35065,0.10429776873163564,4091.7065364008095,6386.233530135581,2366.6591134538216,4019.574416681759,0.08171867115571538
35070,0.10431264079333986,4018.7855640927737,6391.89784921132,2415.853754304906,3976.044094906414,0.08189673559847292
35075,0.10432751285504407,3947.5568406796983,6396.550913289533,2459.931687084266,3936.6192262052673,0.08207136050328712
35080,0.10434238491674828,3879.8694764254255,6400.5699802514955,2498.7762327045925,3901.793747546903,0.08224293731234616
35085,0.1043572569784525,3817.9291151814655,6404.392611897707,2532.5396157861724,3871.8529961115346,0.08241431411560947
35090,0.1043721290401567,3764.1280387629668,6408.493323855951,2561.638397638788,3846.8549262171628,0.08258212447369827
35095,0.10438700110186092,3720.844745820379,6413.357213758774,2586.735219284406,3826.6219944743684,0.0827463538441355
35100,0.10440187316356513,3690.2357904551927,6419.452423720269,2608.7076155754175,3810.744808144851,0.08290698640769767
35105,0.10441674522526934,3674.0430854929814,6427.203376873111,2628.605467524876,3798.5979093482347,0.08306400394313228
35110,0.10443161728697355,3673.4373806740614,6436.966625573634,2647.599356208033,3789.367269365601,0.08321738394001087
35115,0.10444648934867776,3688.913758876244,6449.010889888128,2666.922614126487,3782.088275761641,0.08336709708698861
35120,0.10446136141038197,3720.24858063927,6463.502496107579,2687.8102066655515,3775.6922894420272,0.08351310446206461
35125,0.10447623347208619,3766.5203027491975,6480.4969987243385,2711.437707547694,3769.0592911766444,0.08365535486594768
35130,0.1044911055337904,3826.1899088955997,6499.937332565438,2738.863566594722,3761.0737659707156,0.08379378276239642
35135,0.10450597759549461,3897.231036149202,6521.658429371096,2770.977626894169,3750.6808024769266,0.08392830722298952
35140,0.10452084965719882,3977.2957047689356,6545.397866109071,2808.4584603000935,3736.939405808978,0.08405883213841825
35145,0.10453572171890303,4063.8990370082024,6570.811801030457,2851.741587960471,3719.070213069986,0.08418524778452127
35150,0.10455059378060724,4154.605462844557,6597.495201497611,2901.0000695601334,3696.4951319374773,0.08430744727655398
35155,0.10456546584231145,4247.199539178955,6625.005175734444,2956.138312103921,3668.8668636305224,0.08442787356575088
35160,0.10458033790401566,4339.826507671255,6652.886088528403,3016.7992912394034,3636.0867972889996,0.0845441445533571
35165,0.10459520996571987,4431.090922252076,6680.6950685464035,3082.3847131189063,3598.310355427497,0.08465617291159101
35170,0.10461008202742408,4520.105869031788,6708.026503336664,3152.0869842822053,3555.9395190544587,0.08476387407918018
35175,0.1046249540891283,4606.490147137932,6734.534170527049,3224.9312127799317,3509.6029577471177,0.084867169400419
35180,0.10463982615083252,4690.315822048431,6759.949775548891,3299.824857337284,3460.124918211607,0.08496598872177231
35185,0.10465469821253673,4772.013266301464,6784.096863007322,3375.612114656812,3408.48474835051,0.08506027235658774
35190,0.10466957027424094,4852.2446446780905,6806.8993413336975,3451.129754141381,3355.7695871923165,0.08514997240762263
35195,0.10468444233594515,4931.759380479791,6828.384198642525,3525.260957217832,3303.123241424693,0.08523551246593172
35200,0.10469931439764936,5011.24624663292,6848.678366280263,3596.983872686143,3251.6944935941196,0.08531665491407671
35205,0.10471418645935357,5091.196353582731,6868.000065321483,3665.412101981002,3202.587963340481,0.08539310520085387
35210,0.10472905852105778,5171.789612431476,6886.6453031816945,3729.825156328303,3156.8201468533916,0.08546551879832552
35215,0.10474393058276199,5252.814495316519,6904.970431476759,3789.687981708526,3115.2824497682327,0.0855389241160411
35220,0.1047588026444662,5333.627407687452,6923.371810921331,3844.659763283832,3078.7120476374994,0.08560757875941799
35225,0.10477367470617041,5413.154071834621,6942.263661005011,3894.5932078568376,3047.6704531481737,0.08567140357288833
35230,0.10478854676787462,5489.931367933822,6962.055134593124,3939.5261940384185,3022.528940554706,0.08573051545024181
35235,0.10480341882957885,5562.184473890758,6983.127598595182,3979.6679764196792,3003.4596221755023,0.0857851336769676
35240,0.10481829089128306,5627.931252977936,7005.813066528029,4015.3820242375173,2990.4310422905114,0.08583471803022369
35245,0.10483316295298727,5685.103939465312,7030.374741409426,4047.167144175999,2983.207597233427,0.08587916598957555
35250,0.10484803501469148,5731.677397930016,7056.990681085207,4075.637915212074,2981.352765873133,0.08591835990433859
35255,0.10486290707639569,5765.793529564171,7085.7416549188965,4101.504803096811,2984.2368518220856,0.08595216607683658
35260,0.1048777791380999,5785.872555631354,7116.604263177591,4125.553758610324,2991.050504567267,0.08598043532976665
35265,0.10489265119980411,5790.703623924944,7149.450278612312,4148.624733481302,3000.8255451310097,0.08600300503670348
35270,0.10490752326150832,5779.50916364813,7184.052900293033,4171.588420165226,3012.4644801278073,0.08601970233580422
35275,0.10492239532321253,5751.979437938453,7220.100169429865,4195.320642347824,3024.7795270820407,0.08603034801038768
35280,0.10493726738491674,5708.275695726895,7257.215208608197,4220.674163121628,3036.5410454865687,0.08603476034857566
35285,0.10495213944662095,5649.002177643691,7294.9822663117275,4248.448182609793,3046.534083701935,0.08603275822399427
35290,0.10496701150832517,5575.149007630762,7332.976859947493,4279.356393466908,3053.6204664805846,0.08602416269586467
35295,0.10498188357002938,5488.009736673344,7370.797707737057,4313.995065227429,3056.8026425096277,0.08600879661864472
35300,0.1049967556317336,5389.079013284942,7408.097716533024,4352.813143066749,3055.284573466275,0.08598648206666441
35305,0.1050116276934378,5279.93751176706,7444.611127909404,4396.08667912361,3048.5244487857935,0.08595703578214929
35310,0.10502649975514201,5162.132766118379,7480.174070917935,4443.899982585664,3036.2740883322713,0.08592026328862641
35315,0.10504137181684622,5037.065768306923,7514.736242888655,4496.135623339293,3018.600619549363,0.08587956578251832
35320,0.10505624387855043,4905.893848288925,7548.3622141103,4552.474843556699,2995.8873705536007,0.0858410010766337
35325,0.10507111594025464,4769.460166244098,7581.221860742891,4612.409070810046,2968.8127899328456,0.08579581799310725
35330,0.10508598800195885,4628.258840169717,7613.570568871025,4675.262194739278,2938.308374131747,0.08574368778325628
35335,0.10510086006366307,4482.44213697052,7645.72099182703,4740.222223603551,2905.4987682234787,0.08568425010961449
35340,0.10511573212536728,4331.872296687039,7678.00914395079,4806.3800510361425,2871.629092914647,0.08561712379695094
35345,0.1051306041870715,4176.215707616739,7710.758346574727,4872.772487467244,2837.9858591074826,0.0855419226535775
35350,0.10514547624877571,4015.0718227252974,7744.244902623022,4938.426533212774,2805.818369410248,0.08545827543978228
35355,0.10516034831047992,3848.124114481629,7778.6693019650165,5002.40209225996,2776.2672097050563,0.08536584834173468
35360,0.10517522037218413,3675.2963019736585,7814.136237687689,5063.830861011516,2750.3053766761723,0.0852643677590079
35365,0.10519009243388834,3496.8948005806465,7850.645783841431,5121.949825478059,2728.6959583633716,0.08515364094991167
35370,0.10520496449559255,3313.718403012217,7888.096838972075,5176.128495387964,2711.9683435841107,0.08503357217437398
35375,0.10521983655729676,3127.118853441994,7926.302511659481,5225.889555406331,2700.41295625315,0.0849041724326109
35380,0.10523470861900097,2939.0010801748294,7965.015681274038,5270.922949764987,2694.092731509051,0.08476556164670565
35385,0.10524958068070518,2751.75884751591,8003.961691260113,5311.0935453751,2692.8681458850133,0.08461796303891721
35390,0.10526445274240939,2568.149558941155,8042.8741980616305,5346.4425145087625,2696.431683552868,0.08446169036651838
35395,0.1052793248041136,2391.1197591162527,8081.529747368762,5377.182547107853,2704.3472002609096,0.08429712943382626
35400,0.10529419686581783,2223.599382972844,8119.776762010683,5403.687037963479,2716.089724047204,0.08412471581911674
35405,0.10530906892752204,2068.2870040758366,8157.555304853766,5426.473542580577,2731.0817622731893,0.0839449109863671
35410,0.10532394098922625,1927.449609670878,8194.905142549987,5446.182046062496,2748.7230964874916,0.08376876186555797
35415,0.10533881305093046,1802.758606825927,8231.96112401456,5463.548883551355,2768.4122404632053,0.08359581290422748
35420,0.10535368511263467,1695.1791710193206,8268.936494146834,5479.377411661168,2789.5590824856663,0.0834172742500774
35425,0.10536855717433888,1604.923456119811,8306.096267577574,5494.506693435493,2811.589574142081,0.08323344431665272
35430,0.10538342923604309,1531.470656674347,8343.723990506925,5509.779494118133,2833.9444963887927,0.08305173850807593
35435,0.1053983012977473,1473.6495857723453,8382.085973752997,5526.010801070208,2856.0751726827893,0.08291127198670083
35440,0.10541317335945151,1429.7732693363096,8421.397308654521,5543.9579194162025,2877.4393892383187,0.08276453102634126
35445,0.10542804542115572,1397.8106728142902,8461.793674508346,5564.293010286765,2897.5006642215812,0.08261171301632747
35450,0.10544291748285993,1375.5782663331793,8503.312174224626,5587.578781334473,2915.7333928901526,0.08245295349666928
35455,0.10545778954456415,1360.9335583487618,8545.883310075455,5614.247941509136,2931.635368566319,0.08228832692302451
35460,0.10547266160626836,1351.9536607983619,8589.334885697854,5644.587000407862,2944.7478852899912,0.08211784948913602
35465,0.10548753366797257,1347.084043746876,8633.407260794196,5678.72500654831,2954.682254245886,0.08194148387601734
35470,0.10550240572967678,1345.2456158873947,8677.778151770817,5716.6278364715,2961.1503152993173,0.08175914576711636
35475,0.105517277791381,1345.8919319277647,8722.094198862726,5758.098612693021,2963.9955861697044,0.08157071193362579
35480,0.1055321498530852,1349.0125144095655,8766.005899687041,5802.784689278548,2963.221210408493,0.08137602965859525
35485,0.10554702191478942,1355.0827976614128,8809.202281133188,5850.191363028939,2959.010918104249,0.08117492723734518
35490,0.10556189397649363,1364.9658062706912,8851.441835862464,5899.702042437745,2951.739793424719,0.08096722526765811
35495,0.10557676603819784,1379.7750524863986,8892.576734999793,5950.604074790024,2941.972660209769,0.08075274842458598
35500,0.10559163809990205,1400.7119037336133,8932.568067227397,6002.118873640467,2930.44919358693,0.08053133739458697
35505,0.10560651016160626,1428.893427305833,8971.490758337186,6053.434511035202,2918.0562473019836,0.0803028606127019
35510,0.10562138222331048,1465.18806238867,9009.527807633893,6103.738649586893,2905.7891580469995,0.08006722539618845
35515,0.10563625428501469,1510.0760617965816,9046.954458696602,6152.249670361082,2894.70478833552,0.0798243879969741
35520,0.1056511263467189,1563.5493004148948,9084.113829505035,6198.244132496119,2885.869697008916,0.07959099471897682
35525,0.10566599840842311,1625.060826197885,9121.38629401103,6241.079242978431,2880.3070510325997,0.07935078715612263
35530,0.10568087047012732,1693.5288139537133,9159.155472171213,6280.209721600931,2878.945750570282,0.0791035999931222
35535,0.10569574253183153,1767.3930792106476,9197.773994766636,6315.199178383995,2882.574816382641,0.07884963997597418
35540,0.10571061459353574,1844.715964058354,9237.532223821794,6345.726734062625,2891.805489759169,0.07858917581662428
35545,0.10572548665523995,1923.3142264484568,9278.632812613698,6371.5899942409005,2907.0428183727972,0.07832253165902368
35550,0.10574035871694416,2000.9053925618255,9321.17339514388,6392.705578102221,2928.467817041659,0.07805007697121946
35555,0.10575523077864837,2075.25134383121,9365.13885359794,6409.108215560349,2956.0306380375914,0.07777221347985855
35560,0.10577010284035258,2144.2836970238914,9410.403610786181,6420.949035539832,2989.454575246349,0.0774893601391859
35565,0.10578497490205681,2206.1993241058335,9456.743350499302,6428.493182768734,3028.250167730568,0.07720193737662287
35570,0.10579984696376102,2259.519352231284,9503.854616212886,6432.116437307884,3071.7381789050023,0.0769103519259196
35575,0.10581471902546523,2303.1102751215467,9551.380005900013,6432.30016411476,3119.079841785253,0.0766149834326398
35580,0.10582959108716944,2336.170576627228,9598.936265839593,6429.6237429116145,3169.3125229279785,0.07631617372458563
35585,0.10584446314887365,2358.1899215934163,9646.142535311354,6424.7536309092575,3221.388904402096,0.07603946462554007
35590,0.10585933521057786,2368.8901866959695,9692.646289706545,6418.428367515547,3274.2179221909983,0.07603874271654006
35595,0.10587420727228207,2368.1583170313843,9738.145094591418,6411.439099985504,3326.7059946059144,0.07603005842809922
35600,0.10588907933398628,2355.9803378639845,9782.40299696912,6404.6055542334,3377.7974427357203,0.07601408894344688
35605,0.10590395139569049,2332.384105994618,9825.261105849895,6398.747772572632,3426.513333277263,0.07599147424092412
35610,0.1059188234573947,2297.3959317861663,9866.642529823243,6394.65438035647,3471.9881494667725,0.07596280830797236
35615,0.10593369551909891,2251.0134740598805,9906.552262353594,6393.048616505226,3513.5036458483683,0.07592863405191529
35620,0.10594856758080314,2193.194741548965,9945.072808880594,6394.553839260532,3550.5189696200614,0.07588944108651992
35625,0.10596343964250735,2123.861005179061,9982.356361969876,6399.6606352028575,3582.6957267670186,0.0758456652481543
35630,0.10597831170421156,2042.910196861445,10018.614221643034,6408.697922384249,3609.9162992587853,0.07580056636257826
35635,0.10599318376591577,1950.2370408659444,10054.104014529614,6421.810445105592,3632.2935694240214,0.07578187417457914
35640,0.10600805582761998,1845.7566495487126,10089.115163968736,6438.944736311963,3650.1704276567725,0.075758323669654
35645,0.10602292788932419,1729.4293701241577,10123.953047837815,6459.844970602084,3664.108077235731,0.07573027676178876
35650,0.1060377999510284,1601.2859374846412,10158.922354730765,6484.059232880777,3674.8631218499877,0.07569805083624465
35655,0.10605267201273261,1461.45308593983,10194.31027901214,6510.955749832655,3683.3545291794844,0.07566191721303021
35660,0.10606754407443682,1310.1803757968937,10230.370329053536,6539.747773994823,3690.6225550587133,0.07562210101684473
35665,0.10608241613614103,1147.8689116924825,10267.307609564123,6569.5252458956,3697.7823636685225,0.07558021628287076
35670,0.10609728819784524,975.1018620748437,10305.26644471502,6599.2911751462725,3705.9752695687475,0.07559142777217664
35675,0.10611216025954946,792.6754090363238,10344.321124246604,6628.00084775387,3716.3202764927337,0.07559692808139666
35680,0.10612703232125367,601.6272782074566,10384.470391185469,6654.602352752105,3729.868038433364,0.07559706389203848
35685,0.10614190438295788,403.25869565065113,10425.636069364627,6678.077342679138,3747.558726685489,0.07559217511598273
35690,0.1061567764446621,199.14484965749762,10467.66597483986,6697.481229687422,3770.184745152438,0.07558259603110572
35695,0.1061716485063663,-8.871032700973956,10510.340985830198,6711.982072793799,3798.3589130364,0.07556865503261484
35700,0.10618652056807051,-218.70391710915555,10553.385874288811,6720.897227768648,3832.4886465201635,0.07555067162201945
35705,0.10620139262977472,-428.0755443236467,10596.483241483249,6723.726489972965,3872.7567515102837,0.07552894968915695
35710,0.10621626469147893,-634.5847981529168,10639.289667172094,6720.180091177719,3919.1095759943746,0.07550376683326457
35715,0.10623113675318314,-835.7962946098514,10681.453001077125,6710.199649096757,3971.2533519803683,0.0754753603074519
35720,0.10624600881488735,-1029.3406902222168,10722.62962485164,6693.970119471921,4028.659505379718,0.07548446437428731
35725,0.10626088087659157,-1213.0178380267198,10762.50051880598,6671.921024780647,4090.5794940253336,0.07549720837103495
35730,0.10627575293829579,-1384.8925893256273,10800.785095022475,6644.715739814826,4156.069355207649,0.07550777974380979
35735,0.106290625,-1543.373083354766,10837.252002231247,6613.228364983934,4224.023637247314,0.07551614978501267
35740,0.10630549706170421,-1687.2629040928896,10871.726439539498,6578.508637710787,4293.21780182871,0.07552214764844684
35745,0.10632036912340842,-1815.7813680479803,10904.093887347935,6541.736317484199,4362.357569863736,0.07552546706808694
35750,0.10633524118511263,-1928.5500386130325,10934.300516032103,6504.167412652764,4430.1331033793385,0.07552568062069905
35755,0.10635011324681684,-2025.5477461407172,10962.350811914535,6467.075378576846,4495.27543333769,0.07552225970603195
35760,0.10636498530852105,-2107.0402501165945,10988.303128949068,6431.6909057444955,4556.612223204573,0.0755619485850995
35765,0.10637985737022526,-2173.4935853685283,11012.263921424123,6399.144063821203,4613.119857602919,0.07562329633055809
35770,0.10639472943192947,-2225.481652948958,11034.38135049934,6370.412349131527,4663.969001367813,0.0756780707657795
35775,0.10640960149363368,-2263.5985967503493,11054.838814515084,6346.2776261162035,4708.56118839888,0.07572548034473875
35780,0.10642447355533789,-2288.3851042610577,11073.848764549293,6327.294135580896,4746.554628968397,0.07576469340259713
35785,0.10643934561704212,-2300.27538335021,11091.646963677718,6313.768781832382,4777.878181845336,0.07579485865018508
35790,0.10645421767874633,-2299.568714703677,11108.487153972743,6305.75394425583,4802.733209716913,0.07581512643278233
35795,0.10646908974045054,-2286.4266527201817,11124.635925994584,6303.052215682855,4821.583710311729,0.07582467048393522
35800,0.10648396180215475,-2260.8944976125304,11140.367455650456,6305.231843721022,4835.135611929433,0.07582270960169739
35805,0.10649883386385896,-2222.9437515428626,11155.957698649203,6311.651281650301,4844.306416998902,0.07585969464197298
35810,0.10651370592556317,-2172.5308964975393,11171.677630770251,6321.491125088686,4850.186505681565,0.07589869302010996
35815,0.10652857798726738,-2109.6668850794968,11187.785207486131,6333.7917571270755,4853.993450359056,0.07594632206576926
35820,0.10654345004897159,-2034.4910908033198,11204.515893787651,6347.495162682782,4857.020731104869,0.07598219114662738
35825,0.1065583221106758,-1947.34304587903,11222.071872290406,6361.4895168148,4860.582355475606,0.0760017367768491
35830,0.10657319417238001,-1848.825121189123,11240.610343390967,6374.655233354834,4865.955110036132,0.07600450036934889
35835,0.10658806623408422,-1739.84949495824,11260.231637901245,6385.911139924764,4874.3204979764805,0.07599014517477891
35840,0.10660293829578844,-1621.663500384253,11280.968116090844,6394.259318956992,4886.708797133852,0.07595846578970591
35845,0.10661781035749265,-1495.8489138894365,11302.774978871832,6398.826956294016,4903.948022577816,0.07590939525903546
35850,0.10663268241919686,-1364.2930122188554,11325.524135299518,6398.903339783508,4926.62079551601,0.07587310257411856
35855,0.10664755448090107,-1229.132158188163,11349.002147321871,6393.970044680047,4955.032102641824,0.07586816187282573
35860,0.10666242654260528,-1092.6719114209745,11372.913021948036,6383.722425044663,4989.190596903372,0.0758477965234768
35865,0.1066772986043095,-957.2906626161866,11396.88627358383,6368.080863961492,5028.805409622339,0.07581244422854065
35870,0.1066921706660137,-825.3359715411016,11420.490273540741,6347.190825113816,5073.299448426926,0.07576262150958206
35875,0.10670704272771792,-699.0236910352869,11443.250478043334,6321.411530511318,5121.8389475320155,0.07571835127930017
35880,0.10672191478942213,-580.3493978042334,11464.6717144316,6291.293946545546,5173.377767886055,0.07566012831979238
35885,0.10673678685112634,-471.01977928645647,11484.263336969283,6257.54955705789,5226.713779911393,0.07558655227137426
35890,0.10675165891283055,-372.4088822072872,11501.565764912648,6221.012024486627,5280.553740426021,0.07549825163634266
35895,0.10676653097453477,-285.54108542608355,11516.176711162818,6182.59422778402,5333.582483378797,0.07539580200164796
35900,0.10678140303623898,-211.09984379822163,11527.77532286471,6143.243316459854,5384.5320064048565,0.07527969669218634
35905,0.10679627509794319,-149.4590000175922,11536.142504016358,6103.8963726169395,5432.246131399418,0.0751798433911407
35910,0.1068111471596474,-100.73188358461266,11541.175883222046,6065.439077349204,5475.736805872842,0.07513642338842727
35915,0.10682601922135161,-64.83243578347628,11542.898222400292,6028.669470881138,5514.228751519154,0.07508281906959058
35920,0.10684089128305582,-41.54207523750392,11541.45851440467,5994.268491105901,5547.190023298769,0.07501888728012007
35925,0.10685576334476003,-30.575851619466448,11537.125554721364,5962.778473733094,5574.34708098827,0.07494434211349786
35930,0.10687063540646424,-31.641627200399853,11530.274348838098,5934.590207262872,5595.684141575226,0.0748587787999512
35935,0.10688550746816845,-44.48666493550354,11521.366279376261,5909.938490915969,5611.4277884602925,0.0747617045857299
35940,0.10690037952987266,-68.92719176052833,11510.924448684684,5888.905506180107,5622.018942504576,0.07466895050861841
35945,0.10691525159157687,-104.85828031793699,11499.505978069716,5871.430763234937,5628.075214834778,0.07457046030714036
35950,0.1069301236532811,-152.24364664958648,11487.673237605779,5857.325997478962,5630.347240126817,0.07445720619991578
35955,0.10694499571498531,-211.08743216547373,11475.96597241366,5846.293217034638,5629.672755379022,0.07432868575476967
35960,0.10695986777668952,-281.39233796553344,11464.876081572997,5837.944148227528,5626.931933345469,0.0743274730396414
35965,0.10697473983839373,-363.1101839802859,11454.826425988027,5831.819563595824,5623.006862392203,0.07433954061564668
35970,0.10698961190009794,-456.0917262832727,11446.154552187758,5827.407350983981,5618.747201203777,0.07435264762725113
35975,0.10700448396180215,-560.0422216921497,11439.101698717399,5824.158627695994,5614.943071021405,0.07436723423320432
35980,0.10701935602350636,-674.4878681621803,11433.806979692496,5821.501658562264,5612.305321130231,0.07438379070984413
35985,0.10703422808521057,-798.7561993717645,11430.306278832943,5818.853749656544,5611.4525291763985,0.07440285643214892
35990,0.10704910014691478,-931.971245626185,11428.535170323918,5815.631621432971,5612.903548890947,0.07442501201532095
35995,0.10706397220861899,-1073.0622681570449,11428.335110557038,5811.260988715662,5617.074121841376,0.07445086486767342
36000,0.1070788442703232,-1220.7834781122501,11429.462189166297,5805.186172448554,5624.276016717743,0.07448102907408086
36005,0.10709371633202742,-1373.7415077555997,11431.5978439939,5796.880530276171,5634.71731371773,0.07451610106369493
36010,0.10710858839373164,-1530.427451339494,11434.36108456524,5785.858320383934,5648.502764181306,0.07455663287640786
36015,0.10712346045543585,-1689.2508396945714,11437.32189321251,5771.688317895849,5665.63357531666,0.07460310502392783
36020,0.10713833251714006,-1848.5737039668084,11440.015559093048,5754.009112163073,5686.006446929975,0.07465590096360135
36025,0.10715320457884427,-2006.7436799117395,11441.957741882201,5732.545568197666,5709.4121736845345,0.0747152850967922
36030,0.10716807664054848,-2162.1257218559695,11442.660065537551,5707.125491096227,5735.534574441324,0.07478138598925903
36035,0.10718294870225269,-2313.1323322446033,11441.646020356495,5677.695149867814,5763.950870488681,0.07485418618918072
36040,0.1071978207639569,-2458.252256766952,11438.46691443244,5644.332056015086,5794.134858417354,0.0749335195750704
36045,0.10721269282566111,-2596.0774169063507,11432.717569252885,5607.253300491874,5825.464268761011,0.07501907659352454
36050,0.10722756488736532,-2725.3275720448764,11424.051399205486,5566.817860487766,5857.23353871772,0.07511041706978663
36055,0.10724243694906953,-2844.871943364332,11412.194450142144,5523.521603743488,5888.672846398656,0.07520698956209455
36060,0.10725730901077375,-2953.746871014102,11396.957899698731,5477.984229311341,5918.9736703873905,0.07530815559095402
36065,0.10727218107247796,-3051.168533968056,11378.248449890121,5430.928053436124,5947.320396453997,0.0754132166236876
36070,0.10728705313418217,-3136.539817270026,11356.075985867088,5383.149317143074,5972.926668724014,0.07552144152190916
36075,0.10730192519588638,-3209.450540938922,11330.557853967166,5335.483474568061,5995.074379399105,0.07563209229594488
36080,0.1073167972575906,-3269.6704736622332,11301.919148468058,5288.766616492687,6013.152531975371,0.07574444641690717
36085,0.1073316693192948,-3317.134878278119,11270.488506479911,5243.795685497199,6026.692820982712,0.07585781451759802
36090,0.10734654138099901,-3351.922813761452,11236.689101418206,5201.290356029792,6035.398745388414,0.07597155294311465
36095,0.10736141344270322,-3374.229052529431,11201.02479179962,5161.859331074761,6039.165460724859,0.07608507117378174
36100,0.10737628550440743,-3384.3312056209834,11164.061704164593,5125.9733504663345,6038.088353698258,0.07619783455668805
36105,0.10739115756611164,-3382.5543712701437,11126.405875276978,5093.946482517822,6032.459392759156,0.07630936301825879
36110,0.10740602962781585,-3369.2362039232066,11088.677910608767,5065.92640406474,6022.751506544027,0.07641922650775636
36115,0.10742090168952008,-3344.695631680238,11051.485893802414,5041.8935165367,6009.592377265713,0.07652703789129603
36120,0.10743577375122429,-3309.2084728045193,11015.397971118715,5021.668040847912,5993.7299302708025,0.07663244394004431
36125,0.1074506458129285,-3262.9929134008507,10980.916112783263,5004.923779931731,5975.992332851532,0.07673511498918242
36130,0.10746551787463271,-3206.2072406716225,10948.4525107564,4991.207064081184,5957.245446675216,0.07683473382010356
36135,0.10748038993633692,-3138.961414290333,10918.309915859316,4979.959460335137,5938.350455524179,0.0769309843472788
36140,0.10749526199804113,-3061.343017347339,10890.666965843673,4970.543041913892,5920.123923929781,0.07702354076109603
36145,0.10751013405974534,-2973.4568530290762,10865.569239402803,4962.267268160297,5903.301971242506,0.0771120578615021
36150,0.10752500612144955,-2875.475950355626,10842.926424785219,4954.416724849802,5888.509699935416,0.0771961633791753
36155,0.10753987818315376,-2767.7000813032782,10822.515651823482,4946.279061155761,5876.2365906677205,0.07727545308623657
36160,0.10755475024485797,-2650.6162495731696,10803.990734338111,4937.172420113308,5866.818314224803,0.0773494894177429
36165,0.10756962230656218,-2524.954280458832,10786.896826750943,4926.471522628161,5860.425304122781,0.0774178041406173
36170,0.1075844943682664,-2391.72997617503,10770.689820308036,4913.6313897420505,5857.058430565986,0.07747990531629283
36175,0.10759936642997062,-2252.268615908726,10754.759680549003,4898.207548251851,5856.552132297152,0.07753528842560305
36180,0.10761423849167483,-2108.203032444004,10738.456836516518,4879.8715349369995,5858.585301579518,0.07758345110010911
36185,0.10762911055337904,-1961.4430065503966,10721.12064782864,4858.420651489346,5862.699996339295,0.07762391049287458
36190,0.10764398261508325,-1814.1159611529647,10702.1088789978,4833.781249744339,5868.327629253461,0.0776562219930707
36195,0.10765885467678746,-1668.4824111525259,10680.826997933738,4806.005324757523,5874.821673176215,0.07767999780504498
36200,0.10767372673849167,-1526.8327860722502,10656.756004376788,4775.260795209411,5881.495209167377,0.07769492391177422
36205,0.10768859880019588,-1391.3746275407584,10629.477418477612,4741.816455551799,5887.660962925814,0.0777007741265282
36210,0.10770347086190009,-1264.1204806774786,10598.694062570634,4706.023080541483,5892.670982029151,0.07769742026811834
36215,0.1077183429236043,-1146.7869550075975,10564.24538751409,4668.292457786325,5895.952929727766,0.07776735440709259
36220,0.10773321498530851,-1040.7145033341712,10526.116346832376,4629.076169322818,5897.040177509558,0.07785709635465188
36225,0.10774808704701273,-946.8156361651427,10484.439197199617,4588.845745912172,5895.5934512874455,0.07794049425274807
36230,0.10776295910871694,-865.5567739789676,10439.488063516106,4548.075432998303,5891.412630517803,0.07801743673452748
36235,0.10777783117042115,-796.9759545566139,10391.66659130313,4507.228318458369,5884.438272844761,0.07808785216891818
36240,0.10779270323212536,-740.7353608206986,10341.489453407856,4466.746065741086,5874.74338766677,0.07815169162695182
36245,0.10780757529382957,-696.2043264957501,10289.558828949142,4427.042041599276,5862.516787349867,0.07820891371561325
36250,0.10782244735553378,-662.5653564616205,10236.537202013173,4388.497270056522,5848.03993195665,0.07825947272366347
36255,0.107837319417238,-638.9330589841347,10183.1179373871,4351.458404946374,5831.659532440726,0.07830331126011202
36260,0.1078521914789422,-624.474051819182,10129.995105581085,4316.23679798766,5813.758307593425,0.07834035821851844
36265,0.10786706354064642,-618.5151846653143,10077.83398432322,4283.107744543553,5794.726239779668,0.07837053245932878
36270,0.10788193560235063,-620.6280485590605,10027.243586956027,4252.309104927092,5774.934482028934,0.07839375206833155
36275,0.10789680766405484,-630.6798062485996,9978.75246944643,4224.038707644004,5754.713761802426,0.07840994844581005
36280,0.10791167972575906,-648.843771493117,9932.788935503351,4198.450215025249,5734.338720478102,0.07841908386210389
36285,0.10792655178746327,-675.5675734667011,9889.666567717311,4175.64743734971,5714.019130367601,0.07842117056187878
36290,0.10794142384916748,-711.5016572440745,9849.57573650181,4155.6773838799745,5693.898352621836,0.0784162891052314
36295,0.10795629591087169,-757.395652930376,9812.581369627249,4138.522610216532,5674.058759410717,0.07840460348546681
36300,0.1079711679725759,-813.9741217791834,9778.626823313309,4124.09364350941,5654.533179803899,0.07838637071887368
36305,0.10798604003428011,-881.8057749276422,9747.54323095508,4112.222431190571,5635.320799764509,0.0783619430751083
36310,0.10800091209598432,-961.1810871142306,9719.063287306046,4102.65785709511,5616.405430210936,0.07833176187117662
36315,0.10801578415768853,-1052.0122077430506,9692.838126171677,4095.0643880704174,5597.773738101259,0.0782963427033131
36320,0.10803065621939274,-1153.7664116656188,9668.455822530732,4089.0248342563596,5579.430988274373,0.07825625301973733
36325,0.10804552828109695,-1265.4404624551316,9645.460116661858,4084.048006180192,5561.412110481666,0.07821208390442906
36330,0.10806040034280116,-1385.5787309244943,9623.368201302706,4079.581721234702,5543.7864800680045,0.07816441871125059
36335,0.10807527240450539,-1512.333283106912,9601.6867828149,4075.031163221555,5526.655619593346,0.07811380164593641
36340,0.1080901444662096,-1643.5599287325049,9579.926053625019,4069.782072790461,5510.143980834558,0.07806070947124549
36345,0.10810501652791381,-1776.9408049012018,9557.611622004644,4063.2277107819,5494.383911222744,0.07800552919446363
36350,0.10811988858961802,-1910.1217343063108,9534.294773174754,4054.7980698866627,5479.49670328809,0.07794854392928821
36355,0.10813476065132223,-2040.851474537426,9509.561639177806,4043.9894844965406,5465.572154681266,0.07788992819435539
36360,0.10814963271302644,-2167.1100616156036,9483.041913256719,4030.3926500849025,5452.649263171816,0.07782975283288686
36365,0.10816450477473065,-2287.2146470181333,9454.417658715567,4013.7171217761497,5440.700536939417,0.07787312079737249
36370,0.10817937683643486,-2399.893390723042,9423.432551977156,3993.8105923009257,5429.621959676229,0.0779714801397179
36375,0.10819424889813907,-2504.320954833557,9389.901598667997,3970.671606358179,5419.229992309818,0.07806121175994418
36380,0.10820912095984328,-2600.1127749876314,9353.721014587769,3944.454801919526,5409.266212668243,0.07817698019973773
36385,0.10822399302154749,-2687.2793303284925,9314.877621204241,3915.4682405991966,5399.409380605044,0.07830100088469891
36390,0.10823886508325171,-2766.145723309867,9273.456819799385,3884.162876191707,5389.293943607678,0.07841316689604912
36395,0.10825373714495592,-2837.2455353368687,9229.648026234205,3851.1146999098582,5378.5333263243465,0.0785134649291047
36400,0.10826860920666014,-2901.200622109276,9183.746403913718,3817.0005768150236,5366.745827098694,0.07860201243143676
36405,0.10828348126836435,-2958.5998301128466,9136.149842639627,3782.5692198414176,5353.580622798208,0.07867904288434809
36410,0.10829835333006856,-3009.8893559476,9087.350391758631,3748.609086521124,5338.741305237507,0.07874488259373787
36415,0.10831322539177277,-3055.285726806769,9037.919743860162,3715.915169873986,5322.004573986176,0.07879992104863942
36420,0.10832809745347698,-3094.719505516666,8988.488841616081,3685.256637871298,5303.232203744783,0.07884457774594503
36425,0.10834296951518119,-3127.8143143564594,8939.72219758935,3657.347035194801,5282.375162394549,0.07887926882315054
36430,0.1083578415768854,-3153.9021261053595,8892.288025182936,3632.8183244794236,5259.469700703512,0.07890437681447607
36435,0.10837271363858961,-3172.072371914419,8846.825731198194,3612.199491537728,5234.626239660466,0.0789202263560258
36440,0.10838758570029382,-3181.2494904880996,8803.912674927424,3595.8998871078497,5208.012787819574,0.07892706779411879
36445,0.10840245776199804,-3180.291196852355,8764.032319829637,3584.1970493796794,5179.8352704499575,0.07892506953603291
36450,0.10841732982370225,-3168.0980434547027,8727.545963428867,3577.228538048354,5150.317425380514,0.07891431879573611
36455,0.10843220188540646,-3143.723871554097,8694.670110744551,3574.987340454059,5119.682770290492,0.07889739465697995
36460,0.10844707394711067,-3106.4766401883508,8665.461252360472,3577.3206387150863,5088.140613645386,0.07889762432616339
36465,0.10846194600881488,-3056.0000028898103,8639.809335680031,3583.9320506312984,5055.877285048733,0.07888524723229752
36470,0.1084768180705191,-2992.327916287495,8617.440615008289,3594.3877503770127,5023.052864631276,0.07886027805838174
36475,0.1084916901322233,-2915.9073814296335,8597.929890840682,3608.127029487045,4989.802861353637,0.07882272222662907
36480,0.10850656219392751,-2827.587828454404,8580.721471365878,3624.4778150443676,4956.243656321511,0.07877258463002564
36485,0.10852143425563172,-2728.579223737728,8565.157579717277,3642.677419659585,4922.480160057692,0.07870987397738193
36490,0.10853630631733593,-2620.3842439327227,8550.51244621807,3661.8984033851502,4888.61404283292,0.07863460196461783
36495,0.10855117837904014,-2504.7124263562073,8536.0300008994,3681.278952163739,4854.751048735661,0.07854677732579901
36500,0.10856605044074437,-2383.385786284741,8520.962928116225,3699.9566935942203,4821.006234522005,0.07844639558127621
36505,0.10858092250244858,-2258.245823317683,8504.610850738305,3717.104440804912,4787.506409933393,0.07833342589057676
36510,0.10859579456415279,-2131.0710663979708,8486.355551127637,3731.9660283037897,4754.389522823847,0.07822854937539091
36515,0.108610666625857,-2003.5123955866638,8465.691380010678,3743.890220008295,4721.801160002383,0.0781264706884957
36520,0.10862553868756121,-1877.0505478591122,8442.249324701546,3752.360661473488,4689.888663228058,0.078009202574462
36525,0.10864041074926542,-1752.976863327107,8415.813582475575,3757.0200348507465,4658.793547624829,0.07787673110733466
36530,0.10865528281096963,-1632.395010364491,8386.32989637724,3757.6869521019757,4628.642944275263,0.07778048377203203
36535,0.10867015487267384,-1516.2387497551636,8353.905346212374,3754.364653219586,4599.540692992788,0.0777577340675625
36540,0.10868502693437805,-1405.2992624960152,8318.799735249067,3747.241193351421,4571.558541897646,0.07784519260895693
36545,0.10869989899608226,-1300.2554237058548,8281.409161180176,3736.68141768953,4544.727743490646,0.07792541630099296
36550,0.10871477105778647,-1201.7015698393834,8242.242793386547,3723.211548494173,4519.031244892374,0.07800712962893669
36555,0.1087296431194907,-1110.1693800739995,8201.894277675125,3707.497580104568,4494.396697570557,0.07809011090481247
36560,0.1087445151811949,-1026.1428842972791,8161.009527374665,3690.318867055057,4470.690660319608,0.07816587213109082
36565,0.10875938724289912,-950.0677045425764,8120.2529014799165,3672.5383082431345,4447.714593236782,0.07823449261069279
36570,0.10877425930460333,-882.3569543673239,8080.2738785795145,3655.070417073649,4425.203461505866,0.07829612223223266
36575,0.10878913136630754,-823.3965208120717,8041.6762770882,3638.848380815553,4402.827896272647,0.07835844671358597
36580,0.10880400342801175,-773.5517643098974,8004.991832057861,3624.791011210741,4380.20082084712,0.07844701287207109
36585,0.10881887548971596,-733.176253458827,7970.6595278201685,3613.770323582456,4356.889204237712,0.07853001403453627
36590,0.10883374755142017,-702.6214195318362,7939.011545975292,3606.5803881296765,4332.431157845616,0.07862187402373041
36595,0.10884861961312438,-682.2444445300862,7910.266087936147,3603.908088286438,4306.357999649709,0.07871483233447625
36600,0.10886349167482859,-672.4107249694598,7884.526751342326,3606.306486229052,4278.220265113274,0.07880317622931292
36605,0.1088783637365328,-673.4871936302116,7861.787656683335,3614.1716008937815,4247.616055789553,0.07888722585234817
36610,0.10889323579823702,-685.8237498476501,7841.943189929296,3627.723500177607,4214.219689751689,0.07896731348713473
36615,0.10890810785994123,-709.7219285042884,7824.801072643534,3646.992646221071,4177.8084264224635,0.07904714408611892
36620,0.10892297992164544,-745.3923881243809,7810.097482796893,3671.8123761736747,4138.285106623218,0.07914021952237903
36625,0.10893785198334965,-792.9053176312382,7797.513089202548,3701.818242898336,4095.694846304212,0.07923000903949583
36630,0.10895272404505386,-852.1398927324544,7786.689077005245,3736.4547007258893,4050.2343762793557,0.07931673636921999
36635,0.10896759610675807,-922.7399760666958,7777.242477440658,3774.9893375974375,4002.2531398432207,0.07940058848735525
36640,0.10898246816846228,-1004.0830677966155,7768.7803311995285,3816.5345633033417,3952.245767896187,0.07948978657844516
36645,0.1089973402301665,-1095.2680699112425,7760.912389742498,3860.076384311697,3900.836005430801,0.07960997278314332
36650,0.1090122122918707,-1195.125001388144,7753.262190651198,3904.5096262791385,3848.752564372059,0.07972799054899386
36655,0.10902708435357492,-1302.2468685971844,7745.476442392586,3948.6786853794283,3796.797757013158,0.07984424647953332
36660,0.10904195641527913,-1415.0410068762158,7737.232735791189,3991.42257578268,3745.8101600085092,0.0799758369148563
36665,0.10905682847698335,-1531.794865361036,7728.245675416447,4031.6226851542547,3696.622990262192,0.08010461141637641
36670,0.10907170053868756,-1650.7497629413633,7718.271597030364,4068.251274236877,3650.020322793487,0.08023032832117762
36675,0.10908657260039177,-1770.1757591031865,7707.112101446589,4100.418414519478,3606.6936869271112,0.08035270638892648
36680,0.10910144466209598,-1888.4414006290863,7694.616678162969,4127.414825929996,3567.2018522329727,0.08047143445319943
36685,0.10911631672380019,-2004.0734570995978,7680.68469924603,4148.7480316780375,3531.936667567992,0.08058618285607379
36690,0.1091311887855044,-2115.803428400892,7665.267022879358,4164.169442499239,3501.0975803801184,0.08071221778378385
36695,0.10914606084720861,-2222.599153677043,7648.367351635611,4173.690426260272,3474.676925375339,0.0808352046255475
36700,0.10916093290891282,-2323.680960653485,7630.04334914821,4177.586069833686,3452.4572793145235,0.08095309321862297
36705,0.10917580497061703,-2418.5224024692493,7610.40734973379,4176.386118125301,3434.021231608489,0.08106558833246204
36710,0.10919067703232124,-2506.8359304069863,7589.626329712401,4170.853383687808,3418.772946024593,0.08120391371079459
36715,0.10920554909402545,-2588.5441869813067,7567.9206838936625,4161.950672735507,3405.970011158155,0.08135017300957842
36720,0.10922042115572968,-2663.7382836719376,7545.561300300326,4150.797910495118,3394.763389805208,0.08149150991615002
36725,0.10923529321743389,-2732.6255665290337,7522.864472313686,4138.6216446426915,3384.2428276709943,0.08162769451539645
36730,0.1092501652791381,-2795.4708277755603,7500.184331367267,4126.699459214539,3373.484872152728,0.08175851759545232
36735,0.10926503734084231,-2852.5363365791522,7477.9027042801,4116.302052727478,3361.6006515526215,0.08189760508261643
36740,0.10927990940254652,-2904.0270019574305,7456.416559465504,4108.635830198742,3347.780729266762,0.08203435849825925
36745,0.10929478146425073,-2950.047080168947,7436.123461169356,4104.7888263028235,3331.3346348665327,0.08216522514680034
36750,0.10930965352595494,-2990.573918581145,7417.405662179479,4105.682605195247,3311.7230569842322,0.08229002369516966
36755,0.10932452558765915,-3025.4523346375404,7400.613610252251,4112.032461818078,3288.581148434173,0.08240857724250322
36760,0.10933939764936336,-3054.410608013149,7386.049718463621,4124.317782359882,3261.731936103739,0.08252334407299265
36765,0.10935426971106757,-3077.0960948847264,7373.953267355524,4142.763831017045,3231.189436338479,0.08264628403683998
36770,0.10936914177277178,-3093.1255955031256,7364.48728686916,4167.335561524061,3197.1517253450993,0.08278796346386272
36775,0.109384013834476,-3102.1432649415947,7357.728224820791,4197.743366274004,3159.984858546787,0.08292993075951072
36780,0.10939888589618021,-3103.877454616945,7353.659150192708,4233.460038249939,3120.1991119427685,0.08308225320662384
36785,0.10941375795788442,-3098.1877173543244,7352.16715277381,4273.747686466903,3078.4194663069065,0.08322887280513547
36790,0.10942863001958864,-3085.0944518264623,7353.045463612197,4317.69294844945,3035.3525151627464,0.08336946406955664
36795,0.10944350208129285,-3064.7862276399824,7356.000609778652,4364.248593110739,2991.7520166679124,0.0835036716623013
36800,0.10945837414299706,-3037.6033774310035,7360.664619483346,4412.279492763508,2948.385126719838,0.08363110787166952
36805,0.10947324620470127,-3004.00037916638,7366.6119177562605,4460.61093957401,2906.00097818225,0.08376335894033347
36810,0.10948811826640548,-2964.4931546191306,7373.380131878874,4508.0773607197325,2865.3027711591412,0.08389352948713931
36815,0.10950299032810969,-2919.599990202508,7380.493614093644,4553.569620266098,2826.923993827546,0.08401573182595845
36820,0.1095178623898139,-2869.785876115348,7387.488152441825,4596.079259800451,2791.408892641374,0.08412941226932537
36825,0.10953273445151811,-2815.4195235553143,7393.9351410592935,4634.738203203677,2759.196937855617,0.08427786839908145
36830,0.10954760651322233,-2756.750349137778,7399.4634627193755,4668.852617911361,2730.610844808014,0.08442341072325839
36835,0.10956247857492654,-2693.909718752535,7403.777512887704,4697.929778913263,2705.8477339744404,0.08456084811666553
36840,0.10957735063663075,-2626.9372009000226,7406.670145537369,4721.69692972533,2684.9732158120387,0.08468947390133669
36845,0.10959222269833496,-2555.8289461412924,7408.0297951215025,4740.111299551247,2667.918495570256,0.08482132795066165
36850,0.10960709476003917,-2480.6019878750367,7407.841555756043,4753.360652134173,2654.4809036218703,0.08494738706610468
36855,0.10962196682174338,-2401.365630969576,7406.182504114,4761.8540437527745,2644.3284603612256,0.08506294133187926
36860,0.1096368388834476,-2318.389531096456,7403.2119758556055,4766.202874088876,2637.009101766729,0.08516734193358387
36865,0.1096517109451518,-2232.157889043502,7399.15780940359,4767.192813856503,2631.9649955470877,0.0852599992679949
36870,0.10966658300685601,-2143.4005625523323,7394.299745190087,4765.747743465272,2628.5520017248155,0.0853521992650267
36875,0.10968145506856022,-2053.094755995412,7388.9512252637305,4762.887368871754,2626.0638563919765,0.08546511904256102
36880,0.10969632713026443,-1962.4349197154088,7383.440802919335,4759.680618970572,2623.7601839487625,0.08557822208918688
36885,0.10971119919196866,-1872.7729711223124,7378.094273182339,4757.197212765067,2620.897060417272,0.0856870995771023
36890,0.10972607125367287,-1785.5352227849967,7373.21849542498,4756.459883294911,2616.7586121300683,0.08578533639714185
36895,0.10974094331537708,-1702.1257966191642,7369.087712205452,4758.399661355488,2610.6880508499635,0.0858726876543288
36900,0.10975581537708129,-1623.8283218491797,7365.932976901486,4763.816384081219,2602.1165928202663,0.08594896861610309
36905,0.1097706874387855,-1551.718106358814,7363.935085358754,4773.346242765631,2590.5888425931225,0.08602738621906461
36910,0.10978555950048971,-1486.5957374250215,7363.221163345936,4787.43776251775,2575.783400828185,0.08609786014123195
36915,0.10980043156219392,-1428.9504196692328,7363.864799378883,4806.3371474883925,2557.5276518904902,0.08615747350792716
36920,0.10981530362389813,-1378.957663454315,7365.889349196758,4830.083453649639,2535.8058955471197,0.0862119964204495
36925,0.10983017568560234,-1336.5116661774869,7369.273800565613,4858.5135818603185,2510.7602187052944,0.08628603587745637
36930,0.10984504774730655,-1301.2884126068598,7373.96040587918,4891.276626070637,2482.6837798085435,0.08635143836036015
36935,0.10985991980901076,-1272.8316986219584,7379.86319263249,4927.856670869895,2452.0065217625943,0.08641869591561181
36940,0.10987479187071499,-1250.6514458696752,7386.876465545621,4967.6027165679225,2419.2737489776982,0.08647928539488442
36945,0.1098896639324192,-1234.3221908452938,7394.882520999425,5009.764033791079,2385.118487208346,0.08653134451093061
36950,0.1099045359941234,-1223.569685228474,7403.757989783914,5053.528940407039,2350.229049376875,0.08657469770791539
36955,0.10991940805582762,-1218.3351012532084,7413.3784781758295,5098.06479005278,2315.3136881230494,0.08660915100506641
36960,0.10993428011753183,-1218.8091575266726,7423.6214506428,5142.556905359383,2281.064545283417,0.08664684710263407
36965,0.10994915217923604,-1225.4321734796213,7434.367548285672,5186.244311131642,2248.12323715403,0.08667556485859462
36970,0.10996402424094025,-1238.860147879056,7445.500729806911,5228.450429383976,2217.050300422935,0.08669499719287331
36975,0.10997889630264446,-1259.9009446147584,7456.907732907438,5268.607362465986,2188.3003704414523,0.08670487502776184
36980,0.10999376836434867,-1289.4280928866365,7468.477376316173,5306.272954557108,2162.2044217590646,0.086727411561323
36985,0.11000864042605288,-1328.2821714417437,7480.1001649097325,5341.140408291672,2138.95975661806,0.08674650809493512
36990,0.11002351248775709,-1377.1709580085262,7491.668544420991,5373.04076361421,2118.6277808067807,0.08675963599435359
36995,0.11003838454946131,-1436.5793574702407,7503.078007499929,5401.938958782368,2101.1390487175613,0.08676432743116953
37000,0.11005325661116552,-1506.6986522925395,7514.229109515569,5427.924457851346,2086.3046516642225,0.0867602932444673
37005,0.11006812867286973,-1587.3821248973245,7525.030334429503,5451.197548909095,2073.832785520408,0.0867472617910031
37010,0.11008300073457394,-1678.1309992180013,7535.401670656726,5472.052425726044,2063.3492449306823,0.0867302269978589
37015,0.11009787279627815,-1778.111377388278,7545.278712392455,5490.858110725499,2054.420601666957,0.08670395902265574
37020,0.11011274485798236,-1886.1997688641354,7554.617079997345,5508.038206143292,2046.5788738540532,0.08666826431556074
37025,0.11012761691968657,-2001.0521617233144,7563.396934358118,5524.050402804952,2039.3465315531666,0.086623001149686
37030,0.11014248898139078,-2121.1895087378866,7571.627328034662,5539.366636710427,2032.2606913242353,0.08656906611406626
37035,0.110157361043095,-2245.09109586515,7579.350084241829,5554.454742753764,2024.8953414880652,0.08651024789541885
37040,0.1101722331047992,-2371.286635022139,7586.642831864389,5569.762378515635,2016.8804533487546,0.08644185243859766
37045,0.11018710516650342,-2498.4381797011883,7593.620772802308,5585.70384714843,2007.916925653878,0.0863638682996735
37050,0.11020197722820764,-2625.404145394542,7600.436745882647,5602.650221536737,1997.78652434591,0.08627630154409986
37055,0.11021684928991185,-2751.2797485685182,7607.279204943054,5620.922872108817,1986.356332834237,0.08618310281350058
37060,0.11023172135161606,-2875.41083107845,7614.367859964024,5640.790162560745,1973.5776974032797,0.08608848354395673
37065,0.11024659341332027,-2997.3809693399157,7621.946932485211,5662.466752431038,1959.4801800541727,0.08598585624036867
37070,0.11026146547502448,-3116.9746025067884,7630.276223723328,5686.114688678533,1944.1615350447955,0.08587523816082665
37075,0.11027633753672869,-3234.1213283824914,7639.620445850773,5711.8453286836,1927.7751171671725,0.08575662328388473
37080,0.1102912095984329,-3348.8282950719076,7650.237479784038,5739.721146206791,1910.5163335772477,0.08562998154630426
37085,0.11030608166013711,-3461.1086533173025,7662.366358868259,5769.756637914852,1892.6097209534073,0.08549526064239205
37090,0.11032095372184132,-3570.914287563148,7676.215814196913,5801.917852568685,1874.2979616282282,0.08535238999123765
37095,0.11033582578354553,-3678.0804927307872,7691.954150186545,5836.120463205525,1855.83368698102,0.08520128623943903
37100,0.11035069784524974,-3782.288899021335,7709.701064055064,5872.226730395594,1837.4743336594702,0.08504185952414636
37105,0.11036556990695397,-3883.0528101964023,7729.521810821441,5910.042088796216,1819.4797220252249,0.08487401969402694
37110,0.11038044196865818,-3979.7263697402714,7751.423885903342,5949.3123615659,1802.1115243374425,0.0846976817748051
37115,0.11039531403036239,-4071.5359255720396,7775.356190294012,5989.7227183242585,1785.6334719697534,0.08451277015251059
37120,0.1104101860920666,-4157.629094283666,7801.210490980053,6030.899421708537,1770.3110692715154,0.08431922119603447
37125,0.11042505815377081,-4237.134843937855,7828.824909894015,6072.415168228855,1756.4097416651603,0.08411698430617474
37130,0.11043993021547502,-4309.2268325009645,7857.989168344104,6113.798464082868,1744.1907042612356,0.08390602161610163
37135,0.11045480227717923,-4373.1824346896055,7888.45136264435,6154.547048005717,1733.904314638633,0.08368630674268575
37140,0.11046967433888344,-4428.431251425709,7919.926119221202,6194.1449466754075,1725.781172545794,0.08345782307981424
37145,0.11048454640058765,-4474.589074346404,7952.104036921593,6232.082377100427,1720.0216598211664,0.0832205621313682
37150,0.11049941846229186,-4511.475811067183,7984.662338696301,6267.877426520305,1716.7849121759964,0.08297672169977574
37155,0.11051429052399607,-4539.118320728561,8017.276606480577,6301.098252101459,1716.178354379118,0.08274153209400285
37160,0.1105291625857003,-4557.741111830331,8049.633363806732,6331.384442927562,1718.2489208791694,0.08249854361973123
37165,0.1105440346474045,-4567.749163584224,8081.443120944937,6358.466163803281,1722.9769571416555,0.08224772403406262
37170,0.11055890670910871,-4569.707579335434,8112.45333972912,6382.179749076823,1730.2735906522967,0.08198904487146694
37175,0.11057377877081292,-4564.322284640373,8142.460643994128,6402.478541183925,1739.9821028102033,0.08172248407835435
37180,0.11058865083251714,-4552.4246008126465,8171.321523006368,6419.43798751363,1751.8835354927378,0.08144802900704157
37185,0.11060352289422135,-4534.960511343482,8198.960762566387,6433.25433298636,1765.7064295800265,0.08116567945537505
37190,0.11061839495592556,-4512.983252365894,8225.376891843474,6444.236672126537,1781.1402197169373,0.08087545047855067
37195,0.11063326701762977,-4487.646073125752,8250.644046425177,6452.792626255104,1797.8514201700737,0.08057737478886096
37200,0.11064813907933398,-4460.191148057177,8274.909811779307,6459.408435950545,1815.5013758287623,0.08027150467127435
37205,0.11066301114103819,-4431.93096237819,8298.388822632187,6464.624736856473,1833.7640857757142,0.07995791344593163
37210,0.1106778832027424,-4404.21997856459,8321.35215225849,6469.009649209751,1852.3425030487397,0.07963669657676292
37215,0.11069275526444662,-4378.4166311052795,8344.112829121355,6473.13100689588,1870.9818222254753,0.07930797254840599
37220,0.11070762732615083,-4355.838100574522,8367.00815468741,6477.529558571249,1889.4785961161606,0.0789718836187731
37225,0.11072249938785504,-4337.712278495623,8390.37983785164,6482.694801348869,1907.6850365027713,0.07862859651957099
37230,0.11073737144955925,-4325.132400819497,8414.553264194037,6489.044791775658,1925.508472418379,0.0782783031373369
37235,0.11075224351126346,-4319.019803129929,8439.817428387045,6496.910868396739,1942.906559990306,0.07792122116780487
37240,0.11076711557296767,-4320.099203437254,8466.407124083478,6506.527767735737,1959.8793563477411,0.07784347320511024
37245,0.11078198763467188,-4328.8891200707985,8494.488873009124,6518.029169723908,1976.4597032852162,0.07778437621298481
37250,0.1107968596963761,-4345.707865560857,8524.15177742281,6531.44831146636,1992.7034659564506,0.07763934147596402
37255,0.1108117317580803,-4370.693424646942,8555.404024327852,6546.7229932168975,2008.6810311109548,0.07770576051527178
37260,0.11082660381978451,-4403.833780367963,8588.175212161881,6563.704091146951,2024.4711210149298,0.07767189593335122
37265,0.11084147588148872,-4445.00315575626,8622.324086699015,6582.166599143758,2040.157487555257,0.07752769416972234
37270,0.11085634794319295,-4493.999321035589,8657.65074307689,6601.822243432989,2055.8284996439015,0.07749763223068995
37275,0.11087122000489716,-4550.577561806591,8693.911946183336,6622.332832177047,2071.5791140062893,0.07752757103630543
37280,0.11088609206660137,-4614.477953466039,8730.837991898863,6643.323689009324,2087.514302889539,0.07743299168866179
37285,0.11090096412830558,-4685.443977244796,8768.149498821273,6664.396740155015,2103.7527586662573,0.07722572953788337
37290,0.11091583619000979,-4763.231944610123,8805.572676819555,6685.143042996494,2120.4296338230606,0.07733821585495561
37295,0.110930708251714,-4847.6119156597715,8842.851932453696,6705.154726253303,2137.6972062003924,0.07730651743651783
37300,0.11094558031341821,-4938.361656921605,8879.759091081647,6724.0364310964305,2155.7226599852165,0.07710874199013644
37305,0.11096045237512242,-5035.255660998308,8916.098980969862,6741.416381004828,2174.6825999650346,0.07709899126785975
37310,0.11097532443682663,-5138.051416189974,8951.71157443963,6756.957161174685,2194.7544132649455,0.07713922772131987
37315,0.11099019649853084,-5246.475078795528,8986.471259632295,6770.366165555776,2216.105094076519,0.07702987418871188
37320,0.11100506856023505,-5360.208562119712,9020.284080356778,6781.405495106727,2238.8785852500505,0.07680918950463772
37325,0.11101994062193928,-5478.879864794891,9053.083903806508,6789.900900260822,2263.183003545686,0.0769254662754754
37330,0.11103481268364349,-5602.058210509919,9084.82844971772,6795.749196340253,2289.0792533774666,0.07693059135759542
37335,0.1110496847453477,-5729.255203816717,9115.495954097563,6798.923485357755,2316.572468739808,0.07677372585992068
37340,0.1110645568070519,-5859.932643447577,9145.08297980145,6799.475526193822,2345.6074536076276,0.0766559183613796
37345,0.11107942886875612,-5993.516829690363,9173.60357252804,6797.534726114361,2376.0688464136792,0.0767257696910672
37350,0.11109430093046033,-6129.4182076281395,9201.089646944418,6793.303474713937,2407.7861722304806,0.07670242040287342
37355,0.11110917299216454,-6267.054183502019,9227.592221728435,6787.048874416436,2440.5433473119992,0.07649827765476677
37360,0.11112404505386875,-6405.872205645941,9253.182939815284,6779.09128373508,2474.0916560802043,0.07645851076762468
37365,0.11113891711557296,-6545.369962747992,9277.955229749463,6769.79041290627,2508.164816843193,0.07651173897469062
37370,0.11115378917727717,-6685.1099369803,9302.024487909159,6759.52993384474,2542.4945540644185,0.07644715370031138
37375,0.11116866123898138,-6824.726482943794,9325.526777829786,6748.701647841467,2576.8251299883186,0.07626717406105693
37380,0.1111835333006856,-6963.924835237847,9348.615731148655,6737.690188467106,2610.925542681549,0.07620417175709317
37385,0.11119840536238981,-7102.47261473871,9371.457568182279,6726.859050552455,2644.5985176298236,0.07625068322547686
37390,0.11121327742409402,-7240.185145206971,9394.224405361663,6716.538478820761,2677.685926540902,0.07614311472696221
37395,0.11122814948579823,-7376.906014279836,9417.08625146313,6707.015479416319,2710.070772046811,0.07600709991475096
37400,0.11124302154750244,-7512.483947590559,9440.202286260708,6698.525984655033,2741.676301605675,0.0758964480393425
37405,0.11125789360920665,-7646.746655246567,9463.712140076874,6691.249039383178,2772.463100693696,0.07591911277641983
37410,0.11127276567091086,-7779.472347495756,9487.727934811748,6685.30279973138,2802.425135080368,0.0757680712878599
37415,0.11128763773261507,-7910.360279961365,9512.327800543497,6680.742136936524,2831.585663606973,0.07567448595529387
37420,0.11130250979431928,-8039.002702615415,9537.55145219414,6677.557702375399,2859.993749818742,0.07552341413298212
37425,0.1113173818560235,-8164.8614359878275,9563.398213603012,6675.676409976272,2887.7218036267395,0.07550643161037537
37430,0.1113322539177277,-8287.25258769701,9589.827635353002,6674.96340194038,2914.8642334126216,0.07536556251052666
37435,0.11134712597943193,-8405.342544913905,9616.762596280592,6675.225657799816,2941.5369384807764,0.0752563663714642
37440,0.11136199804113614,-8518.157404534495,9644.094537012958,6676.2174628413795,2967.877074171578,0.07506771459141302
37445,0.11137687010284035,-8624.606513890973,9671.690276179048,6677.647951368801,2994.042324810247,0.07501542600398763
37450,0.11139174216454456,-8723.518890214786,9699.399731390102,6679.190870707084,3020.2088606830175,0.07488619483991035
37455,0.11140661422624877,-8813.68922924733,9727.063825996393,6680.496570623765,3046.567255372627,0.0747605524052016
37460,0.11142148628795298,-8893.928494126667,9754.5219169109,6681.206020470848,3073.3158964400527,0.0745506674446236
37465,0.11143635834965719,-8963.113257129615,9781.618222259434,6680.966417574485,3100.6518046849496,0.07445905486771734
37470,0.1114512304113614,-9020.22839886436,9808.206937978639,6679.447710030653,3128.759227947986,0.07434290291018261
37475,0.11146610247306561,-9064.39939563978,9834.155972771656,6676.359152536622,3157.796820235034,0.0742093956012325
37480,0.11148097453476982,-9094.912804780713,9859.349455218686,6671.464877183354,3187.884578035332,0.0740066212790195
37485,0.11149584659647403,-9111.226032750797,9883.689330526775,6664.597413146833,3219.091917379942,0.07388455163934697
37490,0.11151071865817826,-9112.969358402577,9907.096434901574,6655.668138782894,3251.42829611868,0.07376051912259494
37495,0.11152559071988247,-9099.943954785866,9929.511401724996,6644.673795205184,3284.8376065198117,0.07362900820924762
37500,0.11154046278158668,-9072.119131784686,9950.89562971897,6631.698422828394,3319.197206890577,0.07343268966149541
37505,0.11155533484329089,-9029.630530942108,9971.232364935142,6616.910386193564,3354.3219787415783,0.07332954578429308
37510,0.1115702069049951,-8972.779270977122,9990.527763851742,6600.5545055146185,3389.9732583371233,0.0731671038443568
37515,0.11158507896669931,-8902.030834937308,10008.811661298841,6582.939686153806,3425.8719751450353,0.07304656840281597
37520,0.11159995102840352,-8818.012196379786,10026.137698008402,6564.4227939794755,3461.714904028927,0.07285997307019729
37525,0.11161482309010773,-8721.506150895739,10042.582480387566,6545.389828074771,3497.192652312795,0.07278261015690288
37530,0.11162969515181194,-8613.442542096183,10058.24353872686,6526.235659700223,3532.007879026637,0.07258751501589744
37535,0.11164456721351615,-8494.886543679402,10073.23599146164,6507.343713504984,3565.8922779566565,0.07248466877448576
37540,0.11165943927522036,-8367.024170398745,10087.687977252386,6489.066951758945,3598.6210254934413,0.07230897216504911
37545,0.11167431133692458,-8231.14489220659,10101.735052639622,6471.711386780812,3630.02366585881,0.07226151003472019
37550,0.1116891833986288,-8088.62098860529,10115.513851574946,6455.52310694454,3659.990744630406,0.07204706070732408
37555,0.111704055460333,-7940.883448995197,10129.155359188406,6440.679486164012,3688.475873024394,0.07196220066025087
37560,0.11171892752203721,-7789.394911626336,10142.778171833877,6427.284894144175,3715.493277689702,0.07186437713106028
37565,0.11173379958374142,-7635.621130511046,10156.482110235213,6415.370878712888,3741.1112315223245,0.07207401246001725
37570,0.11174867164544564,-7481.003314054002,10170.342533018982,6404.90049130726,3765.4420417117217,0.07235359476668718
37575,0.11176354370714985,-7326.933919324838,10184.405669841117,6395.776193978332,3788.6294758627846,0.07260580230212134
37580,0.11177841576885406,-7174.737912230009,10198.685256731836,6387.850619877964,3810.8346368538723,0.07283757001696757
37585,0.11179328783055827,-7025.660357803595,10213.160707241308,6380.939341375472,3832.2213658658357,0.07309612537273714
37590,0.11180815989226248,-6880.860037367864,10227.776986282593,6374.834711994529,3852.9422742880643,0.07333067310968788
37595,0.11182303195396669,-6741.408085975139,10242.446266092384,6369.319787520117,3873.126478572267,0.07354041438166686
37600,0.11183790401567091,-6608.290501901007,10257.051336132625,6364.181321188083,3892.870014944542,0.07372455357322986
37605,0.11185277607737512,-6482.413508261865,10271.450617486455,6359.220910046573,3912.229707439881,0.07396690565999656
37610,0.11186764813907933,-6364.610762339281,10285.484509331898,6354.263578755133,3931.2209305767656,0.07425613771692233
37615,0.11188252020078354,-6255.651148259871,10298.982686864118,6349.16341819143,3949.819268672688,0.07452255156301416
37620,0.11189739226248775,-6156.245489323405,10311.771893988716,6343.806291715838,3967.9656022728786,0.07476507969965407
37625,0.11191226432419196,-6067.050254481708,10323.683744255379,6338.109988094362,3985.5737561610167,0.0749830676495735
37630,0.11192713638589617,-5988.666422983357,10334.562066194861,6332.022444925511,4002.5396212693504,0.07517648541343559
37635,0.11194200844760038,-5921.632167208385,10344.269400936002,6325.518740596907,4018.750660339095,0.0753459591823118
37640,0.1119568805093046,-5866.408838492619,10352.692367119502,6318.597471275833,4034.0948958436684,0.07553934758790813
37645,0.1119717525710088,-5823.360756815118,10359.74572988113,6311.276959659855,4048.468770221275,0.07581964286205115
37650,0.11198662463271301,-5792.730362969399,10365.375123671593,6303.591564183751,4061.7835594878416,0.07607753730929322
37655,0.11200149669441724,-5774.611231625146,10369.558463665733,6295.588220778156,4073.970242887577,0.07631359713453849
37660,0.11201636875612145,-5768.92206306882,10372.306127355001,6287.323256095045,4084.9828712599565,0.07653567691696847
37665,0.11203124081782566,-5775.384847900833,10373.659997789373,6278.859433939171,4094.800563850202,0.07675669019642234
37670,0.11204611287952987,-5793.509842717781,10373.691443653877,6270.263117543293,4103.428326110584,0.07695649258893987
37675,0.11206098494123408,-5822.589024778322,10372.498285823047,6261.601368066566,4110.896917756481,0.07715580211747164
37680,0.11207585700293829,-5861.698770166485,10370.200783366536,6252.938804143382,4117.2619792231535,0.07744621890973635
37685,0.1120907290646425,-5909.711962619706,10366.936678398126,6244.334164641189,4122.602513756937,0.07771684616045904
37690,0.11210560112634671,-5965.319513319079,10362.855374009985,6235.836746554219,4127.018627455766,0.07796742035455399
37695,0.11212047318805092,-6027.060997763956,10358.111378515196,6227.483162553936,4130.628215961259,0.07819859342833672
37700,0.11213534524975513,-6093.363548736496,10352.857221886456,6219.295058320677,4133.562163565779,0.07841163649707095
37705,0.11215021731145934,-6162.587328508035,10347.236125029742,6211.278437425588,4135.957687604154,0.07860801112093596
37710,0.11216508937316357,-6233.075029645114,10341.374769240738,6203.425022516399,4137.949746724339,0.0788468393858492
37715,0.11217996143486778,-6303.202112107485,10335.376562948883,6195.715693500935,4139.660869447947,0.07912408766115357
37720,0.11219483349657199,-6371.424054968378,10329.315828155582,6188.125614007786,4141.190214147797,0.07938504363667681
37725,0.1122097055582762,-6436.3169084867495,10323.23332434629,6180.630325729144,4142.602998617147,0.0796310185467447
37730,0.1122245776199804,-6496.6078499248615,10317.133489344884,6173.211944503925,4143.921544840959,0.07986292537882655
37735,0.11223944968168462,-6551.1931737860505,10310.983701180417,6165.864631316346,4145.119069864071,0.08008107067424881
37740,0.11225432174338883,-6599.142198168815,10304.71575174763,6158.598658953154,4146.117092794476,0.08028519219643333
37745,0.11226919380509304,-6639.687016856531,10298.229578146702,6151.442556579149,4146.787021567553,0.0805028723455036
37750,0.11228406586679725,-6672.199731328255,10291.39913568228,6144.442940986217,4146.956194696064,0.08077567314363884
37755,0.11229893792850146,-6696.160380939368,10284.080134828604,6137.661754786933,4146.418380041671,0.08103521892834568
37760,0.11231380999020567,-6711.119948453941,10276.119216460918,6131.170793935645,4144.948422525274,0.08128088919477071
37765,0.11232868205190989,-6716.6634636708795,10267.36401443715,6125.043678976287,4142.320335460862,0.08151187496914185
37770,0.1123435541136141,-6712.3782826147235,10257.673459725798,6119.3458065291325,4138.327653196666,0.08172753645262733
37775,0.11235842617531831,-6697.8319128006615,10246.927622294263,6114.123229829727,4132.804392464535,0.08192767873135619
37780,0.11237329823702252,-6672.562264128765,10235.036370678423,6109.391729323474,4125.644641354949,0.08211265471275732
37785,0.11238817029872673,-6636.081228398601,10221.946160536858,6105.127430380616,4116.818730156242,0.0823416627428134
37790,0.11240304236043094,-6587.890459163907,10207.644353347954,6101.260160095028,4106.384193252926,0.08258514740152746
37795,0.11241791442213515,-6527.506481194265,10192.160626124241,6097.670354678995,4094.4902714452464,0.08281349180088532
37800,0.11243278648383936,-6454.491088517175,10175.565263506294,6094.189849574712,4081.3754139315824,0.08302714804412349
37805,0.11244765854554357,-6368.4826323628395,10157.964408569393,6090.606441905692,4067.3579666637006,0.0832269115762077
37810,0.11246253060724778,-6269.224281840197,10139.49265674346,6086.671800671045,4052.8208560724142,0.08341367002929913
37815,0.112477402668952,-6156.586405311112,10120.303667830482,6082.112122836679,4038.1915449938024,0.08358814914964183
37820,0.11249227473065622,-6030.581549772366,10100.55969798055,6076.640833723853,4023.918864256698,0.0837507460638096
37825,0.11250714679236043,-5891.371878802306,10080.421072409097,6069.97253566397,4010.448536745127,0.08390417609409917
37830,0.11252201885406464,-5739.270171397917,10060.036601465876,6061.83728644085,3998.1993150250255,0.0841062145188696
37835,0.11253689091576885,-5574.736310977929,10039.535785356755,6051.99416535496,3987.5416200017944,0.08429587931030305
37840,0.11255176297747306,-5398.371402906987,10019.023381610486,6040.243035160581,3978.7803464499057,0.08447334568884468
37845,0.11256663503917727,-5210.911280549699,9998.576569307916,6026.433518433135,3972.143050874781,0.08463854017914946
37850,0.11258150710088148,-5013.220400357038,9978.244591649622,6010.470518842725,3967.7740728068966,0.08479125824778563
37855,0.11259637916258569,-4806.286229325948,9958.050454165532,5992.316088905415,3965.7343652601166,0.08493132027619948
37860,0.1126112512242899,-4591.213438890149,9937.994051873118,5971.987957361344,3966.006094511774,0.08505870279599619
37865,0.11262612328599411,-4369.216758429343,9918.05602435287,5949.555439379593,3968.500584973278,0.08520199482995078
37870,0.11264099534769832,-4141.611298136398,9898.20169229194,5925.133655819351,3973.0680364725886,0.0853627379701319
37875,0.11265586740940255,-3909.799440471001,9878.384586402159,5898.876950755157,3979.5076356470017,0.08551367962814092
37880,0.11267073947110676,-3675.253866918182,9858.549297982629,5870.972165660923,3987.577132321706,0.08565510191195659
37885,0.11268561153281097,-3439.4968151203725,9838.633611465075,5841.632110535209,3997.001500929866,0.08578698050964446
37890,0.11270048359451518,-3204.076164985834,9818.570076261209,5811.089287583586,4007.4807886776225,0.08592190644471805
37895,0.11271535565621939,-2970.5393584786048,9798.287303050169,5779.589749800557,4018.6975532496117,0.08607449511559787
37900,0.1127302277179236,-2740.4064381628323,9777.711313517031,5747.386921277173,4030.324392239858,0.08621736492193362
37905,0.11274509977962781,-2515.1436601756495,9756.767238616854,5714.735222883886,4042.032015732968,0.08635079416330364
37910,0.11275997184133202,-2296.13919366358,9735.381568803023,5681.883385232936,4053.4981835700864,0.08647488799610299
37915,0.11277484390303623,-2084.682315958993,9713.485036312944,5649.067365482123,4064.4176708308214,0.08658964784698012
37920,0.11278971596474044,-1881.9472312580147,9691.01608157071,5616.50282293184,4074.51325863887,0.08669504561519296
37925,0.11280458802644465,-1688.982221470219,9667.924745774886,5584.377181862372,4083.5475639125143,0.08679108319904164
37930,0.11281946008814887,-1506.7043404332035,9644.176751797764,5552.841453591319,4091.3352982064453,0.08687782806985654
37935,0.11283433214985308,-1335.8993357803447,9619.757484387259,5522.002208192875,4097.755276194384,0.08696321155548033
37940,0.1128492042115573,-1177.225989229013,9594.675549238646,5491.914331538098,4102.761217700548,0.08706930012207498
37945,0.1128640762732615,-1031.2236840347869,9568.965571734652,5462.575390304721,4106.3901814299315,0.08716714302840195
37950,0.11287894833496571,-898.3217755870801,9542.68989001402,5433.9224801775645,4108.767409836456,0.08725670233523569
37955,0.11289382039666992,-778.8492384508891,9515.938810716765,5405.8323165894035,4110.106494127362,0.08733802178772354
37960,0.11290869245837414,-673.0430783524153,9488.82914141881,5378.125055112117,4110.704086306693,0.08741126656072158
37965,0.11292356452007835,-581.0541702415476,9461.500805114852,5350.5719500626465,4110.928855052206,0.0874767265532971
37970,0.11293843658178256,-502.9495567197773,9434.11148709466,5322.906551246312,4111.204935848348,0.08753478332922193
37975,0.11295330864348677,-438.7107908728576,9406.829456702602,5294.838776509025,4111.990680193578,0.08758584899651438
37980,0.11296818070519098,-388.2285426408571,9379.824921949728,5266.070925978708,4113.75399597102,0.08766059770112253
37985,0.1129830527668952,-351.294293528822,9353.260478361128,5236.314527320489,4116.945951040639,0.08773035283609995
37990,0.11299792482859941,-327.59040419862504,9327.281367474103,5205.30680967356,4121.974557800543,0.08779371075338618
37995,0.11301279689030362,-316.6800544570997,9302.006334194806,5172.825595542042,4129.180738652764,0.08785107596333032
38000,0.11302766895200783,-317.99849943614026,9277.519848398422,5138.701482478934,4138.818365919488,0.08790274585821571
38005,0.11304254101371204,-330.8468470122425,9253.86633593815,5102.826370014183,4151.0399659239665,0.08794882686779842
38010,0.11305741307541625,-354.38928372422924,9231.04686785404,5065.15768205116,4165.88918580288,0.08798918935654908
38015,0.11307228513712046,-387.6544557572506,9209.018516513786,5025.718038540586,4183.3004779732,0.08803423693278796
38020,0.11308715719882467,-429.5415501333482,9187.696339858041,4984.590604096098,4203.105735761943,0.08809082074896618
38025,0.11310202926052888,-478.8314670606633,9166.957732983596,4941.910805313752,4225.046927669844,0.0881736783228538
38030,0.1131169013222331,-534.2032667187104,9146.648716285992,4897.855471151204,4248.793245134788,0.0882696732610546
38035,0.1131317733839373,-594.2557658485694,9126.59162768028,4852.630643709488,4273.960983970792,0.08835987537284168
38040,0.11314664544564153,-657.5337445454825,9106.593657560032,4806.459298124062,4300.13435943597,0.08844431029708255
38045,0.11316151750734574,-722.5577588210408,9086.45570311128,4759.570005124554,4326.885697986726,0.08855602310568367
38050,0.11317638956904995,-787.8561328504384,9065.981107416692,4712.187217075659,4353.793890341033,0.08866168159757742
38055,0.11319126163075416,-851.9973927376768,9044.983964755844,4664.523445508689,4380.4605192471545,0.0887612914753034
38060,0.11320613369245837,-913.621218732028,9023.296788307945,4616.773220048559,4406.523568259387,0.08885465868761354
38065,0.11322100575416258,-971.4659423832636,9000.777424035648,4569.108444188852,4431.668979846796,0.08894137266996577
38070,0.11323587781586679,-1024.3907305863459,8977.31513772329,4521.674631014507,4455.640506708783,0.0890208326392494
38075,0.113250749877571,-1071.3909226809546,8952.835797584283,4474.5875272575095,4478.248270326773,0.08909230727078067
38080,0.11326562193927521,-1111.6055429947965,8927.306034329093,4427.929802224918,4499.376232104175,0.08917796377328818
38085,0.11328049400097942,-1144.3167850071177,8900.736207866748,4381.747736004605,4518.988471862143,0.08926992615762407
38090,0.11329536606268363,-1168.9421842974161,8873.181972106942,4336.048116025507,4537.133856081436,0.0893534873525017
38095,0.11331023812438785,-1185.0211141463424,8844.744227485238,4290.795781078051,4553.9484464071875,0.08942782652801685
38100,0.11332511018609207,-1192.197929178452,8815.5672929591,4245.912395970413,4569.654896988687,0.08949209311192043
38105,0.11333998224779628,-1190.2043418059347,8785.835209513956,4201.277069039978,4584.558140473978,0.08954545600061663
38110,0.11335485430950049,-1178.843352280298,8755.766188729009,4156.729326501289,4599.03686222772,0.08960053938543062
38115,0.1133697263712047,-1157.9763366211337,8725.605321545618,4112.074750357864,4613.530571187754,0.08967409058267271
38120,0.1133845984329089,-1127.5139239890868,8695.615748207956,4067.093312123787,4628.522436084169,0.0897360245474061
38125,0.11339947049461312,-1087.4103231584804,8666.068556943053,4021.550134894968,4644.518422048086,0.08978549744902918
38130,0.11341434255631733,-1037.6600397002576,8637.231734583007,3975.208125062243,4662.023609520764,0.08982169528510883
38135,0.11342921461802154,-978.2956420224109,8609.358550840421,3927.8416670564375,4681.516883783984,0.08984383894097162
38140,0.11344408667972575,-909.3854320434612,8582.675831279208,3879.2504068027906,4703.425424476418,0.089892830970922
38145,0.11345895874142996,-831.0304595120824,8557.372665240568,3829.2720843184916,4728.100580922076,0.08993578728284135
38150,0.11347383080313418,-743.3611075676372,8533.590191935486,3777.7934135304286,4755.796778405057,0.08996396709516755
38155,0.11348870286483839,-646.5342698328805,8511.413182764763,3724.7581371433157,4786.655045621448,0.0899765755328487
38160,0.1135035749265426,-540.7327350305359,8490.864154598521,3670.1715944273037,4820.692560171217,0.08997285346844919
38165,0.11351844698824681,-426.1686013588469,8471.900675408377,3614.10141307033,4857.799262338047,0.09000828392956228
38170,0.11353331904995102,-303.09222962160857,8454.41634341947,3556.6742468023567,4897.742096617114,0.09002814064349215
38175,0.11354819111165523,-171.80741308968481,8438.245638387301,3498.0688013589165,4940.176837028384,0.09003105251251009
38180,0.11356306317335944,-32.69224679736817,8423.172487788297,3438.5057013885203,4984.666786399777,0.09001628619290576
38185,0.11357793523506365,113.7761259694762,8408.942012709289,3378.235028634088,5030.706984075201,0.09001922471585284
38190,0.11359280729676786,266.9958402397533,8395.274581038828,3317.5225752957754,5077.752005743052,0.09003222500648847
38195,0.11360767935847207,426.21735526012344,8381.881058669867,3256.635968231829,5125.2450904380385,0.09002700638244636
38200,0.11362255142017628,590.5269717701303,8368.478054609874,3195.8318013399253,5172.646253269948,0.0900029314619104
38205,0.11363742348188051,758.8400779026615,8354.802018618539,3135.3447586114103,5219.457260007128,0.08998611979161268
38210,0.11365229554358472,929.9064105300431,8340.621255916289,3075.3794364467853,5265.241819469504,0.08999502208148756
38215,0.11366716760528893,1102.328360610245,8325.745231015198,3016.10522116774,5309.640009847459,0.08998457092882281
38220,0.11368203966699314,1274.591983947681,8310.03088225934,2957.6542051053493,5352.37667715399,0.08995428980607512
38225,0.11369691172869735,1445.1090505053444,8293.38599763893,2900.1217972921336,5393.264200346797,0.08992663874389485
38230,0.11371178379040156,1612.267298008187,8275.7699599584,2843.569453863201,5432.200506095198,0.08993520727125599
38235,0.11372665585210577,1774.4851470174735,8257.19232635621,2788.0288412168543,5469.1634851393555,0.08992338347856556
38240,0.11374152791380998,1930.2665598060657,8237.70975921064,2733.506746168237,5504.203013042403,0.08989084648769183
38245,0.11375639997551419,2078.2515432770933,8217.421790749657,2679.9901383607757,5537.431652388881,0.08985602668969786
38250,0.1137712720372184,2217.2580516326207,8196.465814630335,2627.4509402264,5569.014874403936,0.0898681132322985
38255,0.11378614409892263,2346.3117477888927,8175.011589617723,2575.8502358400456,5599.1613537776775,0.08985864071538346
38260,0.11380101616062684,2464.6611873150932,8153.255440285692,2525.141822574849,5628.113617710844,0.08982741625178517
38265,0.11381588822233105,2571.777388174404,8131.414260076058,2475.2751575941315,5656.139102481926,0.08978092937483392
38270,0.11383076028403526,2667.3382968766655,8109.719362752607,2426.1978624249045,5683.521500327703,0.08979932910495694
38275,0.11384563234573947,2751.20019180036,8088.4101817094415,2377.8580150381163,5710.552166671325,0.08979481044183968
38280,0.11386050440744368,2823.359412404855,8067.727776590785,2330.2064740137457,5737.521302577039,0.08976732689716821
38285,0.11387537646914789,2883.9088136894616,8047.9080745212905,2283.199442784424,5764.708631736867,0.08971699353610457
38290,0.1138902485308521,2932.993888186391,8029.174760078377,2236.8014011674204,5792.373358910957,0.0897226306655966
38295,0.11390512059255631,2970.773486850706,8011.731750865501,2190.9884198236173,5820.743331041884,0.0897248612730142
38300,0.11391999265426052,2997.3894860515147,7995.755269142099,2145.7517455540064,5850.003523588092,0.08970291323800181
38305,0.11393486471596473,3012.9486550522433,7981.385648679927,2101.101415573021,5880.284233106906,0.08965705488942749
38310,0.11394973677766895,3017.518528854098,7968.719187319666,2057.0695419819363,5911.649645337729,0.08962392442919895
38315,0.11396460883937316,3011.1375002514997,7957.8005399523045,2013.712820286896,5944.087719665408,0.08963466216247609
38320,0.11397948090107737,2993.8378350166786,7948.616302970412,1971.113775207604,5977.502527762808,0.08962008165897871
38325,0.11399435296278158,2965.679050104093,7941.090528338386,1929.3802794425114,6011.710248895875,0.08958055925232135
38330,0.1140092250244858,2926.7881490140717,7935.082892682196,1888.6429800146686,6046.439912667527,0.0895166393797653
38335,0.11402409708619,2877.4025752809757,7930.3901222906325,1849.0504483798059,6081.339673910827,0.08950704657179852
38340,0.11403896914789421,2817.911389200308,7926.751047669912,1810.7621262753376,6115.988921394574,0.08950208978194844
38345,0.11405384120959842,2748.8900829215663,7923.855360128062,1773.9394410863956,6149.915919041667,0.08947124259524801
38350,0.11406871327130264,2671.1246682310357,7921.355809163531,1738.735765646871,6182.62004351666,0.08941513948007285
38355,0.11408358533300685,2585.621290351057,7918.883258486931,1705.2861421854539,6213.5971163014765,0.0893345981388574
38360,0.11409845739471106,2493.5987210889107,7916.063749959001,1673.697826892316,6242.365923066685,0.08933393473239419
38365,0.11411332945641528,2396.462661696877,7912.536537946659,1644.0427056752433,6268.493832271416,0.08931513500779023
38370,0.11412820151811949,2295.7627054777968,7907.971968864916,1616.3524748714117,6291.619493993504,0.08927036663340085
38375,0.1141430735798237,2193.1348258916014,7902.088096209654,1590.617194496913,6311.470901712742,0.0892005068552823
38380,0.11415794564152791,2090.2340677670672,7894.665031104144,1566.7874526461433,6327.877578458001,0.0891068138672512
38385,0.11417281770323212,1988.6634418140693,7885.556212084793,1544.7799875154394,6340.776224569353,0.08910450963188402
38390,0.11418768976493633,1889.905644376745,7874.696009180277,1524.4862561154011,6350.209753064875,0.08907555408665968
38395,0.11420256182664054,1795.2640535510718,7862.103328615613,1505.7831603935917,6356.320168222021,0.08902076309087717
38400,0.11421743388834475,1705.8185290244464,7847.88113071686,1488.5449673488974,6359.336163367962,0.08894112829764696
38405,0.11423230595004896,1622.40000488826,7832.211995997496,1472.6553956958132,6359.556600301683,0.08883779958496721
38410,0.11424717801175317,1545.5859030698475,7815.350063584805,1458.018877792384,6357.331185792421,0.0888274124529205
38415,0.11426205007345738,1475.7162268366556,7797.609820952832,1444.5701217134185,6353.0396992394135,0.08879118739239636
38420,0.11427692213516161,1412.9280582788751,7779.3523470738355,1432.2812706463133,6347.071076427523,0.08872872124134171
38425,0.11429179419686582,1357.2043261429253,7760.969704608892,1421.1661634282498,6339.803541180642,0.08864099951871271
38430,0.11430666625857003,1308.4313511488572,7742.868240355215,1411.2814239685017,6331.586816386713,0.08852917722962676
38435,0.11432153832027424,1266.4589789492875,7725.451584561115,1402.724335317411,6322.727249243704,0.08850331765767826
38440,0.11433641038197845,1231.1571618835242,7709.104134613814,1395.627674630673,6313.476459983141,0.08845866550033216
38445,0.11435128244368266,1202.4636307959636,7694.17576258097,1390.1518866827805,6304.023875898189,0.08838669884480414
38450,0.11436615450538687,1180.4186642422874,7680.9683978184585,1386.4751436773956,6294.493254141063,0.08828853528263458
38455,0.11438102656709108,1165.1846667490963,7669.725009948259,1384.7819659893962,6284.943043958863,0.08816552466359295
38460,0.11439589862879529,1157.0500263290205,7660.62136428604,1385.2511526524224,6275.370211633618,0.08811739264505285
38465,0.1144107706904995,1156.4182875520173,7653.760755599806,1388.0437882687759,6265.71696733103,0.08806111150879173
38470,0.11442564275220371,1163.7848790102626,7649.171763454376,1393.2920583277717,6255.879705126604,0.08797690698324297
38475,0.11444051481390793,1179.7043857157414,7646.808929964551,1401.0895272396333,6245.719402724917,0.08786628832215473
38480,0.11445538687561214,1204.7516515506622,7646.556151241213,1411.48342430024,6235.072726940974,0.08773102416499164
38485,0.11447025893731635,1239.4799049673675,7648.23250249765,1424.4693529932506,6223.763149504399,0.08765983071355431
38490,0.11448513099902057,1284.3787461852344,7651.600180616862,1439.9886968820852,6211.611483734778,0.08759258581791098
38495,0.11450000306072478,1339.8343604872061,7656.3742369007305,1457.928847474618,6198.445389426112,0.08749811239491274
38500,0.11451487512242899,1406.0938633666947,7662.233772388684,1478.1262320618914,6184.107540326792,0.08737826903585154
38505,0.1145297471841332,1483.2353357516295,7668.834262838642,1500.3719805463058,6168.462282292336,0.08723512554686026
38510,0.1145446192458374,1571.1448984656954,7675.820658031799,1524.419949169824,6151.4007088619755,0.0871475740813686
38515,0.11455949130754162,1669.5020438689944,7682.840856400691,1549.996723989577,6132.8441324111145,0.08707483231683552
38520,0.11457436336924583,1777.7742619526261,7689.559097735404,1576.8131606189552,6112.745937116449,0.0869761785289077
38525,0.11458923543095004,1895.2216406122689,7695.668759711908,1604.5769746365381,6091.09178507537,0.08685359521357545
38530,0.11460410749265426,2020.9115267607476,7700.904009258271,1633.0058692973682,6067.898139960903,0.08670924004283369
38535,0.11461897955435847,2153.7425465938313,7705.049767821626,1661.8406631094128,6043.209104712213,0.08661498195849958
38540,0.11463385161606268,2292.476424145405,7707.9495136999385,1690.8578530841119,6017.091660615826,0.0865428142426782
38545,0.11464872367776689,2435.775274765915,7709.510565024592,1719.8810222859838,5989.6295427386085,0.08644660169579978
38550,0.1146635957394711,2582.241543894823,7709.706648943194,1748.790484308959,5960.9161646342345,0.08636826043310528
38555,0.11467846780117531,2730.457613385587,7708.577739771479,1777.53056962683,5931.0471701446495,0.08627123314587866
38560,0.11469333986287952,2879.0223206370547,7706.227311125619,1806.114015387464,5900.113295738155,0.0861577416814749
38565,0.11470821192458373,3026.582159124653,7702.817269061487,1834.6230301513006,5868.194238910187,0.08609430478565444
38570,0.11472308398628794,3171.8556357273574,7698.560901863922,1863.2067680032828,5835.354133860639,0.08605190292285986
38575,0.11473795604799215,3313.6500271879277,7693.714199864851,1892.0751526830832,5801.639047181769,0.08598839757057881
38580,0.11475282810969636,3450.870499530878,7688.565882208272,1921.4892248613126,5767.07665734696,0.0859058208067349
38585,0.11476770017140059,3582.522153972135,7683.426440732994,1951.7484231148921,5731.678017618102,0.08580624646707305
38590,0.1147825722331048,3707.706006262843,7678.616496277681,1983.1754294496025,5695.441066828079,0.08573299196449273
38595,0.11479744429480901,3825.6102033182924,7674.45477228998,2016.0993930944367,5658.355379195543,0.08570352660281239
38600,0.11481231635651322,3935.4979719558064,7671.246024182079,2050.838473756101,5620.407550425978,0.0856517752734323
38605,0.11482718841821743,4036.693922506713,7669.269308225089,2087.6827031423763,5581.586605082713,0.0855796817331315
38610,0.11484206047992164,4128.570421272467,7668.767012341508,2126.878142664368,5541.88886967714,0.08548926650209744
38615,0.11485693254162585,4210.535795914935,7669.935085372694,2168.6132164450755,5501.321868927618,0.0854000161972895
38620,0.11487180460333006,4282.02610811173,7672.914881089448,2213.0079333129784,5459.90694777647,0.08537598009519692
38625,0.11488667666503427,4342.502048876562,7677.786978640721,2260.1065000057743,5417.680478634947,0.08532801770113155
38630,0.11490154872673848,4391.452117101506,7684.567261390254,2309.8735968906985,5374.693664499556,0.08525808542159767
38635,0.11491642078844269,4428.402614024652,7693.205444511558,2362.1943644471116,5331.011080064447,0.0852178708687487
38640,0.11493129285014692,4452.934192112163,7703.586150491978,2416.8779550691775,5286.7081954228,0.08516718389247215
38645,0.11494616491185113,4464.7038755757385,7715.532547583378,2473.664350925479,5241.868196657899,0.08509814070382221
38650,0.11496103697355534,4463.47078300212,7728.812488738508,2532.2340334759024,5196.578455262606,0.08502899113502074
38655,0.11497590903525955,4449.123353105981,7743.147011548725,2592.2200061389553,5150.927005409769,0.0850165287394818
38660,0.11499078109696376,4421.705740256216,7758.220975446737,2653.2216111884486,5104.999364258289,0.0849796399388685
38665,0.11500565315866797,4381.441153970149,7773.6955161252945,2714.819542535903,5058.875973589391,0.0849205056371807
38670,0.11502052522037218,4328.750156709599,7789.221890006646,2776.5914399634376,5012.630450043209,0.08484138334652674
38675,0.11503539728207639,4264.262207839905,7804.456171692581,2838.127462338363,4966.3287093542185,0.08474454726321815
38680,0.1150502693437806,4188.819014120657,7819.074167990419,2899.0452798700017,4920.028888120417,0.0846716021802123
38685,0.11506514140548481,4103.468562880265,7832.7858390933725,2959.0039936399057,4873.781845453466,0.08462032821707074
38690,0.11508001346718902,4009.4491593077623,7845.348485032392,3017.716570237752,4827.63191479464,0.08454614390879968
38695,0.11509488552889324,3908.163429991275,7856.577973734272,3074.9604513243626,4781.61752240991,0.08445164708420907
38700,0.11510975759059745,3801.1430869488004,7866.357360465748,3130.586047540809,4735.771312924939,0.08435735206383457
38705,0.11512462965230166,3690.00617983101,7874.642376026794,3184.522849893038,4690.119526133756,0.08428262642880602
38710,0.11513950171400587,3576.4094477319486,7881.463435715853,3236.782898973171,4644.680536742682,0.08419011893656081
38715,0.11515437377571008,3461.9990502503842,7886.924029733331,3287.461361779626,4599.462667953705,0.084082166282015
38720,0.1151692458374143,3348.363279489806,7891.195580011376,3336.733999140468,4554.461580870908,0.0839906786832433
38725,0.1151841178991185,3236.990765751415,7894.509067673017,3384.851380842428,4509.657686830589,0.08392255118427155
38730,0.11519898996082271,3129.237199790993,7897.143929247311,3432.129826819995,4465.014102427316,0.08383443946181672
38735,0.11521386202252692,3026.302774737035,7899.41487260823,3478.9392146753485,4420.475657932882,0.08372903225450377
38740,0.11522873408423114,2929.2215057081385,7901.65736563058,3525.68798051985,4375.9693851107295,0.08360890865202582
38745,0.11524360614593535,2838.862429558193,7904.212599034771,3572.8058315605745,4331.406767474196,0.08347646415244456
38750,0.11525847820763957,2755.9415362807276,7907.4127225387665,3620.72486434318,4286.687858195586,0.08333384715123986
38755,0.11527335026934378,2681.0422543224195,7911.567105266925,3669.85992337907,4241.707181887855,0.08323265483581462
38760,0.11528822233104799,2614.641518441217,7916.950282325185,3720.589126465248,4196.361155859937,0.08311608666842088
38765,0.1153030943927522,2557.137989708718,7923.7921238606505,3773.2355170229894,4150.556606837661,0.08298560907005949
38770,0.11531796645445641,2508.878937839265,7932.270606481123,3828.0507785114546,4104.219827969668,0.08284734791576534
38775,0.11533283851616062,2470.182652792586,7942.507388382188,3885.2018646939373,4057.3055236882506,0.08273756606379862
38780,0.11534771057786483,2441.353980852401,7954.566201513189,3944.761268998078,4009.8049325151114,0.0826147318027723
38785,0.11536258263956904,2422.691571822108,7968.45389216035,4006.701485126658,3961.7524070336917,0.08248123696936054
38790,0.11537745470127325,2414.486527108289,7984.123782069125,4070.894009143769,3913.229772925356,0.08233918271343271
38795,0.11539232676297746,2417.0131939605917,8001.480900902359,4137.113009791792,3864.367891110567,0.08219032706866136
38800,0.11540719882468167,2430.513724888132,8020.388567664158,4205.043558140698,3815.3450095234593,0.08205432716619085
38805,0.1154220708863859,2455.1786183064596,8040.675777963399,4274.294070196589,3766.38170776681,0.08192971124654891
38810,0.11543694294809011,2491.125723692644,8062.144883863771,4344.412389144909,3717.7324947188617,0.08179710922851158
38815,0.11545181500979432,2538.3801237552207,8084.579127682648,4414.904731187892,3669.6743964947555,0.08165902319021406
38820,0.11546668707149853,2596.856939046078,8107.749701015307,4485.2565544308045,3622.493146584503,0.08151753693193486
38825,0.11548155913320274,2666.3485258039227,8131.422132795314,4554.954297040681,3576.4678357546327,0.08137426477950346
38830,0.11549643119490695,2746.5168784849175,8155.3619497182035,4623.506880259975,3531.855069458228,0.08123033125562708
38835,0.11551130325661116,2836.891434501709,8179.339681256546,4690.465891939556,3488.87378931699,0.08108638343224787
38840,0.11552617531831537,2936.8720132791705,8203.135381351154,4755.443459654354,3447.6919216968,0.0809426349818409
38845,0.11554104738001958,3045.736346153889,8226.54289282769,4818.12698432738,3408.4159085003103,0.08079893815571339
38850,0.11555591944172379,3162.651535189144,8249.374077225297,4878.290121982256,3371.0839552430407,0.08066885117796768
38855,0.115570791503428,3286.6887337522803,8271.46317047148,4935.799651836747,3335.663518634732,0.08056767256175766
38860,0.11558566356513222,3416.840282743481,8292.671314057583,4990.6181276897605,3302.0531863678225,0.08046491509020529
38865,0.11560053562683643,3552.0384183661,8312.891173187261,5042.8024507575665,3270.088722429695,0.0803617916972212
38870,0.11561540768854064,3691.1745062046084,8332.051415195117,5092.498704322274,3239.552710872844,0.08025900209252634
38875,0.11563027975024485,3833.1176195209036,8350.120711190499,5139.933740283158,3210.1869709073408,0.08015675996354533
38880,0.11564515181194907,3976.731254385233,8367.11086272527,5185.404100300345,3181.7067624249257,0.08005485163789486
38885,0.11566002387365328,4120.887129170389,8383.078653678418,5229.262892983361,3153.815760695057,0.07995272230066078
38890,0.11567489593535749,4264.475370173446,8398.12608287395,5271.905242523276,3126.2208403506747,0.07984958330964546
38895,0.1156897679970617,4406.410899023333,8412.398733011934,5313.7528857191355,3098.645847292799,0.07974453209866757
38900,0.1157046400587659,4545.636424497645,8426.0821592302,5355.2384377304215,3070.8437214997784,0.07965535299893574
38905,0.11571951212047012,4681.122991458315,8439.396319257554,5396.789785736373,3042.6065335211806,0.07958807003973369
38910,0.11573438418217433,4811.869442910568,8452.588202957335,5438.815015706565,3013.77318725077,0.07952204108020809
38915,0.11574925624387855,4936.902320052638,8465.922942675783,5481.688238277034,2984.2347043987493,0.07945621902815958
38920,0.11576412830558276,5055.277613629224,8479.673791052663,5525.736657961521,2953.9371330911417,0.07938937851339727
38925,0.11577900036728697,5166.085398540301,8494.11143513095,5571.229222671723,2922.882212459227,0.0793202514912189
38930,0.11579387242899118,5268.457804580782,8509.493169539628,5618.367189526738,2891.12598001289,0.07924765767338104
38935,0.11580874449069539,5361.580120463324,8526.052471810051,5667.276936063475,2858.7755357465767,0.07917061913323482
38940,0.1158236165523996,5444.704239270209,8543.989505532405,5718.005319526566,2825.9841860058386,0.07909368408649833
38945,0.11583848861410381,5517.163256868094,8563.463022049167,5770.517829450282,2792.945192598885,0.07901607789699999
38950,0.11585336067580802,5578.385898634386,8584.58404383683,5824.69968469113,2759.8843591457007,0.0789635694269437
38955,0.11586823273751223,5627.909560668346,8607.411602636183,5880.359898964005,2727.0517036721776,0.07892236222742188
38960,0.11588310479921644,5665.391023366263,8631.95068578157,5937.238191650361,2694.7124941312095,0.0788817172129347
38965,0.11589797686092065,5690.614211147372,8658.152428114272,5995.014472799218,2663.1379553150537,0.07883630264963166
38970,0.11591284892262488,5703.494640442717,8685.91648427625,6053.320503390465,2632.5959808857842,0.07878501428446288
38975,0.11592772098432909,5704.0803895332465,8715.095431670223,6111.753239485389,2603.342192184834,0.0787268972539892
38980,0.1159425930460333,5692.549571469445,8745.500987177673,6169.889317430786,2575.611669746887,0.07866124616583758
38985,0.11595746510773751,5669.204454803517,8776.911766451403,6227.300122305232,2549.611644146171,0.07858768159990162
38990,0.11597233716944172,5634.462591756858,8809.082268126356,6283.566892540616,2525.51537558574,0.0785061969445475
38995,0.11598720923114593,5588.845559286811,8841.752723360914,6338.2953393738435,2503.457383987071,0.07841717224510707
39000,0.11600208129285014,5532.96612427913,8874.659413938793,6391.129294890908,2483.530119047885,0.07837787423589983
39005,0.11601695335455435,5467.514729587684,8907.545033722186,6441.762947708783,2465.7820860134034,0.07833276502802126
39010,0.11603182541625856,5393.246125762206,8940.168655056721,6489.951285181639,2450.217369875082,0.07828015002503998
39015,0.11604669747796277,5310.966771361429,8972.314870496008,6535.518437755844,2436.7964327401633,0.07821967036951821
39020,0.11606156953966698,5221.523371957765,9003.801715061281,6578.363710717219,2425.4380043440624,0.07815136271497997
39025,0.1160764416013712,5125.792711383518,9034.487035559046,6618.465179402454,2416.0218561565925,0.07807566372885714
39030,0.11609131366307542,5024.6728028167745,9064.273057496446,6655.880800791047,2408.3922567053996,0.0779933798467554
39035,0.11610618572477963,4919.075354224797,9093.109000322016,6690.747045593012,2402.3619547290036,0.0779101376950865
39040,0.11612105778648384,4809.919561650447,9120.991699597547,6723.27507896198,2397.716620635567,0.07783141275271138
39045,0.11613592984818805,4698.127259651043,9147.96430093876,6753.744525462587,2394.219775476173,0.07775327934910584
39050,0.11615080190989226,4584.619433209244,9174.113185812472,6782.494864096483,2391.6183217159887,0.0777004661928037
39055,0.11616567397159647,4470.3140205079635,9199.563365335562,6809.914532448491,2389.648832887071,0.07764389578920486
39060,0.11618054603330068,4356.124827233704,9224.472629216825,6836.427889426418,2388.044739790407,0.07758450493752435
39065,0.11619541809500489,4242.961255721078,9249.02476081444,6862.480296344192,2386.5444644702484,0.07752351344982468
39070,0.1162102901567091,4131.728447574334,9273.42212832946,6888.521716863541,2384.9004114659183,0.07746211209874457
39075,0.11622516221841331,4023.3273575393832,9297.87794307732,6914.989388967992,2382.888554109327,0.07740139352292276
39080,0.11624003428011753,3918.6542223321585,9322.608447276576,6942.290263869244,2380.318183407332,0.07734229759521834
39085,0.11625490634182174,3818.5988654222674,9347.825263442264,6970.78401501978,2377.0412484224844,0.0772855737876768
39090,0.11626977840352595,3724.041300480998,9373.728109166543,7000.767476307397,2372.9606328591453,0.07724460785686797
39095,0.11628465046523016,3635.8461833303454,9400.498054646609,7032.461358859201,2368.0366957874076,0.07720686152118797
39100,0.11629952252693437,3554.854832551214,9428.291472987548,7066.000015126264,2362.2914578612845,0.07717004446195437
39105,0.11631439458863858,3481.8747938711413,9457.234802838775,7101.424870423794,2355.8099324149807,0.0771338100609438
39110,0.1163292666503428,3417.667239397004,9487.42020973917,7138.681938045071,2348.7382716940992,0.07709786669454856
39115,0.116344138712047,3362.9328228183085,9518.902201031628,7177.623594005899,2341.278607025729,0.0770619835764529
39120,0.11635901077375121,3318.2968978988292,9551.6952260681,7218.014535236166,2333.680690831933,0.07702599018064045
39125,0.11637388283545542,3284.2951985727286,9585.772284425155,7259.541605156917,2326.2306792682375,0.07698977044993689
39130,0.11638875489715964,3261.361144618738,9621.06457145462,7301.826964293515,2319.237607161106,0.07696095422712118
39135,0.11640362695886386,3249.815867404737,9657.462207851635,7344.443925428458,2313.018282423177,0.07693404457010951
39140,0.11641849902056807,3249.861848508759,9694.816118017881,7386.934669244267,2307.8814487736145,0.0769073486147419
39145,0.11643337108227228,3261.580738321788,9732.941128668577,7428.829006177177,2304.1121224914004,0.0768806917154975
39150,0.11644824314397649,3284.9354899036944,9771.62034438752,7469.663346766837,2301.956997620683,0.07685393601267873
39155,0.1164631152056807,3319.7764446731717,9810.610816171078,7508.999077207991,2301.611738963087,0.07682697714527906
39160,0.11647798726738491,3365.8505115451926,9849.650455186531,7546.439600940753,2303.210854245778,0.07679974053151682
39165,0.11649285932908912,3422.8121855064464,9888.466065359738,7581.645395162546,2306.820670197192,0.07677217771077391
39170,0.11650773139079333,3490.2349506496757,9926.78228601068,7614.346539778785,2312.435746231896,0.07674426288849379
39175,0.11652260345249754,3567.6216639269933,9964.331159392186,7644.352302508447,2319.9788568837394,0.07671598956879679
39180,0.11653747551420175,3654.4128106779053,10000.861974331536,7671.557502588629,2329.3044717429066,0.07668736703704394
39185,0.11655234757590596,3749.991985439028,10036.150989322547,7695.945518720936,2340.2054706016106,0.0766584164646241
39190,0.11656721963761019,3853.6884669853016,10070.010607839988,7717.587944382885,2352.4226634571023,0.07663638686382492
39195,0.1165820916993144,3964.777215443438,10102.297566744934,7736.641016402234,2365.6565503427,0.07662149427081862
39200,0.11659696376101861,4082.4769536268477,10132.919708290296,7753.339045100747,2379.5806631895484,0.07660646432839344
39205,0.11661183582272282,4205.94719094378,10161.840940899223,7767.985155819802,2393.8557850794214,0.07659134381393107
39210,0.11662670788442703,4334.285134662319,10189.084055912028,7780.93971515719,2408.1443407548377,0.07658272502287813
39215,0.11664157994613124,4466.523452163561,10214.731155858693,7792.606864988035,2422.124290870658,0.07657531423909592
39220,0.11665645200783545,4601.629829334023,10238.921559727049,7803.419626168714,2435.5019335583347,0.07656897242251065
39225,0.11667132406953966,4738.509220986212,10261.847174287488,7813.824062282834,2448.0231120046537,0.07656376183580076
39230,0.11668619613124387,4876.009594971925,10283.745449415337,7824.263011404931,2459.4824380104064,0.07656461308637157
39235,0.11670106819294808,5012.931809762377,10304.89016238086,7835.159900702061,2469.7302616787983,0.0765783039725146
39240,0.11671594025465229,5148.044016879617,10325.580396244211,7846.903156672459,2478.6772395717526,0.076592667278147
39245,0.11673081231635651,5280.100637475594,10346.128186993767,7859.8317158295395,2486.296471164227,0.0766076202023451
39250,0.11674568437806072,5407.865534848363,10366.845408331907,7874.222128271757,2492.623280060149,0.07662305241845799
39255,0.11676055643976493,5530.1385167717435,10388.030534755677,7890.2777282439765,2497.7528065117003,0.07663882709287141
39260,0.11677542850146914,5645.783799734587,10409.955962867738,7908.120315617919,2501.835647249819,0.07665478373126651
39265,0.11679030056317335,5753.7586224088,10432.856566757086,7927.784741634574,2505.0718251225117,0.0766707420598871
39270,0.11680517262487757,5853.139898340043,10456.9201074783,7949.216712747699,2507.703394730601,0.07668650621683858
39275,0.11682004468658178,5943.146738956815,10482.280006920753,7972.274013248052,2510.005993672701,0.076706988347411
39280,0.11683491674828599,6023.15691775939,10509.01083907936,7996.73120240997,2512.279636669389,0.07673906329201499
39285,0.1168497888099902,6092.715886230601,10537.126702050013,8022.287674570874,2514.839027479139,0.07676980077789575
39290,0.1168646608716944,6151.537719846949,10566.582433312427,8048.57879659416,2518.0036367182674,0.07679901610390025
39295,0.11687953293339862,6199.498238698829,10597.277442390365,8075.189675072962,2522.0877673174027,0.07682652374451822
39300,0.11689440499510284,6236.621362895868,10629.061779340413,8101.670972637648,2527.390806702764,0.07685213827415191
39305,0.11690927705680705,6263.060407243035,10661.74394884744,8127.556100463453,2534.1878483839864,0.0768756764662164
39310,0.11692414911851126,6279.076430122682,10695.099923818641,8152.379066924745,2542.720856893897,0.0768969603675858
39315,0.11693902118021547,6285.0159211974815,10728.88280688614,8175.692256868584,2553.1905500175562,0.07691582097997196
39320,0.11695389324191968,6281.290063163933,10762.83262504285,8197.083444059686,2565.7491809831645,0.0769379702606468
39325,0.11696876530362389,6268.357553746196,10796.685810316854,8216.191391665709,2580.4944186511457,0.07696799923170125
39330,0.1169836373653281,6246.712531803022,10830.18400644541,8232.719465471848,2597.464540973562,0.07699478432030421
39335,0.11699850942703231,6216.878525066689,10863.081937713412,8246.446769276094,2616.6351684373185,0.0770182742581205
39340,0.11701338148873652,6179.408567181212,10895.154173410796,8257.236411867672,2637.9177615431236,0.07703843532608147
39345,0.11702825355044073,6134.890809707468,10926.20071341029,8265.040630174015,2661.1600832362747,0.07705525080973973
39350,0.11704312561214494,6083.9582113260885,10956.05140167792,8269.902620094019,2686.148781583901,0.07706871963653589
39355,0.11705799767384917,6027.300352596946,10984.569239885008,8271.955056728857,2712.614183156151,0.0770788542750343
39360,0.11707286973555338,5965.675185406529,11011.65271769045,8271.41540731116,2740.237310379289,0.07708567808758249
39365,0.11708774179725759,5899.918592147505,11037.237295711942,8268.578241986057,2768.6590537258853,0.07708922241214
39370,0.1171026138589618,5830.949942216278,11061.29617001256,8263.804824647143,2797.491345365417,0.07710366365040829
39375,0.11711748592066601,5759.772298027662,11083.840414351158,8257.510322025259,2826.3300923258994,0.07711660789815235
39380,0.11713235798237022,5687.466449876184,11104.918543377617,8250.14901563354,2854.769527744076,0.07712623987819568
39385,0.11714723004407443,5615.178490967783,11124.615474824239,8242.19795218677,2882.417522637468,0.0771415092537722
39390,0.11716210210577864,5544.10115903221,11143.05080297714,8234.13953375572,2908.9112692214203,0.07715458912206372
39395,0.11717697416748285,5475.449665037737,11160.376242849328,8226.443629883992,2933.9326129653364,0.07716498577974414
39400,0.11719184622918706,5410.433193769411,11176.772078341812,8219.549879633418,2957.222198708394,0.07717279485274947
39405,0.11720671829089127,5350.22366780918,11192.44245976023,8213.850923107195,2978.5915366530353,0.07717810816774852
39410,0.1172215903525955,5295.923670313123,11207.609452466231,8209.677337518124,2997.9321149481075,0.07718101618083556
39415,0.1172364624142997,5248.535576150241,11222.505836601627,8207.285034360377,3015.2208022412506,0.07719492041485093
39420,0.11725133447600392,5208.933914925191,11237.366785612205,8206.845792183645,3030.5209934285594,0.07720770259985993
39425,0.11726620653770813,5177.842780929338,11252.420688263179,8208.441454897878,3043.9792333653004,0.07721794955095493
39430,0.11728107859941234,5155.819740074514,11267.87950105858,8212.062129329937,3055.8173717286427,0.07722576633410497
39435,0.11729595066111655,5143.247204073587,11283.929104284492,8217.608485960787,3066.3206183237053,0.07723126571442625
39440,0.11731082272282076,5140.331693977143,11300.720172640913,8224.898025316665,3075.8221473242484,0.077234568865741
39445,0.11732569478452497,5147.110843186039,11318.360059574681,8233.674941559308,3084.6851180153735,0.07723580409375416
39450,0.11734056684622918,5163.467437957887,11336.906142591139,8243.623014243663,3093.283128347475,0.07723510360842224
39455,0.11735543890793339,5189.149309267072,11356.361000799372,8254.380804809985,3101.9801959893866,0.07723259864938402
39460,0.1173703109696376,5223.793523513761,11376.669711272576,8265.558336627393,3111.111374645183,0.07722841352888576
39465,0.11738518303134182,5266.953112932115,11397.71946746483,8276.754400916887,3120.965066547944,0.07722265936341827
39470,0.11740005509304603,5318.124555886354,11419.341642333988,8287.573653723934,3131.767988610054,0.07722521354838488
39475,0.11741492715475024,5376.774342802968,11441.316335185744,8297.642743195154,3143.6735919905896,0.07723074414089763
39480,0.11742979921645445,5442.3631945485695,11463.379345544066,8306.624818943084,3156.754526600982,0.07723470792584483
39485,0.11744467127815866,5514.366774970573,11485.23140321106,8314.231910973547,3170.9994922375136,0.07723716132161011
39490,0.11745954333986287,5592.292013801458,11506.549351716234,8320.234810123628,3186.3145415926065,0.07723813973923219
39495,0.11747441540156708,5675.688417841991,11526.998842432826,8324.47022389006,3202.528618542765,0.07723766123364541
39500,0.1174892874632713,5764.154015006598,11546.247965979626,8326.845114063079,3219.4028519165477,0.077235731594474
39505,0.1175041595249755,5857.335873481732,11563.98114666372,8327.338242016272,3236.6429046474477,0.07723234998431544
39510,0.11751903158667971,5954.925476676926,11579.912572733569,8325.99905128234,3253.913521451228,0.07722751415959167
39515,0.11753390364838393,6056.6495920038,11593.798441193814,8322.944102098973,3270.8543390948416,0.07722122442699692
39520,0.11754877571008815,6162.257598577744,11605.447362574248,8318.351335089863,3287.0960274843856,0.07722183107251344
39525,0.11756364777179236,6271.506479698057,11614.728390797854,8312.452478741694,3302.2759120561605,0.07722968227283601
39530,0.11757851983349657,6384.144800662064,11621.576301715628,8305.523929224033,3316.0523724915947,0.07723620539921461
39535,0.11759339189520078,6499.896973722205,11625.993922554911,8297.87642805728,3328.117494497632,0.07724142407261357
39540,0.11760826395690499,6618.448982495658,11628.05149446055,8289.843853745451,3338.207640715098,0.07724535270343215
39545,0.1176231360186092,6739.436537488635,11627.883214241485,8281.771438570087,3346.1117756713975,0.07724799147537546
39550,0.11763800808031341,6862.436399950524,11625.681236359635,8274.003727932388,3351.6775084272467,0.07724932197779302
39555,0.11765288014201762,6986.961365706038,11621.687514615905,8266.872616598275,3354.81489801763,0.07724930407947123
39560,0.11766775220372183,7112.459152182966,11616.183924001187,8260.685816898003,3355.4981071031834,0.07725284685471805
39565,0.11768262426542604,7238.315182550208,11609.481131886816,8255.716127932381,3353.765003954435,0.07727085524480329
39570,0.11769749632713025,7363.859018740144,11601.906693215711,8252.191872613741,3349.71482060197,0.07728725871452231
39575,0.11771236838883448,7488.373977169016,11593.792836478662,8250.288846119098,3343.5039903595643,0.07730189021974872
39580,0.11772724045053869,7611.109287268486,11585.464393013242,8250.124075628748,3335.3403173844945,0.07731456921817738
39585,0.1177421125122429,7731.294035163421,11577.227303691856,8251.75163179256,3325.475671899296,0.07732510852452655
39590,0.11775698457394711,7848.152069917878,11569.35811131635,8255.160662790975,3314.197448525374,0.07733332128358013
39595,0.11777185663565132,7960.917024753437,11562.09480812214,8260.275746305977,3301.8190618161625,0.07733957614337887
39600,0.11778672869735553,8068.8466115860265,11555.62935048371,8266.959574398426,3288.669776085284,0.07736570574087666
39605,0.11780160075905974,8171.235390364547,11550.102075852315,8275.017900641185,3275.08417521113,0.07738869316052499
39610,0.11781647282076395,8267.42531705457,11545.598164529387,8284.20658774997,3261.391576779417,0.07740835871526824
39615,0.11783134488246816,8356.813558382572,11542.14619029443,8294.24050019966,3247.9056900947708,0.07742455086427508
39620,0.11784621694417237,8438.857331846877,11539.718710576315,8304.803896826194,3234.9148137501215,0.0774371471780755
39625,0.11786108900587658,8513.07585926717,11538.234768865565,8315.56190310357,3222.672865761995,0.07744605412363975
39630,0.1178759610675808,8579.049859418548,11537.564125374105,8326.172591378481,3211.391533995624,0.07747607304880408
39635,0.11789083312928501,8636.419290716014,11537.532996963067,8336.299176190996,3201.2338207720713,0.07750985768959823
39640,0.11790570519098922,8684.880243064952,11537.931069583225,8345.621841099215,3192.3092284840095,0.07753897106563369
39645,0.11792057725269343,8724.181945979542,11538.519538601133,8353.848747800757,3184.6707908003755,0.07756343890956563
39650,0.11793544931439764,8754.124804918987,11539.039926966947,8360.725829149167,3178.31409781778,0.077583328069583
39655,0.11795032137610185,8774.560205615144,11539.223422986359,8366.045027264247,3173.1783957221123,0.07759874426472177
39660,0.11796519343780607,8785.392548169937,11538.800466713927,8369.650702588055,3169.149764125872,0.07760982953122704
39665,0.11798006549951028,8786.583610480053,11537.510298723884,8371.4440104374,3166.0662882864835,0.07763672420310501
39670,0.11799493756121449,8778.158937683784,11535.110171942457,8371.385121680509,3163.725050261948,0.07766287867007785
39675,0.1180098096229187,8760.21558032148,11531.383922428537,8369.493255373609,3161.8906670549277,0.07768412798718748
39680,0.1180246816846229,8732.930241157874,11526.149603913751,8365.844590182376,3160.305013731375,0.07770068915552092
39685,0.11803955374632713,8696.566803358333,11519.265916964985,8360.56821856008,3158.697698404905,0.07771280877672526
39690,0.11805442580803134,8651.482317219696,11510.637207123575,8353.84038951801,3156.796817605564,0.07772075686702161
39695,0.11806929786973555,8598.130773166602,11500.216864350748,8345.877340103038,3154.339524247711,0.07772481993587757
39700,0.11808416993143976,8537.06429300016,11488.009022569495,8336.927036551986,3151.081986017509,0.07772529354699437
39705,0.11809904199314397,8468.931629139472,11474.06852526046,8327.260137207453,3146.8083880530066,0.07773212153186969
39710,0.11811391405484818,8394.474006075425,11458.499182958069,8317.16046301945,3141.338719938618,0.0777472252314597
39715,0.11812878611655239,8314.518363120093,11441.45039496959,8306.915234364784,3134.535160604806,0.07775844420631772
39720,0.1181436581782566,8229.968013087951,11423.112238534542,8296.80531941096,3126.3069191235827,0.07776602840581631
39725,0.11815853023996081,8141.790697036098,11403.709147031994,8287.095746150544,3116.6134008814497,0.07777021494413357
39730,0.11817340230166502,8051.004060026017,11383.492312914406,8278.026754189235,3105.465558725171,0.07777122460590868
39735,0.11818827436336923,7958.658727047173,11362.730972123318,8269.805691418605,3092.9252807047123,0.07776926010373064
39740,0.11820314642507346,7865.819402612474,11341.702765425387,8262.60007825256,3079.1026871728263,0.07776450607168348
39745,0.11821801848677767,7773.544695284572,11320.683433478302,8256.532152922813,3064.1512805554885,0.07775713059141814
39750,0.11823289054848188,7682.866609788034,11299.936182772279,8251.675165992001,3048.2610167802777,0.07775608184640045
39755,0.11824776261018609,7594.770795660646,11279.70114527705,8248.051610444825,3031.649534832224,0.07776177014156532
39760,0.1182626346718903,7510.178660408626,11260.185425147643,8245.633463886841,3014.5519612608023,0.07776413572653829
39765,0.11827750673359451,7429.932343885889,11241.554259711967,8244.344396680124,2997.2098630318433,0.07776332752856448
39770,0.11829237879529872,7354.783327807361,11223.923803410538,8244.063781450739,2979.8600219597993,0.07775950573206894
39775,0.11830725085700293,7285.385151637766,11207.355968085625,8244.632240493393,2962.7237275922325,0.07775284323355826
39780,0.11832212291870714,7222.290361614051,11191.855629518195,8245.858397820955,2945.99723169724,0.07774352563651185
39785,0.11833699498041135,7165.951474290878,11177.370357526124,8247.526465287616,2929.8438922385085,0.07773174971507182
39790,0.11835186704211556,7116.725430838578,11163.792668931295,8249.404285545,2914.3883833862947,0.07771772045501023
39795,0.11836673910381978,7074.88078687493,11150.96466067401,8251.251473931019,2899.7131867429907,0.07770164695178025
39800,0.118381611165524,7040.606742862204,11138.684767970246,8252.827341691906,2885.8574262783404,0.0776947016456381
39805,0.1183964832272282,7014.023066505652,11126.71631313394,8253.898339221629,2872.8179739123116,0.07768932935021501
39810,0.11841135528893242,6995.189967414855,11114.797459174435,8254.244825190695,2860.5526339837397,0.07768165916909596
39815,0.11842622735063663,6984.117027428094,11102.652148465404,8253.667039249793,2848.9851092156114,0.0776719447302543
39820,0.11844109941234084,6980.770356820944,11090.001581145156,8251.990224781699,2838.011356363457,0.07766042937702722
39825,0.11845597147404505,6985.0772542250415,11076.575765629406,8249.068905992259,2827.5068596371475,0.07764734285788152
39830,0.11847084353574926,6996.927835765249,11062.124656687844,8244.790363693113,2817.3342929947303,0.07763289910720249
39835,0.11848571559745347,7016.173401623415,11046.428392627964,8239.077372304666,2807.351020323298,0.07761729483840718
39840,0.11850058765915768,7042.6217256517475,11029.306162570709,8231.89025575306,2797.4159068176486,0.07760070855301407
39845,0.11851545972086189,7076.02993102544,11010.623286278325,8223.228293735223,2787.3949925431025,0.07758329954646022
39850,0.11853033178256611,7116.096050914727,10990.296176316479,8213.13046638256,2777.165709933919,0.07757241206286826
39855,0.11854520384427032,7162.450653489792,10968.294972366803,8201.675471585,2766.6195007818023,0.07756721529564274
39860,0.11856007590597453,7214.649952408886,10944.64378051794,8188.980895059353,2755.662885458586,0.07756119594213881
39865,0.11857494796767874,7272.171609499665,10919.418601427686,8175.201371619324,2744.2172298083615,0.07755449977513205
39870,0.11858982002938295,7334.414020199416,10892.743173115969,8160.525560976339,2732.2176121396296,0.0775472408431102
39875,0.11860469209108716,7400.699358733664,10864.783069942112,8145.17178418273,2719.6112857593816,0.07753949754017063
39880,0.11861956415279137,7470.280166704172,10835.738475948669,8129.382231971493,2706.356243977176,0.07753130968345677
39885,0.11863443621449558,7542.348888263498,10805.83608112395,8113.415758688088,2692.4203224358625,0.07752267705806688
39890,0.1186493082761998,7616.04953600809,10775.320534410357,8097.539400819669,2677.781133590688,0.07751355974876217
39895,0.118664180337904,7690.490615264059,10744.445836366958,8082.018887458822,2662.426948908136,0.07751137621104491
39900,0.11867905239960821,7764.758508545626,10713.466982496995,8067.10852159989,2646.358460897105,0.07751651594551626
39905,0.11869392446131244,7837.930677810004,10682.63209235372,8053.040891594507,2629.5912007592133,0.07752069503762793
39910,0.11870879652301665,7909.088229026629,10652.175194242862,8040.016915161147,2612.1582790817147,0.07752379542716029
39915,0.11872366858472086,7977.327557912428,10622.309788557985,8028.1967253088,2594.113063249185,0.07752568302202698
39920,0.11873854064642507,8041.770926266472,10593.223284662245,8017.691883943962,2575.5314007182824,0.07752621512928562
39925,0.11875341270812928,8101.575890537576,10565.072390290587,8008.559360443715,2556.513029846871,0.07752524734418352
39930,0.11876828476983349,8155.943522738381,10537.979519740524,8000.797642124551,2537.1818776159726,0.07752263936628388
39935,0.1187831568315377,8204.125350971675,10512.030270139303,7994.345251431239,2517.6850187080636,0.07752837668201278
39940,0.11879802889324191,8245.42893658519,10487.27199118393,7989.081830163092,2498.190161020839,0.07753905079158159
39945,0.11881290095494612,8279.222028282898,10463.713445515288,7984.831816168387,2478.881629346901,0.0775474938663334
39950,0.11882777301665033,8304.935305862742,10441.32553015091,7981.370590186537,2459.954939964374,0.07755364433657608
39955,0.11884264507835454,8322.06383891272,10420.043009913416,7978.432823299607,2441.6101866138088,0.07755745218207903
39960,0.11885751714005877,8330.16750956378,10399.767204121068,7975.722625552751,2424.044578568317,0.07755887619294266
39965,0.11887238920176298,8328.870747595742,10380.369565885454,7972.924999240095,2407.4445666453594,0.07755788085829263
39970,0.11888726126346719,8317.861973869658,10361.696093195806,7969.718045428001,2391.978047767805,0.07756742408694989
39975,0.1189021333251714,8296.893135846565,10343.572505234853,7965.78536015693,2377.787145077923,0.07758509054924236
39980,0.11891700538687561,8265.779653968906,10325.810100162265,7960.828079984876,2364.982020177389,0.07760052521913972
39985,0.11893187744857982,8224.400993240755,10308.212179849648,7954.576083818043,2353.636096031605,0.07761378169402743
39990,0.11894674951028403,8172.701939881571,10290.580885273519,7946.79791888528,2343.7829663882394,0.0776249060370452
39995,0.11896162157198824,8110.694505946358,10272.724239699824,7937.309087829424,2335.4151518704,0.07763393574316364
40000,0.11897649363369245,8038.460218188752,10254.463153663866,7925.978411019519,2328.4847426443475,0.07764089940189915
40005,0.11899136569539666,7956.15240107882,10235.63811420122,7912.732266009899,2322.9058481913207,0.07764984425196644
40010,0.11900623775710087,7863.997982500894,10216.1152671061,7897.556605525707,2318.558661580394,0.07766598455124779
40015,0.1190211098188051,7762.298378896,10195.791608798801,7880.496762132394,2315.2948466664075,0.0776794919380587
40020,0.1190359818805093,7651.429173563591,10174.599034440498,7861.655151725466,2312.9438827150325,0.07769044183998015
40025,0.11905085394221351,7531.838561562635,10152.507039308875,7841.18707581657,2311.3199634923058,0.0776989092346841
40030,0.11906572600391772,7404.044825465011,10129.52393726438,7819.294882940691,2310.2290543236877,0.07770497133239723
40035,0.11908059806562193,7268.633331310539,10105.69653752505,7796.22077760386,2309.475759921189,0.0777087102631109
40040,0.11909547012732614,7126.253608839177,10081.108302007573,7772.238565045773,2308.8697369618003,0.07771021530806303
40045,0.11911034218903035,6977.61696399668,10055.87608235577,7747.644603019049,2308.2314793367204,0.0777095841724049
40050,0.11912521425073457,6823.4947878468965,10030.145601329885,7722.748211829298,2307.3973895005865,0.0777071902691785
40055,0.11914008631243878,6664.7173506526005,10004.085892111421,7697.861782649168,2306.224109462253,0.07771599419673773
40060,0.11915495837414299,6502.172507549111,9977.882939578145,7673.2908267986295,2304.5921127795154,0.07774293399377269
40065,0.1191698304358472,6336.8034890259405,9951.732781863831,7649.3242230320075,2302.408558831824,0.07784498133302274
40070,0.11918470249755142,6169.604867234425,9925.834334246209,7626.224937797843,2299.6093964483653,0.07794932835020624
40075,0.11919957455925563,6001.615892011523,9900.382197178977,7604.221504268036,2296.1606929109403,0.07807097129606891
40080,0.11921444662095984,5833.910651556213,9875.559710922993,7583.500540128907,2292.0591707940857,0.07818884949314286
40085,0.11922931868266405,5667.584877662001,9851.532520941382,7564.20055631365,2287.3319646277323,0.07830267034320088
40090,0.11924419074436826,5503.739622202095,9828.442916032307,7546.407260025943,2282.0356560063638,0.07841209159359554
40095,0.11925906280607247,5343.462420815924,9806.405186364054,7530.150493702605,2276.2546926614496,0.07851673236094199
40100,0.11927393486777668,5187.806881964759,9785.50221233639,7515.40289124683,2270.0993210895604,0.07862397360516792
40105,0.11928880692948089,5037.771855505359,9765.783432748924,7502.080290910238,2263.703141838686,0.07873303053325371
40110,0.1193036789911851,4894.281417668504,9747.264254349702,7490.043934447897,2257.220319901805,0.07883595842790703
40115,0.11931855105288931,4758.166849206225,9729.926864334115,7479.104508260904,2250.8223560732104,0.0789324007700509
40120,0.11933342311459352,4630.151591870487,9713.72230818897,7469.028132332012,2244.6941758569574,0.07902201117835334
40125,0.11934829517629775,4510.8398795088215,9698.573614139117,7459.544448006834,2239.0291661322835,0.07910445602673664
40130,0.11936316723800196,4400.709403557239,9684.379696006969,7450.356956048909,2234.02273995806,0.07917941593187301
40135,0.11937803929970617,4300.108040197394,9671.019755147798,7441.155671601925,2229.8640835458727,0.07927181111121205
40140,0.11939291136141038,4209.254377586727,9658.357927634148,7431.63196670824,2226.725960925908,0.07936537882466774
40145,0.11940778342311459,4128.241558644782,9646.24797564185,7421.495164139801,2224.7528115020496,0.07945889659258458
40150,0.1194226554848188,4057.0438054319407,9634.53788772397,7410.490060799523,2224.047826924446,0.07955477284790433
40155,0.11943752754652301,3995.5249199235327,9623.074315788841,7398.414155493203,2224.660160295638,0.07964226361894906
40160,0.11945239960822722,3943.448072326716,9611.706823959752,7385.133012819996,2226.573811139756,0.07972122757972
40165,0.11946727166993143,3900.4863032846965,9600.29194799249,7370.591993693748,2229.6999542987414,0.07979162179828568
40170,0.11948214373163564,3866.2333801490763,9588.697061771554,7354.822594263261,2233.8744675082935,0.07985352617351742
40175,0.11949701579333985,3840.2149306396723,9576.804023836965,7337.941907913003,2238.862115923962,0.0799071632507554
40180,0.11951188785504407,3821.900065565971,9564.512540803085,7320.144277862512,2244.368262940573,0.07995290920145375
40185,0.11952675991674828,3810.713908161225,9551.74314718994,7301.68501920295,2250.0581279869903,0.08001477869600322
40190,0.1195416319784525,3806.0514874042938,9538.43967398333,7282.85708863371,2255.58258534962,0.08011148840087406
40195,0.1195565040401567,3807.2932801495763,9524.571069909567,7263.962644268252,2260.608425641315,0.08020231316580932
40200,0.11957137610186092,3813.8223103765813,9510.132454301935,7245.282397836717,2264.8500564652177,0.08028786398066526
40205,0.11958624816356513,3825.0421968689793,9495.14531705534,7227.04632894762,2268.0989881077194,0.08036874817095853
40210,0.11960112022526934,3840.394977989417,9479.656832597357,7209.409538893825,2270.247293703532,0.08044552336301891
40215,0.11961599228697355,3859.377032794301,9463.738310687806,7192.4366707905465,2271.3016398972595,0.08051865594123808
40220,0.11963086434867776,3881.5510426147316,9447.482856511058,7176.0974166615115,2271.385439849547,0.08060861644559626
40225,0.11964573641038197,3906.551756094348,9431.002348530656,7160.27428358982,2270.728064940836,0.08069530556106098
40230,0.11966060847208618,3934.083385995854,9414.423862977717,7144.782201084329,2269.641661893388,0.08077835768563901
40235,0.1196754805337904,3963.9068386965237,9397.885682129137,7129.3979638020355,2268.487718327102,0.08086039650912497
40240,0.11969035259549461,3995.8157326269948,9381.533026294055,7113.89615305293,2267.6368732411256,0.08098341367180706
40245,0.11970522465719882,4029.601366938454,9365.513652747293,7098.087253276369,2267.4263994709245,0.08110206507583798
40250,0.11972009671890303,4065.0084638412363,9349.97347110774,7081.853291575197,2268.1201795325433,0.08121592907311838
40255,0.11973496878060724,4101.685508399796,9335.052331384553,7065.176520382048,2269.8758110025055,0.08133059972991584
40260,0.11974984084231145,4139.135550434972,9320.880142207528,7048.157407635477,2272.722734572051,0.08145369769338694
40265,0.11976471290401566,4176.674940351126,9307.57346647319,7031.0194067010425,2276.5540597721474,0.08157047983438923
40270,0.11977958496571987,4213.408078109978,9295.232716997602,7014.099506932736,2281.133210064865,0.08168061888599434
40275,0.11979445702742408,4248.225369974647,9283.940037880295,6997.825228271049,2286.1148096092456,0.08178385184015263
40280,0.1198093290891283,4279.828995991445,9273.757914646034,6982.680306394052,2291.0776082519815,0.0818799837353189
40285,0.1198242011508325,4306.787008940089,9264.728515287612,6969.162608196479,2295.5659070911333,0.08196888413413717
40290,0.11983907321253673,4327.611392218876,9256.873729862124,6957.738648337092,2299.1350815250316,0.08207948237852726
40295,0.11985394527424094,4340.851001185812,9250.195847496245,6948.799344640564,2301.3965028556804,0.0822089304798117
40300,0.11986881733594515,4345.186856554474,9244.678780714605,6942.621341295233,2302.057439419372,0.08234806880785667
40305,0.11988368939764936,4339.515859584453,9240.289710423143,6939.337420946429,2300.952289476714,0.08248005816457789
40310,0.11989856145935357,4323.010009359101,9236.980977027628,6938.9183663364065,2298.0626106912214,0.08260478049206146
40315,0.11991343352105778,4295.14146340216,9234.69198923312,6941.167303963311,2293.52468526981,0.08272211769429293
40320,0.11992830558276199,4255.668728566719,9233.35087784977,6945.726257424399,2287.624620425372,0.08283195049747048
40325,0.1199431776444662,4204.585113555115,9232.875611037545,6952.0935264094205,2280.7820846281247,0.08293506261132239
40330,0.11995804970617041,4142.036488431948,9233.174334028054,6959.649717307786,2273.5246167202677,0.08304990488031293
40335,0.11997292176787462,4068.2206117811534,9234.144816067452,6967.689855826977,2266.454960240475,0.08315660336470741
40340,0.11998779382957883,3983.2841202034087,9235.673078928628,6975.4590177731125,2260.214061155516,0.08325502912983607
40345,0.12000266589128306,3887.2351213695747,9237.631523170723,6982.189257267051,2255.442265903672,0.08339880245122341
40350,0.12001753795298727,3779.888683382079,9239.877119525294,6987.136163637132,2252.740955888162,0.08353747112031774
40355,0.12003241001469148,3660.8590557768784,9242.250440176675,6989.613967519392,2252.636472657283,0.0836683523891167
40360,0.12004728207639569,3529.6062356370894,9244.576412655893,6989.028566802721,2255.5478458531725,0.08379124042296425
40365,0.1200621541380999,3385.5360756697864,9246.667640761505,6984.908019572141,2261.759621189364,0.08392246133834469
40370,0.12007702619980411,3228.143687279112,9248.330925487317,6976.929904451012,2271.401021036305,0.0840496777934785
40375,0.12009189826150832,3057.181077596173,9249.377236265542,6964.94453638059,2284.432699884952,0.08416815325106268
40380,0.12010677032321253,2872.8236083112665,9249.634864906093,6948.992504525136,2300.642360380957,0.08427771382749555
40385,0.12012164238491674,2675.8075354689427,9248.964910666302,6929.31458306901,2319.650327597292,0.08437820385328244
40390,0.12013651444662095,2467.5134195027103,9247.27768864785,6906.3519638826,2340.9257247652495,0.08447402918250727
40395,0.12015138650832516,2249.9774077510056,9244.548227551699,6880.735108505123,2363.8131190465756,0.08461320931314918
40400,0.12016625857002938,2025.8230778567959,9240.82881748365,6853.260331363178,2387.5684861204727,0.08475540654526054
40405,0.1201811306317336,1798.1187151320128,9236.256644072799,6824.85439136959,2411.4022527032084,0.08489722552641465
40410,0.1201960026934378,1570.176315642454,9231.054917574305,6796.528669646728,2434.526247927577,0.08502971867505953
40415,0.12021087475514201,1345.3172441214238,9225.52654208987,6769.3256947875625,2456.200847302308,0.08515243831583112
40420,0.12022574681684622,1126.634001043798,9220.040193078486,6744.261626482079,2475.7785665964075,0.08526488778117088
40425,0.12024061887855043,916.7775367158956,9215.009569524986,6722.268697095066,2492.7408724299194,0.08536651666005675
40430,0.12025549094025464,717.7954183499633,9210.867431934765,6704.141524973091,2506.725906961674,0.08546934427264083
40435,0.12027036300195885,531.0389452162844,9208.036702074993,6690.490736592674,2517.545965482319,0.08556608618037434
40440,0.12028523506366307,357.1483321529795,9206.901282130706,6681.706607977749,2525.1946741529573,0.08564985965045803
40445,0.12030010712536728,196.11563643226782,9207.779289744523,6677.9346089516575,2529.844680792866,0.08576762874959057
40450,0.12031497918707149,47.41627274088387,9210.901098791166,6679.0639259509735,2531.8371728401926,0.08588281279595393
40455,0.12032985124877571,-89.80745011510226,9216.393982201458,6684.72931682746,2531.664665373998,0.08598484425858581
40460,0.12034472331047992,-216.53278971267537,9224.274382454108,6694.32602640245,2529.9483560516583,0.08607297373460678
40465,0.12035959537218413,-333.6382137437022,9234.44802459503,6707.036938267354,2527.4110863276765,0.08616228153789075
40470,0.12037446743388834,-441.7061217235305,9246.717368121104,6721.870618487845,2524.8467496332596,0.08623897425784724
40475,0.12038933949559255,-540.8707291315686,9260.795362817738,6737.708399548244,2523.086963269494,0.08630031448888982
40480,0.12040421155729676,-630.7309089085893,9276.324166680204,6753.358172940218,2522.9659937399865,0.08634594322036943
40485,0.12041908361900097,-710.3411849805652,9292.897377121662,6767.612158320137,2525.285218801526,0.08637563857844452
40490,0.12043395568070518,-778.2855282371811,9310.08435136085,6779.305667096364,2530.7786842644864,0.08640598705218014
40495,0.12044882774240939,-832.8287741339736,9327.455265251374,6787.373837954476,2540.0814272968983,0.0864417467842033
40500,0.1204636998041136,-872.1303719414709,9344.605616769075,6790.903510102342,2553.702106666733,0.08649871002550158
40505,0.12047857186581781,-894.4961219532688,9361.17889617482,6789.177782255534,2572.0011139192866,0.08654222819906221
40510,0.12049344392752204,-898.6370490170375,9376.886140752547,6781.711303994649,2595.1748367578984,0.08657233088674247
40515,0.12050831598922625,-883.9019381938606,9391.521122894826,6768.274870356637,2623.2462525381898,0.08658908938173875
40520,0.12052318805093046,-850.4521381166387,9404.970049863456,6748.908372333971,2656.0616775294848,0.08660478254015103
40525,0.12053806011263467,-799.3540031034154,9417.214927462392,6723.92157515783,2693.2933523045613,0.08661118684339165
40530,0.12055293217433888,-732.5748429302248,9428.330166259475,6693.882582395117,2734.4475838643575,0.08660455609230161
40535,0.12056780423604309,-652.8807728475003,9438.472553674615,6659.594255674032,2778.8782980005835,0.08658653007769503
40540,0.1205826762977473,-563.6473727172415,9447.86531118851,6622.059349913884,2825.8059612746265,0.08656816902877876
40545,0.12059754835945151,-468.6047202599648,9456.77752249966,6582.435707471653,2874.3418150280077,0.08653667736448961
40550,0.12061242042115572,-371.5458700784384,9465.50068127362,6541.983493458253,2923.517187815366,0.08649194698015863
40555,0.12062729248285993,-276.0316032959872,9474.324411456115,6502.007064189755,2972.3173472663602,0.08644643544638955
40560,0.12064216454456414,-185.12423233744812,9483.513527430183,6463.794536046398,3019.7189913837847,0.08642221671007315
40565,0.12065703660626836,-101.17970095169403,9493.28851309316,6428.558369417818,3064.7301436753432,0.08638624468270162
40570,0.12067190866797257,-25.720615168754193,9503.81120857013,6397.380247602161,3106.4309609679694,0.0863425959871965
40575,0.12068678072967678,40.59625800235244,9515.177011429569,6371.163210778605,3144.0138006509633,0.08629070489710043
40580,0.120701652791381,97.91531285326892,9527.414251331336,6350.59344583119,3176.820805500146,0.08622665201580633
40585,0.1207165248530852,147.02903233818597,9540.490632068166,6336.113411449803,3204.377220618363,0.08615027801415864
40590,0.12073139691478942,189.15613838363515,9554.325833273066,6327.907185228352,3226.4186480447133,0.08606145524673718
40595,0.12074626897649363,225.6792966378589,9568.808634872685,6325.898142821754,3242.9104920509308,0.08596580207309028
40600,0.12076114103819784,257.87595726669406,9583.816392190101,6329.758393233904,3254.0579989561975,0.08586025606501703
40605,0.12077601309990205,286.6767385434787,9599.234452678356,6338.928855008584,3260.3055976697724,0.0857433469373284
40610,0.12079088516160626,312.4818078750395,9614.973220494345,6352.648498105928,3262.3247223884164,0.08561397558682093
40615,0.12080575722331047,335.0573891930326,9630.981023352693,6369.991097899256,3260.9899254534375,0.08547214782720373
40620,0.12082062928501469,353.5230118511954,9647.251624069257,6389.9078165345845,3257.343807534672,0.08531789821552645
40625,0.1208355013467189,366.42723852004383,9663.82600330132,6411.273971954858,3252.5520313464613,0.08515128914950429
40630,0.12085037340842311,371.8975077969735,9680.788767333861,6432.9383826478115,3247.8503846860494,0.08497240977048796
40635,0.12086524547012732,367.8404016538261,9698.260086022807,6453.773599872821,3244.4864861499855,0.08478137476728552
40640,0.12088011753183153,352.16350883626546,9716.384383905297,6472.72511764179,3243.6592662635067,0.0846098742110402
40645,0.12089498959353574,322.9896272589449,9735.317101187646,6488.857321433799,3246.4597797538463,0.08443243997361903
40650,0.12090986165523995,278.83792277133944,9755.210767419489,6501.393624475998,3253.8171429434906,0.08424418063037245
40655,0.12092473371694416,218.75368967143004,9776.20146202383,6509.748129539337,3266.4533324844924,0.08404515747510044
40660,0.12093960577864837,142.37699097279165,9798.396532857865,6513.5464250607865,3284.8501077970786,0.08383544829965889
40665,0.12095447784035258,49.94911354670512,9821.864240537467,6512.633875178065,3309.2303653594017,0.08361514665337336
40670,0.1209693499020568,-57.73684366413818,9846.625802763347,6507.070950295151,3339.5548524681953,0.08338436072570593
40675,0.12098422196376102,-179.42963716483064,9872.650130125887,6497.116570387522,3375.5335597383646,0.08314321183616552
40680,0.12099909402546523,-313.54325797295496,9899.851376871336,6483.201794180985,3416.649582690351,0.08289183258043913
40685,0.12101396608716944,-458.2947070951541,9928.089289080137,6465.897167604224,3462.192121475913,0.08263036476450752
40690,0.12102883814887365,-611.8417656815182,9957.172233658514,6445.877417386999,3511.2948162715147,0.08235895734696963
40695,0.12104371021057786,-772.4084138544167,9986.862743113374,6423.886872649295,3562.975870464079,0.08207776468348334
40700,0.12105858227228207,-938.3882950879852,10016.88540840018,6400.70812533495,3616.17728306523,0.08178694540092486
40705,0.12107345433398628,-1108.4197172366767,10046.936975903864,6377.135238228642,3669.8017376752214,0.08148666219907641
40710,0.12108832639569049,-1281.428851748561,10076.69852624388,6353.951571472969,3722.7469547709106,0.08117708277014801
40715,0.1211031984573947,-1456.6407618196463,10105.84960218268,6331.911292724715,3773.9383094579644,0.08085838184350802
40720,0.12111807051909891,-1633.560386851549,10134.084086899604,6311.723042847978,3822.361044051626,0.08053074412599218
40725,0.12113294258080312,-1811.9274490047337,10161.127500519886,6294.034115222996,3867.09338529689,0.08020127397157745
40730,0.12114781464250735,-1991.6504137622096,10186.755184211197,6279.413833285575,3907.3413509256225,0.07988900327373791
40735,0.12116268670421156,-2172.7252961232307,10210.810592653626,6268.335463567992,3942.4751290856348,0.0795682716871957
40740,0.12117755876591577,-2355.1455146746557,10233.222643386183,6261.1568302920805,3972.065813094103,0.07923926241757115
40745,0.12119243082761998,-2538.809367059046,10254.020809700361,6258.100650536642,3995.9201591637193,0.0789021835423125
40750,0.12120730288932419,-2723.432086402756,10273.346433899258,6259.2363521294355,4014.1100817698225,0.07855726181918155
40755,0.1212221749510284,-2908.4697123816577,10291.458628862018,6264.4656582107355,4026.992970651282,0.07820473330356663
40760,0.12123704701273261,-3093.061925875364,10308.733183424312,6273.514431735818,4035.218751688494,0.07784483148808556
40765,0.12125191907443682,-3276.000292142664,10325.653147328097,6285.933101019325,4039.720046308773,0.07747777421378015
40770,0.12126679113614103,-3455.7268681986498,10342.79028728557,6301.107400666949,4041.6828866186215,0.07710375102112352
40775,0.12128166319784524,-3630.365858254376,10360.777385997717,6318.2801868843,4042.497199113417,0.07672291281071508
40780,0.12129653525954945,-3797.7881374224953,10380.272354897852,6336.583826596654,4043.688528301198,0.07633536559074007
40785,0.12131140732125367,-3955.7053488259126,10401.916237554244,6355.081299626339,4046.8349379279043,0.07594116967301998
40790,0.12132627938295788,-4101.787316262844,10426.288225664382,6372.812928604929,4053.4752970594536,0.07554034498219862
40795,0.1213411514446621,-4233.79407120361,10453.861598631793,6388.84480254479,4065.016796087003,0.07513288227423016
40800,0.1213560235063663,-4349.71212329016,10484.964854782509,6402.314674404937,4082.650180377572,0.07484133279283342
40805,0.12137089556807051,-4447.88382600706,10519.752116070002,6412.4714756152025,4107.280640454799,0.07483028563974686
40810,0.12138576762977472,-4527.118813940313,10558.186142562408,6418.705554938351,4139.480587624057,0.07481840363976168
40815,0.12140063969147893,-4586.777475553375,10600.036072438432,6420.568135572508,4179.467936865924,0.07481812908740512
40820,0.12141551175318314,-4626.8182336632935,10644.890472313575,6417.780011580752,4227.1104607328225,0.07485283469548108
40825,0.12143038381488735,-4647.803002044456,10692.184650597586,6410.230853239798,4281.953797357788,0.0748778128605796
40830,0.12144525587659157,-4650.858507285989,10741.239667794116,6397.9713882208525,4343.2682795732635,0.07489325243189614
40835,0.12146012793829578,-4637.5950494031085,10791.309260816275,6381.201024600969,4410.1082362153065,0.07490474965903895
40840,0.121475,-4609.98840627225,10841.630126270573,6360.253201818669,4481.3769244519035,0.07494226099352244
40845,0.12148987206170421,-4570.234490599679,10891.470766378927,6335.580065042771,4555.890701336156,0.07497073331410305
40850,0.12150474412340842,-4520.589487670601,10940.174414902453,6307.7372055674305,4632.437209335022,0.07499066482406158
40855,0.12151961618511263,-4463.2100355596185,10987.192388172238,6277.368435232459,4709.823952939779,0.07500266274098515
40860,0.12153448824681684,-4400.008250845518,11032.105442703361,6245.190030223365,4786.915412479996,0.07500740057029226
40865,0.12154936030852105,-4332.53502266551,11074.632203877492,6211.973650747383,4862.65855313011,0.07502042713318713
40870,0.12156423237022526,-4261.902231243732,11114.625259337829,6178.527195719633,4936.098063618196,0.07505070146856767
40875,0.12157910443192947,-4188.750805032854,11152.056875871725,6145.673117830311,5006.383758041415,0.07507423275218546
40880,0.12159397649363368,-4113.26728363396,11186.997314456372,6114.224126179388,5072.773188276984,0.07509141346787149
40885,0.12160884855533789,-4035.247234782214,11219.589258137003,6084.956670439433,5134.63258769757,0.0751025928198066
40890,0.1216237206170421,-3954.199823641523,11250.021886461149,6058.583070569746,5191.438815891403,0.07510806112116387
40895,0.12163859267874633,-3869.4842866015833,11278.507671389309,6035.723571507541,5242.784099881767,0.07512867812518739
40900,0.12165346474045054,-3780.466166182553,11305.264151496216,6016.879907681662,5288.384243814554,0.07515897349927997
40905,0.12166833680215475,-3686.6790165547,11330.501929230359,6002.412111337006,5328.089817893353,0.075182380802147
40910,0.12168320886385896,-3587.975999511321,11354.419105678233,5992.520264810454,5361.898840867779,0.0751989114723188
40915,0.12169808092556317,-3484.6555339007136,11377.201469610767,5987.2326811424255,5389.968788468342,0.07520860521802958
40920,0.12171295298726738,-3377.5462023908794,11399.027094609264,5986.401628629028,5412.625465980236,0.07521154227048728
40925,0.12172782504897159,-3268.03876220267,11420.073613424407,5989.707241639242,5430.366371785165,0.07522984379124525
40930,0.1217426971106758,-3158.0575627370135,11440.526323209879,5996.669736911794,5443.856586298085,0.07525256567562456
40935,0.12175756917238001,-3049.96987992751,11460.585382268888,6006.669530291052,5453.915851977836,0.07526722324474043
40940,0.12177244123408422,-2946.439138812092,11480.470624300464,6018.974359048062,5461.496265252402,0.0752740985794404
40945,0.12178731329578843,-2850.235737161119,11500.42287629289,6032.772081792968,5467.650794499923,0.07527356479857739
40950,0.12180218535749265,-2764.0258753128865,11520.70107131013,6047.207465309406,5473.493606000724,0.07526607141699726
40955,0.12181705741919686,-2690.1630493724715,11541.574866896392,6061.420988244534,5480.153878651858,0.07526757939752274
40960,0.12183192948090107,-2630.5076000162962,11563.31290043899,6074.587514066259,5488.725386372731,0.0752767967975152
40965,0.12184680154260528,-2586.29650014858,11586.167230512046,6085.952636544005,5500.214593968041,0.07527867298227382
40970,0.1218616736043095,-2558.0787979420456,11610.354921709748,6094.864610367595,5515.490311342153,0.07527386028751991
40975,0.1218765456660137,-2545.722945855906,11636.038111796546,6100.800068962113,5535.238042834433,0.07526305406610596
40980,0.12189141772771792,-2548.492266205115,11663.30422018503,6103.382199296725,5559.922020888304,0.07524697635783524
40985,0.12190628978942213,-2565.175769751617,11692.148170018538,6102.390653184526,5589.757516834012,0.07522636067996982
40990,0.12192116185112634,-2594.2549384434633,11722.458554589459,6097.763155947195,5624.695398642264,0.07522337457158944
40995,0.12193603391283055,-2634.0838433523304,11754.009544783374,6089.5894365550985,5664.420108228275,0.07521895964257179
41000,0.12195090597453476,-2683.0603333087456,11786.459990762149,6078.098661433036,5708.361329329113,0.0752104445707236
41005,0.12196577803623898,-2739.7695448904396,11819.36062813543,6063.641943567808,5755.7186845676215,0.07520158287323675
41010,0.12198065009794319,-2803.0866683425,11852.16959677281,6046.671688234331,5805.497908538479,0.07522845411034645
41015,0.1219955221596474,-2872.232521562367,11884.275689772712,6027.719524690754,5856.556165081958,0.07525326925831398
41020,0.12201039422135161,-2946.7818514004284,11915.02796746537,6007.374377359347,5907.653590106023,0.07527606910512802
41025,0.12202526628305582,-3026.6295036217734,11943.769707575217,5986.261880681821,5957.507826893396,0.07529688896327048
41030,0.12204013834476003,-3111.9231863901296,11969.8742229325,5965.025881680312,6004.848341252188,0.07531575339776954
41035,0.12205501040646424,-3202.9733923755884,11992.779936786545,5944.3122615372395,6048.467675249305,0.07533267205520039
41040,0.12206988246816845,-3300.1513330181633,12012.022284247128,5924.754816532244,6087.267467714884,0.07534833726144673
41045,0.12208475452987266,-3403.7848448256545,12027.260464597659,5906.96255189576,6120.297912701899,0.07537467844203667
41050,0.12209962659157687,-3514.060594658593,12038.29770392891,5891.507534520766,6146.790169408145,0.07539824778322024
41055,0.12211449865328108,-3630.9389730938583,12045.094366860176,5878.912470612246,6166.18189624793,0.07541900747105584
41060,0.12212937071498531,-3754.086188459897,12047.773844188361,5869.63742947768,6178.1364147106815,0.07543692967551745
41065,0.12214424277668952,-3882.826515988885,12046.621536946073,5864.065583809346,6182.555953136727,0.07545200805377751
41070,0.12215911483839373,-4016.116533778154,12042.077413385834,5862.488393998476,6179.589019387358,0.07546426956373768
41075,0.12217398690009794,-4152.54245595706,12034.722563118108,5865.09121135013,6169.631351767978,0.07547378491788427
41080,0.12218885896180215,-4290.341179057712,12025.260006380957,5871.940684187041,6153.3193221939155,0.07548067594526593
41085,0.12220373102350636,-4427.445123987598,12014.48986868962,5882.975511407507,6131.5143572821125,0.07549516866902081
41090,0.12221860308521057,-4561.550109741581,12003.279031987453,5898.001938775315,6105.277093212138,0.07550748183314196
41095,0.12223347514691478,-4690.204161889904,11992.525608808022,5916.694947066053,6075.830661741969,0.07558776663316502
41100,0.12224834720861899,-4810.913353086224,11983.119067546231,5938.605433281976,6044.513634264255,0.0757346622612685
41105,0.1222632192703232,-4921.258722406805,11975.89749476093,5963.172995893424,6012.724498867506,0.07580151712041452
41110,0.12227809133202741,-5019.016409562572,11971.604180264134,5989.743381759875,5981.860798504259,0.07583052955776722
41115,0.12229296339373164,-5102.271789516202,11970.84629058628,6017.589377831952,5953.2569127543275,0.07599736458833277
41120,0.12230783545543585,-5169.517935412552,11974.058709034003,6045.933989708557,5928.124719325446,0.07607905692589931
41125,0.12232270751714006,-5219.729352072929,11981.476068568267,6073.975087517344,5907.500981050923,0.07607329252029088
41130,0.12233757957884427,-5252.403633729758,11993.115558116988,6100.911170219102,5892.204387897886,0.07628391547557725
41135,0.12235245164054848,-5267.566413153665,12008.772283814451,6125.968308940989,5882.803974873462,0.07649591078841797
41140,0.12236732370225269,-5265.738478973824,12028.027911394984,6148.428501066787,5879.599410328196,0.07663879883722964
41145,0.1223821957639569,-5247.86790025094,12050.272140869443,6167.659494580829,5882.612646288614,0.07672219975131174
41150,0.12239706782566111,-5215.233905362123,12074.73542385639,6183.145627334749,5891.58979652164,0.07694207765949065
41155,0.12241193988736532,-5169.332489069037,12100.530377279158,6194.51847622694,5906.011901052218,0.07708757093901276
41160,0.12242681194906953,-5111.755661475514,12126.6986964342,6201.585311229217,5925.1133852049825,0.07715736630843155
41165,0.12244168401077374,-5044.07651906654,12152.260099267465,6204.352708915975,5947.90739035149,0.07724593798177512
41170,0.12245655607247796,-4967.750898966613,12176.25995373035,6203.04238032965,5973.2175734007005,0.07738173939102763
41175,0.12247142813418217,-4884.043656030797,12197.812700379845,6198.0964182401585,5999.716282139687,0.07743720235825338
41180,0.12248630019588638,-4793.984220223963,12216.138880784965,6190.169789241272,6025.969091543693,0.0774125846123571
41185,0.1225011722575906,-4698.352721724535,12230.594387531646,6180.108922381127,6050.485465150519,0.07748256616252457
41190,0.1225160443192948,-4597.695107177981,12240.691330237314,6168.916549475915,6071.774780761399,0.07751199162644692
41195,0.12253091638099901,-4492.3635233260275,12246.110554651903,6157.704364707085,6088.406189944818,0.0774566585036405
41200,0.12254578844270322,-4382.5767676344,12246.706294587288,6147.636408178442,6099.069886408845,0.077353652932808
41205,0.12256066050440743,-4268.494611733357,12242.503670538283,6139.867160030606,6102.636510507677,0.07734312843983522
41210,0.12257553256611164,-4150.299103329829,12233.689818821811,6135.479003374234,6098.210815447577,0.07724238927932688
41215,0.12259040462781585,-4028.275460082393,12220.59942010027,6135.423865748653,6085.175554351617,0.07705405271675628
41220,0.12260527668952007,-3902.884940039361,12203.695382536509,6140.47343624533,6063.221946291179,0.07696526830141068
41225,0.12262014875122429,-3774.822270586981,12183.54548541648,6151.181417873687,6032.364067542793,0.07706599264854254
41230,0.1226350208129285,-3645.051029986299,12160.795921623154,6167.859941396501,5992.935980226653,0.07725872929976216
41235,0.12264989287463271,-3514.8119255314314,12136.142859835189,6190.570745774287,5945.572114060901,0.0773723348082649
41240,0.12266476493633692,-3385.6011927548598,12110.30331199737,6219.1302743038505,5891.173037693519,0.077405989567382
41245,0.12267963699804113,-3259.1191990467605,12083.986662992993,6253.126686680878,5830.859976312115,0.0774192161809591
41250,0.12269450905974534,-3137.192497681518,12057.868144681066,6291.946115580848,5765.922029100218,0.0774706858667157
41255,0.12270938112144955,-3021.6756866985597,12032.565306758053,6334.805354658635,5697.759952099418,0.07743265996885555
41260,0.12272425318315376,-2914.342081450395,12008.618192110362,6380.788478613678,5627.829713496683,0.07730772174676004
41265,0.12273912524485797,-2816.7740122201876,11986.473539534089,6428.885494588899,5557.58804494519,0.07715049252799588
41270,0.12275399730656218,-2730.2641803614233,11966.472996616601,6478.031798697973,5488.441197918629,0.07701346263641727
41275,0.12276886936826639,-2655.7387658313146,11948.845096633984,6527.147773915358,5421.697322718626,0.07688070924481658
41280,0.12278374142997062,-2593.7109029305084,11933.700663158781,6575.178189416648,5358.522473742133,0.07691718314723618
41285,0.12279861349167483,-2544.2699634815526,11921.031338777759,6621.131094978945,5299.900243798814,0.07694928108182152
41290,0.12281348555337904,-2507.108178533983,11910.711040654565,6664.115663786767,5246.595376867798,0.07697686380644156
41295,0.12282835761508325,-2481.5819034649785,11902.500265659139,6703.3779939729075,5199.122271686231,0.0770054535885819
41300,0.12284322967678746,-2466.80069857091,11896.05325333288,6738.333345588933,5157.719907743947,0.07704809861019894
41305,0.12285810173849167,-2461.733803212418,11890.928044363854,6768.59280640515,5122.335237958704,0.07708684372737264
41310,0.12287297380019588,-2465.321063615822,11886.599449842583,6793.982098775281,5092.617351067302,0.07712157285219563
41315,0.12288784586190009,-2476.574532954791,11882.474889910161,6814.550295216098,5067.924594694064,0.07715214113711372
41320,0.1229027179236043,-2494.658282930818,11877.91298352754,6830.566682808826,5047.346300718714,0.0771783603375129
41325,0.12291758998530851,-2518.9375459771736,11872.244673728832,6842.504898453963,5029.739775274869,0.07719998757528505
41330,0.12293246204701272,-2548.993645663719,11864.796541704707,6851.014638812191,5013.781902892516,0.07722864117309466
41335,0.12294733410871694,-2584.607179855724,11854.91578475891,6856.882535939721,4998.03324881919,0.07726878731942069
41340,0.12296220617042115,-2625.7171931545054,11841.996109082367,6860.984952165617,4981.01115691675,0.07730455779195972
41345,0.12297707823212536,-2672.36733711575,11825.503544585381,6864.236283381998,4961.267261203383,0.07733547843223666
41350,0.12299195029382957,-2724.6505419011446,11805.000974088998,6867.536747028758,4937.46422706024,0.07736103103613218
41355,0.12300682235553378,-2782.6615613669537,11780.170039531187,6871.723549387507,4908.44649014368,0.0773806724085859
41360,0.123021694417238,-2846.4626904256165,11750.829088723185,6877.528842058447,4873.300246664739,0.07740429453641612
41365,0.1230365664789422,-2916.06323628658,11716.94597551413,6885.547101794725,4831.398873719406,0.07744465332369319
41370,0.12305143854064642,-2991.4092714450653,11678.64480801011,6896.213619342877,4782.431188667234,0.07747886332552273
41375,0.12306631060235063,-3072.377816821556,11636.206109657245,6909.794761119778,4726.411348537467,0.07750635799418112
41380,0.12308118266405484,-3158.7693572330845,11590.060258391863,6926.389651298613,4663.67060709325,0.0775266314156557
41385,0.12309605472575905,-3250.2943208375636,11540.774444755292,6945.941981345874,4594.832463409418,0.07753925613996758
41390,0.12311092678746327,-3346.5521971607513,11489.033702976947,6968.25986319006,4520.773839786887,0.07757591026716544
41395,0.12312579884916748,-3447.005383336359,11435.616804777901,6993.041079768077,4442.575725009824,0.07761124331118605
41400,0.12314067091087169,-3550.9526822952203,11381.367970376421,7019.900823030999,4361.467147345422,0.07763898904192758
41405,0.1231555429725759,-3657.5089025978496,11327.165463510926,7048.399084848072,4278.766378662855,0.0776588983863239
41410,0.12317041503428011,-3765.5968897409925,11273.888217656251,7078.065272241294,4195.822945414957,0.07767080573998975
41415,0.12318528709598432,-3873.956660964239,11222.381702730572,7108.418291911385,4113.963410819188,0.077701575706316
41420,0.12320015915768853,-3981.173615331489,11173.424289761977,7138.981182127933,4034.4431076340443,0.07773814079978653
41425,0.12321503121939274,-4085.7247651859752,11127.69540235962,7169.290232360642,3958.4051699989786,0.07776696148360465
41430,0.12322990328109695,-4186.039292195217,11085.746753158259,7198.899296694504,3886.8474564637545,0.07778785306995237
41435,0.12324477534280116,-4280.567948193264,11047.977945555858,7227.380578802087,3820.597366753771,0.07780063696528827
41440,0.12325964740450537,-4367.85502181421,11014.617669057567,7254.323490201167,3760.2941788563994,0.07782880524351767
41445,0.1232745194662096,-4446.606586741552,10985.711616528655,7279.333252511339,3706.378364017316,0.07786693770862783
41450,0.12328939152791381,-4515.749219249687,10961.118080056958,7302.030759903798,3659.0873201531604,0.07789657449997567
41455,0.12330426358961802,-4574.474107427641,10940.511909883067,7322.054893800843,3618.457016082224,0.07791733011317795
41460,0.12331913565132223,-4622.262485981779,10923.397126581365,7339.068047508105,3584.32907907326,0.07792883584445016
41465,0.12333400771302644,-4658.88979950061,10909.127963531064,7352.765125510198,3556.3628380208656,0.07795155808818834
41470,0.12334887977473065,-4684.408057145915,10896.93752444674,7362.885771110459,3534.05175333628,0.0779868866047252
41475,0.12336375183643486,-4699.108365728188,10885.972644830279,7369.229079928514,3516.7435649017652,0.07801209609918491
41480,0.12337862389813907,-4703.4681672143115,10875.333041135336,7371.669608987022,3503.6634321483143,0.07802684245207182
41485,0.12339349595984328,-4698.0896395263735,10864.112504083436,7370.173130924981,3493.939373158455,0.07803089023968733
41490,0.12340836802154749,-4683.636520230348,10851.439795713637,7364.81035405342,3486.629441660217,0.07804395085698163
41495,0.1234232400832517,-4660.776086450529,10836.517046745634,7355.766772316561,3480.7502744290723,0.07807070628407675
41500,0.12343811214495592,-4630.131383727354,10818.65377663278,7343.346952040292,3475.306824592488,0.0780864208327479
41505,0.12345298420666014,-4592.246566224765,10797.29509623445,7327.9719111714885,3469.323185062961,0.0780911151402081
41510,0.12346785626836435,-4547.566029484524,10772.043117639298,7310.1687849688,3461.874332670498,0.07808494241095326
41515,0.12348272833006856,-4496.426431157413,10742.67101928591,7290.552662315703,3452.118356970207,0.07808942800769457
41520,0.12349760039177277,-4439.05999960513,10709.12956141484,7269.801261884279,3439.3282995305617,0.07810712879429849
41525,0.12351247245347698,-4375.60769199591,10671.546116931548,7248.623920010926,3422.922196920622,0.07811421526447396
41530,0.12352734451518119,-4306.141437919309,10630.216502318348,7227.727083029136,3402.4894192892116,0.07811095359815684
41535,0.1235422165768854,-4230.695359607876,10585.590097009252,7207.779019907314,3377.8110771019374,0.0780976769030559
41540,0.12355708863858961,-4149.305974835842,10538.248952245982,7189.376680722348,3348.8722715236336,0.07809787100358588
41545,0.12357196070029382,-4062.0606595298677,10488.88181434322,7173.017438447281,3315.864375895939,0.07810979701808714
41550,0.12358683276199803,-3969.1521032028213,10438.254202761766,7159.077849517433,3279.176353244333,0.07811160770870615
41555,0.12360170482370225,-3870.9344774327883,10387.175859069748,7147.800632222071,3239.3752268476774,0.07810350168899081
41560,0.12361657688540646,-3767.975091160913,10336.466990649576,7139.289967813373,3197.177022836204,0.07808570535468372
41565,0.12363144894711067,-3661.093992296495,10286.924759208947,7133.514215229668,3153.4105439792793,0.07808115893830014
41570,0.12364632100881488,-3551.3837595344453,10239.291411783419,7130.314427203864,3108.9769845795545,0.07808730677948549
41575,0.1236611930705191,-3440.2028946471282,10194.225334650018,7129.416809190262,3064.8085254597563,0.07808284773120866
41580,0.1236760651322233,-3329.1388123021593,10152.27614355435,7130.4474813045335,3021.828662249817,0.07806790326193672
41585,0.12369093719392751,-3219.9401769156607,10113.864717498498,7132.948457026492,2980.916260472006,0.0780426700016192
41590,0.12370580925563172,-3114.42270147158,10079.268843758022,7136.394424143779,2942.8744196142425,0.07802535800499771
41595,0.12372068131733593,-3014.356733224334,10048.61487452969,7140.210481208966,2908.404393320725,0.07802066808742864
41600,0.12373555337904014,-2921.3482055198847,10021.875512510607,7143.7912892508575,2878.0842232597497,0.07800467329366523
41605,0.12375042544074435,-2836.7262210592194,9998.87356510085,7146.522083225887,2852.3514818749627,0.07797779385545645
41610,0.12376529750244858,-2761.450380186043,9979.291263344134,7147.801679434773,2831.4895839093606,0.0779406031566561
41615,0.12378016956415279,-2696.049063787839,9962.684559919866,7147.067101396493,2815.617458523373,0.07791803155293792
41620,0.123795041625857,-2640.5965468779295,9948.501716711782,7143.818843670532,2804.68287304125,0.07788791360419027
41625,0.12380991368756121,-2594.7324742513265,9936.105462136864,7137.6452265138,2798.4602356230644,0.07785266420922667
41630,0.12382478574926542,-2557.722322685325,9924.79801418069,7128.243886631042,2796.554127549647,0.07781445929137108
41635,0.12383965781096963,-2528.5525281534588,9913.848283825515,7115.438306095044,2798.409977730471,0.0777714379233181
41640,0.12385452987267384,-2506.049630745881,9902.52055170736,7099.187470652532,2803.333081054827,0.07774278154215494
41645,0.12386940193437805,-2489.0098359684903,9890.103822194435,7079.587278314858,2810.5165438795766,0.07770539573952352
41650,0.12388427399608226,-2476.324450481097,9875.940907958526,7056.863125761081,2819.0777821974443,0.07766007450319137
41655,0.12389914605778647,-2467.08797321901,9859.456121538626,7031.354054749687,2828.102066788939,0.07760759736260198
41660,0.12391401811949068,-2460.6788827556757,9840.180307322578,7003.4897774281835,2836.690529894395,0.0775620411179469
41665,0.1239288901811949,-2456.8075083530857,9817.771898681944,6973.762657034063,2844.009241647881,0.07753351831929231
41670,0.12394376224289912,-2455.5297271016198,9792.032771644628,6942.697184277802,2849.335587366826,0.07749823833965083
41675,0.12395863430460333,-2457.228682677963,9762.917895305278,6910.819616547967,2852.098278757311,0.07745672115838453
41680,0.12397350636630754,-2462.5688293236944,9730.538121754524,6878.630265244887,2851.907856509637,0.07740945955495625
41685,0.12398837842801175,-2472.4274602884175,9695.155862962882,6846.580501525955,2848.575361436927,0.07735692658506373
41690,0.12400325048971596,-2487.808955657941,9657.173813295509,6815.055989887726,2842.1178234077825,0.07732787180146461
41695,0.12401812255142017,-2509.7468585958286,9617.117252654578,6784.367022007591,2832.750230646987,0.07729904350303703
41700,0.12403299461312438,-2539.1989999341517,9575.610788367405,6754.746151294635,2820.86463707277,0.0772645816274668
41705,0.12404786667482859,-2576.941408252697,9533.350666056334,6726.352644522355,2806.998021533979,0.07722496371529905
41710,0.1240627387365328,-2623.467571692045,9491.074011306691,6699.282598102009,2791.7914132046826,0.07721433950010569
41715,0.12407761079823701,-2678.9004860411032,9449.526558394688,6673.582963957315,2775.9435944373727,0.07721682096955555
41720,0.12409248285994123,-2742.925481831964,9409.430564644577,6649.267272172602,2760.163292471975,0.07721394342940306
41725,0.12410735492164544,-2814.7517192339383,9371.45466465658,6626.33061461211,2745.124050044469,0.07720555884927748
41730,0.12412222698334965,-2893.1091684790513,9336.187343648087,6604.761538522124,2731.425805125963,0.07719160223786395
41735,0.12413709904505386,-2976.2856468032405,9304.115468942118,6584.548920131713,2719.566548810405,0.07717209840204887
41740,0.12415197110675807,-3062.205022116122,9275.608907463851,6565.682613692221,2709.9262937716303,0.07716316029402726
41745,0.12416684316846228,-3148.543234831607,9250.911710427383,6548.147611095231,2702.764099332152,0.07716457702264186
41750,0.1241817152301665,-3232.8738554846536,9230.139739105332,6531.912468089562,2698.2272710157704,0.07716142126761175
41755,0.1241965872918707,-3312.830277239302,9213.28403672148,6516.913702496008,2696.370334225471,0.07715407502647348
41760,0.12421145935357492,-3386.2682436103883,9200.21881924673,6503.038601304542,2697.1802179421875,0.07714295042973174
41765,0.12422633141527913,-3451.411013219682,9190.712734353921,6490.109271580616,2700.603462773305,0.07712846344668793
41770,0.12424120347698334,-3506.96049413782,9184.44205080517,6477.870770176655,2706.5712806285146,0.07711100894136522
41775,0.12425607553868756,-3552.161096488875,9181.004668005191,6465.98574720264,2715.0189208025513,0.0770909388474252
41780,0.12427094760039177,-3586.8083729586597,9179.934212216838,6454.03729814745,2725.896914069388,0.07708290062667018
41785,0.12428581966209598,-3611.200979641108,9180.713920703036,6441.540749175986,2739.17317152705,0.07707330684284168
41790,0.12430069172380019,-3626.0412291223497,9182.790412301585,6427.964037359155,2754.8263749424304,0.07706170806689078
41795,0.1243155637855044,-3632.295684119137,9185.587722987695,6412.7553341624125,2772.8323888252826,0.07704820556712445
41800,0.12433043584720861,-3631.0321002159367,9188.522098448926,6395.375720096563,2793.146378352363,0.07703281753588849
41805,0.12434530790891282,-3623.2519465223213,9191.017968704511,6375.334141680398,2815.6838270241133,0.07701548645623346
41810,0.12436017997061703,-3609.7382889270752,9192.525300871617,6352.2216196964355,2840.3036811751817,0.07699609019332633
41815,0.12437505203232124,-3590.9368828247607,9192.538178980069,6325.7417415546715,2866.796437425397,0.07698413934656957
41820,0.12438992409402545,-3566.8841255254706,9190.614054341557,6295.734836481919,2894.8792178596377,0.07697683761954205
41825,0.12440479615572966,-3537.189647877437,9186.39271545288,6262.193846451414,2924.198869001465,0.07696690050135431
41830,0.12441966821743389,-3501.0746140655147,9179.613713098257,6225.270690404411,2954.3430226938463,0.07695411316324166
41835,0.1244345402791381,-3457.4601774524394,9170.130806010906,6185.272781215872,2984.858024795034,0.07693826317940289
41840,0.12444941234084231,-3405.094886267597,9157.922007229188,6142.65019782933,3015.2718093998583,0.07691914865725394
41845,0.12446428440254652,-3342.705845365228,9143.09402352141,6097.974754316763,3045.119269204646,0.07689658318755581
41850,0.12447915646425073,-3269.1565470072487,9125.880268857933,6051.91278076059,3073.9674880973425,0.0768826999883255
41855,0.12449402852595494,-3183.594574887932,9106.632147367081,6005.193798999976,3101.4383483671054,0.07687157162786395
41860,0.12450890058765915,-3085.5746026466845,9085.80387179092,5958.577417733766,3127.226454057154,0.07685662497776086
41865,0.12452377264936336,-2975.1457091982693,9063.931633772223,5912.820674157576,3151.110959614647,0.0768377573862575
41870,0.12453864471106757,-2852.896335032996,9041.608401162983,5868.647712745608,3172.9606884173745,0.07681487595331245
41875,0.12455351677277178,-2719.954549986862,9019.455929148888,5826.723141383883,3192.732787765005,0.07680371252569321
41880,0.124568388834476,-2577.945201467302,8998.095705229478,5787.629713102546,3210.465992126932,0.07680574518051998
41885,0.12458326089618021,-2428.9086928947477,8978.120502605576,5751.850277211531,3226.270225394045,0.07680406046358804
41890,0.12459813295788442,-2275.18854141364,8960.068023151905,5719.753396661628,3240.314626490277,0.07679861042027207
41895,0.12461300501958864,-2119.2965602816307,8944.397823499521,5691.5818011022,3252.816022397321,0.07678934795436633
41900,0.12462787708129285,-1963.7656477568175,8931.472396658295,5667.443025488426,3264.0293711698687,0.07677623079911487
41905,0.12464274914299706,-1811.0008688644457,8921.542978059624,5647.302131217959,3274.240846841665,0.07675922529110284
41910,0.12465762120470127,-1663.1398335629706,8914.740388659904,5630.977141434811,3283.7632472250934,0.07674895358766784
41915,0.12467249326640548,-1521.9332194224025,8911.071025857806,5618.138477321287,3292.932548536519,0.07674423323225965
41920,0.12468736532810969,-1388.6554560868217,8910.417956502419,5608.313999417989,3302.1039570844296,0.07673519073024523
41925,0.1247022373898139,-1264.0538433007623,8912.54694067377,5600.901086121901,3311.645854551869,0.076721832232233
41930,0.12471710945151811,-1148.341573309618,8917.1171075451,5595.186532551406,3321.930574993694,0.07670418282190977
41935,0.12473198151322233,-1041.2363518304728,8923.695907108315,5590.374090224578,3333.3218168837366,0.07668228504962334
41940,0.12474685357492654,-942.0419049229104,8931.777867611925,5585.618436493767,3346.159431118158,0.07665619673277474
41945,0.12476172563663075,-849.7651682976184,8940.806590688871,5580.063498235009,3360.743092453862,0.0766324345889139
41950,0.12477659769833496,-763.2579914721246,8950.1993041021,5572.882512613134,3377.3167914889655,0.07661829758166165
41955,0.12479146976003917,-681.369287429221,8959.373155767611,5563.317037924053,3396.0561178435582,0.07659987198684609
41960,0.12480634182174338,-603.0921042179361,8967.77226813331,5550.712290288326,3417.059977844985,0.07657728794697823
41965,0.1248212138834476,-527.6903155556347,8974.894387721142,5534.546592496909,3440.347795224233,0.0765506779955126
41970,0.1248360859451518,-454.79161423194,8980.315786414409,5514.4532914165275,3465.862494997881,0.07652017185287743
41975,0.12485095800685601,-384.4371856449161,8983.712940514311,5490.234160284106,3493.4787802302053,0.0764906244995218
41980,0.12486583006856022,-317.08355621762894,8984.879481048445,5461.863998895546,3523.0154821528995,0.0764851009444642
41985,0.12488070213026443,-253.5580609077233,8983.737020928806,5429.486825594408,3554.250195334397,0.07647602539095233
41990,0.12489557419196866,-194.9752490647188,8980.33875053036,5393.404654991178,3586.9340955391817,0.07646353869027836
41995,0.12491044625367287,-142.62628118527573,8974.865153747369,5354.060298979071,3620.8048547682974,0.07644774390318734
42000,0.12492531831537708,-97.85602872965319,8967.611799593353,5312.015849297239,3655.595950296114,0.07642870247684715
42005,0.12494019037708129,-61.94270211474486,8958.969848331972,5267.928466866412,3691.0413814655594,0.07640643262187868
42010,0.1249550624387855,-35.992569184541026,8949.40059445889,5222.524840342726,3726.875754116164,0.07638501723138595
42015,0.12496993450048971,-20.858443120023367,8939.405962907851,5176.57526303968,3762.830699868171,0.07637960077677039
42020,0.12498480656219392,-17.086170307749853,8929.4972966886,5130.867829123369,3798.6294675652307,0.07637040170433593
42025,0.12499967862389813,-24.88931835033327,8920.164958546835,5086.182887718454,3833.9820708283805,0.07635727466156197
42030,0.12501455068560235,-44.14927618319234,8911.851178804385,5043.2677126199205,3868.5834661844647,0.07634005468103391
42035,0.12502942274730655,-74.43620522017409,8904.928215020904,5002.811392401543,3902.1168226193604,0.07631856893696244
42040,0.12504429480901078,-115.04555052433807,8899.683285606801,4965.420208149498,3934.2630774573036,0.07629264984941803
42045,0.12505916687071497,-165.04482001576434,8896.310976969533,4931.594173473457,3964.716803496076,0.07626214890773371
42050,0.1250740389324192,-223.32579102898308,8894.913009097787,4901.705849304798,3993.207159792989,0.07624371542892963
42055,0.1250889109941234,-288.6580383297551,8895.504495907891,4875.982880174504,4019.521615733387,0.07622723925797152
42060,0.12510378305582762,-359.74059746113016,8898.025260777928,4854.49580863242,4043.529452145507,0.07621656647742851
42065,0.1251186551175318,-435.2495670345743,8902.354437529677,4837.152538064091,4065.2018994655864,0.07620046906869617
42070,0.12513352717923604,-513.8803352527857,8908.326526787941,4823.700333635755,4084.6261931521867,0.07617906125398642
42075,0.12514839924094026,-594.3836833799769,8915.747259152758,4813.735558776844,4102.011700375914,0.07615254308749284
42080,0.12516327130264446,-675.5951426996562,8924.407969940448,4806.720583494058,4117.6873864463905,0.07613224700986354
42085,0.12517814336434868,-756.4567082823378,8934.097624023572,4802.006634303613,4132.090989719959,0.07612252503648699
42090,0.12519301542605288,-836.0295847779607,8944.612055630816,4798.860919336457,4145.751136294359,0.07610795056868597
42095,0.1252078874877571,-913.4964055551163,8955.76034338177,4796.496226044744,4159.264117337026,0.07608881339072639
42100,0.1252227595494613,-988.1516335000697,8967.368497196418,4794.101340444218,4173.267156752199,0.0760653816279893
42105,0.12523763161116552,-1059.3797580214132,8979.28079618664,4790.870991834186,4188.409804352455,0.07603788856743905
42110,0.12525250367286972,-1126.6223776547085,8991.359211271896,4786.03446038741,4205.324750884486,0.07600652439768182
42115,0.12526737573457394,-1189.3370616140392,9003.481403399275,4778.882370110269,4224.599033289006,0.07597143289359544
42120,0.12528224779627814,-1246.9526805389569,9015.537828565231,4768.791432233928,4246.746396331303,0.07594174999045834
42125,0.12529711985798236,-1298.8273103189686,9027.428508845323,4755.2469626782,4272.181546167123,0.0759251223321143
42130,0.1253119919196866,-1344.2154774211967,9039.060034868386,4737.862886959239,4301.197147909146,0.07590435781184451
42135,0.12532686398139078,-1382.251139931589,9050.34333311376,4716.398727907032,4333.944605206729,0.07588423565670178
42140,0.125341736043095,-1411.951270053435,9061.192646579768,4690.772833164283,4370.419813415485,0.07586598457565806
42145,0.1253566081047992,-1432.2423597728148,9071.526033637048,4661.070930018722,4410.455103618327,0.0758429869218098
42150,0.12537148016650343,-1442.0090122147067,9081.267493297342,4627.549063163128,4453.718430134214,0.0758152293045933
42155,0.12538635222820763,-1440.1605751969219,9090.350594478981,4590.63010701044,4499.720487468541,0.07578365436005138
42160,0.12540122428991185,-1425.7091013176514,9098.723251786934,4550.893336302232,4547.829915484703,0.07577543796166544
42165,0.12541609635161605,-1397.8502302562129,9106.353087181978,4509.056941240053,4597.296145941926,0.07576198151853397
42170,0.12543096841332027,-1356.038120910609,9113.232682064472,4465.9538263545,4647.278855709972,0.07574339647544277
42175,0.12544584047502447,-1300.046324552025,9119.383985561757,4422.501481683296,4696.882503878461,0.07571982128278622
42180,0.1254607125367287,-1230.0082947886794,9124.86121361282,4379.66712412964,4745.19408948318,0.07569141044615985
42185,0.12547558459843292,-1146.4337268386034,9129.751739699923,4338.429654740538,4791.3220849593845,0.07565832257364806
42190,0.1254904566601371,-1050.1996655029388,9134.174711126532,4299.740246536659,4834.434464589874,0.07562070913441765
42195,0.12550532872184134,-942.5178769034628,9138.27738029996,4264.483541692321,4873.793838607639,0.07557870556903455
42200,0.12552020078354553,-824.8820098626275,9142.229372159112,4233.441460866582,4908.78791129253,0.0755478653485837
42205,0.12553507284524976,-698.9994282539228,9146.21528093024,4207.261478079819,4938.953802850421,0.07552559582440997
42210,0.12554994490695395,-566.7133145296566,9150.426086315036,4186.430881575889,4963.995204739147,0.07549874288652775
42215,0.12556481696865818,-429.9208830094922,9155.04990909611,4171.258056678225,4983.791852417884,0.07547186295397763
42220,0.12557968903036237,-290.4934617263998,9160.262615723157,4161.861269001737,4998.40134672142,0.07544759205138812
42225,0.1255945610920666,-150.2038827831302,9166.218763868535,4158.164903076296,5008.05386079224,0.07541843389911042
42230,0.1256094331537708,-10.666030472975763,9173.0433805568,4159.902723689482,5013.140656867317,0.07538440306183272
42235,0.12562430521547502,126.70956838458005,9180.825084500431,4166.62753131944,5014.197553180991,0.0753455347586436
42240,0.12563917727717924,260.74165267414446,9189.61108358661,4177.726567192103,5011.884516394506,0.07531588429551324
42245,0.12565404933888344,390.48503786863694,9199.404559324166,4192.442114376083,5006.962444948083,0.07529996237899292
42250,0.12566892140058766,515.2198407790229,9210.164854503459,4209.896837963557,5000.2680165399015,0.07529559907518682
42255,0.12568379346229186,634.426613369752,9221.810687933486,4229.1234261553545,4992.687261778132,0.07535239854202529
42260,0.12569866552399608,747.7522837159277,9234.226339989886,4249.09800087692,4985.1283391129655,0.07540571922498049
42265,0.12571353758570028,854.9722355043868,9247.270424531092,4268.776581693042,4978.49384283805,0.07545528096976827
42270,0.1257284096474045,955.9531862568128,9260.786546935009,4287.133662364251,4973.652884570758,0.07550085778140403
42275,0.1257432817091087,1050.6199830869564,9274.614908388849,4303.201746255124,4971.413162133725,0.07554229179760462
42280,0.12575815377081292,1138.9275886351807,9288.603802508716,4316.110509966987,4972.49329254173,0.07557950007463755
42285,0.12577302583251712,1220.8380662237714,9302.619982853439,4325.1241205492515,4977.4958623041875,0.07561749783432127
42290,0.12578789789422135,1296.3018042729173,9316.557046899883,4329.675105883653,4986.8819410162305,0.07566687526792386
42295,0.12580276995592557,1365.242644139993,9330.3412433821,4329.39307049405,5000.948172888049,0.0757118310930445
42300,0.12581764201762977,1427.5476245725877,9343.93441046622,4324.126491486679,5019.807918979541,0.07575650575398699
42305,0.125832514079334,1483.0630645936699,9357.33403873277,4313.955881262082,5043.378157470688,0.0757970846403394
42310,0.1258473861410382,1531.5990188846945,9370.570688143853,4299.196830360298,5071.373857783555,0.07583343297559818
42315,0.1258622582027424,1572.943405193696,9383.703157328437,4280.3918855560305,5103.311271772406,0.07586699920819245
42320,0.1258771302644466,1606.8854249548813,9396.811911420782,4258.290867750985,5138.521043669797,0.07591727715193244
42325,0.12589200232615083,1633.2457778192047,9409.991335868543,4233.820032516244,5176.171303352298,0.07596305018888826
42330,0.12590687438785503,1651.9092941925328,9423.341411669357,4208.041328333999,5215.300083335357,0.07600433831162924
42335,0.12592174644955925,1662.8545845716608,9436.959408820094,4182.103807287237,5254.855601532857,0.07604111583012983
42340,0.12593661851126345,1666.1754561526504,9450.932168969992,4157.189894737197,5293.742274232794,0.07607331169222586
42345,0.12595149057296767,1662.0901488340642,9465.329493056912,4134.459657519556,5330.869835537356,0.07610081412618545
42350,0.1259663626346719,1650.9365727945478,9480.199065761648,4114.9963824707265,5365.202683290921,0.07612347876403058
42355,0.1259812346963761,1633.1542105632252,9495.563241308239,4099.756676484267,5395.806564823972,0.07615293327109007
42360,0.12599610675808032,1609.2556889701473,9511.417892502013,4089.5279425569056,5421.889949945107,0.0761910520319936
42365,0.1260109788197845,1579.792827357035,9527.733393932936,4084.895516833631,5442.837877099306,0.07622341174441136
42370,0.12602585088148874,1545.3229469375055,9544.457675031963,4086.2210330366274,5458.236641995336,0.07624988374297022
42375,0.12604072294319293,1506.3812234728966,9561.521141030504,4093.632784831794,5467.8883561987095,0.07627033529335829
42380,0.12605559500489716,1463.4638449350723,9578.84312285662,4107.028051736441,5471.81507112018,0.0762846329486893
42385,0.12607046706660135,1417.0248063486752,9596.339387914111,4126.086596267874,5470.252791646238,0.07629264570422126
42390,0.12608533912830558,1367.4866181458365,9613.930135471785,4150.293873938346,5463.636261533438,0.07629424841327777
42395,0.12610021119000978,1315.2624822526132,9631.547829579358,4178.971963159768,5452.57586641959,0.07631749985984843
42400,0.126115083251714,1260.7851747864106,9649.144204916303,4211.315859094079,5437.828345822224,0.07633433676369875
42405,0.12612995531341822,1204.5365175562074,9666.695826357376,4246.432622178346,5420.26320417903,0.07634381918821413
42410,0.12614482737512242,1147.0712826863373,9684.207690886627,4283.380953641358,5400.826737245269,0.07634585225604498
42415,0.12615969943682664,1089.0306874186126,9701.714519394916,4321.209084057532,5380.505435337384,0.07634037498887938
42420,0.12617457149853084,1031.1429720901615,9719.279576141857,4358.989365788575,5360.2902103532815,0.0763273637664144
42425,0.12618944356023507,974.2113231356798,9736.9910523886,4395.848576969003,5341.142475419596,0.07630683212081596
42430,0.12620431562193926,919.0919361888873,9754.95623740134,4430.993569681748,5323.962667719592,0.07629638533328735
42435,0.12621918768364349,866.6667532910551,9773.293860508555,4463.732420813798,5309.561439694757,0.07629185518800415
42440,0.12623405974534768,817.816022902518,9792.125115783365,4493.491583437066,5298.633532346299,0.076279374032423
42445,0.1262489318070519,773.3952550859785,9811.563976271878,4519.829640438371,5291.734335833507,0.0762590773260339
42450,0.1262638038687561,734.2195541642077,9831.707470966694,4542.4481301308715,5289.2593408358225,0.07623109939521466
42455,0.12627867593046033,701.0560932343478,9852.626637098834,4561.199594836457,5291.427042262377,0.0761955597031051
42460,0.12629354799216455,674.6231876899474,9874.35886980484,4576.092588818642,5298.266280986199,0.07615255120601593
42465,0.12630842005386875,655.5926168100059,9896.90235979295,4587.29298804028,5309.60937175267,0.07610213210833597
42470,0.12632329211557297,644.591016279619,9920.213220071464,4595.120689609089,5325.092530462375,0.07606420949577675
42475,0.12633816417727717,642.1965397410031,9944.205737348366,4600.040765615072,5344.164971733294,0.07603323876496001
42480,0.1263530362389814,648.9284407624373,9968.755933971794,4602.648384311181,5366.107549660613,0.07599454635133467
42485,0.1263679083006856,665.2293386168894,9993.708303202815,4603.647304894711,5390.060998308104,0.07594806667804493
42490,0.1263827803623898,691.4421338570473,10018.885220157017,4603.8224028159375,5415.06281734108,0.07589371219242069
42495,0.126397652424094,727.7852902201485,10044.098191494175,4604.007364723089,5440.090826771086,0.07583138769839808
42500,0.12641252448579823,774.331108471999,10069.15985811496,4605.049275592219,5464.1105825227405,0.075761005030464
42505,0.12642739654750243,830.9915075371327,10093.895567724532,4607.772202411732,5486.1233653128,0.07568249628045687
42510,0.12644226860920665,897.5147407499371,10118.153421312085,4612.942003445861,5505.211417866224,0.07559582412210529
42515,0.12645714067091088,973.4946505052976,10141.811960940498,4621.234456057427,5520.577504883071,0.0755394068699568
42520,0.12647201273261507,1058.3918975774004,10164.785054794716,4633.208439303511,5531.576615491205,0.0754781165063347
42525,0.1264868847943193,1151.5645639068853,10187.023967310504,4649.285398842316,5537.7385684681885,0.07540825933841616
42530,0.1265017568560235,1252.3040605594224,10208.516986599441,4669.735742498777,5538.7812441006645,0.07532989808094429
42535,0.12651662891772772,1359.8716673433937,10229.287242467211,4694.672244921485,5534.6149975457265,0.07524312132911436
42540,0.12653150097943192,1473.5313455696942,10249.389444167027,4724.050046778054,5525.339397388973,0.07514803558061056
42545,0.12654637304113614,1592.57551178015,10268.906197951319,4757.67246644155,5511.233731509769,0.07504475680240835
42550,0.12656124510284034,1716.3418728210436,10287.94436973067,4795.201626903133,5492.742742827538,0.0749334026614107
42555,0.12657611716454456,1844.2207938601232,10306.631702849065,4836.1728432698665,5470.458859579198,0.0748140863303007
42560,0.12659098922624876,1975.653697424159,10325.11365742042,4880.011802354475,5445.101855065945,0.07468691249947282
42565,0.12660586128795298,2110.1235779382923,10343.550266349284,4926.053762191073,5417.496504158212,0.07456668451019115
42570,0.1266207333496572,2247.13898899941,10362.112738163241,4973.564254961789,5388.548483201453,0.0744617283169446
42575,0.1266356054113614,2386.213080679893,10380.979579689383,5021.761028966019,5359.218550723364,0.07434884947861377
42580,0.12665047747306563,2526.8396684770114,10400.332134666885,5069.837150713301,5330.494983953585,0.07422811089964347
42585,0.12666534953476982,2668.468959535752,10420.349591683538,5116.985259344423,5303.364332339115,0.07409957919590447
42590,0.12668022159647405,2810.4862516628737,10441.203656769912,5162.422903325453,5278.780753444459,0.0739648991829704
42595,0.12669509365817824,2952.1972854228725,10463.053173214126,5205.418707644604,5257.634465569522,0.07382349499790107
42600,0.12670996571988247,3092.823615499048,10486.038984135499,5245.318858112277,5240.720126023222,0.0736743600615798
42605,0.12672483778158666,3231.510242780714,10510.279275983341,5281.573098187585,5228.706177795756,0.07351778811620374
42610,0.1267397098432909,3367.346003893188,10535.86553891131,5313.75915892918,5222.10637998213,0.07335534767806903
42615,0.12675458190499508,3499.395286785164,10562.859171810644,5341.604317307603,5221.25485450304,0.07318539707802546
42620,0.1267694539666993,3626.7380067204867,10591.288686270767,5365.002624478972,5226.286061791795,0.07300806372034634
42625,0.12678432602840353,3748.513741801101,10621.147453428623,5384.026285629567,5237.121167799056,0.0730409903099057
42630,0.12679919809010773,3863.9655280161605,10652.391996716258,5398.929737703123,5253.462259013136,0.07319050547661574
42635,0.12681407015181195,3972.478886170299,10684.940942375728,5410.145201653273,5274.795740722455,0.07333188647321726
42640,0.12682894221351615,4073.6119983886083,10718.674859343842,5418.26891841769,5300.405940926153,0.0734715374427851
42645,0.12684381427522037,4167.113488166029,10753.43730567219,5424.037921083914,5329.399384588277,0.07359738932606862
42650,0.12685868633692457,4252.925053112501,10789.03741417766,5428.298007975044,5360.739406202615,0.07370961602575478
42655,0.1268735583986288,4331.167380990093,10825.254279770845,5431.9644640921515,5393.289815678693,0.07380849461218919
42660,0.126888430460333,4402.109394178265,10861.84326242608,5435.9778913668515,5425.865371059229,0.07393942827538783
42665,0.12690330252203721,4466.122793264684,10898.54411975467,5441.258104369517,5457.2860153851525,0.07408921730275768
42670,0.1269181745837414,4523.62583256878,10935.090668657134,5448.659313504177,5486.431355152958,0.07422529983857203
42675,0.12693304664544564,4575.0219301849,10971.221484216325,5458.929702818729,5512.2917813975955,0.07434801172905782
42680,0.12694791870714986,4620.639816505722,11006.69100598263,5472.678039676064,5534.012966306565,0.0744577477504419
42685,0.12696279076885406,4660.682294108339,11041.280354479139,5490.349216924473,5550.931137554666,0.07455494089166456
42690,0.12697766283055828,4695.190262029263,11074.807167209576,5512.209749632462,5562.597417577113,0.07464004260168622
42695,0.12699253489226248,4724.027463079792,11107.133834243356,5538.343358849553,5568.790475393803,0.07475703806282609
42700,0.1270074069539667,4746.889505580681,11138.173631397403,5568.655986928421,5569.517644468982,0.07490388579248165
42705,0.1270222790156709,4763.338207707096,11167.894395129591,5602.888981659546,5565.005413470046,0.07504000423393586
42710,0.12703715107737512,4772.859413072491,11196.31954179254,5640.638798451111,5555.680743341429,0.07516569241893371
42715,0.12705202313907932,4774.9394301327175,11223.526395176104,5681.381400309248,5542.144994866856,0.07528126730802591
42720,0.12706689520078354,4769.152540569282,11249.64194521558,5724.499552373843,5525.142392841738,0.07538704729849274
42725,0.12708176726248774,4755.250023532746,11274.836313237085,5769.311360923071,5505.524952314014,0.07548333228605958
42730,0.12709663932419196,4733.240237973934,11299.314337300813,5815.0986440151555,5484.215693285658,0.07557038444774213
42735,0.1271115113858962,4703.449755511689,11323.305801369323,5861.134001298979,5462.171800070344,0.07567066244849922
42740,0.12712638344760038,4666.557403684182,11347.054896881895,5906.705749144875,5440.34914773702,0.07579358769554533
42745,0.1271412555093046,4623.59617489264,11370.80951027125,5951.140190204281,5419.66932006697,0.0759058520646162
42750,0.1271561275710088,4575.921848438086,11394.810870579822,5993.820979185612,5400.989891394211,0.07600745309924073
42755,0.12717099963271303,4525.1512622708615,11419.283977902116,6034.205604068132,5385.078373833984,0.076107049136967
42760,0.12718587169441722,4473.07681579226,11444.42908962652,6071.839188076441,5372.589901550078,0.07622939957221614
42765,0.12720074375612145,4421.56643777466,11470.414397633049,6106.365895748242,5364.048501884807,0.07637181431484724
42770,0.12721561581782564,4372.459562819628,11497.369913467872,6137.538175051624,5359.831738416247,0.07650440314186654
42775,0.12723048787952987,4327.469516298931,11525.38250844982,6165.223894513737,5360.158613936083,0.07662711715610361
42780,0.12724535994123407,4288.101237228701,11554.492038416056,6189.41118024816,5365.080858167896,0.07673993142649446
42785,0.1272602320029383,4255.590792722675,11584.688515606553,6210.210489018769,5374.4780265877835,0.07684284126120272
42790,0.1272751040646425,4230.8701159605325,11615.91036311183,6227.853247061552,5388.057116050279,0.07693585771578774
42795,0.1272899761263467,4214.557350475238,11648.043884402317,6242.686310081479,5405.3575743208385,0.07701900362977254
42800,0.12730484818805093,4206.970580375012,11680.924178802246,6255.161603434574,5425.762575367672,0.07710326197513515
42805,0.12731972024975513,4208.160884146155,11714.337803657245,6265.820593516506,5448.517210140739,0.07720379569655204
42810,0.12733459231145935,4217.959651668492,11748.02749363049,6275.2736919737445,5472.753801656746,0.07729322548954565
42815,0.12734946437316355,4236.034807836781,11781.699172304292,6284.175237417522,5497.52393488677,0.07737158817120257
42820,0.12736433643486778,4261.950727943355,11815.031324601665,6293.195244817316,5521.836079784349,0.07743888526581941
42825,0.12737920849657197,4295.226965856335,11847.686559289197,6302.989565536678,5544.696993752519,0.07749507442688812
42830,0.1273940805582762,4335.391331039077,11879.3249222592,6314.170381362171,5565.15454089703,0.07754006826594859
42835,0.1274089526199804,4382.0233742183445,11909.618279774706,6327.279015471611,5582.339264303095,0.07764341123042488
42840,0.12742382468168462,4434.785079738674,11938.264928968976,6342.762871852814,5595.502057116162,0.0777570452987461
42845,0.12743869674338884,4493.436591656874,11965.003542148355,6360.9579382656875,5604.045603882668,0.07786252217715108
42850,0.12745356880509304,4557.836094948,11989.62561357405,6382.077760652693,5607.547852921357,0.0779593908179558
42855,0.12746844086679726,4627.924403520924,12011.985726077639,6406.209191880143,5605.7765341974955,0.07804716042840343
42860,0.12748331292850146,4703.69620203249,12032.009147794965,6433.314616052421,5598.694531742543,0.0781287542342481
42865,0.12749818499020568,4785.161112238511,12049.69646367521,6463.239829769098,5586.456633906113,0.07823039526566486
42870,0.12751305705190988,4872.298734391148,12065.125111923551,6495.726386829659,5569.398725093893,0.07832085605063079
42875,0.1275279291136141,4965.012505267124,12078.447820104948,6530.427020884514,5548.020799220434,0.0783996242673458
42880,0.1275428011753183,5063.0875333129825,12089.888023955513,6566.92275838304,5522.965265572473,0.07846625243024083
42885,0.12755767323702252,5166.157369787981,12099.73241909629,6604.7404998494885,5494.991919246801,0.07852036591428839
42890,0.12757254529872672,5273.683798684386,12108.320859863707,6643.3701367216745,5464.950723142032,0.07856166468863444
42895,0.12758741736043094,5384.952139948338,12116.033894894303,6682.280626359256,5433.753268535047,0.07862243120957373
42900,0.12760228942213517,5499.082446999626,12123.278322526754,6720.934808044362,5402.343514482392,0.07867068017299376
42905,0.12761716148383936,5615.054761103557,12130.471256924426,6758.803051213756,5371.66820571067,0.07870453415949806
42910,0.1276320335455436,5731.7447938121495,12138.023304773124,6795.376039894048,5342.647264879076,0.07872378911635336
42915,0.12764690560724778,5847.965480533986,12146.32154309319,6830.17708992523,5316.144453167961,0.0787306518974684
42920,0.127661777668952,5962.509935551454,12155.713041712808,6862.774365799921,5292.938675912887,0.07875582936707183
42925,0.1276766497306562,6074.192250396596,12166.489676694264,6892.793228851931,5273.696447842332,0.07879066040569763
42930,0.12769152179236043,6181.8838839908885,12178.874931847307,6919.928736076777,5258.946195770531,0.07886942000678082
42935,0.12770639385406463,6284.544632545027,12193.01329374105,6943.958049145642,5249.055244595409,0.07896451987261302
42940,0.12772126591576885,6381.248028774664,12208.962727216944,6964.752233013052,5244.210494203891,0.07904705382821947
42945,0.12773613797747305,6471.201409278958,12226.690589176555,6982.286648416219,5244.403940760336,0.07911637827235188
42950,0.12775101003917727,6553.760873720541,12246.07320871157,6996.648903184959,5249.4243055266115,0.07917192806545824
42955,0.1277658821008815,6628.4410702484165,12266.89923341022,7008.043165481334,5258.856067928887,0.07921323150912168
42960,0.1277807541625857,6694.9193101390665,12288.876710171302,7016.78961029796,5272.087099873342,0.07927396908122272
42965,0.12779562622428992,6753.033074775161,12311.643726966688,7023.317922312099,5288.325804654589,0.07932375337421628
42970,0.1278104982859941,6802.769695336799,12334.782286349486,7028.154149567646,5306.62813678184,0.07935790576311148
42975,0.12782537034769834,6844.247053991439,12357.8349167565,7031.900791417462,5325.934125339038,0.07937629010064529
42980,0.12784024240940253,6877.6847375159705,12380.323367166131,7035.210754109236,5345.112613056895,0.07939689149575246
42985,0.12785511447110676,6903.366208996747,12401.768592721992,7038.756606920127,5363.011985801865,0.07942617071833877
42990,0.12786998653281095,6921.594100030432,12421.711139841147,7043.197272891307,5378.51386694984,0.07943917589209644
42995,0.12788485859451518,6932.64233594736,12439.730987979143,7049.144743353613,5390.58624462553,0.0794360795044599
43000,0.12789973065621937,6936.71007440818,12455.465901322083,7057.133509027406,5398.3323922946765,0.07943985317773798
43005,0.1279146027179236,6933.88299755934,12468.62738166934,7067.595121386301,5401.032260283038,0.0794519939416757
43010,0.12792947477962782,6924.107153544632,12479.013389416154,7080.839689309363,5398.17370010679,0.07944782132438108
43015,0.12794434684133202,6907.179327885464,12486.517114764169,7097.045299481483,5389.471815282685,0.07942759051969987
43020,0.12795921890303624,6882.756076388474,12491.131244091854,7116.255479911151,5374.875764180702,0.07943354079024051
43025,0.12797409096474044,6850.38142183516,12492.947384492114,7138.384053101494,5354.56333139062,0.0794325194704952
43030,0.12798896302644466,6809.531157272627,12492.15058228632,7163.226157767874,5328.924424518446,0.07941481832196806
43035,0.12800383508814886,6759.6699654554795,12489.009183509941,7190.473907227219,5298.535276282722,0.07939393555249244
43040,0.12801870714985308,6700.316284472128,12483.860606026543,7219.735092979442,5264.125513047101,0.0793989590764486
43045,0.12803357921155728,6631.109050390015,12477.093885581442,7250.553482874586,5226.540402706856,0.07938629773185303
43050,0.1280484512732615,6551.8701155162635,12469.13008439112,7282.429528966145,5186.7005554249745,0.07941288641828526
43055,0.1280633233349657,6462.6562746991085,12460.401783611387,7314.840610986478,5145.561172624909,0.07943619803351668
43060,0.12807819539666992,6363.795457760293,12451.332907544105,7347.260231354051,5104.072676190054,0.07944548905177762
43065,0.12809306745837415,6255.902793069545,12442.320049408323,7379.1758055918135,5063.1442438165095,0.07947264827546231
43070,0.12810793952007835,6139.873901785548,12433.716297905803,7410.104843975716,5023.611453930087,0.0794987219372959
43075,0.12812281158178257,6016.854852397488,12425.818319119377,7439.609403435423,4986.208915683954,0.0795097830021827
43080,0.12813768364348677,5888.190509024364,12418.857152676987,7467.308721587193,4951.548431089794,0.07950586405428565
43085,0.128152555705191,5755.355297555434,12412.992862167637,7492.889946523617,4920.10291564402,0.07950407242539279
43090,0.1281674277668952,5619.872419693965,12408.312869633945,7516.116860621565,4892.196009012379,0.07951841713788717
43095,0.1281822998285994,5483.22901419043,12404.833536443046,7536.836471432965,4867.997065010081,0.07951704803587681
43100,0.1281971718903036,5346.795491257007,12402.504358293574,7554.983310901449,4847.521047392125,0.07950017676575809
43105,0.12821204395200783,5211.757108646725,12401.214041118741,7570.581249194166,4830.632791924575,0.07947120898015572
43110,0.12822691601371203,5079.064757744,12400.797724190032,7583.742599757004,4817.055124433027,0.079474992158199
43115,0.12824178807541625,4949.409939533669,12401.044709876776,7594.664283259374,4806.380426617402,0.07946278826818165
43120,0.12825666013712048,4823.226228880316,12401.706228225896,7603.620851750193,4798.085376475703,0.07943496083363547
43125,0.12827153219882467,4700.7164887376775,12402.502982560718,7610.954272717776,4791.548709842942,0.07939197958213826
43130,0.1282864042605289,4581.902132842263,12403.132456458306,7617.060549332386,4786.071907125921,0.07937638369497428
43135,0.1283012763222331,4466.688274859918,12403.27617312999,7622.373502400809,4780.902670729181,0.07935671819922793
43140,0.12831614838393732,4354.936966649364,12402.607242171642,7627.346331483299,4775.260910688343,0.07932159344939027
43145,0.1283310204456415,4246.540072221663,12400.798566845988,7632.431855244194,4768.366711601794,0.07933301425046717
43150,0.12834589250734574,4141.4836306361185,12397.531994975117,7638.062543670267,4759.469451304851,0.07939240378504978
43155,0.12836076456904993,4039.896700028601,12392.508484467056,7644.631546904605,4747.8769375624515,0.0794362378034086
43160,0.12837563663075416,3942.0794682267133,12385.459060829,7652.475874522632,4732.983186306368,0.0794645267581318
43165,0.12839050869245835,3848.50767830094,12376.156036884877,7661.862697427086,4714.293339457791,0.0794972199788815
43170,0.12840538075416258,3759.812957011957,12364.42372193867,7672.979472740985,4691.444249197685,0.0795804495281957
43175,0.1284202528158668,3676.7412275739453,12350.147732522455,7685.928282118097,4664.219450404358,0.07965974321508743
43180,0.128435124877571,3600.0937726546936,12333.282059550622,7700.724471032836,4632.557588517786,0.07972966825132313
43185,0.12844999693927522,3530.6574108587965,12313.853235095796,7717.299408268259,4596.553826827537,0.07984383608508415
43190,0.12846486900097942,3469.131416816238,12291.96122814886,7735.506959840155,4556.454268308706,0.07994117325996065
43195,0.12847974106268364,3416.05909882562,12267.777016141328,7755.133088238792,4512.643927902536,0.08002111557374995
43200,0.12849461312438784,3371.771317973965,12241.537063345579,7775.907843683796,4465.629219661782,0.0800831175318655
43205,0.12850948518609207,3336.347779383359,12213.535143449502,7797.518912988448,4416.016230461054,0.08012670067447245
43210,0.12852435724779626,3309.599833184042,12184.11205369359,7819.6258451045,4364.486208589091,0.08015910340843037
43215,0.12853922930950049,3291.0760301299624,12153.643789883783,7841.87409504543,4311.769694838353,0.08023496584565855
43220,0.12855410137120468,3280.0890538673248,12122.5287109252,7863.908129814183,4258.620581111018,0.08029152039815812
43225,0.1285689734329089,3275.760187147279,12091.17415075212,7885.383018538399,4205.7911322137215,0.0803285222848763
43230,0.12858384549461313,3277.075465079841,12059.982863815387,7905.974163707316,4154.008700108071,0.08034586205497547
43235,0.12859871755631733,3282.946421398623,12029.33963685784,7925.385083957891,4103.954552899949,0.08034357523047496
43240,0.12861358961802155,3292.268081828818,11999.598371337148,7943.353386200238,4056.24498513691,0.08032183957280836
43245,0.12862846167972575,3303.9677028921205,11971.069933793839,7959.655226716689,4011.4147070771496,0.08034099133724855
43250,0.12864333374142997,3317.039589606309,11944.011076951521,7974.108635795661,3969.9024411558603,0.08034900035084959
43255,0.12865820580313417,3330.5638259954694,11918.614744322706,7986.576068929431,3932.0386753932744,0.08036260470230144
43260,0.1286730778648384,3343.7094405577536,11895.002082155059,7996.966466863249,3898.0356152918102,0.0804160878283705
43265,0.1286879499265426,3355.7249030087323,11873.216495370056,8005.236980320269,3867.9795150497866,0.08044795072705989
43270,0.1287028219882468,3365.9205136217706,11853.220098848295,8011.394363932494,3841.8257349158002,0.08045819833815272
43275,0.128717694049951,3373.6479913586572,11834.89292598921,8015.495883955126,3819.397042034084,0.08044700005020163
43280,0.12873256611165523,3378.2823663941836,11818.035246924526,8017.649431767745,3800.385815156781,0.08041468617724869
43285,0.12874743817335946,3379.210250859106,11802.373295070342,8018.012412272661,3784.3608827976805,0.08043103895865654
43290,0.12876231023506365,3375.826907045428,11787.568577894635,8016.788914163215,3770.7796637314204,0.0804380561968706
43295,0.12877718229676788,3367.5425339888598,11773.230741091405,8014.224701520497,3759.006039570909,0.08042474761291392
43300,0.12879205435847207,3353.796194869755,11758.933670318218,8010.599717545268,3748.3339527729504,0.08039146907444694
43305,0.1288069264201763,3334.0741851594557,11744.234182222268,8006.218061588874,3738.016120633394,0.08033868291489132
43310,0.1288217984818805,3307.9287332966114,11728.692330089394,8001.395756878029,3727.2965732113653,0.08026696378389413
43315,0.12883667054358472,3274.9929343910217,11711.892093611948,7996.447003673791,3715.4450899381573,0.08017700356801029
43320,0.12885154260528892,3234.988733565843,11693.461095569282,7991.669927325514,3701.791168243768,0.08012414760627275
43325,0.12886641466699314,3187.7263646174197,11673.08802612428,7987.333002638712,3685.755023485568,0.08011432302435885
43330,0.12888128672869734,3133.0955166836056,11650.536658619256,7983.663312994728,3666.873345624528,0.08012054889655798
43335,0.12889615879040156,3071.050206348017,11625.655673550473,7980.837579078339,3644.8180944721335,0.08010533179058507
43340,0.12891103085210578,3001.5905137759655,11598.383907414056,7978.976513446719,3619.407393967337,0.0800689752905861
43345,0.12892590291380998,2924.744802792812,11568.751038627492,7978.142608084842,3590.6084305426493,0.0800119213706913
43350,0.1289407749755142,2840.5557832913464,11536.87405183795,7978.341041027877,3558.5330108100743,0.07993475899036219
43355,0.1289556470372184,2749.072947979278,11502.950047144384,7979.523078681998,3523.426968462386,0.07983822982347429
43360,0.12897051909892263,2650.352769242404,11467.246074895573,7981.591199680606,3485.6548752149665,0.07977006513646356
43365,0.12898539116062682,2544.4668264501834,11430.086699084806,7984.405176710524,3445.6815223742824,0.07972526751452234
43370,0.12900026322233105,2431.516940439831,11391.839958208619,7987.788489984738,3404.051468223881,0.07966187520688486
43375,0.12901513528403524,2311.655526186467,11352.902339325103,7991.534654570628,3361.367684754475,0.07958068329481523
43380,0.12903000734573947,2185.108767015744,11313.68333674131,7995.41326697071,3318.2700697705995,0.07950949678091483
43385,0.12904487940744366,2052.1998517409,11274.590142443938,7999.175770586983,3275.414371856955,0.07945715233949821
43390,0.1290597514691479,1913.3693780478106,11236.013005043536,8002.561081012597,3233.451924030939,0.07938414763803367
43395,0.1290746235308521,1769.1901029569126,11198.311779894726,8005.301293500077,3193.010486394649,0.07929136422305419
43400,0.1290894955925563,1620.3735239078824,11161.80415444138,8007.127719899293,3154.676434542088,0.07917980545467583
43405,0.12910436765426053,1467.7663232654404,11126.755954925973,8007.777477083926,3118.978477842047,0.0791188028775795
43410,0.12911923971596473,1312.3355231369005,11093.373820975305,8007.00077822713,3086.373042748175,0.07907186486473099
43415,0.12913411177766895,1155.1422751589898,11061.800384976945,8004.568965973913,3057.231419003032,0.07900706736185394
43420,0.12914898383937315,997.3055071448098,11032.111936858368,8000.283177785959,3031.8287590724085,0.07892552896282885
43425,0.12916385590107737,839.9580560355525,11004.318419358604,7993.983359294718,3010.335060063886,0.07882845834543299
43430,0.12917872796278157,684.1992451426004,10978.365507270957,7985.557158821519,2992.808348449438,0.07875680393160527
43435,0.1291936000244858,531.0488564572088,10954.138487157283,7974.948068804541,2979.1904183527413,0.07869235559201009
43440,0.12920847208619,381.40783405401726,10931.467666544622,7962.162054361643,2969.3056121829795,0.07860959716183726
43445,0.12922334414789421,236.0306289270684,10910.135084797987,7947.271852900048,2962.863231897939,0.07850974752173599
43450,0.12923821620959844,95.51281401143206,10889.882346551694,7930.41816672967,2959.4641798220246,0.07839403174665947
43455,0.12925308827130264,-39.7043797538372,10870.419430983327,7911.807122465886,2958.6123085174413,0.078331111573912
43460,0.12926796033300686,-169.31328603399834,10851.434334745238,7891.703643711232,2959.7306910340058,0.0782930956391191
43465,0.12928283239471106,-293.1057141152105,10832.603383945245,7870.420763403481,2962.1826205417638,0.07823964112458925
43470,0.12929770445641528,-410.9302492875195,10813.602010595161,7848.305348191543,2965.296662403618,0.07817171665282749
43475,0.12931257651811948,-522.6466769024555,10794.115742971242,7825.721151204322,2968.39459176692,0.07810359820824556
43480,0.1293274485798237,-628.0834808308564,10773.851115638026,7803.030468681224,2970.820646956802,0.07807865273543456
43485,0.1293423206415279,-727.0038372569161,10752.546167019005,7780.5758736931675,2971.9702933258377,0.0780349873927223
43490,0.12935719270323212,-819.0844026813083,10729.980161750695,7758.663491147963,2971.3166706027314,0.07797331138979191
43495,0.12937206476493632,-903.909653512158,10705.982154575011,7737.549064147611,2968.4330904274,0.0778943491345117
43500,0.12938693682664054,-980.9827398525531,10680.438008511357,7717.4276922130875,2963.0103162982696,0.07779881527117118
43505,0.12940180888834477,-1049.7519325570947,10653.295501138877,7698.4276782022225,2954.867822936654,0.0777449971383662
43510,0.12941668095004896,-1109.6499519647696,10624.567206235537,7680.608489774035,2943.9587164615023,0.07769229833874668
43515,0.1294315530117532,-1160.1419636060964,10594.330925938308,7663.962490519221,2930.3684354190864,0.0776182366419086
43520,0.12944642507345738,-1200.7769939102773,10562.727566581818,7648.419859089195,2914.307707492623,0.07752344728550226
43525,0.1294612971351616,-1231.2370870654186,10529.956489020793,7633.855991370099,2896.100497650694,0.07740858541303156
43530,0.1294761691968658,-1251.3787415224679,10496.268507615143,7620.100647260641,2876.1678603545015,0.07736785871468485
43535,0.12949104125857003,-1261.261995832475,10461.956846085592,7606.948128526192,2855.0087175594,0.07734130125251501
43540,0.12950591332027422,-1261.163881414277,10427.346469162716,7594.16783209626,2833.178637066456,0.07729421001922167
43545,0.12952078538197845,-1251.5746917409515,10392.782285035148,7581.514601848949,2811.267683186199,0.07724725467384382
43550,0.12953565744368264,-1233.1774771863347,10358.61674850339,7568.73840149442,2789.8783470089693,0.07720221306422084
43555,0.12955052950538687,-1206.8131741764373,10325.197387799713,7555.592957033859,2769.604430765854,0.07715468282163504
43560,0.1295654015670911,-1173.4355806026579,10292.854735168175,7541.843169780214,2751.011565387961,0.07714160561583347
43565,0.1295802736287953,-1134.0617184571802,10261.891073501309,7527.2712679738315,2734.619805527477,0.07711468677621822
43570,0.1295951456904995,-1089.7237051269094,10232.570331712179,7511.681820685582,2720.8885110265965,0.07707468562940005
43575,0.1296100177522037,-1041.42790022598,10205.10938233248,7494.905848994726,2710.2035333377553,0.07702245822571684
43580,0.12962488981390793,-990.1257931975497,10179.67092529334,7476.80430856347,2702.8666167298697,0.0769965307409654
43585,0.12963976187561213,-936.6990556264454,10156.358087700095,7457.271173541808,2699.086914158287,0.07697540333495113
43590,0.12965463393731635,-881.9587937062352,10135.210833371453,7436.23623561138,2698.9745977600733,0.0769408636076605
43595,0.12966950599902055,-826.6567724491533,10116.204257766327,7413.66757465031,2702.5366831160172,0.07689598712717763
43600,0.12968437806072478,-771.5046619125178,10099.248840406952,7389.573499385227,2709.675341021725,0.07686283808014273
43605,0.12969925012242897,-717.1964369235311,10084.19273053445,7364.003635404293,2720.1890951301575,0.07684170136948026
43610,0.1297141221841332,-664.4290149859598,10070.826140978515,7337.0487806991805,2733.777360279335,0.07683873854560702
43615,0.12972899424583742,-613.9169509597305,10058.887905175954,7308.839167317198,2750.048737858756,0.07682095515621995
43620,0.12974386630754162,-566.3983271681909,10048.074198278455,7279.540860578374,2768.5333377000807,0.07678904859397294
43625,0.12975873836924584,-522.6306349926463,10038.04932486519,7249.350183925171,2788.699140940018,0.076746722459379
43630,0.12977361043095004,-483.37716343222473,10028.458331650047,7218.486260221193,2809.9720714288533,0.07674569965036608
43635,0.12978848249265426,-449.3859152222767,10018.94102492036,7187.181984727111,2831.7590401932484,0.07672961474785542
43640,0.12980335455435846,-421.36412403144277,10009.146783571794,7155.673958929165,2853.4728246426293,0.07669928918204338
43645,0.12981822661606268,-399.95189955848036,9998.749393713868,7124.192079727257,2874.557313986611,0.07665567003742696
43650,0.12983309867776688,-385.6983633615373,9987.461027348389,7092.949557252136,2894.511470096252,0.07663702888814507
43655,0.1298479707394711,-379.04297096041773,9975.044476645517,7062.134100190178,2912.9103764553383,0.07662333521092295
43660,0.1298628428011753,-380.3037448102359,9961.322852739557,7031.900856488312,2929.421996251245,0.07659534386951147
43665,0.12987771486287952,-389.6730861877986,9946.186158028884,7002.367455548687,2943.8187024801973,0.07655407270077831
43670,0.12989258692458375,-407.22086375456274,9929.594415842928,6973.611217240353,2955.9831986025756,0.07651424496890878
43675,0.12990745898628794,-432.90369234273203,9911.577346442435,6945.668336357992,2965.9090100844423,0.07650346918225755
43680,0.12992233104799217,-466.57875108964527,9892.23086278229,6918.534673559063,2973.6961892232266,0.07647820942709353
43685,0.12993720310969636,-508.0201461320312,9871.710878265998,6892.167715021961,2979.543163244037,0.07643951204130249
43690,0.1299520751714006,-556.9356959511215,9850.225043855206,6866.489300149166,2983.735743706039,0.07638849741682802
43695,0.12996694723310478,-612.9821122127269,9828.023058100109,6841.388828352824,2986.6342297472847,0.07636778279522634
43700,0.129981819294809,-675.7768703740803,9805.3861383284,6816.726796636703,2988.6593416916976,0.0763447651912772
43705,0.1299966913565132,-744.9055975858355,9782.61613743138,6792.338645293469,2990.2774921379105,0.07630799110610784
43710,0.13001156341821743,-819.9244995550807,9760.024675970419,6768.038970395676,2991.9857055747425,0.07625864156798504
43715,0.13002643547992163,-900.35811642921,9737.922564366918,6743.626189719466,2994.2963746474516,0.07620995472872265
43720,0.13004130754162585,-985.6934330229496,9716.609729939184,6718.887732285237,2997.7219976539473,0.07618843529966901
43725,0.13005617960333007,-1075.3719691155557,9696.365836817648,6693.605779753017,3002.760057064631,0.07615298367078362
43730,0.13007105166503427,-1168.7818637546088,9677.441778819642,6667.5635396328935,3009.878239186749,0.07610650135161257
43735,0.1300859237267385,-1265.252098929017,9660.052218016792,6640.551986767073,3019.500231249719,0.07605286785274974
43740,0.1301007957884427,-1364.050863389586,9644.369321754251,6612.376970679172,3031.9923510750796,0.07603086646034123
43745,0.13011566785014692,-1464.3896322480705,9630.517815742533,6582.866542618163,3047.6512731243693,0.07600466794805442
43750,0.1301305399118511,-1565.4338412197712,9618.571428481213,6551.878295505584,3066.693132975629,0.0759649102178839
43755,0.13014541197355534,-1666.3201033263622,9608.550766366123,6519.306425905207,3089.2443404609157,0.07591296330296607
43760,0.13016028403525953,-1766.1788418289489,9600.422641043933,6485.088125195955,3115.334515847978,0.0758622392648789
43765,0.13017515609696376,-1864.1601597795352,9594.100874189324,6449.208807258401,3144.8920669309227,0.07583900846333648
43770,0.13019002815866795,-1959.4599531345139,9589.448621772208,6411.705613763062,3177.7430080091463,0.07580302442585872
43775,0.13020490022037218,-2051.34292473574,9586.282272575612,6372.668641558159,3213.6136310174534,0.0757556978062209
43780,0.1302197722820764,-2139.1594165074584,9584.376963794226,6332.239439863612,3252.1375239306144,0.07569847371505935
43785,0.1302346443437806,-2222.35385072996,9583.47370461439,6290.606541355668,3292.867163258721,0.07565882775718061
43790,0.13024951640548482,-2300.4638964583364,9583.28800341651,6247.998108788902,3335.289894627608,0.07562944772753656
43795,0.13026438846718902,-2373.1109730958287,9583.519767077481,6204.672156053613,3378.847611023868,0.07558934671140435
43800,0.13027926052889324,-2439.9840561669407,9583.864105537152,6160.9051722081285,3422.9589333290232,0.07553991301771647
43805,0.13029413259059744,-2500.8197102989798,9584.02256008505,6116.980257921562,3467.042302163488,0.07548250115226939
43810,0.13030900465230166,-2555.3817127779985,9583.714204724609,6073.175999755937,3510.5382049686723,0.07545014628157587
43815,0.13032387671400586,-2603.443545649334,9582.686060168488,6029.757209451942,3552.9288507165456,0.07541843869405546
43820,0.13033874877571008,-2644.7765110163264,9580.722309130926,5986.968337779439,3593.753971351487,0.07537736526090368
43825,0.13035362083741428,-2679.145385502613,9577.651896847714,5945.029882369111,3632.622014478603,0.07532813001112847
43830,0.1303684928991185,-2706.3124982910294,9573.35422255986,5904.137537638893,3669.216684920966,0.07527185469168497
43835,0.13038336496082273,-2726.0500056844676,9567.762755472868,5864.4632980441,3703.2994574287677,0.07523847785437018
43840,0.13039823702252692,-2738.1590521771977,9560.866525770249,5826.157335099957,3734.7091906702917,0.0752034774675134
43845,0.13041310908423115,-2742.493564312882,9552.709537024335,5789.3493052054,3763.360231818935,0.07515950086614635
43850,0.13042798114593535,-2738.985723900626,9543.38821732913,5754.147843341947,3789.2403739871825,0.07510767159985678
43855,0.13044285320763957,-2727.669794646412,9533.047075318571,5720.637340887912,3812.4097344306592,0.07504906738843029
43860,0.13045772526934377,-2708.7009758958884,9521.872761582992,5688.871636247637,3833.001125335355,0.07500138172022114
43865,0.130472597331048,-2682.3663318076906,9510.086765563883,5658.86488077664,3851.2218847872427,0.07496459320435626
43870,0.1304874693927522,-2649.0855637824407,9497.937011079703,5630.580485929919,3867.356525149784,0.07498877710876012
43875,0.1305023414544564,-2609.4004085389624,9485.688653335292,5603.919619982325,3881.769033352967,0.07499511483007285
43880,0.1305172135161606,-2563.9526913651735,9473.614422504104,5578.711125435645,3894.9032970684593,0.07498255178656134
43885,0.13053208557786483,-2513.4524598469343,9461.984893307226,5554.704910389399,3907.2799829178275,0.07497249746190797
43890,0.13054695763956906,-2458.63904265179,9451.059073157152,5531.5707899121735,3919.4882832449784,0.0750177748076506
43895,0.13056182970127325,-2400.239139659515,9441.075682601913,5508.904403799158,3932.1712788027553,0.07508594185047134
43900,0.13057670176297748,-2338.9269228238427,9432.245447292431,5486.241230740259,3946.004216552172,0.07515077850288798
43905,0.13059157382468167,-2275.2913758204477,9424.74463619312,5463.078901780489,3961.6657344126306,0.07521267148269983
43910,0.1306064458863859,-2209.8155553149854,9418.709980288835,5438.907063335714,3979.802916953121,0.07527198473506122
43915,0.1306213179480901,-2142.87109057389,9414.235008287505,5413.243052802942,4000.9919554845637,0.07532901925271639
43920,0.13063619000979432,-2074.729206672042,9411.367758326849,5385.670746248865,4025.6970120779843,0.07538397971856213
43925,0.1306510620714985,-2005.5871785486524,9410.109779552673,5355.879240903261,4054.2305386494118,0.07543695108214071
43930,0.13066593413320274,-1935.606805761924,9410.41632798149,5323.697656092121,4086.718671889368,0.07548788690195089
43935,0.13068080619490693,-1864.959637499448,9412.197682113801,5289.1223547342315,4123.07532737957,0.07553660994171224
43940,0.13069567825661116,-1793.8725798327105,9415.321543840972,5252.333335408317,4162.988208432655,0.07558282428178541
43945,0.13071055031831538,-1722.66735532229,9419.616534475801,5213.697395838521,4205.91913863728,0.07562643964763603
43950,0.13072542238001958,-1651.788093499039,9424.876829363824,5173.756837813663,4251.119991550161,0.07567692887667934
43955,0.1307402944417238,-1581.8130107912912,9430.867984583507,5133.203839901736,4297.664144681771,0.07572339628240274
43960,0.130755166503428,-1513.4484613413242,9437.333986254105,5092.842010426018,4344.491975828088,0.07578610832023652
43965,0.13077003856513222,-1447.5062582034188,9444.005492672137,5053.537889505101,4390.467603167036,0.07585472693364578
43970,0.13078491062683642,-1384.8676503993984,9450.609144009783,5016.166155241169,4434.442988768614,0.07592260876229753
43975,0.13079978268854064,-1326.4392643441206,9456.877693640079,4981.5529003129805,4475.324793327099,0.07599402169935394
43980,0.13081465475024484,-1273.1073431453742,9462.560586561547,4950.421520789635,4512.139065771912,0.07605975636724778
43985,0.13082952681194907,-1225.6965821078802,9467.434496144975,4923.345487656326,4544.089008488649,0.07611970774990359
43990,0.13084439887365326,-1184.9388053056264,9471.313252973696,4900.71159257087,4570.6016604028255,0.07617386882715275
43995,0.13085927093535749,-1151.4548712822589,9474.056576203417,4882.696259298989,4591.360316904427,0.07622232571002306
44000,0.1308741429970617,-1125.7508601217123,9475.577056127528,4869.25631568634,4606.320740441188,0.07626524830187231
44005,0.1308890150587659,-1108.2271432655443,9475.844932236569,4860.1343726991345,4615.710559537434,0.0763028778584423
44010,0.13090388712047013,-1099.1967277966241,9474.890349533252,4854.877798722052,4620.0125508112005,0.07633551279104006
44015,0.13091875918217433,-1098.907620243769,9472.802936455175,4852.869323406569,4619.933613048606,0.0763634938218459
44020,0.13093363124387855,-1107.5631387607827,9469.728709505109,4853.366625551217,4616.362083953892,0.0764052654824518
44025,0.13094850330558275,-1125.3343013713175,9465.864456448377,4855.547873288676,4610.316583159701,0.0764729250295328
44030,0.13096337536728697,-1152.359689184702,9461.44987390056,4858.560068986836,4602.889804913723,0.07653670642680381
44035,0.13097824742899117,-1188.7304124621387,9456.757836800192,4861.5671566638875,4595.190680136305,0.07659688564694883
44040,0.1309931194906954,-1234.460685799666,9452.083262333872,4863.795120626951,4588.288141706921,0.07666036479739717
44045,0.1310079915523996,-1289.4475680397054,9447.731104509841,4864.5716929603705,4583.159411549471,0.07673012537970282
44050,0.1310228636141038,-1353.4260736640626,9444.004076735459,4863.3587613526215,4580.645315382837,0.07679660434626459
44055,0.13103773567580804,-1425.9275765796792,9441.190738115172,4859.776106202695,4581.4146319124775,0.07685991371956262
44060,0.13105260773751223,-1506.2498237883901,9439.554576578143,4853.615678872512,4585.938897705631,0.07692011976396641
44065,0.13106747979921646,-1593.4458295023196,9439.324659279946,4844.846237366037,4594.478421913909,0.07697723931746889
44070,0.13108235186092065,-1686.3365860094555,9440.688287377707,4833.608746528001,4607.079540849706,0.07703124014975131
44075,0.13109722392262488,-1783.5492980885028,9443.785894917242,4820.2034820305025,4623.58241288674,0.07708204616339756
44080,0.13111209598432907,-1883.5792505286809,9448.70819728258,4805.070203027722,4643.637994254858,0.07713313254016095
44085,0.1311269680460333,-1984.8699986741121,9455.4953668489,4788.763036738034,4666.732330110865,0.07722683208160466
44090,0.1311418401077375,-2085.903799926293,9464.137840552943,4771.921826165434,4692.216014387509,0.07731675069597319
44095,0.13115671216944172,-2185.292423274308,9474.578284976269,4755.241630662453,4719.336654313816,0.07740274667720051
44100,0.13117158423114592,-2281.8578883129812,9486.71427577093,4739.441865338355,4747.272410432575,0.07748470759220527
44105,0.13118645629285014,-2374.6933654141794,9500.401377797354,4725.236269525366,4775.165108271988,0.07756256339278259
44110,0.13120132835455436,-2463.1963588753943,9515.456501968769,4713.304570931318,4802.151931037451,0.07764706575748237
44115,0.13121620041625856,-2547.069212979767,9531.661611282023,4704.266426935346,4827.395184346677,0.07773086940390861
44120,0.13123107247796278,-2626.285627027495,9548.76799928986,4698.658031682997,4850.1099676068625,0.07781033599997969
44125,0.13124594453966698,-2701.025842421799,9566.501433081936,4696.911705966378,4869.589727115558,0.07788558314504894
44130,0.1312608166013712,-2771.587024425039,9584.568429103623,4699.338831782788,4885.229597320836,0.07795675299574709
44135,0.1312756886630754,-2838.278655354252,9602.663829533807,4706.116616306768,4896.547213227039,0.07802399544552756
44140,0.13129056072477963,-2901.315087416083,9620.479702705454,4717.279307136926,4903.200395568528,0.07809115961542293
44145,0.13130543278648382,-2960.7184578825118,9637.715440135717,4732.714559882072,4905.000880253645,0.07820364264746948
44150,0.13132030484818805,-3016.24473841455,9654.088792351502,4752.165620533702,4901.9231718178,0.07831218742351828
44155,0.13133517690989224,-3067.3436948761446,9669.347485412469,4775.239798664039,4894.10768674843,0.07841673740434361
44160,0.13135004897159647,-3113.160056216675,9683.280982363136,4801.423381856898,4881.857600506238,0.0785171858722197
44165,0.1313649210333007,-3152.5785106880767,9695.73188200401,4830.10272039546,4865.629161608549,0.07861337561234703
44170,0.1313797930950049,-3184.3097566599754,9706.606366879525,4860.590757862744,4846.015609016781,0.07870510494846884
44175,0.1313946651567091,-3207.0094096004595,9715.883021460151,4892.157863053557,4823.725158406594,0.07879214015022291
44180,0.1314095372184133,-3219.4168798798937,9723.619256719587,4924.065481620051,4799.553775099535,0.0788831822405434
44185,0.13142440928011753,-3220.498127781125,9729.954531858404,4955.6009000521735,4774.353631806231,0.07897369537521881
44190,0.13143928134182173,-3209.5750298290013,9735.109599414265,4986.111307457313,4748.998291956952,0.079058498501626
44195,0.13145415340352595,-3186.42520950146,9739.381153202408,5015.03534750591,4724.345805696498,0.0791374287321301
44200,0.13146902546523015,-3151.339486572244,9743.131547793959,5041.930465381956,4701.2010824120025,0.0792439774297543
44205,0.13148389752693437,-3105.1291291389452,9746.77367264119,5066.494564752154,4680.279107889036,0.07936739276101927
44210,0.13149876958863857,-3049.0811437790817,9750.751560004272,5088.580789320745,4662.170770683527,0.07948491315959318
44215,0.1315136416503428,-2984.866085636748,9755.517812525968,5108.204619572406,4647.313192953562,0.07959660907753163
44220,0.13152851371204702,-2914.4085068178183,9761.509368917472,5125.542906697851,4635.966462219621,0.07970260063731936
44225,0.13154338577375121,-2839.7345133070785,9769.123404846147,5140.92492238963,4628.198482456516,0.07980303419780559
44230,0.13155825783545544,-2762.813485802162,9778.695234751625,5154.815949444216,4623.879285307409,0.07989805504080826
44235,0.13157312989715964,-2685.4115723221694,9790.479920847494,5167.794338089221,4622.685582758273,0.07998777929788208
44240,0.13158800195886386,-2608.973033168896,9804.638932602873,5180.5232765360415,4624.115656066831,0.0800722682380955
44245,0.13160287402056806,-2534.5420856972223,9821.232695219598,5193.7187515991545,4627.513943620444,0.08015723061928884
44250,0.13161774608227228,-2462.7329515508045,9840.21930288277,5208.115299320572,4632.104003562197,0.0802785303333933
44255,0.13163261814397648,-2393.7499472994195,9861.459138457192,5224.431172092314,4637.027966364878,0.08040432963036595
44260,0.1316474902056807,-2327.4534226428596,9884.72470651997,5243.334494491299,4641.390212028671,0.08052416295250114
44265,0.1316623622673849,-2263.4619297335967,9909.714693142745,5265.411868243804,4644.302824898941,0.08064658513585307
44270,0.13167723432908912,-2201.276924985461,9936.071122513076,5291.140741586152,4644.930380926924,0.08076770451728946
44275,0.13169210639079335,-2140.4140949064677,9963.398467083212,5320.866698424154,4642.531768659059,0.0808812158386181
44280,0.13170697845249754,-2080.5253152720816,9991.283645073683,5354.786655526161,4636.496989547522,0.08098663661873105
44285,0.13172185051420177,-2021.49723027238,10019.315961016935,5392.938775578657,4626.377185438278,0.08108349429152788
44290,0.13173672257590596,-1963.5160903344022,10047.106171446274,5435.199692367941,4611.906479078333,0.0811713445501851
44295,0.1317515946376102,-1907.093182964607,10074.303963187382,5481.28937834039,4593.014584846992,0.08124978756410071
44300,0.13176646669931438,-1853.050171937095,10100.613209096624,5530.783645155951,4569.829563940673,0.08136480619125004
44305,0.1317813387610186,-1802.4681973681581,10125.80442607671,5583.13385058779,4542.670575488919,0.08148578422741297
44310,0.1317962108227228,-1756.6081276452187,10149.723925002681,5637.692910305196,4512.031014697485,0.08159676444529836
44315,0.13181108288442703,-1716.8116043447453,10172.299236455674,5693.746228516205,4478.553007939469,0.08169754064625905
44320,0.13182595494613122,-1684.3934675808896,10193.540537365707,5750.545738132742,4442.994799232964,0.08178972830966202
44325,0.13184082700783545,-1660.5359789323893,10213.53799507807,5807.344959254698,4406.193035823372,0.08188612517016476
44330,0.13185569906953967,-1646.194251364046,10232.455173312996,5863.432912907716,4369.02226040528,0.08197198765547423
44335,0.13187057113124387,-1642.0207178848877,10250.518881859567,5918.164899261455,4332.353982598112,0.08204734505759367
44340,0.1318854431929481,-1648.3145213582084,10268.006065739148,5970.988549541929,4297.017516197218,0.08211228006106498
44345,0.1319003152546523,-1664.9995108981975,10285.228490984407,6021.464118797499,4263.764372186908,0.08217852020730325
44350,0.1319151873163565,-1691.6321693396703,10302.51607621854,6069.278593568715,4233.237482649825,0.08228836312907876
44355,0.1319300593780607,-1727.4383589495383,10320.199741058017,6114.25372455542,4205.946016502597,0.08238837879415489
44360,0.13194493143976493,-1771.3753818524683,10338.594608066212,6156.348462706772,4182.246145359441,0.08247868180528799
44365,0.13195980350146913,-1822.2136759072282,10357.98432772635,6195.656431661529,4162.327896064821,0.08255942669422899
44370,0.13197467556317335,-1878.630704769771,10378.607219768155,6232.399027357682,4146.208192410473,0.08264075937551524
44375,0.13198954762487755,-1939.3084530915685,10400.6448559862,6266.914569522972,4133.730286463228,0.08272001249212478
44380,0.13200441968658178,-2003.0255693458294,10424.213652755157,6299.643742895354,4124.569909859803,0.08278994901738573
44385,0.132019291748286,-2068.7357032147793,10449.359983717333,6331.111458592044,4118.248525125289,0.08285074641570062
44390,0.1320341638099902,-2135.6249578316138,10476.059239793303,6361.905304199738,4114.153935593566,0.08290257735994543
44395,0.13204903587169442,-2203.1435052624465,10504.219125045422,6392.650948764697,4111.568176280724,0.0829853892737631
44400,0.13206390793339862,-2271.009078304608,10533.687259131288,6423.985186944885,4109.702072186403,0.08308342800316043
44405,0.13207877999510284,-2339.18295330194,10564.262853323356,6456.527669249738,4107.735184073618,0.08317280310623301
44410,0.13209365205680704,-2407.8218303793838,10595.711855394842,6490.852684838933,4104.859170555909,0.08325347185676088
44415,0.13210852411851126,-2477.2113544215335,10627.784562728688,6527.462565308639,4100.321997420049,0.08333248001811569
44420,0.13212339618021546,-2547.6886158613524,10660.234345837847,6566.764317297064,4093.4700285407835,0.08341068994420843
44425,0.13213826824191968,-2619.5616609558065,10692.835874967292,6609.050958022301,4083.784916944991,0.08347938834394762
44430,0.13215314030362388,-2693.0338292247898,10725.401159665675,6654.488739462638,4070.912420203037,0.08353837753995484
44435,0.1321680123653281,-2768.139788830873,10757.79183015627,6703.111041423795,4054.680788732475,0.08358744434330814
44440,0.13218288442703233,-2844.6987295248873,10789.926412106484,6754.819238512427,4035.1071735940577,0.08362636945205563
44445,0.13219775648873652,-2922.288565217368,10821.781841078884,6809.390351343789,4012.391489735095,0.08369133863904467
44450,0.13221262855044075,-3000.2433657551,10853.389069878647,6866.490827517906,3986.8982423607413,0.08377092770639474
44455,0.13222750061214494,-3077.6746221163557,10884.823265023875,6925.69540748794,3959.1278575359347,0.08384003123923026
44460,0.13224237267384917,-3153.515306234902,10916.189688047541,6986.509749340492,3929.6799387070496,0.08389911195145264
44465,0.13225724473555336,-3226.5839675644957,10947.606841848929,7048.395334667612,3899.211507181317,0.08396011239360873
44470,0.1322721167972576,-3295.664330003525,10979.18877656784,7110.795156457593,3868.393620110247,0.08400979241322334
44475,0.13228698885896178,-3359.594123832955,11011.028558754902,7173.158782384575,3837.8697763703276,0.08404799334676911
44480,0.132301860920666,-3417.3553971047822,11043.184798914212,7234.9655632749555,3808.219235639256,0.08407459315928341
44485,0.1323167329823702,-3468.157542958532,11075.672814649037,7295.74498291378,3779.9278317352564,0.08408950408240891
44490,0.13233160504407443,-3511.5040151967096,11108.46150877417,7355.0933922033855,3753.368116570784,0.08410465168787652
44495,0.13234647710577865,-3547.23441524823,11141.476411617161,7412.686618463029,3728.789793154132,0.08410829065601412
44500,0.13236134916748285,-3575.53545090687,11174.60863707891,7468.288180111032,3706.320456967879,0.08412579696631851
44505,0.13237622122918707,-3596.917158049684,11207.728805819557,7521.753065774136,3685.975740045421,0.08415343922707691
44510,0.13239109329089127,-3612.1545081943123,11240.704373093138,7573.027254265433,3667.6771188277053,0.08418114526452669
44515,0.1324059653525955,-3622.1986784415303,11273.418337259975,7622.1433545680275,3651.274982691947,0.08419726962586309
44520,0.1324208374142997,-3628.066288086655,11305.787061130728,7669.212925102444,3636.5741360282836,0.08420186582629795
44525,0.13243570947600392,-3630.7182114032066,11337.774956388555,7714.4161773818605,3623.358779006695,0.0841950450599744
44530,0.1324505815377081,-3630.9416065517707,11369.404078382942,7757.989867284736,3611.4142110982066,0.0841864050118904
44535,0.13246545359941234,-3629.2491472202773,11400.75723673992,7800.214215673615,3600.5430210663053,0.08416776627118987
44540,0.13248032566111653,-3625.8079313111502,11431.973990241824,7841.399671783086,3590.574318458738,0.08413801806798381
44545,0.13249519772282076,-3620.40729068781,11463.239770248476,7881.874237489418,3581.3655327590577,0.08409739029616839
44550,0.13251006978452498,-3612.47015800189,11494.76924860504,7921.971916151638,3572.7973324534023,0.08404612245923455
44555,0.13252494184622918,-3601.1074176927814,11526.785809594852,7962.022651627508,3564.7631579673443,0.08398554857251334
44560,0.1325398139079334,-3585.2095503214896,11559.499492221381,8002.343902500733,3557.155589720648,0.08395305041392205
44565,0.1325546859696376,-3563.5656114793046,11593.085965497483,8043.233778169767,3549.852187327716,0.083926052692846
44570,0.13256955803134182,-3534.9967320938786,11627.668961089017,8084.965473190049,3542.703487898968,0.08389042601482889
44575,0.13258443009304602,-3498.490177677818,11663.308142637195,8127.782599488163,3535.5255431490323,0.08385032063726204
44580,0.13259930215475024,-3453.320550335843,11699.993712338344,8171.894955080652,3528.0987572576923,0.08380010013731087
44585,0.13261417421645444,-3399.1466956072973,11737.64824502143,8217.474298520938,3520.173946500492,0.08373962553594763
44590,0.13262904627815866,-3336.0758674237422,11776.13540934273,8264.649824599675,3511.4855847430554,0.08366871243457019
44595,0.13264391833986286,-3264.6902476481446,11815.274486282926,8313.50324617694,3501.7712401059853,0.08358713878498246
44600,0.13265879040156708,-3186.0345957147,11854.859004930506,8364.06364740162,3490.7953575288866,0.08349491959451301
44605,0.1326736624632713,-3101.5672915191417,11894.677433097922,8416.302536516409,3478.374896581514,0.08339554032925892
44610,0.1326885345249755,-3013.0800909686723,11934.53370592177,8470.129735841583,3464.4039700801877,0.08328466580422118
44615,0.13270340658667973,-2922.594360496909,11974.26544711761,8525.390852268289,3448.8745948493215,0.08316209418151152
44620,0.13271827864838392,-2832.2432504020726,12013.758016749769,8581.867043177539,3431.89097357223,0.0830276707578416
44625,0.13273315071008815,-2744.1500908342505,12052.95297595585,8639.277628447135,3413.6753475087153,0.08289399445903764
44630,0.13274802277179235,-2660.313178599523,12091.850151510569,8697.285828090544,3394.564323420025,0.08278081155322867
44635,0.13276289483349657,-2582.506076392291,12130.503158129563,8755.507579953246,3374.9955781763165,0.08265586323430765
44640,0.13277776689520077,-2512.200681281156,12169.00892953904,8813.523076778052,3355.4858527609886,0.08251921618085781
44645,0.132792638956905,-2450.5178489430255,12207.492449203592,8870.890416217593,3336.6020329859984,0.08237102508635845
44650,0.1328075110186092,-2398.207568300106,12246.088387194703,8927.160621530655,3318.927765664048,0.08221152555435482
44655,0.1328223830803134,-2355.657879333139,12284.921680649883,8981.89327661312,3303.0284040367624,0.08204157828474823
44660,0.13283725514201764,-2322.9292119384363,12324.08920038601,9034.672107619665,3289.4170927663454,0.08186245888900576
44665,0.13285212720372183,-2299.808841612885,12363.644510423586,9085.119990594325,3278.5245198292614,0.081673130867138
44670,0.13286699926542606,-2285.8788750937165,12403.587363560957,9132.913013921607,3270.67434963935,0.08147401249447013
44675,0.13288187132713025,-2280.5906595337665,12443.859025085583,9177.793324520093,3266.0657005654903,0.08126553055833649
44680,0.13289674338883448,-2283.338710376446,12484.343841989186,9219.580506338638,3264.7633356505485,0.08104810599728499
44685,0.13291161545053867,-2293.52804417655,12524.876758180188,9258.181177499686,3266.6955806805017,0.08082214181718386
44690,0.1329264875122429,-2310.630000662406,12565.255808407042,9293.596376671117,3271.659431735925,0.08058801382697243
44695,0.1329413595739471,-2334.223055169685,12605.258095014566,9325.92618824047,3279.331906774096,0.08034606442822628
44700,0.13295623163565132,-2364.016599318552,12644.657437000453,9355.370983144892,3289.2864538555605,0.08009659938197024
44705,0.1329711036973555,-2399.85709309687,12683.241824214903,9382.228670976056,3301.0131532388477,0.07987223289269789
44710,0.13298597575905974,-2441.717298112264,12720.82901187947,9406.887491820842,3313.941520058628,0.07964271161079049
44715,0.13300084782076396,-2489.67045012742,12757.279005420092,9429.814121364241,3327.464884055851,0.07940590513537665
44720,0.13301571988246816,-2543.852188214243,12792.502725406655,9451.53719604854,3340.9655293581145,0.0791619956598968
44725,0.13303059194417238,-2604.413792611079,12826.46669698248,9472.626746387265,3353.8399505952148,0.07891114492729508
44730,0.13304546400587658,-2671.470756116002,12859.194069813828,9493.670406854144,3365.523662959684,0.07865349673198559
44735,0.1330603360675808,-2745.050897197416,12890.762564165654,9515.24759968317,3375.5149644824833,0.07838917921234304
44740,0.133075208129285,-2825.04611643131,12921.300024892964,9537.903122753512,3383.3969021394514,0.07811830692585027
44745,0.13309008019098922,-2911.1715336493644,12950.978170967743,9562.121675222128,3388.8564957456147,0.07784098281194389
44750,0.13310495225269342,-3002.935178978002,12980.004922564618,9588.30481183578,3391.700110728838,0.07755730021301231
44755,0.13311982431439764,-3099.620709448198,13008.615463941682,9616.751630270024,3391.8638336716576,0.07726734514068202
44760,0.13313469637610184,-3200.284835720633,13037.062047958274,9647.644188597842,3389.417859360432,0.07697119894681193
44765,0.13314956843780607,-3303.770305156073,13065.602526793491,9681.038265458079,3384.564261335412,0.0766689414943217
44770,0.1331644404995103,-3408.734421203755,13094.487717045953,9716.8596722921,3377.628044753854,0.07636065483145654
44775,0.13317931256121449,-3513.6922012428295,13123.94794233181,9754.905969086256,3369.041973245554,0.07604642726765673
44780,0.1331941846229187,-3617.0723969979335,13154.17937507981,9794.853177203131,3359.3261978766786,0.07572635764642907
44785,0.1332090566846229,-3717.283726318563,13185.331042054713,9836.266955196286,3349.064086858427,0.07540055952914838
44790,0.13322392874632713,-3812.787797856021,13217.49349797476,9878.617700826439,3338.875797148321,0.07506916495869186
44795,0.13323880080803133,-3902.174377798089,13250.690170593532,9921.299123339617,3329.3910472539155,0.07473232747011169
44800,0.13325367286973555,-3984.2339269130935,13284.872236344569,9963.649927014294,3321.2223093302746,0.07459902234269185
44805,0.13326854493143975,-4058.0218610651345,13319.9176256787,10004.97828625494,3314.9393394237595,0.0746500277138885
44810,0.13328341699314397,-4122.908933423908,13355.6344265816,10044.588717121307,3311.0457094602934,0.07467451106612896
44815,0.13329828905484817,-4178.612666102404,13391.768601743963,10081.810739563252,3309.9578621807104,0.07479045009354694
44820,0.1333131611165524,-4225.205964712555,13428.015600548028,10116.028403658054,3311.9871968899733,0.07486151413496073
44825,0.13332803317825662,-4263.100898986809,13464.035160480014,10146.709387976049,3317.3257725039657,0.07488333045394915
44830,0.1333429052399608,-4293.007953230327,13499.468371162417,10173.43205896951,3326.036312192906,0.07495224264134971
44835,0.13335777730166504,-4315.873555874982,13533.955926609913,10195.908696673234,3338.0472299366793,0.07505102796313813
44840,0.13337264936336923,-4332.801050737495,13567.156420933821,10214.00310940618,3353.1533115276416,0.07509793409847104
44845,0.13338752142507346,-4344.962155485952,13598.763549493357,10227.74110325996,3371.022446233397,0.07508772208756483
44850,0.13340239348677765,-4353.507118221038,13628.521159135877,10237.312720855567,3391.2084382803096,0.07518972915158197
44855,0.13341726554848188,-4359.482078001216,13656.235242708737,10243.065760762598,3413.169481946139,0.07527026569584974
44860,0.13343213761018607,-4363.761503701939,13681.782186879358,10245.49075522447,3436.2914316548886,0.07529163389421101
44865,0.1334470096718903,-4367.002068146686,13705.112847110307,10245.198236880524,3459.9146102297836,0.07525898715945499
44870,0.1334618817335945,-4369.622052987685,13726.252324103347,10242.889693289077,3483.3626308142702,0.07538227761913327
44875,0.13347675379529872,-4371.807617484784,13745.295631882585,10239.32403837074,3505.9715935118456,0.07544600396708655
44880,0.13349162585700294,-4373.544330030282,13762.399754075448,10235.281690125745,3527.1180639497034,0.0754426305301719
44885,0.13350649791870714,-4374.669623866642,13777.772853495815,10231.528420709961,3546.244432785854,0.07550212704721142
44890,0.13352136998041136,-4374.939643724919,13791.66160161907,10228.781041090326,3562.8805605287434,0.0756380111181353
44895,0.13353624204211556,-4374.10256005308,13804.337702924899,10227.67671647395,3576.6609864509483,0.07571844971691201
44900,0.13355111410381978,-4371.969979528441,13816.084686150694,10228.747314669054,3587.3373714816407,0.07573569836340145
44905,0.13356598616552398,-4368.47858272323,13827.185914367683,10232.399717231643,3594.78619713604,0.07586415846793465
44910,0.1335808582272282,-4363.7354711114485,13837.914538114399,10238.902534378798,3599.012003735601,0.07596315342220869
44915,0.1335957302889324,-4358.042729116806,13848.525806511449,10248.379224065271,3600.1465824461775,0.07599399210934363
44920,0.13361060235063663,-4351.899176505956,13859.251800561973,10260.807278048314,3598.4445225136587,0.07601726208844937
44925,0.13362547441234082,-4345.979941250533,13870.298309731366,10276.022933771046,3594.27537596032,0.07614217969511958
44930,0.13364034647404505,-4341.097036184455,13881.843288215834,10293.730797875513,3588.1124903403215,0.0761956023989252
44935,0.13365521853574927,-4338.146276097131,13894.03614468819,10313.51779017262,3580.5183545155705,0.07616724491023351
44940,0.13367009059745347,-4338.047348495457,13906.997068032455,10334.870879796137,3572.126188236318,0.0762997582128457
44945,0.1336849626591577,-4341.684442877959,13920.815680786254,10357.198128656843,3563.6175521294117,0.07638547984158996
44950,0.1336998347208619,-4349.854458493949,13935.548529134947,10379.852536582966,3555.6959925519805,0.07638694818768844
44955,0.1337147067825661,-4363.228504214871,13951.21523037714,10402.158079873507,3549.0571505036332,0.07643115701098621
44960,0.1337295788442703,-4382.330375237082,13967.793457784746,10423.437162796748,3544.356294987998,0.07655824495180454
44965,0.13374445090597453,-4407.533246376336,13985.213292957087,10443.038496705012,3542.174796252075,0.07660052855527866
44970,0.13375932296767873,-4439.073319249922,14003.351762691786,10460.364234553936,3542.98752813785,0.07654540682351024
44975,0.13377419502938295,-4477.076952759907,14022.028556458763,10474.895070696624,3547.1334857621387,0.07666627387907748
44980,0.13378906709108715,-4521.596193765466,14041.003964135232,10486.212006826372,3554.79195730886,0.07675756129613549
44985,0.13380393915279137,-4572.646822693634,14059.97997425204,10494.013605096936,3565.966369155105,0.07675186979871795
44990,0.1338188112144956,-4630.243141484309,14078.605243193135,10498.12779546261,3580.4774477305255,0.07674557652250452
44995,0.1338336832761998,-4694.424725125596,14096.48431395448,10498.517649581037,3597.9666643734417,0.07684288770151629
45000,0.13384855533790402,-4765.27205043489,14113.191067602289,10495.280933573906,3617.9101340283833,0.07689443007983485
45005,0.13386342739960821,-4842.909987345392,14128.28597367548,10488.643653130162,3639.6423205453175,0.07691801772586392
45010,0.13387829946131244,-4927.500190530269,14141.336308808335,10478.948156668157,3662.388152140178,0.07699128031687756
45015,0.13389317152301664,-5019.225073914305,14151.93817361152,10466.636630429895,3685.301543181624,0.07697716447215326
45020,0.13390804358472086,-5118.267003179712,14159.73888904712,10452.230990162017,3707.507898885102,0.07701923574445498
45025,0.13392291564642506,-5224.7864881775495,14164.458221549781,10436.310255662382,3728.1479658873996,0.07711737546663157
45030,0.13393778770812928,-5338.902569256829,14165.906888730591,10419.486508757123,3746.420379973468,0.07711157821495165
45035,0.13395265976983348,-5460.677486989345,14164.000940270807,10402.380506744246,3761.620433526561,0.07706350974367754
45040,0.1339675318315377,-5590.106397108748,14158.770881843802,10385.597969213302,3773.1729126305,0.07716664897257898
45045,0.13398240389324192,-5727.111633530873,14150.364786788214,10369.70748201789,3780.657304770324,0.07719590237612414
45050,0.13399727595494612,-5871.540062347228,14139.045079258092,10355.220863276425,3783.8242159816673,0.07710755955284976
45055,0.13401214801665035,-6023.1615477553105,14125.179123625701,10342.576702783621,3782.6024208420804,0.07715695034338331
45060,0.13402702007835454,-6181.666511213877,14109.224168911838,10332.12761053281,3777.0965583790276,0.07723249271510606
45065,0.13404189214005877,-6346.660972570734,14091.707535162688,10324.131492168764,3767.5760429939237,0.07719412680064826
45070,0.13405676420176296,-6517.658219380188,14073.203169221439,10318.746920082081,3754.456249139357,0.07708908257395226
45075,0.1340716362634672,-6694.067217958296,14054.305836872014,10316.03241024476,3738.2734266272546,0.07721945925791118
45080,0.13408650832517138,-6875.178891606479,14035.604268301546,10315.949176173548,3719.6550921279977,0.07724164949757995
45085,0.1341013803868756,-7060.152281731191,14017.654553443448,10318.366744882975,3699.2878085604734,0.07713931582961164
45090,0.1341162524485798,-7248.003236982249,14000.955012536466,10323.070714730033,3677.884297806433,0.07712952836272181
45095,0.13413112451028403,-7437.598555924319,13985.92365950572,10329.771932280655,3656.151727225064,0.07721772579215723
45100,0.13414599657198825,-7627.658410341723,13972.87923879308,10338.116471131461,3634.7627676616194,0.07718806064496389
45105,0.13416086863369245,-7816.769413539236,13962.026651707247,10347.695997760824,3614.330653946423,0.07702408919639583
45110,0.13417574069539667,-8003.40990569783,13953.447395830006,10358.058374894936,3595.38902093507,0.07710313688640767
45115,0.13419061275710087,-8185.987945002971,13947.09542197514,10368.718629998193,3578.376791976947,0.07714853225057587
45120,0.1342054848188051,-8362.89117368363,13942.798573489245,10379.170642490686,3563.6279309985584,0.07706704812981409
45125,0.1342203568805093,-8532.546272954045,13940.265522854039,10388.900017095346,3551.365505758693,0.07689610866962107
45130,0.1342352289422135,-8693.484304456004,13939.097874503712,10397.398567798225,3541.6993067054864,0.07701540047292256
45135,0.1342501010039177,-8844.40709425544,13938.806875223814,10404.180623384305,3534.6262518395088,0.07701716390863082
45140,0.13426497306562193,-8984.249186797242,13938.833977906334,10408.80100519212,3530.0329727142143,0.07688392247322826
45145,0.13427984512732613,-9112.229932239463,13938.574351239658,10410.874080151774,3527.700271087884,0.07677791664455777
45150,0.13429471718903035,-9227.890966176934,13937.402323522712,10410.092841035119,3527.3094824875934,0.07686093418964336
45155,0.13430958925073458,-9331.115526395037,13934.697695160008,10406.246600788008,3528.4510943719997,0.07681926896046201
45160,0.13432446131243878,-9422.1274662836,13929.871848547187,10399.235685505295,3530.6361630418924,0.07663969451969105
45165,0.134339333374143,-9501.469238839092,13922.392618640883,10389.081519796851,3533.311098844031,0.07657762198193804
45170,0.1343542054358472,-9569.959451428243,13911.806952176454,10375.930732095745,3535.8762200807087,0.07662545623269013
45175,0.13436907749755142,-9628.631909696567,13897.760467448928,10360.052343308793,3537.7081241401356,0.07654272969874679
45180,0.13438394955925562,-9678.659543248761,13880.01312256046,10341.827687350418,3538.1854352100418,0.07632558162723098
45185,0.13439882162095984,-9721.26832131538,13858.450307341835,10321.733373262397,3536.716934079437,0.07629702915992866
45190,0.13441369368266404,-9757.64808632658,13833.088800411913,10300.318253233734,3532.770547178179,0.0763135892321023
45195,0.13442856574436826,-9788.868752933759,13804.077191900988,10278.17592855541,3525.901263345577,0.07619537353065456
45200,0.13444343780607246,-9815.810962744259,13771.69057841296,10255.914738487058,3515.775839925902,0.07592961994316651
45205,0.13445830986777668,-9839.119498931332,13736.319596708754,10234.127387313903,3502.1922093948506,0.07596154427321712
45210,0.1344731819294809,-9859.185267685589,13698.454168656152,10213.36234946275,3485.0918191934015,0.07595342062265908
45215,0.1344880539911851,-9876.157648061208,13658.662657596595,10194.09895522982,3464.563702366775,0.07580788281003156
45220,0.13450292605288933,-9889.984274386947,13617.567447220354,10176.727631481153,3440.8398157392003,0.07554460635540938
45225,0.13451779811459352,-9900.471043334763,13575.8182055481,10161.536209031457,3414.281996516642,0.07559852460526886
45230,0.13453267017629775,-9907.352523037047,13534.064251660331,10148.70258812495,3385.361663535381,0.07556770036352956
45235,0.13454754223800194,-9910.362633417508,13492.927479590897,10138.293462798958,3354.634016791939,0.07540290931441637
45240,0.13456241429970617,-9909.297240552232,13452.977209153254,10130.268327160178,3322.708881993076,0.07519402731845748
45245,0.13457728636141036,-9904.063197221529,13414.708142353966,10124.48768358028,3290.220458773685,0.07521845646451944
45250,0.1345921584231146,-9894.71120120153,13378.52233419083,10120.724270941351,3257.798063249478,0.07516370593655357
45255,0.13460703048481878,-9881.45186421345,13344.715772437958,10118.67621516714,3226.0395572708185,0.07498557229861016
45260,0.134621902546523,-9864.655483392979,13313.46983751799,10117.981222791415,3195.488614726575,0.07481596897403894
45265,0.13463677460822723,-9844.836572525455,13284.847612395783,10118.231218591254,3166.6163938045283,0.07481508609264559
45270,0.13465164666993143,-9822.624727314433,13258.79475909862,10118.987095419881,3139.807663678739,0.07474404180833658
45275,0.13466651873163565,-9798.724144823427,13235.144491189303,10119.793438607196,3115.3510525821075,0.07455653708490656
45280,0.13468139079333985,-9773.865099231849,13213.626060445366,10120.193174052596,3093.4328863927694,0.07440705894468248
45285,0.13469626285504407,-9748.751734919613,13193.876142636293,10119.742062510923,3074.13408012537,0.07438366957900819
45290,0.13471113491674827,-9724.011447396533,13175.452543670686,10118.02284267241,3057.4297009982765,0.07430284337344298
45295,0.1347260069784525,-9700.151621687526,13157.849735693158,10114.658653425367,3043.191082267791,0.07410940762456274
45300,0.1347408790401567,-9677.529313059822,13140.51584588558,10109.325194660587,3031.1906512249934,0.07395968619988717
45305,0.13475575110186092,-9656.33838926478,13122.870825823627,10101.7609716117,3021.109854211927,0.07391692417516584
45310,0.1347706231635651,-9636.616702760946,13104.325593305233,10091.77495465601,3012.5506386492234,0.073826618019756
45315,0.13478549522526934,-9618.273263001209,13084.30193674353,10079.251096573791,3005.050840169739,0.07363178627547935
45320,0.13480036728697356,-9601.13255257501,13062.252895272035,10064.149374122184,2998.103521149851,0.0734705277515522
45325,0.13481523934867776,-9584.990572993473,13037.683185981534,10046.50332308632,2991.1798628952147,0.07341344536342893
45330,0.13483011141038198,-9569.67539441751,13010.169071549182,10026.414359006001,2983.754712543181,0.07331308710751823
45335,0.13484498347208618,-9555.104283973928,12979.37688600655,10004.043459555909,2975.333426450641,0.07327468451189996
45340,0.1348598555337904,-9541.330034796936,12945.079303326866,9979.60098216007,2965.4783211667964,0.07324974876798232
45345,0.1348747275954946,-9528.570735155665,12907.168373729679,9953.33547960917,2953.832894120509,0.07323346446108871
45350,0.13488959965719882,-9517.219464600152,12865.664382873087,9925.522361559168,2940.142021313919,0.07322331413959461
45355,0.13490447171890302,-9507.832775932624,12820.719711464051,9896.453154292707,2924.266557171344,0.07332980851230364
45360,0.13491934378060724,-9501.098968519196,12772.617078449774,9866.425964741891,2906.1911137078823,0.07341820026251294
45365,0.13493421584231144,-9497.78897870333,12721.761825322861,9835.737581689265,2886.0242436335957,0.07347577065803153
45370,0.13494908790401566,-9498.694261325518,12668.66822559263,9804.677459864102,2863.9907657285275,0.07350087143838321
45375,0.1349639599657199,-9504.557335964175,12613.940164938815,9773.52363374997,2840.4165311888446,0.0734918974982364
45380,0.13497883202742408,-9516.001598048882,12558.246914139352,9742.540396641058,2815.7065174982945,0.07357181193903584
45385,0.1349937040891283,-9533.467323513958,12502.29508314294,9711.977362955367,2790.3177201875733,0.07369107614199619
45390,0.1350085761508325,-9557.160356178858,12446.79816768824,9682.069327917898,2764.7288397703414,0.07377948605932687
45395,0.13502344821253673,-9587.018763296559,12392.445340702325,9653.036181875927,2739.409158826398,0.07383546540419031
45400,0.13503832027424092,-9622.700944633027,12339.871260226697,9625.082065149609,2714.789195077088,0.07385747489351814
45405,0.13505319233594515,-9663.596524098351,12289.628634021823,9598.392995079965,2691.2356389418583,0.07384404746083545
45410,0.13506806439764935,-9708.859080441578,12242.165087605421,9573.132374339297,2669.032713266124,0.07394927826308484
45415,0.13508293645935357,-9757.457610325251,12197.805542396589,9549.43409080644,2648.3714515901484,0.07419988456569342
45420,0.13509780852105777,-9808.241775744307,12156.74086491217,9527.393313707538,2629.3475512046316,0.07444216647736261
45425,0.135112680582762,-9860.014649142551,12119.02305652707,9507.055529334417,2611.9675271926535,0.07467716444388542
45430,0.13512755264446621,-9911.605957061112,12084.566782435955,9488.404783969898,2596.1619984660574,0.07490602742489208
45435,0.1351424247061704,-9961.938796120034,12053.156646441601,9471.35245214287,2581.804194298731,0.0751298677559275
45440,0.13515729676787464,-10010.083459921832,12024.459343857825,9455.728071095391,2568.731272762434,0.07534960353181101
45445,0.13517216882957883,-10055.293326174897,11998.039682047087,9441.273833108407,2556.7658489386795,0.0755658277935871
45450,0.13518704089128306,-10097.01960415834,11973.37943722626,9427.644177713,2545.7352595132597,0.0757787361364099
45455,0.13520191295298725,-10134.903967809803,11949.89809043158,9414.411569835362,2535.486520596218,0.07599957644226611
45460,0.13521678501469148,-10168.750489460926,11926.97461975718,9401.079010081445,2525.8956096757356,0.07623901258109032
45465,0.13523165707639567,-10198.480612968979,11903.969684052388,9387.099152063896,2516.870531988492,0.07647290374845593
45470,0.1352465291380999,-10224.076916403805,11880.247683357296,9371.899179175192,2508.348504182104,0.07670096442079535
45475,0.1352614011998041,-10245.522846847372,11855.198299054633,9354.909917760935,2500.288381293698,0.07692245186532103
45480,0.13527627326150832,-10262.746199862508,11828.257186480194,9335.597134832524,2492.66005164767,0.07715952114948879
45485,0.13529114532321254,-10275.573676391838,11798.925508651202,9313.492664462665,2485.4328441885373,0.07740425129987581
45490,0.13530601738491674,-10283.702363148283,11766.787965056934,9288.222966711975,2478.5649983449584,0.07764514713411981
45495,0.13532088944662096,-10286.691642827875,11731.528895381602,9259.532938001072,2471.99595738053,0.07788106715420962
45500,0.13533576150832516,-10283.97621922388,11692.945942311884,9227.303213491332,2465.6427288205523,0.07811075788815118
45505,0.13535063357002938,-10274.898112813962,11650.96066302995,9191.559757781812,2459.400905248138,0.07835419876755496
45510,0.13536550563173358,-10258.753126908405,11605.62541156458,9152.475155932358,2453.150255632223,0.07859512821493786
45515,0.1353803776934378,-10234.845785758942,11557.125800480553,9110.361633641083,2446.76416683947,0.07882870883152432
45520,0.135395249755142,-10202.54627306647,11505.778113743363,9065.656414646173,2440.12169909719,0.07905362091798127
45525,0.13541012181684622,-10161.343365932986,11452.021199274734,9018.900537683781,2433.1206615909523,0.07926868181587207
45530,0.13542499387855042,-10110.888493649756,11396.402624113827,8970.712674666303,2425.6899494475238,0.07947306265614368
45535,0.13543986594025464,-10051.027520894635,11339.559216465219,8921.759776763429,2417.79943970179,0.07966638925795415
45540,0.13545473800195887,-9981.818356953232,11282.19251863405,8872.726483268732,2409.466035365318,0.07984870705614662
45545,0.13546961006366307,-9903.533790445234,11225.040088939078,8824.285131737088,2400.7549572019907,0.08002032682201748
45550,0.1354844821253673,-9816.649916056243,11168.84396691421,8777.067914265075,2391.7760526491347,0.08018159788593238
45555,0.13549935418707149,-9721.82118247224,11114.317905364109,8731.642289256684,2382.6756161074245,0.0803326709584528
45560,0.1355142262487757,-9619.843606964345,11062.115139232801,8688.49027862007,2373.624860612732,0.08047331055105421
45565,0.1355290983104799,-9511.608260176825,11012.798487890455,8647.99187134556,2364.8066165448945,0.08060279935751871
45570,0.13554397037218413,-9398.04783066349,10966.814476215117,8610.41250635768,2356.4019698574375,0.08071994960670381
45575,0.13555884243388833,-9280.079911266868,10924.472927322364,8575.894551605681,2348.578375716683,0.08082320737692708
45580,0.13557371449559255,-9158.551472667263,10885.93315158709,8544.452792618657,2341.4803589684343,0.08102711508006159
45585,0.13558858655729675,-9034.189586858123,10851.197461635049,8515.974098320055,2335.2233633149935,0.08125195611442736
45590,0.13560345861900097,-8907.563580347052,10820.112310133121,8490.221535117775,2329.8907750153467,0.08147082144312523
45595,0.1356183306807052,-8779.063219842335,10792.376904670957,8466.84316787347,2325.533736797486,0.08168336044367268
45600,0.1356332027424094,-8648.896179829868,10767.558730829129,8445.385588250247,2322.173142578882,0.08188876080742137
45605,0.13564807480411362,-8517.106014577004,10745.11504039861,8425.31187907732,2319.8031613212897,0.0820857199305905
45610,0.1356629468658178,-8383.609424788965,10724.419063782554,8406.02333560729,2318.3957281752646,0.08227250486942296
45615,0.13567781892752204,-8248.249138005338,10704.789502726664,8386.883912587866,2317.9055901387983,0.08244707523573214
45620,0.13569269098922623,-8110.8566007502895,10685.521758999123,8367.246121903794,2318.2756370953284,0.0826072299057829
45625,0.13570756305093046,-7971.317255394635,10665.919352411976,8346.477002450227,2319.4423499617496,0.08275073752232352
45630,0.13572243511263465,-7829.6306911131505,10645.324064962595,8323.982818923581,2321.3412460390136,0.08287542166033515
45635,0.13573730717433888,-7685.95851226895,10623.143498484904,8299.231295746265,2323.9122027386384,0.08298885127513486
45640,0.13575217923604307,-7540.654282282643,10598.874930336102,8271.770427049354,2327.104503286748,0.08310355991539009
45645,0.1357670512977473,-7394.272144378853,10572.124576513215,8241.24319544527,2330.8813810679458,0.0831946105372142
45650,0.13578192335945152,-7247.553360079912,10542.621610751383,8207.397854306457,2335.223756444926,0.08325952279242463
45655,0.13579679542115572,-7101.39266847983,10510.226534061201,8170.093752505193,2340.132781556008,0.08337193241744148
45660,0.13581166748285994,-6956.788687120905,10474.933737016921,8129.3029750696105,2345.630761947311,0.08359276825456746
45665,0.13582653954456414,-6814.78422489402,10436.868342130803,8085.108300501303,2351.7600416295,0.08379570889362183
45670,0.13584141160626836,-6676.403133300645,10396.277649842961,8037.698098095846,2358.579551747115,0.08401654303698335
45675,0.13585628366797256,-6542.590117892766,10353.517732376858,7987.358784634736,2366.158947742122,0.08421817267046522
45680,0.13587115572967678,-6414.158885119975,10309.035916704832,7934.465339044929,2374.5705776599025,0.08439703683498621
45685,0.13588602779138098,-6291.752378088057,10263.350060869909,7879.470180757239,2383.8798801126695,0.08455108069204748
45690,0.1359008998530852,-6175.817002880139,10217.025645622702,7822.890517231006,2394.1351283916956,0.08467824103611372
45695,0.1359157719147894,-6066.591017292556,10170.651766816398,7765.294121480113,2405.357645336285,0.08478504146648093
45700,0.13593064397649363,-5964.105943023526,10124.817118760307,7707.283456657764,2417.5336621025435,0.08491122661630711
45705,0.13594551603819785,-5868.199139085865,10080.087004561257,7649.47814008194,2430.608864479317,0.08500695757133518
45710,0.13596038809990205,-5778.535518315276,10036.982299691199,7592.495919265371,2444.4863804258275,0.08507052818433168
45715,0.13597526016160627,-5694.636602790896,9995.961138025623,7536.932571343379,2459.0285666822438,0.08511833710217112
45720,0.13599013222331047,-5615.915416404933,9957.403900364725,7483.3413713387645,2474.0625290259604,0.08518930488759237
45725,0.1360050042850147,-5541.715857518493,9921.601884395426,7432.2129476968685,2489.3889366985577,0.08522541174724457
45730,0.1360198763467189,-5471.355040405655,9888.749842534498,7383.956425082958,2504.7934174515403,0.08535468392587865
45735,0.1360347484084231,-5404.166617536699,9858.94240466523,7338.882741792105,2520.0596628731246,0.08551435184106687
45740,0.1360496204701273,-5339.542390667246,9832.174262395796,7297.190939102252,2534.9833232935443,0.08572078118161659
45745,0.13606449253183153,-5276.968795815877,9808.343877701876,7258.958081278555,2549.385796423321,0.08589829535662503
45750,0.13607936459353573,-5216.0543878446515,9787.26038393713,7224.133312761844,2563.127071175286,0.08604434355733163
45755,0.13609423665523995,-5156.54452043679,9768.653262278227,7192.53642236104,2576.1168399171866,0.08615675305943823
45760,0.13610910871694418,-5098.320173122274,9752.184297589649,7163.861171161576,2588.323126428073,0.08629820593286575
45765,0.13612398077864837,-5041.37932486052,9737.461248893833,7137.683534580766,2599.777714313067,0.086432117898521
45770,0.1361388528403526,-4985.8012765161675,9724.05262372553,7113.4748806355365,2610.5777430899943,0.08652954747419515
45775,0.1361537249020568,-4931.69661776889,9711.502937197565,7090.619933300209,2620.8830038973565,0.08658867978765272
45780,0.13616859696376102,-4879.147750383172,9699.347874959733,7068.439144768856,2630.9087301908767,0.08670375293279252
45785,0.13618346902546521,-4828.146614098139,9687.128863538666,7046.214832195292,2640.9140313433745,0.08678894683259211
45790,0.13619834108716944,-4778.5371768663845,9674.406670321749,7023.22014693913,2651.1865233826184,0.08683325983979043
45795,0.13621321314887364,-4729.970166119414,9660.773788750956,6998.749676382943,2662.0241123680125,0.0868798510284312
45800,0.13622808521057786,-4681.876423885691,9645.865488016847,6972.1502755849915,2673.7152124318554,0.08695724173538315
45805,0.13624295727228206,-4633.463296506125,9629.369497916108,6942.850623090992,2686.5188748251167,0.08699148261235434
45810,0.13625782933398628,-4583.735862285205,9611.034343238784,6910.388003154485,2700.6463400842986,0.08702168339886303
45815,0.1362727013956905,-4531.541899136135,9590.67633436682,6874.430925744799,2716.2454086220214,0.08712188460387232
45820,0.1362875734573947,-4475.636703907106,9568.185169652808,6834.796389065757,2733.3887805870518,0.08728098173766928
45825,0.13630244551909892,-4414.761582899955,9543.528027318984,6791.460849946093,2752.067177372891,0.08741806898724441
45830,0.13631731758080312,-4347.728327422712,9516.751941181408,6744.564275991368,2772.18766519004,0.08751310001227887
45835,0.13633218964250735,-4273.501422903144,9487.98418761501,6694.406987195676,2793.577200419333,0.08756489646786769
45840,0.13634706170421154,-4191.270138825981,9457.430380281146,6641.439334377183,2815.991045903964,0.08769355405282721
45845,0.13636193376591577,-4100.5039143958675,9425.369987519056,6586.244596707408,2839.125390811648,0.08778765221913193
45850,0.13637680582761996,-4000.986381144812,9392.149059783716,6529.515802962843,2862.6332568208736,0.08783662482836085
45855,0.1363916778893242,-3892.8256530389117,9358.170077515184,6472.0274769369325,2886.1426005782514,0.08786863181778573
45860,0.13640654995102838,-3776.4408474825855,9323.87899330445,6414.6035563886235,2909.2754369158265,0.08796764202985485
45865,0.1364214220127326,-3652.526900829876,9289.749731542162,6358.082919842256,2931.6668116999062,0.08802000079885686
45870,0.13643629407443683,-3522.001411725569,9256.266605981411,6303.284066810387,2952.9825391710237,0.0880252107026575
45875,0.13645116613614103,-3385.9383772507135,9223.905301466977,6250.970528396747,2972.93477307023,0.08807030331163214
45880,0.13646603819784525,-3245.494269726719,9193.11322302575,6201.8185316087365,2991.2946914170134,0.08813307131108795
45885,0.13648091025954945,-3101.832020347616,9164.290130304751,6156.388305583323,3007.901824721428,0.08814751416842362
45890,0.13649578232125367,-2956.0482737214757,9137.770039777579,6115.10021978071,3022.6698199968687,0.0881137606415876
45895,0.13651065438295787,-2809.108889758972,9113.805386188405,6078.216709822258,3035.5886763661474,0.088183767551129
45900,0.1365255264446621,-2661.7971628144896,9092.554385173791,6045.830696374438,3046.723688799353,0.08821484777082994
45905,0.1365403985063663,-2514.678581720309,9074.072428589036,6017.860943524782,3056.211485064254,0.08819679443193033
45910,0.1365552705680705,-2368.085087132724,9058.308171754406,5994.054535916814,3064.253635837593,0.08817297971440453
45915,0.1365701426297747,-2222.120596656002,9045.104738811384,5973.996379593205,3071.1083592181785,0.08822785630034548
45920,0.13658501469147893,-2076.6880018488882,9034.206184454939,5957.125353214089,3077.08083124085,0.08823282098810897
45925,0.13659988675318316,-1931.5359234540965,9025.269021476164,5942.756459874745,3082.5125616014193,0.08818853617668752
45930,0.13661475881488735,-1786.3214032370097,9017.87827884777,5930.10806803363,3087.7702108141393,0.08818087793058119
45935,0.13662963087659158,-1640.6827047344123,9011.567229145228,5918.333104489995,3093.2341246552332,0.08821573547293615
45940,0.13664450293829578,-1494.3148539637705,9005.839655578608,5906.55289358823,3099.2867619903773,0.08820061538912558
45945,0.136659375,-1347.0398108399013,9000.193351841692,5893.892231758882,3106.3011200828096,0.08813646882191924
45950,0.1366742470617042,-1198.8634364007185,8994.14348454414,5879.5142359996,3114.62924854454,0.0881301598012275
45955,0.13668911912340842,-1050.0127481373665,8987.244503365451,5862.653495880052,3124.591007485399,0.08815041339617216
45960,0.13670399118511262,-900.9491904984334,8979.10944530017,5842.646087907987,3136.463357392183,0.08812078477595717
45965,0.13671886324681684,-752.3564904892437,8969.425717996624,5818.955089223384,3150.4706287732406,0.08804235076960366
45970,0.13673373530852104,-605.1047160503358,8957.966726579501,5791.19037490923,3166.7763516702717,0.08801322150301207
45975,0.13674860737022526,-460.194965402472,8944.59899357136,5759.121722453732,3185.4772711176283,0.08802352285722831
45980,0.13676347943192949,-318.69128399148576,8929.284687337899,5722.684594173891,3206.6000931640074,0.08798416754679637
45985,0.13677835149363368,-181.64763335509997,8912.079707767809,5681.978419299257,3230.1012884685515,0.08789632571548105
45990,0.1367932235553379,-50.037876973068705,8893.127675697084,5637.257715703022,3255.869959994062,0.08781494861373938
45995,0.1368080956170421,75.30416948716902,8872.650336860244,5588.91691009099,3283.733426769254,0.0878198341978754
46000,0.13682296767874633,193.72935281388982,8850.935024514512,5537.470154434105,3313.4648700804073,0.08777579957652548
46005,0.13683783974045052,304.7994870152479,8828.319926695105,5483.527723730834,3344.7922029642714,0.08768412304278707
46010,0.13685271180215475,408.2947770425171,8805.177969044797,5427.770669200605,3377.4072998441916,0.08754638708958135
46015,0.13686758386385894,504.2039148910526,8781.900144383542,5370.925277770208,3410.9748666133346,0.08752099187058726
46020,0.13688245592556317,592.699970268116,8758.879089488695,5313.7385746723785,3445.1405148163167,0.08747887870345249
46025,0.13689732798726736,674.1060835515673,8736.493628882627,5256.955656324215,3479.5379725584116,0.08739080364368114
46030,0.1369122000489716,748.8551836422521,8715.09488372448,5201.299136755294,3513.7957469691855,0.08725833380694997
46035,0.1369270721106758,817.4476166589538,8694.994396449749,5147.4505254104915,3547.5438710392573,0.08710631402632776
46040,0.13694194417238,880.4098685678428,8676.454566182196,5096.033014604818,3580.4215515773776,0.08707450895660726
46045,0.13695681623408423,938.2567027112054,8659.681542936323,5047.595008247031,3612.0865346892924,0.08699922608584908
46050,0.13697168829578843,991.4581965260713,8644.820603785587,5002.593804493021,3642.2267992925663,0.08688180903163774
46055,0.13698656035749265,1040.4124824821065,8631.953939536073,4961.379147321186,3670.5747922148876,0.08672373098391425
46060,0.13700143241919685,1085.4245516059418,8621.100717331898,4924.176835448316,3696.923881883582,0.08659516261031201
46065,0.13701630448090107,1126.6912867015299,8612.219248185864,4891.073135124383,3721.1461130614807,0.0865555614226496
46070,0.13703117654260527,1164.2929273905247,8605.211069514535,4862.001281424424,3743.209788090111,0.08646810628005726
46075,0.1370460486043095,1198.191347183415,8599.926740177685,4836.731769012657,3763.1949711650277,0.08633418718518647
46080,0.1370609206660137,1228.2357173994833,8596.17312825277,4814.86834702318,3781.304781229591,0.08617984159354071
46085,0.13707579272771792,1254.1762090835937,8593.721941395894,4795.851593113832,3797.870348282062,0.08616769759032158
46090,0.13709066478942214,1275.6862337944212,8592.319203877172,4778.971631292615,3813.3475725845574,0.08610840212383507
46095,0.13710553685112634,1292.3932912230403,8591.695329083306,4763.390989914884,3828.3043391684223,0.08600297390727417
46100,0.13712040891283056,1303.9177826998257,8591.575384986674,4748.177808921483,3843.397576065191,0.0858526576983561
46105,0.13713528097453476,1309.918236561537,8591.689119334464,4732.348658840423,3859.3404604940406,0.08570037045727083
46110,0.13715015303623898,1310.1403989993496,8591.780315705904,4714.9192076765485,3876.861108029356,0.0858544415463787
46115,0.13716502509794318,1304.466722155812,8591.61509852931,4694.959965387588,3896.6551331417213,0.08602684708178084
46120,0.1371798971596474,1292.9620733160536,8590.988892814774,4671.65346796693,3919.3354248478436,0.08619474794516756
46125,0.1371947692213516,1275.9111146001005,8589.731861104505,4644.348662286151,3945.383198818354,0.08635776131841878
46130,0.13720964128305582,1253.8428576847227,8587.71276673748,4612.6080366334245,3975.104730104056,0.08652736765949437
46135,0.13722451334476002,1227.538455901943,8584.841327073285,4576.243292128923,4008.5980349443626,0.08671989568861899
46140,0.13723938540646424,1198.0193931204067,8581.06920409623,4535.3360885550055,4045.733115541224,0.08690795438799535
46145,0.13725425746816847,1166.5148446737203,8576.38982223507,4490.241571584864,4086.148250650207,0.08709121420231213
46150,0.13726912952987266,1134.4090230700485,8570.83720374457,4441.573870044964,4129.263333699606,0.08728314181663602
46155,0.1372840015915769,1103.171598595336,8564.483979027758,4390.174359569149,4174.30961945861,0.08748260289691558
46160,0.13729887365328108,1074.2765409253643,8557.438677413493,4337.065017430124,4220.373659983369,0.08767681358697149
46165,0.1373137457149853,1049.1166501525304,8549.842349646782,4283.39045191107,4266.451897735712,0.08786544699045302
46170,0.1373286177766895,1028.922317814745,8541.864530975019,4230.353035659662,4311.511495315357,0.08805269368805826
46175,0.13734348983839373,1014.6934178862366,8533.698531535494,4179.145931776794,4354.5525997587,0.08825625884220048
46180,0.13735836190009793,1007.1525098114662,8525.556040356705,4130.888673039596,4394.667367317109,0.0884537735396987
46185,0.13737323396180215,1006.7257065945341,8517.661047146465,4086.5694025129587,4431.091644633506,0.08864487412524702
46190,0.13738810602350635,1013.554732698668,8510.243116847108,4046.9970184961717,4463.246098350937,0.0888536210326159
46195,0.13740297808521057,1027.5401297267272,8503.530091467686,4012.7654244460023,4490.764667021684,0.08906572074875317
46200,0.1374178501469148,1048.4116508287116,8497.740340569117,3984.23100465378,4513.509335915336,0.08927186728044378
46205,0.137432722208619,1075.8180934079364,8493.074737624767,3961.5034533007693,4531.571284323998,0.08949357356695026
46210,0.13744759427032321,1109.4256644018433,8489.708607316661,3944.4492712420647,4545.259336074596,0.08971197240767606
46215,0.1374624663320274,1149.0119443390386,8487.783969578444,3932.706662696782,4555.077306881662,0.08992398341868202
46220,0.13747733839373164,1194.542026003276,8487.402494331696,3925.71021756933,4561.692276762366,0.09012930804143851
46225,0.13749221045543583,1246.2147133908675,8488.61966205265,3922.7236159845897,4565.89604606806,0.09034995309504132
46230,0.13750708251714006,1304.4698194847242,8491.440677543933,3922.87857176454,4568.562105779392,0.09056639859878145
46235,0.13752195457884425,1369.9523672735868,8495.818682767818,3925.2182625613186,4570.6004202065,0.09078921245510044
46240,0.13753682664054848,1443.435353610762,8501.65573851097,3928.7435093624313,4572.912229148538,0.09108240052948305
46245,0.13755169870225267,1525.7088916115827,8508.806883801473,3932.459929664374,4576.3469541371,0.09142783743695267
46250,0.1375665707639569,1617.449044476556,8517.087341307375,3935.424199437782,4581.663141869592,0.09176652271760811
46255,0.13758144282566112,1719.0835306101571,8526.282637769726,3936.787460910653,4589.495176859073,0.09209844675168086
46260,0.13759631488736532,1830.6729385988192,8536.161086363432,3935.8338738856905,4600.327212477741,0.09242358117038119
46265,0.13761118694906954,1951.8247489382338,8546.487776581935,3932.0123984425377,4614.475378139397,0.09274187056791248
46270,0.13762605901077374,2081.653429871256,8557.038982081383,3924.960164411632,4632.0788176697515,0.09305322491646185
46275,0.13764093107247796,2218.793775322625,8567.615767630274,3914.5162337854963,4653.099533844777,0.09335751330940656
46280,0.13765580313418216,2361.4674810655024,8578.055581111603,3900.7251541854585,4677.330426926144,0.09365455949157664
46285,0.13767067519588638,2507.595869903591,8588.240766970408,3883.8303545336535,4704.410412436755,0.09394413945424311
46290,0.13768554725759058,2654.9457421131365,8598.103224172608,3864.2580529388956,4733.845171233712,0.09422598120859225
46295,0.1377004193192948,2801.291307884413,8607.624823153292,3842.5928497112986,4765.031973441994,0.09449976672595346
46300,0.137715291380999,2944.5734175763855,8616.833641769615,3819.546520818524,4797.287120951091,0.09476513595404405
46305,0.13773016344270322,3083.0378361656203,8625.79651854797,3795.9217111449725,4829.874807402997,0.09502169277927888
46310,0.13774503550440745,3215.3368465521535,8634.608791391474,3772.5722933568823,4862.036498034592,0.09526901278664077
46315,0.13775990756611164,3340.5826228016103,8643.382342207697,3750.362164335608,4893.020177872088,0.09551518529607328
46320,0.13777477962781587,3458.3461597840505,8652.233175559082,3730.1242452042334,4922.108930354849,0.09577543317719439
46325,0.13778965168952007,3568.6016335445765,8661.26972203475,3712.6214532928348,4948.648268741916,0.09602205623536625
46330,0.1378045237512243,3671.62240469066,8670.58289974391,3698.5114114749304,4972.071488268979,0.09625472807613199
46335,0.13781939581292849,3767.840890055407,8680.238731325462,3688.316612767796,4991.922118557666,0.0964731565680786
46340,0.1378342678746327,3857.6895505123784,8690.274043770643,3682.401618113482,5007.872425657161,0.09667709604196612
46345,0.1378491399363369,3941.443571298425,8700.695509252942,3680.9585963792415,5019.736912873701,0.09686635787119091
46350,0.13786401199804113,4019.0868073699976,8711.482036060965,3684.002107889948,5027.479928171017,0.09704081865358619
46355,0.13787888405974533,4090.2207954435626,8722.590291162547,3691.373507526077,5031.21678363647,0.09720042537812267
46360,0.13789375612144955,4154.031998669271,8733.962920409738,3702.754747867461,5031.208172542278,0.09734519719496285
46365,0.13790862818315378,4209.325291872376,8745.538817859007,3717.6907575108658,5027.848060348142,0.09747522366748851
46370,0.13792350024485797,4254.622832120859,8757.264580946829,3735.6190145772175,5021.645566369611,0.09759065962460424
46375,0.1379383723065622,4288.318122286002,8769.106090378757,3755.904479034128,5013.201611344628,0.09769171692314661
46380,0.1379532443682664,4308.866730729327,8781.059008875143,3777.8777215406103,5003.181287334533,0.09777865357188337
46385,0.13796811642997062,4314.989206600022,8793.15694935386,3800.873906404944,4992.283042948917,0.09785176077951803
46390,0.1379829884916748,4305.859306611464,8805.476165519152,3824.270255610829,4981.2059099083235,0.09791134859422576
46395,0.13799786055337904,4281.252200203559,8818.135890765832,3847.519737601642,4970.61615316419,0.09795773091450444
46400,0.13801273261508323,4241.632599388772,8831.293885598276,3870.17898458494,4961.114901013336,0.09799121076053642
46405,0.13802760467678746,4188.170862821534,8845.137301300814,3891.928838959152,4953.208462341662,0.09801206676934641
46410,0.13804247673849165,4122.684709514142,8859.869547435013,3912.586449068333,4947.283098366681,0.09802054187452641
46415,0.13805734880019588,4047.513766549445,8875.694366519152,3932.108449422125,4943.585917097027,0.09801683501956143
46420,0.1380722208619001,3965.3424276105698,8892.798681972103,3950.58542604025,4942.2132559318525,0.09800109652418498
46425,0.1380870929236043,3878.9924052354636,8911.335935304509,3968.228522295119,4943.107413009389,0.09797342739646564
46430,0.13810196498530852,3791.2093217078645,8931.411547768532,3985.3496136362246,4946.061934132307,0.09793388250512246
46435,0.13811683704701272,3704.46752109529,8953.071855973101,4002.336901808219,4950.734954164882,0.09788247715566685
46440,0.13813170910871694,3620.81419863857,8976.297440110266,4019.6279980114705,4956.669442098795,0.0978191963069234
46445,0.13814658117042114,3541.768461311015,9001.001265573277,4037.682556070347,4963.31870950293,0.09774400546296093
46450,0.13816145323212536,3468.283835380191,9027.03157246187,4056.9562931060073,4970.075279355863,0.09765686219840948
46455,0.13817632529382956,3400.7749601032356,9054.179036906871,4077.877843085649,4976.301193821222,0.09755772731845343
46460,0.13819119735553378,3339.2017218573546,9082.187434182513,4100.829400918346,4981.358033264167,0.09744657479650375
46465,0.13820606941723798,3283.1977675130356,9110.76687186033,4126.131617591545,4984.6352542687855,0.09732339984076199
46470,0.1382209414789422,3232.2258695846076,9139.608625524781,4154.032783364283,4985.575842160498,0.09718822468221734
46475,0.13823581354064643,3185.740416330552,9168.400677100388,4184.702049980736,4983.698627119652,0.09705570726103169
46480,0.13825068560235063,3143.337503751969,9196.843192667297,4218.2263245322365,4978.61686813506,0.09691092971306836
46485,0.13826555766405485,3104.875574703442,9224.663342782866,4254.610504790694,4970.052837992172,0.0967528416973573
46490,0.13828042972575905,3070.553890120452,9251.629023132688,4293.780864892856,4957.848158239832,0.09658167288530274
46495,0.13829530178746327,3040.941718718268,9277.561142461855,4335.5915562910195,4941.969586170835,0.09639767386542342
46500,0.13831017384916747,3016.9572358048626,9302.344187493421,4379.834266718455,4922.509920774966,0.09620111085392205
46505,0.1383250459108717,2999.800930207176,9325.93474945509,4426.251001309322,4899.683748145767,0.0959922601665557
46510,0.1383399179725759,2990.8531220227605,9348.367623359865,4474.5496818527745,4873.817941507091,0.09577140289554831
46515,0.1383547900342801,2991.5484914757235,9369.759005542683,4524.421833587963,4845.337171954719,0.09553882014936535
46520,0.1383696620959843,3003.2420815127307,9390.306260644209,4575.5611410368165,4814.745119607393,0.0952987945452593
46525,0.13838453415768853,3027.081104732295,9410.283745306135,4627.681247070567,4782.6024982355675,0.09506219822317918
46530,0.13839940621939276,3063.895304681372,9430.03428698372,4680.530989527498,4749.503297456223,0.09481527296828884
46535,0.13841427828109695,3114.115952711617,9449.956128509475,4733.905421015816,4716.0507074936595,0.09455817132863337
46540,0.13842915034280118,3177.730192267787,9470.485451316785,4787.651461198346,4682.833990118439,0.09429104294711309
46545,0.13844402240450537,3254.2737348300916,9492.07495932948,4841.667808915885,4650.407150413595,0.09401403584554477
46550,0.1384588944662096,3342.86118355749,9515.169410288901,4895.899632904737,4619.269777384165,0.09372729832019058
46555,0.1384737665279138,3442.2497921691693,9540.179384327093,4950.329364639312,4589.850019687781,0.09343098123317951
46560,0.13848863858961802,3550.929512957553,9567.45493682554,5004.965453769196,4562.4894830563435,0.09312524045892058
46565,0.13850351065132221,3667.2299823523526,9597.261044304314,5059.831103864952,4537.429940439362,0.09281023925174442
46570,0.13851838271302644,3789.433828236416,9629.756867635706,5114.954767795748,4514.802099839958,0.09248615034177059
46575,0.13853325477473064,3915.885477876178,9664.980783510984,5170.36362480267,4494.6171587083145,0.09215315762972667
46580,0.13854812683643486,4045.085502598735,9702.842849023235,5226.080526193383,4476.762322829852,0.09181145741784646
46585,0.13856299889813908,4175.762331947025,9743.125868982745,5282.124147547012,4461.001721435732,0.09146125915957613
46590,0.13857787095984328,4306.915676798506,9785.495565485384,5338.511468578657,4446.984096906727,0.09110278571742281
46595,0.1385927430215475,4437.828931830293,9829.519566333815,5395.261317289061,4434.258249044754,0.09073627308052094
46600,0.1386076150832517,4568.0508893066735,9874.694114151722,5452.397604531308,4422.296509620413,0.09036196942381097
46605,0.13862248714495592,4697.350016678666,9920.476640510848,5509.9510263626025,4410.525614148245,0.08998013331753411
46610,0.13863735920666012,4825.647086285223,9966.32173400238,5567.958371462621,4398.36336253976,0.08959103085624781
46615,0.13865223126836435,4952.933880192549,10011.717628806866,5626.45906268559,4385.258566121276,0.08919493150499216
46620,0.13866710333006854,5079.18684577702,10056.220200155927,5685.489099742225,4370.731100413702,0.0887921025765523
46625,0.13868197539177277,5204.284826388887,10099.481598407394,5745.073071029781,4354.408527377613,0.08838280245610551
46630,0.13869684745347696,5327.9393071234745,10141.27108022522,5805.215294302463,4336.055785922757,0.08796727295185951
46635,0.1387117195151812,5449.644088872449,10181.486272556618,5865.8913725814555,4315.594899975163,0.08754573142698294
46640,0.1387265915768854,5568.649147348949,10220.153976525693,5927.041479962469,4293.112496563224,0.08711836360326386
46645,0.1387414636385896,5683.960949443146,10257.420604848649,5988.566515473864,4268.854089374785,0.08668531806658053
46650,0.13875633570029383,5794.369012888477,10293.53335020837,6050.327905069291,4243.2054451390795,0.0862467035069559
46655,0.13877120776199803,5898.496282655095,10328.814093638572,6112.151343799822,4216.66274983875,0.08580258956999583
46660,0.13878607982370225,5994.869127336045,10363.628771700765,6173.834226176483,4189.7945455242825,0.08535301188398618
46665,0.13880095188540645,6082.001474089846,10398.355334614296,6235.155999422469,4163.199335191827,0.0848979813847498
46670,0.13881582394711067,6158.486745125026,10433.353482481129,6295.890278422311,4137.463204058818,0.08443749753848158
46675,0.13883069600881487,6223.090735967898,10468.939048449049,6355.81735374557,4113.121694703479,0.0839715645294619
46680,0.1388455680705191,6274.838321040188,10505.365244734228,6414.73574427792,4090.629500456308,0.083500209012396
46685,0.1388604401322233,6313.086904202269,10542.812088760222,6472.471687233778,4070.340401526444,0.08302349770429202
46690,0.1388753121939275,6337.57996204124,10581.384306293865,6528.885864737741,4052.498441556124,0.08254155296817327
46695,0.13889018425563174,6348.475015711756,10621.117004675138,6583.877142995876,4037.2398616792616,0.08205456465082771
46700,0.13890505631733593,6346.342042083279,10661.987551125749,6637.383539129388,4024.604011996361,0.0815627967712904
46705,0.13891992837904016,6332.130709650102,10703.93147967197,6689.380942259859,4014.550537412111,0.08106658817116859
46710,0.13893480044074435,6307.107742646593,10746.859946315953,6739.88025443775,4006.979691878203,0.08056634686146921
46715,0.13894967250244858,6272.768853185768,10790.676272985598,6788.9235922571015,4001.7526807284967,0.08006253845246793
46720,0.13896454456415278,6230.732600544406,10835.289442956448,6836.580053071259,3998.709389885189,0.07955566965628055
46725,0.138979416625857,6182.625787542472,10880.622976904246,6882.941369535479,3997.681607368767,0.07904626834255922
46730,0.1389942886875612,6129.971216553813,10926.618347934407,6928.117612930379,3998.500735004028,0.07853486195913255
46735,0.13900916074926542,6074.088589447479,10973.23288925526,6972.232993583905,4000.9998956713544,0.07802195627123135
46740,0.13902403281096962,6016.018030227317,11020.43290828152,7015.42175161955,4005.01115666197,0.07750801631094878
46745,0.13903890487267384,5956.4733193310585,11068.18335118662,7057.82411905228,4010.3592321343403,0.07699345116550275
46750,0.13905377693437806,5895.828806363862,11116.43578604209,7099.582342997773,4016.853443044317,0.0768704146427708
46755,0.13906864899608226,5834.140563580526,11165.116643974205,7140.836769976445,4024.2798739977598,0.07691945120705361
46760,0.13908352105778649,5771.1991065338525,11214.117565942177,7181.721991478688,4032.3955744634886,0.0769695754106685
46765,0.13909839311949068,5706.608286353359,11263.289375477743,7222.363039291568,4040.926336186175,0.07701756111149433
46770,0.1391132651811949,5639.88292514191,11312.440695029205,7262.871602980231,4049.569092048974,0.07706313366586175
46775,0.1391281372428991,5570.556429632598,11361.341626818185,7303.342236055646,4057.9993907625385,0.07710598693677723
46780,0.13914300930460333,5498.288894125073,11409.73231573794,7343.8485397857685,4065.883775952171,0.07714578167792165
46785,0.13915788136630752,5422.966021952478,11457.335680086391,7384.439379152059,4072.8963009343324,0.07718214843999724
46790,0.13917275342801175,5344.779579497956,11503.873191992374,7425.135297141393,4078.7378948509813,0.07722719598612379
46795,0.13918762548971594,5264.281173975116,11549.082340611554,7465.9254356880265,4083.1569049235277,0.07727539879706787
46800,0.13920249755142017,5182.40306888089,11592.734316035805,7506.765408198868,4085.9689078369374,0.07731987978913857
46805,0.1392173696131244,5100.442579293023,11634.650486526682,7547.576650836081,4087.0738356906004,0.07736018679343724
46810,0.1392322416748286,5020.010181485968,11674.716371034565,7588.247760304043,4086.4686107305215,0.07739588059020333
46815,0.1392471137365328,4942.94544549314,11712.89199913222,7628.638176350546,4084.253822781674,0.07742654253251219
46820,0.139261985798237,4871.208685490316,11749.217778800097,7668.584291371374,4080.633487428723,0.07745178110197631
46825,0.13927685785994123,4806.7591943696425,11783.815252130391,7707.907708092204,4075.9075440381866,0.07748938967653503
46830,0.13929172992164543,4751.432559379343,11816.882415752894,7746.424990849389,4070.457424903505,0.07752558937758451
46835,0.13930660198334965,4706.829548187022,11848.683625883616,7783.957953215445,4064.725672668171,0.07755605331313242
46840,0.13932147404505385,4674.227402242536,11879.534497975563,7820.343374643747,4059.191123331816,0.07758048539216178
46845,0.13933634610675807,4654.521347091305,11909.782630829966,7855.441091850026,4054.34153897994,0.07759864410207745
46850,0.13935121816846227,4648.200208209384,11939.785396335987,7889.139670335913,4050.6457260000734,0.0776103458063433
46855,0.1393660902301665,4655.3558071528805,11969.886384267471,7921.35927893544,4048.527105332031,0.07762175710146542
46860,0.13938096229187072,4675.7219303557395,12000.392317031019,7952.051874584663,4048.340442446356,0.07764466846364208
46865,0.13939583435357492,4708.735660729914,12031.552301122418,7981.199246537323,4050.3530545850945,0.07766139240127709
46870,0.13941070641527914,4753.612121856928,12063.541131131655,8008.809772335596,4054.731358796059,0.07767195586233104
46875,0.13942557847698334,4809.423346915819,12096.448009812737,8034.914844272881,4061.533165539856,0.07767645045352647
46880,0.13944045053868756,4875.172923773872,12130.271528876261,8059.565828887575,4070.7056999886863,0.07767502532818887
46885,0.13945532260039176,4949.859928157275,12164.921135267634,8082.832164920451,4082.088970347183,0.07766787775959463
46890,0.13947019466209598,5032.527953195759,12200.224673473977,8104.800858416695,4095.423815057282,0.07767851073368509
46895,0.13948506672380018,5122.297295799908,12235.941039272753,8125.577274596723,4110.36376467603,0.07768689565110229
46900,0.1394999387855044,5218.380215838817,12271.77658589087,8145.286818841733,4126.489767049136,0.07769063466156503
46905,0.1395148108472086,5320.080488557633,12307.403741670081,8164.076884104179,4143.326857565902,0.07768998351399736
46910,0.13952968290891282,5426.779260361423,12342.480338721753,8182.11833600443,4160.362002717323,0.0776851910561771
46915,0.13954455497061705,5537.909654733636,12376.668379287663,8199.60580904111,4177.062570246553,0.07767649009970563
46920,0.13955942703232124,5652.92285055697,12409.651308321345,8216.756187007984,4192.8951213133605,0.07768495795549082
46925,0.13957429909402547,5771.248614763671,12441.149225813822,8233.804822617483,4207.344403196339,0.07769658300172097
46930,0.13958917115572966,5892.253573183634,12470.931773045819,8250.999297324062,4219.932475721756,0.07770499790123768
46935,0.1396040432174339,6015.200818534231,12498.82860169035,8268.59080983714,4230.237791853209,0.07771029966128565
46940,0.13961891527913808,6139.21469338249,12524.737363798671,8286.823581600585,4237.913782198086,0.07771255638403614
46945,0.1396337873408423,6263.254632064751,12548.629070899055,8305.922942903726,4242.706127995329,0.07771957629364076
46950,0.1396486594025465,6386.101687242044,12570.550526750792,8326.082973040688,4244.467553710105,0.07775232444893247
46955,0.13966353146425073,6506.360719629433,12590.623424170219,8347.454673612929,4243.16875055729,0.07778257018010915
46960,0.13967840352595493,6622.480160615824,12609.039688007573,8370.135630314926,4238.904057692647,0.07781025651803082
46965,0.13969327558765915,6732.78980531566,12626.052789219832,8394.161964006978,4231.890825212853,0.07783530859624258
46970,0.13970814764936337,6835.555381096836,12641.965049717093,8419.503115126967,4222.4619345901265,0.07785763232499192
46975,0.13972301971106757,6929.046862186598,12657.111360563755,8446.059703342064,4211.051657221691,0.07788978297362986
46980,0.1397378917727718,7011.615904488176,12671.840172671562,8473.664429187545,4198.1757434840165,0.07792865728109268
46985,0.139752763834476,7081.776585252472,12686.493005494069,8502.085803631904,4184.407201862165,0.07796416392572085
46990,0.13976763589618021,7138.283020484116,12701.383983057678,8531.034444208653,4170.349538849025,0.07799612165347503
46995,0.1397825079578844,7180.1974805580085,12716.781001614632,8560.171756141532,4156.609245473101,0.07802434598095155
47000,0.13979738001958864,7206.943317073284,12732.890043608682,8589.120968630137,4143.769074978545,0.07804865466193255
47005,0.13981225208129283,7218.338252861287,12749.843890732565,8617.480630657294,4132.363260075272,0.07808027858885663
47010,0.13982712414299706,7214.605211865275,12767.696088084993,8644.840692397858,4122.855395687135,0.07811761551713266
47015,0.13984199620470125,7196.3596854031675,12786.420519962167,8670.801141745093,4115.619378217074,0.07815022314687245
47020,0.13985686826640548,7164.574458470539,12805.916432842503,8694.992820294545,4110.923612547958,0.07817799108717326
47025,0.1398717403281097,7120.524201683009,12826.01824385798,8717.09956299478,4108.9186808632,0.07820084715572485
47030,0.1398866123898139,7065.713872547292,12846.509062220715,8736.880294424063,4109.628767796652,0.07821876325773122
47035,0.13990148445151812,7001.796016453808,12867.136575029326,8754.189296836654,4112.9472781926725,0.07823567561508359
47040,0.13991635651322232,6930.482892181849,12887.62983762177,8768.992651446822,4118.637186174947,0.07826385849100533
47045,0.13993122857492654,6853.459840723629,12907.715567987276,8781.37891501888,4126.336652968395,0.07828675166362926
47050,0.13994610063663074,6772.306411190289,12927.132754871489,8791.56244451603,4135.570310355459,0.07830452143784945
47055,0.13996097269833496,6688.431370600692,12945.644708142017,8799.878386350614,4145.766321791403,0.07831739116522388
47060,0.13997584476003916,6603.02677992488,12963.048052083454,8806.769124687997,4156.278927395457,0.07832563787282779
47065,0.13999071682174338,6517.044792738846,12979.178529143692,8812.762830799471,4166.415698344221,0.078329586963521
47070,0.14000558888344758,6431.198786825528,12993.913793612008,8818.4455592197,4175.468234392309,0.07833449997876725
47075,0.1400204609451518,6345.988035637827,13007.173599811373,8824.4289895384,4182.744610272972,0.07834764124900676
47080,0.14003533300685603,6261.74262285859,13018.917917510696,8831.316328030895,4187.601589479802,0.07835689766480795
47085,0.14005020506856022,6178.683024405538,13029.143548372773,8839.669005597825,4189.474542774948,0.07836274485903999
47090,0.14006507713026445,6096.987072238949,13037.879794432805,8849.976623579396,4187.903170853409,0.07836567137617037
47095,0.14007994919196864,6016.856167332038,13045.183668822763,8862.632139651661,4182.551529171102,0.07836616703868805
47100,0.14009482125367287,5938.572794949458,13051.135059819273,8877.913630667961,4173.221429151312,0.0783647116738593
47105,0.14010969331537707,5862.54260569221,13055.83217006522,8895.973230742431,4159.8589393227885,0.07836176469882417
47110,0.1401245653770813,5789.316368019356,13059.387451294477,8916.833147218913,4142.554304075564,0.07835775599934836
47115,0.14013943743878549,5719.589643010651,13061.924135403113,8940.38811526323,4121.5360201398835,0.07835992412121087
47120,0.1401543095004897,5654.180698668837,13063.573324641677,8966.413332584014,4097.159992057663,0.07836617121270695
47125,0.1401691815621939,5593.98962176276,13064.47145865893,8994.576829231384,4069.8946294275465,0.07837194483055909
47130,0.14018405362389813,5539.943542774309,13064.757849040914,9024.455326243518,4040.302522797396,0.07837759289984253
47135,0.14019892568560235,5492.934210397229,13064.571895725618,9055.552835163044,4009.019060562574,0.07838341397154165
47140,0.14021379774730655,5453.754769688253,13064.049604291149,9087.321452567267,3976.7281517238825,0.07838965660623247
47145,0.14022866980901078,5423.042506968929,13063.319124196296,9119.183931922118,3944.135192274178,0.07839836172369047
47150,0.14024354187071497,5401.233561728168,13062.495218537919,9150.55762584608,3911.9375926918383,0.07842591883714896
47155,0.1402584139324192,5388.534244143025,13061.672824901123,9180.879279064018,3880.793545837105,0.0784550454203567
47160,0.1402732859941234,5384.91174641214,13060.920126592904,9209.629940701136,3851.2901858917685,0.07848565245729484
47165,0.14028815805582762,5390.104849439958,13060.271771287342,9236.359000235481,3823.9127710518605,0.07851758968473566
47170,0.1403030301175318,5403.652908060884,13059.723006266551,9260.706094458374,3799.0169118081776,0.0785506477197165
47175,0.14031790217923604,5424.939210239463,13059.225521145661,9282.419450820116,3776.806070325545,0.07858456183102791
47180,0.14033277424094023,5453.2430603601515,13058.685697884821,9301.369192536256,3757.3165053485645,0.07861901799174607
47185,0.14034764630264446,5487.793951899304,13057.96578053753,9317.554285557833,3740.4114949796967,0.07865366153250196
47190,0.14036251836434868,5527.821217792859,13056.888221824302,9331.102178317342,3725.7860435069597,0.07868868308056935
47195,0.14037739042605288,5572.593659868431,13055.243172615978,9342.260748146686,3712.982424469292,0.07872974419569473
47200,0.1403922624877571,5621.445707221806,13052.798785266155,9351.382851210072,3701.4159340560836,0.07877084309898343
47205,0.1404071345494613,5673.789240216202,13049.313731177348,9358.904469520392,3690.409261656956,0.07881164286413384
47210,0.14042200661116552,5729.112778827797,13044.551112904335,9365.318045594948,3679.2330673093875,0.0788518118809901
47215,0.14043687867286972,5786.971688575333,13038.292803874381,9371.143003088047,3667.149800786334,0.07889103268759137
47220,0.14045175073457394,5846.973969453157,13030.35319176952,9376.895626040237,3653.4575657292826,0.07892900748882789
47225,0.14046662279627814,5908.765907266118,13020.591343475053,9383.06041560907,3637.5309278659824,0.07896546001159488
47230,0.14048149485798236,5972.020553146727,13008.92074682739,9390.064803171588,3618.8559436558025,0.07900013388958453
47235,0.14049636691968656,6036.430101178972,12995.3159998912,9398.258728670657,3597.057271220543,0.07903278825718957
47240,0.14051123898139078,6101.701339011234,12979.816082236102,9407.900143950774,3571.9159382853286,0.07907123086211902
47245,0.140526111043095,6167.5520005084645,12962.524117795847,9419.147009452934,3543.377108342913,0.07911530254135951
47250,0.1405409831047992,6233.705408744229,12943.60378914404,9432.055845464369,3511.5479436796704,0.07915772953897467
47255,0.14055585516650343,6299.881335556551,12923.272761225977,9446.58640222185,3476.6863590041266,0.07919821459168969
47260,0.14057072722820763,6365.782308012765,12901.793605562541,9462.61156093664,3439.1820446259007,0.07923643806009047
47265,0.14058559928991185,6431.076245083373,12879.462785624259,9479.931213080326,3399.5315725439323,0.07927205861729585
47270,0.14060047135161605,6495.3778191285555,12856.598283853118,9498.288630663299,3358.309653189819,0.07930471623540016
47275,0.14061534341332027,6558.231886111829,12833.526439393221,9517.387765042164,3316.1386743510575,0.07935340062963056
47280,0.14063021547502447,6619.102479139753,12810.568540678645,9536.910001784723,3273.658538893922,0.07940025315733854
47285,0.1406450875367287,6677.370212294179,12788.027690264162,9556.52913436163,3231.4985559025317,0.07944371655135092
47290,0.1406599595984329,6732.339711957854,12766.176434604402,9575.923660656437,3190.2527739479647,0.07948333018271918
47295,0.1406748316601371,6783.2572262472595,12745.245625781854,9594.785905465102,3150.4597203167523,0.07951864759365974
47300,0.14068970372184134,6829.337212080662,12725.414948256397,9612.827882474152,3112.587065782245,0.07955240036045629
47305,0.14070457578354553,6869.795709806486,12706.805494353857,9629.784190377895,3077.021303975962,0.07960194435150157
47310,0.14071944784524976,6903.887771117275,12689.474703314118,9645.412557576994,3044.0621457371235,0.07964655959426707
47315,0.14073431990695395,6930.946044294436,12673.413891142192,9659.492883042167,3013.9210081000256,0.0796858413784883
47320,0.14074919196865818,6950.417707878908,12658.54849735637,9671.825748653204,2986.722748703167,0.07971942203757611
47325,0.14076406403036237,6961.897160119848,12644.741067079865,9682.231388064589,2962.5096790152766,0.07974696979875363
47330,0.1407789360920666,6965.1521631525575,12631.796878967234,9690.549983831683,2941.2468951355513,0.07978443765997234
47335,0.1407938081537708,6960.14151385811,12619.472025045627,9696.643931739938,2922.8280933056885,0.07982685123652616
47340,0.14080868021547502,6947.022791087145,12607.483649416343,9700.402374094,2907.0812753223436,0.07986288159888387
47345,0.14082355227717924,6926.149309294609,12595.521960247344,9701.747891344585,2893.7740689027596,0.07989222575101608
47350,0.14083842433888344,6898.056054633973,12583.263546428703,9700.644799486325,2882.6187469423785,0.07991459603115171
47355,0.14085329640058766,6863.435039584152,12570.385461579763,9697.10808953936,2873.277372040402,0.07993781077577833
47360,0.14086816846229186,6823.101150654076,12556.57948986674,9691.211733274573,2865.367756592166,0.07997729979575044
47365,0.14088304052399608,6777.950172274637,12541.565985806981,9683.094929405848,2858.471056401133,0.0800094535293108
47370,0.14089791258570028,6728.9112541858885,12525.10668709347,9672.964920062825,2852.1417670306455,0.08003391635635543
47375,0.1409127846474045,6676.89664472533,12507.015935633526,9661.09527952013,2845.920656113396,0.08005035162515012
47380,0.1409276567091087,6622.752005845792,12487.16980497674,9647.819039331582,2839.3507656451584,0.08006233336287853
47385,0.14094252877081292,6567.2109954952875,12465.51271796632,9633.516605841158,2831.9961121251617,0.08009824512384182
47390,0.14095740083251712,6510.857965382295,12442.061241712052,9618.599064338203,2823.462177373849,0.08012555346514336
47395,0.14097227289422135,6454.102481025628,12416.904862606214,9603.488057442106,2813.416805164108,0.0801439026510994
47400,0.14098714495592557,6397.16883120923,12390.20366649379,9588.59388800293,2801.6097784908598,0.08015299913639579
47405,0.14100201701762977,6340.102684774953,12362.18297275364,9574.293760218436,2787.889212535205,0.08015507149121077
47410,0.141016889079334,6282.795567336945,12333.125091009031,9560.91209386119,2772.2129971478407,0.08018589886786087
47415,0.1410317611410382,6225.025963502894,12303.358482093749,9548.704615017465,2754.653867076284,0.08020697704374295
47420,0.1410466332027424,6166.513815641343,12273.244709848423,9537.847469418512,2735.397240429911,0.08021807217213055
47425,0.1410615052644466,6106.98329304278,12243.163668448318,9528.431987041278,2714.73168140704,0.0802190172120395
47430,0.14107637732615083,6046.22727775947,12213.497662780046,9520.465047893202,2693.0326148868444,0.08021347764093235
47435,0.14109124938785503,5984.166329604965,12184.615005490725,9513.874375062827,2670.7406304278975,0.08023631845913626
47440,0.14110612144955925,5920.895104425297,12156.853866534831,9508.517621690216,2648.336244844615,0.08025105367034618
47445,0.14112099351126345,5856.710306618308,12130.507155445279,9504.193898688289,2626.31325675699,0.08027855123695547
47450,0.14113586557296767,5792.116122482703,12105.809215347275,9500.656430208008,2605.1527851392675,0.0803000150313872
47455,0.1411507376346719,5727.805473615592,12082.92504503371,9497.625284162197,2585.2997608715123,0.08031211225457711
47460,0.1411656096963761,5664.618070606239,12061.942634655044,9494.799518605467,2567.1431160495777,0.08031441176176805
47465,0.14118048175808032,5603.478851524359,12042.868809290958,9491.868503098794,2551.0003061921634,0.08032026617307146
47470,0.1411953538197845,5545.322691009924,12025.628745505348,9488.522516114195,2537.1062293911527,0.08034519196536112
47475,0.14121022588148874,5491.013028727194,12010.069091818115,9484.46291318448,2525.606178633636,0.08035917883843222
47480,0.14122509794319293,5441.263092449002,11995.964419865319,9479.412173993098,2516.5522458722207,0.08036171269367046
47485,0.14123997000489716,5396.568524841524,11983.026586469585,9473.123979580874,2509.9026068887106,0.08035235440690185
47490,0.14125484206660135,5357.159366467508,11970.916510487898,9465.393189244047,2505.5233212438507,0.08033746418820682
47495,0.14126971412830558,5322.977493483353,11959.257856542377,9456.065253471801,2503.1926030705763,0.08035107681112581
47500,0.14128458619000978,5293.68288129721,11947.652148275833,9445.044301702788,2502.6078465730443,0.0803519359338196
47505,0.141299458251714,5268.688751943778,11935.694874832765,9432.298966339313,2503.395908493452,0.0803397647809459
47510,0.14131433031341822,5247.222203121012,11922.9921738079,9417.865009913701,2505.127163894198,0.08031440338006801
47515,0.14132920237512242,5228.4038376980525,11909.177650205114,9401.8440334662,2507.333616738915,0.0803603251990165
47520,0.14134407443682664,5211.337710141188,11893.928819928871,9384.397935411738,2509.530884517133,0.08047233647097422
47525,0.14135894649853084,5195.20191730758,11876.982563973988,9365.739290884712,2511.243273089276,0.08057730096725041
47530,0.14137381856023506,5179.3304704587235,11858.148877894737,9346.118334404553,2512.030543490184,0.0806948330558894
47535,0.14138869062193926,5163.278515874064,11837.322139042662,9325.80765572764,2511.5144833150225,0.08080797396065803
47540,0.14140356268364349,5146.865154183091,11814.48912439748,9305.085987404998,2509.4031369924814,0.08091539245611999
47545,0.14141843474534768,5130.190608114631,11789.733111373369,9284.222541634996,2505.5105697383733,0.08101748841945965
47550,0.1414333068070519,5113.626926932193,11763.233578274836,9263.463254653248,2499.7703236215875,0.08111463091909267
47555,0.1414481788687561,5097.783552952011,11735.261267133186,9243.020059663972,2492.2412074692147,0.08121741416402062
47560,0.14146305093046033,5083.45082300784,11706.168646850112,9223.063984374909,2483.1046624752034,0.08132664144567295
47565,0.14147792299216455,5071.525860042371,11676.376088077517,9203.722499177997,2472.6535888995204,0.08143144754574935
47570,0.14149279505386875,5062.926398324122,11646.354312759113,9185.081154251837,2461.273158507276,0.08153192383095112
47575,0.14150766711557297,5058.498935439027,11616.603903182015,9167.189153883044,2449.4147492989705,0.08165332918328118
47580,0.14152253917727717,5058.928215354317,11587.632848427189,9150.068138179971,2437.5647102472176,0.08178333267885508
47585,0.1415374112389814,5064.655354616841,11559.93326980477,9133.72309923374,2426.2101705710284,0.08190868416966512
47590,0.1415522833006856,5075.811812989065,11533.958591533805,9118.154086762479,2415.804504771326,0.08202935260764092
47595,0.1415671553623898,5092.175747343655,11510.102486103357,9103.367201868165,2406.735284235192,0.08214530646386273
47600,0.141582027424094,5113.15596382695,11488.680895124551,9089.383378096722,2399.2975170278296,0.08226455221804295
47605,0.14159689948579823,5137.806657497954,11469.918278463978,9076.2436320001,2393.674646463878,0.0823924871387429
47610,0.14161177154750243,5164.873470114961,11453.93896553571,9064.009830821762,2389.929134713948,0.08251550031519789
47615,0.14162664360920665,5192.868310927766,11440.7640870185,9052.760544353107,2388.003542665394,0.08263359541182813
47620,0.14164151567091088,5220.1672098096205,11430.314095121083,9042.582167067056,2387.731928054027,0.08274677432128857
47625,0.14165638773261507,5245.122635746202,11422.41639918008,9033.556141394498,2388.860257785582,0.08285503202302649
47630,0.1416712597943193,5266.1796584603535,11416.817221779322,9025.743698549722,2391.0735232295992,0.08297681604339724
47635,0.1416861318560235,5281.984416829052,11413.196481171939,9019.169973851116,2394.026507320823,0.08309649854190279
47640,0.14170100391772772,5291.4737833067375,11411.1843691846,9013.809575183292,2397.374794001309,0.08321117498691824
47645,0.14171587597943192,5293.936874943247,11410.378331413905,9009.575637641927,2400.8026937719787,0.0833309109931104
47650,0.14173074804113614,5289.041963916946,11410.359350209616,9006.314073837828,2404.0452763717876,0.08347515017240449
47655,0.14174562010284034,5276.826043046175,11410.706738873812,9003.804161541257,2406.9025773325557,0.08361423358716806
47660,0.14176049216454456,5257.648374988487,11411.011021008577,9001.765874227207,2409.24514678137,0.08374808525894085
47665,0.14177536422624876,5232.113329864474,11410.884830981324,8999.873561691988,2411.0112692893363,0.08387663230421918
47670,0.14179023628795298,5200.971233076856,11409.972073763605,8997.774843538858,2412.197230224747,0.08400954612042083
47675,0.1418051083496572,5165.008395097431,11407.955781075469,8995.112991748136,2412.842789327333,0.08415138550732587
47680,0.1418199804113614,5124.938677840187,11404.565169655052,8991.550721938322,2413.0144477167305,0.08428789517258296
47685,0.14183485247306563,5081.308724075668,11399.58234126765,8986.79321614219,2412.7891251254587,0.08441907378952336
47690,0.14184972453476982,5034.4273722484595,11392.848878774612,8980.60835067133,2412.2405281032825,0.08454495878217735
47695,0.14186459659647405,4984.32700126569,11384.27232348145,8972.842456152215,2411.429867329234,0.08468194187993226
47700,0.14187946865817824,4930.76092926779,11373.832215583296,8963.43043016152,2410.4017854217764,0.0848217931578104
47705,0.14189434071988247,4873.236940768444,11361.585098262649,8952.399589636716,2409.185508625933,0.08495660838663859
47710,0.14190921278158666,4811.082995112272,11347.667681571544,8939.867230368967,2407.8004512025764,0.08510566619555565
47715,0.1419240848432909,4743.5376383142275,11332.297278975944,8926.03240511058,2406.2648738653643,0.085271531361593
47720,0.14193895690499508,4669.8550206209475,11315.768693906668,8911.162899975607,2404.6057939310613,0.08543272930665444
47725,0.1419538289666993,4589.413028916702,11298.446949409848,8895.578746151485,2402.868203258364,0.08558941368367431
47730,0.14196870102840353,4501.8130214386865,11280.755599595803,8879.633818396333,2401.12178119947,0.08575077700360753
47735,0.14198357309010773,4406.960937256809,11263.160791843862,8863.697116074327,2399.4636757695353,0.08592297637459295
47740,0.14199844515181195,4305.121878490015,11246.151701697467,8848.135181528718,2398.0165201687487,0.08609071895368275
47745,0.14201331721351615,4196.943227007242,11230.21836945247,8833.296793176072,2396.921576276398,0.08625404677728642
47750,0.14202818927522037,4083.4445197343293,11215.828268048723,8819.500619163728,2396.327648884995,0.08641296205882174
47755,0.14204306133692457,3965.9752911361456,11203.40308610523,8807.02600924201,2396.3770768632203,0.08658157226659449
47760,0.1420579333986288,3846.1446510312644,11193.297207101536,8796.106638433317,2397.1905686682185,0.08675377722448865
47765,0.142072805460333,3725.728397685235,11185.779224067091,8786.92639511201,2398.8528289550813,0.08692094850171342
47770,0.14208767752203721,3606.560974606372,11181.017587296106,8779.616794200767,2401.4007930953394,0.0871183718575119
47775,0.1421025495837414,3490.420610072001,11179.071186014924,8774.255300961142,2404.815885053782,0.08731263572635757
47780,0.14211742164544564,3378.9165497895347,11179.885352924572,8770.86421524702,2409.0211376775515,0.08750108832997973
47785,0.14213229370714986,3273.3873602547537,11183.293478595408,8769.410085679072,2413.8833929163357,0.08768343834647181
47790,0.14214716576885406,3174.818741437286,11189.024142395427,8769.80388254699,2419.2202598484364,0.08787136623946994
47795,0.14216203783055828,3083.7880362120222,11196.713410627419,8771.902272131025,2424.811138496394,0.0880621504778344
47800,0.14217690989226248,3000.4406188640087,11205.921721617227,8775.510276888797,2430.41144472843,0.0882456908509085
47805,0.1421917819539667,2924.500666568183,11216.154574651144,8780.385413093933,2435.769161557211,0.0884216334360321
47810,0.1422066540156709,2855.3156853094742,11226.886070950985,8786.243152718182,2440.642918232803,0.08859414078648675
47815,0.14222152607737512,2791.930903256545,11237.584226404952,8792.763354825289,2444.8208715796627,0.08877499678873085
47820,0.14223639813907932,2733.1866381233103,11247.736890720022,8799.597227024526,2448.139663695496,0.08895954147385376
47825,0.14225127020078354,2677.8293567648616,11256.877065138953,8806.374439741556,2450.5026253973974,0.08915828264471957
47830,0.14226614226248774,2624.625683151394,11264.606407488563,8812.710206493024,2451.8962009955394,0.08934795782422951
47835,0.14228101432419196,2572.4682961179305,11270.615747000726,8818.212405296295,2452.40334170443,0.08952831108827836
47840,0.1422958863858962,2520.463598462464,11274.701504622151,8822.489074719628,2452.2124299025236,0.08970482525759226
47845,0.14231075844760038,2467.993194456053,11276.777035754865,8825.156799976976,2451.6202357778893,0.0898867399255565
47850,0.1423256305093046,2414.7443627747107,11276.87809369273,8825.85055533437,2451.027538358361,0.09005873305040514
47855,0.1423405025710088,2360.7084447753914,11275.161864618634,8824.23546115333,2450.9264034653042,0.09022064957237447
47860,0.14235537463271303,2306.1498277332494,11271.899353309373,8820.020648949014,2451.878704360359,0.09037735176721987
47865,0.14237024669441722,2251.551394572838,11267.461295234527,8812.9750357867,2454.4862594478273,0.09054905358656244
47870,0.14238511875612145,2197.5444474347078,11262.29821384816,8802.944343835448,2459.353870012712,0.09073059824444032
47875,0.14239999081782564,2144.831937274873,11256.915695757169,8789.868232863782,2467.047462893386,0.09090167635917695
47880,0.14241486287952987,2094.1133850549622,11251.846374659835,8773.79602089617,2478.050353763665,0.09106212435323337
47885,0.14242973494123407,2046.018459150774,11247.62044565303,8754.89922399188,2492.7212216611497,0.09122241380245977
47890,0.1424446070029383,2001.0542209814166,11244.736724735367,8733.479105081753,2511.257619653614,0.09137895720190076
47895,0.1424594790646425,1959.5690079483875,11243.636283918257,8709.967611056982,2533.668672861275,0.09152436555702124
47900,0.1424743511263467,1921.734111691877,11244.680508621734,8684.920491534784,2559.76001708695,0.09165851605634812
47905,0.14248922318805093,1887.5429752699065,11248.135044839943,8659.001995600089,2589.133049239854,0.09179367620701046
47910,0.14250409524975513,1856.826558102508,11254.160562560995,8632.961272648397,2621.199289912598,0.09192793079692907
47915,0.14251896731145935,1829.2826863633172,11262.810620941396,8607.601381436627,2655.2092395047694,0.09206586385525367
47920,0.14253383937316355,1804.5164846268844,11274.036261818566,8583.742549969289,2690.2937118492773,0.09219228191553128
47925,0.14254871143486778,1782.0882869124698,11287.696369283549,8562.181940445089,2725.51442883846,0.09231615023741876
47930,0.14256358349657197,1761.5647521681876,11303.57239136498,8543.652580851845,2759.9198105131345,0.0924319840651961
47935,0.1425784555582762,1742.5683504029812,11321.385775978182,8528.78427212872,2792.6015038494625,0.09253596978339504
47940,0.1425933276199804,1724.820095688572,11340.816441955541,8518.069144393676,2822.7472975618657,0.09263539472703972
47945,0.14260819968168462,1708.170557226843,11361.520765752788,8511.834135652096,2849.686630100692,0.09272636270888297
47950,0.14262307174338884,1692.6149250250292,11383.147866109182,8510.22206074027,2872.925805368912,0.09280532605029328
47955,0.14263794380509304,1678.2893037439571,11405.353349598692,8513.1822172879,2892.171132310792,0.09287228946801701
47960,0.14265281586679726,1665.447392712028,11427.810078279503,8520.470742034726,2907.339336244777,0.09293441681946818
47965,0.14266768792850146,1654.4190759145386,11450.21588774159,8531.660278455203,2918.5556092863862,0.09298669491935908
47970,0.14268255999020568,1645.5548667083658,11472.298488682805,8546.158010262836,2926.1404784199694,0.09302709736094954
47975,0.14269743205190988,1639.1622424132065,11493.818012698077,8563.230781814542,2930.587230883535,0.09306537184292615
47980,0.1427123041136141,1635.4413003392765,11514.567809447784,8582.035855030806,2932.531954416978,0.09309826741239988
47985,0.1427271761753183,1634.4276083096674,11534.374169606042,8601.655806316923,2932.718363289119,0.09311999799079815
47990,0.14274204823702252,1635.9495000391544,11553.095640077641,8621.13609841369,2931.9595416639513,0.09313068886122183
47995,0.14275692029872672,1639.6054361024962,11570.62252085774,8639.523927872677,2931.098592985063,0.09313155122019752
48000,0.14277179236043094,1644.7646235622015,11586.87699544089,8655.90701998306,2930.9699754578305,0.09312313231326581
48005,0.14278666442213517,1650.591192621593,11601.814162014092,8669.451107279967,2932.3630547341254,0.09310417249849398
48010,0.14280153648383936,1656.0892801294995,11615.424018377844,8679.434886237037,2935.9891321408068,0.09307485701179463
48015,0.1428164085455436,1660.16380574708,11627.73423043842,8685.281305933615,2942.452924504805,0.09303537833452045
48020,0.14283128060724778,1661.689937614542,11638.813304634205,8686.58410833396,2952.2291963002444,0.09298593424326783
48025,0.142846152668952,1659.5834909954983,11648.773610932027,8683.128614410232,2965.6449965217944,0.09292672681654157
48030,0.1428610247306562,1652.8648579866103,11657.773585988494,8674.905834674859,2982.8677513136354,0.09285796242157947
48035,0.14287589679236043,1640.7103980262937,11666.01840379046,8662.119081821884,3003.8993219685763,0.09277985254392103
48040,0.14289076885406463,1622.48723346306,11673.758446954198,8645.18239166931,3028.576055284888,0.09269261514356168
48045,0.14290564091576885,1597.7697117558137,11681.28505125159,8624.710240489094,3056.574810762497,0.09259647606064154
48050,0.14292051297747305,1566.338035997328,11688.923222668258,8601.498309544655,3087.424913123603,0.09249166989485498
48055,0.14293538503917727,1528.161420637016,11697.02132011988,8576.495410245243,3120.5259098746374,0.09237843978596635
48060,0.1429502571008815,1483.3694083426362,11705.938023949308,8550.767144555259,3155.170879394049,0.09225703564873762
48065,0.1429651291625857,1432.2156272493667,11716.027227200631,8525.452407014203,3190.574820186428,0.09212771065517976
48070,0.14298000122428992,1375.038336376916,11727.621748738355,8501.71438398427,3225.9073647540845,0.09199071606947062
48075,0.1429948732859941,1312.2217476424157,11741.016938027076,8480.688205652294,3260.3287323747827,0.09184629486145814
48080,0.14300974534769834,1244.1615055924067,11756.455300551226,8463.427791051197,3293.027509500029,0.0916946747816061
48085,0.14302461740940253,1171.2370090505028,11774.113220638283,8450.854645383553,3323.2585752547293,0.09153606171421313
48090,0.14303948947110676,1093.7925641589718,11794.090713754815,8443.71139452238,3350.3793192324356,0.09137063410607069
48095,0.14305436153281095,1012.1286776802244,11816.404933975919,8442.522669587175,3373.8822643887434,0.09119853910074584
48100,0.14306923359451518,926.504079068849,11840.987926976431,8447.565599004256,3393.4223279721755,0.09101989073508267
48105,0.14308410565621937,837.1482230826841,11867.68888002281,8458.851653139967,3408.8372268828425,0.09083477023779267
48110,0.1430989777179236,744.283021475756,11896.280890291198,8476.120953262527,3420.1599370286713,0.09064322817910818
48115,0.14311384977962782,648.1514048388653,11926.472050759798,8498.849447528404,3427.6226032313934,0.09044528801256486
48120,0.14312872184133202,549.0491435468412,11957.920430613647,8526.268627405007,3431.6518032086406,0.09024095045753966
48125,0.14314359390303624,447.35537619477145,11990.252297023539,8557.396770641733,3432.8555263818052,0.09003019819715473
48130,0.14315846596474044,343.5567782328362,12023.082689155543,8591.080111238018,3432.002577917525,0.08981300048693173
48135,0.14317333802644466,238.26051433852444,12056.037229244945,8626.041896321398,3429.995332923547,0.08958931744431926
48140,0.14318821008814886,132.1922116672322,12088.773869002807,8660.937009997628,3427.8368590051796,0.08935910397158102
48145,0.14320308214985308,26.177135362440822,12121.003159632894,8694.40970970538,3426.5934499275136,0.08912231341370451
48150,0.14321795421155728,-78.8947147715171,12152.505635000498,8725.151993228148,3427.35364177235,0.08887890114098965
48155,0.1432328262732615,-182.11618769667803,12183.145032012557,8751.960150715506,3431.184881297051,0.08862882826091038
48160,0.1432476983349657,-282.61756065876943,12212.876341284795,8773.78712606814,3439.0892152166543,0.08837206560898575
48165,0.14326257039666992,-379.62102131217216,12241.748062570587,8789.788412840382,3451.9596497302045,0.08810859805910048
48170,0.14327744245837415,-472.4877190090956,12269.898490952895,8799.359365915758,3470.5391250371376,0.08783842905288725
48175,0.14329231452007835,-560.7510195711911,12297.546327542459,8802.162062107756,3495.3842654347027,0.08756158510160125
48180,0.14330718658178257,-644.1315677282437,12324.976337568358,8798.140227715465,3526.836109852893,0.08727811988862925
48185,0.14332205864348677,-722.5323607796181,12352.521124074221,8787.521283569464,3564.9998405047572,0.08698811751956674
48190,0.143336930705191,-796.0148269388028,12380.540318095083,8770.80521922392,3609.735098871164,0.08669169444786601
48195,0.1433518027668952,-864.7594631127868,12409.398596013752,8748.740745571276,3660.657850442476,0.08638899965777176
48200,0.1433666748285994,-929.0165699466215,12439.443928032104,8722.289915837095,3717.1540121950093,0.0860802128124579
48205,0.1433815468903036,-989.0537716779527,12470.987355810425,8692.583071652361,3778.404284158063,0.08576554026160793
48210,0.14339641895200783,-1045.1071804210806,12504.285415470902,8660.86650001968,3843.4189154512223,0.08544520902514452
48215,0.14341129101371203,-1097.3422484218681,12539.526088137332,8628.445539097409,3911.0805490399234,0.0851194590968349
48220,0.14342616307541625,-1145.8286901756892,12576.818896152638,8596.626033285736,3980.192862866901,0.0847885346103848
48225,0.14344103513712048,-1190.5316411371077,12616.189488139436,8566.657021244737,4049.5324668946996,0.0844526745542199
48230,0.14345590719882467,-1231.3188468968983,12657.578786745384,8539.677368601968,4117.901418143416,0.08411210379244208
48235,0.1434707792605289,-1267.9815610498517,12700.846523241527,8516.668759949061,4184.177763292466,0.08376702514210171
48240,0.1434856513222331,-1300.2653070806173,12745.778764980321,8498.417070374966,4247.361694605355,0.08341761317365087
48245,0.14350052338393732,-1327.9059089126313,12792.098864245385,8485.483667774315,4306.61519647107,0.08306401025096564
48250,0.1435153954456415,-1350.6662149424646,12839.481126084595,8478.187670862273,4361.293455222321,0.08270632512335482
48255,0.14353026750734574,-1368.3695795519325,12887.566410367568,8476.599619637886,4410.9667907296825,0.08234463414347987
48260,0.14354513956904993,-1380.92719075883,12935.978847111503,8480.54642420141,4455.432422910093,0.08197898493709119
48265,0.14356001163075416,-1388.3575022394289,12984.342847365406,8489.626872069157,4494.715975296249,0.08160940212288427
48270,0.14357488369245835,-1390.7971486408533,13032.299624254108,8503.236431762742,4529.063192491367,0.08123589450412583
48275,0.14358975575416258,-1388.5036683156668,13079.522488219169,8520.59963702662,4558.9228511925485,0.0808584630527583
48280,0.1436046278158668,-1381.8510640623572,13125.730236398978,8540.808016332383,4584.922220066595,0.0804771089943704
48285,0.143619499877571,-1371.3196832233025,13170.69801323606,8562.861379428896,4607.836633807165,0.08009184137604208
48290,0.14363437193927522,-1357.4821095858406,13214.265081099444,8585.710298404958,4628.554782694486,0.07970268364131716
48295,0.14364924400097942,-1340.9867704970911,13256.339018968492,8608.297810853133,4648.041208115359,0.07930967891890296
48300,0.14366411606268364,-1322.540826649869,13296.895984178247,8629.598689333194,4667.297294845053,0.07891289392084692
48305,0.14367898812438784,-1302.8936827885882,13335.976847781916,8648.655010885715,4687.321836896201,0.07851242150998701
48310,0.14369386018609207,-1282.822171382235,13373.679261179066,8664.607165233068,4709.072095945998,0.07810838211051632
48315,0.14370873224779626,-1263.1181310363409,13410.146027107485,8676.719809297116,4733.426217810369,0.07770092418649811
48320,0.14372360430950049,-1244.578722018925,13445.550507523463,8684.402571925786,4761.147935597677,0.07729022400187426
48325,0.14373847637120468,-1227.9993933958758,13480.080159134923,8687.225517052437,4792.854642082486,0.07687648481658492
48330,0.1437533484329089,-1214.1689653140875,13513.919584721523,8684.929485019567,4828.990099701956,0.07645993559165983
48335,0.14376822049461313,-1203.8658734773162,13547.234661670876,8677.43146517658,4869.803196494297,0.07604082919960203
48340,0.14378309255631733,-1197.8543167263106,13580.159305596213,8664.82513409463,4915.334171501583,0.07561944008835894
48345,0.14379796461802155,-1196.8789232839445,13612.78621753937,8647.376654130947,4965.409563408422,0.07554560757867587
48350,0.14381283667972575,-1201.6566521700752,13645.162553353828,8625.515796077541,5019.646757276287,0.07559823209249947
48355,0.14382770874142997,-1212.8649859095785,13677.290886389763,8599.822449620146,5077.468436769617,0.07564676117906244
48360,0.14384258080313417,-1231.126028946126,13709.135186002584,8571.008628241208,5138.126557761376,0.07569051809482355
48365,0.1438574528648384,-1256.9868511723544,13740.63090180833,8539.896163942512,5200.734737865818,0.07572882326982343
48370,0.1438723249265426,-1290.8972225463167,13771.697727037828,8507.390418775929,5264.307308261899,0.07576384935951393
48375,0.1438871969882468,-1333.186652552682,13802.253296660881,8474.450509606713,5327.802787054168,0.07581773588846992
48380,0.143902069049951,-1384.0432353124543,13832.2260069663,8442.056743402743,5390.169263563557,0.07586644488423086
48385,0.14391694111165523,-1443.4970699032492,13861.565330156121,8411.176182819385,5450.389147336737,0.07590929015857037
48390,0.14393181317335946,-1511.4108793663381,13890.248404877571,8382.727488840543,5507.520916037029,0.07594562071817115
48395,0.14394668523506365,-1587.479866588963,13918.282241912735,8357.546392112325,5560.7358498004105,0.0759788719431039
48400,0.14396155729676788,-1671.2418796433358,13945.701504346942,8336.353292994576,5609.348211352366,0.07603118039555387
48405,0.14397642935847207,-1762.0977453762825,13972.562411778115,8319.724546125637,5652.837865652478,0.07607715228548928
48410,0.1439913014201763,-1859.3403449914858,13998.933799438772,8308.068919752226,5690.8648796865455,0.07611622746168874
48415,0.1440061734818805,-1962.1898366454516,14024.886680395817,8301.610520303499,5723.276160092319,0.07614790192846682
48420,0.14402104554358472,-2069.8315463672698,14050.483785654358,8300.379147118747,5750.104638535611,0.07617630970570596
48425,0.14403591760528892,-2181.452579013303,14075.770494139942,8304.208620473537,5771.5618736664055,0.07622366215893812
48430,0.14405078966699314,-2296.2732243702612,14100.768335838444,8312.743153967713,5788.025181870731,0.07626386085273082
48435,0.14406566172869734,-2413.5697745168236,14125.471895701803,8325.45137346926,5800.020522232544,0.07631758585372103
48440,0.14408053379040156,-2532.6863949817252,14149.849510564634,8341.64717119836,5808.202339366275,0.07637281745390682
48445,0.14409540585210578,-2653.0351117729424,14173.847686548295,8360.516267861207,5813.331418687088,0.07642045484125554
48450,0.14411027791380998,-2774.0846318440927,14197.398719617302,8381.147165770424,5816.251553846878,0.07646963130993935
48455,0.1441251499755142,-2895.3403848959315,14220.430622907783,8402.565120331165,5817.865502576618,0.07652895542539995
48460,0.1441400220372184,-3016.319592159163,14242.87819001843,8423.767823143002,5819.110366875428,0.07658097548550703
48465,0.14415489409892263,-3136.5260620109657,14264.693882401723,8443.761641876008,5820.932240525715,0.07662531996748313
48470,0.14416976616062682,-3255.429572912504,14285.857236174608,8461.597446273425,5824.2597899011835,0.07666162680864375
48475,0.14418463822233105,-3372.4540485371926,14306.381637932696,8476.405204435547,5829.97643349715,0.07669540502520451
48480,0.14419951028403524,-3486.97734267787,14326.317602752299,8487.426605363635,5838.890997388664,0.07674286655936978
48485,0.14421438234573947,-3598.34357452329,14345.752068226604,8494.044924827042,5851.7071433995625,0.0767825713009488
48490,0.14422925440744366,-3705.886927609622,14364.803653038443,8495.811212255658,5868.992440782786,0.07681416997332853
48495,0.1442441264691479,-3808.963997689685,14383.614268295847,8492.465686886282,5891.148581409565,0.07683733133436602
48500,0.1442589985308521,-3906.9904254430476,14402.337865339525,8483.953071346838,5918.384793992687,0.07685174917930575
48505,0.1442738705925563,-3999.4768444262927,14421.12741046949,8470.43054790635,5950.69686256314,0.07688167971006751
48510,0.14428874265426053,-4086.0591604638194,14440.121360722795,8452.267167530294,5987.854193192501,0.07690892696170727
48515,0.14430361471596473,-4166.518810644668,14459.430955649214,8430.033907083242,6029.397048565972,0.0769279724394906
48520,0.14431848677766895,-4240.789821752492,14479.129535660295,8404.484137679843,6074.645397980452,0.07693859506132772
48525,0.14433335883937315,-4308.951049337841,14499.244864298571,8376.524971464842,6122.719892833729,0.0769406129933218
48530,0.14434823090107737,-4371.203746843316,14519.75510238513,8347.18069554687,6172.574406838261,0.07694845698198367
48535,0.14436310296278157,-4427.836378840239,14540.588701222681,8317.550170675262,6223.038530547419,0.07696610535570599
48540,0.1443779750244858,-4479.180136228328,14561.628099401241,8288.760572535602,6272.867526865639,0.07697587516131743
48545,0.14439284708619,-4525.559739278338,14582.716769852243,8261.920121902522,6320.796647949721,0.07697761847006533
48550,0.14440771914789421,-4567.244692881203,14603.668906325442,8238.072464244078,6365.596442081363,0.07697120918214324
48555,0.14442259120959844,-4604.406138049086,14624.28088095852,8218.155137033911,6406.125743924609,0.07696243620356209
48560,0.14443746327130264,-4637.083865954273,14644.34354839525,8202.964151176657,6441.379397218594,0.07697437038979545
48565,0.14445233533300686,-4665.16703580552,14663.654502250454,8193.126175521154,6470.5283267293,0.0769785760444615
48570,0.14446720739471106,-4688.390811498006,14682.029481915459,8189.079218491492,6492.950263423967,0.07698893006389695
48575,0.14448207945641528,-4706.349651044018,14699.312255022349,8191.062111033575,6508.250143988774,0.07701638954695192
48580,0.14449695151811948,-4718.526474121453,14715.382442204944,8199.112561505295,6516.269880699649,0.07704726407910506
48585,0.1445118235798237,-4724.335502490331,14730.160895126359,8213.073112310756,6517.087782815603,0.07707084064132504
48590,0.1445266956415279,-4723.175309123672,14743.612385181925,8232.604001762824,6511.008383419101,0.07708687390017793
48595,0.14454156770323212,-4714.487618681978,14755.74551374372,8257.201730865812,6498.543782877907,0.07709515348230099
48600,0.14455643976493632,-4697.816770828068,14766.609919020762,8286.222050544586,6480.387868476177,0.07710983806149813
48605,0.14457131182664054,-4672.864576228412,14776.291026171913,8318.906108762774,6457.384917409139,0.0771332012226169
48610,0.14458618388834477,-4639.5356200069555,14784.902752878215,8354.4086106654,6430.494142212816,0.07714875651326603
48615,0.14460105595004896,-4597.968903544025,14792.57872125059,8391.827023348653,6400.7516979019365,0.07715638343845613
48620,0.1446159280117532,-4548.55300181812,14799.462616412406,8430.23106868692,6369.231547725485,0.07715600268169685
48625,0.14463080007345738,-4491.923523428216,14805.698356572151,8468.691955581102,6337.006400991049,0.07714833690660917
48630,0.1446456721351616,-4428.943416653654,14811.420695482659,8506.3109683771,6305.109727105559,0.0771636806908825
48635,0.1446605441968658,-4360.668360761998,14816.746776457949,8542.247117546925,6274.499658911023,0.07717122652728274
48640,0.14467541625857003,-4288.300908488184,14821.769019417083,8575.743552170794,6246.025467246289,0.07717096308741021
48645,0.14469028832027422,-4213.138021306346,14826.549575319405,8606.15233198872,6220.397243330684,0.07716289541182295
48650,0.14470516038197845,-4136.517038799546,14831.116450396308,8632.956983223987,6198.1594671723215,0.07714704077664643
48655,0.14472003244368264,-4059.7649061041957,14835.461302840315,8655.792060209464,6179.669242630851,0.07714981681902928
48660,0.14473490450538687,-3984.15470486739,14839.538853802684,8674.458758406612,6165.080095396072,0.07720805259975037
48665,0.1447497765670911,-3910.8723381529926,14843.267829211072,8688.935527914597,6154.332301296476,0.0772748819274656
48670,0.1447646486287953,-3840.994807993583,14846.533347501609,8699.382662484177,6147.150685017432,0.077323696695964
48675,0.1447795206904995,-3775.4801062964316,14849.190674878007,8706.140008955499,6143.050665922508,0.07735382700825348
48680,0.1447943927522037,-3715.1674933163895,14851.070268287225,8709.717252071794,6141.353016215431,0.07737912074064329
48685,0.14480926481390793,-3660.7859846462643,14851.984005406923,8710.776651241762,6141.207354165161,0.07742770752137568
48690,0.14482413687561213,-3612.968269320183,14851.732456984617,8710.108591934213,6141.623865050404,0.07745768167937908
48695,0.14483900893731635,-3572.267049130972,14850.112994957617,8708.60080862628,6141.512186331338,0.0774686165020929
48700,0.14485388099902055,-3539.170896226876,14846.928461967253,8707.202583445862,6139.725878521391,0.07747009046182934
48705,0.14486875306072478,-3514.117117184169,14841.996068664033,8706.885579107613,6135.11048955642,0.07750448499375744
48710,0.14488362512242897,-3497.499713024933,14835.156146255411,8708.603194989375,6126.552951266036,0.07752045303040708
48715,0.1448984971841332,-3489.671252293121,14826.280368211937,8713.2504250713,6113.029943140638,0.07751769760970934
48720,0.14491336924583742,-3490.9382479407323,14815.279064597711,8721.626144462785,6093.652920134926,0.07750710009016042
48725,0.14492824130754162,-3501.5503806727193,14802.107278167261,8734.39956842406,6067.707709743201,0.0775335857676057
48730,0.14494311336924584,-3521.68458946768,14786.76924583694,8752.08233653031,6034.686909306631,0.07754190412307688
48735,0.14495798543095004,-3551.425613473317,14769.321029149176,8775.007306535263,5994.313722613913,0.07753176453927697
48740,0.14497285749265426,-3590.744981799967,14749.871065429592,8803.314735873477,5946.556329556115,0.07751773828994131
48745,0.14498772955435846,-3639.4806732978714,14728.578474583343,8836.946124157721,5891.632350425622,0.07754148836852683
48750,0.14500260161606268,-3697.319675604819,14705.649042677609,8875.645625251664,5830.003417425945,0.07754684409290218
48755,0.14501747367776688,-3763.7854456243385,14681.328916432762,8918.968641601921,5762.36027483084,0.07753345870895524
48760,0.1450323457394711,-3838.2318236814754,14655.896178667108,8966.29700221937,5689.5991764477385,0.07751802360182045
48765,0.1450472178011753,-3919.8443307971665,14629.650621389754,9016.859998297015,5612.790623092738,0.0775412086206628
48770,0.14506208986287952,-4007.649070948298,14602.902171666052,9069.760490344099,5533.141681321953,0.07755062624961338
48775,0.14507696192458375,-4100.528780156467,14575.958534672116,9124.00527932861,5451.953255343506,0.0775606006784956
48780,0.14509183398628794,-4197.245022915811,14549.112680825818,9178.538918910848,5370.5737619149695,0.07755474225420338
48785,0.14510670604799217,-4296.465209588991,14522.630810093817,9232.280108116778,5290.350701977039,0.0775641303557733
48790,0.14512157810969636,-4396.793013166413,14496.741377952296,9284.159727484068,5212.581650468228,0.07758952960749943
48795,0.1451364501714006,-4496.800852966148,14471.62567595499,9333.159465742678,5138.466210212313,0.0775980174667071
48800,0.14515132223310478,-4595.06329619364,14447.410344796695,9378.349841299068,5069.060503497627,0.07758915263893244
48805,0.145166194294809,-4690.190408153546,14424.162080574146,9418.926275450496,5005.23580512365,0.0775732751208132
48810,0.1451810663565132,-4780.860188797064,14401.88469356128,9454.241749041717,4947.642944519563,0.07759594829181272
48815,0.14519593841821743,-4865.849241154545,14380.518603162225,9483.834499120296,4896.6841040419295,0.07760032846905898
48820,0.14521081047992163,-4944.060737986562,14359.942802684885,9507.449214822875,4852.493587862011,0.07758616434903647
48825,0.14522568254162585,-5014.548619835214,14339.979293728406,9525.050298943232,4814.928994785174,0.07755343125705179
48830,0.14524055460333007,-5076.536811022639,14320.399956894165,9536.825996501011,4783.573960393154,0.07756078173570236
48835,0.14525542666503427,-5129.432129288685,14300.935776576527,9543.182567944526,4757.753208632001,0.07756027989447269
48840,0.1452702987267385,-5172.829552370964,14281.288260174393,9544.728199638417,4736.560060535976,0.07754069017282997
48845,0.1452851707884427,-5206.508667677845,14261.142781389286,9542.246971590397,4718.895809798889,0.07750225583015975
48850,0.14530004285014692,-5230.420541387484,14240.183438121778,9536.663889687406,4703.519548434371,0.0774836911904039
48855,0.1453149149118511,-5244.66493796406,14218.108861370056,9529.00266327081,4689.106198099245,0.0774800256241683
48860,0.14532978697355534,-5249.458772939691,14194.64826189227,9520.33848522571,4674.30977666656,0.07745735187301327
48865,0.14534465903525953,-5245.097785856813,14169.576877850923,9511.748474336657,4657.828403514266,0.07741613453119871
48870,0.14535953109696376,-5231.914505516707,14142.729909639344,9504.262614842664,4638.467294796679,0.07737278734139973
48875,0.14537440315866795,-5210.236440859673,14114.014014283677,9498.817956306551,4615.196057977126,0.07736925657433746
48880,0.14538927522037218,-5180.34887247136,14083.415492381317,9496.21853488365,4587.1969574976665,0.07742760837073422
48885,0.1454041472820764,-5142.466500868591,14051.004439976752,9497.102991671716,4553.901448305036,0.07753821047921533
48890,0.1454190193437806,-5096.717477337162,14016.934352865172,9501.921260590305,4515.013092274867,0.0776265113721876
48895,0.14543389140548482,-5043.142058320928,13981.436949908502,9510.921047323502,4470.515902585001,0.0776928567321469
48900,0.14544876346718902,-4981.706445035249,13944.812305355286,9524.14418663903,4420.668118716256,0.07777186679617665
48905,0.14546363552889324,-4912.330531280731,13907.414721295527,9541.43239878173,4365.982322513797,0.07787727763094192
48910,0.14547850759059744,-4834.926550996721,13869.635099504443,9562.441501228628,4307.193598275815,0.07796085642549411
48915,0.14549337965230166,-4749.4442442490135,13831.880855509542,9586.662788063617,4245.218067445925,0.0780230212509602
48920,0.14550825171400586,-4655.917339087039,13794.554628031026,9613.450068775082,4181.104559255944,0.07806433907174892
48925,0.14552312377571008,-4554.505983632497,13758.033151352196,9642.050752631334,4115.982398720862,0.0781394327176466
48930,0.14553799583741428,-4445.5302637711,13722.647662835308,9671.639357106491,4051.0083057288175,0.078219052067163
48935,0.1455528678991185,-4329.491016408528,13688.66710916805,9701.351889131955,3987.3152200360946,0.0782779168628585
48940,0.14556773996082273,-4207.075628597047,13656.285200816421,9730.319677243198,3925.9655235732225,0.07831662603698261
48945,0.14558261202252692,-4079.14818711144,13625.612063039189,9757.70140594482,3867.9106570943695,0.0783358929885045
48950,0.14559748408423115,-3946.724994405742,13596.670871481441,9782.712309523527,3813.958561957914,0.07839762747297137
48955,0.14561235614593535,-3810.937909399393,13569.399475170712,9804.649711536475,3764.7497636342378,0.07845402805594187
48960,0.14562722820763957,-3672.9890750153418,13543.656636777401,9822.91433707895,3720.7422996984515,0.07849072575240058
48965,0.14564210026934377,-3534.1012905546786,13519.23219499874,9837.02706277956,3682.20513221918,0.07850840448853244
48970,0.145656972331048,-3395.468559324201,13495.86020701347,9846.64098564338,3649.219221370089,0.07850783456274643
48975,0.1456718443927522,-3258.211204959398,13473.233981487712,9851.548867169067,3621.685114318645,0.07854006771722362
48980,0.1456867164544564,-3123.3394327744763,13451.021874988694,9851.686128966969,3599.335746021725,0.07857456632835937
48985,0.1457015885161606,-2991.7283544022866,13428.882795906924,9847.12963575379,3581.7531601531336,0.07859024726370027
48990,0.14571646057786483,-2864.106354506469,13406.480527809228,9838.092509723232,3568.388018085996,0.07858791195815386
48995,0.14573133263956906,-2741.057347426541,13383.496225907931,9824.915198403318,3558.5810275046133,0.07856842983574748
49000,0.14574620470127325,-2623.0360715175284,13359.638724549164,9808.052995671836,3551.5857288773277,0.07855502384335851
49005,0.14576107676297748,-2510.394238714586,13334.65258197018,9788.06022230983,3546.5923596603498,0.07856835228344959
49010,0.14577594882468167,-2403.414231176029,13308.324040361085,9765.571329515386,3542.7527108456998,0.07856390755825286
49015,0.1457908208863859,-2302.3462276770306,13280.485257231556,9741.27930245182,3539.205954779736,0.078591001768076
49020,0.1458056929480901,-2207.444231941321,13251.017242070868,9715.911900332465,3535.105341738403,0.07865238514623972
49025,0.14582056500979432,-2118.9965149772725,13219.851902120012,9690.206449765628,3529.6454523543835,0.07869480609473166
49030,0.1458354370714985,-2037.3464937021936,13186.973476168823,9664.884076789464,3522.0893993793597,0.07871890405115159
49035,0.14585030913320274,-1962.9010294804912,13152.419449013045,9640.624388666352,3511.7950603466925,0.07872539987858491
49040,0.14586518119490693,-1896.1244742080617,13116.280837522607,9618.041674709479,3498.239162813128,0.07874718037064396
49045,0.14588005325661116,-1837.5183927401913,13078.70156970181,9597.663672742694,3481.0378969591166,0.07878623906131903
49050,0.14589492531831538,-1787.5885728371904,13039.876578412894,9579.913842115388,3459.962736297506,0.07880602769392517
49055,0.14590979738001958,-1746.8024919568606,13000.048221549388,9565.097903607768,3434.9503179416206,0.07880728245923856
49060,0.1459246694417238,-1715.5416436432579,12959.50072022676,9553.39516698877,3406.1055532379905,0.07879082208393205
49065,0.145939541503428,-1694.0538742410881,12918.55245858763,9544.854890059849,3373.697568527781,0.07875752809694285
49070,0.14595441356513222,-1682.411046485634,12877.546185082816,9539.397623686566,3338.1485613962504,0.07874665713856295
49075,0.14596928562683642,-1680.476903290063,12836.837364551233,9536.821221942919,3300.016142608314,0.07873749791356645
49080,0.14598415768854064,-1687.8889904071866,12796.781124996873,9536.81096083479,3259.970164162083,0.07870978301038802
49085,0.14599902975024484,-1704.057003003879,12757.718401488888,9538.953036224082,3218.765365264806,0.07866463429494899
49090,0.14601390181194907,-1728.1780932958445,12719.961988381474,9542.750619025092,3177.2113693563824,0.07860324306685666
49095,0.14602877387365326,-1759.2677114554435,12683.7832633568,9547.64164152917,3136.14162182763,0.07857021282541592
49100,0.14604364593535749,-1796.2026937603823,12649.400340778524,9553.01756773219,3096.3827730463345,0.07855009186480172
49105,0.1460585179970617,-1837.771828510372,12616.968349247192,9558.24254281538,3058.725806431812,0.07854125124461105
49110,0.1460733900587659,-1882.7282692680592,12586.572413773381,9562.672489351575,3023.8999244218066,0.0785428247968877
49115,0.14608826212047013,-1929.8380962001493,12558.223764522836,9565.673880579843,2992.549883942993,0.0785225610385638
49120,0.14610313418217433,-1977.9200907024424,12531.859203767055,9566.642036595253,2965.2171671718024,0.07848196074052514
49125,0.14611800624387855,-2025.8732726483622,12507.34395698533,9565.018831381958,2942.3251256033727,0.0784226673637288
49130,0.14613287830558275,-2072.690703155896,12484.47773290049,9560.309658562956,2924.1680743375346,0.07834641811484093
49135,0.14614775036728697,-2117.460143997254,12463.003641201261,9552.099391816733,2910.904249384528,0.0782549923248869
49140,0.14616262242899117,-2159.3540426236596,12442.619482915394,9540.066918372631,2902.5525645427624,0.07815016233180991
49145,0.1461774944906954,-2197.612691510666,12422.99084652909,9523.997657288184,2898.993189240906,0.07803765724472954
49150,0.1461923665523996,-2231.525106685489,12403.765412566514,9503.793338459118,2899.972074107396,0.07794957677203732
49155,0.1462072386141038,-2260.41211705395,12384.587880149424,9479.478250886938,2905.109629262486,0.07784911174680938
49160,0.14622211067580804,-2283.615403655539,12365.114964010092,9451.201199246958,2913.913764763134,0.0777815588523969
49165,0.14623698273751223,-2300.4949289127353,12345.029950746171,9419.23255323541,2925.7973975107616,0.07770748099074981
49170,0.14625185479921646,-2310.4355821906547,12324.056334240364,9383.956035255787,2940.1002989845765,0.077618109644278
49175,0.14626672686092065,-2312.8622166521673,12301.970065690217,9345.855250167,2956.1148155232167,0.07751520128574128
49180,0.14628159892262488,-2307.2608394398467,12278.609957757591,9305.495378191865,2973.1145795657267,0.07740044484798332
49185,0.14629647098432907,-2293.202763810338,12253.885787537256,9263.500874609681,2990.384912927575,0.07727542271303435
49190,0.1463113430460333,-2270.3681615573887,12227.783666948479,9220.530386023298,3007.2532809251807,0.07717066266132559
49195,0.1463262151077375,-2238.5656718681093,12200.368307710363,9177.25034504227,3023.1179626680932,0.0770738482540494
49200,0.14634108716944172,-2197.7454256679093,12171.781910952397,9134.308802401356,3037.473108551041,0.07696767559593654
49205,0.14635595923114592,-2148.003856183298,12142.23955803648,9092.310983056803,3049.9285749796763,0.07685355346075186
49210,0.14637083129285014,-2089.5797846050127,12112.021158729056,9051.797825528258,3060.223333200798,0.07673276021729732
49215,0.14638570335455436,-2022.8423111238508,12081.4602072347,9013.228422256787,3068.231784977914,0.07660642346834633
49220,0.14640057541625856,-1948.2718739090196,12050.929784940694,8976.966879458487,3073.962905482207,0.0764755049357663
49225,0.14641544747796278,-1866.4363950541792,12020.82641238742,8943.27371864788,3077.552693739539,0.07634079239478397
49230,0.14643031953966698,-1777.9647069237835,11991.552479383581,8912.301601794712,3079.250877588869,0.07620289964669955
49235,0.1464451916013712,-1683.5194828961949,11963.498066097729,8884.094916171074,3079.403149926655,0.0760723256022319
49240,0.1464600636630754,-1583.7717421258767,11937.0230104246,8858.592622052345,3078.430388372255,0.0759819521985019
49245,0.14647493572477963,-1479.3787171900694,11912.440081761859,8835.633745781013,3076.8063359808457,0.07588226754915096
49250,0.14648980778648382,-1370.9665106589528,11890.000091506558,8814.964974035604,3075.035117470954,0.0757742502056406
49255,0.14650467984818805,-1259.1185467742607,11869.879705463643,8796.24994104852,3073.6297644151236,0.07565880692514047
49260,0.14651955190989224,-1144.3703576436674,11852.172618745477,8779.079960219868,3073.0926585256093,0.07553676752404655
49265,0.14653442397159647,-1027.2107343941389,11836.884604610554,8762.986096030194,3073.8985085803597,0.07540887853029415
49270,0.1465492960333007,-908.0887344751336,11823.93275357347,8747.452569324956,3076.480184248514,0.07527579742367825
49275,0.1465641680950049,-787.425497474901,11813.148983989911,8731.931519672025,3081.217464317886,0.07513808919073085
49280,0.1465790401567091,-665.6293381568075,11804.287645833456,8715.85910859246,3088.428537240996,0.07499622647071108
49285,0.1465939122184133,-543.1122311564777,11797.036779117943,8698.67284703299,3098.3639320849525,0.07485059388251343
49290,0.14660878428011753,-420.3056538553237,11791.032355092108,8679.82988874068,3111.2024663514276,0.07470149636547867
49295,0.14662365634182173,-297.6738648139908,11785.874647611367,8658.825870886387,3127.0487767249797,0.0745582282322375
49300,0.14663852840352595,-175.72307013415048,11781.145772679796,8635.213725283042,3145.9320473967546,0.07445866332112001
49305,0.14665340046523015,-55.00551369620007,11776.427404361015,8608.621744961905,3167.8056593991096,0.07435324957701944
49310,0.14666827252693437,63.88178513355524,11771.317722779926,8578.770085232021,3192.5476375479047,0.07424279112885121
49315,0.14668314458863857,180.30325835555777,11765.446763810023,8545.484818218552,3219.961945591471,0.07412798458594809
49320,0.1466980166503428,293.5950633388038,11758.48950424402,8508.708658363861,3249.780845880159,0.07401952926823108
49325,0.14671288871204702,403.0781594858454,11750.176212533483,8468.50754684735,3281.668665686133,0.07391221127634436
49330,0.14672776077375121,508.072830828055,11740.299805678882,8425.07243496119,3315.227370717692,0.07388814942068685
49335,0.14674263283545544,607.9133686000632,11728.720160535588,8378.715840665946,3350.004319869642,0.07387858651574296
49340,0.14675750489715964,701.9618295771925,11715.365516705633,8329.863055005138,3385.5024617004947,0.07386649820545303
49345,0.14677237695886386,789.6200682377394,11700.231263584103,8279.03821645237,3421.193047131732,0.07385173536779858
49350,0.14678724902056806,870.3395651420997,11683.376513603042,8226.845811049221,3456.5307025538204,0.0738341399701718
49355,0.14680212108227228,943.6289094914773,11664.918919228105,8173.948451361447,3490.9704678666576,0.07381354837181785
49360,0.14681699314397648,1009.0591075385983,11645.028191277028,8121.042003194492,3523.9861880825356,0.0737897947509981
49365,0.1468318652056807,1066.267140602362,11623.918726943242,8068.829247415748,3555.0894795274944,0.07376952730390274
49370,0.1468467372673849,1114.9583462255669,11601.84167091748,8017.993286058754,3583.8483848587257,0.07375795423547707
49375,0.14686160932908912,1154.908217636278,11579.076630240394,7969.171843840944,3609.904786399449,0.07374385255204623
49380,0.14687648139079335,1185.9641120763354,11555.923162112631,7922.9335029889435,3632.9896591236875,0.07372704152800084
49385,0.14689135345249754,1208.0471608025837,11532.692071079256,7879.756764872505,3652.935306206751,0.07370732878283107
49390,0.14690622551420177,1221.1544366130638,11509.696500820242,7840.012673407053,3669.6838274131896,0.07368451428079606
49395,0.14692109757590596,1225.3612150361887,11487.242794813159,7803.9515703766465,3683.2912244365125,0.07366139392188534
49400,0.1469359696376102,1220.8230057911514,11465.62113281344,7771.694382864124,3693.9267499493153,0.0736545107746212
49405,0.14695084169931438,1207.7769543622771,11445.096024772283,7743.228666600516,3701.8673581717676,0.07364484670567335
49410,0.1469657137610186,1186.5422263960882,11425.896852529359,7718.409447639804,3707.4874048895545,0.07363211662681911
49415,0.1469805858227228,1157.5190893193958,11408.208777775559,7696.964724687969,3711.24405308759,0.07361603039935948
49420,0.14699545788442703,1121.1865911590985,11392.16446132158,7678.505326887028,3713.6591344345516,0.0735962981867092
49425,0.14701032994613122,1078.0989919018575,11377.837138770932,7662.538679803326,3715.298458967606,0.07358199451399423
49430,0.14702520200783545,1028.88138998455,11365.235646672765,7648.485926240651,3716.7497204321144,0.07357961965711503
49435,0.14704007406953967,974.2252373312303,11354.301972030653,7635.701782126449,3718.600189904204,0.07357345491650548
49440,0.14705494613124387,914.8845563166797,11344.911797742488,7623.496476874543,3721.4153208679454,0.07356315742135694
49445,0.1470698181929481,851.6735700785875,11336.878341102334,7611.159120683227,3725.719220419107,0.07354840206856558
49450,0.1470846902546523,785.4660842333533,11329.959548972665,7597.981843164244,3731.977705808421,0.07352888876130634
49455,0.1470995623163565,717.1963418732494,11323.86844903964,7583.284044944221,3740.58440409542,0.0735251364801351
49460,0.1471144343780607,647.8603305560046,11318.286194780503,7566.436088526455,3751.850106254048,0.07352292589749945
49465,0.14712930643976493,578.5158301720521,11312.877115275,7546.881727103419,3765.995388171581,0.07351576122283773
49470,0.14714417850146913,510.2790489375284,11307.304916634701,7524.158538649381,3783.14637798532,0.07350339193406723
49475,0.14715905056317335,444.3156542468005,11301.24909612685,7497.9156118358615,3803.333484290989,0.07348561143142286
49480,0.14717392262487755,381.8244342881626,11294.420626993508,7467.927737242803,3826.4928897507043,0.07346969582557748
49485,0.14718879468658178,324.0126938974254,11286.576043670148,7434.1054079074365,3852.470635762711,0.07346993161043487
49490,0.147203666748286,272.06367031724494,11277.529186925978,7396.500039102293,3881.029147823685,0.07346487470051528
49495,0.1472185388099902,227.09756164282317,11267.160035632243,7355.30398278338,3911.8560528488633,0.07345438414176428
49500,0.14723341087169442,190.1289708370041,11255.420236247855,7310.8451328873025,3944.575103360553,0.07343835533293677
49505,0.14724828293339862,162.02446551308913,11242.335126965689,7263.576179317671,3978.758947648018,0.07341671866469571
49510,0.14726315499510284,143.46436928035564,11228.00223114974,7214.058848262089,4013.943382887651,0.07341770204904167
49515,0.14727802705680704,134.91274661518582,11212.58636016099,7162.943735726289,4049.642624434702,0.0734164162665244
49520,0.14729289911851126,136.59883479210384,11196.311618139604,7110.9465706421925,4085.365047497411,0.07340969283115693
49525,0.14730777118021546,148.5120277370179,11179.450740187132,7058.82190987694,4120.628830310193,0.07339741339067325
49530,0.14732264324191968,170.41111452508176,11162.312317558095,7007.335357499365,4154.97696005873,0.07337947771414154
49535,0.14733751530362388,201.84703309030465,11145.226562543927,6957.235416611583,4187.991145932344,0.07337976033699924
49540,0.1473523873653281,242.1971107720301,11128.530332593558,6909.226038819834,4219.304293773725,0.07338357657677237
49545,0.14736725942703233,290.70776591085723,11112.55215904859,6863.940856074698,4248.611302973892,0.07338146052898395
49550,0.14738213148873652,346.5420098714121,11097.598004865955,6821.919983539905,4275.67802132605,0.07337319863012806
49555,0.14739700355044075,408.8278284425596,11083.938407996755,6783.590183347231,4300.348224649524,0.07335860214689818
49560,0.14741187561214494,476.7036085013424,11071.797559639093,6749.249079010473,4322.54848062862,0.07335894333657096
49565,0.14742674767384917,549.3571653652289,11061.344732310685,6719.054000177068,4342.290732133617,0.07336661570101366
49570,0.14744161973555336,626.0555684578021,11052.688327705924,6693.015904660657,4359.672423045267,0.07337096826227213
49575,0.1474564917972576,706.1638077646394,11045.872673980963,6670.9986601793435,4374.874013801619,0.07336822861753786
49580,0.14747136385896178,789.1513374646593,11040.877577422378,6652.723772335409,4388.1538050869685,0.07335813439891459
49585,0.147486235920666,874.5866138795354,11037.620528448855,6637.780429645922,4399.840098802933,0.07334974551290913
49590,0.1475011079823702,962.120838672101,11035.961373888334,6625.640520637525,4410.32085325081,0.07335773056362302
49595,0.14751598004407443,1051.4631384598233,11035.70918929624,6615.678083743471,4420.031105552769,0.07335755071176953
49600,0.14753085210577865,1142.3502616460328,11036.631009380539,6607.192494316774,4429.4385150637645,0.07334898617814663
49605,0.14754572416748285,1234.514451118156,11038.46199834775,6599.434580699922,4439.027417647828,0.07333187610893882
49610,0.14756059622918707,1327.6533619124584,11040.916569300727,6591.634788188401,4449.281781112326,0.07330612163686898
49615,0.14757546829089127,1421.4056653457583,11043.699904070558,6583.032463289366,4460.6674407811915,0.07330213191861237
49620,0.1475903403525955,1515.3352919554845,11046.519297695135,6572.9052964032335,4473.614001291901,0.07329176626477346
49625,0.1476052124142997,1608.9261631312856,11049.094769429415,6560.597928591398,4488.496840838017,0.07327227464287056
49630,0.14762008447600392,1701.5878759976013,11051.168452205204,6545.548695337821,4505.619756867382,0.07324370654230458
49635,0.1476349565377081,1792.671340382407,11052.512391401253,6527.313454916074,4525.198936485179,0.0732061855732453
49640,0.14764982859941234,1881.4920582711966,11052.934536746166,6505.585447136932,4547.349089609234,0.07317313903185108
49645,0.14766470066111653,1967.357803728898,11052.282874601957,6480.21017083244,4572.072703769517,0.07315103725841905
49650,0.14767957272282076,2049.597050697743,11050.447795336722,6451.194376814122,4599.2534185226,0.07312017949327469
49655,0.14769444478452498,2127.584645621235,11047.362899331076,6418.708463516794,4628.654435814282,0.0730808482452354
49660,0.14770931684622918,2200.7618594168007,11043.004502105392,6383.081841326541,4659.922660778851,0.07307148974632945
49665,0.1477241889079334,2268.6489250430823,11037.390102936422,6344.791190125471,4692.598912810951,0.07322366220607852
49670,0.1477390609696376,2330.8492828212793,11030.57604246702,6304.4419477638985,4726.134094703122,0.07337610349914106
49675,0.14775393303134182,2387.0458374778846,11022.654510862329,6262.743795048648,4759.91071581368,0.07352805633953036
49680,0.14776880509304602,2436.9904445579605,11013.74999878326,6220.4812971049905,4793.268701678269,0.07367870609719311
49685,0.14778367715475024,2480.4885114006156,11004.015225681758,6178.481174567852,4825.534051113907,0.07382720155004793
49690,0.14779854921645444,2517.3809929555564,10993.626544389135,6137.577875719689,4856.048668669447,0.07397267377765034
49695,0.14781342127815866,2547.5261947992076,10982.778811947834,6098.579185944539,4884.199626003295,0.07411425189191281
49700,0.14782829333986286,2570.783694921406,10971.679733021245,6062.23354799744,4909.446185023805,0.07425107457100336
49705,0.14784316540156708,2587.002401344487,10960.543719403558,6029.200596118728,4931.343123284831,0.07438229674334636
49710,0.1478580374632713,2596.014316751811,10949.585360676268,6000.026157604126,4949.559203072143,0.07450709122623388
49715,0.1478729095249755,2597.6350265077635,10939.012659292297,5975.122675918949,4963.889983373348,0.07462464561162345
49720,0.14788778158667973,2591.6713036659166,10929.020240156324,5954.755683563705,4974.264556592619,0.07473415515805817
49725,0.14790265364838392,2577.935571702723,10919.782792137756,5939.036619102959,4980.746173034797,0.07483481284174288
49730,0.14791752571008815,2556.266318625955,10911.449030069069,5927.921956607191,4983.527073461878,0.07492579799900306
49735,0.14793239777179235,2526.552952636129,10904.13647612242,5921.218313486697,4982.918162635722,0.07500626512721639
49740,0.14794726983349657,2488.7630760319325,10897.92734718945,5918.592942648772,4979.334404540678,0.07507533438878951
49745,0.14796214189520077,2442.969788344818,10892.86580050307,5919.588816071122,4973.276984431948,0.07513208518744173
49750,0.147977013956905,2389.376477775715,10888.95673537295,5923.64338458449,4965.31335078846,0.07517555388023882
49755,0.1479918860186092,2328.336679638609,10886.166277051389,5930.110059807885,4956.056217243504,0.07520473628943272
49760,0.1480067580803134,2260.3669986946024,10884.423982576405,5938.281503538161,4946.142479038244,0.07521859523318422
49765,0.14802163014201764,2186.15178070812,10883.626711846462,5947.413909512632,4936.21280233383,0.07521607285545343
49770,0.14803650220372183,2106.5390841365115,10883.644005960527,5956.7515942065775,4926.892411753949,0.07519610715152707
49775,0.14805137426542606,2022.5283992398781,10884.32471703144,5965.551344894363,4918.773372137078,0.07515765179476983
49780,0.14806624632713025,1935.2513253554898,10885.504549132398,5973.106074665625,4912.398474466773,0.0750996981944352
49785,0.14808111838883448,1845.9469149545994,10887.014108776011,5978.767384955234,4908.246723820777,0.07502129865809215
49790,0.14809599045053867,1755.9335623901852,10888.6870333547,5981.9666297856065,4906.720403569093,0.07492158958300041
49795,0.1481108625122429,1666.5791781316202,10890.367770868444,5982.23402095517,4908.133749913274,0.07479981373317918
49800,0.1481257345739471,1579.2710364946233,10891.91862213447,5979.215231733996,4912.703390400474,0.07465534083960633
49805,0.14814060663565132,1495.386239176706,10893.225720183465,5972.6848782912,4920.540841892265,0.07448768595407101
49810,0.1481554786973555,1416.2633156826678,10894.203699999238,5962.55621472912,4931.647485270118,0.07429652516052498
49815,0.14817035075905974,1343.1751710198987,10894.798893738973,5948.886395769001,4945.912497969972,0.07408170837906565
49820,0.14818522282076396,1277.3034383227669,10894.990963026716,5931.8767572397,4963.114205787016,0.07384326907956615
49825,0.14820009488246816,1219.714309441767,10894.7929461708,5911.867741652481,4982.92520451832,0.07358143076402747
49830,0.14821496694417238,1171.336077943305,10894.249754523145,5889.328343758587,5004.9214107645585,0.07329661010249926
49835,0.14822983900587658,1132.9388850759806,10893.435203053778,5864.840246550293,5028.594956503484,0.07298941664601956
49840,0.1482447110675808,1105.1174360907044,10892.447711790186,5839.077130639328,5053.370581150858,0.07286024573671554
49845,0.148259583129285,1088.2776680406305,10891.404872135712,5812.779934853017,5078.624937282695,0.07284444477874343
49850,0.14827445519098922,1082.628426689509,10890.437136807677,5786.72909095969,5103.708045847987,0.07282503677068815
49855,0.14828932725269342,1088.1791042343757,10889.680960169546,5761.714926200507,5127.966033969039,0.07280243714314553
49860,0.14830419931439764,1104.7438960664094,10889.271777737122,5738.507511169299,5150.764266567823,0.07277708973170754
49865,0.14831907137610184,1131.9528878917554,10889.337255983959,5717.827228442895,5171.510027541064,0.07276475222371977
49870,0.14833394343780607,1169.2696450581216,10889.99125174137,5700.317261851586,5189.673989889784,0.0728293485898918
49875,0.1483488154995103,1216.014416738416,10891.328882638154,5686.519077294238,5204.809805343916,0.07289285369508465
49880,0.14836368756121449,1271.3915601984436,10893.42302101188,5676.851804705523,5216.571216306357,0.07295518285730472
49885,0.1483785596229187,1334.5193971718973,10896.322388036764,5671.596254350416,5224.7261336863485,0.07301622850568243
49890,0.1483934316846229,1404.4604856403284,10900.051257403145,5670.884118961823,5229.167138441322,0.07307586173479447
49895,0.14840830374632713,1480.2502607677316,10904.61060280029,5674.692729305801,5229.91787349449,0.07313393564613437
49900,0.14842317580803133,1560.9221831932891,10909.980369533007,5682.845542980784,5227.134826552223,0.07319029011492863
49905,0.14843804786973555,1645.5279199582037,10916.12244555669,5695.018352805689,5221.104092751001,0.07324475752684378
49910,0.14845291993143975,1733.151634334512,10922.983871158824,5710.751003231918,5212.232867926906,0.07329716897226866
49915,0.14846779199314397,1822.9181113209115,10930.499866829157,5729.464206722722,5201.035660106435,0.073347360369998
49920,0.14848266405484817,1913.9951174593834,10938.596367612538,5750.480866815406,5188.115500797131,0.07339517802041526
49925,0.1484975361165524,2005.5910069487645,10947.191907324974,5773.051151422596,5174.140755902377,0.07344048316143324
49930,0.14851240817825662,2096.949072443427,10956.198865961796,5796.3804274052,5159.818438556596,0.0734831552143882
49935,0.1485272802399608,2187.340446641724,10965.52424477002,5819.659069267937,5145.865175502083,0.07352309355233398
49940,0.14854215230166504,2276.0574561140766,10975.070237820768,5842.093089663544,5132.977148157224,0.07356021778390234
49945,0.14855702436336923,2362.409194861367,10984.734910436415,5862.934502555065,5121.80040788135,0.07359446670234876
49950,0.14857189642507346,2445.7207228875604,10994.413272029264,5881.510316993673,5112.902955035591,0.07362579618008532
49955,0.14858676848677765,2525.336731303072,11003.998955502806,5897.249069374279,5106.749886128527,0.07365417637540296
49960,0.14860164054848188,2600.6298101866314,11013.386607735083,5909.703838534588,5103.682769200495,0.07367958864770911
49965,0.14861651261018607,2671.012704507065,11022.474978374876,5918.570759180731,5103.904219194144,0.07370202254757104
49970,0.1486313846718903,2735.953267035031,11031.17058654001,5923.702164686205,5107.468421853806,0.07372147316502048
49975,0.1486462567335945,2794.990333571387,11039.39175936357,5925.113658384338,5114.2781009792325,0.07373793900017636
49980,0.14866112879529872,2847.748539321312,11047.07277769117,5922.984636575733,5124.088141115437,0.07375142038635886
49985,0.14867600085700294,2893.9501910355466,11054.167831951114,5917.652063313555,5136.515768637559,0.07376191837166848
49990,0.14869087291870714,2933.4226683845154,11060.654482514188,5909.597615727854,5151.0568667863345,0.07376943387168433
49995,0.14870574498041136,2966.1003634833205,11066.536331463614,5899.428660721877,5167.107670741737,0.07377396685819305
50000,0.14872061704211556,2992.0207769449744,11071.844646535454,5887.853864180852,5183.990782354602,0.07377551535177383
50005,0.14873548910381978,3011.3149849181564,11076.638734322747,5875.654542807446,5200.984191515301,0.07377407403502838
50010,0.14875036116552398,3024.193218934931,11081.004939074885,5863.653115834863,5217.351823240022,0.07376963238604024
50015,0.1487652332272282,3030.9267348712747,11085.054242498489,5852.680172604323,5232.374069894166,0.07376217233134592
50020,0.1487801052889324,3031.8274817057563,11088.918550808437,5843.541724989505,5245.376825818932,0.07375166551747593
50025,0.14879497735063663,3027.227307822239,11092.74586529062,5836.988156644724,5255.757708645897,0.07373807038536123
50030,0.14880984941234082,3017.4585465570026,11096.694627027635,5833.686224204581,5263.008402823054,0.07372132929241765
50035,0.14882472147404505,3002.837780460798,11100.927591935868,5834.195231000449,5266.732360935419,0.07370136595673576
50040,0.14883959353574927,2983.6543750480223,11105.605619835342,5838.948210530562,5266.657409304779,0.0736780834934092
50045,0.14885446559745347,2960.16499148804,11110.881748703972,5848.238654304523,5262.643094399449,0.07365136327446876
50050,0.1488693376591577,2932.5947487447493,11116.895876687193,5862.213021839099,5254.6828548480935,0.07362106477302913
50055,0.1488842097208619,2901.1450476483396,11123.770299621821,5880.868997798102,5242.901301823719,0.07358702645450264
50060,0.1488990817825661,2866.0073496922514,11131.606263931086,5904.059224249847,5227.547039681239,0.07355309701727077
50065,0.1489139538442703,2827.381495885088,11140.481607704145,5931.50004202125,5208.981565682895,0.0736608039248424
50070,0.14892882590597453,2785.4965382992286,11150.44948876001,5962.7846285974965,5187.664860162514,0.07376153492256396
50075,0.14894369796767873,2740.6316268459004,11161.538145384966,5997.399823325155,5164.138322059811,0.0738544932710796
50080,0.14895857002938295,2693.1343271848427,11173.751605116006,6034.745883327328,5139.005721788678,0.07393976664090657
50085,0.14897344209108715,2643.433903263275,11187.071245001354,6074.158410893676,5112.9128341076785,0.07401747844899853
50090,0.14898831415279137,2592.0475995925444,11201.45810389149,6114.931725559977,5086.526378331512,0.07408778095621331
50095,0.1490031862144956,2539.5787663922592,11216.855842435112,6156.343007579811,5060.512834855302,0.07415084762474569
50100,0.1490180582761998,2486.706681392666,11233.194230767303,6197.676597600354,5035.517633166949,0.07420686472690786
50105,0.14903293033790402,2434.1689771718775,11250.393013969318,6238.247884350602,5012.145129618716,0.07425602226740585
50110,0.14904780239960821,2382.7384998600955,11268.36596523689,6277.42623629123,4990.939728945659,0.07429850438781037
50115,0.14906267446131244,2333.197041265391,11287.024896360994,6314.656429552935,4972.368466808059,0.0743344795389569
50120,0.14907754652301664,2286.308601951285,11306.283368236507,6349.477996372501,4956.805371864006,0.07436409080730821
50125,0.14909241858472086,2242.794644796234,11326.059843319488,6381.541877381595,4944.517965937893,0.07438744684071269
50130,0.14910729064642506,2203.3132603954964,11346.280055219439,6410.623725936549,4935.65632928289,0.07440461382276214
50135,0.14912216270812928,2168.4434201612485,11366.87843868313,6436.633205392504,4930.245233290626,0.07441560888846485
50140,0.14913703476983348,2138.6746943581293,11387.798559012545,6459.6186626521085,4928.179896360436,0.07442039526419313
50145,0.1491519068315377,2114.4021001053425,11408.992590076119,6479.766670173611,4929.225919902508,0.07449807017533244
50150,0.14916677889324192,2095.925219601494,11430.419997591665,6497.396111548622,4933.023886043044,0.07461262239817183
50155,0.14918165095494612,2083.4504435282115,11452.045672416094,6512.946738289261,4939.098934126833,0.07473259303682979
50160,0.14919652301665035,2077.0951522606983,11473.837813542717,6526.962430445425,4946.875383097293,0.07484618067497459
50165,0.14921139507835454,2076.8928094464873,11495.76587484209,6540.069722996377,4955.696151845714,0.0749527937990026
50170,0.14922626714005877,2082.7982388346454,11517.798862740012,6552.9524786174115,4964.8463841226,0.07505208874978857
50175,0.14924113920176296,2094.6927020334606,11539.904210605535,6566.323859102577,4973.5803515029575,0.0751437590292982
50180,0.1492560112634672,2112.388711019935,11562.047371297267,6580.896940969616,4981.1504303276515,0.0752404339025033
50185,0.14927088332517138,2135.634736018096,11584.192176212573,6597.355414138817,4986.836762073756,0.07535479107400528
50190,0.1492857553868756,2164.120078362601,11606.30192060232,6616.325787958391,4989.976132643929,0.07546131114912115
50195,0.1493006274485798,2197.4801733168615,11628.341060529241,6638.352412011465,4989.988648517776,0.07555982682793001
50200,0.14931549951028403,2235.3024980080154,11650.277351382845,6663.8764175242695,4986.400933858576,0.07565021042733325
50205,0.14933037157198825,2277.133126744321,11672.084221214269,6693.21942408949,4978.864797124779,0.075774707068592
50210,0.14934524363369245,2322.4838444720135,11693.743151164388,6726.572563846018,4967.17058731837,0.07603177789750193
50215,0.14936011569539667,2370.8396380773647,11715.245826588343,6763.991077874934,4951.25474871341,0.07618574302881957
50220,0.14937498775710087,2421.6663599107196,11736.595824600163,6805.39445935994,4931.201365240223,0.07641113494654586
50225,0.1493898598188051,2474.418406364697,11757.809618527073,6850.571870909313,4907.237747617761,0.07676224100338108
50230,0.1494047318805093,2528.546363240438,11778.916711632384,6899.192358969067,4879.724352663317,0.07700673597477817
50235,0.1494196039422135,2583.504709416652,11799.958766249654,6950.819230735038,4849.139535514616,0.07714032383290893
50240,0.1494344760039177,2638.759800470054,11820.987672584359,7004.927848729084,4816.059823855275,0.07728197108911855
50245,0.14944934806562193,2693.798431783276,11842.062601021655,7060.926033025612,4781.136567996043,0.07756464409392257
50250,0.14946422012732613,2748.13726751805,11863.24619356271,7118.17623708697,4745.069956475741,0.07773028142658106
50255,0.14947909218903035,2801.333289501641,11884.600159025962,7176.018675004994,4708.581484020968,0.07777329991927164
50260,0.14949396425073458,2852.9951644026823,11906.180625047471,7233.79461855142,4672.386006496051,0.07777409413059692
50265,0.14950883631243878,2902.795081410113,11928.03365100769,7290.869142861003,4637.164508146688,0.07818483413986793
50270,0.149523708374143,2950.480250673535,11950.191308816726,7346.652669430617,4603.538639386109,0.07850055393943833
50275,0.1495385804358472,2995.882971073095,11972.668690641416,7400.620724101565,4572.047966539851,0.07871730333529396
50280,0.14955345249755142,3038.928054590481,11995.462111540408,7452.331388163145,4543.130723377263,0.0790883645257267
50285,0.14956832455925562,3079.636466015825,12018.54865585643,7501.439969602111,4517.108686254319,0.079408500612581
50290,0.14958319662095984,3118.124282821679,12041.8870883005,7547.710461911286,4494.176626389214,0.07961649092387593
50295,0.14959806868266404,3154.596454536766,12065.420032425256,7591.023398408325,4474.396634016931,0.07971294841063607
50300,0.14961294074436826,3189.3352902180186,12089.077223968312,7631.379762947698,4457.697461020614,0.07998359584069116
50305,0.14962781280607246,3222.6840648290417,12112.779580771332,7668.900695804848,4443.878884966484,0.08012746329412755
50310,0.14964268486777668,3255.0265348157836,12136.443794132469,7703.822846002231,4432.620948130238,0.08013708022901653
50315,0.1496575569294809,3286.763415035067,12159.98713380214,7736.489372271181,4423.497761530959,0.08000688447197399
50320,0.1496724289911851,3318.2869588893245,12183.332164347614,7767.336780800566,4415.995383547048,0.08001892713717394
50325,0.14968730105288933,3349.9547377322015,12206.41109011272,7796.8779980584295,4409.533092054291,0.0798873296155524
50330,0.14970217311459352,3382.0636278436277,12229.169478022646,7825.682294051765,4403.487183970881,0.08002801672311072
50335,0.14971704517629775,3414.824981102486,12251.56915304829,7854.352873419357,4397.216279628934,0.08036859862194566
50340,0.14973191723800194,3448.3420302730983,12273.59012151703,7883.5031147906,4390.08700672643,0.08059155790590279
50345,0.14974678929970617,3482.5907525066305,12295.231451748761,7913.732540426065,4381.498911322697,0.08078538326466873
50350,0.14976166136141036,3517.4056323256127,12316.511124972554,7945.603621694246,4370.9075032783085,0.08098982083484575
50355,0.1497765334231146,3552.471950131109,12337.46495336439,7979.620464829872,4357.844488534518,0.08105152894182849
50360,0.14979140548481878,3587.3262791609923,12358.144735178212,8016.210281317847,4341.934453860365,0.08096208981247277
50365,0.149806277546523,3621.3667022599966,12378.615868522062,8055.708345756802,4322.907522765259,0.08071623181854802
50370,0.14982114960822723,3653.873782317638,12398.954667600394,8098.346907253994,4300.6077603464,0.08047971877712552
50375,0.14983602166993143,3684.0425159467495,12419.245615327716,8144.248277789118,4274.997337538598,0.08035924200185149
50380,0.14985089373163565,3711.024421421598,12439.578746570642,8193.422099413787,4246.156647156855,0.08069222056905556
50385,0.14986576579333985,3733.9776739547515,12460.047293939086,8245.766611130102,4214.280682808983,0.0808919915252664
50390,0.14988063785504407,3752.121960276436,12480.745653528786,8301.07360516795,4179.672048360835,0.08098106403814022
50395,0.14989550991674827,3764.793663424096,12501.767653418214,8359.036680763973,4142.730972654241,0.08106726848565737
50400,0.1499103819784525,3771.4963059035417,12523.205044922426,8419.262363639262,4103.942681283164,0.08098756052211287
50405,0.1499252540401567,3771.941065180652,12545.14609518705,8481.283649362516,4063.862445824534,0.08073469319179011
50410,0.14994012610186092,3766.0727683150935,12567.674145419083,8544.575535455193,4023.0986099638903,0.08030657471288523
50415,0.1499549981635651,3754.078108454297,12590.866012671633,8608.572117911932,3982.2938947597013,0.08033628635663137
50420,0.14996987022526934,3736.374797843193,12614.790150636685,8672.684832320541,3942.105318316144,0.08062164215675287
50425,0.14998474228697356,3713.582719478445,12639.504538630708,8736.321411071489,3903.1831275592194,0.08075155675558816
50430,0.14999961434867776,3686.480477695295,12665.054328043901,8798.905103803156,3866.1492242407458,0.08071419982860635
50435,0.15001448641038198,3655.952640329485,12691.469332641956,8859.893670197356,3831.5756624446003,0.08050264580460476
50440,0.15002935847208618,3622.9340300728336,12718.761496415847,8918.797608119767,3799.9638882960808,0.08011552713671097
50445,0.1500442305337904,3588.357440333154,12746.922507090614,8975.19703419453,3771.7254728960834,0.07961134733993719
50450,0.1500591025954946,3553.110133106067,12775.921745206057,9028.75659827286,3747.1651469331973,0.07988861447936604
50455,0.15007397465719882,3518.002667434802,12805.704769499232,9079.237799275994,3726.4669702232386,0.08000600751959093
50460,0.15008884671890302,3483.751413707023,12836.192540014605,9126.5080892347,3709.684450779905,0.07995329334679363
50465,0.15010371878060724,3450.9739867032768,12867.281569703262,9170.546215571721,3696.7353541315406,0.079725684998431
50470,0.15011859084231144,3420.1951615140915,12898.845170208448,9211.443366366226,3687.401803842222,0.07932429608853186
50475,0.15013346290401566,3391.8598438432164,12930.73591470041,9249.399851570863,3681.3360631295473,0.07878591862320411
50480,0.1501483349657199,3366.3493838255927,12962.789378078802,9284.717269794553,3678.0721082842483,0.0789615836218489
50485,0.15016320702742408,3343.9978278714734,12994.829133300791,9317.786361491762,3677.0427718090286,0.07901109551948457
50490,0.1501780790891283,3325.1053920988325,13026.672886144428,9349.07101347107,3677.6018726733582,0.07888678991052302
50495,0.1501929511508325,3309.9473057343766,13058.13952691518,9379.08912928828,3679.050397626899,0.0786164568819844
50500,0.15020782321253673,3298.7770563950853,13089.056776804515,9408.39128674581,3680.6654900587055,0.07816457711075664
50505,0.15022269527424092,3291.82388051015,13119.26902086579,9437.538242441815,3681.7307784239747,0.07778072899037713
50510,0.15023756733594515,3289.2850418543276,13148.644860588167,9467.078397257717,3681.5664633304496,0.07787884121675138
50515,0.15025243939764935,3291.314016978842,13177.083896373975,9497.526300466565,3679.5575959074104,0.07780241353357491
50520,0.15026731145935357,3298.006150120029,13204.52226957962,9529.343151420488,3675.1791181591325,0.07755038934289078
50525,0.15028218352105777,3309.3836378016567,13230.93655628032,9562.920075699021,3668.0164805812983,0.07712642457626556
50530,0.150297055582762,3325.3818332833544,13256.345706384442,9598.56473438464,3657.780971999802,0.07654223089555943
50535,0.15031192764446621,3345.838799857329,13280.810852928682,9636.491599688145,3644.3192532405374,0.07662749794944464
50540,0.1503267997061704,3370.4897771895594,13304.43296355425,9676.816022293107,3627.6169412611434,0.07654478347312166
50545,0.15034167176787464,3398.9677690881654,13327.348453026189,9719.552041911878,3607.79641111431,0.07628472021385116
50550,0.15035654382957883,3430.8108612636297,13349.723006349168,9764.61375929846,3585.1092470507083,0.07585327498886209
50555,0.15037141589128306,3465.476210694498,13371.74396435186,9811.819993992593,3559.9239703592666,0.0752622153924058
50560,0.15038628795298725,3502.3599973765995,13393.611691368327,9860.901890776197,3532.7098005921307,0.07521161105763093
50565,0.15040116001469148,3540.822061964096,13415.530378046717,9911.51310048202,3504.017277564697,0.07507479673181869
50570,0.15041603207639567,3580.2135069719225,13437.69873637023,9963.242138623322,3474.4565977469083,0.07476188169076255
50575,0.1504309041380999,3619.905234593947,13460.301025903076,10015.626511037273,3444.674514865803,0.07428150919363355
50580,0.1504457761998041,3659.315247942948,13483.49881669958,10068.168184042925,3415.3306326566562,0.07364783258124954
50585,0.15046064826150832,3697.932581019324,13507.423849432389,10120.349964576952,3387.0738848554374,0.07353349861709607
50590,0.15047552032321254,3735.3359736013845,13532.172298443667,10171.652342671563,3360.5199557721044,0.07331078235996857
50595,0.15049039238491674,3771.2058836084707,13557.800677748835,10221.5703358342,3336.2303419146356,0.07309536711429863
50600,0.15050526444662096,3805.3291080423896,13584.323552299296,10269.629865232802,3314.693687066494,0.07315013187845636
50605,0.15052013650832516,3837.596093213817,13611.71312762849,10315.403190208295,3296.3099374201956,0.07321643720365958
50610,0.15053500857002938,3867.991836449155,13639.900694199292,10358.522932736965,3281.377761462327,0.07324835342106399
50615,0.15054988063173358,3896.581968657134,13668.779805800103,10398.694238196844,3270.085567603259,0.07324381569006252
50620,0.1505647526934378,3923.4960253721583,13698.21098368392,10435.70464413679,3262.5063395471316,0.07329287539270134
50625,0.150579624755142,3948.909985626138,13728.027668711731,10469.43126703675,3258.5964016749804,0.07336354016463076
50630,0.15059449681684622,3973.029890488244,13758.043098299224,10499.844971956723,3258.1981263425005,0.07339541639590884
50635,0.15060936887855042,3996.0778383637153,13788.057764714256,10527.011265898838,3261.046498815418,0.07338596926692235
50640,0.15062424094025464,4018.281033794019,13817.86711305948,10551.087755862203,3266.779357197276,0.07346173886819954
50645,0.15063911300195887,4039.863985909009,13847.269155335283,10572.31813819704,3274.9510171382426,0.07353735248785002
50650,0.15065398506366307,4061.0435169842694,13876.07170498485,10591.022834869242,3285.048870115608,0.07357013239843571
50655,0.1506688571253673,4082.025995412836,13904.09896968412,10607.586558489644,3296.512411194477,0.07355712119230275
50660,0.15068372918707149,4103.006135676094,13931.197277160703,10622.443260132392,3308.754017028312,0.07361254200058212
50665,0.1506986012487757,4124.16675762386,13957.239750680652,10636.059076280642,3321.1806744000096,0.07369515539391612
50670,0.1507134733104799,4145.679006452527,13982.129800308572,10648.91402534305,3333.2157749655216,0.07373176276526852
50675,0.15072834537218413,4167.70265656869,14005.803354933598,10661.483292524608,3344.3200624089895,0.07371898237613123
50680,0.15074321743388833,4190.386234803678,14028.229827193198,10674.218971012171,3354.0108561810266,0.0737047051232866
50685,0.15075808949559255,4213.866797465977,14049.411873390989,10687.53309095402,3361.8787824369683,0.07379810981739256
50690,0.15077296155729675,4238.269284216085,14069.384074335665,10701.782668085396,3367.601406250269,0.07384340840171141
50695,0.15078783361900097,4263.705449994492,14088.210710390993,10717.257353035777,3370.953357355216,0.07383671774561984
50700,0.1508027056807052,4290.272440843122,14105.982826320547,10734.170080452372,3371.8127458681756,0.07380867744589464
50705,0.1508175777424094,4318.051125610013,14122.814774650355,10752.650928145233,3370.163846505122,0.0739207384491836
50710,0.15083244980411362,4347.104319637912,14138.840392189599,10772.744223082704,3366.096169106895,0.07400523261836246
50715,0.1508473218658178,4377.4750378239205,14154.208911537731,10794.40878955895,3359.800121978782,0.07404542540473535
50720,0.15086219392752204,4409.184896662842,14169.080650708152,10817.521132728796,3351.5595179793563,0.07403747191838034
50725,0.15087706598922623,4442.232756736676,14183.622474431197,10841.881286963833,3341.7411874673635,0.0741549967617845
50730,0.15089193805093046,4476.593670003425,14198.00299336315,10867.221025461016,3330.781967902134,0.0742322084445381
50735,0.15090681011263465,4512.218178824036,14212.387470743843,10893.214113718659,3319.1733570251836,0.07426051946788548
50740,0.15092168217433888,4549.032008432263,14226.93244157663,10919.488282718283,3307.444158858347,0.0742376155797495
50745,0.15093655423604307,4586.936198269121,14241.780111565316,10945.63858801166,3296.141523553657,0.0743604128340629
50750,0.1509514262977473,4625.8077270971135,14257.052680475917,10971.24180276474,3285.8108777111775,0.07443476206437552
50755,0.15096629835945152,4665.50070154322,14272.846812614252,10995.871464897129,3276.9753477171234,0.07445489432764257
50760,0.15098117042115572,4705.848199956807,14289.228540935817,11019.113163069045,3270.115377866772,0.07443498822025572
50765,0.15099604248285994,4746.664893267058,14306.228929150737,11040.57960762376,3265.6493215269766,0.07456399648076814
50770,0.15101091454456414,4787.750596657041,14323.840821266316,11059.92499663808,3263.915824628237,0.07463950193037774
50775,0.15102578660626836,4828.8949301895045,14342.016979274063,11076.858160836986,3265.1588184370776,0.07465438743220035
50780,0.15104065866797256,4869.883269964101,14360.669850836988,11091.15396190465,3269.5158889323375,0.07464119285166453
50785,0.15105553072967678,4910.504140741497,14379.673126353058,11102.662434122947,3277.010692230111,0.07477851398894746
50790,0.15107040279138098,4950.558123949289,14398.865145873311,11111.315205369607,3287.5499405037044,0.07485647079055957
50795,0.1510852748530852,4989.868223726102,14418.054107808912,11117.128814641297,3300.9252931676147,0.07486654763795958
50800,0.1511001469147894,5028.291446808105,14437.02491929486,11120.204661222459,3316.820258072401,0.0748347067318508
50805,0.15111501897649363,5065.731121498789,14455.547418644144,11120.725473690307,3334.8219449538374,0.07497983289897693
50810,0.15112989103819785,5102.149232297315,14473.38560046594,11118.948368652893,3354.4372318130463,0.07505936701417801
50815,0.15114476309990205,5137.577820190855,14490.307391977261,11115.194766949986,3375.1126250272755,0.07506353139966125
50820,0.15115963516160627,5172.1283434431225,14506.094473579571,11109.837631217246,3396.256842362325,0.07508044189286132
50825,0.15117450722331047,5205.997858044036,14520.55161601511,11103.286661953362,3417.2649540617476,0.0751640432441929
50830,0.1511893792850147,5239.470996152013,14533.51502561421,11095.972218403042,3437.542807211168,0.07523439746178273
50835,0.1512042513467189,5272.9170045839,14544.859248881545,11088.328798235629,3456.530450645916,0.0752579409649001
50840,0.1512191234084231,5306.7815312117145,14554.50228303968,11080.778906000363,3473.723377039316,0.07538189662864753
50845,0.1512339954701273,5341.573363094659,14562.408660046915,11073.718064691479,3488.690595355436,0.07542966831918692
50850,0.15124886753183153,5377.846853240817,14568.590404798002,11067.501588621117,3501.0888161768853,0.07539188081053341
50855,0.15126373959353573,5416.181245734489,14573.105899581986,11062.433560575646,3510.67233900634,0.07551929826485435
50860,0.15127861165523995,5457.158452156176,14576.056804317977,11058.758268824506,3517.2985354934717,0.07561370487377968
50865,0.15129348371694418,5501.340998329816,14577.583276927024,11056.654186670627,3520.929090256397,0.07562069411233142
50870,0.15130835577864837,5549.25182783303,14577.85780596073,11056.230439076999,3521.627366883731,0.07556368117994985
50875,0.1513232278403526,5601.357425109113,14577.07800732991,11057.525607943378,3519.5523993865318,0.07571132365450371
50880,0.1513380999020568,5658.055338859911,14575.458750481896,11060.508679570748,3514.950070911147,0.07577405518974471
50885,0.15135297196376102,5719.666696691103,14573.22396998675,11065.08192606215,3508.1420439245994,0.0757390026085549
50890,0.15136784402546521,5786.433765635311,14570.598490746586,11071.08552334648,3499.5129674001055,0.07573340631736836
50895,0.15138271608716944,5858.522091496485,14567.800154051998,11078.303727978308,3489.4964260736906,0.07585898895534222
50900,0.15139758814887364,5936.026298624504,14565.032483072986,11086.472451319503,3478.5600317534827,0.07589097800631099
50905,0.15141246021057786,6018.978295844052,14562.478075620285,11095.288076299119,3467.1899993211664,0.07581595123753464
50910,0.15142733227228206,6107.356445827599,14560.292864116811,11104.41735613318,3455.87550798363,0.07585352723057895
50915,0.15144220433398628,6201.094232734935,14558.601341539172,11113.508216744676,3445.0931247944955,0.0759584487477138
50920,0.1514570763956905,6300.087109385764,14557.492820022228,11122.201256793778,3435.2915632284494,0.07596213825675174
50925,0.1514719484573947,6404.196508171941,14557.018766416368,11130.141703109495,3426.8770633068725,0.07585077247714235
50930,0.15148682051909892,6513.250429909607,14557.191245282267,11136.991536754198,3420.199708528069,0.07590362058301357
50935,0.15150169258080312,6627.04053439883,14557.982491923121,11142.441458515264,3415.541033407857,0.07598954238280103
50940,0.15151656464250735,6745.316182206516,14559.325632470123,11146.22231628238,3413.103316187744,0.07596763632324981
50945,0.15153143670421154,6867.776346618127,14561.116560693554,11148.115576572472,3413.0009841210813,0.07589562689349873
50950,0.15154630876591577,6994.060660001578,14563.21696833085,11147.962396735855,3415.2545715949946,0.07588672189018401
50955,0.15156118082761996,7123.741033389498,14565.458504340377,11145.670852612719,3419.787651727658,0.07595556134781391
50960,0.1515760528893242,7256.315277218245,14567.648007045678,11141.220907307925,3426.4270997377535,0.07591104875420777
50965,0.15159092495102838,7391.203973777121,14569.573711816372,11134.66677539903,3434.906936417343,0.07586887579794811
50970,0.1516057970127326,7527.751549956701,14571.01228782662,11126.136442683615,3444.875845143004,0.07580744718596819
50975,0.15162066907443683,7665.23212101899,14571.736504584953,11115.828237588772,3455.908266996181,0.0758619755434212
50980,0.15163554113614103,7802.8602641090865,14571.523277783584,11104.004504733544,3467.51877305004,0.07584522218821746
50985,0.15165041319784525,7939.806462627198,14570.161800774253,11090.982589186335,3479.179211587918,0.07575226316050793
50990,0.15166528525954945,8075.216558689913,14567.461438617245,11077.12348716803,3490.3379514492153,0.07565547789110406
50995,0.15168015732125367,8208.234181003198,14563.259050987073,11062.818642990711,3500.4404079963624,0.07570281586452905
51000,0.15169502938295787,8338.024809442002,14557.42542094247,11048.475464436655,3508.949956505816,0.07568419078488599
51005,0.1517099014446621,8463.799936935935,14549.870498953502,11034.502185136886,3515.368313816616,0.07554464863103731
51010,0.1517247735063663,8584.839736970645,14540.547223138752,11021.292721957298,3519.2545011814545,0.07544473725024356
51015,0.1517396455680705,8700.512769090517,14529.45374275399,11009.212159750163,3520.241583003828,0.07550309410437606
51020,0.1517545176297747,8810.29155075718,14516.633946395334,10998.583448745949,3518.050497649385,0.07544963613282021
51025,0.15176938969147893,8913.763247700996,14502.176272422836,10989.675826610539,3512.5004458122967,0.07527177028582455
51030,0.15178426175318316,9010.635208623042,14486.21085074123,10982.695384441375,3503.5154662998557,0.0752068898911184
51035,0.15179913381488735,9100.735502895668,14468.905087737143,10977.778091279632,3491.1269964575113,0.07524116606771557
51040,0.15181400587659158,9184.008935592468,14450.457857736816,10974.985482609984,3475.472375126832,0.0751612478174716
51045,0.15182887793829578,9260.509177621425,14431.092504894068,10974.303111237126,3456.7893936569417,0.07495543207177979
51050,0.15184375,9330.387680414151,14411.048891118739,10975.64175825808,3435.4071328606587,0.07490603804829775
51055,0.1518586220617042,9393.880009807312,14390.574751646745,10978.841309832053,3411.733441814693,0.07492429517604646
51060,0.15187349412340842,9451.290210879397,14369.916643019124,10983.67712235103,3386.239520668094,0.07482762295206248
51065,0.15188836618511262,9502.97385324303,14349.310790169924,10989.868623646704,3359.4421665232203,0.07460522000162022
51070,0.15190323824681684,9549.320498286317,14328.974159368523,10997.089829941673,3331.88432942685,0.07455555475417684
51075,0.15191811030852104,9590.736419819623,14309.096098981965,11004.981397177346,3304.1147018046195,0.07456615561726201
51080,0.15193298237022526,9627.628424245519,14289.830895676469,11013.16377227965,3276.667123396819,0.07446245406687392
51085,0.15194785443192949,9660.389506838848,14271.29158431649,11021.250967602873,3250.040616713617,0.07423447259881652
51090,0.15196272649363368,9689.386848227618,14253.545320851346,11028.864453726783,3224.6808671245635,0.07417022770340766
51095,0.1519775985553379,9714.9523610721,14236.610576540676,11035.646655464363,3200.9639210763125,0.07418065575411743
51100,0.1519924706170421,9737.375747030916,14220.456339664468,11041.273545505674,3179.1827941587944,0.07407847763229299
51105,0.15200734267874633,9756.8999334154,14205.003421386129,11045.465860270697,3159.5375611154323,0.0738544267353474
51110,0.15202221474045052,9773.718886444043,14190.127861746756,11047.998512513079,3142.129349233677,0.07375496041345682
51115,0.15203708680215475,9787.978087041956,14175.666326897486,11048.707843104103,3126.9584837933835,0.07377128260589096
51120,0.15205195886385894,9799.778226563905,14161.423286037296,11047.496437898066,3113.92684813923,0.07367750271799166
51125,0.15206683092556317,9809.182712300952,14147.179661431534,11044.335332082741,3102.8443293487926,0.07346496947173764
51130,0.15208170298726736,9816.229239073826,14132.702561833035,11039.263531086985,3093.439030746051,0.0733111161640063
51135,0.1520965750489716,9820.945044628756,14117.755642841359,11032.384890644073,3085.3707521972865,0.07333801914545643
51140,0.1521114471106758,9823.364751347677,14102.10959209866,11023.862514532724,3078.2470775659367,0.07325800443991215
51145,0.15212631917238,9823.549167502453,14085.552218074206,11013.910940955579,3071.641277118628,0.07306297090725865
51150,0.15214119123408423,9821.603230705368,14067.89763393725,11002.786490322698,3065.111143614551,0.07288447446952762
51155,0.15215606329578843,9817.691406967428,14048.99407631272,10990.776230353396,3058.2178459593233,0.07288486872988595
51160,0.15217093535749265,9812.049177093471,14028.729982850873,10978.186071469172,3050.543911381701,0.07282298574270299
51165,0.15218580741919685,9804.989606136161,14007.038067841639,10965.328530479117,3041.7095373625216,0.07265041604481585
51170,0.15220067948090107,9796.904334375535,13983.897271512915,10952.51069054621,3031.386580966704,0.0724527973365784
51175,0.15221555154260527,9788.258667921138,13959.332601895096,10940.022841371743,3019.3097605233525,0.07245590568859596
51180,0.1522304236043095,9779.580839561899,13933.413021956674,10928.128210771749,3005.2848111849253,0.07247986112494637
51185,0.1522452956660137,9771.44598548756,13906.247644237817,10917.054107138405,2989.1935370994124,0.07254205327579966
51190,0.15226016772771792,9764.45590886912,13877.980569617708,10906.984693828728,2970.99587578898,0.07256867406873178
51195,0.15227503978942214,9759.216182296615,13848.784741255527,10898.055523863604,2950.729217391923,0.07256044830504185
51200,0.15228991185112634,9756.312454271661,13818.855180821412,10890.349885989497,2928.5052948319153,0.07251837652054165
51205,0.15230478391283056,9756.287864523601,13788.40193884701,10883.896955872424,2904.504982974586,0.07244373301783773
51210,0.15231965597453476,9759.623202410849,13757.643035118579,10878.671707897878,2878.971327220701,0.07233805632069527
51215,0.15233452803623898,9766.720923117618,13726.797600172791,10874.596518199682,2852.2010819731095,0.07231149290570792
51220,0.15234940009794318,9777.893513997033,13696.079366191658,10871.544370298727,2824.534995892931,0.07233283010111753
51225,0.1523642721596474,9793.356152971695,13665.690603159064,10869.343554101564,2796.3470490575,0.07231955893506356
51230,0.1523791442213516,9813.223252681866,13635.816559215842,10867.783722814711,2768.032836401131,0.07227272580444198
51235,0.15239401628305582,9837.508376932796,13606.620444408753,10866.623140696252,2739.9973037125,0.07219361204855264
51240,0.15240888834476002,9866.127092913795,13578.238993078288,10865.596921116516,2712.6420719617727,0.07208372512190256
51245,0.15242376040646424,9898.90246507341,13550.778648415086,10864.426024092934,2686.3526243221513,0.07194478663808365
51250,0.15243863246816847,9935.572975333009,13524.312428406163,10862.826759078342,2661.4856693278216,0.07182957221166394
51255,0.15245350452987266,9975.802584937092,13498.87755049443,10860.520522795618,2638.357027698812,0.0721066737650278
51260,0.1524683765915769,10019.192435482219,13474.47390842434,10857.243490735722,2617.2304176886173,0.07237861751776893
51265,0.15248324865328108,10065.293411078215,13451.063505367307,10852.75597026523,2598.307535102076,0.0726452677473706
51270,0.1524981207149853,10113.618593303807,13428.57094956231,10846.851110376132,2581.7198391861784,0.07290618454263029
51275,0.1525129927766895,10163.654660556656,13406.885109586086,10839.362649379438,2567.5224602066482,0.07316073829656042
51280,0.15252786483839373,10214.871552155199,13385.862003279844,10830.171374295138,2555.6906289847066,0.07340825486854662
51285,0.15254273690009792,10266.730159076917,13365.328955103512,10819.209975370675,2546.118979732837,0.07364814772526247
51290,0.15255760896180215,10318.688258400238,13345.09000046679,10806.466016669021,2538.6239837977682,0.07388000106714282
51295,0.15257248102350635,10370.205209732556,13324.9324441257,10791.98281454,2532.949629585699,0.07410358401411501
51300,0.15258735308521057,10420.745987209026,13304.63439802252,10775.858117342214,2528.7762806803057,0.07431879567215204
51305,0.1526022251469148,10469.78495575783,13283.973040069193,10758.240601251982,2525.732438817211,0.07453784603550136
51310,0.152617097208619,10516.809536567986,13262.733259544346,10739.32432206467,2523.4089374796768,0.0747646528002
51315,0.15263196927032321,10561.323687048636,13240.716297551851,10719.341374501266,2521.3749230505855,0.07498085735193791
51320,0.1526468413320274,10602.851035117386,13217.747961184461,10698.553096360713,2519.1948648237485,0.07518603572697079
51325,0.15266171339373164,10640.93756077703,13193.685993014113,10677.240210543578,2516.445782470535,0.07537975764376346
51330,0.15267658545543583,10675.153848142625,13168.426214140576,10655.69232690068,2512.733887239896,0.07562296780928603
51335,0.15269145751714006,10705.09705704412,13141.90712555827,10634.1972348513,2507.7098907069685,0.07588349841635854
51340,0.15270632957884425,10730.392825635397,13114.112741659621,10613.030412781838,2501.082328877783,0.07613676459791845
51345,0.15272120164054848,10750.697296111906,13085.073531815353,10592.445163359456,2492.6283684558966,0.07638220565910189
51350,0.15273607370225267,10765.699374401436,13054.865451387288,10572.663753148532,2482.201698238756,0.07661908169667565
51355,0.1527509457639569,10775.123228105931,13023.607143530031,10553.869886060073,2469.7372574699584,0.07684645386796347
51360,0.15276581782566112,10778.730927878069,12991.455480937555,10536.20277073299,2455.252710204564,0.07706320236753865
51365,0.15278068988736532,10776.325062745467,12958.599687757767,10519.752954647258,2438.8467331105094,0.07726839233728859
51370,0.15279556194906954,10767.751116891717,12925.25433373417,10504.560001934382,2420.6943317997884,0.07749609732304302
51375,0.15281043401077374,10752.899388172493,12891.651524771962,10490.612000602097,2401.0395241698643,0.07771111832226922
51380,0.15282530607247796,10731.706258532839,12858.032627609227,10477.846810479428,2380.185817129799,0.07791196305860694
51385,0.15284017813418216,10704.154685018371,12824.639863226386,10466.154912364273,2358.4849508621137,0.07809706691924277
51390,0.15285505019588638,10670.27384546007,12791.708086894036,10455.383691281562,2336.3243956124734,0.07826488072145946
51395,0.15286992225759058,10630.137918613418,12759.457045670393,10445.342975680278,2314.1140699901152,0.07841395031527255
51400,0.1528847943192948,10583.863985972992,12728.084369978385,10435.811649726522,2292.2727202518636,0.07854297265283468
51405,0.152899666380999,10531.609010720424,12697.75951762634,10426.54514861431,2271.21436901203,0.07866815316851677
51410,0.15291453844270322,10473.565798006981,12668.618847987856,10417.283632398468,2251.335215589388,0.07879886388777685
51415,0.15292941050440745,10409.95780507086,12640.761961660171,10407.760613554716,2233.0013481054557,0.07896378417158145
51420,0.15294428256611164,10341.032688039324,12614.249396670724,10397.711792626566,2216.537604044159,0.07918878141206669
51425,0.15295915462781587,10267.054570945727,12589.101726238727,10386.883841084851,2202.2178851538756,0.07939863951285979
51430,0.15297402668952007,10188.295203026672,12565.300056053637,10375.042865070016,2190.2571909836206,0.07960991945270739
51435,0.1529888987512243,10105.024408379182,12542.787872425242,10361.982288389316,2180.8055840359266,0.07983844183864063
51440,0.15300377081292849,10017.500485615454,12521.47414848418,10347.529905035724,2173.9442434484554,0.08004835284016029
51445,0.1530186428746327,9925.96143676394,12501.237575866056,10331.553866387607,2169.6837094784496,0.08023817646504829
51450,0.1530335149363369,9830.618047767108,12481.931755683727,10313.967383901916,2167.9643717818108,0.0804064657831075
51455,0.15304838699804113,9731.64986765113,12463.391155778772,10294.731946444486,2168.659209334286,0.08055175234182411
51460,0.15306325905974533,9629.20501095079,12445.43762071242,10273.858878325356,2171.5787423870643,0.08069879361696287
51465,0.15307813112144955,9523.404425717641,12427.887205478275,10251.40910674057,2176.4780987377053,0.0808546241319661
51470,0.15309300318315378,9414.350838946191,12410.557092772427,10227.491070693912,2183.0660220785157,0.08098251715648185
51475,0.15310787524485797,9302.142050763585,12393.272347591746,10202.256787746863,2191.0155598448837,0.08108077493620058
51480,0.1531227473065622,9186.887664474474,12375.872264231471,10175.896194723635,2199.9760695078367,0.081153670747965
51485,0.1531376193682664,9068.727797049807,12358.21607226789,10148.629982954246,2209.5860893136432,0.08126364089705712
51490,0.15315249142997062,8947.851904097695,12340.187792261437,10120.701243847585,2219.486548413852,0.08133906168961635
51495,0.1531673634916748,8824.515649672494,12321.700069590674,10092.366312906064,2229.3337566846094,0.08138372253840286
51500,0.15318223555337904,8699.0537987668,12302.696864822894,10063.885240365735,2238.8116244571593,0.08160173173372502
51505,0.15319710761508323,8571.887411770525,12283.154937345747,10035.512322009907,2247.6426153358407,0.08179416848928373
51510,0.15321197967678746,8443.524137441504,12263.08411940499,10007.487098217722,2255.597021187268,0.08195894861601453
51515,0.15322685173849165,8314.551064300018,12242.526433069224,9980.026180891262,2262.5002521779625,0.08209414450982887
51520,0.15324172380019588,8185.620316321916,12221.554146709477,9953.316205788997,2268.2379409204805,0.08223004828041461
51525,0.1532565958619001,8057.4282841380955,12200.266896692214,9927.508140345124,2272.7587563470897,0.0823842949749186
51530,0.1532714679236043,7930.689994587476,12178.78801339474,9902.71311041408,2276.0749029806593,0.08250517000629284
51535,0.15328633998530852,7806.110577909014,12157.26019056114,9878.999846057497,2278.260344503642,0.08259098749142604
51540,0.15330121204701272,7684.356049310178,12135.840628069443,9856.393785492897,2279.4468425765463,0.08267102198395164
51545,0.15331608410871694,7566.025658015672,12114.695766461165,9834.877815335136,2279.8179511260296,0.0827802982172042
51550,0.15333095617042114,7451.627875595429,12093.995723255504,9814.394563202459,2279.6011600530455,0.08285116241337505
51555,0.15334582823212536,7341.561721349368,12073.908540799677,9794.850097375858,2279.058443423819,0.08288238447457119
51560,0.15336070029382956,7236.1045979069895,12054.594365025712,9776.118831102238,2278.4755339234744,0.08294830828602778
51565,0.15337557235553378,7135.40719296845,12036.199692905098,9758.049380757406,2278.1503121476926,0.08301003116115471
51570,0.15339044441723798,7039.495362875244,12018.85184977854,9740.471091743151,2278.3807580353896,0.08302934597089688
51575,0.1534053164789422,6948.278323219527,12002.653880427337,9723.20092779569,2279.4529526316473,0.0830326879020092
51580,0.15342018854064643,6861.561991460749,11987.680053338034,9706.050421436095,2281.6296319019384,0.0830928314109028
51585,0.15343506060235063,6779.065996320131,11973.972180627727,9688.83240663892,2285.139773988807,0.08310827068593596
51590,0.15344993266405485,6700.442707304004,11961.536943577948,9671.3672988538,2290.1696447241484,0.0831808004293165
51595,0.15346480472575905,6625.2966453780955,11950.344386009168,9653.488750539083,2296.855635470085,0.08325923214961924
51600,0.15347967678746327,6553.202794155,11940.327697839382,9635.048589388674,2305.279108450708,0.08330839303694804
51605,0.15349454884916747,6483.7226023689855,11931.384363388755,9615.9210352739,2315.4633281148563,0.08342032393811143
51610,0.1535094209108717,6416.416803533742,11923.378697250995,9596.006279204881,2327.372418046114,0.08349760183988171
51615,0.1535242929725759,6350.854531513685,11916.145737285642,9575.23357730035,2340.9121599852915,0.08353967914623316
51620,0.1535391650342801,6286.618548446049,11909.496410249494,9553.564046655161,2355.932363594333,0.08354766332352906
51625,0.1535540370959843,6223.306707021449,11903.223830318888,9530.99333183576,2372.230498483128,0.0836291213561253
51630,0.15356890915768853,6160.530036564118,11897.110533933754,9507.554230087524,2389.5563038462296,0.08367341279207595
51635,0.15358378121939276,6097.908073960305,11890.936397309335,9483.319220576503,2407.6171767328324,0.0836802303678184
51640,0.15359865328109695,6035.06226419672,11884.486929432074,9458.402653156927,2426.084276275147,0.08366735082189987
51645,0.15361352534280118,5971.608434692945,11877.561589473687,9432.962145861062,2444.5994436126257,0.08372003775965553
51650,0.15362839740450537,5907.1494933219965,11869.981750415562,9407.198559132241,2462.783191283321,0.08373338301236276
51655,0.1536432694662096,5841.269586095332,11861.597926694029,9381.353803547503,2480.2441231465255,0.08370737207347254
51660,0.1536581415279138,5773.530944973803,11852.295906903737,9355.705736392312,2496.5901705114247,0.0836861530070064
51665,0.15367301358961802,5703.474533413187,11842.00148353466,9330.55953853277,2511.4419450018886,0.08371292488950659
51670,0.15368788565132221,5630.625344183617,11830.683546967675,9306.235245591566,2524.448301376109,0.0836986634912018
51675,0.15370275771302644,5554.5028240557,11818.355403556958,9283.051521690546,2535.3038818664118,0.0836437491725394
51680,0.15371762977473064,5474.636412317733,11805.074278597995,9261.306270239622,2543.7680083583728,0.08361447931654194
51685,0.15373250183643486,5390.585624902802,11790.939064802262,9241.25521354342,2549.683851258842,0.0836202222420557
51690,0.15374737389813908,5301.963548072745,11776.086467074498,9223.090067094732,2552.9963999797656,0.08358411885517245
51695,0.15376224595984328,5208.462087405432,11760.685768305968,9206.918306457905,2553.7674618480632,0.08350703761818834
51700,0.1537771180215475,5109.876908362448,11744.932494489345,9192.746702702538,2552.1857917868074,0.08348471945360883
51705,0.1537919900832517,5006.129754342084,11729.041289181503,9180.470733566655,2548.5705556148478,0.08347884699581953
51710,0.15380686214495592,4897.285776565372,11713.238317937376,9169.871641041362,2543.366676896014,0.08344170629926156
51715,0.15382173420666012,4783.5636812602515,11697.753515236354,9160.622319177697,2537.131196058657,0.08347163190618788
51720,0.15383660626836435,4665.336898835492,11682.812963299391,9152.302432585948,2530.5105307134436,0.08348229902222634
51725,0.15385147833006854,4543.124593447717,11668.631658398412,9144.422268001725,2524.209390396687,0.08346106609864194
51730,0.15386635039177277,4417.572131605615,11655.406880489281,9136.453906643923,2518.9529738453584,0.08340867583832783
51735,0.15388122245347696,4289.421574735185,11643.312340466027,9127.867476849644,2515.4448636163834,0.08341610661750333
51740,0.1538960945151812,4159.473795481953,11632.493239516445,9118.16960057546,2514.323638940985,0.08342076293665936
51745,0.1539109665768854,4028.5448552977687,11623.062339132006,9106.940762027785,2516.1215771042207,0.08339327986530498
51750,0.1539258386385896,3897.4202016956433,11615.09710975171,9093.86825417852,2521.2288555731902,0.08333440470708042
51755,0.15394071070029383,3766.8108941071487,11608.638001400746,9078.771620757912,2529.866380642834,0.08332339169040467
51760,0.15395558276199803,3637.3162829957637,11603.687860802196,9061.618095465341,2542.069765336855,0.08332890676171906
51765,0.15397045482370225,3509.3972079335626,11600.212505035674,9042.526399098162,2557.6861059375115,0.08330110128959328
51770,0.15398532688540645,3383.3627823905135,11598.142449430836,9021.758307389828,2576.384142041008,0.08324068914754629
51775,0.15400019894711067,3259.3722508997826,11597.375773520556,8999.698538793327,2597.677234727229,0.08320374783103517
51780,0.15401507100881487,3137.451433339891,11597.782089148945,8976.824609613108,2620.9574795358367,0.0832132662183958
51785,0.1540299430705191,3017.5212252684605,11599.207544448058,8953.669243288365,2645.538301159693,0.08318769985502186
51790,0.1540448151322233,2899.4338726933856,11601.480752385705,8930.778597925595,2670.7021544601103,0.0831279026775491
51795,0.1540596871939275,2783.011621874757,11604.419471500563,8908.669917568708,2695.749553931855,0.08305374634690803
51800,0.15407455925563174,2668.0820838494246,11607.837792611546,8887.792183454307,2720.0456091572396,0.08306960669277508
51805,0.15408943131733593,2554.505311470867,11611.553507374654,8868.492951802351,2743.060555572303,0.08304870998736133
51810,0.15410430337904016,2442.189062402229,11615.395266546513,8850.993869560423,2764.40139698609,0.08299209644803403
51815,0.15411917544074435,2331.0907826205766,11619.209094324071,8835.376452271941,2783.83264205213,0.08290134162987277
51820,0.15413404750244858,2221.207178938558,11622.86382647071,8821.578707211462,2801.285119259248,0.08289424343446751
51825,0.15414891956415278,2112.5545094130557,11626.255095790315,8809.402215367738,2816.852880422577,0.08288121307440527
51830,0.154163791625857,2005.1445644972946,11629.307601881888,8798.528459417641,2830.7791424642473,0.08283080474885413
51835,0.1541786636875612,1898.9624289770009,11631.975564694512,8788.542580252799,2843.4329844417134,0.08281564646258788
51840,0.15419353574926542,1793.9522570913587,11634.24145354662,8778.96239532425,2855.2790582223697,0.0828074367534102
51845,0.15420840781096962,1690.0163171364848,11636.113276753027,8769.270404825918,2866.8428719271087,0.08276579393860337
51850,0.15422327987267384,1587.0304807005668,11637.620880269922,8758.946597124257,2878.674283145665,0.0826922719458279
51855,0.15423815193437806,1484.8763641305195,11638.811807390224,8747.500076228664,2891.3117311615606,0.08271065907056453
51860,0.15425302399608226,1383.4869140663259,11639.747293963319,8734.497807774324,2905.2494861889954,0.08269600666801921
51865,0.15426789605778649,1282.8989767093235,11640.498905831384,8719.58907132054,2920.909834510843,0.08264656669610006
51870,0.15428276811949068,1183.303976129524,11641.14617306397,8702.52449695969,2938.6216761042797,0.08256442736590155
51875,0.1542976401811949,1085.086832909271,11641.775360304815,8683.168857580347,2958.6065027244676,0.08253460598998637
51880,0.1543125122428991,988.8440170837703,11642.479267215613,8661.507101304573,2980.97216591104,0.08251602384744827
51885,0.15432738430460333,895.3741348530948,11643.35771748339,8637.643456023086,3005.7142614603035,0.08246240822987543
51890,0.15434225636630752,805.638315061864,11644.518209113672,8611.79381959287,3032.724389520803,0.0823764279737043
51895,0.15435712842801175,720.6922205479332,11646.076096291688,8584.272044807205,3061.8040514844834,0.08229249537178623
51900,0.15437200048971594,641.5959611118215,11648.153675196076,8555.471099942984,3092.6825752530913,0.08227724555831142
51905,0.15438687255142017,569.3117807606523,11650.877657810992,8525.840388097005,3125.0372697139865,0.08222763160532327
51910,0.1544017446131244,504.6015870077081,11654.374726753518,8495.860701563492,3158.5140251900266,0.08214657814918051
51915,0.1544166166748286,447.93692580672723,11658.76514277871,8466.01834764865,3192.7467951300587,0.08203742462341063
51920,0.1544314887365328,399.43290681002145,11664.154686429401,8436.7799090128,3227.3747774166022,0.0820039053042594
51925,0.154446360798237,358.81509266969806,11670.625512371565,8408.568916778748,3262.0565955928178,0.08196712931162015
51930,0.15446123285994123,325.42484712436453,11678.226736184579,8381.74545719686,3296.4812789877196,0.08189916963122142
51935,0.15447610492164543,298.2644929441285,11686.965722697558,8356.589448906081,3330.3762737914767,0.08180335777836545
51940,0.15449097698334965,276.0792579036006,11696.801079167266,8333.288061721645,3363.513017445621,0.08171264843597388
51945,0.15450584904505385,257.4687657340128,11707.638269605563,8311.927531390109,3395.7107382154536,0.08169400800911958
51950,0.15452072110675807,241.01713931518498,11719.328570551841,8292.489471830484,3426.839098721357,0.08164361172551307
51955,0.15453559316846227,225.42801339881044,11731.671811254935,8274.85169083313,3456.8201204218058,0.08156485068787407
51960,0.1545504652301665,209.64928599796986,11744.42302019397,8258.793453995286,3485.629566198684,0.08146149549814402
51965,0.15456533729187072,192.97259791861688,11757.302774221305,8244.005082902913,3513.297691318392,0.08140360757767115
51970,0.15458020935357492,175.09451884346163,11770.01074925999,8230.10168705549,3539.9090622044987,0.08137290888922946
51975,0.15459508141527914,156.13022765379537,11782.241723204867,8216.640696140019,3565.6010270648476,0.08131311195404083
51980,0.15460995347698334,136.57582595801614,11793.703090019528,8203.142678545279,3590.560411474249,0.08125035872322484
51985,0.15462482553868756,117.22174794526836,11804.132807174854,8189.114719232732,3615.0180879421223,0.0811969641231465
51990,0.15463969760039176,99.02620895625296,11813.316612809382,8174.075412375341,3639.2412004340404,0.08112144142843608
51995,0.15465456966209598,82.96331350736364,11821.103316274966,8157.580332063847,3663.5229842111194,0.08104070802028603
52000,0.15466944172380018,69.86439141066876,11827.416997586179,8139.2467042237095,3688.1702933624692,0.08102487263292918
52005,0.1546843137855044,60.2726342342321,11832.265066670623,8118.775933333007,3713.4891333376163,0.0809837832617469
52010,0.1546991858472086,54.32982726753653,11835.741350660976,8095.972650001747,3739.7687006592287,0.08092033139449965
52015,0.15471405790891282,51.71004544495008,11838.023703469738,8070.759046933163,3767.264656536576,0.08083753623753165
52020,0.15472892997061705,51.60918927406965,11839.366052260508,8043.183465464057,3796.182586796451,0.08076615624563575
52025,0.15474380203232124,52.79209771218666,11840.085271205136,8013.422483177615,3826.662788027522,0.08073914589503695
52030,0.15475867409402547,53.691753743829395,11840.543745586609,7981.776127265495,3858.7676183211133,0.08068949575681876
52035,0.15477354615572966,52.548798297437315,11841.128892730349,7948.656277904394,3892.472614825954,0.08062033580374328
52040,0.1547884182174339,47.57496333171002,11842.231182123589,7914.568795344261,3927.662386779328,0.08053488662831723
52045,0.15480329027913808,37.12158273813111,11844.222308164077,7880.090355947231,3964.131952216846,0.08046402556782974
52050,0.1548181623408423,19.834176559656044,11847.435106462764,7845.8413634386225,4001.593743024142,0.0804315885348615
52055,0.1548330344025465,-5.223899865130079,11852.146587741216,7812.456565757626,4039.6900219835898,0.08037974022086643
52060,0.15484790646425073,-38.491920799750005,11858.565132529002,7780.555125072702,4078.0100074562997,0.08031180186088781
52065,0.15486277852595492,-79.88435355966794,11866.822495648521,7750.711851936567,4116.110643711954,0.08023107040124805
52070,0.15487765058765915,-128.81752269492426,11876.970861952323,7723.431141352735,4153.539720599588,0.08015666051075959
52075,0.15489252264936337,-184.2862645790883,11888.98481516679,7699.12487473346,4189.85994043333,0.08012633441094544
52080,0.15490739471106757,-244.98091229829333,11902.76775872212,7678.095222851568,4224.672535870553,0.0800797632113405
52085,0.1549222667727718,-309.4306193322427,11918.162077134184,7660.522945747357,4257.639131386827,0.08002011795037774
52090,0.154937138834476,-376.1564462331571,11934.962154549756,7646.461471722369,4288.500682827386,0.07995042107693508
52095,0.15495201089618021,-443.8171082994377,11952.929271500772,7635.836771011924,4317.092500488849,0.07987345826455064
52100,0.1549668829578844,-511.33184522345255,11971.807374475333,7628.45282754273,4343.354546932603,0.07984112795035468
52105,0.15498175501958864,-577.9682570607911,11991.338745039033,7624.002348271779,4367.336396767254,0.07980302374416387
52110,0.15499662708129283,-643.3876239371239,12011.278673930929,7622.082217526553,4389.196456404376,0.0797534196697289
52115,0.15501149914299706,-707.6454867352586,12031.408359764175,7622.213080757328,4409.195279006847,0.07969493450136476
52120,0.15502637120470125,-771.1503644294153,12051.545393758784,7623.862305401064,4427.68308835772,0.07962991873599107
52125,0.15504124326640548,-834.5877653003681,12071.551357203285,7626.4694011738275,4445.081956029458,0.07956635300544714
52130,0.1550561153281097,-898.8196629900413,12091.336244928978,7629.4727902354425,4461.8634546935355,0.07953359490547512
52135,0.1550709873898139,-964.7711647093711,12110.85963236941,7632.336625028863,4478.523007340546,0.07948966619948167
52140,0.15508585945151812,-1033.3162554903429,12130.128715933564,7634.57620702029,4495.552508913274,0.07943693976332622
52145,0.15510073151322232,-1105.1734923033273,12149.193559313464,7635.780524602084,4513.41303471138,0.07937755074435977
52150,0.15511560357492654,-1180.8206587301702,12168.14004908587,7635.6305574756,4532.509491610271,0.07931336223797825
52155,0.15513047563663074,-1260.434986782515,12187.081179215833,7633.912311882559,4553.168867333274,0.07924594564688033
52160,0.15514534769833496,-1343.8628741266566,12206.14733120485,7630.524032021586,4575.623299183263,0.07919191412814797
52165,0.15516021976003916,-1430.6202864520328,12225.476193746099,7625.477602875599,4599.9985908705,0.07913957216833248
52170,0.15517509182174338,-1519.9224131673163,12245.2028876751,7618.894708368102,4626.308179306997,0.07908116716857728
52175,0.15518996388344758,-1610.7387983773679,12265.450755557824,7610.998721317768,4654.452034240056,0.07901868484369871
52180,0.1552048359451518,-1701.8682463575806,12286.323171738111,7602.103493339839,4684.219678398273,0.07895382282921304
52185,0.15521970800685603,-1792.0264293278196,12307.896654042559,7592.600155615855,4715.296498426704,0.07889655228636912
52190,0.15523458006856022,-1879.9383958938542,12330.215525418636,7582.9427734317715,4747.272751986865,0.07898630966159063
52195,0.15524945213026445,-1964.4281230898068,12353.288378555573,7573.633311135901,4779.655067419672,0.07908080370914779
52200,0.15526432419196864,-2044.4978404241938,12377.08661917241,7565.205979462015,4811.880639710395,0.07917451022661459
52205,0.15527919625367287,-2119.3909894786484,12401.545374058038,7558.210766330117,4843.334607727921,0.07926238990410375
52210,0.15529406831537707,-2188.6342385708485,12426.567015412968,7553.195869993092,4873.371145419876,0.07934463039573537
52215,0.1553089403770813,-2252.055803251831,12452.027447234634,7550.688879737079,4901.338567497554,0.07942140162563657
52220,0.15532381243878549,-2309.779281748726,12477.785109910299,7551.176849137631,4926.6082607726685,0.07949284412354919
52225,0.1553386845004897,-2362.1941519597203,12503.692392149627,7555.085804650026,4948.606587499601,0.07959762108888206
52230,0.1553535565621939,-2409.9058488534683,12529.60882087911,7562.7606354197105,4966.848185459399,0.07970422007689447
52235,0.15536842862389813,-2453.66981538202,12555.415072498052,7574.446632042666,4980.9684404553855,0.07980503668316763
52240,0.15538330068560235,-2494.3149954283126,12581.026566331357,7590.27411855198,4990.752447779377,0.07990003976503957
52245,0.15539817274730655,-2532.6628659060516,12606.40521940308,7610.247618526055,4996.157600877024,0.0799959116055913
52250,0.15541304480901078,-2569.4483006065966,12631.567910281383,7634.240806388275,4997.327103893108,0.08009195968350129
52255,0.15542791687071497,-2605.248383675251,12656.59035243516,7661.998135706604,4994.592216728555,0.0801812800587906
52260,0.1554427889324192,-2640.424825499942,12681.605423917817,7693.143543371304,4988.461880546513,0.08026361359227012
52265,0.1554576609941234,-2675.0849376297792,12706.79552068802,7727.196053521107,4979.599467166912,0.08033864759773074
52270,0.15547253305582762,-2709.0652084865324,12732.379146058873,7763.591511937888,4968.787634120985,0.08040602364377357
52275,0.1554874051175318,-2741.9403481170793,12758.592643464364,7801.709140455467,4956.883503008898,0.0804793893919259
52280,0.15550227717923604,-2773.0591643340886,12785.668632597439,7840.901178674095,4944.767453923344,0.08057573689359229
52285,0.15551714924094023,-2801.606722340226,12813.813225532766,7880.523629698181,4933.289595834584,0.08066294194773267
52290,0.15553202130264446,-2826.6899055435806,12843.184397493542,7919.966077119062,4923.21832037448,0.08074062927772574
52295,0.15554689336434868,-2847.4408208165587,12873.873910633876,7958.678693005989,4915.195217627887,0.08081464031453585
52300,0.15556176542605288,-2863.129711051173,12905.894919474316,7996.1948841369185,4909.700035337398,0.08088479251968539
52305,0.1555766374877571,-2873.276549551305,12939.176844896529,8032.148475547008,4907.02836934952,0.08094436950214998
52310,0.1555915095494613,-2877.748821765337,12973.568348950857,8066.284842033377,4907.283506917481,0.08099316561550067
52315,0.15560638161116552,-2876.832706064677,13008.84836329771,8098.465901567344,4910.382461730365,0.08103103470129318
52320,0.15562125367286972,-2871.266377264048,13044.744224943879,8128.669321046208,4916.074903897671,0.08105789614752834
52325,0.15563612573457394,-2862.2276140274953,13080.955162332728,8156.982615233756,4923.9725470989715,0.08107373925016889
52330,0.15565099779627814,-2851.2730252814326,13117.178751673831,8183.59302952201,4933.585722151822,0.08111372953185193
52335,0.15566586985798236,-2840.2323348038717,13153.137605128657,8208.774194430978,4944.363410697679,0.0811557264616202
52340,0.15568074191968656,-2831.0672936778574,13188.603506088739,8232.870547186922,4955.732958901817,0.08119745378558668
52345,0.15569561398139078,-2825.709868011365,13223.416481988119,8256.28045935493,4967.136022633189,0.08122837578544365
52350,0.155710486043095,-2825.8974873513343,13257.496871669826,8279.438910464565,4978.057961205261,0.08124882848719271
52355,0.1557253581047992,-2833.023820097689,13290.849234761854,8302.800418860874,4988.04881590098,0.08125918953331812
52360,0.15574023016650343,-2848.0217052912285,13323.557868374497,8326.822790725106,4996.735077649391,0.08125985912479085
52365,0.15575510222820763,-2871.2908858689334,13355.774629620386,8351.952084451468,5003.822545168918,0.08125483721458458
52370,0.15576997428991185,-2902.6777426964563,13387.700598910926,8378.609022915683,5009.091575995242,0.08124801969754918
52375,0.15578484635161605,-2941.5081636700124,13419.563761701727,8407.176937580303,5012.386824121424,0.08123235054154669
52380,0.15579971841332027,-2986.6688337355154,13451.595265066573,8437.991214206235,5013.604050860338,0.0812081250805282
52385,0.15581459047502447,-3036.7272928287457,13484.006883833537,8471.330144886697,5012.6767389468405,0.08119096702814968
52390,0.1558294625367287,-3090.0775441916594,13516.97210923793,8507.407082970969,5009.565026266961,0.08119376560672897
52395,0.1558443345984329,-3145.096017940963,13550.61278612206,8546.363845682437,5004.248940439622,0.08118781461271003
52400,0.1558592066601371,-3200.2923004916665,13584.992537167022,8588.265405817127,4996.727131349895,0.08117572435202762
52405,0.15587407872184134,-3254.440087349323,13620.11740973369,8633.096043877216,4987.0213658564735,0.08116115722127744
52410,0.15588895078354553,-3306.676105005672,13655.943357455968,8680.757273094685,4975.186084361283,0.08113750580907651
52415,0.15590382284524976,-3356.5580705511093,13692.389416832062,8731.067971722758,4961.3214451093045,0.08110963376430445
52420,0.15591869490695395,-3404.076897662593,13729.35483652742,8783.767223135066,4945.587613392354,0.08107418432980004
52425,0.15593356696865818,-3449.623039665572,13766.738019683988,8838.520337767473,4928.217681916514,0.08102905548109444
52430,0.15594843903036237,-3493.9116961181535,13804.454977099735,8894.928385013118,4909.526592086617,0.08097414421478913
52435,0.1559633110920666,-3537.8760818735464,13842.455067328829,8952.541292523762,4889.913774805067,0.08091095951313097
52440,0.1559781831537708,-3582.5414752778397,13880.73210380217,9010.87419922256,4869.857904579609,0.0808408865916245
52445,0.15599305521547502,-3628.8947806708657,13919.329408661803,9069.426331017188,4849.903077644614,0.08076064983192412
52450,0.15600792727717921,-3677.76450413195,13958.338044704222,9127.701280976995,4830.636763727227,0.08067212494575618
52455,0.15602279933888344,-3729.7242958647385,13997.888204706931,9185.22730083848,4812.660903868451,0.08057354806261834
52460,0.15603767140058766,-3785.029831310616,14038.134512615172,9241.57611642157,4796.558396193603,0.08048864981931979
52465,0.15605254346229186,-3843.594330229029,14079.236713815835,9296.37890150291,4782.857812312925,0.08040313801426179
52470,0.15606741552399608,-3905.0031383395053,14121.337817558235,9349.338373787423,4771.999443770812,0.08030769739473036
52475,0.15608228758570028,-3968.563213950347,14164.542125436303,9400.236458026911,4764.305667409391,0.0802026479550315
52480,0.1560971596474045,-4033.379650540448,14208.895677156575,9448.937505748003,4759.9581714085725,0.08008835495806908
52485,0.1561120317091087,-4098.448913416065,14254.37144187753,9495.38756593014,4758.983875947391,0.07996521564333262
52490,0.15612690377081292,-4162.7574445709015,14300.861092726735,9539.610575210674,4761.25051751606,0.07983364509756544
52495,0.15614177583251712,-4225.374659999647,14348.17447719903,9581.702520990615,4766.471956208416,0.07969406229847535
52500,0.15615664789422135,-4285.530928423084,14396.047026283999,9621.824610281321,4774.222416002678,0.07954687727291203
52505,0.15617151995592554,-4342.673567120773,14444.15444488508,9660.196276758705,4783.958168126375,0.07939248013299238
52510,0.15618639201762977,-4396.496849386342,14492.13321902459,9697.088533785041,4795.044685239549,0.07923123249178349
52515,0.156201264079334,-4446.945108469154,14539.604874642291,9732.8178022435,4806.787072398791,0.0790634614596171
52520,0.1562161361410382,-4494.190892890665,14586.201610855682,9767.739979199312,4818.46163165637,0.07888945613771019
52525,0.1562310082027424,-4538.592486110978,14631.590941655555,9802.244227369947,4829.346714285608,0.07870946630560718
52530,0.1562458802644466,-4580.636741463124,14675.497292284503,9836.745801892683,4838.75149039182,0.07852370287117337
52535,0.15626075232615083,-4620.873994664305,14717.719035179402,9871.677217763936,4846.041817415466,0.07833233961806743
52540,0.15627562438785503,-4659.851801184757,14758.140103829215,9907.477206225642,4850.662897603574,0.07813551582451535
52545,0.15629049644955925,-4698.053506155315,14796.735967473154,9944.577196272241,4852.158771200913,0.0779333394050936
52550,0.15630536851126345,-4735.846376773867,14833.574277186604,9983.38544987809,4850.188827308515,0.07773329482118772
52555,0.15632024057296767,-4773.442455080016,14868.810834779602,10024.269417458676,4844.5414173209265,0.07754377513330193
52560,0.15633511263467187,-4810.873685460436,14902.6816715982,10067.537291643697,4835.144379954503,0.0773489480899016
52565,0.1563499846963761,-4847.981471132049,14935.491986924142,10113.420049942271,4822.071936981871,0.0771488972265829
52570,0.15636485675808032,-4884.4197772284315,14967.602555086052,10162.055430268469,4805.547124817584,0.07694369030129329
52575,0.1563797288197845,-4919.670278958667,14999.414051930613,10213.47524275386,4785.938809176752,0.07673338064823934
52580,0.15639460088148874,-4953.067797396872,15031.349651058785,10267.5971856008,4763.752465457985,0.07651800815191757
52585,0.15640947294319293,-4983.834243539097,15063.83624423027,10324.221937713864,4739.614306516405,0.07629759996818804
52590,0.15642434500489716,-5011.119351177273,15097.28475426668,10383.035814997442,4714.248939269239,0.07610578984170956
52595,0.15643921706660135,-5034.046498514168,15132.070200178337,10443.618789993792,4688.451410184545,0.07611392861661835
52600,0.15645408912830558,-5051.761834326542,15168.512386156031,10505.457276779112,4663.055109376919,0.07612017635617305
52605,0.15646896119000978,-5063.484735545919,15206.85825618363,10567.960843998362,4638.897412185268,0.07612443502905265
52610,0.156483833251714,-5068.557370896502,15247.267034323293,10630.481965134135,4616.785069189158,0.07612657397483098
52615,0.1564987053134182,-5066.490892744025,15289.799230011991,10692.338019938847,4597.461210073145,0.07612643814665282
52620,0.15651357737512242,-5057.005593488582,15334.410425335614,10752.834949513046,4581.5754758225685,0.07612385918874212
52625,0.15652844943682664,-5040.062308092665,15380.950493785815,10811.292138564317,4569.658355221498,0.07611866832188298
52630,0.15654332149853084,-5015.882475157992,15429.168555203392,10867.068157346683,4562.10039785671,0.07611179786238204
52635,0.15655819356023506,-4984.95462627807,15478.723581641021,10919.586887665959,4559.136693975062,0.07611802182102347
52640,0.15657306562193926,-4948.025677928177,15529.20016690217,10968.36328765424,4560.8368792479305,0.07612091288476616
52645,0.15658793768364349,-4906.076251705923,15580.128591405839,11013.027685395999,4567.10090600984,0.07612054022560533
52650,0.15660280974534768,-4860.280326819166,15631.007986363176,11053.347139406013,4577.660846957164,0.07611701008847403
52655,0.1566176818070519,-4811.950790195631,15681.331157794508,11089.242179465757,4592.088978328751,0.07611046703857043
52660,0.1566325538687561,-4762.47381929091,15730.609497724594,11120.797233310197,4609.812264414397,0.07610109209892756
52665,0.15664742593046033,-4713.236390157948,15778.396404576255,11148.263292548665,4630.13311202759,0.07608909790318404
52670,0.15666229799216452,-4665.552377322658,15824.307762359345,11172.051858890492,4652.255903468853,0.07607472123104937
52675,0.15667717005386875,-4620.593492789956,15868.03827890903,11192.719876722318,4675.318402186713,0.07607270100556245
52680,0.15669204211557297,-4579.331488864616,15909.372831963079,11210.946110053697,4698.426721909382,0.0760718241570749
52685,0.15670691417727717,-4542.497463066229,15948.19238066427,11227.50016271387,4720.6922179504,0.07606927494189422
52690,0.1567217862389814,-4510.562695630655,15984.474425022503,11243.205980444833,4741.26844457767,0.07606533988178937
52695,0.1567366583006856,-4483.743303349651,16018.28839358095,11258.90213999285,4759.3862535881,0.07606026778298734
52700,0.1567515303623898,-4462.028338977749,16049.786674590834,11275.401474346158,4774.3852002446765,0.07605426228481414
52705,0.156766402424094,-4445.228160536652,16079.192254729482,11293.452581268626,4785.739673460856,0.07604747680001434
52710,0.15678127448579823,-4433.037361959507,16106.78408016942,11313.705518745044,4793.078561424376,0.07604001219792347
52715,0.15679614654750243,-4425.104701066171,16132.881304934925,11336.683540100405,4796.19776483452,0.07604751985545301
52720,0.15681101860920665,-4421.101583898131,16157.82754344072,11362.762126560914,4795.065416879806,0.07605707990642996
52725,0.15682589067091085,-4420.780900952646,16181.976103204439,11392.155921893669,4789.82018131077,0.07606590971199415
52730,0.15684076273261507,-4424.019310373553,16205.676949251685,11424.913557445385,4780.7633918063,0.07607396020297788
52735,0.1568556347943193,-4430.8382169377255,16229.265860738895,11460.919860992697,4768.345999746198,0.07608114698443236
52740,0.1568705068560235,-4441.401393012158,16253.055911538833,11499.90462291524,4753.151288623592,0.07608735925292605
52745,0.15688537891772772,-4455.990077409937,16277.33108145254,11541.456957951861,4735.874123500678,0.07609246836201124
52750,0.15690025097943192,-4474.959127556525,16302.341532977362,11585.044315130119,4717.297217847243,0.076096335425303
52755,0.15691512304113614,-4498.680082816503,16328.299917895787,11630.035286671691,4698.264631224096,0.0761161220829704
52760,0.15692999510284034,-4527.478569128882,16355.37804150423,11675.725474910463,4679.652566593766,0.07613510304778158
52765,0.15694486716454456,-4561.574150150784,16383.703317824875,11721.365734774061,4662.337583050814,0.07615222995664774
52770,0.15695973922624876,-4601.030408400158,16413.35467491486,11766.192086714904,4647.162588199955,0.07616739232323219
52775,0.15697461128795298,-4645.721727369746,16444.357868652158,11809.45649064368,4634.901378008477,0.07618048754770279
52780,0.15698948334965718,-4695.32107045339,16476.68047668367,11850.457509194865,4626.222967488804,0.076191422152844
52785,0.1570043554113614,-4749.310266123104,16510.227114810954,11888.569707085597,4621.657407725357,0.07620011221959488
52790,0.15701922747306563,-4807.011272322623,16544.835604891294,11923.270476896541,4621.565127994752,0.07620648324502406
52795,0.15703409953476982,-4867.634045140301,16580.274907110026,11954.162895658284,4626.112011451742,0.07622817548902376
52800,0.15704897159647405,-4930.3344346778085,16616.245610584017,11980.99324290088,4635.252367683137,0.07625582723718473
52805,0.15706384365817824,-4994.274367649092,16652.38366720358,12003.661981184327,4648.721686019253,0.07628146600548602
52810,0.15707871571988247,-5058.676680529834,16688.26786992455,12022.227327085373,4666.040542839179,0.07630502966759238
52815,0.15709358778158666,-5122.868322425646,16723.4313318438,12036.90100799191,4686.53032385189,0.07632647123174784
52820,0.1571084598432909,-5186.3079638008385,16757.376927199355,12048.03635925838,4709.340567940975,0.07634575804490347
52825,0.15712333190499508,-5248.59681803421,16789.596322147187,12056.109493341326,4733.486828805861,0.07636287065202353
52830,0.1571382039666993,-5309.474110235378,16819.59187063473,12061.694785414653,4757.897085220076,0.07637780097101811
52835,0.1571530760284035,-5368.800587391484,16846.900307716896,12065.436300130279,4781.464007586617,0.0763905494913377
52840,0.15716794809010773,-5426.53444145522,16871.11687730306,12068.016993674599,4803.09988362846,0.07641313720746505
52845,0.15718282015181195,-5482.703974782251,16891.918326114752,12070.127561209356,4821.790764905396,0.0764384203677362
52850,0.15719769221351615,-5537.380492407303,16909.0831191421,12072.436687020987,4836.6464321211115,0.07646225691330526
52855,0.15721256427522037,-5590.653636751795,16922.50730988395,12075.564230079042,4846.943079804907,0.07648461493677122
52860,0.15722743633692457,-5642.6101016343655,16932.214736562317,12080.058575963702,4852.156160598615,0.07650543656000079
52865,0.1572423083986288,-5693.3157064031475,16938.360595170743,12086.379032562103,4851.98156260864,0.07652463795361507
52870,0.157257180460333,-5742.800352308788,16941.227921619517,12094.88375925992,4846.344162359597,0.07654211212453763
52875,0.15727205252203721,-5791.045417740474,16941.21704326969,12105.823314811509,4835.3937284581825,0.07656257783343919
52880,0.1572869245837414,-5837.973526212365,16938.82857432884,12119.339511626833,4819.489062702007,0.07659600044713857
52885,0.15730179664544564,-5883.441110014086,16934.64097489349,12135.468906778302,4799.172068115187,0.07662776869576157
52890,0.15731666870714983,-5927.234563065294,16929.284029012866,12154.149980545077,4775.134048467789,0.07665767663099915
52895,0.15733154076885406,-5969.0708664092135,16923.409801423382,12175.232886404236,4748.176915019147,0.07668553212119213
52900,0.15734641283055828,-6008.603328011461,16917.662704002923,12198.490624046843,4719.172079956081,0.07671116383718159
52905,0.15736128489226248,-6045.432568980607,16912.650256264584,12223.630592718546,4689.019663546038,0.07673442464351135
52910,0.1573761569539667,-6079.122259949833,16908.915984330062,12250.305708527132,4658.61027580293,0.07676149872861342
52915,0.1573910290156709,-6109.218541001362,16906.91569807229,12278.1245814576,4628.791116614691,0.0768000790743062
52920,0.15740590107737512,-6135.271687867978,16906.9981421932,12306.660598702763,4600.337543490436,0.07683615849185212
52925,0.15742077313907932,-6156.858474523859,16909.39075371475,12335.460099506305,4573.930654208445,0.07686963339710534
52930,0.15743564520078354,-6173.603791869273,16914.190989163268,12364.05010544717,4550.140883716098,0.07690040830759325
52935,0.15745051726248774,-6185.2003146475,16921.363418104687,12391.946251280848,4529.41716682384,0.07692838811926123
52940,0.15746538932419196,-6191.425261431016,16930.742522036737,12418.661621135821,4512.080900900915,0.07695347133408148
52945,0.15748026138589616,-6192.153514666996,16942.040895571554,12443.717123903976,4498.323771667578,0.0769768572517823
52950,0.15749513344760038,-6187.366577864245,16954.86232885914,12466.65384444233,4488.208484416811,0.07701609035232405
52955,0.1575100055093046,-6177.157099635641,16968.719066753143,12487.047500364512,4481.671566388632,0.07705237584384497
52960,0.1575248775710088,-6161.729017891807,16983.052401934037,12504.524746170868,4478.52765576317,0.0770855772329571
52965,0.15753974963271303,-6141.393726712194,16997.25567434117,12518.780638439894,4478.475035901276,0.07711554610176961
52970,0.15755462169441722,-6116.562928624509,17010.69872032938,12529.596161637643,4481.102558691737,0.07714212620879501
52975,0.15756949375612145,-6087.738881065451,17022.75283646008,12536.854377014384,4485.898459445696,0.07716515896491134
52980,0.15758436581782564,-6055.502521882775,17032.81538124714,12540.553561005325,4492.261820241814,0.07718448972061549
52985,0.15759923787952987,-6020.499528702985,17040.333214565362,12540.815696454843,4499.517518110519,0.07721361774308112
52990,0.15761410994123407,-5983.4239067965045,17044.82424942885,12537.888896330396,4506.935353098454,0.07724766386323283
52995,0.1576289820029383,-5944.998435070372,17045.896450921216,12532.142767489617,4513.7536834316,0.07727822706292055
53000,0.15764385406464249,-5905.951419923373,17043.26365916703,12524.056318013245,4519.207341153786,0.07730520553587436
53005,0.1576587261263467,-5866.98979419025,17036.75764685988,12514.198703691689,4522.558943168193,0.07732851583301877
53010,0.15767359818805093,-5828.769588964904,17026.335866870802,12503.203809984423,4523.132056886379,0.07734809352496588
53015,0.15768847024975513,-5791.865990886027,17012.08442577749,12491.740286125858,4520.344139651634,0.0773638920067851
53020,0.15770334231145935,-5756.746262945526,16994.21595471571,12480.479109607002,4513.736845108708,0.0773905702347862
53025,0.15771821437316355,-5723.749410233367,16973.062247591828,12470.061002907943,4503.001244683885,0.0774245157328283
53030,0.15773308643486778,-5693.076337699,16949.061789760515,12461.066016787156,4487.99577297336,0.07745520962948114
53035,0.15774795849657197,-5664.793260000379,16922.742583249732,12453.987333133093,4468.755250116639,0.07748256066643798
53040,0.1577628305582762,-5638.849382919795,16894.70095359883,12449.210857799762,4445.490095799067,0.07750646252882995
53045,0.1577777026199804,-5615.107683454538,16865.57726447311,12447.00153802086,4418.575726452251,0.07752678919657828
53050,0.15779257468168462,-5593.38539974442,16836.02964444834,12447.496647276968,4388.532997171371,0.07754414201933442
53055,0.1578074467433888,-5573.499042865063,16806.70693434443,12450.705643905967,4356.001290438464,0.07758529983737021
53060,0.15782231880509304,-5555.307706579183,16778.22209427113,12456.515728795195,4321.706365475933,0.07762282982368694
53065,0.15783719086679726,-5538.7483642292,16751.12727472024,12464.701966208819,4286.42530851142,0.07765639771623477
53070,0.15785206292850146,-5523.857712229123,16725.8916637262,12474.940799884815,4250.950863841386,0.07768564935742134
53075,0.15786693499020568,-5510.776802601813,16702.88307683608,12486.825947881154,4216.057128954924,0.07771022156200769
53080,0.15788180705190988,-5499.736948884079,16682.354060947207,12499.885909387693,4182.468151559515,0.07772975470188379
53085,0.1578966791136141,-5491.0278781124725,16664.43304167521,12513.602569706207,4150.830471969002,0.07776639753845101
53090,0.1579115511753183,-5484.951511483344,16649.120769301364,12527.430568986434,4121.69020031493,0.07780563111810944
53095,0.15792642323702252,-5481.766789058083,16636.292032710568,12540.817165526432,4095.4748671841353,0.07783899608397236
53100,0.15794129529872672,-5481.632360957129,16625.70234343945,12553.222273960873,4072.480069478577,0.07786613504525534
53105,0.15795616736043094,-5484.554564404622,16616.99907241858,12564.138221532143,4052.860850886438,0.0778867525799292
53110,0.15797103942213514,-5490.347782491375,16609.73637120072,12573.10858772844,4036.6277834722805,0.07790061903777352
53115,0.15798591148383936,-5498.613018678675,16603.39313357022,12579.745324830488,4023.64780873973,0.07792472208459728
53120,0.1580007835455436,-5508.738425402312,16597.393242056358,12583.74324688598,4013.649995170377,0.07795709382416817
53125,0.15801565560724778,-5519.922846323878,16591.127374357497,12584.890961340305,4006.236413017192,0.07798242055496298
53130,0.158030527668952,-5531.220557871733,16583.975689400697,12583.07742631124,4000.898263089457,0.07800058739259903
53135,0.1580453997306562,-5541.60278846764,16575.330748367127,12578.293553510159,3997.037194856968,0.07801152045491946
53140,0.15806027179236043,-5550.02967680577,16564.620039593305,12570.628624935684,3993.991414657621,0.07801517667172436
53145,0.15807514385406463,-5555.525371253789,16551.32746818895,12560.261709637221,3991.0657585517274,0.0780288639045135
53150,0.15809001591576885,-5557.2490086572225,16535.01315289235,12547.448696751064,3987.5644561412846,0.07805326376067005
53155,0.15810488797747305,-5554.555162697641,16515.330861079474,12532.505939298646,3982.824921780828,0.07807040754014796
53160,0.15811976003917727,-5547.03870942752,16492.04242377996,12515.791776648324,3976.2506471316356,0.07808016558171668
53165,0.15813463210088147,-5534.560606539372,16465.02851558338,12497.687340589067,3967.3411749943134,0.078082420053731
53170,0.1581495041625857,-5517.252606446406,16434.295261023683,12478.5780445357,3955.717216487983,0.07807707020715547
53175,0.15816437622428992,-5495.500344634089,16399.976235250044,12458.837022136511,3941.1392131135326,0.0780967632026027
53180,0.1581792482859941,-5469.905599977503,16362.329557620404,12438.811545563405,3923.5180120569985,0.07811503883996472
53185,0.15819412034769834,-5441.229892243445,16321.729931336631,12418.813141404888,3902.9167899317436,0.07812530359557827
53190,0.15820899240940253,-5410.3230104044615,16278.655665340772,12399.11175644065,3879.543908900121,0.07812738585231671
53195,0.15822386447110676,-5378.041515902504,16233.670934486992,12379.933928622457,3853.7370058645356,0.07812117809924717
53200,0.15823873653281095,-5345.163603883361,16187.403794855643,12361.464516045433,3825.9392788102105,0.0781291455326188
53205,0.15825360859451518,-5312.307725337577,16140.520765692965,12343.851162423347,3796.669603269618,0.07814819446129435
53210,0.15826848065621937,-5279.862839762971,16093.699093227333,12327.210372859718,3766.4887203676153,0.07815837970089849
53215,0.1582833527179236,-5247.9378715855055,16047.598082735529,12311.633881942416,3735.9642007931125,0.07815966111645319
53220,0.1582982247796278,-5216.33674802237,16002.831071832508,12297.193954491231,3705.637117341277,0.07815209945555918
53225,0.15831309684133202,-5184.563280455218,15959.939670784779,12283.946389969278,3675.993280815501,0.07815150783651234
53230,0.15832796890303624,-5151.857238494842,15919.371782838303,12271.930306736742,3647.4414761015614,0.07816986493783644
53235,0.15834284096474044,-5117.259534799772,15881.464636504214,12261.164240991242,3620.3003955129716,0.07817896808834741
53240,0.15835771302644466,-5079.700908017172,15846.43364365545,12251.638663329777,3594.7949803256724,0.07817896312680053
53245,0.15837258508814886,-5038.105365511131,15814.367402119278,12243.305628653367,3571.0617734659118,0.07817006777106104
53250,0.15838745714985308,-4991.49742823997,15785.228664499185,12236.066852132959,3549.1618123662265,0.07815727922482389
53255,0.15840232921155728,-4939.1012997121215,15758.860668977719,12229.761958098203,3529.098710879516,0.07817457066811433
53260,0.1584172012732615,-4880.420654674961,15734.997926553307,12224.158899518412,3510.8390270348955,0.07818257414089923
53265,0.1584320733349657,-4815.289770498122,15713.280407441222,12218.948534827956,3494.3318726132657,0.07818146733899095
53270,0.15844694539666992,-4743.889950184381,15693.270061628536,12213.74505394295,3479.5250076855864,0.07817147544298539
53275,0.15846181745837412,-4666.729203629451,15674.46871578924,12208.093388474312,3466.3753273149287,0.07815286748457094
53280,0.15847668952007835,-4584.587476134631,15656.336569151235,12201.483987698342,3454.852581452893,0.07815533169335857
53285,0.15849156158178257,-4498.433825901082,15638.310721087752,12193.374490477578,3444.936230610174,0.07816194990528533
53290,0.15850643364348677,-4409.32535298897,15619.823366007397,12183.216989005103,3436.606377002294,0.07815940491720075
53295,0.158521305705191,-4318.29992217918,15600.319458383854,12170.488875019844,3429.8305833640097,0.078147960836035
53300,0.1585361777668952,-4226.2754673170275,15579.273763421459,12154.724774834405,3424.548988587054,0.07812794064722905
53305,0.1585510498285994,-4133.967768954617,15556.207254823967,12135.546875164864,3420.6603796591025,0.07810476140072867
53310,0.1585659218903036,-4041.8361543024967,15530.702795217845,12112.691037251689,3418.0117579661564,0.07811036076035568
53315,0.15858079395200783,-3950.0629169348067,15502.41993949508,12086.026472274878,3416.3934672202013,0.07810707482256303
53320,0.15859566601371203,-3858.56792048243,15471.1085495081,12055.567352070095,3415.541197438006,0.07809525176788286
53325,0.15861053807541625,-3767.055456510401,15436.620724560793,12021.475476299116,3415.145248261677,0.07807529494438875
53330,0.15862541013712045,-3675.086580755611,15398.920371278207,11984.053919176971,3414.866452101236,0.07804765492911059
53335,0.15864028219882467,-3582.167356663571,15358.089600491487,11943.732346293971,3414.3572541975154,0.07803273617487301
53340,0.1586551542605289,-3487.842018805064,15314.331089131203,11901.045348251155,3413.2857408800483,0.0780316703319501
53345,0.1586700263222331,-3391.7801402110563,15267.96561404494,11856.605624783344,3411.3599892615966,0.07802270005554489
53350,0.15868489838393732,-3293.848324708497,15219.42416711387,11811.074132269683,3408.3500348441867,0.07800623003890479
53355,0.1586997704456415,-3194.1594201744356,15169.234388941839,11765.129359372333,3404.105029569506,0.07798269201453048
53360,0.15871464250734574,-3093.0952939723447,15118.001479413488,11719.437720198635,3398.5637592148523,0.07795253501455447
53365,0.15872951456904993,-2991.302321168081,15066.384205810165,11674.626676595348,3391.7575292148176,0.07794918416744114
53370,0.15874438663075416,-2889.661470094303,15015.067071432755,11631.261675966283,3383.805395466472,0.07794603141709192
53375,0.15875925869245835,-2789.236944344486,14964.73007179137,11589.827404918868,3374.902666872502,0.07793559894022506
53380,0.15877413075416258,-2691.2086649601733,14916.017708036945,11550.713320269311,3365.3043877676337,0.07791819873268303
53385,0.15878900281586678,-2596.794535909823,14869.509027164064,11514.203034785243,3355.3059923788205,0.07789415590756393
53390,0.158803874877571,-2507.1686177649044,14825.69041609558,11480.466981252528,3345.223434843052,0.07786679165024674
53395,0.15881874693927522,-2423.381234894443,14784.932709163073,11449.557871545541,3335.3748376175317,0.07786895502009789
53400,0.15883361900097942,-2346.286779429287,14747.47390112375,11421.408753292098,3326.065147831652,0.07786336515294306
53405,0.15884849106268364,-2276.484553204724,14713.408417688186,11395.833833344857,3317.5745843433288,0.0778502696505852
53410,0.15886336312438784,-2214.2773124587893,14682.683507541837,11372.532548937106,3310.1509586047305,0.07782996097756668
53415,0.15887823518609206,-2159.651127982266,14655.102907078874,11351.097508665143,3304.0053984137303,0.07780277727711811
53420,0.15889310724779626,-2112.2786792735005,14630.33751459385,11331.026836585663,3299.310678008187,0.0777743749923365
53425,0.15890797930950049,-2071.546213122483,14607.942419206845,11311.741144294536,3296.2012749123096,0.07776993446655929
53430,0.15892285137120468,-2036.6022805862194,14587.379287048145,11292.604897582301,3294.7743894658433,0.07775760605200421
53435,0.1589377234329089,-2006.4242657105606,14568.04283699134,11272.951437323756,3295.0913996675845,0.07773783128414745
53440,0.1589525954946131,-1979.8968944987391,14549.289958094498,11252.110458749601,3297.1794993448966,0.0777111114688477
53445,0.15896746755631733,-1955.8955936129587,14530.469938323195,11229.436424502232,3301.033513820963,0.07767799454590407
53450,0.15898233961802155,-1933.366933088515,14510.954284978732,11204.33622586262,3306.618059116112,0.07763905920525849
53455,0.15899721167972575,-1911.3985615424062,14490.16470764866,11176.294422912082,3313.8702847365785,0.07762360948169067
53460,0.15901208374142997,-1889.2720876567892,14467.59798544439,11144.894575932396,3322.7034095119943,0.07760483512228557
53465,0.15902695580313417,-1866.4942476586257,14442.846633708463,11109.835501060232,3333.011132648231,0.07757985884717382
53470,0.1590418278648384,-1842.8042589659017,14415.614508594515,11070.941706644813,3344.6728019497023,0.0775492669025416
53475,0.1590566999265426,-1818.158168978658,14385.726735614324,11028.167745989516,3357.5589896248075,0.07751363127363725
53480,0.1590715719882468,-1792.693807869373,14353.133620103075,10981.596699813632,3371.5369202894435,0.07747349861330742
53485,0.159086444049951,-1766.6821486372955,14317.908493605015,10931.43341597538,3386.475077629635,0.07744120634894375
53490,0.15910131611165523,-1740.4720658320293,14280.23976527604,10877.993429380944,3402.2463358950954,0.07742223119979963
53495,0.15911618817335943,-1714.4354831742457,14240.417767523613,10821.688626466925,3418.7291410566886,0.07739838756537687
53500,0.15913106023506365,-1688.918803253906,14198.817286826941,10763.010701447074,3435.806585379867,0.07737012144700244
53505,0.15914593229676788,-1664.2046539099338,14155.876924169534,10702.513302614492,3453.3636215550414,0.07733785006496276
53510,0.15916080435847207,-1640.485833284425,14112.076603994745,10640.79353792642,3471.283066068325,0.0773019574232218
53515,0.1591756764201763,-1617.8513494591352,14067.91462103419,10578.473262059983,3489.441358974207,0.07726279054464504
53520,0.1591905484818805,-1596.2829734326442,14023.88556718072,10516.180360655775,3507.7052065249445,0.07724787128448524
53525,0.15920542054358472,-1575.6599231479413,13980.460317909068,10454.530124749484,3525.9301931595837,0.07727189390722566
53530,0.15922029260528892,-1555.7691662654197,13938.068998221594,10394.106790259466,3543.9622079621276,0.07741234443915053
53535,0.15923516466699314,-1536.319234205328,13897.08752500359,10335.44540035872,3561.64212464487,0.07754704255216512
53540,0.15925003672869734,-1516.956165433734,13857.827978626681,10279.01430638411,3578.8136722425716,0.07767608682475691
53545,0.15926490879040156,-1497.2809970653925,13820.532736002759,10225.198812486453,3595.3339235163057,0.07779957144446369
53550,0.15927978085210576,-1476.8688642737852,13785.37203790672,10174.28663954588,3611.0853983608395,0.07791951175259364
53555,0.15929465291380998,-1455.2900534817054,13752.444489100304,10126.455987712305,3625.9885013879993,0.07806215970893503
53560,0.1593095249755142,-1432.1331754168477,13721.779906631384,10081.766982594474,3640.0129240369097,0.07819956863746352
53565,0.1593243970372184,-1407.02998106622,13693.343928312508,10040.15718937244,3653.1867389400686,0.07833181152890663
53570,0.15933926909892263,-1379.6803774976725,13667.043846568777,10001.441688558954,3665.6021580098222,0.07847423737352732
53575,0.15935414116062682,-1349.8751747327697,13642.735215724479,9965.317961831171,3677.417253893307,0.07861713112596544
53580,0.15936901322233105,-1317.5133390622796,13620.228871146075,9931.375577659775,3688.8532934862997,0.07875510420292024
53585,0.15938388528403524,-1282.610345194409,13599.298084341744,9899.110428677703,3700.187655664042,0.07888822848348882
53590,0.15939875734573947,-1245.2947883764537,13579.685657411881,9867.943073933968,3711.7425834779133,0.0790165561535693
53595,0.15941362940744366,-1205.7917310395715,13561.11083786323,9837.240579176998,3723.870258686233,0.07914515939803776
53600,0.1594285014691479,-1164.3931198860955,13543.276015164442,9806.341114413932,3736.9349007505098,0.0792845642955961
53605,0.15944337353085208,-1121.4176863188022,13525.873242208314,9774.580444986093,3751.2927972222205,0.07941909499954147
53610,0.1594582455925563,-1077.1646484481334,13508.590698277898,9741.319332395771,3767.2713658821267,0.07954865664977845
53615,0.15947311765426053,-1031.866906324989,13491.119259477726,9705.970749231628,3785.1485102460974,0.0796731277053475
53620,0.15948798971596473,-985.6499913734024,13473.159351247774,9668.025726407737,3805.1336248400366,0.07979236738284247
53625,0.15950286177766895,-938.5026587940538,13454.428214892345,9627.07661552083,3827.3515993715155,0.07992229103510003
53630,0.15951773383937315,-890.2637226279749,13434.667625923837,9582.836588659207,3851.83103726463,0.08005087301884753
53635,0.15953260590107737,-840.6277188131571,13413.651968568887,9535.154328419178,3878.4976401497097,0.08017365507163816
53640,0.15954747796278157,-789.1695668810498,13391.196419765465,9484.023084190094,3907.1733355753713,0.08029048420881967
53645,0.1595623500244858,-735.3859756061029,13367.164853941544,9429.583573318023,3937.581280623521,0.08041796919545617
53650,0.15957722208619,-678.7492672847875,13341.476971712214,9372.120560122716,3969.3564115894987,0.08055739173864927
53655,0.15959209414789421,-618.7678473252618,13314.114099820461,9312.053316437916,4002.060783382545,0.08069099623136225
53660,0.1596069662095984,-555.0468564887979,13285.123115025113,9249.92051815871,4035.202596866404,0.08081868418061673
53665,0.15962183827130264,-487.34262197475255,13254.618010122396,9186.360432800418,4068.257577321978,0.08094661906335968
53670,0.15963671033300686,-415.60528475751926,13222.778736804792,9122.087481946455,4100.691254858337,0.08108325158018784
53675,0.15965158239471106,-340.00527835202047,13189.847113337953,9057.866406596802,4131.980706741151,0.08121392646534933
53680,0.15966645445641528,-260.94099072859353,13156.11975905676,8994.485314427704,4161.634444629057,0.08133863581445672
53685,0.15968132651811948,-179.02676990707005,13121.9381971894,8932.728839916264,4189.2093572731355,0.08145739698792995
53690,0.1596961985798237,-95.06225884694868,13087.676439825169,8873.352498237911,4214.323941587258,0.08157297774197125
53695,0.1597110706415279,-9.985717048570223,13053.726524598402,8817.059067611039,4236.667456987363,0.08170200503343326
53700,0.15972594270323212,75.18460978219446,13020.482605598181,8764.47751411015,4256.00509148803,0.08182558601608649
53705,0.15974081476493632,159.4159581444601,12988.324307425844,8716.14462108858,4272.179686337264,0.08194388525950423
53710,0.15975568682664054,241.7275995771579,12957.600128562008,8672.489165430154,4285.110963131854,0.08205711370179183
53715,0.15977055888834474,321.25254764786223,12928.611725388684,8633.81826740785,4294.793457980833,0.08217267583323778
53720,0.15978543095004896,397.2888152964115,12901.599916881565,8600.305493544807,4301.294423336758,0.08229930182721718
53725,0.1598003030117532,469.335468705076,12876.733215710057,8571.98044642383,4304.752769286228,0.08243161201432375
53730,0.15981517507345738,537.1100803388108,12854.099607046635,8548.71992098948,4305.379686057155,0.08258072218577886
53735,0.1598300471351616,600.5459690607968,12833.702156139248,8530.241184466928,4303.460971672321,0.08273484621805387
53740,0.1598449191968658,659.7696748616399,12815.458829139343,8516.098449371553,4299.36037976779,0.08288617951176598
53745,0.15985979125857003,715.061216646347,12799.20666615246,8505.684041283677,4293.522624868783,0.08303482202929055
53750,0.15987466332027422,766.8015383407928,12784.710167543164,8498.236005525145,4286.474162018019,0.08318080049501765
53755,0.15988953538197845,815.4128831084181,12771.673468785708,8492.8538649437,4278.819603842008,0.08334501905973794
53760,0.15990440744368264,861.2984538142373,12759.755614711694,8488.523887822996,4271.231726888698,0.08350699487851257
53765,0.15991927950538687,904.7875744131907,12748.58802953238,8484.1545471864,4264.433482345981,0.0836657845078222
53770,0.15993415156709107,946.0917785475231,12737.793137539846,8478.621893083791,4259.171244456054,0.08382105203784242
53775,0.1599490236287953,985.2760427169287,12727.003034195697,8470.823405300975,4256.179628894723,0.0839741098954392
53780,0.1599638956904995,1022.2479808714252,12715.877139729513,8459.737674281401,4256.139465448112,0.08414222153366972
53785,0.1599787677522037,1056.7663602987905,12704.11787778138,8444.486133602619,4259.631744178761,0.08430545932797494
53790,0.15999363981390793,1088.4687870645012,12691.483592077097,8424.392213293222,4267.0913787838745,0.08446328135824095
53795,0.16000851187561213,1116.9167619324635,12677.798123295557,8399.032862605945,4278.765260689612,0.08465261879606165
53800,0.16002338393731635,1141.6544739179972,12662.956695771818,8368.277523166978,4294.67917260484,0.08483679918809796
53805,0.16003825599902055,1162.2757737835036,12646.927992988813,8332.31036439653,4314.617628592283,0.08501514298679276
53810,0.16005312806072478,1178.4920446988235,12629.75252049415,8291.632875732766,4338.119644761384,0.08518843266024768
53815,0.16006800012242897,1190.1925963362046,12611.537556911237,8247.045603744691,4364.4919531665455,0.08537436844363842
53820,0.1600828721841332,1197.4891920107202,12592.449171760043,8199.609713206844,4392.839458553199,0.08555347519339293
53825,0.1600977442458374,1200.7376555798965,12572.70193602962,8150.590891663493,4422.111044366127,0.0857254244314417
53830,0.16011261630754162,1200.5321884856166,12552.54705956105,8101.389671240412,4451.157388320637,0.08588992863695115
53835,0.16012748836924584,1197.6717270775061,12532.259749248928,8053.463327918042,4478.796421330886,0.08606149307064537
53840,0.16014236043095004,1193.101796329618,12512.126585063703,8008.245037719881,4503.881547343822,0.08623135449307255
53845,0.16015723249265426,1187.8391570300428,12492.433651096031,7967.065911511814,4525.367739584217,0.08639328321892362
53850,0.16017210455435846,1182.8894269068078,12473.456035625835,7931.084964570638,4542.371071055198,0.08654909190843871
53855,0.16018697661606268,1179.1692808368516,12455.449134969942,7901.231128246142,4554.2180067238,0.08672884390031002
53860,0.16020184867776688,1177.4445436293481,12438.641977195597,7878.1602294701925,4560.481747725405,0.08690122287347599
53865,0.1602167207394711,1178.2934784478675,12423.23254962791,7862.228599118939,4561.003950508971,0.08708180751675604
53870,0.1602315928011753,1182.101069514003,12409.384900685463,7853.483750591386,4555.901150094078,0.08725773776089671
53875,0.16024646486287952,1189.085514522707,12397.227625622034,7851.671491047587,4545.556134574447,0.08742589192951622
53880,0.16026133692458372,1199.353053344883,12386.853265368705,7856.257949549334,4530.5953158193715,0.08758604062630582
53885,0.16027620898628794,1212.972367652541,12378.318163537151,7866.464356097071,4511.85380744008,0.08775109651323831
53890,0.16029108104799217,1230.0558691526949,12371.642436547892,7881.311983350947,4490.330453196945,0.08791284786528081
53895,0.16030595310969636,1250.8330135460546,12366.809894114955,7899.674447612124,4467.135446502831,0.08806605751438973
53900,0.1603208251714006,1275.7009347582189,12363.767963597025,7920.334521361975,4443.43344223505,0.08821046666085589
53905,0.16033569723310478,1305.2404710055835,12362.427874696765,7942.04269185407,4420.385182842695,0.08836911481114373
53910,0.160350569294809,1340.1908746467616,12362.665505019495,7963.57486403096,4399.090640988535,0.08853682558622775
53915,0.1603654413565132,1381.3834738360456,12364.323338861022,7983.786815227904,4380.536523633118,0.08869628673410372
53920,0.16038031341821743,1429.6421461881346,12367.213938192224,8001.663243724604,4365.55069446762,0.08884727503015451
53925,0.16039518547992163,1485.6652659123047,12371.125175351539,8016.359512799641,4354.765662551898,0.08898958430979755
53930,0.16041005754162585,1549.9083960885473,12375.827259511094,8027.234491836388,4348.592767674706,0.08913630576845555
53935,0.16042492960333005,1622.488334478594,12381.081342774867,8033.873257559644,4347.208085215223,0.08927454685361727
53940,0.16043980166503427,1703.1266929977737,12386.649258033432,8036.098855703786,4350.550402329646,0.08940373974143354
53945,0.1604546737267385,1791.1452595006704,12392.303754970508,8033.972832692795,4358.3309222777125,0.0895261018206211
53950,0.1604695457884427,1885.5169648543779,12397.838487827008,8027.784802606783,4370.053685220225,0.08964902414216612
53955,0.16048441785014692,1984.9669203772082,12403.076981649083,8018.03187376313,4385.045107885953,0.08977177967316105
53960,0.1604992899118511,2088.1094713121947,12407.87986442349,8005.389271193679,4402.490593229812,0.08989236344492131
53965,0.16051416197355534,2193.6011065729326,12412.149793102104,7990.673910265375,4421.475882836729,0.09000900042994285
53970,0.16052903403525953,2300.2864132234554,12415.83370652173,7974.802969809997,4441.030736711732,0.0901170667881789
53975,0.16054390609696376,2407.315384248961,12418.92228546197,7958.749664409605,4460.172621052364,0.09021651955735956
53980,0.16055877815866795,2514.2148871239133,12421.446761832729,7943.49842521211,4477.948336620619,0.09030730763955991
53985,0.16057365022037218,2620.904042716311,12423.473464074092,7930.001580862493,4493.471883211599,0.09039261935640173
53990,0.16058852228207637,2727.6514229596505,12425.096683644628,7919.139409049823,4505.957274594804,0.09047244777358243
53995,0.1606033943437806,2834.9800864616536,12426.430573263058,7911.685135054843,4514.745438208215,0.09054345348650612
54000,0.16061826640548482,2943.533432659913,12427.600827849412,7908.276117183313,4519.324710666099,0.09060553015135021
