step,time_s,vortex_signal_pa,p_upstream_pa,p_downstream_pa,pressure_drop_pa,max_lattice_velocity
30000,0.08923237022526934,-268.7024774308088,6640.310595847054,3506.8791272045637,3133.4314686424905,0.08095876770497387
30005,0.08924724228697355,-72.59232344294696,6663.42234856565,3500.497956314418,3162.9243922512323,0.08095029249507546
30010,0.08926211434867776,118.49456743260089,6683.825369362758,3490.498242773403,3193.3271265893545,0.08091975654399303
30015,0.08927698641038197,303.0473241379236,6701.017097263797,3477.2570592622915,3223.7600380015056,0.08086793408324507
30020,0.08929185847208619,479.66525872231705,6714.60654271853,3461.2426812574536,3253.363861461077,0.08079565008017632
30025,0.0893067305337904,647.0999996935811,6724.323495788877,3442.996184948503,3281.327310840374,0.08070378092835101
30030,0.08932160259549461,804.2903002426897,6730.024200936658,3423.1093051495272,3306.914895787131,0.08069996887734907
30035,0.08933647465719882,950.3864764919258,6731.693799064518,3402.1998098258914,3329.493989238627,0.08068516594957575
30040,0.08935134671890303,1084.7619822674706,6729.445808552313,3380.885788378151,3348.5600201741618,0.08064610955153602
30045,0.08936621878060724,1207.0104241149015,6723.518829326468,3359.760223812626,3363.758605513842,0.08058326861249246
30050,0.08938109084231145,1316.927415210453,6714.27050652667,3339.367065513108,3374.903441013562,0.08049721513777999
30055,0.08939596290401566,1414.4781025061843,6702.1686166864865,3320.1798116852474,3381.988805001239,0.08048445877498828
30060,0.08941083496571987,1499.752919553147,6687.779004685548,3302.5834192159223,3385.1955854696257,0.08048105770317449
30065,0.08942570702742408,1572.915896625364,6671.750074338779,3286.8602204537337,3384.8898538850453,0.08044983838173894
30070,0.0894405790891283,1634.151339003608,6654.793661871258,3273.180428828365,3381.613233042893,0.08039102719203858
30075,0.08945545115083252,1683.6154697473562,6637.6623939003075,3261.597706776501,3376.0646871238064,0.08030493811855194
30080,0.08947032321253673,1721.399440390766,6621.123998565736,3252.0500906610537,3369.073907904682,0.08025041716877805
30085,0.08948519527424094,1747.5088814053734,6605.933424747027,3244.366286573539,3361.567138173488,0.080251283045529
30090,0.08950006733594515,1761.863091227412,6592.80395630277,3238.2769864518173,3354.5269698509524,0.08022049811980649
30095,0.08951493939764936,1764.3144460142494,6582.378731084726,3233.430470849355,3348.9482602353705,0.08015818964173552
30100,0.08952981145935357,1754.68612124655,6575.2041578051985,3229.411448109226,3345.7927096959725,0.08006457942845208
30105,0.08954468352105778,1732.8241489734905,6571.706660233918,3225.7618994520594,3345.944760781859,0.07994001061782206
30110,0.08955955558276199,1698.6584156569047,6572.173982392242,3222.0026834152695,3350.171298976972,0.07988407970182552
30115,0.0895744276444662,1652.2664695873027,6576.741996295638,3217.654781479964,3359.087214815674,0.0798468568399053
30120,0.08958929970617041,1593.933859365044,6585.387616860365,3212.2592872531495,3373.128329607215,0.07977519611167294
30125,0.08960417176787462,1524.205041850009,6597.928099837752,3205.395493246381,3392.5326065913705,0.07966962600808504
30130,0.08961904382957885,1443.9195981150224,6614.026713625394,3196.696662108499,3417.3300515168953,0.07953078512555554
30135,0.08963391589128306,1354.2295533694569,6633.204540685839,3185.863251744228,3447.341288941611,0.07935942101007397
30140,0.08964878795298727,1256.59499868915,6654.8579593985205,3172.673480950088,3482.1844784484324,0.07919519635089886
30145,0.08966366001469148,1152.7569082007499,6678.281155834009,3156.991171021116,3521.289984812893,0.07911616403257289
30150,0.08967853207639569,1044.6879276690233,6702.6928053641395,3138.770787168899,3563.9220181952405,0.07900272326072685
30155,0.0896934041380999,934.5238357319222,6727.2658589650755,3118.0595533822616,3609.206305582814,0.07885575084393968
30160,0.08970827619980411,824.4801982988038,6751.159198794907,3094.996461129118,3656.162737665789,0.07867612821417551
30165,0.08972314826150832,716.7603022090534,6773.549821780116,3069.8079786976596,3703.7418430824564,0.07846474616212717
30170,0.08973802032321253,613.4615966817132,6793.664183486132,3042.8003302436027,3750.8638532425293,0.07822251770688678
30175,0.08975289238491674,516.4883856314696,6810.807385990665,3014.3483669429706,3796.4590190476947,0.07798387845426809
30180,0.08976776444662095,427.4781942353111,6824.389013874001,2984.881283225178,3839.507730648823,0.07781248645460528
30185,0.08978263650832517,347.7479670484395,6833.944604908547,2954.8656983395967,3879.0789065689505,0.07763828859905916
30190,0.08979750857002938,278.2641260149867,6839.151981830792,2924.7868724634145,3914.365109367377,0.07743404097035095
30195,0.0898123806317336,219.6378438649408,6839.841957802513,2895.129005982025,3944.7129518204883,0.07720074460431108
30200,0.0898272526934378,172.1441568765017,6836.003234278756,2866.3556497661525,3969.6475845126038,0.07717159180013645
30205,0.08984212475514201,135.76124891414383,6827.781594398561,2838.8912317810987,3988.890362617462,0.07715065521093417
30210,0.08985699681684622,110.22473442077899,6815.473714289011,2813.1046049669058,4002.369109322105,0.07711567041909335
30215,0.08987186887855043,95.09115725689708,6799.516042727223,2789.2953767045938,4010.2206660226293,0.07712968243828898
30220,0.08988674094025464,89.80507257651834,6780.469241249313,2767.683615858724,4012.7856253905893,0.07712656256379109
30225,0.08990161300195885,93.76470490744305,6758.99866697791,2748.4033535609988,4010.5953134169113,0.07710482563585927
30230,0.08991648506366307,106.38195682593823,6735.851369426283,2731.500086094564,4004.351283331719,0.0770720653155309
30235,0.08993135712536728,127.13323730007232,6711.830104740401,2716.9322408950366,3994.8978638453646,0.07708957032916296
30240,0.0899462291870715,155.59810861673395,6687.764968183459,2704.576288605489,3983.18867957797,0.07708795450032989
30245,0.08996110124877571,191.48322855658125,6664.483401888447,2694.234913462985,3970.248488425462,0.07706561945097738
30250,0.08997597331047992,234.62974103580882,6642.779521109721,2685.6474480134807,3957.13207309624,0.0770330110170032
30255,0.08999084537218413,285.00339309736273,6623.383878736182,2678.501688303191,3944.882190432991,0.07705211685181756
30260,0.09000571743388834,342.6683053283173,6606.9349157814495,2672.4462549582167,3934.4886608232327,0.0770497417355999
30265,0.09002058949559255,407.74728852621956,6593.953394850144,2667.1028363579717,3926.8505584921722,0.07702430006105679
30270,0.09003546155729676,480.373423567351,6584.821066512476,2662.0778923767084,3922.7431741357677,0.07698145691466694
30275,0.09005033361900097,560.6387787065328,6579.764671296017,2656.9736487506793,3922.7910225453375,0.07699840231136063
30280,0.09006520568070518,648.546273843659,6578.84614326467,2651.3984196940687,3927.4477235706013,0.0769917370679516
30285,0.09008007774240939,743.9697886980612,6581.959577990691,2644.976427210919,3936.983150779772,0.0769600300742751
30290,0.0900949498041136,846.6259449780018,6588.835188682949,2637.3573275338085,3951.47786114914,0.07690196982158762
30295,0.09010982186581783,956.059035454256,6599.050129002506,2628.225610355596,3970.82451864691,0.07690571008782664
30300,0.09012469392752204,1071.638769165399,6612.04573086012,2617.3099146457093,3994.7358162144105,0.07689281025852904
30305,0.09013956598922625,1192.5691539257682,6627.1504011648685,2604.3921220024763,4022.7582791623922,0.07685367458585604
30310,0.09015443805093046,1317.90608338005,6643.607148894062,2589.3158704257703,4054.291278468292,0.07678720355738775
30315,0.09016931011263467,1446.5810446753303,6660.604482635708,2571.9939174016126,4088.6105652340957,0.0767597813664609
30320,0.09018418217433888,1577.428722663983,6677.309247704499,2552.4136227549466,4124.895624949553,0.07674186634932748
30325,0.09019905423604309,1709.216959425909,6692.899885074602,2530.639772374417,4162.260112700185,0.07669737080764474
30330,0.0902139262977473,1840.6782634805618,6706.598609663833,2506.8140616382016,4199.784548025631,0.07662536715288817
30335,0.09022879835945151,1970.5425596966693,6717.701123316013,2481.1508060193205,4236.550317296693,0.07658934940493432
30340,0.09024367042115572,2097.5709189629783,6725.6026782907375,2453.9288065940373,4271.6738716967,0.07656142051897781
30345,0.09025854248285993,2220.589569932589,6729.81955825715,2425.479695480368,4304.339862776782,0.07652271414396641
30350,0.09027341454456415,2338.5227297744877,6730.005316014855,2396.1734352513236,4333.831880763531,0.07647313055994548
30355,0.09028828660626836,2450.421979579318,6725.961381920783,2366.401881508882,4359.559500411901,0.0764124769490075
30360,0.09030315866797257,2555.489349166297,6717.6419261647525,2336.5614143968987,4381.080511767854,0.07642501530334081
30365,0.09031803072967678,2653.091181131802,6705.153113059274,2307.035620714692,4398.1174923445815,0.07647312687249155
30370,0.090332902791381,2742.7603065371013,6688.7471085193665,2278.1789066594997,4410.568201859867,0.07651376106409367
30375,0.0903477748530852,2824.1850612835615,6668.81136550721,2250.3017865338625,4418.509578973348,0.07654667850791484
30380,0.09036264691478942,2897.1850915634286,6645.853792042547,2223.6584534033273,4422.19533863922,0.07657148296486517
30385,0.09037751897649363,2961.675561401232,6620.484397644275,2198.4371030063767,4422.047294637899,0.07658761462095587
30390,0.09039239103819784,3017.62305323585,6593.393941984457,2174.7533503959235,4418.640591588533,0.07659434735770125
30395,0.09040726309990205,3064.9978748221483,6565.330025325877,2152.646947071757,4412.68307825412,0.07659079002597824
30400,0.09042213516160626,3103.7283831902287,6537.071023682569,2132.0818753950157,4404.989148287554,0.07657589163580807
30405,0.09043700722331048,3133.663098708413,6509.398328226452,2112.949768505649,4396.448559720802,0.07654845031145634
30410,0.09045187928501469,3154.5457204544,6483.067512067243,2095.0764754067254,4387.991036660518,0.07651476160324432
30415,0.0904667513467189,3166.006742387134,6458.779294360003,2078.2314555578855,4380.547838802118,0.07665470132632539
30420,0.09048162340842311,3167.5734431924016,6437.151446215121,2062.139539850133,4375.011906364987,0.07678817960460176
30425,0.09049649547012732,3158.697922533627,6418.693012292911,2046.4944409829452,4372.198571309966,0.07691555170751457
30430,0.09051136753183153,3138.8009352592944,6403.78233307277,2030.9732587199946,4372.8090743527755,0.07704573342979266
30435,0.09052623959353574,3107.3277922197863,6392.650290447238,2015.2511397703693,4377.399150676869,0.07717005265461147
30440,0.09054111165523995,3063.8116476999676,6385.36994200699,1999.015252441065,4386.354689565925,0.07730303048120409
30445,0.09055598371694416,3007.9390146700193,6381.853281105762,1981.9773381003015,4399.875943005461,0.07743736218713268
30450,0.09057085577864837,2939.6121941818355,6381.855329031779,1963.8842904019616,4417.9710386298175,0.07756720168211322
30455,0.09058572784035258,2859.003362346767,6384.985229788614,1944.5264473356274,4440.458782452986,0.07769248385473448
30460,0.09060059990205681,2766.595331673847,6390.723572465441,1923.7435063611683,4466.980066104273,0.07781300439113982
30465,0.09061547196376102,2663.204607828129,6398.4448715919725,1901.4281433498486,4497.016728242124,0.07792847863049716
30470,0.09063034402546523,2549.9834291780653,6407.443998369818,1877.5275101151187,4529.916488254699,0.07803861109326482
30475,0.09064521608716944,2428.3990351314433,6416.965332182826,1852.0428107610073,4564.922521421819,0.07814315659831518
30480,0.09066008814887365,2300.1903292467923,6426.233427203628,1825.0271447425753,4601.206282461053,0.07824392305167586
30485,0.09067496021057786,2167.304131985593,6434.484010458928,1796.5817942918377,4637.902216167091,0.0783594325324644
30490,0.09068983227228207,2031.8150910033196,6440.994127468656,1766.851157709017,4674.1429697596395,0.07846951497157974
30495,0.09070470433398628,1895.8348530774724,6445.110247152123,1736.016598528156,4709.093648623966,0.07857415378367628
30500,0.09071957639569049,1761.4172215009548,6446.273165461908,1704.2895770838768,4741.9835883780315,0.07867330009260926
30505,0.0907344484573947,1630.4666840302311,6444.038640838461,1671.9045171030386,4772.134123735423,0.07876682906957656
30510,0.09074932051909891,1504.6578188499657,6438.092871776776,1639.1118910575058,4798.98098071927,0.07885451133812357
30515,0.09076419258080314,1385.372536046396,6428.262187084723,1606.1719534195968,4822.090233665127,0.07893600561421195
30520,0.09077906464250735,1273.6607764578134,6414.5166476683235,1573.3494078000865,4841.167239868237,0.07901087468025048
30525,0.09079393670421156,1170.2281823058966,6396.967627969674,1540.9090881030052,4856.058539866669,0.07909467590905475
30530,0.09080880876591577,1075.4515800417498,6375.859817119194,1509.1125069734394,4866.747310145754,0.07917688649560038
30535,0.09082368082761998,989.4202417353849,6351.558406717113,1478.2149163455001,4873.343490371613,0.07925120233601503
30540,0.09083855288932419,911.9982409322838,6324.532465353753,1448.4623607069989,4876.070104646754,0.07933275780186975
30545,0.0908534249510284,842.901158401798,6295.335604349411,1420.0880995626069,4875.247504786805,0.07941633820666413
30550,0.09086829701273261,781.7791593370803,6264.585006328778,1393.3077515203709,4871.277254808407,0.07949273108254543
30555,0.09088316907443682,728.2981477309172,6232.939741256154,1368.3126057710658,4864.627135485088,0.07956228231634518
30560,0.09089804113614103,682.2112691291322,6201.0790812951645,1345.2608086415432,4855.8182726536215,0.07962551739836209
30565,0.09091291319784524,643.4143408444102,6169.681303670586,1324.2666024082491,4845.414701262337,0.07968310973991033
30570,0.09092778525954946,611.9806289788103,6139.403290498819,1305.3884576783632,4834.014832820456,0.07975177094344879
30575,0.09094265732125367,588.1725294791577,6110.861129830302,1288.617701647658,4822.2434281826445,0.07982455969602405
30580,0.09095752938295788,572.4299372316295,6084.611904338162,1273.8699175000968,4810.741986838066,0.0798944194847303
30585,0.0909724014446621,565.3372512884289,6061.136913249976,1260.9817427290698,4800.155170520906,0.07996191712736503
30590,0.0909872735063663,567.572950107111,6040.826681167515,1249.7155195240887,4791.111161643426,0.08002741510321938
30595,0.09100214556807051,579.8473415301742,6023.968223840416,1239.773446489108,4784.1947773513075,0.08009102524939275
30600,0.09101701762977472,602.8352455649042,6010.735122072071,1230.8215012476478,4779.913620824424,0.080152590162551
30605,0.09103188969147893,637.1107625109444,6001.180965186799,1222.5216558565085,4778.659309330291,0.08022112530490258
30610,0.09104676175318314,683.0907344561269,5995.236649279079,1214.5691025335639,4780.667546745515,0.08031814246684935
30615,0.09106163381488735,740.9920249987385,5992.711862294182,1206.7296838916088,4785.982178402573,0.08042312994905235
30620,0.09107650587659157,810.8055535895924,5993.300889165045,1198.8717779123747,4794.429111252671,0.08052377896611092
30625,0.09109137793829579,892.2875425127668,5996.592665590033,1190.9867474358198,4805.605918154213,0.08061952726823927
30630,0.09110625,984.9661341558158,6002.084830703439,1183.192868296898,4818.891962406541,0.08071002937005901
30635,0.09112112206170421,1088.1597984707346,6009.201389320083,1175.7194475342155,4833.481941785867,0.08079522408695701
30640,0.09113599412340842,1201.0029907955532,6017.313484650569,1168.8705519008922,4848.442932749676,0.08087536377536153
30645,0.09115086618511263,1322.4743667600724,6025.76268083915,1162.9711195529298,4862.79156128622,0.08096645782082405
30650,0.09116573824681684,1451.423386087577,6033.886040801754,1158.3017337625026,4875.584307039251,0.08106266685000386
30655,0.09118061030852105,1586.5921215744588,6041.042150492651,1155.0313189889662,4886.010831503685,0.08115586060871734
30660,0.09119548237022526,1726.6303065876173,6046.6370947856885,1153.1587453332374,4893.478349452451,0.08124689503642302
30665,0.09121035443192947,1870.102953244238,6050.149256040596,1152.4742188527348,4897.675037187861,0.08133655200249172
30670,0.09122522649363368,2015.4912240998715,6051.15171672906,1152.5491724787346,4898.602544250326,0.08142544876627728
30675,0.09124009855533789,2161.1887053101627,6049.331037335434,1152.7594094613069,4896.571627874127,0.08151397198806443
30680,0.09125497061704212,2305.496856268293,6044.501281503497,1152.341183033834,4892.160098469663,0.0816205977056788
30685,0.09126984267874633,2446.625094077569,6036.612390708921,1150.4746779525688,4886.137712756353,0.08175135052255544
30690,0.09128471474045054,2582.7023539236197,6025.752366441593,1146.38495222586,4879.367414215733,0.08188499051580894
30695,0.09129958680215475,2711.8074407299555,6012.14316318412,1139.4475346103904,4872.695628573729,0.08201670329811926
30700,0.09131445886385896,2832.024323140431,5996.130663928593,1129.2849362348595,4866.845727693733,0.08214583946717871
30705,0.09132933092556317,2941.5251111410157,5978.169518236022,1115.841349280388,4862.328168955633,0.08227168774763827
30710,0.09134420298726738,3038.677652958082,5958.8038968751935,1099.4255220085188,4859.378374866675,0.08239352827256635
30715,0.09135907504897159,3122.1671203698243,5938.6453189029935,1080.7157822931438,4857.9295366098495,0.08251068119780583
30720,0.0913739471106758,3191.113220686748,5918.3486513041635,1060.7258716189463,4857.622779685217,0.0826225454603097
30725,0.09138881917238001,3245.1591662100504,5898.587230644676,1040.7350045918288,4857.852226052848,0.08274005350224041
30730,0.09140369123408422,3284.507793137369,5880.027897944335,1022.1897192374975,4857.838178706837,0.08285742871536796
30735,0.09141856329578844,3309.8859652010688,5863.3066495876465,1006.5880510758136,4856.718598511833,0.08296834102609962
30740,0.09143343535749265,3322.4305423941205,5849.005626027972,995.3579896871202,4853.647636340851,0.08307258685302533
30745,0.09144830741919686,3323.505462482688,5837.632268043344,989.742013512643,4847.890254530701,0.08317000040592835
30750,0.09146317948090107,3314.475899779778,5829.6015989239895,990.6980045560488,4838.903594367941,0.08326041870559585
30755,0.09147805154260528,3296.4776731754246,5825.222644315807,998.8244643497036,4826.398179966103,0.08335014782763135
30760,0.0914929236043095,3270.224845715397,5824.689889991803,1014.3151497629442,4810.374740228859,0.0834572696735961
30765,0.0915077956660137,3235.894673309177,5828.080351619104,1036.9453721026796,4791.134979516424,0.08356573279035272
30770,0.09152266772771792,3193.1177284013274,5835.356303452156,1066.089458827472,4769.2668446246835,0.08367646569894924
30775,0.09153753978942213,3141.084497255986,5846.37306898407,1100.766384944197,4745.6066840398735,0.08377981998258434
30780,0.09155241185112634,3078.760741832155,5860.890655830034,1139.7084769382043,4721.18217889183,0.0838753464004571
30785,0.09156728391283055,3005.184923927437,5878.5875807731845,1181.446573089885,4697.1410076833,0.08396258893473715
30790,0.09158215597453477,2919.8042895291665,5899.07511511809,1224.4042985219498,4674.670816596141,0.08404111103090285
30795,0.09159702803623898,2822.7941954822254,5921.910451753491,1266.9942834551534,4654.916168298338,0.08411052173586575
30800,0.09161190009794319,2715.3005862266727,5946.607922292391,1307.710113941983,4638.897808350408,0.08417049900393071
30805,0.0916267721596474,2599.550733934332,5972.64824521977,1345.2092365965934,4627.439008623176,0.08422951824476198
30810,0.09164164422135161,2478.793891089666,5999.486662643891,1378.3835138201791,4621.103148823711,0.0842880533282548
30815,0.09165651628305582,2357.0605367586013,6026.561499827626,1406.4152734438235,4620.146226383802,0.08433687076285339
30820,0.09167138834476003,2238.7625096390284,6053.304968382693,1428.8173503642615,4624.487618018431,0.08439819517290205
30825,0.09168626040646424,2128.189743578886,6079.15782591171,1445.4558709476007,4633.701954964109,0.08446431176929317
30830,0.09170113246816845,2028.9844586991717,6103.588813107998,1456.5546764555154,4647.034136652483,0.0845219739682563
30835,0.09171600452987266,1943.683537677564,6126.11874147251,1462.6806658620055,4663.438075610505,0.0845792645517599
30840,0.09173087659157687,1873.4109864899679,6146.347913039576,1464.7101933947545,4681.637719644822,0.08463754957295343
30845,0.0917457486532811,1817.776244688705,6163.984457392287,1463.7779850881118,4700.206472304176,0.08468748220370158
30850,0.09176062071498531,1774.9965853593162,6178.870378536864,1461.2116029374542,4717.65877559941,0.08472897247232344
30855,0.09177549277668952,1742.221564002316,6191.001753022384,1458.4559013078826,4732.545851714502,0.08476186769873331
30860,0.09179036483839373,1716.0032935256013,6200.539676609119,1456.9928182486788,4743.54685836044,0.08478595094760036
30865,0.09180523690009794,1692.8349456110222,6207.809232739326,1458.26201493626,4749.547217803066,0.0848070310089541
30870,0.09182010896180215,1669.6742993867706,6213.284925881229,1463.5873370660645,4749.697588815165,0.08482876816053059
30875,0.09183498102350636,1644.3783141199501,6217.562607070329,1474.1130304716876,4743.449576598641,0.08484077806994783
30880,0.09184985308521057,1615.9944175264795,6221.3197485758055,1490.7523897357767,4730.567358840029,0.0848427926398032
30885,0.09186472514691478,1584.8789839876504,6225.267718440672,1514.1503093657377,4711.117409074935,0.08486729226822683
30890,0.09187959720861899,1552.638360232721,6230.101098034766,1544.6601966794094,4685.440901355357,0.08488790797499449
30895,0.0918944692703232,1521.9094465581816,6236.4497158059285,1582.334945442761,4654.114770363168,0.08491114953214565
30900,0.09190934133202742,1496.0136780763132,6244.83870523523,1626.9311482115327,4617.907557023697,0.08492550292941567
30905,0.09192421339373164,1478.5298746973253,6255.66053835005,1677.925407464326,4577.735130885724,0.08493104557541778
30910,0.09193908545543585,1472.8379328176766,6269.160919881041,1734.5414388776942,4534.619481003347,0.0849279021973243
30915,0.09195395751714006,1481.6868672445512,6285.43815551658,1795.786565038838,4489.6515904777425,0.08492027544754054
30920,0.09196882957884427,1506.8373888386427,6304.4537086549,1860.496072383373,4443.957636271527,0.08491382389386064
30925,0.09198370164054848,1548.8211831535841,6326.050589824299,1927.3836660713728,4398.666923752926,0.08489933712939635
30930,0.09199857370225269,1606.8467021975334,6349.976151465011,1995.0959095202095,4354.880241944801,0.08487693372183676
30935,0.0920134457639569,1678.865322766584,6375.906613043823,2062.2681993710935,4313.63841367273,0.08484671197916013
30940,0.09202831782566111,1761.7933995816006,6403.471776840157,2127.5797036271483,4275.892073213008,0.08480875420780579
30945,0.09204318988736532,1851.866868329962,6432.279392443042,2189.8049461811465,4242.474446261895,0.08477066045452755
30950,0.09205806194906954,1945.0879220765646,6461.939096270804,2247.8603590430366,4214.078737227767,0.08473045212008959
30955,0.09207293401077375,2037.710344098637,6492.085672204677,2300.8449340572415,4191.240738147436,0.08468274578604672
30960,0.09208780607247796,2126.7035056911805,6522.4007269694475,2348.07473780724,4174.325989162207,0.0846541573290509
30965,0.09210267813418217,2210.1362718322,6552.6311220133175,2389.111189577284,4163.519932436033,0.08462789818018725
30970,0.09211755019588638,2287.431397661533,6582.602051012838,2423.7825424328657,4158.8195085799725,0.08459507110093181
30975,0.0921324222575906,2359.457290683791,6612.22275692351,2452.19715263217,4160.025604291341,0.08455643631609107
30980,0.0921472943192948,2428.444646606097,6641.48357307605,2474.746307903998,4166.737265172052,0.08451637966819896
30985,0.09216216638099901,2497.73689233589,6670.444068492095,2492.0940929763647,4178.34997551573,0.08446945405146802
30990,0.09217703844270322,2571.402161328888,6699.213295736163,2505.152317721986,4194.060978014177,0.08441556831687502
30995,0.09219191050440743,2653.748525740493,6727.924222328279,2515.039933457831,4212.884288870448,0.08435609922137771
31000,0.09220678256611164,2748.793057733706,6756.705219141217,2523.0283213728944,4233.676897768322,0.08429307483840756
31005,0.09222165462781587,2859.7399059862114,6785.651933824504,2530.475863560307,4255.176070264197,0.0842223616643083
31010,0.09223652668952008,2988.5238564538763,6814.8030044159805,2538.7567889067896,4276.046215509191,0.08414389916751903
31015,0.09225139875122429,3135.4735249453124,6844.122878445868,2549.190048865889,4294.932829579979,0.08405765235025535
31020,0.0922662708129285,3299.1407941818916,6873.494475319416,2562.973782546959,4310.520692772458,0.08396361319774388
31025,0.09228114287463271,3476.3284609673947,6902.723522778168,2581.1298850084663,4321.593637769702,0.08386180056162683
31030,0.09229601493633692,3662.3257247802076,6931.555095088861,2604.461593422314,4327.093501666547,0.08375225825784391
31035,0.09231088699804113,3851.3330418776613,6959.701253955565,2633.5252360308905,4326.176017924675,0.08363505140290865
31040,0.09232575905974534,4037.028432150928,6986.876954025462,2668.615714301735,4318.261239723726,0.08351026122854069
31045,0.09234063112144955,4213.202473806314,7012.839865318709,2709.764179552756,4303.075685765953,0.08337797876847942
31050,0.09235550318315376,4374.374752370417,7037.4288718231155,2756.7458563280384,4280.683015495077,0.08323829790254934
31055,0.09237037524485797,4516.304590401862,7060.59601685388,2809.0960494693463,4251.499967384534,0.08309130828997463
31060,0.0923852473065622,4636.324775897251,7082.427637708893,2866.1329182765103,4216.294719432382,0.08293708874342084
31065,0.0924001193682664,4733.4564968012555,7103.152142590377,2926.986381326871,4176.165761263505,0.0827757015892177
31070,0.09241499142997062,4808.301063000094,7123.1339050310835,2990.6332446141378,4132.500660416946,0.08260718851377269
31075,0.09242986349167483,4862.74120803875,7142.85461239136,3055.939032730376,4086.9155796609843,0.08243156829257577
31080,0.09244473555337904,4899.513636588259,7162.884749283266,3121.7068115697075,4041.177937713558,0.0822488366290747
31085,0.09245960761508325,4921.729263572766,7183.848578359687,3186.7324075092242,3997.116170850463,0.08205896811188763
31090,0.09247447967678746,4932.416638930245,7206.386059778023,3249.863925235649,3956.5221345423743,0.08186192006921053
31095,0.09248935173849167,4934.149865329135,7231.1148134105215,3310.0616475188335,3921.053165891688,0.08198783092376877
31100,0.09250422380019588,4928.799999899415,7258.594683383908,3366.452786122953,3892.141897260955,0.08233561902232242
31105,0.09251909586190009,4917.424145885884,7289.2968638815955,3418.3747779822374,3870.922085899358,0.08259185564511516
31110,0.0925339679236043,4900.283903394003,7323.578953702748,3465.4014268428737,3858.177526859874,0.08274862858169603
31115,0.09254883998530852,4876.967772731385,7361.666729218506,3507.348372608097,3854.3183566104085,0.08292264493031394
31120,0.09256371204701273,4846.582216350425,7403.6428567663115,3544.2577897203973,3859.385067045914,0.08320442396549405
31125,0.09257858410871694,4807.973718471844,7449.442236171549,3576.3660114749487,3873.0762246966,0.08338080029229808
31130,0.09259345617042115,4759.94832211321,7498.8532472574325,3604.0608319889943,3894.792415268438,0.08344259433919271
31135,0.09260832823212536,4701.463669844999,7551.523938525692,3627.8366081977947,3923.687330327897,0.08356881299899784
31140,0.09262320029382957,4631.778960026827,7606.972190728395,3648.2545918228516,3958.717598905543,0.08373509946066401
31145,0.09263807235553378,4550.558174865402,7664.599081537644,3665.9134988790292,3998.685582658615,0.08377713287847541
31150,0.092652944417238,4457.92990176068,7723.704989587628,3681.4320464398575,4042.2729431477705,0.08409847641348789
31155,0.0926678164789422,4354.512223891234,7783.50830864593,3695.442081710595,4088.0662269353347,0.0844130289379849
31160,0.09268268854064642,4241.413100472209,7843.16692064156,3708.5887796956695,4134.5781409458905,0.08463022021293161
31165,0.09269756060235063,4120.215314772336,7901.802765485012,3721.5334993734996,4180.2692661115125,0.08485745654623601
31170,0.09271243266405485,3992.9508815265626,7958.529938117795,3734.955100872651,4223.5748372451435,0.08515634517204701
31175,0.09272730472575906,3862.06397881,8012.486723865839,3749.546398982688,4262.940324883151,0.0853452546482534
31180,0.09274217678746327,3730.355865673626,8062.871799999198,3766.0035100970426,4296.868289902155,0.08541652631001725
31185,0.09275704884916748,3600.90184434106,8108.984395115918,3785.0068831638932,4323.977511952025,0.08558785130123338
31190,0.09277192091087169,3476.9305301621825,8150.267420543503,3807.1937935371934,4343.07362700631,0.08571363306186322
31195,0.0927867929725759,3361.6599186716985,8186.35145141667,3833.123190763411,4353.228260653259,0.08570636645462856
31200,0.09280166503428011,3258.0924157101335,8217.096059053712,3863.2351670933326,4353.860891960379,0.08558406669845992
31205,0.09281653709598432,3168.7808012830974,8242.623665246496,3897.8088810288814,4344.814784217615,0.0856077506269735
31210,0.09283140915768853,3095.5871629675626,8263.340209979786,3936.9241910326455,4326.41601894714,0.08548279937899758
31215,0.09284628121939274,3039.4649094519036,8279.936915528675,3980.4330383293445,4299.50387719933,0.08572604640838176
31220,0.09286115328109695,3000.2977695781337,8293.368577601686,4027.946343529154,4265.422234072532,0.08595371050527315
31225,0.09287602534280118,2976.8275211307646,8304.8061499671,4078.840697943169,4225.965452023931,0.08617400652356161
31230,0.09289089740450539,2966.6937247086003,8315.564642827114,4132.286624586123,4183.278018240991,0.08642307486023605
31235,0.0929057694662096,2966.595219088575,8327.011001015318,4187.297107750386,4139.713893264932,0.08653997465400583
31240,0.09292064152791381,2972.5670186917873,8340.460005131003,4242.792011154644,4097.667993976359,0.08651670206067857
31245,0.09293551358961802,2980.35031243742,8357.068704749134,4297.671475357692,4059.397229391442,0.08647180900552964
31250,0.09295038565132223,2985.819801440553,8377.740964309358,4350.889869231827,4026.8510950775308,0.08640747732369002
31255,0.09296525771302644,2985.4231871679303,8403.053148861583,4401.5216976369475,4001.531451224636,0.08617976951464895
31260,0.09298012977473065,2976.5832135696596,8433.209855659792,4448.8121701005475,3984.3976855592446,0.08622739840693848
31265,0.09299500183643486,2958.013941249516,8468.035222209835,4492.207760270685,3975.8274619391505,0.08655755638514903
31270,0.09300987389813907,2929.9102417372837,8507.001197469732,4531.365543806872,3975.63565366286,0.0868029553344881
31275,0.09302474595984328,2893.9826085786785,8549.289799691827,4566.143628957633,3983.146170734194,0.08689892505465995
31280,0.0930396180215475,2853.3271369938902,8593.88232529538,4596.577752026639,3997.3045732687415,0.08683877744191285
31285,0.09305449008325171,2812.140762413924,8639.66517682812,4622.85046503215,4016.8147117959707,0.08662046614194228
31290,0.09306936214495592,2775.3116404477405,8685.539842503395,4645.259088497864,4040.280754005531,0.08640858920438603
31295,0.09308423420666014,2747.9307159166533,8730.523923117347,4664.187020515946,4066.3369026014016,0.08637570937270223
31300,0.09309910626836435,2734.780277786473,8773.831192149519,4680.0807267904065,4093.7504653591122,0.0865881772072965
31305,0.09311397833006856,2739.8568917703055,8814.921504670157,4693.432538409927,4121.488966260231,0.08672957349619508
31310,0.09312885039177277,2765.979389249416,8853.515636921467,4704.76785780797,4148.747779113497,0.08682407237446658
31315,0.09314372245347698,2814.5192055608654,8889.575202916281,4714.634797071543,4174.940405844738,0.08675286939356369
31320,0.09315859451518119,2885.2733776685204,8923.252791285482,4723.594557463595,4199.658233821887,0.0865152305518652
31325,0.0931734665768854,2976.483519752039,8954.821509916894,4732.211634480198,4222.609875436696,0.08616033298691714
31330,0.09318833863858961,3084.990022024473,8984.595539878681,4741.043721107469,4243.551818771212,0.08647181870637316
31335,0.09320321070029383,3206.5009436211817,9012.853770651633,4750.631592686479,4262.222177965154,0.0866267202994027
31340,0.09321808276199804,3335.949264183444,9039.777206886278,4761.489133852004,4278.288073034274,0.08661821324386858
31345,0.09323295482370225,3467.9088481066274,9065.408024413344,4774.093136215268,4291.314888198076,0.08644520440896196
31350,0.09324782688540646,3597.0370018851363,9089.634521771619,4788.871893449925,4300.762628321694,0.08611260676780286
31355,0.09326269894711067,3718.5088969285152,9112.202412179955,4806.191350042049,4306.011062137906,0.08594640610969291
31360,0.09327757100881488,3828.406595970851,9132.749494117501,4826.337911798207,4306.411582319294,0.0861057827429688
31365,0.0932924430705191,3924.0243577636625,9150.858131201747,4849.498050804189,4301.360080397558,0.08610410625438315
31370,0.0933073151322233,4004.054444284161,9166.118378232293,4875.736309667619,4290.382068564674,0.08594247876183157
31375,0.09332218719392751,4068.6258841200192,9178.194035403276,4904.9747991581025,4273.219236245173,0.08562788860756525
31380,0.09333705925563172,4119.183530078817,9186.884258994276,4936.978297501952,4249.905961492324,0.08517271090989612
31385,0.09335193131733593,4158.215294760313,9192.174354484288,4971.349205402672,4220.8251490816165,0.0852850207942364
31390,0.09336680337904016,4188.858397258735,9194.270740965407,5007.535714860482,4186.735026104925,0.0852583199669067
31395,0.09338167544074437,4214.435891971405,9193.616568479218,5044.854709373082,4148.7618591061355,0.08508125441615996
31400,0.09339654750244858,4237.987553982505,9190.885973859116,5082.528473065111,4108.357500794005,0.08476552287965188
31405,0.09341141956415279,4261.860796244266,9186.956483810276,5119.731759324881,4067.224724485395,0.08434535395883194
31410,0.093426291625857,4287.416963595475,9182.860692440685,5155.64372080472,4027.216971635965,0.0842603745886416
31415,0.09344116368756121,4314.88841247217,9179.72009681073,5189.4981217032155,3990.2219751075145,0.08419296555394769
31420,0.09345603574926542,4343.3967297015315,9178.665790181009,5220.6254370807055,3958.040353100303,0.08398460296893825
31425,0.09347090781096963,4371.117452829736,9180.752368990332,5248.481913199413,3932.270455790919,0.08365066937827931
31430,0.09348577987267384,4395.556260027188,9186.872605927456,5272.663134642348,3914.2094712851076,0.08319488435662487
31435,0.09350065193437805,4413.888850433397,9197.680903947085,5292.902575365555,3904.7783285815294,0.08307648182028313
31440,0.09351552399608226,4423.312889795701,9213.533120778384,5309.058319629057,3904.4748011493266,0.0829512531674358
31445,0.09353039605778649,4421.364944353301,9234.449040585632,5321.092984968432,3913.3560556172006,0.08269537375885722
31450,0.0935452681194907,4406.1663163722205,9260.101696056905,5329.052461541195,3931.04923451571,0.08232153393818084
31455,0.0935601401811949,4376.576341102636,9289.835112730862,5333.048371944146,3956.786740786715,0.08184560112002023
31460,0.09357501224289912,4332.2471593953815,9322.709104780792,5333.247496867635,3989.4616079131565,0.08172528124533114
31465,0.09358988430460333,4273.587945400632,9357.56679511723,5329.869367511562,4027.697427605669,0.0815374270623604
31470,0.09360475636630754,4201.657479764099,9393.117928594764,5323.191338249215,4069.926590345549,0.08123344094118458
31475,0.09361962842801175,4118.010799045302,9428.029214180426,5313.559046409991,4114.470167770434,0.08082793425267212
31480,0.09363450048971596,4024.527782184122,9461.012263494305,5301.399289689953,4159.612973804353,0.0803632507341254
31485,0.09364937255142017,3923.2488276893237,9490.900430341679,5287.231880449876,4203.668549891802,0.0802383048547856
31490,0.09366424461312438,3816.2359596019296,9516.707966345255,5271.676841489061,4245.031124856194,0.08000067812082347
31495,0.09367911667482859,3705.4685027256323,9537.668031996473,5255.453385791576,4282.214646204897,0.0796634233213235
31500,0.09369398873653281,3592.773240507597,9553.249605634257,5239.367606045032,4313.881999589225,0.07924147495797874
31505,0.09370886079823702,3479.7819244921693,9563.156456793453,5224.286865289052,4338.869591504401,0.07882796681414309
31510,0.09372373285994123,3367.90549437901,9567.313420386034,5211.100611398008,4356.212808988025,0.07865048196678474
31515,0.09373860492164544,3258.314606813337,9565.845828267642,5200.669614561506,4365.176213706136,0.07837398382319134
31520,0.09375347698334965,3151.9193388521458,9559.057123638,5193.76808267072,4365.28904096728,0.07801181428976829
31525,0.09376834904505386,3049.3459916764436,9547.407788831762,5191.025182981179,4356.382605850584,0.07757828358724786
31530,0.09378322110675807,2950.914366677139,9531.496403846008,5192.8735704077735,4338.622833438234,0.07716416743853323
31535,0.09379809316846228,2856.623357316612,9512.04161564651,5199.5121193612595,4312.529496285251,0.07693434526649112
31540,0.0938129652301665,2766.15504905598,9489.862568186356,5210.888052487335,4278.974515699021,0.07661824737429652
31545,0.0938278372918707,2678.9070331044527,9465.855151171192,5226.700399878654,4239.154751292538,0.07622976251618313
31550,0.09384270935357492,2594.059243195426,9440.962181901436,5246.422977898391,4194.539204003045,0.07587408214812337
31555,0.09385758141527914,2510.67595097836,9416.137016743813,5269.341835892745,4146.795180851068,0.07601598372279726
31560,0.09387245347698335,2427.8368226473226,9392.301687648962,5294.600270465738,4097.701417183224,0.07617085543766862
31565,0.09388732553868756,2344.784682299928,9370.30211062847,5321.244536848582,4049.057573779888,0.07626970816479205
31570,0.09390219760039177,2261.0733454498463,9350.863966813495,5348.265204497391,4002.5987623161036,0.07630460613819372
31575,0.09391706966209598,2176.6976363056087,9334.553373521638,5374.632064049913,3959.9213094717243,0.07644221542952773
31580,0.09393194172380019,2092.189721428797,9321.746377918791,5399.323607780375,3922.422770138416,0.07652268601405944
31585,0.0939468137855044,2008.6704229816482,9312.61060705815,5421.354374389917,3891.2562326682328,0.07654201688138268
31590,0.09396168584720861,1927.8497047743595,9307.101149790278,5439.80418247606,3867.296967314218,0.07667890648071789
31595,0.09397655790891282,1851.9754469857512,9304.97108456746,5453.852309513557,3851.118775053903,0.0767415666801134
31600,0.09399142997061703,1783.733024973269,9305.795271181858,5462.817386538426,3842.977884643432,0.07671894513259409
31605,0.09400630203232124,1726.1002950836992,9309.004433208194,5466.200941655409,3842.803491552785,0.07682945223276998
31610,0.09402117409402547,1682.164458497059,9313.925492273098,5463.730015754237,3850.195476518861,0.07688841922209884
31615,0.09403604615572968,1654.910089619449,9319.82378131138,5455.392791346803,3864.430989964576,0.0770533471128802
31620,0.09405091821743389,1646.9917618431332,9325.943191261726,5441.461052092553,3884.482139169173,0.07725282798382316
31625,0.0940657902791381,1660.509439740384,9331.541341813228,5422.494454555568,3909.0468872576603,0.07738147652957379
31630,0.09408066234084231,1696.8086157046341,9335.918222217131,5399.323678183624,3936.594544033507,0.07742741186795668
31635,0.09409553440254652,1756.3284930883597,9338.438073856338,5373.012043770796,3965.426030085542,0.0775983171868863
31640,0.09411040646425073,1838.519383535839,9338.545264843935,5344.797722225648,3993.7475426182873,0.0776972292056653
31645,0.09412527852595494,1941.8447326437954,9335.775340223414,5316.02088734417,4019.754452879244,0.07772757199010334
31650,0.09414015058765915,2063.8743715452683,9329.76230284416,5288.041903541651,4041.7203993025087,0.07788759445908146
31655,0.09415502264936336,2201.464803274142,9320.242667504199,5262.157738939632,4058.0849285645672,0.07795515548455596
31660,0.09416989471106757,2351.0110608304035,9307.056251975126,5239.524119011271,4067.5321329638546,0.07797365361693838
31665,0.0941847667727718,2508.7446400727995,9290.143363773108,5221.090365483916,4069.052998289192,0.07811623596148976
31670,0.094199638834476,2671.0448733850753,9269.53823219388,5207.552359924888,4061.9858722689914,0.07815724666335512
31675,0.09421451089618021,2834.728078861455,9245.359212951103,5199.326757342625,4046.032455608479,0.07808004905152124
31680,0.09422938295788442,2997.280384808111,9217.797200777903,5196.546790527997,4021.250410249906,0.07816186495747271
31685,0.09424425501958864,3157.0060677135734,9187.10441250188,5199.077265509589,3988.027146992291,0.0781872724492252
31690,0.09425912708129285,3313.0728463206897,9153.585860293297,5206.544212922241,3947.0416473710557,0.07829725946749769
31695,0.09427399914299706,3465.4478708369797,9117.595232251915,5218.3735556117535,3899.2216766401616,0.07841705449040436
31700,0.09428887120470127,3614.7319161329806,9079.53563549101,5233.833227146622,3845.7024083443885,0.07843043225345415
31705,0.09430374326640548,3761.912948067537,9039.86408659313,5252.074264780061,3787.7898218130695,0.07855190325087208
31710,0.09431861532810969,3908.071821628173,8999.097214961565,5272.168117640949,3726.9290973206153,0.07864712580742891
31715,0.0943334873898139,4054.0803435799103,8957.814773675544,5293.139300580181,3664.6754730953626,0.07862333898445163
31720,0.09434835945151812,4200.333715842274,8916.657446190768,5313.994187058966,3602.663259131801,0.07874969172407754
31725,0.09436323151322233,4346.554885181917,8876.31609787022,5333.747882099636,3542.568215770584,0.07882366633218557
31730,0.09437810357492654,4491.698148398313,8837.51087786511,5351.45156759501,3486.0593102701005,0.07877719406431721
31735,0.09439297563663075,4633.965034775822,8800.960162637106,5366.222384645656,3434.7377779914495,0.07895711438128414
31740,0.09440784769833496,4770.929072611771,8767.340963917712,5377.276843626877,3390.0641202908346,0.0790184924127205
31745,0.09442271976003917,4899.749825537134,8737.243861313462,5383.967112335553,3353.276748977909,0.07893923074344542
31750,0.09443759182174338,5017.442947321499,8711.126597354936,5385.817664574944,3325.3089327799926,0.07904316403011998
31755,0.0944524638834476,5121.164352162667,8689.271096949895,5382.558132738274,3306.7129642116206,0.07909942375795567
31760,0.0944673359451518,5208.464981142887,8671.748796184122,5374.1472738279945,3297.601522356127,0.07901060622044993
31765,0.09448220800685601,5277.479076679429,8658.398757230605,5360.783087091385,3297.61567013922,0.07907694211763165
31770,0.09449708006856022,5327.022613777174,8648.822089412077,5342.895425263613,3305.9266641484637,0.07911423863520753
31775,0.09451195213026445,5356.596827674761,8642.394713113705,5321.119718644246,3321.2749944694588,0.07927769785327804
31780,0.09452682419196866,5366.3103889761505,8638.298596896182,5296.253199642773,3342.0453972534087,0.07930455797786942
31785,0.09454169625367287,5356.74821413935,8635.569481410119,5269.197650803095,3366.371830607024,0.0793864484835264
31790,0.09455656831537708,5328.821812755281,8633.157085360475,5240.8946312007,3392.262454159775,0.07952007844296168
31795,0.09457144037708129,5283.634261603212,8629.992215865657,5212.260020657932,3417.7321952077255,0.07950359613562583
31800,0.0945863124387855,5222.383543048319,8625.054377039702,5184.12451553863,3440.929861501072,0.0795085109269346
31805,0.09460118450048971,5146.314156138167,8617.433551916074,5157.185621807629,3460.247930108445,0.07961398895147484
31810,0.09461605656219392,5056.712565935699,8606.38080279867,5131.975043544886,3474.4057592537847,0.07955878127962406
31815,0.09463092862389813,4954.930939424586,8591.343987647844,5108.843455662869,3482.500531984975,0.07952055251704658
31820,0.09464580068560234,4842.418265862882,8571.98689233463,5087.962680450188,3484.0242118844417,0.07961222195647202
31825,0.09466067274730655,4720.739129113853,8548.192064613482,5069.343391152866,3478.848673460616,0.07953622933986304
31830,0.09467554480901078,4591.566992293874,8520.04929795801,5052.86478361996,3467.1845143380506,0.07950537313836654
31835,0.09469041687071499,4456.648386363728,8487.832858958742,5038.311396744868,3449.5214622138737,0.07959446100682764
31840,0.0947052889324192,4317.743811755211,8451.971112034304,5025.411672545373,3426.5594394889304,0.07951354096080922
31845,0.0947201609941234,4176.557765655397,8413.012202043266,5013.87311089758,3399.1390911456865,0.0794764468496946
31850,0.09473503305582762,4034.67250953681,8371.589010944253,5003.40998813524,3368.179022809013,0.07958977782937787
31855,0.09474990511753183,3893.497921246347,8328.385855903203,4993.7613259177915,3334.6245299854118,0.07966933086073491
31860,0.09476477717923604,3754.2444001848994,8284.10851556645,4984.698686866537,3299.4098286999124,0.0795793909520018
31865,0.09477964924094025,3617.9195440329086,8239.45833086411,4976.0249753920225,3263.433355472088,0.07974588350967707
31870,0.09479452130264446,3485.344382609248,8195.110463154895,4967.566412404643,3227.5440507502517,0.07980508939139577
31875,0.09480939336434867,3357.1826101505085,8151.695972344758,4959.1601492933305,3192.5358230514275,0.07968643631251571
31880,0.09482426542605288,3233.9764233761525,8109.787185476775,4950.639748866542,3159.147436610234,0.07976988628608508
31885,0.0948391374877571,3116.1840975405685,8069.885788201113,4941.820297777502,3128.0654904236117,0.07981635706605025
31890,0.09485400954946131,3004.2159375816836,8032.413104085718,4932.484549432525,3099.9285546531937,0.07967889302299001
31895,0.09486888161116552,2898.4660124154943,7997.702084145354,4922.371438217325,3075.3306459280293,0.07976255059319537
31900,0.09488375367286973,2799.3374115771867,7965.990618021654,4911.168570793071,3054.822047228583,0.07980896805680145
31905,0.09489862573457394,2707.259517944686,7937.415934612733,4898.510698177398,3038.9052364353347,0.07966796607080998
31910,0.09491349779627815,2622.697518531482,7912.010104385789,4883.986371464957,3028.023732920832,0.07980910604412726
31915,0.09492836985798236,2546.156677761875,7889.696963093291,4867.154637832197,3022.5423252610935,0.07986537831209553
31920,0.09494324191968657,2478.1855259043305,7870.291077572398,4847.5725340644585,3022.718543507939,0.07973206526982513
31925,0.09495811398139078,2419.3817632392575,7853.499583928483,4824.8323347228725,3028.6672492056105,0.07983285592125185
31930,0.094972986043095,2370.401889494743,7838.927781745376,4798.605354884357,3040.3224268610184,0.0799039021073643
31935,0.0949878581047992,2331.971132618415,7826.089240325418,4768.68714076128,3057.4020995641386,0.07978420579798376
31940,0.09500273016650343,2304.885888899563,7814.420879374176,4735.0376772461495,3079.383202128027,0.07977366191538734
31945,0.09501760222820764,2289.99844407602,7803.303067665424,4697.810196244801,3105.4928714206235,0.07986643321250311
31950,0.09503247428991185,2288.1744396609565,7792.084289748008,4657.363370066927,3134.720919681081,0.07976898612333895
31955,0.09504734635161606,2300.2176086156655,7780.109414050565,4614.253879092904,3165.855534957661,0.07969980843618289
31960,0.09506221841332027,2326.7630363345943,7766.750107410978,4569.209080525116,3197.5410268858614,0.07982104545776232
31965,0.09507709047502448,2368.148281750917,7751.435537361293,4523.082232615032,3228.3533047462615,0.0797541437610258
31970,0.09509196253672869,2424.2794468935663,7733.68124806233,4476.794985150902,3256.8862629114283,0.07964315973224116
31975,0.0951068345984329,2494.514911505823,7713.114051479724,4431.273340763703,3281.840710716021,0.0797961608097981
31980,0.09512170666013711,2577.591271143795,7689.490983654267,4387.383906333526,3302.107077320741,0.07976453116587608
31985,0.09513657872184132,2671.6128607161977,7662.710832037016,4345.876993911639,3316.833838125377,0.07956611484910757
31990,0.09515145078354553,2774.1179411885555,7632.817381867977,4307.3420606724985,3325.4753211954785,0.07972427032658791
31995,0.09516632284524976,2882.2223578111725,7599.994252850993,4272.179204999235,3327.815047851758,0.07973359924470726
32000,0.09518119490695397,2992.8276903702563,7564.551891394253,4240.588150017159,3323.9637413770943,0.07953842937818775
32005,0.09519606696865818,3102.8686950429487,7526.907869626718,4212.573672026658,3314.33419760006,0.07960224548123754
32010,0.09521093903036239,3209.5669617018516,7487.562089100502,4187.964230079775,3299.597859020727,0.07964277667518567
32015,0.0952258110920666,3310.6558087796398,7447.068797154041,4166.43911735622,3280.629679797821,0.07949993778748606
32020,0.09524068315377081,3404.5456054258484,7406.007502813174,4147.559129322256,3258.448373490918,0.07952009549487728
32025,0.09525555521547502,3490.4076789924475,7364.9549097257905,4130.796559352351,3234.158350373439,0.07954491044033879
32030,0.09527042727717923,3568.16665919078,7324.459824284644,4115.561967150513,3208.8978571341313,0.07945770495270976
32035,0.09528529933888344,3638.40331688663,7285.0226054166,4101.227062809567,3183.795542607033,0.07939604550229631
32040,0.09530017140058765,3702.180880864014,7247.080094434851,4087.144639647391,3159.93545478746,0.07943749759102722
32045,0.09531504346229186,3760.8163727922324,7210.996166139311,4072.6673873348454,3138.3287788044654,0.0794065453926177
32050,0.09532991552399608,3815.624282193951,7177.057222138624,4057.1675080909276,3119.889714047696,0.07921835937425993
32055,0.0953447875857003,3867.6628784907894,7145.471297375917,4040.0584554060315,3105.4128419698854,0.07926880257255245
32060,0.0953596596474045,3917.513572561161,7116.369147478965,4020.8190522542195,3095.5500952247453,0.07928823849387333
32065,0.09537453170910871,3965.1206920253103,7089.80581685788,3999.0189916004124,3090.7868252574676,0.07911287057271989
32070,0.09538940377081292,4009.7124284948286,7065.761714725367,3974.343536477438,3091.4181782479286,0.07910047607878978
32075,0.09540427583251714,4049.813582564018,7044.1429867438,3946.614368908511,3097.528617835289,0.07909666560315358
32080,0.09541914789422135,4083.348089268637,7024.781737880158,3915.8032124757433,3108.978525404415,0.07898630469915646
32085,0.09543401995592556,4107.816329526864,7007.437224713648,3882.0352306732316,3125.4019940404164,0.0788995986599777
32090,0.09544889201762977,4120.521787135322,6991.799358307894,3845.580302450914,3146.21905585698,0.07887052533476843
32095,0.09546376407933398,4118.816243751612,6977.4957138935415,3806.831926866412,3170.6637870271297,0.07882554519393319
32100,0.09547863614103819,4100.333572637714,6964.102799731015,3766.275360019142,3197.8274397118726,0.07863732270378039
32105,0.09549350820274241,4063.1884989807245,6951.161723278828,3724.448204347243,3226.7135189315845,0.07863186967984911
32110,0.09550838026444662,4006.125984355297,6938.197751779574,3681.8976829107078,3256.300068868866,0.07862938093076234
32115,0.09552325232615083,3928.6160787286626,6924.742715860725,3639.1390693972667,3285.6036464634585,0.078453931836228
32120,0.09553812438785504,3830.89569107535,6910.358818962708,3596.6192862705843,3313.7395326921237,0.07837283712138031
32125,0.09555299644955925,3713.9617437598363,6894.662206072296,3554.6887880168306,3339.973418055465,0.07837480475694182
32130,0.09556786851126346,3579.52015922308,6877.344580142814,3513.583810972167,3363.760769170647,0.07827474605820553
32135,0.09558274057296767,3429.8936948109913,6858.19118189369,3473.4200936285897,3384.7710882651,0.07810249701600372
32140,0.09559761263467188,3267.890655937112,6837.093532405028,3434.1982927166414,3402.8952396883865,0.07807712903573787
32145,0.0956124846963761,3096.6373837638957,6814.055488460532,3395.820468723866,3418.235019736666,0.07805157702899411
32150,0.0956273567580803,2919.380668275191,6789.191443901653,3358.1161095776224,3431.0753343240303,0.07782989705712653
32155,0.09564222881978451,2739.271447885507,6762.716023438489,3320.8752099880344,3441.840813450455,0.07778392699308649
32160,0.09565710088148874,2559.147057048922,6734.925430996769,3283.8850500026188,3451.0403809941504,0.07780830709589824
32165,0.09567197294319295,2381.334098027063,6706.171714664952,3246.966709457912,3459.2050052070394,0.0776657710654122
32170,0.09568684500489716,2207.4959274378116,6676.832441109199,3210.0071784581187,3466.8252626510803,0.07750116232687632
32175,0.09570171706660137,2038.5464609172411,6647.279352106289,3172.9832385209374,3474.296113585351,0.07753216236542634
32180,0.09571658912830558,1874.6452074599026,6617.850164656299,3135.974040822001,3481.876123834298,0.07746651935025398
32185,0.09573146119000979,1715.2780826104092,6588.827493732903,3099.1603792828146,3489.667114450089,0.07727984153817868
32190,0.095746333251714,1559.4166254251106,6560.427824568972,3062.8099357184956,3497.6178888504764,0.07720488602859439
32195,0.09576120531341821,1405.7372744115287,6532.801694754654,3027.2491918254614,3505.5525029291925,0.07721385461670814
32200,0.09577607737512242,1252.8745601715077,6506.044154925171,2992.824205555475,3513.2199493696958,0.07703895053737309
32205,0.09579094943682663,1099.6786423230055,6480.2126690012665,2959.853942661393,3520.3587263398736,0.07699343231448373
32210,0.09580582149853084,945.4484341682435,6455.348349137075,2928.581157981561,3526.7671911555144,0.07691959690627484
32215,0.09582069356023507,790.1154895559066,6431.496054892358,2899.126683009229,3532.369371883129,0.07682563093848835
32220,0.09583556562193928,634.3594807284335,6408.7194120259865,2871.4531421927436,3537.266269833243,0.07677252532320701
32225,0.09585043768364349,479.6425589591199,6387.107989600674,2845.343427221053,3541.764562379621,0.07664892892241794
32230,0.0958653097453477,328.1569818847006,6366.77537355157,2820.3977070047877,3546.377666546782,0.07657711981450226
32235,0.0958801818070519,182.6883155681212,6347.848373544681,2796.0505280312022,3551.7978455134785,0.07648631268797061
32240,0.09589505386875612,46.40521302794332,6330.448889372055,2771.607006484342,3558.8418828877134,0.07645508045478328
32245,0.09590992593046033,-77.40452294599118,6314.670953306409,2746.2946533505033,3568.3762999559053,0.0762733414205132
32250,0.09592479799216454,-185.6245250642428,6300.556136824374,2719.3254171038184,3581.230719720556,0.07633197022191558
32255,0.09593967005386875,-275.5954737502225,6288.070854378181,2689.9613767317023,3598.109477646479,0.0764136879629881
32260,0.09595454211557296,-345.3634000729826,6277.089078910549,2657.5772905552208,3619.511788355328,0.07648886229490064
32265,0.09596941417727717,-393.8618127685504,6267.383555175716,2621.7138220121633,3645.6697331635523,0.07657924606826219
32270,0.09598428623898139,-421.0061304658193,6258.627737612405,2582.116489795192,3676.511247817213,0.0766625410051053
32275,0.0959991583006856,-427.68930438173084,6250.409441050232,2538.7569501982243,3711.6524908520078,0.07673884592419095
32280,0.09601403036238981,-415.6797234289761,6242.255712990032,2491.834909989065,3750.420803000967,0.07680832575969304
32285,0.09602890242409402,-387.434860552979,6233.666919200756,2441.7607120173075,3791.9062071834483,0.07687117588830682
32290,0.09604377448579823,-345.8547519778872,6224.156705347186,2389.120439259563,3835.036266087623,0.07692759372007488
32295,0.09605864654750244,-294.00647231054063,6213.2935578134675,2334.627212496417,3878.6663453170504,0.07698278917789582
32300,0.09607351860920665,-234.85297862341395,6200.739282263176,2279.064027260229,3921.6752550029473,0.07704851539014837
32305,0.09608839067091086,-171.01670392322558,6186.279920308988,2223.2246422452977,3963.0552780636904,0.07710802829356322
32310,0.09610326273261507,-104.60089890250583,6169.845420941056,2167.8593100190483,4001.9861109220074,0.07716142932147524
32315,0.09611813479431928,-37.081747234407885,6151.515675518698,2113.6312904449615,4037.8843850737367,0.07720998193275337
32320,0.0961330068560235,30.72602307900297,6131.512136016294,2061.088140936127,4070.423995080167,0.07727918446760874
32325,0.09614787891772772,98.63589504943093,6110.175937186088,2010.6490560058348,4099.526881180253,0.07735268196996704
32330,0.09616275097943193,167.0001711659138,6087.934996629926,1962.6065548760498,4125.328441753876,0.07743313929782197
32335,0.09617762304113614,236.57842046509177,6065.263771213251,1917.1382035267152,4148.125567686536,0.07750664987184405
32340,0.09619249510284035,308.3779135023574,6042.640069922837,1874.3224128941856,4168.317657028651,0.0775731349446041
32345,0.09620736716454456,383.4792983904681,6020.503504139723,1834.1521706145713,4186.351333525152,0.0776325167635829
32350,0.09622223922624877,462.8599669575069,5999.219805407244,1796.5420600451905,4202.677745362053,0.07768471873584046
32355,0.09623711128795298,547.2273779714042,5979.054419512394,1761.326860078475,4217.727559433919,0.07773404508452907
32360,0.09625198334965719,636.8747794288151,5960.157598253471,1728.2536248432098,4231.903973410262,0.07779510640729434
32365,0.0962668554113614,731.5714864896381,5942.561799403488,1696.972257802814,4245.589541600674,0.077848430970915
32370,0.09628172747306561,830.4982869603496,5926.190747746289,1667.0311086269041,4259.159639119385,0.07789399958960436
32375,0.09629659953476982,932.2353204013853,5910.878202617748,1637.8834687296523,4272.994733888096,0.07793180502553457
32380,0.09631147159647405,1034.8052492749966,5896.393509393795,1608.908290103761,4287.485219290034,0.07796184837786115
32385,0.09632634365817826,1135.7694851583592,5882.470526694836,1579.4449690081988,4303.025557686637,0.07798413579696188
32390,0.09634121571988247,1232.370388272942,5868.83657489553,1548.8387898595804,4319.99778503595,0.0780419346798414
32395,0.09635608778158668,1321.7080857486872,5855.238592757657,1516.4914306020607,4338.747162155596,0.07810209674062091
32400,0.09637095984329089,1400.9368743487553,5841.464561148853,1481.9099910402492,4359.554570108604,0.07815371844466468
32405,0.0963858319049951,1467.463132383894,5827.359231649914,1444.7480862279476,4382.611145421966,0.078196748931909
32410,0.09640070396669931,1519.1247141537447,5812.834052200599,1404.8333944920405,4408.000657708559,0.07823113877568602
32415,0.09641557602840352,1554.331845837141,5797.871739473455,1362.1776618898054,4435.694077583649,0.07828142259422963
32420,0.09643044809010773,1572.152557762101,5782.526143516996,1316.967666151469,4465.558477365526,0.07832635012332974
32425,0.09644532015181194,1572.3320873396187,5766.917940969715,1269.538881587691,4497.379059382024,0.07836266642406388
32430,0.09646019221351615,1555.2448382177167,5751.226430150175,1220.3368531867022,4530.889576963473,0.0783903639749616
32435,0.09647506427522037,1521.7876795676812,5735.677474363651,1169.8734925544147,4565.803981809236,0.07840948793130152
32440,0.09648993633692458,1473.2323181897373,5720.527611165966,1118.6857683351898,4601.841842830776,0.07843900152298568
32445,0.0965048083986288,1411.060069811937,5706.044597697427,1067.302492216091,4638.742105481336,0.07847064832221616
32450,0.096519680460333,1336.8033851858822,5692.485174840839,1016.2219271337913,4676.263247707047,0.07849422631314718
32455,0.09653455252203721,1251.9149633202242,5680.07148965928,965.9000385033534,4714.171451155927,0.07851013101570642
32460,0.09654942458374142,1157.678313252417,5668.968237891089,916.7473410381119,4752.220896852978,0.07851888732310597
32465,0.09656429664544564,1055.1649612386473,5659.26298375039,869.1316332274415,4790.131350522948,0.07856631790594042
32470,0.09657916870714985,945.2350223396529,5650.952129705783,823.3839203680832,4827.5682093377,0.07861881754516918
32475,0.09659404076885406,828.5711573700846,5643.934576074483,779.8048352007996,4864.129740873683,0.07866522544916844
32480,0.09660891283055827,705.7320942829442,5638.0142717720955,738.6686736890916,4899.345598083004,0.07870624309143383
32485,0.09662378489226248,577.2113662114161,5632.911761734754,700.2222003564916,4932.689561378262,0.07874257477842038
32490,0.0966386569539667,443.489508430981,5628.283700702393,664.6762959393212,4963.607404763072,0.07880145533030666
32495,0.09665352901567091,305.0728238140846,5623.748354322654,632.1905681632925,4991.557786159362,0.0788582724959339
32500,0.09666840107737512,162.5176108941132,5618.914521007567,602.8537101284686,5016.060810879098,0.07891146508614648
32505,0.09668327313907933,16.443840036011807,5613.411156595412,576.6645834369992,5036.7465731584125,0.07896146837722191
32510,0.09669814520078354,-132.45477877095936,5606.915229290523,553.5196727804982,5053.395556510024,0.07900862764338003
32515,0.09671301726248775,-283.3973720787644,5599.175840885702,533.2112972920421,5065.96454359366,0.07906392097752886
32520,0.09672788932419196,-435.4949358465692,5590.033243794626,515.4382326592493,5074.595011135377,0.07913131712764755
32525,0.09674276138589617,-587.7221740399891,5579.431903613248,499.8272579842363,5079.604645629012,0.07919577241877203
32530,0.09675763344760038,-738.8872433819756,5567.4271202985265,485.96170322854107,5081.465417069985,0.07925737201505081
32535,0.0967725055093046,-887.6080055932512,5554.184941024137,473.4120089414588,5080.7729320826775,0.07931616033139835
32540,0.0967873775710088,-1032.3047521015433,5539.975263465758,461.76366763477864,5078.21159583098,0.07939272460523293
32545,0.09680224963271303,-1171.2184456646914,5525.158251107505,450.6392509415244,5074.51900016598,0.07949446447028793
32550,0.09681712169441724,-1302.4606700682502,5510.164536671732,439.7129028691837,5070.451633802549,0.07959580433888286
32555,0.09683199375612145,-1424.0971738001372,5495.470177868396,428.7171589191132,5066.753018949283,0.07969335475250378
32560,0.09684686581782566,-1534.2616045949103,5481.567880856309,417.4429515155016,5064.124929340807,0.07978708237178357
32565,0.09686173787952987,-1631.2903642868591,5468.93650942108,405.7341659399875,5063.202343481093,0.07987695497880867
32570,0.09687660994123408,-1713.8643870261744,5458.011237865596,393.47827071200214,5064.532967153594,0.0799629382203342
32575,0.09689148200293829,-1781.1402173532197,5449.156796430109,380.59456403604634,5068.562232394063,0.08006847686975599
32580,0.0969063540646425,-1832.8520568298327,5442.64605490592,367.0216041982001,5075.62445070772,0.08017129977449988
32585,0.09692122612634671,-1869.3688621424535,5438.645695042701,352.7054725599741,5085.940222482727,0.08026988764872386
32590,0.09693609818805092,-1891.6956773427787,5437.209987725791,337.5905937087702,5099.619394017021,0.08036420801783425
32595,0.09695097024975513,-1901.4151338870588,5438.282818997482,321.6147866211819,5116.668032376299,0.08045423708015083
32600,0.09696584231145935,-1900.5723275928694,5441.707241009601,304.7099195982571,5136.997321411343,0.0805399626621469
32605,0.09698071437316357,-1891.513199824164,5447.241110186259,286.80891584298246,5160.432194343277,0.0806581523461681
32610,0.09699558643486778,-1876.6924481899468,5454.576932666223,267.8589165806069,5186.718016085616,0.08078851146403553
32615,0.09701045849657199,-1858.47123227262,5463.363913517636,247.8392718344526,5215.524641683183,0.08091394386857564
32620,0.0970253305582762,-1838.9268242463518,5473.230365421737,226.78191955307005,5246.448445868667,0.08103439160438015
32625,0.0970402026199804,-1819.695268859125,5483.804975074771,204.79091877992389,5279.014056294847,0.08115047761324208
32630,0.09705507468168462,-1801.8638666098395,5494.735829511354,182.05768117614048,5312.678148335213,0.08128708041695687
32635,0.09706994674338883,-1785.9234250141903,5505.706467565085,158.86891965690785,5346.837547908178,0.08141835051832365
32640,0.09708481880509304,-1771.7820603187752,5516.448487177591,135.60541690036362,5380.8430702772275,0.0815441892857428
32645,0.09709969086679725,-1758.834590223802,5526.7504006495265,112.73112743950041,5414.019273210026,0.0816644942353111
32650,0.09711456292850146,-1746.0757398701603,5536.462520455565,90.77349090131789,5445.689029554247,0.0817791655795086
32655,0.09712943499020568,-1732.2422922167743,5545.497735081542,70.29683804498737,5475.200897036554,0.08189891591380391
32660,0.09714430705190989,-1715.9688782914095,5553.828161172955,51.87128616228562,5501.95687501067,0.08202775555796776
32665,0.0971591791136141,-1695.9435341708822,5561.477886036589,36.0396224358143,5525.438263600774,0.08216555352778374
32670,0.09717405117531831,-1671.0513705427275,5568.51236025296,23.284559029699363,5545.227801223261,0.08231202926025616
32675,0.09718892323702252,-1640.4968468564698,5575.025429981944,13.998590464964803,5561.02683951698,0.0824529498525929
32680,0.09720379529872673,-1603.8969038792434,5581.125423628214,8.458547214438452,5572.666876413776,0.08261384100945383
32685,0.09721866736043094,-1561.3388146214534,5586.922001725632,6.806736923137024,5580.115264802495,0.0827680461025389
32690,0.09723353942213515,-1513.3985599122652,5592.515516576582,9.040156908534497,5583.4753596680475,0.08291545570330097
32695,0.09724841148383936,-1461.1182113025034,5597.990330853904,15.008574698550468,5582.981756155354,0.08305592958520769
32700,0.09726328354554357,-1405.9441884433727,5603.412917612266,24.42138298207739,5578.991534630189,0.08318927300171948
32705,0.09727815560724778,-1349.6318268997165,5608.8347110327795,36.8622543109788,5571.972456721801,0.0833719187691652
32710,0.09729302766895201,-1294.1246619801004,5614.298780485633,51.809996935446634,5562.488783550187,0.08360808423601734
32715,0.09730789973065622,-1241.4186298220734,5619.848675750387,68.66379887829272,5551.184876872094,0.08383893075257351
32720,0.09732277179236043,-1193.4219980069006,5625.5374244771165,86.77121927344358,5538.766205203673,0.08406432716172793
32725,0.09733764385406464,-1151.8217735020944,5631.43475129644,105.45765696376596,5525.977094332674,0.08428413330738888
32730,0.09735251591576885,-1117.9671971516727,5637.631104872077,124.05634515967009,5513.574759712407,0.0844981904399992
32735,0.09736738797747306,-1092.7809052803445,5644.237876277156,141.93800496838034,5502.299871308775,0.08470631777576752
32740,0.09738226003917727,-1076.70792093817,5651.384041879909,158.5391183493655,5492.844923530543,0.08490831630837434
32745,0.09739713210088148,-1069.710840897044,5659.210131826586,173.3874965781137,5485.822635248473,0.08510398002594757
32750,0.09741200416258569,-1071.3155440998084,5667.8607460340845,186.12365171986838,5481.737094314216,0.08529370416179007
32755,0.0974268762242899,-1080.7054177281489,5677.476769406978,196.51661525996693,5480.960154147011,0.08547813958877398
32760,0.09744174828599411,-1096.8545564476426,5688.1880616981725,204.47333725700747,5483.714724441165,0.08565572369320328
32765,0.09745662034769834,-1118.6835055786491,5700.106891537264,210.04151501131656,5490.065376525948,0.08582640722961211
32770,0.09747149240940255,-1145.2167886485736,5713.321950352137,213.40639990377983,5499.915550448357,0.08599023172524634
32775,0.09748636447110676,-1175.7208743371534,5727.892576912781,214.8825717066291,5513.010005206152,0.08614733721622407
32780,0.09750123653281097,-1209.8045047284545,5743.842910080376,214.90171945133062,5528.941190629045,0.0862979589790425
32785,0.09751610859451518,-1247.4695219138598,5761.1560213958755,213.99716262851206,5547.158858767363,0.08644241248793287
32790,0.09753098065621939,-1289.1079946443688,5779.768529433643,212.78537091734665,5566.9831585162965,0.08658106783262205
32795,0.0975458527179236,-1335.449003917572,5799.566593380436,211.94434841284817,5587.622244967588,0.08671431692360246
32800,0.09756072477962781,-1387.4646910402166,5820.384369447848,212.1886573965209,5608.195712051327,0.08684253851133795
32805,0.09757559684133202,-1446.2494078844593,5842.005901888812,214.24116537105624,5627.764736517756,0.08696606685082357
32810,0.09759046890303623,-1512.8877973144686,5864.171016033828,218.80225352186332,5645.368762511965,0.08708516940717415
32815,0.09760534096474044,-1588.327455778725,5886.585180912256,226.51804149908432,5660.067139413171,0.08720003727938479
32820,0.09762021302644466,-1673.2697693096784,5908.93267123195,237.94990964636156,5670.982761585588,0.08731078933841806
32825,0.09763508508814887,-1768.0889688035804,5930.8918508937395,253.5479899441922,5677.343860949547,0.08741748805376125
32830,0.09764995714985308,-1872.784942380686,5952.151152288153,273.63118369639704,5678.519968591756,0.0875201623792832
32835,0.0976648292115573,-1986.9705536744582,5972.424392407534,298.37560797701263,5674.048784430521,0.08761883156693029
32840,0.0976797012732615,-2109.889952012838,5991.464414786418,327.81227961472837,5663.65213517169,0.08772728088989959
32845,0.09769457333496571,-2240.4613760313878,6009.074560902855,361.833545468842,5647.241015434013,0.08786372070573727
32850,0.09770944539666993,-2377.3366783302745,6025.117989625447,400.20656146220443,5624.911428163243,0.08799588329674427
32855,0.09772431745837414,-2518.97017064267,6039.52520762271,442.5913017915588,5596.933905831151,0.08812347403755277
32860,0.09773918952007835,-2663.6908885604007,6052.300226101919,488.5603426754628,5563.739883426457,0.08824619662225618
32865,0.09775406158178256,-2809.774283774257,6063.525493995387,537.6180548601553,5525.9074391352315,0.08836373743762238
32870,0.09776893364348677,-2955.511056283266,6073.3652640110895,589.2177257300847,5484.147538281005,0.08847575254677777
32875,0.09778380570519099,-3099.2720001129514,6082.066509487749,642.7762515054702,5439.2902579822785,0.08858186103096244
32880,0.0977986777668952,-3239.568250333978,6089.956146177604,697.6870767178015,5392.269069459802,0.08868207426673888
32885,0.09781354982859941,-3375.1061806667353,6097.433302651697,753.332735631759,5344.100567019938,0.08877676601646459
32890,0.09782842189030362,-3504.8354486573035,6104.955801770303,809.0985040645048,5295.857297705798,0.08886438908715354
32895,0.09784329395200783,-3627.98750581319,6113.02080991636,864.3882854582818,5248.6325244580785,0.08894450275866082
32900,0.09785816601371204,-3744.1007372583563,6122.140611513949,918.6430655272479,5203.497545986701,0.08902259914062682
32905,0.09787303807541625,-3853.027917378775,6132.815435962288,971.3613159347414,5161.454120027546,0.08912583720520109
32910,0.09788791013712046,-3954.922395705688,6145.505959027704,1022.1198879520441,5123.38607107566,0.08922733144992896
32915,0.09790278219882467,-4050.2014277131093,6160.608334785438,1070.5934497826859,5090.014885002753,0.08931721759051382
32920,0.09791765426052888,-4139.487849624027,6178.4343073700375,1116.5705125356124,5061.863794834425,0.08939773335743888
32925,0.0979325263222331,-4223.5340835661045,6199.198155056903,1159.9645334835866,5039.233621573316,0.08947893113788843
32930,0.09794739838393732,-4303.134604366073,6223.011108422844,1200.8193128761525,5022.1917955466915,0.08954843278940788
32935,0.09796227044564153,-4379.034271038651,6249.882717834871,1239.3086691301817,5010.57404870469,0.08960619854275782
32940,0.09797714250734574,-4451.840468079697,6279.727693307839,1275.730964913565,5003.996728394274,0.08967605133885627
32945,0.09799201456904995,-4521.947058163373,6312.3762050090345,1310.4993407405823,5001.876864268452,0.08973813921175734
32950,0.09800688663075416,-4589.477792845782,6347.585596205316,1344.128497719985,5003.457098485331,0.08979429641114249
32955,0.09802175869245837,-4654.2558918015875,6385.051866918816,1377.2186632385997,5007.833203680217,0.08984296983722363
32960,0.09803663075416258,-4715.804719447271,6424.4199759934045,1410.4371182601035,5013.982857733301,0.08988046798935091
32965,0.09805150281586679,-4773.381741317887,6465.292776444479,1444.4974806966195,5020.79529574786,0.08990651288674917
32970,0.098066374877571,-4826.044419238508,6507.239056613881,1480.1368772202507,5027.102179393631,0.08992166675935026
32975,0.09808124693927521,-4872.742894248717,6549.801581766116,1518.0911838709749,5031.710397895142,0.08993047544264643
32980,0.09809611900097942,-4912.430859823167,6592.506167856945,1559.068631772677,5033.437536084268,0.0899269969065933
32985,0.09811099106268364,-4944.183557201016,6634.87268864313,1603.7222233262883,5031.150465316841,0.08991090921007666
32990,0.09812586312438785,-4967.3107247695625,6676.428581475241,1652.6215809064797,5023.807000568761,0.08988192169920811
32995,0.09814073518609207,-4981.452682700538,6716.724959515009,1706.2250748383594,5010.499884676649,0.08984240665872262
33000,0.09815560724779628,-4986.649314102475,6755.3549426892805,1764.8533690379884,4990.501573651292,0.08978974805530111
33005,0.09817047930950049,-4983.374136201826,6791.973356508172,1828.6658607783336,4963.307495729839,0.08972368925196098
33010,0.0981853513712047,-4972.528592751373,6826.316566560176,1897.6417980713588,4928.674768488818,0.08964418127080465
33015,0.0982002234329089,-4955.394969785133,6858.220947362115,1971.5680172854054,4886.65293007671,0.08955124871478792
33020,0.09821509549461312,-4933.549938403087,6887.63834455355,2050.035147293611,4837.603197259939,0.08944498149896926
33025,0.09822996755631733,-4908.744657219038,6914.64689063048,2132.443727482821,4782.203163147658,0.0893255213016103
33030,0.09824483961802154,-4882.7613931949545,6939.4556857730595,2218.0210237072206,4721.434662065839,0.08919304474930419
33035,0.09825971167972575,-4857.260183247901,6962.40216302643,2305.8485071079813,4656.553655918448,0.0890502971229594
33040,0.09827458374142997,-4833.631416476716,6983.941418020147,2394.899116596387,4589.042301423759,0.08891035450759968
33045,0.09828945580313418,-4812.870764371072,7004.627379458579,2484.0826577648027,4520.5447216937755,0.08875826668377931
33050,0.09830432786483839,-4795.491442898632,7025.086392149027,2572.297044075633,4452.789348073395,0.08859413948895023
33055,0.0983191999265426,-4781.485630187512,7045.984526513715,2658.4825602306187,4387.501966283096,0.08841805381198424
33060,0.09833407198824681,-4770.342477287546,7067.9906478913235,2741.675914435919,4326.314733455405,0.08823006999154946
33065,0.09834894404995102,-4761.124928935549,7091.737888633729,2821.0605675593174,4270.677321074412,0.08803023753239411
33070,0.09836381611165523,-4752.601674878081,7117.786566031947,2896.009752123606,4221.77681390834,0.08781860805676309
33075,0.09837868817335944,-4743.424074081831,7146.591679800173,2966.1188243948827,4180.47285540529,0.08759524897555894
33080,0.09839356023506365,-4732.331223831639,7178.477830313075,3031.2242178969395,4147.253612416136,0.08736025550814834
33085,0.09840843229676786,-4718.360433837734,7213.623705599588,3091.407307260733,4122.216398338855,0.0871137593473991
33090,0.09842330435847207,-4701.036637980633,7252.057253659347,3146.9828589719773,4105.07439468737,0.0868559332265951
33095,0.0984381764201763,-4680.514160584269,7293.661431847267,3198.4732440208804,4095.188187826386,0.08658699158676487
33100,0.09845304848188051,-4657.648551061145,7338.189209913557,3246.570959789811,4091.618250123746,0.08630718820887866
33105,0.09846792054358472,-4633.984648823986,7385.285514005302,3292.093012083875,4093.192501921427,0.08601681195076134
33110,0.09848279260528893,-4611.658295761015,7434.513212213483,3335.9311854212892,4098.582026792194,0.08571618165051278
33115,0.09849766466699314,-4593.221138107693,7485.380150712278,3379.0021471145506,4106.378003597727,0.08540564096120676
33120,0.09851253672869735,-4581.408609600701,7537.364638159396,3422.2007756593603,4115.163862500036,0.08508555352426886
33125,0.09852740879040156,-4578.878746090463,7589.937526587702,3466.359245520041,4123.578281067661,0.08475629859562867
33130,0.09854228085210577,-4587.952960318004,7642.579960299745,3512.213434680849,4130.366525618896,0.08441826706809513
33135,0.09855715291380998,-4610.3890887172965,7694.796751149882,3560.377322387428,4134.419428762454,0.0840718577745825
33140,0.09857202497551419,-4647.212344670323,7746.126014546142,3611.325333104493,4134.800681441649,0.08371747395419929
33145,0.0985868970372184,-4698.622175383257,7796.146067993632,3665.382114167206,4130.763953826426,0.08335551975909619
33150,0.09860176909892263,-4763.983603933326,7844.480648356756,3722.7190002822404,4121.761648074516,0.0830294767285609
33155,0.09861664116062684,-4841.901729725727,7890.803321207951,3783.356358081249,4107.446963126702,0.08296299755634357
33160,0.09863151322233105,-4930.36888203917,7934.841657075624,3847.171028766886,4087.6706283087383,0.0829085191262521
33165,0.09864638528403526,-5026.966479315168,7976.381458442792,3913.908106810846,4062.4733516319457,0.08288850685654708
33170,0.09866125734573947,-5129.098618838742,8015.271123472205,3983.1962492037223,4032.0748742684823,0.08284630190977461
33175,0.09867612940744368,-5234.232111537232,8051.426151099648,4054.565600413389,3996.8605506862596,0.08278045112140953
33180,0.09869100146914789,-5340.118052880618,8084.8337866296015,4127.467300515288,3957.3664861143134,0.08268953351520496
33185,0.0987058735308521,-5444.972815171392,8115.557793668906,4201.293511632638,3914.264282036268,0.08268253493146632
33190,0.09872074559255631,-5547.601167032499,8143.743230243114,4275.397033466337,3868.346196776777,0.08266030579530047
33195,0.09873561765426052,-5647.450633367531,8169.620856838932,4349.109904225277,3820.510952613655,0.08261072262013024
33200,0.09875048971596473,-5744.59371092107,8193.510434157302,4421.760835351585,3771.749598805717,0.08253208091632473
33205,0.09876536177766895,-5839.642519379471,8215.82177136296,4492.69177263529,3723.1299987276698,0.08245383667385259
33210,0.09878023383937316,-5933.608035697482,8237.05209612913,4561.274155128118,3675.7779410010116,0.08244942741174494
33215,0.09879510590107737,-6027.722170298236,8257.77826436287,4626.9254366489795,3630.852827713891,0.08241418785437513
33220,0.09880997796278158,-6123.244569228802,8278.64258833419,4689.126109340023,3589.516478994168,0.08234649211772983
33225,0.0988248500244858,-6221.276528727741,8300.33163925106,4747.436897670979,3552.8947415800812,0.08224503117730733
33230,0.09883972208619,-6322.601835954429,8323.54820153619,4801.5151381448795,3522.033063391311,0.08219299176412384
33235,0.09885459414789421,-6427.569459678761,8348.977494045412,4851.128831917034,3497.8486621283773,0.08217452989152199
33240,0.09886946620959843,-6536.026980408478,8377.249675462224,4896.166641668886,3481.0830337933385,0.082122132218986
33245,0.09888433827130264,-6647.307603566209,8408.901366363161,4936.642303980498,3472.2590623826636,0.08203471670281368
33250,0.09889921033300685,-6760.268279389967,8444.339324688624,4972.692524458051,3471.6468002305737,0.08191154764051747
33255,0.09891408239471106,-6873.372124711155,8483.809429061354,5004.568272890341,3479.2411561710123,0.08190172796019778
33260,0.09892895445641528,-6984.8049795329025,8527.373746942161,5032.620282957424,3494.753463984737,0.08187520522837584
33265,0.09894382651811949,-7092.613480933313,8574.897757302995,5057.28027030057,3517.617487002425,0.0818135122066924
33270,0.0989586985798237,-7194.850570544248,8626.048887796156,5079.039771495887,3547.009116300269,0.08171567544178417
33275,0.09897357064152791,-7289.7140549569185,8680.306571737272,5098.4285390825,3581.878032654772,0.0816232382679608
33280,0.09898844270323212,-7375.664881748638,8736.983173852977,5115.99416211645,3620.9890117365276,0.08163375309749694
33285,0.09900331476493633,-7451.514198883287,8795.254465581751,5132.284123240369,3662.970342341382,0.08160847477037157
33290,0.09901818682664054,-7516.471842729027,8854.197869180196,5147.830957671888,3706.3669115083076,0.08154577779063119
33295,0.09903305888834475,-7570.153270228,8912.83639347172,5163.1406276629905,3749.6957658087294,0.08144435436183028
33300,0.09904793095004896,-7612.546617507568,8970.185985243166,5178.683725556198,3791.5022596869685,0.08141102831717124
33305,0.09906280301175317,-7643.945997368903,9025.303866634718,5194.888719058071,3830.4151475766475,0.08142609525508389
33310,0.09907767507345738,-7664.860832523239,9077.335311127626,5212.136204217532,3865.199106910094,0.08140110993468072
33315,0.09909254713516161,-7675.913514911386,9125.556267230688,5230.753081634857,3894.8031855958307,0.08133424830023106
33320,0.09910741919686582,-7677.738631483735,9169.409335863247,5251.005747129984,3918.403588733263,0.08122427340173705
33325,0.09912229125857003,-7670.896183376602,9208.530904926622,5273.091781367749,3935.439123558873,0.08124325649813365
33330,0.09913716332027424,-7655.808629519749,9242.767766259718,5297.130180303754,3945.637585955964,0.08125341000094932
33335,0.09915203538197845,-7632.727484471337,9272.182256443866,5323.150792924996,3949.0314635188706,0.0812190622486526
33340,0.09916690744368266,-7601.730237543761,9297.045794832062,5351.084198754958,3945.9615960771034,0.08113898214932608
33345,0.09918177950538687,-7562.743506526366,9317.821531031208,5380.753637751582,3937.0678932796263,0.0810259890736769
33350,0.09919665156709108,-7515.584680820885,9335.137549513214,5411.870706566972,3923.266842946242,0.0810700834333412
33355,0.09921152362879529,-7460.012692505212,9349.752625050318,5444.036330884768,3905.7162941655497,0.0810686758082065
33360,0.0992263956904995,-7395.779235918769,9362.516834768212,5476.748064623481,3885.768770144731,0.08102028286345835
33365,0.09924126775220371,-7322.67425452706,9374.329412053561,5509.414162590731,3864.9152494628297,0.08092410885466297
33370,0.09925613981390793,-7240.562795044113,9386.096114143418,5541.37424816387,3844.721865979548,0.08083227856452763
33375,0.09927101187561214,-7149.41326918329,9398.688131826666,5571.92584384196,3826.762287984706,0.08086561723498432
33380,0.09928588393731635,-7049.319027090685,9412.90426411355,5600.3555842586065,3812.5486798549427,0.0808507286159359
33385,0.09930075599902057,-6940.515803405711,9429.437769010297,5625.973571714399,3803.464197295898,0.08078603706589804
33390,0.09931562806072478,-6823.397374192422,9448.849015980448,5648.14902961878,3800.6999863616675,0.08067814319098691
33395,0.09933050012242899,-6698.531078434687,9471.544810289513,5666.3451473380765,3805.199662951437,0.08059391380261867
33400,0.0993453721841332,-6566.673917305237,9497.76501351436,5680.150823467931,3817.614190046428,0.08061083996706629
33405,0.0993602442458374,-6428.788712683156,9527.576815403043,5689.30697673854,3838.2698386645034,0.08057571282522996
33410,0.09937511630754162,-6286.058230735586,9560.876693421833,5693.7252892874685,3867.1514041343644,0.08048731918450884
33415,0.09938998836924583,-6139.893449930626,9597.399724500112,5693.497729939392,3903.9019945607197,0.0803762819486375
33420,0.09940486043095004,-5991.930785744953,9636.735517036082,5688.8959614172545,3947.839555618828,0.08028330219213414
33425,0.09941973249265426,-5844.012713415899,9678.349664879714,5680.360666858341,3997.988998021373,0.08027674516971027
33430,0.09943460455435847,-5698.147298042361,9721.609351720746,5668.481772787771,4053.1275789329757,0.0802157927651299
33435,0.09944947661606268,-5556.444660065537,9765.811602134658,5653.971314658086,4111.840287476572,0.08011102419454519
33440,0.09946434867776689,-5421.031930000966,9810.212698851547,5637.631147570508,4172.581551281039,0.07998994236387567
33445,0.0994792207394711,-5293.952048774563,9854.057439488613,5620.317800164175,4233.739639324438,0.07989544445088337
33450,0.09949409280117531,-5177.055077354638,9896.607134737862,5602.906557412677,4293.700577325185,0.07986777546031422
33455,0.09950896486287952,-5071.892879389688,9937.165489124483,5586.256464923747,4350.909024200736,0.0797860372643343
33460,0.09952383692458373,-4979.628776630051,9975.101703395048,5571.1775201217615,4403.924183273287,0.07968458500410683
33465,0.09953870898628794,-4900.972946203912,10009.870272173348,5558.400968554322,4451.469303619026,0.07955650664073648
33470,0.09955358104799215,-4836.1520293223275,10041.02703273884,5548.5534067532135,4492.473625985627,0.07947227474725105
33475,0.09956845310969636,-4784.917903519649,10068.241085901778,5542.135290860202,4526.105795041576,0.07943213704150419
33480,0.09958332517140059,-4746.596222634869,10091.302299966872,5539.50440300449,4551.797896962382,0.07933863279978996
33485,0.0995981972331048,-4720.170674649044,10110.124253860427,5540.864764872626,4569.259488987801,0.07925515321285619
33490,0.09961306929480901,-4704.394579942062,10124.74268136891,5546.261359948179,4578.481321420732,0.07912639477083108
33495,0.09962794135651322,-4697.918094923067,10135.309724298366,5555.5808209247925,4579.728903373573,0.0790573966396148
33500,0.09964281341821743,-4699.41739492486,10142.0845477402,5568.5579847065965,4573.526563033603,0.07900772975315251
33505,0.09965768547992164,-4707.711993595897,10145.42106766573,5584.787966207644,4560.633101458086,0.07892048054470918
33510,0.09967255754162585,-4721.857693325287,10145.753647051126,5603.743204622746,4542.01044242838,0.0788434035564757
33515,0.09968742960333006,-4741.205209154611,10143.581605025853,5624.794817384936,4518.786787640916,0.07871245149482141
33520,0.09970230166503427,-4765.417890267772,10139.453251461939,5647.237546062279,4492.21570539966,0.07865504245728956
33525,0.09971717372673848,-4794.445926421919,10133.94993269426,5670.317553467202,4463.632379227059,0.0785932711564729
33530,0.09973204578844269,-4828.458857651945,10127.670304664593,5693.2622829012935,4434.408021763299,0.0785883122654987
33535,0.09974691785014692,-4867.742979043532,10121.214804466803,5715.3114867195145,4405.903317747288,0.07861890800660908
33540,0.09976178991185113,-4912.574987390093,10115.170131484658,5735.74837271513,4379.4217587695275,0.0786353260818088
33545,0.09977666197355534,-4963.087231133601,10110.09351019697,5753.929634500912,4356.163875696058,0.07863796202170233
33550,0.09979153403525955,-5019.142223459434,10106.496586100664,5769.312974103251,4337.183611997413,0.07862724734748887
33555,0.09980640609696376,-5080.233783047446,10104.828971480836,5781.480640548633,4323.348330932203,0.0786036372365405
33560,0.09982127815866797,-5145.428924730776,10105.461666779553,5790.157539162584,4315.304127616969,0.07858652203677649
33565,0.09983615022037218,-5213.358874134057,10108.67080688707,5795.222645704092,4313.448161182978,0.07858962988490704
33570,0.09985102228207639,-5282.260495426045,10114.622411653641,5796.712808507845,4317.909603145797,0.07858059909523446
33575,0.0998658943437806,-5350.062508898027,10123.359056857827,5794.818537757221,4328.540519100607,0.07857322490233676
33580,0.09988076640548481,-5414.505461210258,10134.789610555346,5789.872019672817,4344.917590882529,0.07856617650153924
33585,0.09989563846718902,-5473.281237693169,10148.683351391868,5782.328260355071,4366.355091036798,0.07854424958141788
33590,0.09991051052889324,-5524.177026826043,10164.669822720525,5772.740830673227,4391.928992047298,0.07850773509155783
33595,0.09992538259059745,-5565.209612435426,10182.24560306873,5761.734029984181,4420.511573084549,0.07851612874553524
33600,0.09994025465230166,-5594.738047989331,10200.788753639627,5749.973352398798,4450.815401240829,0.07851824607990882
33605,0.09995512671400587,-5611.5456143669735,10219.58106766957,5738.135953781143,4481.445113888426,0.07850696001193097
33610,0.09996999877571008,-5614.885128656418,10237.837489015566,5726.882485110774,4510.955003904793,0.07848256749111981
33615,0.0999848708374143,-5604.48496678842,10254.741317223665,5716.831307624731,4537.910009598933,0.0784453560325307
33620,0.0999997428991185,-5580.516460207757,10269.483194729188,5708.5358320689,4560.947362660288,0.07839561092768706
33625,0.10001461496082271,-5543.526492399761,10281.301460400004,5702.4655543323015,4578.835906067702,0.07833361972017211
33630,0.10002948702252693,-5494.3420016648415,10289.52128296299,5698.9912546147,4590.530028348291,0.07825967416073097
33635,0.10004435908423114,-5433.955543646437,10293.590048477516,5698.374720436902,4595.215328040614,0.07817407046927827
33640,0.10005923114593535,-5363.40295056005,10293.106737678885,5700.763192285464,4592.343545393421,0.07812299923213971
33645,0.10007410320763957,-5283.645306719574,10287.843456650455,5706.188501740627,4581.654954909828,0.07808498706549045
33650,0.10008897526934378,-5195.467745497379,10277.75784148548,5714.570605842493,4563.187235642987,0.07803605086004993
33655,0.10010384733104799,-5099.406679185741,10262.995701565642,5725.724974047795,4537.270727517847,0.07797626609263757
33660,0.1001187193927522,-4995.714688204476,10243.883941433656,5739.373110720373,4504.510830713283,0.0779057361052814
33665,0.10013359145445641,-4884.368243854273,10220.914441660003,5755.155427963652,4465.759013696351,0.07782461162390257
33670,0.10014846351616062,-4765.117906522254,10194.72011799751,5772.645716217139,4422.074401780372,0.07773310656057136
33675,0.10016333557786483,-4637.574348185952,10166.044764842705,5791.366557704378,4374.678207138328,0.07763150837395255
33680,0.10017820763956904,-4501.317711703081,10135.708502105996,5810.805142426592,4324.903359679403,0.07753709986225903
33685,0.10019307970127325,-4356.013848035274,10104.570696187462,5830.429041527916,4274.1416546595465,0.07749340068350886
33690,0.10020795176297746,-4201.519967933364,10073.492154879195,5849.701559389423,4223.790595489772,0.07743632783046903
33695,0.10022282382468167,-4037.9645424785117,10043.29825360346,5868.096341557256,4175.201912046204,0.07736630051819203
33700,0.1002376958863859,-3865.791293956539,10014.744481752865,5885.110988078854,4129.633493674011,0.077283843963818
33705,0.10025256794809011,-3685.7635517332806,9988.485729645367,5900.279526504544,4088.2062031408223,0.07718956965802393
33710,0.10026744000979432,-3498.9316470123254,9965.05047195104,5913.183724099911,4051.8667478511297,0.07708414723112736
33715,0.10028231207149853,-3306.571239514794,9944.820826626512,5923.463327679881,4021.3574989466306,0.07696827138281867
33720,0.10029718413320274,-3110.1038924774825,9928.01925561629,5930.825366118189,3997.1938894981004,0.07685969646664051
33725,0.10031205619490695,-2911.012662747719,9914.702405431728,5935.052603532589,3979.6498018991388,0.07681576257255741
33730,0.10032692825661116,-2710.764993786392,9904.762257084123,5936.011090722004,3968.751166362119,0.07676898318688502
33735,0.10034180031831537,-2510.752942144359,9897.934380026358,5933.656564053298,3964.2778159730597,0.07671361678059782
33740,0.10035667238001958,-2312.2570525204915,9893.812696328596,5928.039243365369,3965.773452963227,0.0766499786317705
33745,0.10037154444172379,-2116.435629766953,9891.869804375565,5919.306443822203,3972.563360553362,0.07657833329165978
33750,0.100386416503428,-1924.3366109823828,9891.481632815314,5907.702380490499,3983.7792523248145,0.07649889729653632
33755,0.10040128856513222,-1736.9256306474144,9891.955032542204,5893.564614281044,3998.3904182611604,0.07641184144404906
33760,0.10041616062683643,-1555.1218346031928,9892.556884286982,5877.31673751271,4015.240146774272,0.07631729058520091
33765,0.10043103268854064,-1379.8326976418957,9892.54339423234,5859.457086315862,4033.0863079164774,0.0762274543968532
33770,0.10044590475024485,-1211.980253469249,9891.188439169508,5840.543466001542,4050.644973167966,0.07620845954348278
33775,0.10046077681194907,-1052.513249276636,9887.810060375406,5821.17408369216,4066.6359766832466,0.07619493478057798
33780,0.10047564887365328,-902.4023041115879,9881.794442246493,5801.9651260500605,4079.829316196433,0.07617337040989995
33785,0.10049052093535749,-762.6178462557236,9872.616905215196,5783.525727219142,4089.0911779960543,0.07614354286879498
33790,0.1005053929970617,-634.0932238744517,9859.85956492456,5766.431439753103,4093.4281251714565,0.07610513806760939
33795,0.1005202650587659,-517.677738868203,9843.22535269304,5751.197692579638,4092.027660113402,0.07605773773797998
33800,0.10053513712047012,-414.0861845983054,9822.548069515491,5738.254991480641,4084.2930780348497,0.07600081289278661
33805,0.10055000918217433,-323.8524366880247,9797.79809192622,5727.927676534096,4069.8704153921253,0.07593372639577013
33810,0.10056488124387855,-247.29444129078183,9769.083313472218,5720.417826387008,4048.66548708521,0.07587323098267378
33815,0.10057975330558276,-184.49643637175632,9736.644944625685,5715.7954014615125,4020.8495431641722,0.07589457176348549
33820,0.10059462536728697,-135.311602023643,9700.84794737706,5713.995047397132,3986.852899979928,0.0759028802978707
33825,0.10060949742899118,-99.3850527210252,9662.166158823815,5714.819297447701,3947.3468613761142,0.07589728607516508
33830,0.10062436949069539,-76.19383073992049,9621.162532011853,5717.94738549581,3903.215146516043,0.07587693604240751
33835,0.1006392415523996,-65.09797057437572,9578.4653291011,5722.9486238518275,3855.5167052492725,0.07584103154606993
33840,0.10065411361410381,-65.39517003128731,9534.741461995,5729.29933287868,3805.44212911632,0.07578886501483659
33845,0.10066898567580802,-76.37119531845838,9490.668416802213,5736.402556159471,3754.265860642742,0.07571985230629606
33850,0.10068385773751223,-97.33871195520715,9446.906277499873,5743.610113704186,3703.296163795687,0.07563355711099239
33855,0.10069872979921644,-127.65858884735007,9404.071278231446,5750.246783670547,3653.8244945608985,0.07559104038494568
33860,0.10071360186092065,-166.7398026923247,9362.712099299257,5755.636449427224,3607.075649872033,0.07558580962109787
33865,0.10072847392262488,-214.01688878794903,9323.289841071635,5759.129865676659,3564.159975394976,0.0755623105344007
33870,0.10074334598432909,-268.9073405127474,9286.162328888346,5760.133322613538,3526.029006274807,0.07552060765390325
33875,0.1007582180460333,-330.75502288494954,9251.573167962328,5758.137012298967,3493.4361556633603,0.0755529013087861
33880,0.10077309010773751,-398.7687517064742,9219.645793222595,5752.741442016645,3466.9043512059498,0.07561385137603653
33885,0.10078796216944172,-471.9668048097801,9190.382621413339,5743.67990808064,3446.7027133326983,0.07567570623650247
33890,0.10080283423114593,-549.1376818365943,9163.669265354016,5730.834934088505,3432.8343312655106,0.0757381712066503
33895,0.10081770629285014,-628.8249475092662,9139.283570086136,5714.246754970203,3425.0368151159328,0.07580090695338743
33900,0.10083257835455435,-709.3401781245057,9116.908964122922,5694.112419174055,3422.7965449488674,0.07586348385325065
33905,0.10084745041625856,-788.8039412631788,9096.151315834184,5670.774861818407,3425.376454015777,0.07592536232760687
33910,0.10086232247796277,-865.2113229459083,9076.558211788655,5644.702285435868,3431.855926352787,0.07598589712288081
33915,0.10087719453966698,-936.5162371865354,9057.639409459996,5616.459225099999,3441.180184359998,0.07604436011813992
33920,0.1008920666013712,-1000.7275084130206,9038.887220532239,5586.671588533882,3452.215631998357,0.07609997435425458
33925,0.10090693866307542,-1056.0090749153242,9019.795768913287,5555.988577960077,3463.80719095321,0.07615232379540082
33930,0.10092181072477963,-1100.7762300197228,8999.878403880019,5525.044613556864,3474.833790323155,0.07621378263538957
33935,0.10093668278648384,-1133.7795223878766,8978.682957235938,5494.424183155579,3484.258774080359,0.07627318448236883
33940,0.10095155484818805,-1154.168046727902,8955.804918041254,5464.632029432186,3491.1728886090687,0.07632998274318221
33945,0.10096642690989226,-1161.5247793069757,8930.898868410863,5436.070396631364,3494.8284717794986,0.07638357780932742
33950,0.10098129897159647,-1155.8686153372037,8903.688613832355,5409.024330224454,3494.664283607901,0.07643333883369015
33955,0.10099617103330068,-1137.620793454118,8873.976327688033,5383.655342797604,3490.320984890429,0.07648631954981873
33960,0.10101104309500489,-1107.537086852025,8841.650738840533,5360.003159380044,3481.6475794604894,0.07654678528695177
33965,0.1010259151567091,-1066.6109990318919,8806.694000167488,5337.994732342788,3468.6992678247007,0.07660426483326663
33970,0.10104078721841331,-1015.956759166178,8769.186498269954,5317.459265356028,3451.727232913926,0.07666307971263771
33975,0.10105565928011753,-956.6838154206216,8729.308622679551,5298.147622849117,3431.160999830434,0.07673114591710015
33980,0.10107053134182174,-889.7764852587834,8687.33850179912,5279.754261744235,3407.5842400548854,0.07680657039461118
33985,0.10108540340352595,-815.9931132848351,8643.644967953944,5261.939746251262,3381.705221702682,0.07688754172421113
33990,0.10110027546523016,-735.7981136118415,8598.675495551472,5244.352018034502,3354.3234775169694,0.07696312143619571
33995,0.10111514752693437,-649.3372821976182,8552.939458801033,5226.644886012013,3326.29457278902,0.07703293611495168
34000,0.10113001958863858,-556.4616817064643,8506.987638486495,5208.492632150885,3298.49500633561,0.07710972533356135
34005,0.1011448916503428,-456.7986734605511,8461.389338196823,5189.600137944027,3271.789200252796,0.07719067222789562
34010,0.101159763712047,-349.86135238910083,8416.708662820058,5169.708450062415,3247.0002127576427,0.07726618060775338
34015,0.10117463577375121,-235.18121602153496,8373.481448811683,5148.596162275889,3224.885286535794,0.07733592270980187
34020,0.10118950783545543,-112.44485851564878,8332.194069308518,5126.077354658654,3206.1167146498638,0.0774013952883947
34025,0.10120437989715964,18.385186542725023,8293.264968350652,5101.997083435577,3191.2678849150743,0.07747981940011743
34030,0.10121925195886386,156.98249044335535,8257.029421062847,5076.225553910193,3180.8038671526538,0.07755269599203211
34035,0.10123412402056807,302.6130852939432,8223.727759270483,5048.652137903797,3175.0756213666864,0.07761966300801523
34040,0.10124899608227228,454.1404700637722,8193.497182188872,5019.180316240825,3174.316865948047,0.07768039618050412
34045,0.10126386814397649,610.0764490572365,8166.367268749465,4987.7244339971285,3178.642834752337,0.07773460035019218
34050,0.1012787402056807,768.6689165793605,8142.259357201475,4954.208855904293,3188.0505012971817,0.07779776266036986
34055,0.10129361226738491,928.0134909738308,8120.989978862531,4918.569724531249,3202.4202543312813,0.07785903548865362
34060,0.10130848432908912,1086.1739501616094,8102.278461880926,4880.759104742608,3221.519357138319,0.07791380832342867
34065,0.10132335639079333,1241.296798490448,8085.758632432085,4840.750917957956,3245.007714474129,0.07796181562240458
34070,0.10133822845249754,1391.7077229664392,8070.9942563477525,4798.547807662837,3272.4464486849156,0.0780028634008045
34075,0.10135310051420175,1535.9815403986258,8057.497544036772,4754.18798903547,3303.3095550013013,0.07803682978513359
34080,0.10136797257590596,1672.981612372093,8044.749763527678,4707.751225461518,3336.99853806616,0.07808032724309216
34085,0.10138284463761019,1801.8687324872162,8032.222840370891,4659.363288075445,3372.8595522954465,0.07812148406891437
34090,0.1013977166993144,1922.082580274301,8019.400807560488,4609.198493966264,3410.2023135942236,0.0781561480522365
34095,0.10141258876101861,2033.300838697041,8005.800098742002,4557.480088178624,3448.3200105633778,0.07818440315509201
34100,0.10142746082272282,2135.382203119695,7990.987907687906,4504.478287376741,3486.5096203111652,0.07820641050158438
34105,0.10144233288442703,2228.3001092350373,7974.598094997108,4450.505769333825,3524.092325663283,0.0782223877629039
34110,0.10145720494613124,2312.0742932877756,7956.344336519662,4395.9103661171475,3560.433970402514,0.07824383222509239
34115,0.10147207700783545,2386.7072531849444,7936.030326326523,4341.064808050927,3594.965518275596,0.0782706453982208
34120,0.10148694906953966,2452.132119443284,7913.5568558706145,4286.353630761923,3627.203225108691,0.07829253963467943
34125,0.10150182113124387,2508.177194464356,7888.925515333094,4232.1577717692835,3656.7677435638107,0.07830974025141671
34130,0.10151669319294808,2554.5504800594467,7862.238659069692,4178.837834127538,3683.400824942154,0.07832244798147424
34135,0.10153156525465229,2590.845130419566,7833.69521652894,4126.717330894292,3706.9778856346484,0.0783308175024668
34140,0.10154643731635651,2616.564358879181,7803.581982126528,4076.067320175023,3727.514661951505,0.07833774877442166
34145,0.10156130937806072,2631.162322741611,7772.260229186845,4027.0936525236402,3745.166576663205,0.07836059714039607
34150,0.10157618143976493,2634.0961906687253,7740.147870823779,3979.927638902453,3760.220231921326,0.07837945423277004
34155,0.10159105350146914,2624.884007856762,7707.697890294994,3934.6204447993496,3773.0774454956445,0.07839425379969835
34160,0.10160592556317335,2603.1629669058616,7675.374292237641,3891.1410832625293,3784.233208975112,0.0784048918122618
34165,0.10162079762487757,2568.7430597854404,7643.627263247987,3849.3776348538768,3794.24962839411,0.07841123684272171
34170,0.10163566968658178,2521.6517034864037,7612.869459702693,3809.1413018886524,3803.728157814041,0.07841314365585925
34175,0.10165054174828599,2462.165808686679,7583.455289030258,3770.17305647717,3813.2822325530883,0.07842776334106014
34180,0.1016654138099902,2390.8289651722703,7555.664712284585,3732.1528578393522,3823.511854445233,0.07844455124099715
34185,0.1016802858716944,2308.452926208674,7529.692538054282,3694.711574301914,3834.9809637523676,0.07845674208944652
34190,0.10169515793339862,2216.1041695166855,7505.643521326309,3657.4457609238602,3848.197760402449,0.07846425783670886
34195,0.10171002999510284,2115.077632185965,7483.532965781126,3619.935280511817,3863.5976852693093,0.07846707247057244
34200,0.10172490205680705,2006.860444339241,7463.292072800042,3581.763433760754,3881.5286390392876,0.07848433662871077
34205,0.10173977411851126,1893.0885626054546,7444.777050744446,3542.538842544447,3902.2382081999986,0.07849718605126846
34210,0.10175464618021547,1775.498896165213,7427.780990554993,3501.9178885470383,3925.8631020079547,0.07850561015597166
34215,0.10176951824191968,1655.8792611894778,7412.047661872324,3459.626132727103,3952.421529145221,0.07852413231583914
34220,0.10178439030362389,1536.018601257384,7397.28658284481,3415.4769119249645,3981.8096709198458,0.07854428942668425
34225,0.1017992623653281,1417.6603067550136,7383.188860951906,3369.3852997565373,4013.8035611953683,0.07856451185248868
34230,0.10181413442703231,1302.4617148598486,7369.44332259127,3321.375879992444,4048.067442598826,0.07860363785717103
34235,0.10182900648873652,1191.9624316900026,7355.7523379603335,3271.5833208463323,4084.1690171140012,0.07863583231775728
34240,0.10184387855044073,1087.562734187174,7341.84655965245,3220.245505641443,4121.601054011007,0.07867190583514233
34245,0.10185875061214494,990.5112668816419,7327.4976233688,3167.6898492266523,4159.8077741421475,0.0787072873818934
34250,0.10187362267384917,901.8993052473029,7312.5278063284595,3114.3142410455735,4198.213565282886,0.07873581672026171
34255,0.10188849473555338,822.6578770201536,7296.815770176708,3060.564631262199,4236.251138914509,0.07875746712172564
34260,0.10190336679725759,753.5545272436339,7280.297843434411,3006.9114937840673,4273.386349650344,0.0787994563434141
34265,0.1019182388589618,695.18835445269,7262.964780559345,2953.827232356583,4309.1375482027615,0.07884582465280422
34270,0.10193311092066601,647.9844054448845,7244.854485544803,2901.766119601203,4343.0883659435995,0.07888504580094143
34275,0.10194798298237022,612.1905980877023,7226.041703354112,2851.1477228676526,4374.8939804864585,0.07891716413344899
34280,0.10196285504407443,587.8812221401436,7206.626061493627,2802.3441398881314,4404.281921605496,0.07894229978313522
34285,0.10197772710577864,574.9704269148142,7186.720009142862,2755.6708663680092,4431.049142774853,0.07897742346264075
34290,0.10199259916748285,573.2371947439929,7166.438114254841,2711.380801818622,4455.057312436219,0.07901233604768754
34295,0.10200747122918706,582.3607634896616,7145.888852940956,2669.6607577909645,4476.2280951499915,0.07904124357025101
34300,0.10202234329089127,601.9630170826545,7125.169526672476,2630.6298162302637,4494.539710442213,0.07906462541635453
34305,0.1020372153525955,631.6525377808803,7104.3643799562215,2594.3389455931347,4510.025434363087,0.07908306534139233
34310,0.1020520874142997,671.0640479226731,7083.545488318119,2560.771390807908,4522.7740975102115,0.07909749433488483
34315,0.10206695947600392,719.8868962820802,7062.775647756648,2529.843505644386,4532.932142112262,0.07913047144563845
34320,0.10208183153770813,777.8770465649277,7042.112375457833,2501.4058974741647,4540.706477983668,0.07916017913535218
34325,0.10209670359941234,844.8487288009878,7021.612214032907,2475.245000255162,4546.367213777745,0.07918731327486438
34330,0.10211157566111655,920.644543710634,7001.334746359022,2451.08545611338,4550.2492902456415,0.07925227280311578
34335,0.10212644772282076,1005.0862308002843,6981.345973316935,2428.593922171374,4552.7520511455605,0.07931738991712464
34340,0.10214131978452497,1097.9120736809728,6961.720888138982,2407.3850694083553,4554.335818730628,0.0793808204609063
34345,0.10215619184622918,1198.7102455520803,6942.54514565807,2387.0305513458416,4555.514594312229,0.07944296676752348
34350,0.10217106390793339,1306.85938977049,6923.915678447665,2367.0715589608603,4556.844119486805,0.07950414152917169
34355,0.1021859359696376,1421.4876898842654,6905.940014423851,2347.03524155127,4558.904772872581,0.07956717598712557
34360,0.10220080803134182,1541.4594234449241,6888.733990110124,2326.4547925262245,4562.279197583899,0.07964703670128703
34365,0.10221568009304603,1665.3939261524706,6872.417610164598,2304.892436291375,4567.525173873223,0.07972570378626498
34370,0.10223055215475024,1791.7168627321857,6857.109014066673,2281.9639904217197,4575.145023644953,0.0798031411569968
34375,0.10224542421645445,1918.7386856977441,6842.916851523465,2257.3632056875713,4585.553645835894,0.07987924007134442
34380,0.10226029627815866,2044.7510152003124,6829.93175931905,2230.8837862239484,4599.047973095101,0.07995383185787192
34385,0.10227516833986287,2168.129012668849,6818.217962992415,2202.436923365164,4615.781039627251,0.08002670230819658
34390,0.10229004040156708,2287.427035958213,6807.8061907286365,2172.0623719337295,4635.7438187949065,0.08009880295693618
34395,0.1023049124632713,2401.4560955193915,6798.6890171764035,2139.9315596930096,4658.757457483394,0.08018469933905877
34400,0.1023197845249755,2509.3346939522426,6790.819445146963,2106.3419199108725,4684.4775252360905,0.08028738378107629
34405,0.10233465658667971,2610.508933843021,6784.1130406441525,2071.7025084169154,4712.410532227237,0.08038883420512495
34410,0.10234952864838393,2704.742389503524,6778.453367562115,2036.5119047264927,4741.941462835623,0.08049542071563202
34415,0.10236440071008815,2792.0801408440107,6773.699949726463,2001.3302601888338,4772.36968953763,0.08060943045361349
34420,0.10237927277179236,2872.7938161473226,6769.697634924022,1966.7479896835237,4802.949645240498,0.0807196090416129
34425,0.10239414483349657,2947.3152644019756,6766.2861218217195,1933.353879766748,4832.9322420549715,0.08082580767056542
34430,0.10240901689520078,3016.1658986853395,6763.308550078253,1901.705251196748,4861.603298881505,0.08092790534519159
34435,0.10242388895690499,3079.8874655765403,6760.618397704274,1872.3023129584892,4888.316084745785,0.0810258107338831
34440,0.1024387610186092,3138.9786518978813,6758.084380380487,1845.5681127379314,4912.516267642556,0.08111946415955532
34445,0.10245363308031341,3193.8409427632105,6755.593485695414,1821.8347020191236,4933.7587836762905,0.08121607358892956
34450,0.10246850514201762,3244.736562037791,6753.052592007221,1801.335450608441,4951.71714139878,0.08131992435728953
34455,0.10248337720372183,3291.7609629745393,6750.389246836136,1784.2029574380165,4966.18628939812,0.08141941324201149
34460,0.10249824926542604,3334.8318914165047,6747.552099974896,1770.4717250974572,4977.080374877439,0.08151462033851606
34465,0.10251312132713025,3373.6962622505835,6744.5112479759755,1760.0846500859523,4984.426597890023,0.08161399044216737
34470,0.10252799338883448,3407.954858581324,6741.2584412388105,1752.9023665296668,4988.356074709143,0.08174599306156857
34475,0.10254286545053869,3437.1032339063377,6737.80684391764,1748.7145226710868,4989.092321246553,0.08187399657743516
34480,0.1025577375122429,3460.5853583297585,6734.189917149937,1747.252153930459,4986.937763219478,0.08199813008853976
34485,0.10257260957394711,3477.8547795420304,6730.459068563104,1748.20045394823,4982.258614614873,0.08211854168453107
34490,0.10258748163565132,3488.4366959910117,6726.679961293391,1751.2114442307534,4975.468517062638,0.08223538598394244
34495,0.10260235369735553,3491.983705041496,6722.927726292923,1755.916286246825,4967.011440046098,0.08235735145339253
34500,0.10261722575905974,3488.318392222059,6719.281655965027,1761.937216331259,4957.344439633768,0.08248724585615677
34505,0.10263209782076395,3477.4575315498723,6715.820159617165,1768.8992454100785,4946.920914207087,0.08261358197833894
34510,0.10264696988246816,3459.6153741855596,6712.6167573268685,1776.4417989898009,4936.174958337067,0.0827363404855779
34515,0.10266184194417237,3435.1868736205606,6709.737671018638,1784.230368436717,4925.507302581921,0.08285541924126102
34520,0.10267671400587658,3404.714993781796,6707.241200592956,1791.96804476506,4915.2731558278965,0.08297061675857952
34525,0.1026915860675808,3368.848649619005,6705.178656238585,1799.4065866307192,4905.772069607866,0.08312272288758435
34530,0.10270645812928501,3328.2987420443665,6703.59627383089,1806.3565086850354,4897.239765145854,0.08327614408202884
34535,0.10272133019098922,3283.799050442144,6702.537361026757,1812.6956048176494,4889.841756209107,0.0834245656449654
34540,0.10273620225269343,3236.0768319514173,6702.043947763806,1818.3753376232376,4883.6686101405685,0.08356737657689407
34545,0.10275107431439764,3185.8355507547167,6702.157425501693,1823.424592322903,4878.73283317879,0.08371841305598855
34550,0.10276594637610185,3133.749891739941,6702.917981459454,1827.950367508247,4874.967613951207,0.08386803149793512
34555,0.10278081843780607,3080.4714597162847,6704.362966098748,1832.135037385285,4872.227928713463,0.08400990468422599
34560,0.10279569049951028,3026.642316476294,6706.524577537694,1836.2298893473642,4870.29468819033,0.08414334839846156
34565,0.10281056256121449,2972.9125592934975,6709.427344470534,1840.5447644279377,4868.882580042597,0.08426772273088035
34570,0.1028254346229187,2919.957378376295,6713.085832386779,1845.4338553722014,4867.651977014577,0.08438245517348641
34575,0.1028403066846229,2868.4886029296185,6717.502831582094,1851.278063479002,4866.224768103091,0.08452137758671817
34580,0.10285517874632713,2819.2560478908945,6722.668086444141,1858.4647420773954,4864.203344366746,0.08466768952149005
34585,0.10287005080803134,2773.0353869646287,6728.557471266631,1867.3660726423782,4861.1913986242525,0.08480371793319533
34590,0.10288492286973555,2730.6018698623175,6735.132459162781,1878.3176218882402,4856.814837274541,0.0849516238484845
34595,0.10289979493143976,2692.692554577802,6742.339777579682,1891.5987326591771,4850.741044920505,0.08508960700961185
34600,0.10291466699314397,2659.9630066173463,6750.1112684654945,1907.4162836306912,4842.694984834803,0.08521710386364172
34605,0.10292953905484818,2632.946660086639,6758.364121510637,1925.8930506585837,4832.471070852053,0.08533414956786593
34610,0.10294441111655239,2612.0254981237563,6767.001767472851,1947.061492773255,4819.940274699596,0.08544086896624828
34615,0.1029592831782566,2597.419141249482,6775.91575722899,1970.8633463878625,4805.052410841127,0.08554773545159629
34620,0.10297415523996081,2589.196151031742,6784.988884118188,1997.154992567641,4787.833891550547,0.08565820096624568
34625,0.10298902730166502,2587.307129364172,6794.099633589789,2025.718179234815,4768.381454354974,0.08578997353748019
34630,0.10300389936336925,2591.6349802029645,6803.127797702899,2056.2753276287463,4746.852470074153,0.08593571124877133
34635,0.10301877142507346,2602.054375986142,6811.960831404416,2088.508328440572,4723.452502963844,0.08607273619423252
34640,0.10303364348677767,2618.490619586289,6820.5003243064175,2122.079456263138,4698.420868043279,0.0862011347976997
34645,0.10304851554848188,2640.9679271107534,6828.667879134226,2156.652839851207,4672.015039283018,0.08632097983939178
34650,0.10306338761018609,2669.638564254048,6836.409759227216,2191.9148631253825,4644.4948961018345,0.08644218950451567
34655,0.1030782596718903,2704.7869313384654,6843.699881460264,2227.5919656894616,4616.107915770803,0.08656820550460184
34660,0.10309313173359451,2746.806206298683,6850.54103305964,2263.464562099377,4587.076470960263,0.08668554348981097
34665,0.10310800379529872,2796.1490866338413,6856.964498236658,2299.37617886211,4557.5883193745485,0.08679415479872693
34670,0.10312287585700293,2853.258042949679,6863.028508313626,2335.237371336261,4527.791136977365,0.08691206082235675
34675,0.10313774791870714,2918.4837622629634,6868.816016938289,2371.0244756759244,4497.791541262364,0.08705162732898056
34680,0.10315261998041135,2992.002550850492,6874.4322335935785,2406.7737196369235,4467.658513956655,0.08718271529064694
34685,0.10316749204211557,3073.743938427145,6880.0021556538395,2442.571609387108,4437.430546266732,0.08731826427539968
34690,0.10318236410381978,3163.3384343836665,6885.668089989339,2478.5427828465017,4407.125307142837,0.08745222386150014
34695,0.103197236165524,3260.092588959044,6891.586932000568,2514.836641231327,4376.750290769241,0.08757704547589203
34700,0.1032121082272282,3362.9947947269643,6897.926843706833,2551.614026693271,4346.312817013562,0.08769253734573432
34705,0.10322698028893242,3470.7513389089763,6904.862982626178,2589.0350177706255,4315.827964855553,0.08779851600509815
34710,0.10324185235063663,3581.8486964723993,6912.572079310353,2627.248603669375,4285.323475640978,0.08790931596036235
34715,0.10325672441234084,3694.6353303422648,6921.22590649741,2666.3846304021217,4254.841276095288,0.08801448294795029
34720,0.10327159647404505,3807.4145292174726,6930.983965611718,2706.548053367169,4224.435912244549,0.08810947665685426
34725,0.10328646853574926,3918.5391389822603,6941.985966434967,2747.815246314337,4194.17072012063,0.0882175983346539
34730,0.10330134059745347,4026.4994356269744,6954.344830538222,2790.231955509535,4164.112875028686,0.08833375082574899
34735,0.10331621265915768,4129.996751682709,6968.140966710515,2833.8124730133145,4134.328493697201,0.08844019747142672
34740,0.1033310847208619,4227.997552659943,6983.418436838591,2878.5397215116236,4104.878715326968,0.0885367360838375
34745,0.10334595678256611,4319.765058564518,7000.1833786602865,2924.366145447769,4075.8172332125173,0.08863842902123531
34750,0.10336082884427032,4404.867770488224,7018.404734499966,2971.2155146389814,4047.189219860985,0.0887304074942274
34755,0.10337570090597453,4483.166072166965,7038.01702806388,3018.9858903332765,4019.031137730604,0.0888119602346157
34760,0.10339057296767874,4554.779348741125,7058.924707882901,3067.5540274839277,3991.3706803989735,0.08888290537395521
34765,0.10340544502938295,4620.036931770949,7081.007484251196,3116.781380380227,3964.226103870969,0.08894831900551294
34770,0.10342031709108716,4679.416853723813,7104.1261334043775,3166.521673140562,3937.6044602638153,0.08901221231080662
34775,0.10343518915279137,4733.477027759482,7128.128390752709,3216.629747924346,3911.498642828363,0.08906507685627832
34780,0.10345006121449558,4782.784090291847,7152.854735730082,3266.9711687083627,3885.8835670217195,0.08910676564823077
34785,0.1034649332761998,4827.8456837545455,7178.144010018267,3317.431875943263,3860.712134075004,0.08917084738865712
34790,0.103479805337904,4869.052279871083,7203.838856430543,3367.9270735559435,3835.9117828746,0.08922644746774898
34795,0.10349467739960823,4906.634559775941,7229.790907387235,3418.4084864221786,3811.3824209650566,0.08927610149249028
34800,0.10350954946131244,4940.641642810035,7255.865524831414,3468.8691535837984,3786.996371247616,0.08932187700284192
34805,0.10352442152301665,4970.943871190652,7281.94576466063,3519.345027735502,3762.600736925128,0.08935722845325095
34810,0.10353929358472086,4997.261317236648,7307.9351813198455,3569.91284948628,3738.0223318335657,0.08938201096446029
34815,0.10355416564642507,5019.215813479343,7333.7591531934995,3620.6840678574686,3713.075085336031,0.08939610186394635
34820,0.10356903770812928,5036.400516464031,7359.364605349916,3671.794980697796,3687.56962465212,0.08939949766732197
34825,0.10358390976983349,5048.457452043649,7384.718293976393,3723.3937335541673,3661.324560422226,0.08940147523381087
34830,0.1035987818315377,5055.150955413516,7409.804121057536,3775.625271873316,3634.17884918422,0.08939254994739065
34835,0.10361365389324191,5056.4241982714075,7434.620181018759,3828.615696918902,3606.0044840998567,0.08937264901755249
34840,0.10362852595494612,5052.427610117169,7459.176331374851,3882.457644832892,3576.7186865419585,0.08934336492820279
34845,0.10364339801665033,5043.511962352601,7483.492992296593,3937.198243830751,3546.294748465842,0.08930846533677583
34850,0.10365827007835456,5030.18457158775,7507.601626819119,3992.830918221134,3514.7707085979846,0.08926235082222535
34855,0.10367314214005877,5013.033361559545,7531.546985869671,4049.291865814987,3482.2551200546836,0.08920757585733115
34860,0.10368801420176298,4992.6291064790885,7555.3907970358905,4106.46153065464,3448.9292663812503,0.08916628266905374
34865,0.10370288626346719,4969.420021475011,7579.216215101586,4164.170909669267,3415.0453054323198,0.08911462126687168
34870,0.1037177583251714,4943.63445467513,7603.132105599111,4222.212117974397,3380.919987624714,0.08905240264831087
34875,0.10373263038687561,4915.206792845022,7627.276143907681,4280.352301452721,3346.9238424549603,0.08897940819231819
34880,0.10374750244857982,4883.73916102254,7651.815792739616,4338.34971443564,3313.4660783039762,0.08889539240228474
34885,0.10376237451028403,4848.507480732198,7676.9464483918455,4395.97056904456,3280.9758793472856,0.08880119297300418
34890,0.10377724657198824,4808.515297679429,7702.886374449626,4453.005132192363,3249.881242257263,0.0886959154284236
34895,0.10379211863369245,4762.59285774974,7729.868413488579,4509.281544336891,3220.586869151688,0.08857893006898455
34900,0.10380699069539666,4709.532729880386,7758.1288300765755,4564.676013672771,3193.4528164038047,0.08845002668776236
34905,0.10382186275710088,4648.247628544589,7787.893954106141,4619.118424714446,3168.7755293916953,0.08830903408330965
34910,0.1038367348188051,4577.931924305272,7819.365541160901,4672.592958601919,3146.7725825589814,0.08815583323796418
34915,0.1038516068805093,4498.20653355453,7852.7059367875445,4725.133959482617,3127.5719773049277,0.08799036699954339
34920,0.10386647894221351,4409.228014886437,7888.024218463681,4776.817866170442,3111.2063522932385,0.08781264536533352
34925,0.10388135100391772,4311.7468316556515,7925.364486478814,4827.752440049039,3097.6120464297746,0.0876227461093107
34930,0.10389622306562193,4207.106355058495,7964.697376405058,4878.064692639972,3086.632683765086,0.08742081107342817
34935,0.10391109512732614,4097.182245013591,8005.91566968282,4927.88885604812,3078.0268136347004,0.08720703889514102
34940,0.10392596718903035,3984.2699731635857,8048.834592386009,4977.355510252233,3071.4790821337756,0.08698167524868015
34945,0.10394083925073457,3870.934989572304,8093.197033645324,5026.5826653574495,3066.6143682878746,0.08674500183762571
34950,0.10395571131243878,3759.844194866827,8138.683512643084,5075.669260026905,3063.014252616179,0.08650508304164596
34955,0.10397058337414299,3653.598339901828,8184.926312580543,5124.691214143492,3060.2350984370505,0.08627206129988887
34960,0.10398545543584721,3554.582824115748,8231.52682401636,5173.699878220285,3057.826945796075,0.08602883602281271
34965,0.10400032749755142,3464.849836989856,8278.074844075882,5222.722467900736,3055.3523761751458,0.08577569408910996
34970,0.10401519955925563,3386.039020237487,8324.168405459974,5271.763885361821,3052.4045200981527,0.08551293045490592
34975,0.10403007162095984,3319.338028961415,8369.432691121357,5320.809245465968,3048.6234456553893,0.08524084484248294
34980,0.10404494368266405,3265.479529629769,8413.536736361233,5369.826468032412,3043.7102683288213,0.08495973907623472
34985,0.10405981574436826,3224.767892841111,8456.206911330504,5418.768465209492,3037.438446121012,0.08466991450144626
34990,0.10407468780607247,3197.127294010708,8497.236568013655,5467.574705924991,3029.6618620886647,0.0843716690258328
34995,0.10408955986777668,3182.1629347714634,8536.491663155588,5516.172214768673,3020.3194483869147,0.08406529353269923
35000,0.10410443192948089,3179.2282057354832,8573.912564237697,5564.476294095171,3009.4362701425252,0.08375106767047699
35005,0.1041193039911851,3187.492282497448,8609.51255167029,5612.391396390622,2997.1211552796685,0.0834292552707716
35010,0.10413417605288931,3206.004363372606,8643.373710618178,5659.812597069622,2983.561113548556,0.08310009984301227
35015,0.10414904811459354,3233.7521476559323,8675.640951090347,5706.628029581369,2969.0129215089773,0.08276382070974973
35020,0.10416392017629775,3269.7130640219066,8706.514821580362,5752.722466955917,2953.7923546244447,0.08242061036532465
35025,0.10417879223800196,3312.897250383043,8736.243624112909,5797.9819993389565,2938.2616247739525,0.08207063355482147
35030,0.10419366429970617,3362.381544198094,8765.115139401307,5842.299505172902,2922.8156342284046,0.08171402838659733
35035,0.10420853636141038,3417.333945356793,8793.448070851562,5885.580388247681,2907.867682603881,0.08135090953712472
35040,0.10422340842311459,3477.028248938905,8821.5831495237,5927.747897931371,2893.835251592329,0.08098137332994175
35045,0.1042382804848188,3540.848812817634,8849.873734854915,5968.747302089061,2881.1264327658537,0.08060550423203831
35050,0.10425315254652301,3608.285724791845,8878.675715744712,6008.548261476775,2870.1274542679366,0.08022338216517999
35055,0.10426802460822722,3678.921036435976,8908.336572088754,6047.1449565953635,2861.1916154933906,0.07983509000362687
35060,0.10428289666993143,3752.4073536782244,8939.183593802878,6084.553812693946,2854.6297811089316,0.07944072071233338
35065,0.10429776873163564,3828.4409662633525,8971.511452391938,6120.809003942411,2850.702448449527,0.07904038372555162
35070,0.10431264079333986,3906.7327159938577,9005.569542425043,6155.956231100669,2849.613311324373,0.07864992684699391
35075,0.10432751285504407,3986.9805962534947,9041.549710398023,6190.045499235065,2851.504211162958,0.07825887699657415
35080,0.10434238491674828,4068.8482114967956,9079.575122908089,6223.12373290087,2856.451390007219,0.07786237924997365
35085,0.1043572569784525,4151.952409404501,9119.691068126864,6255.228045587196,2864.4630225396677,0.07746064360564438
35090,0.1043721290401567,4235.861649435265,9161.858432742307,6286.38035118736,2875.4780815549466,0.07705390906051139
35095,0.10438700110186092,4320.104368547243,9205.950471908222,6316.583815193865,2889.3666567143564,0.07664244055504085
35100,0.10440187316356513,4404.184365885633,9251.753323658204,6345.821443989979,2905.9318796682246,0.07622652400458459
35105,0.10441674522526934,4487.598689170801,9298.97053727834,6374.0569359808105,2924.9136012975287,0.0758064595576351
35110,0.10443161728697355,4569.853099718692,9347.231696507219,6401.2377712886,2945.9939252186186,0.07538255350162401
35115,0.10444648934867776,4650.471025496516,9396.105016431844,6427.3003743268255,2968.8046421050185,0.07495510952515635
35120,0.10446136141038197,4728.99375474372,9445.113565922702,6452.177017067614,2992.9365488550884,0.0746371713271473
35125,0.10447623347208619,4804.972009150609,9493.754513491147,6475.803930611386,3017.950582879761,0.07467139268970573
35130,0.1044911055337904,4877.951390458085,9541.52053155486,6498.129881347312,3043.390650207547,0.074770094492936
35135,0.10450597759549461,4947.455966537309,9587.922259690318,6519.124296444756,3068.7979632455626,0.07491630035993506
35140,0.10452084965719882,5012.975031305034,9632.510567556077,6538.7839517302955,3093.7266158257817,0.07502040283902543
35145,0.10453572171890303,5073.957627622458,9674.897311607567,6557.137309604094,3117.7600020034724,0.07507730594064137
35150,0.10455059378060724,5129.817818556878,9714.77336434072,6574.24583009674,3140.527534243979,0.07515603040808697
35155,0.10456546584231145,5179.951264966221,9751.922901277361,6590.2019492882555,3161.7209519891057,0.0752630535768236
35160,0.10458033790401566,5223.760992088939,9786.233225849379,6605.123864640229,3181.10936120915,0.0753177370554046
35165,0.10459520996571987,5260.687999492313,9817.699748414127,6619.14770167316,3198.552046740967,0.07535995172029773
35170,0.10461008202742408,5290.241210666805,9846.426064420404,6632.417974070683,3214.008090349721,0.07547770142334602
35175,0.1046249540891283,5312.021503107214,9872.61936000102,6645.077424250208,3227.541935750811,0.07553854500423132
35180,0.10463982615083252,5325.736110130274,9896.581588977167,6657.257319259649,3239.3242697175183,0.07556732213596096
35185,0.10465469821253673,5331.202038516661,9918.697007909666,6669.069101549199,3249.627906360467,0.07570346998527348
35190,0.10466957027424094,5328.339594917439,9939.416732421996,6680.598018546029,3258.8187138759668,0.07577864663571453
35195,0.10468444233594515,5317.159034703894,9959.241002585193,6691.899055401724,3267.3419471834695,0.07578377461389064
35200,0.10469931439764936,5297.74441379933,9978.699834401657,6702.995232409108,3275.704601992549,0.0758582443012963
35205,0.10471418645935357,5270.238944262803,9998.332704820783,6713.878127810475,3284.4545770103077,0.07595865176138639
35210,0.10472905852105778,5234.835727224174,10018.66788388323,6724.5103395585365,3294.157544324694,0.07598435202013279
35215,0.10474393058276199,5191.776852883808,10040.202000468995,6734.829483654318,3305.3725168146766,0.07602723893942809
35220,0.1047588026444662,5141.362588991142,10063.3804140976,6744.753231388259,3318.6271827093415,0.07620236232015967
35225,0.10477367470617041,5083.970725520963,10088.578965894763,6754.184828862752,3334.3941370320117,0.07631327233766658
35230,0.10478854676787462,5020.084185555089,10116.087694882639,6763.018555309755,3353.0691395728836,0.07634859543691586
35235,0.10480341882957885,4950.323035813832,10146.097125581,6771.144693696025,3374.9524318849753,0.07652067380195508
35240,0.10481829089128306,4875.475503322354,10178.687749471832,6778.4538073398835,3400.2339421319484,0.07662995461360396
35245,0.10483316295298727,4796.522001550404,10213.823320369558,6784.840391920819,3428.9829284487396,0.07665309941532038
35250,0.10484803501469148,4714.646749585007,10251.348540067695,6790.206217794453,3461.142322273242,0.07680563151335744
35255,0.10486290707639569,4631.233241838896,10290.991602005652,6794.463802541541,3496.527799464111,0.0769155960288792
35260,0.1048777791380999,4547.842188846886,10332.371870018722,6797.540403782683,3534.831466236039,0.07693002582673794
35265,0.10489265119980411,4466.173045473272,10375.01269566703,6799.382706739012,3575.629988928018,0.07711361508002237
35270,0.10490752326150832,4388.012362744989,10418.359041663298,6799.962070473754,3618.3969711895443,0.07722912003662671
35275,0.10492239532321253,4315.173621200334,10461.79922001593,6799.279892390994,3662.5193276249356,0.0772415135630701
35280,0.10493726738491674,4249.433833053708,10504.689720554097,6797.372441147997,3707.3172794061,0.07734329974376468
35285,0.10495213944662095,4192.472128552251,10546.381845534448,6794.314438570719,3752.067406963729,0.0774742652453103
35290,0.10496701150832517,4145.81495822871,10586.248714551431,6790.220736719343,3796.0279778320883,0.07749724928610087
35295,0.10498188357002938,4110.791646863426,10623.711180035625,6785.245600791013,3838.465579244612,0.07747702213825128
35300,0.1049967556317336,4088.502971890831,10658.261298246054,6779.5793305713805,3878.6819676746736,0.07759036611240082
35305,0.1050116276934378,4079.804282506194,10689.482216906556,6773.442203348951,3916.0400135576047,0.07763684245922695
35310,0.10502649975514201,4085.303454353136,10717.063635580065,6767.075983007415,3949.9876525726504,0.07774452697595138
35315,0.10504137181684622,4105.372726255893,10740.81232440187,6760.73349832599,3980.07882607588,0.07783684219854801
35320,0.10505624387855043,4140.172276599287,10760.657504242032,6754.667023353367,4005.990480888665,0.07784832940011674
35325,0.10507111594025464,4189.682400049834,10776.651158823628,6749.116357779989,4027.534801043639,0.07804401245653654
35330,0.10508598800195885,4253.740470587672,10788.963547554391,6744.297568427327,4044.665979127064,0.0781325482315274
35335,0.10510086006366307,4332.078594941689,10797.87432064489,6740.393291756464,4057.4810288884264,0.07809479799794691
35340,0.10511573212536728,4424.357963087941,10803.759728553532,6737.545315273319,4066.214413280213,0.0782904064750273
35345,0.1051306041870715,4530.196332746762,10807.076496919106,6735.849883751599,4071.226613167507,0.07838587114556848
35350,0.10514547624877571,4649.185792906566,10808.343030135982,6735.355863414345,4072.9871667216375,0.07835094310097745
35355,0.10516034831047992,4780.898921952503,10808.118716764506,6736.065596800948,4072.053119963558,0.07843989105897987
35360,0.10517522037218413,4924.882684817105,10806.982219302105,6737.938037192727,4069.0441821093773,0.07855739519748679
35365,0.10519009243388834,5080.640850555594,10805.509702637823,6740.893591968802,4064.6161106690206,0.07854304182688922
35370,0.10520496449559255,5247.607220133698,10804.253949444561,6744.820039286003,4059.4339101585583,0.07855185260808915
35375,0.10521983655729676,5425.113320253992,10803.725201277975,6749.578908060291,4054.1462932176846,0.07870317461950911
35380,0.10523470861900097,5612.355211835467,10804.374355449432,6755.011813917406,4049.3625415320266,0.07872351825872596
35385,0.10524958068070518,5808.364504187044,10806.578877594735,6760.946404660759,4045.632472933976,0.0786544748395354
35390,0.10526445274240939,6011.9884791050645,10810.631520974144,6767.20176405974,4043.4297569144046,0.07884364602681543
35395,0.1052793248041136,6221.8834318703875,10816.731742286622,6773.59332271062,4043.138419576002,0.07890440379042502
35400,0.10529419686581783,6436.524013069828,10824.979617047022,6779.937492224797,4045.0421248222247,0.07881532970263802
35405,0.10530906892752204,6654.22962704657,10835.372094836544,6786.056333182985,4049.315761653559,0.07893010512346371
35410,0.10532394098922625,6873.206957787295,10847.801565624526,6791.782554328844,4056.0190112956825,0.07903799246624198
35415,0.10533881305093046,7091.605643461771,10862.05687532587,6796.965009559759,4065.0918657661114,0.0790337449213367
35420,0.10535368511263467,7307.582257913447,10877.827069316618,6801.474635450027,4076.352433866591,0.07900659640874089
35425,0.10536855717433888,7519.366377584829,10894.708210416422,6805.210515753857,4089.4976946625648,0.07907446691124485
35430,0.10538342923604309,7725.321899945543,10912.213593307573,6808.105548344724,4104.108044962849,0.0791161432406837
35435,0.1053983012977473,7923.997123776928,10929.787565194696,6810.131089939097,4119.656475255599,0.07910580958145723
35440,0.10541317335945151,8114.158423392537,10946.82298061002,6811.2999915722285,4135.522989037792,0.07901437304614797
35445,0.10542804542115572,8294.804476227746,10962.682086053428,6811.667591863165,4151.014494190263,0.07909859993854147
35450,0.10544291748285993,8465.160608485494,10976.720363858181,6811.330449133254,4165.389914724928,0.07910810438227475
35455,0.10545778954456415,8624.655498264086,10988.312580304793,6810.422803534197,4177.889776770597,0.07896493139732406
35460,0.10547266160626836,8772.884813680554,10996.880002554004,6809.110922993016,4187.769079560988,0.07907165003771782
35465,0.10548753366797257,8909.568016841073,11001.917504240782,6807.58559269274,4194.331911548043,0.07912124621872603
35470,0.10550240572967678,9034.505276688396,11003.019107772665,6806.053077584968,4196.966030187697,0.07901559861166209
35475,0.105517277791381,9147.541064780939,10999.90044616893,6804.724953205784,4195.175492963145,0.07898711014598031
35480,0.1055321498530852,9248.539566671589,10992.416687783752,6803.807284834148,4188.609402949604,0.07907701845340567
35485,0.10554702191478942,9337.374721976457,10980.574652962316,6803.489738111369,4177.084914850947,0.07901699865466989
35490,0.10556189397649363,9413.934898849264,10964.538143798083,6803.935299716611,4160.6028440814725,0.07878737608787127
35495,0.10557676603819784,9478.139455759023,10944.625877189357,6805.271332711972,4139.354544477385,0.07889137975790629
35500,0.10559163809990205,9529.962323880667,10921.301825801193,6807.58264742413,4113.719178377062,0.07888698418236172
35505,0.10560651016160626,9569.456713136095,10895.158203747267,6810.907114162806,4084.2510895844616,0.0787195324807626
35510,0.10562138222331048,9596.775290965534,10866.891761865105,6815.234089175597,4051.657672689508,0.07864117917943235
35515,0.10563625428501469,9612.181562098041,10837.274462101283,6820.505612793885,4016.7688493073974,0.07870108153655453
35520,0.1056511263467189,9616.0502772876,10807.119961146745,6826.6200333759925,3980.499927770753,0.07860610185544961
35525,0.10566599840842311,9608.856997302679,10777.247625006272,6833.437479105697,3943.8101459005748,0.07839289901708293
35530,0.10568087047012732,9591.15897879081,10748.445989625769,6840.786489706996,3907.659499918773,0.07851988808823798
35535,0.10569574253183153,9563.571034444816,10721.4376494796,6848.47114529376,3872.9665041858398,0.07850138400382389
35540,0.10571061459353574,9526.74079729001,10696.847475243656,6856.278166193371,3840.5693090502846,0.07831790340300804
35545,0.10572548665523995,9481.327805249726,10675.175828167643,6863.983654917279,3811.1921732503642,0.07826947380159255
35550,0.10574035871694416,9427.989982844234,10656.778068836538,6871.359351258493,3785.4187175780453,0.07832904056639904
35555,0.10575523077864837,9367.37951359268,10641.851190642155,6878.178428689012,3763.672761953143,0.07823317483505683
35560,0.10577010284035258,9300.148062598078,10630.42790097031,6884.220955701389,3746.20694526892,0.07796572267310367
35565,0.10578497490205681,9226.959324492134,10622.377991052852,6889.27918528492,3733.0988057679324,0.07804355882462143
35570,0.10579984696376102,9148.505486660197,10617.416438391287,6893.162837050122,3724.2536013411645,0.07803734310593057
35575,0.10581471902546523,9065.523767207596,10615.117413775277,6895.704511882284,3719.4129018929925,0.07786891090391947
35580,0.10582959108716944,8978.80970710156,10614.933229646032,6896.765325112187,3718.167904533845,0.07778003431648017
35585,0.10584446314887365,8889.225020915825,10616.217248787983,6896.240745588976,3719.9765031990073,0.0778014247491682
35590,0.10585933521057786,8797.69903983518,10618.249829154207,6894.066472455271,3724.183356698936,0.0777175982598365
35595,0.10587420727228207,8705.22370046712,10620.26645858921,6890.223977782696,3730.0424808065145,0.0774820302038113
35600,0.10588907933398628,8612.842481707576,10621.48728376274,6884.745129760528,3736.7421540022133,0.07756516111372934
35605,0.10590395139569049,8521.63378367691,10621.14723004754,6877.715148816053,3743.4320812314863,0.07752240970588839
35610,0.1059188234573947,8432.689254247989,10618.525837610341,6869.2731009767485,3749.2527366335926,0.07739292601250852
35615,0.10593369551909891,8347.087763313048,10612.975823240498,6859.609240892709,3753.3665823477895,0.07726084292202604
35620,0.10594856758080314,8265.866204940137,10603.949256779373,6848.9587852426685,3754.9904715367047,0.0772839869064635
35625,0.10596343964250735,8189.988969668295,10591.020165037535,6837.592089097669,3753.428075939866,0.07719811743831016
35630,0.10597831170421156,8120.318535855653,10573.902392200827,6825.801646524214,3748.100745676613,0.07701897398955229
35635,0.10599318376591577,8057.589937960708,10552.461685817043,6813.886763352172,3738.5749224648707,0.07699417303018163
35640,0.10600805582761998,8002.3917381658,10526.72124720543,6802.137082032797,3724.584165172634,0.07696283826597712
35645,0.10602292788932419,7955.155538979091,10496.860359088683,6790.8163232749475,3706.0440358137357,0.07682689872587908
35650,0.1060377999510284,7916.155105728564,10463.206130060555,6780.147621183806,3683.0585088767484,0.07664490094322902
35655,0.10605267201273261,7885.514955434485,10426.2188118691,6770.301670536493,3655.9171413326067,0.07669682546455926
35660,0.10606754407443682,7863.226997740008,10386.471495271357,6761.388603775144,3625.082891496213,0.07662220911575128
35665,0.10608241613614103,7849.17271166757,10344.625240654092,6753.454116612389,3591.1711240417026,0.07647563309495857
35670,0.10609728819784524,7843.147635275645,10301.400848355886,6746.479921344099,3554.920927011787,0.07636174400604938
35675,0.10611216025954946,7844.884781644219,10257.548543793957,6740.388186586596,3517.160357207361,0.07637927904607243
35680,0.10612703232125367,7854.073982513684,10213.816878169935,6735.04927837252,3478.7675997974147,0.07627306456287054
35685,0.10614190438295788,7870.374969976673,10170.922154091582,6730.291894695722,3440.630259395861,0.07614646010839216
35690,0.1061567764446621,7893.423036032853,10129.519684320889,6725.914605113539,3403.6050792073493,0.07606469412768094
35695,0.1061716485063663,7922.827168856868,10090.17816428736,6721.697859798124,3368.480304489235,0.07605539944151811
35700,0.10618652056807051,7958.161520059131,10053.358351106666,6717.415680564551,3335.9426705421156,0.07592664270169765
35705,0.10620139262977472,7998.951830256317,10019.397057931566,6712.846435779198,3306.5506221523683,0.07579407055586845
35710,0.10621626469147893,8044.658986349459,9988.497173345728,6707.782281990814,3280.7148913549136,0.0757544514860711
35715,0.10623113675318314,8094.66218254337,9960.724013030831,6702.036999575202,3258.6870134556293,0.07572423408588654
35720,0.10624600881488735,8148.2442126785,9936.00785151645,6695.4520569265105,3240.555794589939,0.07557999691687232
35725,0.10626088087659157,8204.581253199995,9914.15203746356,6687.9008249809685,3226.2512124825917,0.07541680121739157
35730,0.10627575293829579,8262.739125038817,9894.845743433605,6679.29094889589,3215.5547945377148,0.07540933768433318
35735,0.106290625,8321.677469720917,9877.680198549428,6669.564970108442,3208.1152284409854,0.07536386582136426
35740,0.10630549706170421,8380.262573226506,9862.167221593207,6658.699367266146,3203.467854327061,0.07521066329563605
35745,0.10632036912340842,8437.288771195988,9847.758994143844,6646.702231188371,3201.0567629554725,0.07508832652252338
35750,0.10633524118511263,8491.507532772172,9833.868238665558,6633.60980036681,3200.258438298748,0.07505338845898112
35755,0.10635011324681684,8541.662510326416,9819.888232221132,6619.482070921684,3200.4061612994483,0.07496537688303792
35760,0.10636498530852105,8586.528121258625,9805.212334181146,6604.3976821272845,3200.814652053861,0.07480986940430404
35765,0.10637985737022526,8624.948660206386,9789.252892832234,6588.448286885323,3200.8046059469107,0.07471365132970452
35770,0.10639472943192947,8655.874600098174,9771.459496772655,6571.732651545243,3199.726845227412,0.07483348154233557
35775,0.10640960149363368,8678.392725850044,9751.336544956142,6554.350778298377,3196.9857666577655,0.07503912840302697
35780,0.10642447355533789,8691.747158905182,9728.460031257795,6536.398383584923,3192.061647672872,0.0752246947246059
35785,0.10643934561704212,8695.349217973851,9702.493294613361,6517.962078865587,3184.5312157477747,0.07539120606416051
35790,0.10645421767874633,8688.775334478096,9673.201303867472,6499.115577725904,3174.0857261415686,0.0755407412494675
35795,0.10646908974045054,8671.75368545261,9640.46286444435,6479.917194997725,3160.545669446624,0.07572675895754877
35800,0.10648396180215475,8644.141558922174,9604.27999075839,6460.4088098980255,3143.871180860365,0.07590763520246858
35805,0.10649883386385896,8605.896499351513,9564.783617632189,6440.6163371216335,3124.1672805105554,0.07607081546178697
35810,0.10651370592556317,8557.044846018594,9522.234848165572,6420.551596037485,3101.6832521280867,0.07621869098836404
35815,0.10652857798726738,8497.651324450795,9477.021061838572,6400.215311754878,3076.805750083694,0.0763538821336309
35820,0.10654345004897159,8427.792930149222,9429.646428682872,6379.600858389189,3050.0455702936833,0.07649856082149087
35825,0.1065583221106758,8347.539567367505,9380.716676940607,6358.698297201441,3022.0183797391655,0.07665876485157018
35830,0.10657319417238001,8256.942904679448,9330.91832088148,6337.498280906838,2993.4200399746414,0.0768056032448055
35835,0.10658806623408422,8156.03383070274,9280.992946641694,6315.995467347436,2964.9974792942585,0.07694185913642172
35840,0.10660293829578844,8044.827915150832,9231.70754681174,6294.191163875622,2937.516382936118,0.07707005878619567
35845,0.10661781035749265,7923.337565513948,9183.822253868962,6272.094965091123,2911.727288777839,0.07719225238986378
35850,0.10663268241919686,7791.589181660607,9138.057110277397,6249.725142088806,2888.3319681885914,0.0773180993364088
35855,0.10664755448090107,7649.643497454211,9095.05969330101,6227.107528191899,2867.95216510911,0.07745844636263147
35860,0.10666242654260528,7497.617371956529,9055.375458164805,6204.272689398102,2851.102768766703,0.07759314461685189
35865,0.1066772986043095,7335.705489281425,9019.422561774825,6181.251321575665,2838.17124019916,0.07772429839450516
35870,0.1066921706660137,7164.200693715555,8987.472685233475,6158.0680860775765,2829.4045991558987,0.07785339501651206
35875,0.10670704272771792,6983.511957431814,8959.63900622128,6134.73442239717,2824.904583824109,0.0779813057927578
35880,0.10672191478942213,6794.179180172897,8935.872011668864,6111.241158530459,2824.6308531384047,0.07810834314348074
35885,0.10673678685112634,6596.884089414098,8915.963323713437,6087.551878502669,2828.411445210768,0.07823434757750886
35890,0.10675165891283055,6392.456399509059,8899.557180167196,6063.597957022162,2835.9592231450342,0.07835878703306666
35895,0.10676653097453477,6181.874127548391,8886.16871204178,6039.275963142627,2846.892748899152,0.0784909153618236
35900,0.10678140303623898,5966.256724687405,8875.207743451841,6014.447853835904,2860.759889615937,0.07863502259244258
35905,0.10679627509794319,5746.849740815619,8866.006546351782,5988.944119695788,2877.0624266559944,0.07877926198198572
35910,0.1068111471596474,5525.000308731362,8857.849843594402,5962.56986412816,2895.2799794662424,0.0789227556004859
35915,0.10682601922135161,5302.123810958675,8850.005379122686,5935.113683289148,2914.8916958335376,0.07906438691169512
35920,0.10684089128305582,5079.66346524649,8841.753550583522,5906.359100266539,2935.3944503169832,0.0792029239063894
35925,0.10685576334476003,4859.045901684658,8832.41489056418,5876.098117203587,2956.3167733605924,0.07933712142275896
35930,0.10687063540646424,4641.636752720084,8821.374532471193,5844.146150946465,2977.2283815247274,0.07946579570649275
35935,0.10688550746816845,4428.700569706682,8808.103142190761,5810.357253628546,2997.7458885622154,0.07959584746526986
35940,0.10690037952987266,4221.3689384670015,8792.174077728707,5774.638196743184,3017.5358809855225,0.07974936302225237
35945,0.10691525159157687,4020.6196327448365,8773.276713857023,5736.959845624175,3036.3168682328487,0.07989822902525595
35950,0.1069301236532811,3827.26827820732,8751.225922550562,5697.364366941569,3053.8615556089935,0.08004134558884668
35955,0.10694499571498531,3641.972551609835,8725.967651879735,5655.967211786719,3070.0004400930156,0.08017777419103606
35960,0.10695986777668952,3465.2476034296737,8697.580446477641,5612.953427606624,3084.627018871017,0.08030672083832052
35965,0.10697473983839373,3297.490315175177,8666.272669202084,5568.568539257585,3097.704129944499,0.08042748924410069
35970,0.10698961190009794,3139.0092755426713,8632.375179019953,5523.1048599874275,3109.2703190325255,0.08055654987343318
35975,0.10700448396180215,2990.056991540305,8596.329331983752,5476.884543653832,3119.44478832992,0.08070476498105794
35980,0.10701935602350636,2850.860796440165,8558.670400568732,5430.240927968364,3128.4294726003673,0.08084622564753335
35985,0.10703422808521057,2721.6491339146824,8520.006813837359,5383.499759540108,3136.5070542972508,0.0809804723945513
35990,0.10704910014691478,2602.6703624161655,8480.995944135344,5336.96178020087,3144.0341639344742,0.08110704601697258
35995,0.10706397220861899,2494.201895515333,8442.317439849961,5290.887934730704,3151.4295051192576,0.08122541863647531
36000,0.1070788442703232,2396.548317077493,8404.64528292218,5245.488156778072,3159.1571261441077,0.08133726715340617
36005,0.10709371633202742,2310.0280545113,8368.619821309025,5200.914311856593,3167.705509452432,0.08148656271163081
36010,0.10710858839373164,2234.949261207521,8334.821006890628,5157.257440323644,3177.5635665669843,0.08162971262608813
36015,0.10712346045543585,2171.576728657728,8303.74399088903,5114.548992153142,3189.1949987358885,0.08176626412317864
36020,0.10713833251714006,2120.092822798076,8275.77812423682,5072.7653496939565,3203.0127745428636,0.08189559972256229
36025,0.10715320457884427,2080.5564504800604,8251.190298720316,5031.834673442585,3219.3556252777307,0.08201691773164374
36030,0.10716807664054848,2052.86470006901,8230.113444713572,4991.645034814289,3238.468409899283,0.08212924572828793
36035,0.10718294870225269,2036.7218415544958,8212.540852932972,4952.052922016838,3260.4879309161342,0.08227878128264123
36040,0.1071978207639569,2031.6196566905892,8198.326783085678,4912.891462075179,3285.435321010499,0.08242817852286814
36045,0.10721269282566111,2036.8316285155142,8187.1935412456705,4873.977995800189,3313.2155454454814,0.082570558424699
36050,0.10722756488736532,2051.4216396570537,8178.744849794205,4835.120877938956,3343.623971855249,0.08270476674599263
36055,0.10724243694906953,2074.2659768413596,8172.484924543119,4796.125500342405,3376.359424200714,0.08282952109256253
36060,0.10725730901077375,2104.086073356366,8167.842262137503,4756.79956043259,3411.0427017049133,0.08294349708406933
36065,0.10727218107247796,2139.4888089752544,8164.196787693871,4716.957575701166,3447.2392119927044,0.08309988856945015
36070,0.10728705313418217,2179.0112996067587,8160.908772447939,4676.424643887854,3484.484128560085,0.08325096623987073
36075,0.10730192519588638,2221.167640362622,8157.347837167238,4635.039507262408,3522.3083299048303,0.08339243762522666
36080,0.1073167972575906,2264.4955847641,8152.920414923112,4592.657089511568,3560.2633254115435,0.08352296617471106
36085,0.1073316693192948,2307.601323405988,8147.094238484326,4549.150785147482,3597.943453336844,0.08364133439609775
36090,0.10734654138099901,2349.200310882173,8139.418710483244,4504.414831366173,3635.003879117071,0.0837548759437026
36095,0.10736141344270322,2388.1516881020907,8129.540370058125,4458.367038817594,3671.1733312405304,0.08390623712640068
36100,0.10737628550440743,2423.483593157973,8117.2130493506465,4410.952000100634,3706.2610492500125,0.08404646771620189
36105,0.10739115756611164,2454.4068454678227,8102.302681279675,4362.144674313146,3740.158006966529,0.08417458450076543
36110,0.10740602962781585,2480.3152615967197,8084.787044072885,4311.95402877053,3772.8330153023544,0.08428980957625636
36115,0.10742090168952008,2500.772144668418,8064.750982054159,4260.42626892239,3804.3247131317694,0.08439157545836483
36120,0.10743577375122429,2515.4840474294,8042.377810611977,4207.6471414575835,3834.7306691543936,0.0844964539457699
36125,0.1074506458129285,2524.264453302775,8017.93769585699,4153.7428525122605,3864.1948433447296,0.08462921419880302
36130,0.10746551787463271,2526.9913001457994,7991.773809653001,4098.879270565908,3892.894539087093,0.08474976969551737
36135,0.10748038993633692,2523.56310780832,7964.287019157391,4043.2592371269,3921.027782030491,0.0848577667995697
36140,0.10749526199804113,2513.8587495429347,7935.919796106883,3987.117949806667,3948.801846300216,0.08495297112048035
36145,0.10751013405974534,2497.7055848349933,7907.1399381737765,3930.716494140266,3976.4234440335103,0.08503521861305083
36150,0.10752500612144955,2474.8597720974285,7878.424589446114,3874.333688229146,4004.0909012169677,0.08512631255751531
36155,0.10753987818315376,2445.0011876113513,7850.2449340169605,3818.2564878900157,4031.988446126945,0.08523750435817233
36160,0.10755475024485797,2407.743642439987,7823.051824230414,3762.769295277058,4060.282528953356,0.0853371376328293
36165,0.10756962230656218,2362.6592426298807,7797.2625092524195,3708.1426187020156,4089.119890550404,0.08542511253236826
36170,0.1075844943682664,2309.314062584232,7773.24857047718,3654.6216252480503,4118.626945229129,0.08550132564295385
36175,0.10759936642997062,2247.3110468044574,7751.325162662037,3602.415185349742,4148.909977312294,0.08556565543239354
36180,0.10761423849167483,2176.3353590459974,7731.741703681796,3551.686011937119,4180.0556917446775,0.08564565447952437
36185,0.10762911055337904,2096.197277015541,7714.67423336778,3502.5424426610025,4212.131790706778,0.08573803139807724
36190,0.10764398261508325,2006.868124078058,7700.219740884635,3455.032313850422,4245.187427034213,0.08581999718708362
36195,0.10765885467678746,1908.505542898496,7688.39280493652,3409.139250954388,4279.253553982133,0.08589145200674851
36200,0.10767372673849167,1801.4655572218517,7679.124875380586,3364.781571790508,4314.343303590078,0.08595229241662267
36205,0.10768859880019588,1686.3002586792732,7672.266440563297,3321.8138727835058,4350.452567779791,0.08600242496397419
36210,0.10770347086190009,1563.7415024317252,7667.592184225108,3280.0312406600106,4387.560943565098,0.08607206071535943
36215,0.1077183429236043,1434.672531892238,7664.809064259233,3239.1759019977308,4425.633162261503,0.08614970456893488
36220,0.10773321498530851,1300.0907254693502,7663.567070809507,3198.946003507602,4464.621067301905,0.08621790629644115
36225,0.10774808704701273,1161.065410632933,7663.472264906668,3159.0061312243815,4504.466133682286,0.0862766041159005
36230,0.10776295910871694,1018.6947911484958,7664.101573097661,3118.9991510850446,4545.102422012616,0.08632575449938498
36235,0.10777783117042115,874.0655450955837,7665.018721931881,3078.5589974193495,4586.4597245125315,0.08636532615369222
36240,0.10779270323212536,728.2178024635086,7665.790638099722,3037.3241353274425,4628.4665027722795,0.0864236540407847
36245,0.10780757529382957,582.1172942525145,7666.003615760766,2994.9515338875617,4671.052081873204,0.08648926479592388
36250,0.10782244735553378,436.63571917718673,7665.278565217876,2951.131049051508,4714.147516166368,0.08654625292288404
36255,0.107837319417238,292.539891788736,7663.284711131091,2905.6000781791554,4757.684632951936,0.08659456960195566
36260,0.1078521914789422,150.48994147667054,7659.751205832351,2858.1581999211435,4801.593005911207,0.08663414348896421
36265,0.10786706354064642,11.046549659507036,7654.4762595958555,2808.6812848705285,4845.794974725327,0.0866648743959451
36270,0.10788193560235063,-125.31322200326849,7647.333551485871,2757.1343156109574,4890.199235874914,0.08671987274882854
36275,0.10789680766405484,-258.1726174821679,7638.275849238973,2703.581958855107,4934.693890383865,0.08677527103049647
36280,0.10791167972575906,-387.1463295241956,7627.335907408252,2648.1958431736393,4979.1400642346125,0.08682249522764235
36285,0.10792655178746327,-511.8489246590725,7614.624806197938,2591.257541170723,5023.367265027215,0.08686136700637322
36290,0.10794142384916748,-631.8641050706256,7600.3279282390495,2533.156432407666,5067.171495831383,0.08689166606039736
36295,0.10795629591087169,-746.7187389337114,7584.698754434857,2474.3819107103723,5110.316843724484,0.08692551790908776
36300,0.1079711679725759,-855.8654589107473,7568.0506174051,2415.509768958277,5152.540848446823,0.08697908348458405
36305,0.10798604003428011,-958.6769274102635,7550.746515989265,2357.1830179593885,5193.563498029876,0.08702427709494862
36310,0.10800091209598432,-1054.4536490079545,7533.18709836076,2300.0878399288986,5233.099258431861,0.08706074181120689
36315,0.10801578415768853,-1142.4456336082403,7515.7969822126,2244.925796881776,5270.871185330823,0.08708809545416471
36320,0.10803065621939274,-1221.8865177837306,7499.009695258517,2192.3837567876767,5306.625938470841,0.0871114099824412
36325,0.10804552828109695,-1292.037212509158,7483.25166593689,2143.103214414477,5340.148451522413,0.08715996049351755
36330,0.10806040034280116,-1352.23501332659,7468.925840509389,2097.6507342049117,5371.275106304477,0.08719899044368994
36335,0.10807527240450539,-1401.9435385530014,7456.395617418509,2056.491124421818,5399.904492996691,0.08722808824617224
36340,0.1080901444662096,-1440.7988683228236,7445.9698511524975,2019.964698126553,5426.005153025944,0.087246889376535
36345,0.10810501652791381,-1468.6477262627832,7437.889677634804,1988.2696508014385,5449.620026833365,0.08726621234513353
36350,0.10811988858961802,-1485.5742919093332,7432.317854804259,1961.450258233638,5470.867596570621,0.08730361191362901
36355,0.10813476065132223,-1491.9130964281908,7429.331206270905,1939.3913251124352,5489.93988115847,0.08733035650697975
36360,0.10814963271302644,-1488.2463785208133,7428.916615384137,1921.8191132200766,5507.097502164061,0.08734625935217831
36365,0.10816450477473065,-1475.3853209282515,7430.970852413584,1908.3088302223591,5522.662022191225,0.08735120202463684
36370,0.10817937683643486,-1454.3358619320725,7435.304336772285,1898.2986233430063,5537.005713429278,0.08737177696512502
36375,0.10819424889813907,-1426.2513207563552,7441.648745610237,1891.1098496364516,5550.538895973785,0.08739424222756183
36380,0.10820912095984328,-1392.3757493960993,7449.668186281331,1885.9731568219224,5563.695029459409,0.08740572989266635
36385,0.10822399302154749,-1353.9833826983195,7458.97346183393,1882.0596084972985,5576.913853336631,0.08740620244661984
36390,0.10823886508325171,-1312.3203603036336,7469.138786632521,1878.5157594692237,5590.623027163298,0.08739750354009576
36395,0.10825373714495592,-1268.5546794221336,7479.720165141249,1874.5012825355302,5605.218882605719,0.08741568278013384
36400,0.10826860920666014,-1223.739006309037,7490.274541066205,1869.2275156252203,5621.047025440985,0.0874227694637347
36405,0.10828348126836435,-1178.7887692625081,7500.378763920155,1861.9951658897285,5638.383598030427,0.08741870866523235
36410,0.10829835333006856,-1134.475406939183,7509.647410115367,1852.2293768882141,5657.4180332271535,0.08740344440552171
36415,0.10831322539177277,-1091.4323907187418,7517.748538851102,1839.510418572092,5678.23812027901,0.087387716705558
36420,0.10832809745347698,-1050.170199997814,7524.416561699375,1823.5983761457326,5700.818185553642,0.08739121292939485
36425,0.10834296951518119,-1011.0960402656792,7529.461560946314,1804.450384838255,5725.011176108059,0.0873833268790624
36430,0.1083578415768854,-974.5346677088655,7532.774604000186,1782.2291938304054,5750.545410169781,0.08736397097355067
36435,0.10837271363858961,-940.7478934077108,7534.32886024217,1757.30216590656,5777.02669433561,0.08733305663493622
36440,0.10838758570029382,-909.9517627803816,7534.176611747709,1730.2302462760324,5803.9463654716765,0.08731159783838831
36445,0.10840245776199804,-882.3316561750598,7532.442530039179,1701.7469602270241,5830.695569812155,0.08730200178940042
36450,0.10841732982370225,-858.0563626018838,7529.313834244705,1672.7280935923725,5856.585740652332,0.08728063236023954
36455,0.10843220188540646,-837.2924043366065,7525.02812464051,1644.1533191302146,5880.874805510295,0.08724736425638069
36460,0.10844707394711067,-820.2195269758313,7519.859784521115,1617.061592732889,5902.798191788226,0.0872020831415629
36465,0.10846194600881488,-807.047428147439,7514.1058612013385,1592.5025969054177,5921.603264295921,0.08718204217110667
36470,0.1084768180705191,-798.0326979039073,7508.072282484169,1571.486809752914,5936.585472731254,0.08716190207949104
36475,0.1084916901322233,-793.4938828124032,7502.061151436738,1554.9368984938415,5947.124252942896,0.0871293131850114
36480,0.10850656219392751,-793.8218770826306,7496.35970256683,1543.6430683838191,5952.716634183011,0.0870840952116909
36485,0.10852143425563172,-799.4827319316064,7491.231308260171,1538.2247496249977,5953.006558635174,0.08702709616388997
36490,0.10853630631733593,-811.0105597252923,7486.90870996343,1539.1006013344468,5947.808108628983,0.0870109119900466
36495,0.10855117837904014,-828.9894140274209,7483.589434481053,1546.468291830999,5937.121142650054,0.08698119471723328
36500,0.10856605044074437,-854.0246116815142,7481.4331684749695,1560.2949275495819,5921.138240925387,0.08693767004162482
36505,0.10858092250244858,-886.7056010389606,7480.560731222883,1580.3184015543898,5900.242329668494,0.08688011056444431
36510,0.10859579456415279,-927.563850182496,7481.054227897298,1606.0593654237284,5874.99486247357,0.08682110105744982
36515,0.108610666625857,-977.0300963763211,7482.957989815899,1636.8430316987328,5846.114958117167,0.08679417174186749
36520,0.10862553868756121,-1035.3955556207648,7486.280002760292,1671.829607858086,5814.4503949022055,0.0867518009308616
36525,0.10864041074926542,-1102.7813515482749,7490.993660802171,1710.0518493684206,5780.94181143375,0.0866938047159862
36530,0.10865528281096963,-1179.1195818746191,7497.039823224153,1750.4579877266806,5746.581835497473,0.0866201095076179
36535,0.10867015487267384,-1264.1482321055091,7504.329260453483,1791.9581218877918,5712.371138565691,0.08655156667294242
36540,0.10868502693437805,-1357.4207150705242,7512.745628479406,1833.4720429148203,5679.273585564586,0.08650979807351113
36545,0.10869989899608226,-1458.3293134520927,7522.149104933335,1873.9763882029872,5648.172716730348,0.08645123594251647
36550,0.10871477105778647,-1566.140397039333,7532.380765546836,1912.549005455949,5619.831760090887,0.08637601708494362
36555,0.1087296431194907,-1680.03814606981,7543.267698638421,1948.4084744634379,5594.859224174983,0.08628441010408083
36560,0.1087445151811949,-1799.1727751804024,7554.628769852095,1980.9469176973685,5573.681852154727,0.08620067258758862
36565,0.10875938724289912,-1922.7089865013663,7566.280874950477,2009.754549461887,5556.5263254885895,0.08614539265084978
36570,0.10877425930460333,-2049.8705601205133,7578.0454608782375,2034.6348635469378,5543.4105973313,0.08607324238292093
36575,0.10878913136630754,-2179.9775076507162,7589.755053987823,2055.6099052554655,5534.1451487323575,0.08598459133742312
36580,0.10880400342801175,-2312.4729219202177,7601.259507026558,2072.9156538752063,5528.343853151351,0.0858799171409712
36585,0.10881887548971596,-2446.9374220285163,7612.431663225645,2086.988085788996,5525.443577436648,0.08578579842903228
36590,0.10883374755142017,-2583.0898524085633,7623.1721396256335,2098.4409380822626,5524.731201543371,0.0857243676663698
36595,0.10884861961312438,-2720.773656923206,7633.412957301177,2108.0365166001484,5525.3764407010285,0.08564635574581513
36600,0.10886349167482859,-2859.929174581333,7643.119797219385,2116.6510906279173,5526.468706591468,0.08555221103623349
36605,0.1088783637365328,-3000.553061970395,7652.292737891447,2125.236510471291,5527.056227420157,0.08544251070354479
36610,0.10889323579823702,-3142.6471746233833,7660.9654309732105,2134.7797029444355,5526.185728028775,0.0853513489371258
36615,0.10890810785994123,-3286.1604995596294,7669.202785275264,2146.2616656015953,5522.941119673669,0.08529138627524341
36620,0.10892297992164544,-3430.9289947644097,7677.0973460278665,2160.617503544527,5516.479842483339,0.085214840754857
36625,0.10893785198334965,-3576.6192405134366,7684.76465981616,2178.6989340421255,5506.065725774035,0.08512226558743079
36630,0.10895272404505386,-3722.6823789483683,7692.337990816971,2201.240524896892,5491.097465920078,0.08501435918725507
36635,0.10896759610675807,-3868.324666736524,7699.962787852572,2228.8307416028415,5471.13204624973,0.08493574555978682
36640,0.10898246816846228,-4012.4999339899528,7707.791287509906,2261.8886754054724,5445.9026121044335,0.08488177370560149
36645,0.1089973402301665,-4153.927318235283,7715.977577759355,2300.6471331917055,5415.3304445676495,0.08481077742682187
36650,0.1090122122918707,-4291.134989427561,7724.673349407528,2345.142606384482,5379.530743023046,0.08472336684957245
36655,0.10902708435357492,-4422.527532578352,7734.024445808303,2395.2124968629314,5338.811948945372,0.08462028227263531
36660,0.10904195641527913,-4546.4716565722065,7744.16820400468,2450.4998394657696,5293.66836453891,0.08454836122346875
36665,0.10905682847698335,-4661.392428405925,7755.231480824831,2510.465588060266,5244.765892764565,0.08450009997839308
36670,0.10907170053868756,-4765.870695035748,7767.329188084229,2574.4082970726654,5192.920891011563,0.08443371978145169
36675,0.10908657260039177,-4858.731986069365,7780.563126819043,2641.490727042212,5139.072399776831,0.0843498720053332
36680,0.10910144466209598,-4939.118005023348,7795.020909011552,2710.772553801017,5084.248355210535,0.0842493556774849
36685,0.10911631672380019,-5006.53363027309,7810.77477963159,2781.248008618447,5029.526771013143,0.08416538138271602
36690,0.1091311887855044,-5060.864861888324,7827.880193918389,2851.8869659103684,4975.99322800802,0.08411861651488578
36695,0.10914606084720861,-5102.36606366904,7846.374058410783,2921.6777566007545,4924.696301810029,0.08405254319033702
36700,0.10916093290891282,-5131.617913067921,7866.272606074821,2989.669829916011,4876.60277615881,0.08396798694264922
36705,0.10917580497061703,-5149.4604785868805,7887.568945743299,3055.014312099239,4832.55463364406,0.08386594685027567
36710,0.10919067703232124,-5156.908563756146,7910.230404732465,3117.000515928906,4793.229888803558,0.08375165803294861
36715,0.10920554909402545,-5155.058581945974,7934.195870190838,3175.086550458604,4759.109319732233,0.08370320301055922
36720,0.10922042115572968,-5144.997393649948,7959.373424203188,3228.92238832079,4730.451035882397,0.08363503972985553
36725,0.10923529321743389,-5127.72343175217,7985.63864852782,3278.3640905214315,4707.274558006388,0.08354826721256979
36730,0.1092501652791381,-5104.088928684652,8012.834029346481,3323.478369528233,4689.355659818248,0.08344416895573305
36735,0.10926503734084231,-5074.769285515252,8040.769899098642,3364.5372606274136,4676.232638471229,0.08332418680788711
36740,0.10927990940254652,-5040.261998888909,8069.227291688168,3402.0033028425482,4667.223988845621,0.08324161035847127
36745,0.10929478146425073,-5000.913665020365,8097.962949223323,3436.506216014356,4661.456733208967,0.08317459981119814
36750,0.10930965352595494,-4956.970010251203,8126.716510195097,3468.812516946535,4657.903993248561,0.08308990064597706
36755,0.10932452558765915,-4908.641150626763,8155.219657971819,3499.7897961452295,4655.429861826589,0.08298893790158826
36760,0.10933939764936336,-4856.17268263421,8183.206758016343,3530.367479761993,4652.839278254351,0.08287324298592638
36765,0.10935426971106757,-4799.9128948517555,8210.426310760151,3561.495876854809,4648.9304339053415,0.08275148635816343
36770,0.10936914177277178,-4740.367341048652,8236.652434064667,3594.1052284361535,4642.5472056285125,0.08269238596624792
36775,0.109384013834476,-4678.234057141479,8261.695583389825,3629.0663877541097,4632.6291956357145,0.0826163795518135
36780,0.10939888589618021,-4614.415531929526,8285.411812552822,3667.154689683809,4618.257122869013,0.08252474259072913
36785,0.10941375795788442,-4550.006734944783,8307.710044879534,3709.0184885094895,4598.691556370044,0.08241883213117937
36790,0.10942863001958864,-4486.261575567786,8328.557023944231,3755.153710489987,4573.403313454244,0.08230006090396416
36795,0.10944350208129285,-4424.542636216604,8347.979805645837,3805.8855357389034,4542.094269906933,0.08220837746113732
36800,0.10945837414299706,-4366.260523039079,8366.065809650505,3861.357975404977,4504.707834245528,0.0821430223217653
36805,0.10947324620470127,-4312.809555566782,8382.96055328906,3921.5316639386624,4461.428889350398,0.08206145774754053
36810,0.10948811826640548,-4265.505874392827,8398.86324458228,3986.189692286896,4412.673552295384,0.08196488645319142
36815,0.10950299032810969,-4225.532706650454,8414.020425249613,4054.950830154529,4359.069595095085,0.08185460484545491
36820,0.1095178623898139,-4193.895928840651,8428.717849273511,4127.289084324907,4301.428764948604,0.08173197973269312
36825,0.10953273445151811,-4171.391612233734,8443.270780316461,4202.558258907061,4240.7125214094,0.08165639218763115
36830,0.10954760651322233,-4158.586187065799,8458.01291109456,4280.020042920335,4177.992868174225,0.08158070013174988
36835,0.10956247857492654,-4155.809271554745,8473.284159906078,4358.874148763815,4114.410011142262,0.08148891810175042
36840,0.10957735063663075,-4163.158948587366,8489.417682558416,4438.289140171922,4051.1285423864947,0.08138243855790105
36845,0.10959222269833496,-4180.519099412523,8506.726539605466,4517.432784158288,3989.2937554471782,0.08126276914408999
36850,0.10960709476003917,-4207.58808223447,8525.490560011678,4595.500993051863,3929.9895669598154,0.08113150224929133
36855,0.10962196682174338,-4243.91742624582,8545.944022388829,4671.74464340872,3874.199378980109,0.08105603295115149
36860,0.1096368388834476,-4288.95828882165,8568.2648159678,4745.493728818442,3822.7710871493573,0.08096643449783575
36865,0.1096517109451518,-4342.112329331867,8592.565733007606,4816.178400626119,3776.387332381488,0.08086209613774982
36870,0.10966658300685601,-4402.7826298818345,8618.88847669974,4883.346474132698,3735.542002567042,0.08074479367377335
36875,0.10968145506856022,-4470.419632477954,8647.200845010992,4946.676951402549,3700.5238936084424,0.08061639327941265
36880,0.10969632713026443,-4544.557026966336,8677.397379829856,5005.989076434467,3671.4083033953884,0.08048456812257052
36885,0.10971119919196866,-4624.833273387969,8709.303566785755,5061.246441466735,3648.05712531902,0.08040089624102523
36890,0.10972607125367287,-4710.9959700268655,8742.683452897398,5112.555743810746,3630.1277090866515,0.08030366515724423
36895,0.10974094331537708,-4802.888390727728,8777.25033596975,5160.1599696859785,3617.090366283771,0.08019482832506748
36900,0.10975581537708129,-4900.419863460913,8812.679988268066,5204.426047383292,3608.2539408847742,0.08007639283185941
36905,0.1097706874387855,-5003.523826344899,8848.625720176926,5245.827335266346,3602.7983849105794,0.07995036673526097
36910,0.10978555950048971,-5112.10899253959,8884.73447677618,5284.921645966964,3599.8128308092164,0.07983208935345296
36915,0.10980043156219392,-5226.009824863309,8920.663098853218,5322.325812133475,3598.337286719743,0.07975135678635617
36920,0.10981530362389813,-5344.942381590665,8956.093875478356,5358.688037361334,3597.4058381170225,0.07966054390856996
36925,0.10983017568560234,-5468.470630946053,8990.748570095735,5394.65942900503,3596.089141090705,0.0795615582864762
36930,0.10984504774730655,-5595.986750084139,9024.400212760524,5430.866168431938,3593.534044328586,0.07945626416055536
36935,0.10985991980901076,-5726.707002465133,9056.882107485048,5467.883734157532,3588.9983733275158,0.07934643043738687
36940,0.10987479187071499,-5859.682828240964,9088.09369033551,5506.214449795801,3581.87924053971,0.07925632469191177
36945,0.1098896639324192,-5993.825079890062,9118.003074326527,5546.269380914162,3571.733693412365,0.07919036460451208
36950,0.1099045359941234,-6127.938134200148,9146.646317024035,5588.355262767621,3558.291054256414,0.0791164462811564
36955,0.10991940805582762,-6260.760061486017,9174.123635701175,5632.666732874802,3541.456902826373,0.079036120856544
36960,0.10993428011753183,-6391.005146454377,9200.592964787482,5679.283716396739,3521.309248390743,0.07895084549773176
36965,0.10994915217923604,-6517.405695339785,9226.261391835398,5728.173428956477,3498.0879628789207,0.07886194950919985
36970,0.10996402424094025,-6638.750975287681,9251.375109030918,5779.196181127287,3472.178927903631,0.07880047456331074
36975,0.10997889630264446,-6753.9220137638285,9276.208563016671,5832.114035566219,3444.094527450452,0.07874928135736053
36980,0.10999376836434867,-6861.921585095442,9301.053465137402,5886.601396866593,3414.452068270809,0.07869011241120259
36985,0.11000864042605288,-6961.898903057929,9326.208234306694,5942.256785823346,3383.951448483348,0.07862427744924319
36990,0.11002351248775709,-7053.16836028735,9351.968295451356,5998.615312369456,3353.3529830818998,0.07855699573865053
36995,0.11003838454946131,-7135.221288919238,9378.61747061774,6055.161644485849,3323.4558261318916,0.07849360592233254
37000,0.11005325661116552,-7207.729418425346,9406.42050865175,6111.343503931687,3295.077004720063,0.07842821309954415
37005,0.11006812867286973,-7270.538717688571,9435.616635585342,6166.585853735929,3269.030781849413,0.07838835163497636
37010,0.11008300073457394,-7323.652771561777,9466.413898171253,6220.305959708872,3246.107938462381,0.07834822444908275
37015,0.11009787279627815,-7367.205759367533,9498.984032621673,6271.929423761518,3227.054608860155,0.07830032483786574
37020,0.11011274485798236,-7401.426346095383,9533.457621269195,6320.907135057762,3212.550486211433,0.07824611069910016
37025,0.11012761691968657,-7426.5951609041485,9569.919391249943,6366.732901983133,3203.18648926681,0.07818692448138517
37030,0.11014248898139078,-7442.9997964429,9608.40364221923,6408.96133722401,3199.4423049952193,0.0781239591692684
37035,0.110157361043095,-7450.89220037887,9648.889941041572,6447.225379627452,3201.6645614141207,0.07806504418803215
37040,0.1101722331047992,-7450.453745300492,9691.29936650374,6481.2526554236865,3210.046711080053,0.07802333390252818
37045,0.11018710516650342,-7441.772973357115,9735.491705824961,6510.879723329816,3224.6119824951447,0.07797469647744805
37050,0.11020197722820764,-7424.839897834672,9781.264082175378,6536.063146582533,3245.200935592845,0.07792073281927661
37055,0.11021684928991185,-7399.558824703172,9828.351520302327,6556.8863364233885,3271.4651838789387,0.0778628913144275
37060,0.11023172135161606,-7365.779157089156,9876.429933379426,6573.561256872056,3302.86867650737,0.07780243377654664
37065,0.11024659341332027,-7323.340992893879,9925.121939355833,6586.424382916583,3338.6975564392496,0.07774041005925601
37070,0.11026146547502448,-7272.1300521559915,9974.005790857542,6595.926733944502,3378.0790569130395,0.07767764206527622
37075,0.11027633753672869,-7212.1350472140675,10022.627529045123,6602.618291404339,3420.009237640784,0.07762649554099418
37080,0.1102912095984329,-7143.500291632445,10070.516248563392,6607.127563697858,3463.388684865534,0.07757618770314488
37085,0.11030608166013711,-7066.567110120683,10117.202091851013,6610.13740122116,3507.0646906298534,0.07752374419494247
37090,0.11032095372184132,-6981.899204467486,10162.236290544904,6612.358346445941,3549.877944098964,0.07747026629916527
37095,0.11033582578354553,-6890.289180184078,10205.212267002606,6614.500833260044,3590.711433742562,0.07741659302644928
37100,0.11035069784524974,-6792.745590672166,10245.786539900477,6617.247472108795,3628.539067791682,0.07736329430716932
37105,0.11036556990695397,-6690.461850440234,10283.69799031004,6621.226533786885,3662.471456523155,0.07731067563904649
37110,0.11038044196865818,-6584.770056787792,10318.783981161623,6626.987623059204,3691.7963581024187,0.07725879342335701
37115,0.11039531403036239,-6477.084070336212,10350.991912729214,6634.980430925466,3716.011481803748,0.0772074797778592
37120,0.1104101860920666,-6368.837100866146,10380.385048310472,6645.537357913071,3734.8476903974015,0.07715637526538086
37125,0.11042505815377081,-6261.419485664319,10407.141841781886,6658.860681997543,3748.281159784343,0.0771049677178663
37130,0.11043993021547502,-6156.1222792308245,10431.54850280038,6675.014781220856,3756.5337215795244,0.0770571076855612
37135,0.11045480227717923,-6054.091647660178,10453.98508820915,6693.923711190207,3760.061377018944,0.07701366683920535
37140,0.11046967433888344,-5956.29787576094,10474.905942166522,6715.374201896421,3759.531740270101,0.07697033825049436
37145,0.11048454640058765,-5863.521134698747,10494.815757771308,6739.023908729069,3755.791849042239,0.07692670537986389
37150,0.11049941846229186,-5776.35421462707,10514.242849276623,6764.414557033541,3749.8282922430817,0.0768822076327763
37155,0.11051429052399607,-5695.22047935358,10533.711380100205,6790.989470291412,3742.7219098087935,0.07683618682491386
37160,0.1105291625857003,-5620.403654541909,10553.714287806317,6818.114863415151,3735.5994243911655,0.0767879358842926
37165,0.1105440346474045,-5552.084971939337,10574.688504769883,6845.104198353551,3729.5843064163328,0.07673674747903671
37170,0.11055890670910871,-5490.382797822021,10596.993826230799,6871.244822622645,3725.7490036081535,0.0766819603355754
37175,0.11057377877081292,-5435.390167413329,10620.89646190769,6895.826034314234,3725.0704275934568,0.07662300118082999
37180,0.11058865083251714,-5387.206488284941,10646.557955291208,6918.167641665204,3728.3903136260033,0.07656544302029958
37185,0.11060352289422135,-5345.960833400135,10674.029792179812,6937.648019897629,3736.381772282183,0.07651935438287237
37190,0.11061839495592556,-5311.825454702381,10703.2536690454,6953.73062130616,3749.5230477392397,0.07647047581692319
37195,0.11063326701762977,-5285.019182328793,10734.067073040875,6965.987871178678,3768.079201862197,0.07641832631882256
37200,0.11064813907933398,-5265.801100316299,10766.213558373123,6974.12138455509,3792.092173818033,0.07636251865412708
37205,0.11066301114103819,-5254.455309948925,10799.356905359418,6977.977472840463,3821.3794325189556,0.07630279020866261
37210,0.1106778832027424,-5251.267836226834,10833.098228872552,6977.5569894328255,3855.5412394397263,0.07623902483365014
37215,0.11069275526444662,-5256.496995404528,10866.995062494623,6973.018712806514,3893.9763496881096,0.07617126487017153
37220,0.11070762732615083,-5270.338980635044,10900.581472099804,6964.675707423484,3935.9057646763204,0.07610327365820153
37225,0.11072249938785504,-5292.891068965612,10933.388326721384,6952.98444768756,3980.4038790338245,0.07605632097290298
37230,0.11073737144955925,-5324.115570962586,10964.962949115112,6938.526922773607,4026.4360263415047,0.07600723098816731
37235,0.11075224351126346,-5363.808178506844,10994.88745989122,6921.986416246576,4072.901043644645,0.07595590855469957
37240,0.11076711557296767,-5411.574448651314,11022.795203797687,6904.11810976506,4118.677094032627,0.07590236732979341
37245,0.11078198763467188,-5466.817630227644,11048.384706007348,6885.716029612101,4162.668676395247,0.07584673430802291
37250,0.1107968596963761,-5528.739909821728,11071.430665302785,6867.578092247583,4203.852573055202,0.07578924595808625
37255,0.1108117317580803,-5596.357608398776,11091.79157224265,6850.471094735344,4241.320477507305,0.07573023641347439
37260,0.11082660381978451,-5668.529180933145,11109.413662504916,6835.097450214894,4274.316212290022,0.07569178728378466
37265,0.11084147588148872,-5743.993346739469,11124.331084207588,6822.065314995982,4302.265769211606,0.07566089662545357
37270,0.11085634794319295,-5821.413532334841,11136.662361061386,6811.863520251525,4324.798840809861,0.07562889908574369
37275,0.11087122000489716,-5899.424177092314,11146.603444299337,6804.842427219778,4341.761017079559,0.07559982290501627
37280,0.11088609206660137,-5976.674390294404,11154.417833951053,6801.201483083624,4353.216350867428,0.07557256089045837
37285,0.11090096412830558,-6051.864951860852,11160.424388057834,6800.983878731561,4359.440509326273,0.07554479883436599
37290,0.11091583619000979,-6123.7756617733985,11164.98351342781,6804.078320784348,4360.905192643461,0.07551680747981167
37295,0.110930708251714,-6191.281448625383,11168.482444009422,6810.227558474796,4358.254885534626,0.07549884822080455
37300,0.11094558031341821,-6253.357259355456,11171.320273771868,6819.04298352551,4352.277290246358,0.07549931765091142
37305,0.11096045237512242,-6309.073322094518,11173.893335503275,6830.02437303031,4343.868962472965,0.07549777806870207
37310,0.11097532443682663,-6357.583632023319,11176.58142040102,6842.583682260812,4333.997738140209,0.07549412555657105
37315,0.11099019649853084,-6398.111228706324,11179.735228564035,6856.071710810711,4323.663517753324,0.07548840557309547
37320,0.11100506856023505,-6429.933893468143,11183.66533747287,6869.806444687805,4313.858892785065,0.07548079766184539
37325,0.11101994062193928,-6452.373323211912,11188.632881865908,6883.101897895099,4305.530983970809,0.075471591728563
37330,0.11103481268364349,-6464.78979580232,11194.842059325636,6895.296322808907,4299.545736516729,0.07546115828282647
37335,0.1110496847453477,-6466.583078019195,11202.434514181456,6905.778721531281,4296.655792650175,0.07546789964518398
37340,0.1110645568070519,-6457.199099947161,11211.485608452365,6914.012673022254,4297.472935430112,0.07547603822612044
37345,0.11107942886875612,-6436.140943536623,11222.002561193462,6919.556602751561,4302.445958441901,0.07548061122337066
37350,0.11109430093046033,-6402.9821108501765,11233.924424429684,6922.079772597701,4311.844651831983,0.07548199315263085
37355,0.11110917299216454,-6357.379920227324,11247.123861993492,6921.373460964618,4325.750401028874,0.07548065342912096
37360,0.11112404505386875,-6299.087227761191,11261.41070311407,6917.357026159624,4344.053676954446,0.07547711878724263
37365,0.11113891711557296,-6227.961409285195,11276.537250100866,6910.078777328938,4366.458472771928,0.07547193653817429
37370,0.11115378917727717,-6143.970489224217,11292.205321052335,6899.71178873769,4392.493532314646,0.07546564089994888
37375,0.11116866123898138,-6047.19720284253,11308.074994753204,6886.544963154262,4421.530031598942,0.0754587241845697
37380,0.1111835333006856,-5937.842331200643,11323.774986476954,6870.96977351608,4452.805212960874,0.07546241475666202
37385,0.11119840536238981,-5816.228631005026,11338.91451438371,6853.463204564451,4485.451309819259,0.07546325739538368
37390,0.11121327742409402,-5682.806052357622,11353.096417381785,6834.567507545374,4518.528909836411,0.07546177675597683
37395,0.11122814948579823,-5538.157882824977,11365.931166214128,6814.867499633314,4551.063666580814,0.07545859417691758
37400,0.11124302154750244,-5383.0063417773235,11377.051287682338,6794.966294397569,4582.084993284769,0.07545429965996546
37405,0.11125789360920665,-5218.215382660172,11386.125619065373,6775.460519010068,4610.665100055305,0.07544942616152818
37410,0.11127276567091086,-5044.788334022096,11392.87274609015,6756.916209685928,4635.956536404222,0.0754444292194246
37415,0.11128763773261507,-4863.858587474158,11397.07296605524,6739.846621491279,4657.226344563962,0.07543967254424713
37420,0.11130250979431928,-4676.672649763471,11398.578159735602,6724.693100448436,4673.885059287166,0.07544905347734032
37425,0.1113173818560235,-4484.5661883221,11397.319042424433,6711.809939182809,4685.509103241624,0.07546040470969598
37430,0.1113322539177277,-4288.934860792313,11393.309379380362,6701.453808192644,4691.855571187718,0.07547172319601599
37435,0.11134712597943193,-4091.2024649346745,11386.646875879998,6693.777987781137,4692.868888098861,0.07548265417631068
37440,0.11136199804113614,-3892.7891641586107,11377.510573842308,6688.831289700123,4688.679284142185,0.07549286396887737
37445,0.11137687010284035,-3695.0822734768167,11366.154702166006,6686.561300896967,4679.5934012690395,0.07550205502802551
37450,0.11139174216454456,-3499.4114731485215,11352.899044538653,6686.82141917981,4666.077625358844,0.07550997700579673
37455,0.11140661422624877,-3307.0295365175716,11338.116022289909,6689.381065945079,4648.73495634483,0.07551643367875378
37460,0.11142148628795298,-3119.09888867444,11322.214856424987,6693.938422680745,4628.276433744242,0.07552891467580676
37465,0.11143635834965719,-2936.6836821141014,11305.623377270947,6700.135017380757,4605.488359890191,0.07554149112750999
37470,0.1114512304113614,-2760.746650460994,11288.76827853921,6707.5714717527635,4581.196806786446,0.07555310179481343
37475,0.11146610247306561,-2592.1497826199093,11272.054831521918,6715.823715544521,4556.231115977397,0.07556345688161503
37480,0.11148097453476982,-2431.6577959681626,11255.847237962047,6724.458995757679,4531.388242204368,0.07557232485606585
37485,0.11149584659647403,-2279.9434028854466,11240.450861523017,6733.051069242123,4507.399792280894,0.07557953965533737
37490,0.11151071865817826,-2137.5933984942103,11226.097508287407,6741.194069191038,4484.903439096369,0.07558500379029073
37495,0.11152559071988247,-2005.11463311032,11212.934723395072,6748.514667797649,4464.420055597423,0.07558868762144778
37500,0.11154046278158668,-1882.9390081653728,11201.019759094179,6754.682298566822,4446.337460527357,0.07559062521403503
37505,0.11155533484329089,-1771.4268136203727,11190.318495359163,6759.41733221095,4430.901163148213,0.0755909072976159
37510,0.1115702069049951,-1670.8680485660188,11180.709213000118,6762.497206586963,4418.212006413155,0.07558967195522498
37515,0.11158507896669931,-1581.4818034954887,11171.990781209595,6763.760589339065,4408.230191870531,0.07558709374342405
37520,0.11159995102840352,-1503.414216546592,11163.894562329444,6763.109702700452,4400.784859628992,0.07558856669863659
37525,0.11161482309010773,-1436.735783006202,11156.099171916798,6760.51096387675,4395.588208040048,0.07559367688799959
37530,0.11162969515181194,-1381.4387647687163,11148.247158416083,6755.994089341607,4392.253069074476,0.07559773122197391
37535,0.11164456721351615,-1337.435093404385,11139.962666661895,6749.649775588622,4390.312891073273,0.07560092955052664
37540,0.11165943927522036,-1304.5546175934714,11130.869199937137,6741.626008099691,4389.243191837446,0.07560349523372985
37545,0.11167431133692458,-1282.543059960588,11120.606675535602,6732.122983274847,4388.483692260756,0.07560566152238504
37550,0.1116891833986288,-1271.0588827519696,11108.847064991536,6721.386584631387,4387.460480360149,0.07560765881380395
37555,0.111704055460333,-1269.668570411919,11095.30801660844,6709.700364991954,4385.607651616486,0.07560970325820462
37560,0.11171892752203721,-1277.8405783917242,11079.763973690504,6697.376066292585,4382.387907397919,0.07561198692414785
37565,0.11173379958374142,-1294.939133171284,11062.05442661416,6684.742847604806,4377.311579009354,0.07561466953347849
37570,0.11174867164544564,-1320.2198526513957,11042.08906785666,6672.135553844654,4369.953514012005,0.07561787168284477
37575,0.11176354370714985,-1352.8294759686114,11019.84975170353,6659.882493516399,4359.967258187131,0.07562166947773222
37580,0.11177841576885406,-1391.8116915751734,10995.389290373205,6648.293262908795,4347.096027464409,0.07563555526251796
37585,0.11179328783055827,-1436.120185726234,10968.827243954733,6637.647141227787,4331.180102726946,0.07565191396706349
37590,0.11180815989226248,-1484.6388276225125,10940.342983051381,6628.182502380189,4312.160480671192,0.07566901929378887
37595,0.11182303195396669,-1536.2076653455042,10910.166419687297,6620.087583289805,4290.0788363974925,0.0756868317441801
37600,0.11183790401567091,-1589.6524018583286,10878.566909093797,6613.492858045626,4265.074051048171,0.07570525897517784
37605,0.11185277607737512,-1643.8144270110024,10845.840912933996,6608.465219205103,4237.375693728894,0.07572415604274897
37610,0.11186764813907933,-1697.5783606489258,10812.299071550957,6605.004163936616,4207.29490761434,0.07574332822346393
37615,0.11188252020078354,-1749.8943867687994,10778.253349185377,6603.040201497923,4175.213147687455,0.07576253611394544
37620,0.11189739226248775,-1799.7933521575278,10744.004887596293,6602.435705530913,4141.56918206538,0.0757830372337208
37625,0.11191226432419196,-1846.393561637964,10709.833132085718,6602.988398143481,4106.844733942236,0.07581613581045672
37630,0.11192713638589617,-1888.8993019320205,10675.986685995644,6604.437555471625,4071.5491305240184,0.07584864107382612
37635,0.11194200844760038,-1926.5922197813652,10642.676213903673,6606.472868967905,4036.2033449357677,0.07588025564056217
37640,0.1119568805093046,-1958.8176033596073,10610.06956006691,6608.745703390182,4001.3238566767277,0.07595955805780996
37645,0.1119717525710088,-1984.9682148024067,10578.289089330372,6610.882292239764,3967.406797090608,0.07611861205579386
37650,0.11198662463271301,-2004.4684920434847,10547.41110807337,6612.498236158292,3934.9128719150776,0.07625935940603391
37655,0.11200149669441724,-2016.7616649218435,10517.467100209995,6613.213544618748,3904.2535555912473,0.07638216219922568
37660,0.11201636875612145,-2021.3016997259347,10488.446433641637,6612.667400410446,3875.7790332311906,0.07648747135545901
37665,0.11203124081782566,-2017.5511580185912,10460.300165122406,6610.531833976742,3849.768331145664,0.07657581685752592
37670,0.11204611287952987,-2004.9852084743734,10432.945595241295,6606.523567968785,3826.4220272725106,0.0766478021111233
37675,0.11206098494123408,-1983.1013013899837,10406.271288198372,6600.4134249876415,3805.85786321073,0.07670410156708789
37680,0.11207585700293829,-1951.4334706794507,10380.142353961252,6592.032873900138,3788.1094800611136,0.07674546015358841
37685,0.1120907290646425,-1909.5698751645841,10354.405872393569,6581.277507911533,3773.128364482036,0.07677269281453555
37690,0.11210560112634671,-1857.1720168251977,10328.896403490737,6568.107478964961,3760.7889245257757,0.07678668257098852
37695,0.11212047318805092,-1793.9940759926594,10303.441566024929,6552.545129844417,3750.896436180512,0.07678837595130195
37700,0.11213534524975513,-1719.900983375921,10277.867677641312,6534.670237609143,3743.1974400321687,0.07677877522838096
37705,0.11215021731145934,-1634.884178290663,10252.005436986748,6514.61338661073,3737.3920503760182,0.07675892748286417
37710,0.11216508937316357,-1539.074395484252,10225.695598788006,6492.54801833323,3733.1475804547763,0.07672991093245649
37715,0.11217996143486778,-1432.7511475052706,10198.794551067776,6468.6816698032635,3730.112881264513,0.07669281915803305
37720,0.11219483349657199,-1316.3487058013498,10171.179653666448,6443.246839700096,3727.932813966352,0.07664874383399597
37725,0.1122097055582762,-1190.4582935762592,10142.754142517695,6416.491844640923,3726.262297876772,0.07659875642015794
37730,0.1122245776199804,-1055.825965247759,10113.451351099275,6388.671973154214,3724.7793779450603,0.07654388910803413
37735,0.11223944968168462,-913.3454290118198,10083.23795987675,6360.041218609792,3723.1967412669574,0.07648511523054807
37740,0.11225432174338883,-764.0450525811029,10052.115971376059,6330.844861070879,3721.2711103051797,0.07650651937299237
37745,0.11226919380509304,-609.0685904340107,10020.123138455407,6301.3131442619215,3718.809994193485,0.0765387720097657
37750,0.11228406586679725,-449.6497817779973,9987.331656905628,6271.656231908768,3715.67542499686,0.07656757717179712
37755,0.11229893792850146,-287.08177970214,9953.845069864648,6242.060517919322,3711.7845519453267,0.07659287635518816
37760,0.11231380999020567,-122.6832063917509,9919.79350462517,6212.686221032304,3707.1072835928653,0.07661461433312997
37765,0.11232868205190989,42.23669852536659,9885.327542444858,6183.666049227639,3701.6614932172197,0.07663273953695685
37770,0.1123435541136141,206.4110086730443,9850.611171812785,6155.104610499291,3695.506561313494,0.07664720446372662
37775,0.11235842617531831,368.64332937435483,9815.81436149029,6127.078202551362,3688.7361589389275,0.07666313439219556
37780,0.11237329823702252,527.8289602290151,9781.105792005903,6099.634642515723,3681.4711494901803,0.07668703154005266
37785,0.11238817029872673,682.9674570807992,9746.646204722476,6072.792886505736,3673.8533182167403,0.07670704703093563
37790,0.11240304236043094,833.1660756921838,9712.582689523724,6046.542313163404,3666.04037636032,0.07672314083737623
37795,0.11241791442213515,977.6346689582524,9679.044073455068,6020.841680023503,3658.2023934315657,0.07673528262272475
37800,0.11243278648383936,1115.673587622603,9646.137433629174,5995.617888857597,3650.519544771577,0.07674345327293072
37805,0.11244765854554357,1246.6568583397257,9613.945668067732,5970.764807787351,3643.1808602803812,0.07674764563185149
37810,0.11246253060724778,1370.0133033994598,9582.526028108005,5946.142490458809,3636.383537649195,0.07674786434475497
37815,0.112477402668952,1485.2083206062089,9551.909534731029,5921.577201113474,3630.3323336175545,0.0767545368269014
37820,0.11249227473065622,1591.7288171353584,9522.10124286154,5896.862688655623,3625.2385542059164,0.0767644891778806
37825,0.11250714679236043,1689.0733682077716,9493.081352431695,5871.76313853882,3621.318213892874,0.07677037216401865
37830,0.11252201885406464,1776.7491113846054,9464.807169747699,5846.018156145546,3618.7890136021533,0.07677221912123344
37835,0.11253689091576885,1854.2762107933104,9437.215888901324,5819.349996112968,3617.865892788356,0.07677006849144952
37840,0.11255176297747306,1921.1999264713177,9410.228098103527,5791.47305887588,3618.755039227647,0.0767639611915874
37845,0.11256663503917727,1977.109415168764,9383.75183959943,5762.105450741688,3621.646388857742,0.07675393801427627
37850,0.11258150710088148,2021.6614512831393,9357.68698876243,5730.982175074331,3626.7048136880994,0.07674003726140216
37855,0.11259637916258569,2054.606455368722,9331.929689009756,5697.869315468135,3634.0603735416207,0.07673952258526134
37860,0.1126112512242899,2075.813761107196,9306.376594793572,5662.57840556402,3643.798189229552,0.07673719343756995
37865,0.11262612328599411,2085.2931037863964,9280.92873189914,5624.9800650610005,3655.9486668381387,0.07673100527475916
37870,0.11264099534769832,2083.209903041112,9255.494866613746,5585.015925317884,3670.4789412958626,0.0767209741809208
37875,0.11265586740940255,2069.892892570586,9229.994359575607,5542.707880885352,3687.2864786902546,0.07670711044339884
37880,0.11267073947110676,2045.833738485865,9204.359543043689,5498.1637993574295,3706.1957436862594,0.07668942011544139
37885,0.11268561153281097,2011.679182470999,9178.537686170579,5451.579013157071,3726.958673013508,0.07666790740014659
37890,0.11270048359451518,1968.2167484192787,9152.492597968849,5403.233202803311,3749.259395165538,0.07666016488307867
37895,0.11271535565621939,1916.355147817665,9126.205870545724,5353.482638892681,3772.7232316530426,0.07665322224260106
37900,0.1127302277179236,1857.1003676512282,9099.677703013866,5302.74813249351,3796.929570520356,0.07664239673216466
37905,0.11274509977962781,1791.528261827364,9072.927189846301,5251.499389227848,3821.427800618453,0.0766276855175361
37910,0.11275997184133202,1720.7544894017965,9045.991925054788,5200.236713570865,3845.7552114839236,0.07660909983668635
37915,0.11277484390303623,1645.9029209067603,9018.926778453262,5149.471132713592,3869.45564573967,0.07658666622439618
37920,0.11278971596474044,1568.0740989621227,8991.801747272057,5099.704004276069,3892.0977429959876,0.07657117321347733
37925,0.11280458802644465,1488.3158295101357,8964.69887092202,5051.407071853865,3913.2917990681553,0.07656648433232012
37930,0.11281946008814887,1407.5983153303014,8937.708304988868,5005.003786923909,3932.7045180649593,0.07655786576409071
37935,0.11283433214985308,1326.7962823359194,8910.923762487146,4960.852572594957,3950.071189892189,0.07654534452596948
37940,0.1128492042115573,1246.6802140076607,8884.437624447819,4919.232592722754,3965.205031725065,0.07652895372230481
37945,0.1128640762732615,1167.9180870319815,8858.336081435073,4880.332512399128,3978.0035690359446,0.07650872876562684
37950,0.11287894833496571,1091.0879360161407,8832.694685293636,4844.242675061185,3988.4520102324514,0.07649946899969359
37955,0.11289382039666992,1016.7002692371198,8807.574669042557,4810.951050338088,3996.6236187044688,0.076499363845912
37960,0.11290869245837414,945.2279743090039,8783.020341325157,4780.3432017664145,4002.677139558742,0.0764949882657275
37965,0.11292356452007835,877.1401092862689,8759.057789273043,4752.206374124692,4006.8514151483514,0.07648630034791397
37970,0.11293843658178256,812.9351110675007,8735.695034816703,4726.237612672318,4009.4574221443845,0.07647326154921581
37975,0.11295330864348677,753.1686777484429,8712.923684264884,4702.055621861686,4010.8680624031986,0.07645583701356508
37980,0.11296818070519098,698.4720134069357,8690.721988388916,4679.21587878314,4011.5061096057752,0.07645726565859315
37985,0.1129830527668952,649.5572462058599,8669.059094317125,4657.228367077418,4011.830727239707,0.07645971071796208
37990,0.11299792482859941,607.2084846613561,8647.900133959474,4635.577213327758,4012.3229206317164,0.07645689347142344
37995,0.11301279689030362,572.2588929869398,8627.211677488809,4613.741498929436,4013.4701785593734,0.07644873422144718
38000,0.11302766895200783,545.5560287581457,8606.967008664165,4591.216576658577,4015.7504320055887,0.07643514820278806
38005,0.11304254101371204,527.9192047139259,8587.150670880746,4567.535315367062,4019.6153555136843,0.07641603959267544
38010,0.11305741307541625,520.0936044505324,8567.76179684313,4542.288788167789,4025.4730086753407,0.0764206407418599
38015,0.11307228513712046,522.7061985910823,8548.8158640982,4515.145965674409,4033.669898423791,0.07641912411581847
38020,0.11308715719882467,536.2281746084027,8530.344693639034,4485.871941857871,4044.4727517811625,0.07641075428165703
38025,0.11310202926052888,560.9476880307448,8512.394701804287,4454.344092102197,4058.0506097020907,0.07639535034249509
38030,0.1131169013222331,596.955401485101,8495.02359799247,4420.5653563192955,4074.4582416731737,0.0763727528971039
38035,0.1131317733839373,644.1436848221947,8478.295868627953,4384.673600470198,4093.6222681577547,0.07634284416340364
38040,0.11314664544564153,702.2187255164736,8462.277486187995,4346.94580782154,4115.331678366455,0.07633426129219127
38045,0.11316151750734574,770.7233781931773,8447.030325272717,4307.79576754736,4139.234557725357,0.07631813208912513
38050,0.11317638956904995,849.0675676014262,8432.606757826234,4267.7640356912,4164.842722135034,0.07629374240853742
38055,0.11319126163075416,936.5625670426452,8419.044844735465,4227.4992878309395,4191.545556904525,0.07626137218485445
38060,0.11320613369245837,1032.4555024291321,8406.364452781721,4187.73076945613,4218.633683325592,0.07622145337403914
38065,0.11322100575416258,1135.9608691327676,8394.564518303454,4149.232339116334,4245.33217918712,0.07621144722014339
38070,0.11323587781586679,1246.2865239421117,8383.621567214857,4112.7795114967685,4270.842055718089,0.07624878935982393
38075,0.113250749877571,1362.6523647036165,8373.489500334867,4079.1018369339617,4294.387663400905,0.07629419421716938
38080,0.11326562193927521,1484.300632776165,8364.100576283474,4048.833784449177,4315.266791834297,0.07633534570427913
38085,0.11328049400097942,1610.4974383797044,8355.367479417439,4022.467914425641,4332.899564991798,0.0763725440014586
38090,0.11329536606268363,1740.5257402726256,8347.18634804848,4000.3144346352965,4346.871913413184,0.07640630763590292
38095,0.11331023812438785,1873.6706490122406,8339.440650538914,3982.4711498094644,4356.96950072945,0.07645101240679744
38100,0.11332511018609207,2009.1985942620022,8332.005818646317,3968.8072903110074,4363.19852833531,0.07649378618580961
38105,0.11333998224779628,2146.3325988559864,8324.754559907675,3958.9637331341614,4365.790826773513,0.07653518518963004
38110,0.11335485430950049,2284.2265985152917,8317.562757117654,3952.370760771059,4365.191996346595,0.07657621968237645
38115,0.1133697263712047,2421.9423604501617,8310.315813787682,3948.282861502612,4362.03295228507,0.0766178789449984
38120,0.1133845984329089,2558.432967047338,8302.915221944682,3945.8283433449546,4357.086878599728,0.07666106254024549
38125,0.11339947049461312,2692.5368822986584,8295.285026950907,3944.069938441599,4351.215088509309,0.07670965671168824
38130,0.11341434255631733,2822.9861319905713,8287.377766456915,3942.071340949977,4345.3064255069385,0.07678389856258043
38135,0.11342921461802154,2948.4309631823817,8279.179394077559,3938.963931086762,4340.215462990796,0.07686019586167597
38140,0.11344408667972575,3067.4814703535503,8270.712686538018,3934.0078908294495,4336.704795708569,0.07693856681034952
38145,0.11345895874142996,3178.76422556361,8262.038690369418,3926.6425120703325,4335.3961782990855,0.07701879435104117
38150,0.11347383080313418,3280.989273964583,8253.255892351242,3916.5216381918794,4336.7342541593625,0.07710043833415613
38155,0.11348870286483839,3373.0204719992535,8244.496984643572,3903.531695093046,4340.965289550526,0.077187954220401
38160,0.1135035749265426,3453.9406367967995,8235.923317387165,3887.791452406741,4348.131864980424,0.07727836750540551
38165,0.11351844698824681,3523.1028301791966,8227.71735773293,3869.6343089214483,4358.0830488114825,0.07736732814642802
38170,0.11353331904995102,3580.1605490889106,8220.073672703027,3849.575352255747,4370.49832044728,0.07745392527324833
38175,0.11354819111165523,3625.072500338594,8213.189096042415,3828.266587399947,4384.9225086424685,0.07753723345126118
38180,0.11356306317335944,3658.081500819002,8207.25280692874,3806.4444989624753,4400.808307966265,0.07761636296661654
38185,0.11357793523506365,3679.671114155901,8202.437032907479,3784.8744844181674,4417.562548489312,0.07769050590009757
38190,0.11359280729676786,3690.5071044762963,8198.888994087767,3764.296672347801,4434.592321739966,0.07778543935191375
38195,0.11360767935847207,3691.372990449564,8196.724544169687,3745.3772399378204,4451.3473042318665,0.07787413312734492
38200,0.11362255142017628,3683.1095293278477,8196.02375831164,3728.6686075155435,4467.3551507960965,0.07795611597463711
38205,0.11363742348188051,3666.566784347907,8196.828496166241,3714.5808844876137,4482.247611678627,0.07803118122206415
38210,0.11365229554358472,3642.5747527835356,8199.141761944687,3703.365778713548,4495.775983231139,0.07809926496413942
38215,0.11366716760528893,3611.9348019109466,8202.928523305465,3695.113001330423,4507.815521975042,0.07816043277121722
38220,0.11368203966699314,3575.429974432185,8208.11756336398,3689.7581531267974,4518.359410237183,0.07821486105075572
38225,0.11369691172869735,3533.8482735199977,8214.603940634512,3687.100293752568,4527.5036468819435,0.07826281522822176
38230,0.11371178379040156,3488.010030281812,8222.251720301607,3686.8269386974016,4535.424781604205,0.07830470790829705
38235,0.11372665585210577,3438.7890246547922,8230.89679974716,3688.54409092669,4542.352708820469,0.07834793544506231
38240,0.11374152791380998,3387.117602871578,8240.349850102575,3691.809015295142,4548.5408348074325,0.0784133845564125
38245,0.11375639997551419,3333.9687132050185,8250.399593873279,3696.1636892801857,4554.235904593093,0.07847903296838053
38250,0.1137712720372184,3280.3122634618403,8260.816795801155,3701.1671057003077,4559.649690100847,0.07853916704778066
38255,0.11378614409892263,3227.0487810420227,8271.359425005605,3706.424798396662,4564.934626608943,0.07859403974370865
38260,0.11380101616062684,3174.9290128818766,8281.779425673705,3711.6141063009195,4570.165319372785,0.07864385646594146
38265,0.11381588822233105,3124.472692372725,8291.83139776762,3716.503831180188,4575.327566587433,0.07868875954944383
38270,0.11383076028403526,3075.902176619912,8301.283239988234,3720.9671491299855,4580.316090858249,0.07872881629503015
38275,0.11384563234573947,3029.1063042159094,8309.92846489953,3724.9869654219815,4584.941499477549,0.07876401237477823
38280,0.11386050440744368,2983.6464421233177,8317.599502810737,3728.6533801671144,4588.946122643623,0.0787942521866581
38285,0.11387537646914789,2938.8106915470053,8324.18092979239,3732.1535329419785,4592.027396850412,0.07883978827684845
38290,0.1138902485308521,2893.714590764298,8329.621262137809,3735.7547465915495,4593.8665155462595,0.07890407697540183
38295,0.11390512059255631,2847.438763245249,8333.941829194175,3739.782493032975,4594.1593361611995,0.07896213208177448
38300,0.11391999265426052,2799.187279845645,8337.241322986732,3744.5951519648165,4592.6461710219155,0.07901372663444241
38305,0.11393486471596473,2748.4462558177156,8339.694944014745,3750.55774472682,4589.137199287925,0.07905864561503155
38310,0.11394973677766895,2695.1210900356373,8341.547589696333,3758.016762984581,4583.530826711752,0.0790967088096009
38315,0.11396460883937316,2639.6328498744315,8343.101192517224,3767.2778938519436,4575.82329866528,0.07912779166286633
38320,0.11397948090107737,2582.9591290619,8344.69700514799,3778.587939738936,4566.109065409053,0.07915184203619956
38325,0.11399435296278158,2526.6114210032,8346.694235626468,3792.1216464425884,4554.572589183879,0.07916889121670466
38330,0.1140092250244858,2472.5486861443187,8349.446858095747,3807.9735982208213,4541.473259874926,0.07921316755985065
38335,0.11402409708619,2423.034408776136,8353.28060138578,3826.1549055736114,4527.125695812169,0.07926678739779641
38340,0.11403896914789421,2380.4512062181575,8358.472037185164,3846.5941519371945,4511.877885247969,0.07931325488069935
38345,0.11405384120959842,2347.0922839166333,8365.231390755956,3869.141982315557,4496.089408440399,0.07935278367330252
38350,0.11406871327130264,2324.9521958203004,8373.690256574551,3893.5787680143712,4480.11148856018,0.07938562892005432
38355,0.11408358533300685,2315.5401288305666,8383.89490946475,3919.6248964859683,4464.270012978783,0.07941206897550238
38360,0.11409845739471106,2319.737148828325,8395.805437199484,3946.9533382092327,4448.852098990252,0.07943238649383864
38365,0.11411332945641528,2337.7146067616213,8409.300529574315,3975.204177475006,4434.096352099309,0.07944685109951609
38370,0.11412820151811949,2368.9245097649637,8424.187449314184,4004.000741846429,4420.186707467756,0.07945963698733186
38375,0.1141430735798237,2412.1646511657473,8440.216458899442,4032.966847034364,4407.249611865078,0.07951418073393514
38380,0.11415794564152791,2465.712456820929,8457.098750428791,4061.744538815793,4395.354211612998,0.07956261831304472
38385,0.11417281770323212,2527.512886309597,8474.5267005839,4090.011613961605,4384.515086622295,0.07960505513468479
38390,0.11418768976493633,2595.3985325140266,8492.195055040158,4117.498169984236,4374.696885055922,0.07964158813030026
38395,0.11420256182664054,2667.315470339061,8509.821473313492,4144.001467078702,4365.82000623479,0.07967231528579123
38400,0.11421743388834475,2741.5273005922772,8527.164793885117,4169.39845399619,4357.766339888926,0.07969734633339559
38405,0.11423230595004896,2816.7725644032353,8544.039468184512,4193.6553730977375,4350.384095086774,0.07971681239239636
38410,0.11424717801175317,2892.3569326868082,8560.324895030832,4216.833895217849,4343.490999812982,0.07973087241923588
38415,0.11426205007345738,2968.170323305798,8575.968858097907,4239.093251407511,4336.875606690396,0.07973971481711813
38420,0.11427692213516161,3044.6289422012014,8590.984876541186,4260.687865728807,4330.297010812379,0.07978849319697524
38425,0.11429179419686582,3122.5516397996,8605.443936232383,4281.960101711337,4323.4838345210455,0.07983603642026516
38430,0.11430666625857003,3202.9875916594337,8619.461674397196,4303.327950626295,4316.133723770901,0.07987831595135331
38435,0.11432153832027424,3287.017282593618,8633.182551674463,4325.267813593611,4307.914738080852,0.07991545678890073
38440,0.11433641038197845,3375.5507675320778,8646.762800429253,4348.292924711652,4298.469875717601,0.07994755942157647
38445,0.11435128244368266,3469.1463380834475,8660.353964693692,4372.928365635746,4287.425599057946,0.07997468880063163
38450,0.11436615450538687,3567.8694849674002,8674.08866346537,4399.683964687654,4274.4046987777165,0.0799968656808227
38455,0.11438102656709108,3671.2070049562635,8688.069863230967,4429.026602192004,4259.043261038963,0.08001406081514624
38460,0.11439589862879529,3778.0448906220718,8702.36450086709,4461.3535325670455,4241.010968300045,0.08002619203239025
38465,0.1144107706904995,3886.711885166742,8717.001818367908,4496.968287397968,4220.033530969939,0.08003312386806473
38470,0.11442564275220371,3995.0838710374337,8731.97630973564,4536.060570253557,4195.915739482084,0.08006430485145383
38475,0.11444051481390793,4100.7381272730945,8747.254775992547,4578.691331634765,4168.563444357782,0.08010353191761545
38480,0.11445538687561214,4201.1414234066315,8762.786659142492,4624.783955646611,4138.002703495881,0.08013663623318941
38485,0.11447025893731635,4293.852363154622,8778.516590023337,4674.122219331559,4104.394370691778,0.08016336052931027
38490,0.11448513099902057,4376.716754312626,8794.397939095888,4726.355405075186,4068.042534020702,0.08018342494813026
38495,0.11450000306072478,4448.0353837356815,8810.406098118114,4781.010648470278,4029.3954496478354,0.08019652820483515
38500,0.11451487512242899,4506.686548515651,8826.550236714338,4837.512277303755,3989.0379594105834,0.08020234871354906
38505,0.1145297471841332,4552.190848138796,8842.88236497189,4895.207534942103,3947.6748300297877,0.0802005462051181
38510,0.1145446192458374,4584.712492764626,8859.502690612035,4953.397683971847,3906.1050066401876,0.08019076442493386
38515,0.11455949130754162,4604.99880426822,8876.560492207125,5011.373063777386,3865.187428429739,0.08017263538129217
38520,0.11457436336924583,4614.26660252678,8894.250045256937,5068.450250937105,3825.7997943198316,0.08014578532816152
38525,0.11458923543095004,4614.049806067036,8912.801535332437,5124.009083595502,3788.7924517369356,0.0801488450225883
38530,0.11460410749265426,4606.0261673173745,8932.467354194603,5177.527022680719,3754.9403315138843,0.08014768912527778
38535,0.11461897955435847,4591.842333337774,8953.504659601183,5228.608218058535,3724.896441542648,0.08013800078032461
38540,0.11463385161606268,4572.955450232799,8976.155524889831,5277.004816840816,3699.1507080490155,0.08011946286800178
38545,0.11464872367776689,4550.506643327307,9000.6263380729,5322.628560526654,3677.9977775462457,0.08009177623124954
38550,0.1146635957394711,4525.237388913032,9027.068268457851,5365.551572568722,3661.5166958891296,0.08005466434183296
38555,0.11467846780117531,4497.454616568956,9055.56056483641,5405.99635435237,3649.564210484041,0.08000787674155938
38560,0.11469333986287952,4467.044954164145,9086.098185217787,5444.316211944369,3641.781973273418,0.079951191388168
38565,0.11470821192458373,4433.533453752532,9118.584825149705,5480.9683994835605,3637.616425666144,0.07988441624066867
38570,0.11472308398628794,4396.17794763178,9152.831880639962,5516.482965733328,3636.3489149066345,0.07980739047209755
38575,0.11473795604799215,4354.087274790322,9188.563335943574,5551.430480502855,3637.132855440719,0.07973999922800903
38580,0.11475282810969636,4306.350196913519,9225.42608467003,5586.391472805336,3639.034611864695,0.07969200363132595
38585,0.11476770017140059,4252.161896718279,9263.004834303776,5621.929640691143,3641.0751936126335,0.07963468429879973
38590,0.1147825722331048,4190.936340678571,9300.840539775723,5658.569901311711,3642.2706384640123,0.07956795256257818
38595,0.11479744429480901,4122.395172665491,9338.451258581807,5696.781382904771,3641.6698756770356,0.07949174441984667
38600,0.11481231635651322,4046.6267857215107,9375.354384690161,5736.964727246496,3638.389657443665,0.07940601924919925
38605,0.11482718841821743,3964.1123897421157,9411.089345721559,5779.442692168231,3631.646653553328,0.07931075777099067
38610,0.11484206047992164,3875.7189036239743,9445.239975377452,5824.453030228178,3620.7869451492734,0.07920595911452406
38615,0.11485693254162585,3782.66109584291,9477.455848677973,5872.142889301147,3605.3129593768263,0.07909163702813772
38620,0.11487180460333006,3686.4374260612203,9507.471863967778,5922.564399730185,3584.9074642375926,0.07896781549792402
38625,0.11488667666503427,3588.745447376331,9535.125277343053,5975.671544172892,3559.4537331701613,0.0788345242750412
38630,0.11490154872673848,3491.3834484421786,9560.36927653044,6031.318749750801,3529.0505267796398,0.0787171032492411
38635,0.11491642078844269,3396.1453610167446,9583.282076471123,6089.261848649883,3494.02022782124,0.07861676902592397
38640,0.11493129285014692,3304.715998466162,9604.070487623098,6149.1621184095075,3454.90836921359,0.0785080820515798
38645,0.11494616491185113,3218.5735892503326,9623.067001224803,6210.5940550111,3412.472946213703,0.07839105284581972
38650,0.11496103697355534,3138.906414281456,9640.719684195114,6273.057369863959,3367.6623143311544,0.07826569389385311
38655,0.11497590903525955,3066.5501046268473,9657.574583354968,6335.9934453974065,3321.5811379575616,0.07813201909459139
38660,0.11499078109696376,3001.9516265783714,9674.250879154832,6398.8061361050995,3275.444743049732,0.07799004297664877
38665,0.11500565315866797,2945.164920207403,9691.409652865119,6460.886371227659,3230.52328163746,0.07783977931155672
38670,0.11502052522037218,2895.881336863338,9709.717771978989,6521.639529844861,3188.0782421341282,0.07768397655218033
38675,0.11503539728207639,2853.4953412141604,9729.8089842252,6580.514073638872,3149.294910586327,0.07752080108904139
38680,0.1150502693437806,2817.2025010694215,9752.244773463943,6637.029515310276,3115.2152581536666,0.07734946360374016
38685,0.11506514140548481,2786.122891698392,9777.47781391117,6690.801560176088,3086.6762537350814,0.07716996191751595
38690,0.11508001346718902,2759.4391811963606,9805.820919130723,6741.562262182199,3064.258656948524,0.07698227594231137
38695,0.11509488552889324,2736.5354502364908,9837.42418948796,6789.173325515036,3048.250863972924,0.07682291065567261
38700,0.11510975759059745,2717.120879066072,9872.262602115627,6833.631248082842,3038.6313540327847,0.07666572476820249
38705,0.11512462965230166,2701.322380148825,9910.13556622429,6875.06377377569,3035.0717924486,0.07650413411033469
38710,0.11513950171400587,2689.732431221445,9950.679015993504,6913.717980978692,3036.9610350148123,0.07633521608400914
38715,0.11515437377571008,2683.402792605826,9993.389499448316,6949.941149737047,3043.4483497112687,0.07615887389767989
38720,0.1151692458374143,2683.7810569734856,10037.658548239153,6984.1561959888095,3053.5023522503434,0.07597503161698617
38725,0.1151841178991185,2692.5942305224535,10082.814516648836,7016.83385509081,3065.9806615580255,0.07578422857521347
38730,0.11519898996082271,2711.6906355669244,10128.168212515766,7048.463909519593,3079.7043029961733,0.07558740358915018
38735,0.11521386202252692,2742.8571571807197,10173.058154404836,7079.527611234831,3093.5305431700053,0.07538300571135159
38740,0.11522873408423114,2787.632254870393,10216.891285164518,7110.473110155457,3106.418175009061,0.07517109602919801
38745,0.11524360614593535,2847.135693815576,10259.175490138756,7141.6952455929995,3117.4802445457562,0.07495179128286227
38750,0.11525847820763957,2921.933632607027,10299.541260344355,7173.520561931168,3126.0206984131864,0.07472526058940543
38755,0.11527335026934378,3011.953054224411,10337.751172999182,7206.197928097716,3131.5532449014663,0.0744917175900154
38760,0.11528822233104799,3116.4534189348115,10373.697336966587,7239.8947019111765,3133.80263505541,0.07425140842071423
38765,0.1153030943927522,3234.056871536026,10407.388347038794,7274.697993096238,3132.6903539425557,0.07400459624316265
38770,0.11531796645445641,3362.832298951438,10438.928405741986,7310.620241310327,3128.308164431659,0.07386815334367496
38775,0.11533283851616062,3500.4237059404086,10468.491958839333,7347.608041700678,3120.8839171386553,0.07399601145490056
38780,0.11534771057786483,3644.2101054700734,10496.29738540882,7385.552940551696,3110.744444857123,0.07406036851167286
38785,0.11536258263956904,3791.4824046056765,10522.583003550657,7424.302825446281,3098.2801781043763,0.07407343553887993
38790,0.11537745470127325,3939.6223542870484,10547.587986977318,7463.672593369246,3083.915393608072,0.07421351901133481
38795,0.11539232676297746,4086.269179994404,10571.539869068663,7503.453028649883,3068.0868404187804,0.07432459166133036
38800,0.11540719882468167,4229.460757399378,10594.649287242433,7543.417257654333,3051.2320295881,0.07436354353305276
38805,0.1154220708863859,4367.738062357256,10617.111627550014,7583.32471556036,3033.786911989653,0.07432070694541337
38810,0.11543694294809011,4500.204205508649,10639.114372602344,7622.923160136983,3016.191212465361,0.07446618530412788
38815,0.11545181500979432,4626.532816331526,10660.848302615961,7661.9497658695445,2998.8985367464165,0.0745600272503208
38820,0.11546668707149853,4746.924907724981,10682.520281991554,7700.132601044111,2982.387680947443,0.07457207900924977
38825,0.11548155913320274,4862.0183917666745,10704.365190172985,7737.193744650581,2967.1714455224037,0.07449166007230476
38830,0.11549643119490695,4972.759564611569,10726.654621081492,7772.854926487314,2953.7996945941786,0.07464408545334397
38835,0.11551130325661116,5080.250336214845,10749.700272356426,7806.845944064418,2942.8543282920073,0.07471714671398039
38840,0.11552617531831537,5185.587931638432,10773.850463729314,7838.915367350611,2934.935096378703,0.07469923408005597
38845,0.11554104738001958,5289.714639785652,10799.478943435055,7868.8423676319235,2930.6365758031316,0.07466598840157382
38850,0.11555591944172379,5393.293731884767,10826.966021437396,7896.448070116383,2930.5179513210132,0.07479885843612226
38855,0.115570791503428,5496.624150221211,10856.673036332957,7921.60474490178,2935.0682914311774,0.07484455778387585
38860,0.11558566356513222,5599.601559101011,10888.912114913424,7944.241442743985,2944.670672169439,0.07479064584363866
38865,0.11560053562683643,5701.727621955079,10923.913994435645,7964.345281006056,2959.5687134295886,0.07478676468346998
38870,0.11561540768854064,5802.163712058209,10961.797222439578,7981.958346672981,2979.838875766597,0.07489722695851365
38875,0.11563027975024485,5899.820376674843,11002.54222723344,7997.170928990121,3005.371298243319,0.07491358130153869
38880,0.11564515181194907,5993.470297296919,11045.973510164627,8010.112360548893,3035.8611496157346,0.0749544988759198
38885,0.11566002387365328,6081.87057873513,11091.75255413773,8020.9410251835625,3070.8115289541684,0.07493398772848234
38890,0.11567489593535749,6163.880108934918,11139.383038264055,8029.83505428652,3109.5479839775353,0.07487443360956747
38895,0.1156897679970617,6238.559388313166,11188.228715344681,8036.984924849407,3151.243790495274,0.07495319275366648
38900,0.1157046400587659,6305.243328278255,11237.54300267338,8042.588687587838,3194.9543150855416,0.07497849674577343
38905,0.11571951212047012,6363.581553908827,11286.508127281062,8046.850003500475,3239.6581237805867,0.07489908320268325
38910,0.11573438418217433,6413.545073865055,11334.280713125716,8049.97865075006,3284.3020623756556,0.07478863192252524
38915,0.11574925624387855,6455.402148015319,11380.040121934568,8052.192749605853,3327.8473723287143,0.0748693582746619
38920,0.11576412830558276,6489.669259411807,11423.035724843861,8053.721677791301,3369.3140470525605,0.07485051343130084
38925,0.11577900036728697,6517.044978712736,11462.629580353481,8054.808523339519,3407.8210570139627,0.07471856709948681
38930,0.11579387242899118,6538.335155334784,11498.331646918918,8055.710943843209,3442.6207030757087,0.0747509412268621
38935,0.11580874449069539,6554.377460753411,11529.82553361148,8056.69945995251,3473.12607365897,0.07480306480451224
38940,0.1158236165523996,6565.972151385276,11556.983734358144,8058.052493991197,3498.9312403669473,0.074748928153293
38945,0.11583848861410381,6573.82434026066,11579.872157174068,8060.047853985505,3519.824303188563,0.07463363854072529
38950,0.11585336067580802,6578.501346795365,11598.744450083917,8062.950831882423,3535.7936182014946,0.07472489427989949
38955,0.11586823273751223,6580.407032613997,11614.027101861182,8066.999589416328,3547.0275124448544,0.07475670417153152
38960,0.11588310479921644,6579.773556510714,11626.296579927603,8072.388983466911,3553.907596460692,0.07467672422136573
38965,0.11589797686092065,6576.669765148452,11636.249922144796,8079.254356274678,3556.9955658701183,0.07460121249038994
38970,0.11591284892262488,6571.024506607604,11644.670297267132,8087.657003664573,3557.0132936025593,0.07462407864066083
38975,0.11592772098432909,6562.662500282086,11652.389145470255,8097.572976481531,3554.816168988724,0.07464421722446164
38980,0.1159425930460333,6551.34997194995,11660.24662301225,8108.886553160885,3551.3600698513646,0.07463116739714944
38985,0.11595746510773751,6536.846997447436,11669.052180665145,8121.389193569655,3547.6629870954903,0.07452657250412935
38990,0.11597233716944172,6518.963321548071,11679.547154149099,8134.78415356691,3544.7630005821884,0.07452688642123322
38995,0.11598720923114593,6497.614286338803,11692.371183297513,8148.696346260744,3543.6748370367695,0.07460369225585892
39000,0.11600208129285014,6472.873413566408,11708.034072877786,8162.686609345102,3545.3474635326847,0.07457506108940726
39005,0.11601695335455435,6445.0181768982,11726.894365279459,8176.269354382025,3550.6250108974336,0.07442907000997104
39010,0.11603182541625856,6414.565628017861,11749.145452998997,8188.932628743941,3560.212824255056,0.07454189479057072
39015,0.11604669747796277,6382.294843730468,11774.809578617407,8200.159829796527,3574.6497488208806,0.07459057280243878
39020,0.11606156953966698,6349.253640113911,11803.739615820905,8209.452539923035,3594.2870758978697,0.07452819081487623
39025,0.1160764416013712,6316.747622782755,11835.628144745493,8216.354066267213,3619.27407847828,0.07441065442551587
39030,0.11609131366307542,6286.31038510486,11870.023051026032,8220.473186566876,3649.5498644591553,0.07453760041719269
39035,0.11610618572477963,6259.654554582521,11906.348687607042,8221.50732028891,3684.8413673181312,0.07456176411614253
39040,0.11612105778648384,6238.6045097804235,11943.931522365921,8219.263944163964,3724.6675782019574,0.07447139060612101
39045,0.11613592984818805,6225.013048912086,11982.029127163683,8213.678689725555,3768.350437438128,0.07436717554614289
39050,0.11615080190989226,6220.666106516874,12019.861322699153,8204.828341815255,3815.032980883898,0.07447647849374228
39055,0.11616567397159647,6227.181629116522,12056.642264602704,8192.93700585973,3863.7052587429735,0.07448063307244461
39060,0.11618054603330068,6245.910573738764,12091.612236777019,8178.374063819864,3913.2381729571543,0.07436903073653964
39065,0.11619541809500489,6277.849195124192,12124.067915077292,8161.643156622557,3962.4247584547347,0.07427238140525821
39070,0.1162102901567091,6323.571874664794,12153.389892148061,8143.362222508677,4010.027669639384,0.07436815908541754
39075,0.11622516221841331,6383.192443044831,12179.066329055853,8124.235468236485,4054.8308608193684,0.07435842674390418
39080,0.11624003428011753,6456.359280349599,12200.71173521179,8105.018937233548,4095.6927979782413,0.07423860122490052
39085,0.11625490634182174,6542.285765999357,12218.08008203248,8086.481968139748,4131.598113892733,0.07415471226690054
39090,0.11626977840352595,6639.813448168017,12231.071725791313,8069.367237262723,4161.7044885285895,0.0742494188454411
39095,0.11628465046523016,6747.50126853991,12239.733939412978,8054.352205101421,4185.381734311557,0.07425085882761519
39100,0.11629952252693437,6863.730955598677,12244.255210954558,8042.014625343603,4202.240585610954,0.07414883901726713
39105,0.11631439458863858,6986.816803079507,12244.953829938224,8032.804342829076,4212.149487109148,0.07408591454537124
39110,0.1163292666503428,7115.107781183963,12242.261616864756,8027.022960498952,4215.238656365805,0.07416420623396784
39115,0.116344138712047,7247.07131948836,12236.703917530247,8024.812185300202,4211.891732230045,0.07414709249317096
39120,0.11635901077375121,7381.350904584233,12228.877144930264,8026.150884001561,4202.726260928703,0.07402779197449062
39125,0.11637388283545542,7516.793364096824,12219.425179871707,8030.860207405137,4188.56497246657,0.07392878024655691
39130,0.11638875489715964,7652.44573390903,12209.015828718117,8038.615665070097,4170.40016364802,0.07399526469834322
39135,0.11640362695886386,7787.525294662733,12198.318300968635,8048.964794008691,4149.353506959944,0.07396771451861109
39140,0.11641849902056807,7921.369219027525,12187.982355157561,8061.349049425359,4126.633305732202,0.0738405815274237
39145,0.11643337108227228,8053.372023083645,12178.619430731038,8075.1286920533685,4103.4907386776695,0.07374984988250317
39150,0.11644824314397649,8182.919639085945,12170.785800058598,8089.609668913789,4081.176131144809,0.07380992158281208
39155,0.1164631152056807,8309.328580658243,12164.967588388523,8104.0716976561325,4060.8958907323904,0.07377843174010831
39160,0.11647798726738491,8431.797586254786,12161.567444490105,8117.79690643276,4043.770538057345,0.07365074933235677
39165,0.11649285932908912,8549.377501064868,12160.892696734956,8130.098420609871,4030.794276125085,0.07356625789147941
39170,0.11650773139079333,8660.963111715673,12163.144971648011,8140.3482244270235,4022.7967472209875,0.07362496120651556
39175,0.11652260345249754,8765.308253603285,12168.41144508172,8148.003483856479,4020.407961225241,0.07359510876109829
39180,0.11653747551420175,8861.062877143073,12176.658099425194,8152.63033626193,4024.0277631632644,0.07347267647157328
39185,0.11655234757590596,8946.828119327065,12187.725538900018,8153.923982860962,4033.801556039057,0.07331512814186898
39190,0.11656721963761019,9021.22315420081,12201.328043009042,8151.723816567806,4049.6042264412354,0.07337841739803966
39195,0.1165820916993144,9082.956127468211,12217.056596235005,8146.022334257409,4071.0342619775956,0.07335639152588752
39200,0.11659696376101861,9130.891166137175,12234.386603865114,8136.966761418527,4097.419842446587,0.07325497426965107
39205,0.11661183582272282,9164.104407846942,12252.690873935411,8124.852677181415,4127.838196753996,0.07310664801348857
39210,0.11662670788442703,9181.924021755807,12271.25820144518,8110.109453172441,4161.148748272739,0.07316339017300787
39215,0.11664157994613124,9183.95183857819,12289.317530592618,8093.277957883871,4196.039572708747,0.07314443812059705
39220,0.11665645200783545,9170.066893805033,12306.067209050289,8074.98164852925,4231.085560521038,0.0730472355045277
39225,0.11667132406953966,9140.413384755435,12320.70832436062,8055.892783172688,4264.815541187932,0.07287463389749724
39230,0.11668619613124387,9095.37689689307,12332.480588762302,8036.695955673555,4295.784633088748,0.07293490313339336
39235,0.11670106819294808,9035.553156185111,12340.698792441197,8018.051427463224,4322.647364977973,0.07292205374672783
39240,0.11671594025465229,8961.71313143015,12344.787553756412,8000.560776088021,4344.226777668391,0.07283426351623432
39245,0.11673081231635651,8874.76733457722,12344.31201844985,7984.737199984772,4359.574818465077,0.07267259581467704
39250,0.11674568437806072,8775.731022381788,12339.002325892287,7970.98243073977,4368.019895152516,0.07269262070452823
39255,0.11676055643976493,8665.691047056778,12328.770056758538,7959.571641394215,4369.198415364323,0.07269289006554841
39260,0.11677542850146914,8545.774585711575,12313.715452752514,7950.647049405361,4363.068403347153,0.07262174389554026
39265,0.11679030056317335,8417.119972057408,12294.124878201634,7944.220158325678,4349.904719875955,0.07250028926195953
39270,0.11680517262487757,8280.850242600103,12270.458689090436,7940.181840372877,4330.276848717559,0.07249847345369444
39275,0.11682004468658178,8138.0505292625,12243.330309517927,7938.318816844119,4305.011492673808,0.07251476906517697
39280,0.11683491674828599,7989.750765920091,12213.477832801125,7938.334621774713,4275.143211026412,0.07246884825859144
39285,0.1168497888099902,7836.915081128512,12181.72983660563,7939.872890076706,4241.856946528923,0.07236194029077662
39290,0.1168646608716944,7680.438644380838,12148.967326865744,7942.540814006577,4206.426512859167,0.07232049908362267
39295,0.11687953293339862,7521.151744895981,12116.083820072781,7945.9308441110115,4170.15297596177,0.07234805049991583
39300,0.11689440499510284,7359.829796298796,12083.94556142111,7949.63912683515,4134.306434585959,0.0723162126130094
39305,0.11690927705680705,7197.207113113032,12053.353778369661,7953.279708248299,4100.074070121362,0.07222679493914363
39310,0.11692414911851126,7033.99194771605,12025.010698448987,7956.494124423105,4068.5165740258817,0.07217885384015645
39315,0.11693902118021547,6870.880484375755,11999.49082108701,7958.9565787750635,4040.5342423119473,0.07222098848703706
39320,0.11695389324191968,6708.568143852532,11977.218626997583,7960.375415761445,4016.843211236138,0.07220646201985902
39325,0.11696876530362389,6547.757416119384,11958.453540337588,7960.491987130096,3997.961553207492,0.07213743104020072
39330,0.1169836373653281,6389.162253238522,11943.28254439711,7959.0782316738405,3984.20431272327,0.07206872708844611
39335,0.11699850942703231,6233.509637989942,11931.620420356245,7955.934329333274,3975.6860910229707,0.07212719921382839
39340,0.11701338148873652,6081.539224187793,11923.217170060994,7950.88764417452,3972.3295258864746,0.07213141542449186
39345,0.11702825355044073,5934.001929423945,11917.671839496645,7943.793858980932,3973.877980515713,0.07208371318521999
39350,0.11704312561214494,5791.658088843569,11914.45171337903,7934.54076626187,3979.9109471171605,0.07207875894084194
39355,0.11705799767384917,5655.27529164945,11912.915720628609,7923.0546681473315,3989.8610524812775,0.07217954200317851
39360,0.11707286973555338,5525.625383430355,11912.34087287782,7909.30881006349,4003.03206281433,0.07231347516018884
39365,0.11708774179725759,5403.479446242389,11911.950632203978,7893.332793170887,4018.6178390330906,0.07245904536706606
39370,0.1171026138589618,5289.599053522987,11910.944235144085,7875.221542608938,4035.722692535147,0.07257985203821346
39375,0.11711748592066601,5184.721956320994,11908.52614722159,7855.142213318182,4053.3839339034075,0.07268205629993028
39380,0.11713235798237022,5089.540758093846,11903.934947414276,7833.337439812359,4070.5975076019176,0.07277100533337767
39385,0.11714723004407443,5004.6741131491,11896.47101643758,7810.123601725483,4086.347414712096,0.072911523592384
39390,0.11716210210577864,4930.631409657839,11885.5224125222,7785.883265762091,4099.639146760109,0.07303258812088047
39395,0.11717697416748285,4867.773505324595,11870.588268334624,7761.051617573308,4109.536650761316,0.07313495114989159
39400,0.11719184622918706,4816.273539187908,11851.298956188823,7736.097420601284,4115.201535587538,0.07322370087170724
39405,0.11720671829089127,4776.082829421758,11827.432184079906,7711.499724073261,4115.932460006645,0.07332313532997686
39410,0.1172215903525955,4746.90714742903,11798.92414666623,7687.722086562169,4111.20206010406,0.07344361723517814
39415,0.1172364624142997,4728.1981114060945,11765.87490232924,7665.186408396577,4100.688493932664,0.07354513481405038
39420,0.11725133447600392,4719.163072669988,11728.547302580117,7644.248536272545,4084.298766307572,0.07363265972254542
39425,0.11726620653770813,4718.794805267784,11687.359063448232,7625.177617147021,4062.1814463012106,0.07371013896192997
39430,0.11728107859941234,4725.919802077999,11642.867918209267,7608.140772326817,4034.7271458824507,0.07381224485469814
39435,0.11729595066111655,4739.261379997361,11595.750190836035,7593.194101871822,4002.556088964214,0.07391233208654624
39440,0.11731082272282076,4757.511514938013,11546.773540046404,7580.280398661836,3966.493141384568,0.07399817903455883
39445,0.11732569478452497,4779.40376392669,11496.76500979522,7569.233342520201,3927.5316672750178,0.07407391166146716
39450,0.11734056684622918,4803.779084068485,11446.575855881703,7559.78744116694,3886.7884147147633,0.07414264130101186
39455,0.11735543890793339,4829.636942750036,11397.044877406564,7551.592644911444,3845.4522324951204,0.07422808777290753
39460,0.1173703109696376,4856.165737294867,11348.962143829714,7544.232406616762,3804.7297372129524,0.07431279441170517
39465,0.11738518303134182,4882.748932734084,11303.035049923154,7537.243967863675,3765.791082059479,0.07438770172490099
39470,0.11740005509304603,4908.946113659016,11259.858531390699,7530.139775439685,3729.718755951014,0.07445628844391203
39475,0.11741492715475024,4934.4509647357245,11219.891024042869,7522.4291050201255,3697.461919022743,0.0745210957153833
39480,0.11742979921645445,4959.030757492054,11183.4373604498,7513.6391323718735,3669.798228077926,0.07458383004628276
39485,0.11744467127815866,4982.454041409537,11150.639306489815,7503.334806592614,3647.304499897201,0.0746479507459204
39490,0.11745954333986287,5004.414785001574,11121.473904897493,7491.136928502398,3630.336976395095,0.07471792911618215
39495,0.11747441540156708,5024.462052492736,11095.759283075344,7476.737826512049,3619.021456563295,0.07478538004283077
39500,0.1174892874632713,5041.944261115482,11073.167161523459,7459.913976844615,3613.2531846788443,0.07485231316843116
39505,0.1175041595249755,5055.975972998564,11053.241008931926,7440.534874138491,3612.706134793434,0.07492000097222126
39510,0.11751903158667971,5065.432969268824,11035.41864103521,7418.567469650772,3616.851171384438,0.07498914698740775
39515,0.11753390364838393,5068.978182997447,11019.058032862475,7394.075603406272,3624.982429456202,0.07506005646994122
39520,0.11754877571008815,5065.11734265453,11003.465167606035,7367.214093589755,3636.2510740162797,0.07513278420943754
39525,0.11756364777179236,5052.279504875967,10987.922834077106,7338.2175109140035,3649.7053231631025,0.07520724438145002
39530,0.11757851983349657,5028.9146720154,10971.719372303533,7307.384119399706,3664.3352529038266,0.07528327740812352
39535,0.11759339189520078,4993.598870557038,10954.176436203888,7275.055937217422,3679.1204989864664,0.07536067712217921
39540,0.11760826395690499,4945.1365858414565,10934.674896559723,7241.596277241524,3693.0786193181993,0.07543918709674989
39545,0.1176231360186092,4882.651164379285,10912.678063698426,7207.366393901309,3705.3116697971172,0.07556218074999507
39550,0.11763800808031341,4805.655353185999,10887.751486941428,7172.702951757223,3715.0485351842053,0.07574930677032948
39555,0.11765288014201762,4714.096146044875,10859.578698602072,7137.897945351244,3721.6807532508283,0.07591890348187168
39560,0.11766775220372183,4608.370250332073,10827.972412209774,7103.182476255062,3724.789935954712,0.0760851311841344
39565,0.11768262426542604,4489.308638244736,10792.880843506431,7068.7154816553475,3724.1653618510836,0.07630541432189522
39570,0.11769749632713025,4358.130797136469,10754.388979495512,7034.578149954964,3719.810829540548,0.07651035712474828
39575,0.11771236838883448,4216.371479925791,10712.714761619689,7000.774372525567,3711.940389094122,0.07669762738579275
39580,0.11772724045053869,4065.784963246455,10668.200273235037,6967.237168931045,3700.9631043039926,0.0768652197544224
39585,0.1177421125122429,3908.2339308251094,10621.29814296585,6933.840585133548,3687.457557832302,0.077011446652149
39590,0.11775698457394711,3745.5718947587266,10572.55351770198,6900.416114059032,3672.137403642947,0.0771885615482247
39595,0.11777185663565132,3579.5292684057713,10522.58214272954,6866.772262192574,3655.8098805369655,0.07738873255148965
39600,0.11778672869735553,3411.6135361845136,10472.045317572063,6832.715539639404,3639.3297779326595,0.07756953973200498
39605,0.11780160075905974,3243.033221815779,10421.622756304887,6798.070942419876,3623.551813885011,0.0777294521313231
39610,0.11781647282076395,3074.653462593851,10371.984628048489,6762.699967584234,3609.2846604642546,0.07786720379446459
39615,0.11783134488246816,2906.9880502616243,10323.764229818533,6726.514370349668,3597.249859468865,0.07799111897803084
39620,0.11784621694417237,2740.2290805825996,10277.5327943916,6689.4842265201905,3588.0485678714094,0.07818185607365943
39625,0.11786108900587658,2574.3113037172416,10233.777824672145,6651.639372094429,3582.1384525777157,0.07835284325654315
39630,0.1178759610675808,2409.0044170025385,10192.886071117751,6613.063914226603,3579.8221568911486,0.0785030446874141
39635,0.11789083312928501,2244.0234125995858,10155.131865123685,6573.8841975025125,3581.2476676211727,0.07863161561250068
39640,0.11790570519098922,2079.1450926998123,10120.671053380524,6534.251313024051,3586.419740356472,0.07873787987534822
39645,0.11792057725269343,1914.3182121446744,10089.540322957751,6494.319888572237,3595.2204343855146,0.0788996695687393
39650,0.11793544931439764,1749.7554123865384,10061.661333582912,6454.22541569453,3607.4359178883815,0.07906285446422938
39655,0.11795032137610185,1585.9970141423564,10036.848827552429,6414.0626687932545,3622.786158759174,0.07920645161431485
39660,0.11796519343780607,1423.9395844911232,10014.821783297051,6373.867780307317,3640.9540029897344,0.07932978741683717
39665,0.11798006549951028,1264.825697351036,9995.216701769528,6333.606218498597,3661.6104832709316,0.07943229493167836
39670,0.11799493756121449,1110.195160197267,9977.602233443164,6293.168286369243,3684.4339470739205,0.07956606300723999
39675,0.1180098096229187,961.8018586620601,9961.494529433134,6252.3728956820805,3709.121633751053,0.079724620273995
39680,0.1180246816846229,821.5039131800013,9946.372897191377,6210.979390323746,3735.393506867631,0.07986444429111994
39685,0.11803955374632713,691.1376674339726,9931.695529696804,6168.706243910958,3762.9892857858467,0.07998480759254557
39690,0.11805442580803134,572.3877897728662,9916.915233068905,6125.254677268104,3791.6605558008005,0.08008510910043848
39695,0.11806929786973555,466.6662258889892,9901.495181071641,6080.3347376935935,3821.1604433780476,0.08019530164699033
39700,0.11808416993143976,375.011819299767,9884.924760055388,6033.691206643625,3851.233553411763,0.08034737453862813
39705,0.11809904199314397,298.020226859544,9866.73552453383,5985.126851036687,3881.6086734971423,0.08048067587064747
39710,0.11811391405484818,235.81056969114616,9846.517161211374,5934.520952746918,3911.996208464456,0.08059458196407797
39715,0.11812878611655239,188.03145474168468,9823.933169635855,5881.841657587035,3942.09151204882,0.08068866339005527
39720,0.1181436581782566,153.9050085185345,9798.735735661558,5827.151386245093,3971.5843494164646,0.08077664280701399
39725,0.11815853023996081,132.30381649560059,9770.77903619703,5770.605259761696,4000.173776435333,0.08091674280103402
39730,0.11817340230166502,121.8525554382677,9740.030014435863,5712.44314163374,4027.5868728021223,0.08103813866757341
39735,0.11818827436336923,121.04396005316903,9706.575549607187,5652.976433730881,4053.5991158763063,0.08114057253597488
39740,0.11820314642507346,128.3577812366275,9670.62495333896,5592.571141435424,4078.0538119035364,0.08122400434993497
39745,0.11821801848677767,142.37162191893003,9632.506880110093,5531.628910885768,4100.877969224325,0.08129101752378134
39750,0.11823289054848188,161.85386640020806,9592.660043771926,5470.567716059853,4122.092327712073,0.08141549658546264
39755,0.11824776261018609,185.8310975039367,9551.617561915957,5409.803635467254,4141.813926448703,0.08152233649356976
39760,0.1182626346718903,213.6250867835106,9509.985258524895,5349.734740855336,4160.2505176695595,0.08161172759914165
39765,0.11827750673359451,244.85730917469846,9468.414782619295,5290.727597046543,4177.687185572751,0.08168403852127293
39770,0.11829237879529872,279.4217108862995,9427.572884761441,5233.106350130985,4194.4665346304555,0.0817397921237877
39775,0.11830725085700293,317.42899195816426,9388.108582038485,5177.143979896116,4210.964602142369,0.08184528646700828
39780,0.11832212291870714,359.12788408070537,9350.620198891389,5123.055108394739,4227.56509049665,0.08193886355902189
39785,0.11833699498041135,404.8107662203056,9315.624375258125,5070.98983103996,4244.634544218165,0.08201729437725783
39790,0.11835186704211556,454.71238063698456,9283.529077043237,5021.02833628509,4262.500740758147,0.08208114072359775
39795,0.11836673910381978,508.91123805699226,9254.612428325056,4973.176504444549,4281.435923880506,0.08213103343943635
39800,0.118381611165524,567.2433461159426,9229.008820186578,4927.36308866645,4301.645731520129,0.08221782743678277
39805,0.1183964832272282,629.2370154855489,9206.703258971089,4883.439351703119,4323.263907267969,0.0823004255189468
39810,0.11841135528893242,694.075673210441,9187.534332717954,4841.182075952549,4346.352256765405,0.08237004159873589
39815,0.11842622735063663,760.5929857472411,9171.205549223043,4800.3006616374605,4370.904887585582,0.0824272262863092
39820,0.11844109941234084,827.3014479144513,9157.304193796306,4760.448621837398,4396.8555719589085,0.08247256380765852
39825,0.11845597147404505,892.4522811586794,9145.32633228568,4721.239259075902,4424.087073209778,0.08253118542353684
39830,0.11847084353574926,954.121355689861,9134.706198069865,4682.264767523446,4452.44143054642,0.082603717850828
39835,0.11848571559745347,1010.3132142772238,9124.847983023226,4643.117540892605,4481.730442130622,0.0826650037354072
39840,0.11850058765915768,1059.0733976108013,9115.158008740975,4603.412149183121,4511.745859557854,0.08271554727717703
39845,0.11851545972086189,1098.598387824367,9105.075367550606,4562.806319025804,4542.269048524801,0.08275587003347427
39850,0.11853033178256611,1127.3327852299199,9094.099357060131,4521.019324597242,4573.080032462889,0.08278650534485164
39855,0.11854520384427032,1144.044889308997,9081.812343685295,4477.846453324442,4603.965890360852,0.08283788506309779
39860,0.11856007590597453,1147.8745504295684,9067.897039517833,4433.168612967241,4634.728426550592,0.08289101696980257
39865,0.11857494796767874,1138.3506341014918,9052.147534300615,4386.956635840951,4665.190898459664,0.08293461633730335
39870,0.11858982002938295,1115.379126888628,9034.473775965807,4339.270343952336,4695.203432013472,0.08296905533812454
39875,0.11860469209108716,1079.2061637402603,9014.899537240884,4290.25289976748,4724.646637473405,0.08299468929643311
39880,0.11861956415279137,1030.3625181716243,8993.554245692872,4240.1213279509375,4753.432917741935,0.08301184440630449
39885,0.11863443621449558,969.5970732941478,8970.659390498375,4189.154320539826,4781.505069958549,0.08304419509285015
39890,0.1186493082761998,897.8065154853193,8946.5105406977,4137.678519778197,4808.832020919503,0.08307946206411806
39895,0.118664180337904,815.967284352495,8921.456292386792,4086.0544159995416,4835.401876387251,0.08310582756453207
39900,0.11867905239960821,725.0741498717034,8895.875670529484,4034.6628227203933,4861.212847809091,0.08312348843934989
39905,0.11869392446131244,626.0881412743074,8870.155606061093,3983.8926282750194,4886.262977786073,0.0831326225614274
39910,0.11870879652301665,519.8952564831061,8844.670060467091,3934.1302125712677,4910.539847895823,0.08313337992890824
39915,0.11872366858472086,407.27657376344905,8819.762167634619,3885.750606297136,4934.011561337483,0.08314341463665087
39920,0.11873854064642507,288.8900234930352,8795.730422613971,3839.110207808311,4956.62021480566,0.08315925205481393
39925,0.11875341270812928,165.2639888291742,8772.819511292337,3794.5407017641724,4978.278809528165,0.08316637550287687
39930,0.11876828476983349,36.80286720973709,8751.215904111396,3752.3437643157654,4998.872139795631,0.08316494064175471
39935,0.1187831568315377,-96.19547077459447,8731.04789595772,3712.7861835630556,5018.261712394664,0.08315506474086758
39940,0.11879802889324191,-233.51089410993336,8712.38941844799,3676.0951330723765,5036.294285375614,0.0831368168469845
39945,0.11881290095494612,-374.9623317605092,8695.266714108617,3642.453456573684,5052.813257534933,0.0831293401753425
39950,0.11882777301665033,-520.3617919711214,8679.666852406865,3611.9949053798045,5067.67194702706,0.08312646917569418
39955,0.11884264507835454,-669.4649123915633,8665.547069913644,3584.799295919215,5080.747773994429,0.08311508760937805
39960,0.11885751714005877,-821.9229036427032,8652.84400178014,3560.887540853344,5091.956460926796,0.08309518948248593
39965,0.11887238920176298,-977.2412578924395,8641.482007847744,3540.2165035452185,5101.265504302526,0.0830667224964178
39970,0.11888726126346719,-1134.7503522630795,8631.379961194541,3522.673692427618,5108.706268766924,0.08303269355942304
39975,0.1189021333251714,-1293.5920220771632,8622.456049594331,3508.0719908329966,5114.384058761335,0.08302199280902968
39980,0.11891700538687561,-1452.7244412231294,8614.63034155495,3496.1449093574815,5118.485432197469,0.08300261680467053
39985,0.11893187744857982,-1610.945508906092,8607.825091147803,3486.543203259599,5121.2818878882035,0.08297451542754558
39990,0.11894674951028403,-1766.9327504240628,8601.962995893933,3478.8340301074927,5123.12896578644,0.08293764135999124
39995,0.11896162157198824,-1919.295819233541,8596.963863557337,3472.5040325651594,5124.4598309921785,0.08289519810302956
40000,0.11897649363369245,-2066.6362882363546,8592.740358135276,3466.967732848071,5125.772625287204,0.08288009180211196
40005,0.11899136569539666,-2207.608704767221,8589.193647713202,3461.5823724457373,5127.611275267465,0.08285634242127543
40010,0.11900623775710087,-2340.976938152161,8586.209834521771,3455.669827501296,5130.540007020475,0.08282392029501841
40015,0.1190211098188051,-2465.660668657919,8583.65798970148,3448.545529284186,5135.112460417294,0.08278278314183132
40020,0.1190359818805093,-2580.768346116819,8581.390439136241,3439.553508124816,5141.836931011425,0.08274487974815949
40025,0.11905085394221351,-2685.6148667809766,8579.245670018561,3428.1058609239167,5151.139809094644,0.08273012900784359
40030,0.11906572600391772,-2779.724266036298,8577.053887063656,3413.724216280905,5163.32967078275,0.08270641082114423
40035,0.11908059806562193,-2862.819553102241,8574.644891757504,3396.080220218461,5178.564671539043,0.08267347853615876
40040,0.11909547012732614,-2934.8031137784474,8571.857641099732,3375.031749987713,5196.825891112019,0.08263104799168583
40045,0.11911034218903035,-2995.7316827626355,8568.550611016897,3350.6515221746636,5217.899088842234,0.08259862587585418
40050,0.11912521425073457,-3045.7897005988407,8564.611975608419,3323.24501311707,5241.366962491349,0.0825852161072985
40055,0.11914008631243878,-3085.264051292098,8559.968627032606,3293.3551532549404,5266.613473777665,0.08256121065717531
40060,0.11915495837414299,-3114.5219936655203,8554.593190711726,3261.7520689124945,5292.8411217992325,0.08252617023958657
40065,0.1191698304358472,-3133.9928970115916,8548.508407834248,3229.407175950042,5319.101231884206,0.08247968442673437
40070,0.11918470249755142,-3144.153502148669,8541.788523288582,3197.4521046272316,5344.336418661351,0.08244774267748323
40075,0.11919957455925563,-3145.5160776814337,8534.557592105095,3167.1241582704024,5367.433433834693,0.08243195207595426
40080,0.11921444662095984,-3138.619073713781,8526.984866514647,3139.701173363669,5387.283693150978,0.08240345772197857
40085,0.11922931868266405,-3124.0205357752393,8519.27762381676,3116.4296503347414,5402.847973482019,0.08236188037876102
40090,0.11924419074436826,-3102.2953167391684,8511.671929289374,3098.450769068591,5413.221160220783,0.08230691381437262
40095,0.11925906280607247,-3074.037641084075,8504.421897559383,3086.7293167656358,5417.692580793748,0.08227046013764841
40100,0.11927393486777668,-3039.8705206350114,8497.788030537582,3081.990586992153,5415.797443545429,0.08224843102721041
40105,0.11928880692948089,-3000.462744466507,8492.025188705504,3084.669933076773,5407.35525562873,0.08221168702576127
40110,0.1193036789911851,-2956.552734986936,8487.370716727153,3094.878882800141,5392.491833927012,0.08215991252098297
40115,0.11931855105288931,-2908.9767532131436,8484.033212440314,3112.3905876086715,5371.642624831642,0.0820928754999765
40120,0.11933342311459352,-2858.6971659247583,8482.182409803101,3136.64597326761,5345.536436535491,0.08203914325787254
40125,0.11934829517629775,-2806.8252080366246,8481.940639006305,3166.7804054615044,5315.160233544801,0.08200632404304402
40130,0.11936316723800196,-2754.6322571334076,8483.376317804514,3201.6691388763707,5281.707178928144,0.08195665589749235
40135,0.11937803929970617,-2703.544281469935,8486.499898391978,3239.9884451671564,5246.511453224821,0.0818899733393894
40140,0.11939291136141038,-2655.1158089833993,8491.262626500878,3280.288255607967,5210.974370892911,0.08180626345381126
40145,0.11940778342311459,-2610.982275195954,8497.558354362498,3321.07150085217,5176.486853510328,0.081715409776081
40150,0.1194226554848188,-2572.792589291522,8505.228488917555,3360.8751100160152,5144.35337890154,0.08166782782098693
40155,0.11943752754652301,-2542.1267989842436,8514.069964321845,3398.3478068640125,5115.7221574578325,0.08160240174321003
40160,0.11945239960822722,-2520.4064239754243,8523.845923531893,3432.320328740766,5091.525594791127,0.0815194408309065
40165,0.11946727166993143,-2508.806977532854,8534.298598598509,3461.864393271881,5072.434205326628,0.08141943666319941
40170,0.11948214373163564,-2508.1830598159504,8545.163709848148,3486.3375584889295,5058.826151359219,0.08130304849068966
40175,0.11949701579333985,-2519.0159128631394,8556.185569889905,3505.4120023119067,5050.773567577999,0.08122750106389526
40180,0.11951188785504407,-2541.391349709812,8567.131982852145,3519.086155757522,5048.045827094622,0.08115409307773383
40185,0.11952675991674828,-2575.0126181286605,8577.807973745428,3527.6790474960853,5050.128926249343,0.08106450007544871
40190,0.1195416319784525,-2619.248432977479,8588.067371771367,3531.8081399919765,5056.259231779391,0.08095932133667551
40195,0.1195565040401567,-2673.2117724201557,8597.821315255127,3532.3523255742743,5065.468989680852,0.08083921670341665
40200,0.11957137610186092,-2735.860872881529,8607.042861051734,3530.4025463165713,5076.640314735163,0.08073929130726991
40205,0.11958624816356513,-2806.110894026424,8615.767084994264,3527.2031318606023,5088.563953133662,0.08067111584746608
40210,0.11960112022526934,-2882.94341453823,8624.0863622133,3524.087346413293,5099.999015800007,0.08058714517986668
40215,0.11961599228697355,-2965.5013546749633,8632.140910826238,3522.4107590217236,5109.730151804514,0.08048765660220897
40220,0.11963086434867776,-3053.158857310686,8640.105141253924,3523.485900029609,5116.6192412243145,0.080373034948075
40225,0.11964573641038197,-3145.5586437326183,8648.170824903535,3528.521284685077,5119.649540218457,0.08029357644081067
40230,0.11966060847208618,-3242.61290393626,8656.528512134917,3538.5673480219953,5117.961164112921,0.08020778619755983
40235,0.1196754805337904,-3344.4674884789038,8665.348918212296,3554.4712330470416,5110.877685165255,0.0801240550485588
40240,0.11969035259549461,-3451.4327844928207,8674.766097971728,3576.8417903400896,5097.924307631638,0.0800319862844682
40245,0.11970522465719882,-3563.888027088572,8684.864113884467,3606.0256413588704,5078.838472525596,0.07996089175372009
40250,0.11972009671890303,-3682.1687744077976,8695.66857488453,3642.094756283827,5053.573818600704,0.07989097166625836
40255,0.11973496878060724,-3806.4496468664192,8707.143929974141,3684.8456898874397,5022.298240086702,0.079805368428952
40260,0.11974984084231145,-3936.63589098838,8719.196814809791,3733.810364483178,4985.386450326613,0.07970462179219516
40265,0.11976471290401566,-4072.2775197475744,8731.685155827481,3788.2780295440502,4943.407126283431,0.0796131552726444
40270,0.11977958496571987,-4212.518400246859,8744.432210843202,3847.3277080740386,4897.104502769163,0.07956072779927162
40275,0.11979445702742408,-4356.089571102506,8757.244318573827,3909.8700297698256,4847.3742888040015,0.07949191172617437
40280,0.1198093290891283,-4501.351404587724,8769.930861613768,3974.6968599824654,4795.234001631303,0.07940731417356804
40285,0.1198242011508325,-4646.383417027284,8782.324808959067,4040.5366142891535,4741.7881946699135,0.07930767078046891
40290,0.11983907321253673,-4789.114291125678,8794.302170261104,4106.1126845453455,4688.189485715759,0.07921077565836708
40295,0.11985394527424094,-4927.4789129243845,8805.798740093072,4170.202083256156,4635.596656836917,0.07916130554839929
40300,0.11986881733594515,-5059.584892365913,8816.822626851425,4231.691306744933,4585.131320106491,0.07909531799274816
40305,0.11988368939764936,-5183.8689325337655,8827.461258350693,4289.626549588158,4537.834708762535,0.07901342528834375
40310,0.11989856145935357,-5299.224007754262,8837.881860410802,4343.255751667866,4494.626108742936,0.07891635478740697
40315,0.11991343352105778,-5405.081607121716,8848.324841075379,4392.0604676910725,4456.264373384306,0.07880715505037085
40320,0.11992830558276199,-5501.43880567252,8859.090086009473,4435.776145607207,4423.313940402267,0.07876169813540222
40325,0.1199431776444662,-5588.826757583887,8870.516848531915,4474.400021735456,4396.1168267964595,0.07869933401843603
40330,0.11995804970617041,-5668.224296343886,8882.958628028908,4508.1864462004105,4374.772181828497,0.07862077660525414
40335,0.11997292176787462,-5740.926662613316,8896.755069821833,4537.630027521864,4359.125042299969,0.07852691015180736
40340,0.11998779382957883,-5808.384190798703,8912.203375855395,4563.437531778996,4348.765844076399,0.07841877859073923
40345,0.12000266589128306,-5872.028629681487,8929.531895513443,4586.489993278926,4343.041902234517,0.07836372877856303
40350,0.12001753795298727,-5933.105525329606,8948.878419708548,4607.79698176243,4341.081437946118,0.07830695798590298
40355,0.12003241001469148,-5992.529873871914,8970.275237495372,4628.445397736596,4341.829839758777,0.07823438570542687
40360,0.12004728207639569,-6050.77933951176,8993.642300094363,4649.545488342357,4344.096811752006,0.0781471122300529
40365,0.1200621541380999,-6107.835120280293,9018.788985104484,4672.17694294924,4346.612042155244,0.07804636771258505
40370,0.12007702619980411,-6163.175495912873,9045.424097467298,4697.33790526764,4348.0861921996575,0.077981386250213
40375,0.12009189826150832,-6215.821720989939,9073.173009080429,4725.899518912637,4347.273490167791,0.0779348354798106
40380,0.12010677032321253,-6264.430754484917,9101.600316728822,4758.5682290947525,4343.032087634069,0.07787309361356826
40385,0.12012164238491674,-6307.424835958192,9130.236127571827,4795.85754185676,4334.378585715067,0.07779723273736555
40390,0.12013651444662095,-6343.144547458218,9158.604047245874,4838.070350706917,4320.533696538956,0.07770840076732587
40395,0.12015138650832516,-6370.010050033537,9186.249088888575,4885.292328374032,4300.956760514543,0.07762903079607225
40400,0.12016625857002938,-6386.674826436135,9212.763961423552,4937.396281932237,4275.367679491315,0.07759518193721021
40405,0.1201811306317336,-6392.157502822298,9237.812455722018,4994.056799065372,4243.755656656646,0.07754579237674256
40410,0.1201960026934378,-6385.939985623816,9261.14887623681,5054.773980082979,4206.374896153831,0.07748170869156819
40415,0.12021087475514201,-6368.023886327701,9282.63264819899,5118.904566355685,4163.7280818433055,0.07740384952061218
40420,0.12022574681684622,-6338.9415424032395,9302.237385387663,5185.698366079767,4116.5390193078965,0.0773131917234853
40425,0.12024061887855043,-6299.722356253007,9320.053871091333,5254.337582482278,4065.7162886090555,0.07727125622870136
40430,0.12025549094025464,-6251.819190071872,9336.286627572088,5323.976515956529,4012.3101116155594,0.07722907240016486
40435,0.12027036300195885,-6197.0028134943395,9351.24405315319,5393.779183315865,3957.464869837325,0.0771706582006393
40440,0.12028523506366307,-6137.234692038705,9365.32248836148,5462.952696804039,3902.369791557441,0.07709695836395636
40445,0.12030010712536728,-6074.529654418451,9378.984999503564,5530.7747611478235,3848.2102383557403,0.07700905518536151
40450,0.12031497918707149,-6010.82021201212,9392.73608255683,5596.614327693943,3796.1217548628874,0.076920639868265
40455,0.12032985124877571,-5947.833607515299,9407.09382691208,5659.945204204682,3747.1486227073974,0.0768883767068272
40460,0.12034472331047992,-5886.991155467602,9422.561281856148,5720.353150008607,3702.2081318475402,0.07687945141544683
40465,0.12035959537218413,-5829.337242194316,9439.598807673248,5777.537581426521,3662.0612262467275,0.07686253529616796
40470,0.12037446743388834,-5775.502650445068,9458.599068789239,5831.309385436644,3627.2896833525947,0.07683578256295874
40475,0.12038933949559255,-5725.703887611775,9479.866069214899,5881.586442028359,3598.27962718654,0.0767991948479941
40480,0.12040421155729676,-5679.777196464267,9503.599291191918,5928.388285246867,3575.2110059450515,0.07675279879295331
40485,0.12041908361900097,-5637.243199390596,9529.88363215826,5971.830931651549,3558.0527005067115,0.07670058944385354
40490,0.12043395568070518,-5597.395915735606,9558.68548966437,6012.12235037092,3546.563139293451,0.07664392298510982
40495,0.12044882774240939,-5559.408340632669,9589.855046201003,6049.558440184369,3540.2966060166336,0.07657747714832924
40500,0.1204636998041136,-5522.445897557702,9623.134560833487,6084.5188216029865,3538.6157392305004,0.07650729596788368
40505,0.12047857186581781,-5485.778784811487,9658.172267431864,6117.461342952222,3540.710924479642,0.07642900545769978
40510,0.12049344392752204,-5448.884402038799,9694.541284482293,6148.914014442933,3545.62727003936,0.07634102418118935
40515,0.12050831598922625,-5411.531585744886,9731.76273383444,6179.463165451168,3552.2995683832714,0.07624344980257246
40520,0.12052318805093046,-5373.83931580358,9769.33203121579,6209.736968466364,3559.5950627494267,0.07616025503474315
40525,0.12053806011263467,-5336.303972441501,9806.747054760392,6240.384044598785,3566.3630101616063,0.07608726666991272
40530,0.12055293217433888,-5299.791233966998,9843.53664503382,6272.0475768933975,3571.489068140423,0.07600532057899438
40535,0.12056780423604309,-5265.49134694338,9879.287684669423,6305.3360990615265,3573.951585607897,0.07591409784339738
40540,0.1205826762977473,-5234.839670918573,9913.668900324901,6340.792781441876,3572.876118883025,0.07581479897726316
40545,0.12059754835945151,-5209.407840822136,9946.449574438235,6378.865498899477,3567.584075538758,0.07570734324258342
40550,0.12061242042115572,-5190.774213983286,9977.511584455506,6419.880162614082,3557.6314218414236,0.0755907084112741
40555,0.12062729248285993,-5180.385023421337,10006.853613178406,6464.019694592989,3542.8339185854165,0.07546499391940417
40560,0.12064216454456414,-5179.419408809417,10034.586974738955,6511.310627725176,3523.276347013779,0.07533032316136391
40565,0.12065703660626836,-5188.671902162288,10060.923224059372,6561.618672022075,3499.304552037297,0.07518683843803256
40570,0.12067190866797257,-5208.464832735274,10086.154485104273,6614.653778874211,3471.500706230062,0.0750960248290824
40575,0.12068678072967678,-5238.600516289833,10110.628151781828,6669.984363003324,3440.643788778504,0.07504131157509647
40580,0.120701652791381,-5278.35925102468,10134.718191994507,6727.059520605667,3407.65867138884,0.07497613259061023
40585,0.1207165248530852,-5326.544476809263,10158.79564249267,6785.237420992028,3373.5582215006425,0.0749016453669938
40590,0.12073139691478942,-5381.5714995656235,10183.200970578286,6843.817632279121,3339.3833382991643,0.07481900995019354
40595,0.12074626897649363,-5441.591507665779,10208.220784898975,6902.075011533706,3306.1457733652687,0.07474073649389172
40600,0.12076114103819784,-5504.638741525017,10234.070924886566,6959.292935935881,3274.7779889506846,0.07469745789219329
40605,0.12077601309990205,-5568.786058176976,10260.887300955748,7014.7940136119905,3246.0932873437578,0.07464316144519084
40610,0.12079088516160626,-5632.293063945104,10288.725069934726,7067.966896643737,3220.7581732909894,0.0747212419719462
40615,0.12080575722331047,-5693.73161865805,10317.565894852467,7118.288322538994,3199.277572313473,0.07482309597851018
40620,0.12082062928501469,-5752.07581605958,10347.332235396712,7165.339951401534,3181.9922839951787,0.07491216092420452
40625,0.1208355013467189,-5806.747302207932,10377.906916485234,7208.8198993318365,3169.087017153397,0.07498864157315405
40630,0.12085037340842311,-5857.611613737567,10409.155688098694,7248.549091129704,3160.60659696899,0.07505279190148456
40635,0.12086524547012732,-5904.926561761235,10440.950169882484,7284.4726957986995,3156.4774740837847,0.07510489505030307
40640,0.12088011753183153,-5949.248930574702,10473.188507729577,7316.657007179192,3156.5315005503853,0.07518161622244557
40645,0.12089498959353574,-5991.3102707565795,10505.811279865227,7345.28222205913,3160.5290578060976,0.07526077218223126
40650,0.12090986165523995,-6031.875791942614,10538.810677136367,7370.631660958026,3168.179016178341,0.07532844243513206
40655,0.12092473371694416,-6071.601915530315,10572.231715270673,7393.078061611974,3179.153653658699,0.07538491668519653
40660,0.12093960577864837,-6110.907779516188,10606.165149572278,7413.067627223275,3193.097522349003,0.07543044169230324
40665,0.12095447784035258,-6149.874009930952,10640.732755693653,7431.1025070132855,3209.630248680367,0.07546521513243465
40670,0.1209693499020568,-6188.178739946416,10676.066593243144,7447.722317001416,3228.344276241728,0.07550381982144509
40675,0.12098422196376102,-6225.076683717106,10712.284657239059,7463.485188463073,3248.7994687759856,0.0755674513160545
40680,0.12099909402546523,-6259.422614807101,10749.465836877873,7478.948695502225,3270.517141375648,0.07562021609066946
40685,0.12101396608716944,-6289.736348541361,10787.627267115096,7494.65090779791,3292.9763593171865,0.07566210559076011
40690,0.12102883814887365,-6314.302637705698,10826.706948961077,7511.091782076128,3315.615166884949,0.07569310892131169
40695,0.12104371021057786,-6331.296475989734,10866.553954945446,7528.715170574382,3337.8387843710643,0.07571323621884517
40700,0.12105858227228207,-6338.922278265905,10906.92770199647,7547.891883613641,3359.0358183828293,0.07572254173498918
40705,0.12107345433398628,-6335.554340378805,10947.506776893195,7568.904463490687,3378.602313402508,0.07575926597143934
40710,0.12108832639569049,-6319.865928052768,10987.9067684015,7591.934549817878,3395.9722185836226,0.07579603171368011
40715,0.1211031984573947,-6290.93534091636,11027.705618940065,7617.053869154926,3410.6517497851382,0.07582150256865373
40720,0.12111807051909891,-6248.319331758394,11066.474255616442,7644.219892312369,3422.254363304073,0.07583592877637339
40725,0.12113294258080312,-6192.087235099559,11103.809757086754,7673.277018691267,3430.5327383954873,0.07583965891279525
40730,0.12114781464250735,-6122.812865624157,11139.368081836039,7703.963753313065,3435.4043285229736,0.07583312949151423
40735,0.12116268670421156,-6041.5253635537965,11172.89341745905,7735.925772678526,3436.967644780524,0.07581684828530963
40740,0.12117755876591577,-5949.624275922944,11204.241484216303,7768.734113745895,3435.507370470408,0.07583647122576559
40745,0.12119243082761998,-5848.767802718878,11233.394608477649,7801.907086594494,3431.487521883155,0.07584815332969047
40750,0.12120730288932419,-5740.745846044976,11260.467040782782,7834.934037541153,3425.5330032416286,0.07587156990335618
40755,0.1212221749510284,-5627.350896798804,11285.699794383598,7867.298886688231,3418.400907695367,0.07588979560160343
40760,0.12123704701273261,-5510.259643009742,11309.445177896734,7898.501491592741,3410.9436863039928,0.07589825655565192
40765,0.12125191907443682,-5390.936459091418,11332.142126821762,7928.075335220513,3404.066791601249,0.07589746455265343
40770,0.12126679113614103,-5270.566846281205,11354.284319579127,7955.600716513561,3398.683603065566,0.07589057546884691
40775,0.12128166319784524,-5150.024879621816,11376.38379601379,7980.713395590755,3395.670400423035,0.0759212621338572
40780,0.12129653525954945,-5029.874384476225,11398.93328084651,8003.109352067679,3395.823928778831,0.07594189877922734
40785,0.12131140732125367,-4910.3995883362695,11422.370570017783,8022.546814043567,3399.8237559742165,0.07595291140947977
40790,0.12132627938295788,-4791.657973457576,11447.04812073773,8038.846922284206,3408.2011984535247,0.07595475054483432
40795,0.1213411514446621,-4673.546396399918,11473.210405459893,8051.894297552717,3421.316107907176,0.07594789041970004
40800,0.1213560235063663,-4555.871362254167,11500.98071383777,8061.638435364153,3439.342278473616,0.07593282792288368
40805,0.12137089556807051,-4438.415474359979,11530.358034909457,8068.096361823436,3462.261673086021,0.07591008060278674
40810,0.12138576762977472,-4320.994130348139,11561.223577065255,8071.356456868359,3489.8671201968964,0.07591385748563491
40815,0.12140063969147893,-4203.499000753785,11593.355542399933,8071.58287832756,3521.772664072373,0.07592153615228742
40820,0.12141551175318314,-4085.9272185939826,11626.450093450008,8069.019657978752,3557.4304354712567,0.07592129570930033
40825,0.12143038381488735,-3968.3971443360024,11660.14610820648,8063.99331184102,3596.15279636546,0.07591383320917708
40830,0.12144525587659157,-3851.152820269651,11694.051319955048,8056.912713355942,3637.1386065991055,0.07589983496376604
40835,0.12146012793829578,-3734.5597250495402,11727.76772381886,8048.2650182149955,3679.5027056038653,0.07587995357651708
40840,0.121475,-3619.094265228274,11760.914599014539,8038.6066084881895,3722.3079905263494,0.07585478627634784
40845,0.12148987206170421,-3505.328797630661,11793.14802644423,8028.548352586848,3764.599673857383,0.07582950015726653
40850,0.12150474412340842,-3393.9131379515975,11824.176272169265,8018.734962024127,3805.4413101451382,0.07583822553000384
40855,0.12151961618511263,-3285.552763214434,11853.770793357035,8009.818848428271,3843.9519449287636,0.07584152783902211
40860,0.12153448824681684,-3180.983491816055,11881.772885997156,8002.429590504738,3879.3432954924174,0.07583978658607184
40865,0.12154936030852105,-3080.9424524080778,11908.096155349307,7997.14081687808,3910.955338471227,0.07583327026797758
40870,0.12156423237022526,-2986.135629341815,11932.725095665577,7994.43687736594,3938.2882182996373,0.07582213568887242
40875,0.12157910443192947,-2897.2030741185854,11955.710160540504,7994.681993701624,3961.0281668388798,0.07580643219435876
40880,0.12159397649363368,-2814.6837924696956,11977.159816109195,7998.094567110767,3979.0652489984286,0.07578611019680458
40885,0.12160884855533789,-2738.9831180024494,11997.230195677472,8004.728952546119,3992.5012431313526,0.0757610333688
40890,0.1216237206170421,-2670.345851889995,12016.11309145939,8014.466340003017,4001.6467514563737,0.07575954911219979
40895,0.12163859267874633,-2608.8384382992826,12034.023091532175,8027.0155282266505,4007.007563305525,0.07576411901139696
40900,0.12165346474045054,-2554.342905524527,12051.184668627651,8041.923486133,4009.2611824946516,0.07576240530646677
40905,0.12166833680215475,-2506.5642805921198,12067.819943181736,8058.5948179783045,4009.225125203431,0.0757542456481146
40910,0.12168320886385896,-2465.0518110788335,12084.137692564658,8076.318683447736,4007.8190091169226,0.07573946879998406
40915,0.12169808092556317,-2429.2327863184637,12100.323997458021,8094.301412964401,4006.0225844936203,0.07571791127559745
40920,0.12171295298726738,-2398.4562447531807,12116.534746726717,8111.702976024934,4004.8317707017823,0.07568943335314972
40925,0.12172782504897159,-2372.042579944812,12132.890095990619,8127.675533686028,4005.214562304591,0.07565393342676002
40930,0.1217426971106758,-2349.334179021932,12149.470904450538,8141.402445795042,4008.068458655496,0.0756408374152053
40935,0.12175756917238001,-2329.7418668112623,12166.31714887058,8152.136232326211,4014.1809165443683,0.07563026470270008
40940,0.12177244123408422,-2312.782156437851,12183.428306847523,8159.234063741826,4024.1942431056978,0.07561035943163201
40945,0.12178731329578843,-2298.101134025541,12200.765683037302,8162.189376406159,4038.576306631143,0.0755814191751091
40950,0.12180218535749265,-2285.48217419908,12218.256598968504,8160.658209865647,4057.5983891028573,0.07554375186015382
40955,0.12181705741919686,-2274.8364665568124,12235.800271719228,8154.478897017304,4081.3213747019245,0.07549766427825098
40960,0.12183192948090107,-2266.177334361145,12253.275078682018,8143.683860368296,4109.591218313722,0.0754434501065913
40965,0.12184680154260528,-2259.5812956261134,12270.546768150538,8128.502516492543,4142.044251657995,0.0754219796904678
40970,0.1218616736043095,-2255.1404786468947,12287.477058174194,8109.354678336517,4178.122379837677,0.07540562214759777
40975,0.1218765456660137,-2252.912101248742,12303.931996771837,8086.834353066766,4217.09764370507,0.07538225645205163
40980,0.12189141772771792,-2252.8710648340775,12319.789453700743,8061.6844172003875,4258.105036500356,0.07535205117501445
40985,0.12190628978942213,-2254.8712239680935,12334.945183416175,8034.763249532114,4300.181933884061,0.07531507084941423
40990,0.12192116185112634,-2258.6196369561058,12349.317033821098,8007.004950509126,4342.312083311973,0.07527128009157333
40995,0.12193603391283055,-2263.6662932011213,12362.847060170187,7979.375217223257,4383.471842946929,0.07522055289742953
41000,0.12195090597453476,-2269.4097648400757,12375.50151739015,7952.825236916611,4422.676280473539,0.0751626862368414
41005,0.12196577803623898,-2275.1172946016522,12387.268925050068,7928.246090908529,4459.022834141539,0.0750974170160816
41010,0.12198065009794319,-2279.956313152663,12398.15660395866,7906.426126118564,4491.730477840096,0.07503880634341518
41015,0.1219955221596474,-2283.033464651574,12408.186246932493,7888.013566420788,4520.172680511705,0.07501763235062997
41020,0.12201039422135161,-2283.436945832681,12417.389182246774,7873.4863205815045,4543.9028616652695,0.07498852519985169
41025,0.12202526628305582,-2280.278232423484,12425.80199260181,7863.130519980295,4562.671472621515,0.07495102981129169
41030,0.12204013834476003,-2272.7298931945206,12433.463051179642,7857.028813453995,4576.434237725647,0.07490471164468869
41035,0.12205501040646424,-2260.0569777217497,12440.4103342743,7855.058890235404,4585.351444038896,0.07484918350509306
41040,0.12206988246816845,-2241.6402545901174,12446.680595601432,7856.902133456897,4589.778462144535,0.07478412962285838
41045,0.12208475452987266,-2216.9902956796795,12452.309691331011,7862.061767965898,4590.247923365113,0.07470932558469012
41050,0.12209962659157687,-2185.7520493999045,12457.333589042224,7869.889395063556,4587.444193978668,0.07462465279852518
41055,0.12211449865328108,-2147.7001714873513,12461.78943575819,7879.618429194696,4582.171006563494,0.07454456549373539
41060,0.12212937071498531,-2102.7260440200644,12465.716037408565,7890.402676721205,4575.31336068736,0.07450540674224017
41065,0.12214424277668952,-2050.8181345863995,12469.153221278357,7901.358118451334,4567.795102827023,0.0744564596121139
41070,0.12215911483839373,-1992.0380849468665,12472.139789086092,7911.605860193109,4560.533928892983,0.0743978639651928
41075,0.12217398690009794,-1926.4955566440194,12474.71007132961,7920.3141845201035,4554.395886809506,0.0743298510744367
41080,0.12218885896180215,-1854.3252328517456,12476.88940181547,7926.737666051488,4550.151735763981,0.07425272854918114
41085,0.12220373102350636,-1775.6693131849443,12478.689086223396,7930.251408676828,4548.437677546568,0.07416686247543929
41090,0.12221860308521057,-1690.6682310916322,12480.101596581737,7930.3786444788275,4549.722952102909,0.07407265845987018
41095,0.12223347514691478,-1599.4611738368449,12481.096763209782,7926.810222762288,4554.286540447494,0.0739705431123289
41100,0.12224834720861899,-1502.1964317576894,12481.619658452306,7919.4149287011705,4562.204729751135,0.07389660715708757
41105,0.1222632192703232,-1399.0499073795172,12481.590692595993,7908.240100875674,4573.350591720319,0.07384888728875874
41110,0.12227809133202741,-1290.2486074386206,12480.908202903936,7893.502635002122,4587.405567901815,0.07379397538710049
41115,0.12229296339373164,-1176.09494497597,12479.453546380675,7875.57111040661,4603.882435974065,0.0737321628941957
41120,0.12230783545543585,-1056.9874245769088,12477.098437095789,7854.940382201957,4622.158054893832,0.07366372072329534
41125,0.12232270751714006,-933.4338439114063,12473.714025216299,7832.200471278886,4641.513553937413,0.07358889415280176
41130,0.12233757957884427,-806.0544066678594,12469.181016478817,7808.001899805458,4661.179116673358,0.07350789827474363
41135,0.12235245164054848,-675.5738360584164,12463.399992393015,7783.019736395981,4680.380255997034,0.07342091368359716
41140,0.12236732370225269,-542.8033508571662,12456.301024552564,7757.918540692717,4698.382483859847,0.07335368617506531
41145,0.1223821957639569,-408.6148749739068,12447.851689869043,7733.320165748051,4714.531524120992,0.07331595681403537
41150,0.12239706782566111,-273.91084995111305,12438.062691480745,7709.776034503238,4728.286656977507,0.07328512251919803
41155,0.12241193988736532,-139.59339953902963,12426.99046958428,7687.745098717459,4739.245370866821,0.07326540362930443
41160,0.12242681194906953,-6.536383198219482,12414.73643505542,7667.578250794115,4747.158184261305,0.07330519137198649
41165,0.12244168401077374,124.43680800209768,12401.442754165622,7649.509517516198,4751.9332366494245,0.0733431415559223
41170,0.12245655607247796,252.56784939722183,12387.284924721473,7633.653940524295,4753.630984197178,0.0733830650975663
41175,0.12247142813418217,377.1697408359296,12372.461678439511,7620.011661334662,4752.450017104849,0.07343093877444656
41180,0.12248630019588638,497.6251147978128,12357.18298846917,7608.477398464585,4748.705590004585,0.07347719445191815
41185,0.1225011722575906,613.3779826583796,12341.657128187828,7598.854248159353,4742.802880028475,0.07352181764863076
41190,0.1225160443192948,723.9210839859152,12326.07780131097,7590.870569438252,4735.207231872719,0.07356477957964214
41195,0.12253091638099901,828.781484471403,12310.612339542166,7584.198631765745,4726.413707776421,0.07360603226959381
41200,0.12254578844270322,927.5071985593922,12295.391849487962,7578.473706848145,4716.918142639816,0.07364550565499337
41205,0.12256066050440743,1019.6573681509471,12280.504001482888,7573.312370023573,4707.191631459315,0.07368310652127018
41210,0.12257553256611164,1104.7979237768086,12265.988911082053,7568.328938309523,4697.65997277253,0.07371871897130851
41215,0.12259040462781585,1182.5037583279618,12251.838293115352,7563.149208813485,4688.689084301867,0.07376157493520331
41220,0.12260527668952007,1252.3673830283533,12237.997792041608,7557.4209661589,4680.576825882707,0.07380765218165271
41225,0.12262014875122429,1314.012983047658,12224.37213328095,7550.821083057383,4673.551050223567,0.07385156029709745
41230,0.1226350208129285,1367.1139326891907,12210.832519574671,7543.059411480981,4667.77310809369,0.07389318074943071
41235,0.12264989287463271,1411.4113227884636,12197.22553449091,7533.880007545385,4663.345526945525,0.0739323893724478
41240,0.12266476493633692,1446.7309790170802,12183.382730076668,7523.060501218534,4660.322228858134,0.07396905747649517
41245,0.12267963699804113,1472.9967969161207,12169.130080367517,7510.410569921756,4658.7195104457605,0.0740030531976714
41250,0.12269450905974534,1490.2388874618273,12154.296580942853,7495.770478653396,4658.526102289457,0.0740404729603625
41255,0.12270938112144955,1498.5958594741078,12138.721457696565,7479.010508477826,4659.710949218739,0.0740836611680511
41260,0.12272425318315376,1498.31139714021,12122.259691536552,7460.031833601919,4662.227857934633,0.07412496044330621
41265,0.12273912524485797,1489.7259899989958,12104.78583298201,7438.769066427635,4666.016766554375,0.07416427405572129
41270,0.12275399730656218,1473.2651623916654,12086.196327900047,7415.194321122997,4671.002006777049,0.07420150245564988
41275,0.12276886936826639,1449.42580930865,12066.41076085554,7389.322301796014,4677.088459059527,0.07423654295252911
41280,0.12278374142997062,1418.7622928569026,12045.37251441352,7361.2156478439665,4684.156866569554,0.07427530021016272
41285,0.12279861349167483,1381.873817915025,12023.049327645325,7330.989601939793,4692.059725705532,0.07431797982057699
41290,0.12281348555337904,1339.394312267068,11999.434122121102,7298.815026262704,4700.6190958583975,0.07435872247606995
41295,0.12282835761508325,1291.985603175548,11974.54627500653,7264.918884023401,4709.62739098313,0.07439743561941689
41300,0.12284322967678746,1240.3341327442804,11948.433295835222,7229.581513130047,4718.8517827051755,0.07443400946781532
41305,0.12285810173849167,1185.1508354280868,11921.172649598402,7193.130318964831,4728.0423306335715,0.07446831781014292
41310,0.12287297380019588,1127.173194738617,11892.873302427646,7155.92986465077,4736.943437776877,0.07450021933949691
41315,0.12288784586190009,1067.168010450113,11863.676472770234,7118.368696212247,4745.3077765579865,0.07453883303618701
41320,0.1229027179236043,1005.9331496880868,11833.755059716928,7080.843565002931,4752.911494713997,0.07467133941843905
41325,0.12291758998530851,944.2965953609064,11803.311284952457,7043.741967214745,4759.569317737712,0.0747915804120282
41330,0.12293246204701272,883.1114485236631,11772.572210204511,7007.42408870447,4765.148121500041,0.07488965301761101
41335,0.12294733410871694,823.2461223795026,11741.782960059294,6972.205313942411,4769.577646116883,0.07496553274552815
41340,0.12296220617042115,765.5696717984401,11711.197675676665,6938.340432572481,4772.857243104184,0.07501937168533059
41345,0.12297707823212536,710.932911137048,11681.068437777512,6906.010565455002,4775.057872322511,0.07505148515847965
41350,0.12299195029382957,660.1465908185737,11651.632618139256,6875.313648296927,4776.318969842329,0.07506233426541895
41355,0.12300682235553378,613.9583822510931,11623.099335270632,6846.259072481499,4776.840262789133,0.07505250607041974
41360,0.123021694417238,573.0307519451835,11595.63588173964,6818.766809612581,4776.869072127059,0.07502269333812629
41365,0.1230365664789422,537.9219911796545,11569.355130369351,6792.671061550036,4776.684068819315,0.07497367561861291
41370,0.12305143854064642,509.0726907217668,11544.304983750359,6767.7282054033,4776.576778347058,0.07495846506074016
41375,0.12306631060235063,486.79976240983615,11520.460881340172,6743.628565079835,4776.8323162603365,0.07500321503593586
41380,0.12308118266405484,471.29964210532944,11497.722209572337,6720.011353085432,4777.710856486905,0.07504804271269971
41385,0.12309605472575905,462.6615071208171,11475.913181392398,6696.481993680718,4779.43118771168,0.07508867061082822
41390,0.12311092678746327,460.89020699452794,11454.788391881717,6672.63095592279,4782.157435958927,0.07512483332879459
41395,0.12312579884916748,465.9372292245307,11434.042862064029,6648.053179842875,4785.989682221154,0.07515626605311151
41400,0.12314067091087169,477.73658512654947,11413.326007477182,6622.367157692327,4790.958849784855,0.07518706171850095
41405,0.1231555429725759,496.2412582412835,11392.258661986325,6595.232728061663,4797.025933924662,0.07523161626350602
41410,0.12317041503428011,521.4550796318863,11370.45208644822,6566.366658769213,4804.085427679007,0.07527078312708024
41415,0.12318528709598432,553.4548054347515,11347.527810179154,6535.555150967453,4811.9726592117,0.0753043350772166
41420,0.12320015915768853,592.3978938137898,11323.13718075419,6502.662514019249,4820.47466673494,0.07533207534444336
41425,0.12321503121939274,638.5129921049211,11296.979605648443,6467.635456165041,4829.344149483401,0.07535384203286777
41430,0.12322990328109695,692.0722859321249,11268.818619746384,6430.502713465847,4838.315906280537,0.07538309402983813
41435,0.12324477534280116,753.3473422891739,11238.495071033798,6391.370082116021,4847.124988917777,0.07541771852876787
41440,0.12325964740450537,822.5525348631891,11205.936861139675,6350.411289828515,4855.52557131116,0.07544605102361937
41445,0.1232745194662096,899.7821948292931,11171.164803888569,6307.855490744349,4863.30931314422,0.0754680405203356
41450,0.12328939152791381,984.9489579521742,11134.294285510327,6263.972444359468,4870.321841150859,0.07548366286294182
41455,0.12330426358961802,1077.7311607589954,11095.532544584654,6219.05660312071,4876.475941463944,0.07549291582187431
41460,0.12331913565132223,1177.5365019253595,11055.171555845316,6173.411366398846,4881.76018944647,0.07551910866320774
41465,0.12333400771302644,1283.4876091836004,11013.576706075328,6127.334663324593,4886.242042750735,0.0755426411309486
41470,0.12334887977473065,1394.4328472897632,10971.171682972274,6081.106824357912,4890.064858614362,0.07555967968929081
41475,0.12336375183643486,1508.9829636762324,10928.42023529111,6034.9814226351355,4893.438812655975,0.07557020311470862
41480,0.12337862389813907,1625.5713242655575,10885.805673669889,5989.179445262911,4896.626228406978,0.07557419019785089
41485,0.12339349595984328,1742.5328603856015,10843.809137338481,5943.886823809016,4899.922313529465,0.0755767591068886
41490,0.12340836802154749,1858.1947075904545,10802.887734295693,5899.255040745585,4903.632693550108,0.0755964529558445
41495,0.1234232400832517,1970.9700904852361,10763.453668304972,5855.404259447032,4908.04940885794,0.07560918955765135
41500,0.12343811214495592,2079.446446612098,10725.855405606406,5812.428221217234,4913.427184389172,0.075614904554873
41505,0.12345298420666014,2182.4591568417836,10690.361825086948,5770.400030731791,4919.961794355157,0.07561356045566299
41510,0.12346785626836435,2279.1435357101627,10657.150154305353,5729.377920793361,4927.7722335119915,0.075605155299385
41515,0.12348272833006856,2368.9598130388586,10626.298329076099,5689.4101482429505,4936.888180833148,0.07560293075562992
41520,0.12349760039177277,2451.688502922695,10597.782225544426,5650.538315091094,4947.243910453332,0.0756103010004335
41525,0.12351247245347698,2527.396538036369,10571.477993898034,5612.798615160334,4958.6793787377,0.07561021343785447
41530,0.12352734451518119,2596.37754033905,10547.169465869636,5576.220756911644,4970.9487089579925,0.07560278128492649
41535,0.1235422165768854,2659.0722905404436,10524.560316275356,5540.824589331697,4983.735726943659,0.07558816781266924
41540,0.12355708863858961,2715.977560585933,10503.290347262933,5506.614743391629,4996.675603871304,0.07556657970200337
41545,0.12357196070029382,2767.5527542981845,10482.954960985422,5473.573879449831,5009.381081535591,0.07561201023457317
41550,0.12358683276199803,2814.134116334957,10463.126628408523,5441.655378224545,5021.471250183979,0.07567157306670506
41555,0.12360170482370225,2855.8655812854677,10443.376985641335,5410.776498496422,5032.600487144912,0.07573039751221783
41560,0.12361657688540646,2892.653716519627,10423.298124072191,5380.813111691109,5042.485012381082,0.07578834119419477
41565,0.12363144894711067,2924.151836059973,10402.521703077684,5351.597078114626,5050.924624963058,0.07584526629103651
41570,0.12364632100881488,2949.7754680635153,10380.734704971344,5322.917133158896,5057.8175718124485,0.07590102658428206
41575,0.1236611930705191,2968.74822459604,10357.690956221497,5294.523811821666,5063.167144399831,0.07595545314079645
41580,0.1236760651322233,2980.1740399675764,10333.217928368822,5266.138494714547,5067.079433654275,0.07600834034588808
41585,0.12369093719392751,2983.1289993140836,10307.218766914242,5237.466172745278,5069.752594168965,0.07605943404727393
41590,0.12370580925563172,2976.7638409943147,10279.669930228085,5208.2110777440175,5071.458852484067,0.07610842341765853
41595,0.12372068131733593,2960.406917955762,10250.61520343341,5178.093983686393,5072.521219747017,0.07615493779662354
41600,0.12373555337904014,2933.6571172371487,10220.157137430717,5146.869796697576,5073.287340733141,0.0761985492528509
41605,0.12375042544074435,2896.457043781549,10188.44711286202,5114.3440383500565,5074.103074511964,0.07623878096206523
41610,0.12376529750244858,2849.138634179908,10155.675220664418,5080.386970230604,5075.288250433814,0.07627512079413432
41615,0.12378016956415279,2792.436103598625,10122.060983803103,5044.944368984947,5077.116614818156,0.07630703883433773
41620,0.123795041625857,2727.464445882869,10087.845640925287,5008.0442898847305,5079.801351040556,0.07633400702687092
41625,0.12380991368756121,2655.665218078877,10053.286316628466,4969.799505110356,5083.48681151811,0.0763555188138459
41630,0.12382478574926542,2578.7246326813793,10018.651975878463,4930.405631857488,5088.246344020976,0.07637110661233318
41635,0.12383965781096963,2498.4716792812496,9984.220670734992,4890.135248443828,5094.085422291165,0.07638035524327345
41640,0.12385452987267384,2416.7658231577607,9950.27730053754,4849.328517252707,5100.948783284834,0.07642051049112053
41645,0.12386940193437805,2335.3846334860873,9917.110970509084,4808.380981845779,5108.7299886633045,0.0764905753924251
41650,0.12388427399608226,2255.921464824977,9885.011070555047,4767.729277250654,5117.2817933043925,0.07655642534755332
41655,0.12389914605778647,2179.702150442952,9854.261397301723,4727.835488641876,5126.425908659848,0.07663269179279535
41660,0.12391401811949068,2107.7277374183686,9825.13197066325,4689.170824358059,5135.961146305191,0.07670542511515577
41665,0.1239288901811949,2040.647810371217,9797.8685938944,4652.199154841676,5145.669439052724,0.07677421584273068
41670,0.12394376224289912,1978.7661340656787,9772.680608935334,4617.360839750188,5155.3197691851465,0.07683922885974928
41675,0.12395863430460333,1922.0774168724874,9749.727649134235,4585.057155625227,5164.670493509007,0.07690060848734252
41680,0.12397350636630754,1870.3311808815142,9729.10644799158,4555.6355767516925,5173.470871239888,0.07695846809077118
41685,0.12398837842801175,1823.1162455793292,9710.838904014596,4529.3761693626675,5181.462734651928,0.0770128802278214
41690,0.12400325048971596,1779.957410698059,9694.862624173784,4506.479431231709,5188.383192942075,0.07706386968817798
41695,0.12401812255142017,1740.414756376239,9681.025078964849,4487.056020706404,5193.969058258445,0.07711141144764667
41700,0.12403299461312438,1704.1757111067836,9669.082312957682,4471.118931635759,5197.963381321923,0.07717121419416839
41705,0.12404786667482859,1671.1307374129829,9658.702879585375,4458.578739820586,5200.124139764789,0.07724128290566115
41710,0.1240627387365328,1641.4251193402743,9649.477322810895,4449.242538457831,5200.234784353064,0.0773149280050469
41715,0.12407761079823701,1615.4817637711067,9640.933129976042,4442.8170804953825,5198.116049480659,0.07739102154480891
41720,0.12409248285994123,1593.9929085536578,9632.554654817937,4438.916464228337,5193.6381905896005,0.07746275322057453
41725,0.12410735492164544,1577.8818471075128,9623.807090159718,4437.074462573908,5186.73262758581,0.07753011906721488
41730,0.12412222698334965,1568.2388735753311,9614.163194925397,4436.761341147386,5177.401853778011,0.07759313746299419
41735,0.12413709904505386,1566.238268269978,9603.131189968608,4437.404764602535,5165.726425366073,0.07765184317158111
41740,0.12415197110675807,1573.0449693395813,9590.28206688966,4438.414168875887,5151.867898013773,0.07770627656369068
41745,0.12416684316846228,1589.720391601435,9575.274526854464,4439.207776657193,5136.066750197271,0.07775646966796645
41750,0.1241817152301665,1617.1365605924866,9557.875888786175,4439.24124143925,5118.634647346925,0.07780243157060368
41755,0.1241965872918707,1655.9063828389671,9537.977565414663,4438.036708915171,5099.940856499492,0.07785171324823541
41760,0.12421145935357492,1706.3356783500149,9515.604071253363,4435.210881186156,5080.393190067207,0.0779037164194506
41765,0.12422633141527913,1768.399892342074,9490.914956725997,4430.500475002506,5060.414481723491,0.07795132907035397
41770,0.12424120347698334,1841.745585167916,9464.199511723979,4423.7833137641355,5040.416197959843,0.0780165665394211
41775,0.12425607553868756,1925.7142732651118,9435.86450958043,4415.093230119555,5020.771279460874,0.07809389278065498
41780,0.12427094760039177,2019.3842777932641,9406.415640709565,4404.627030211938,5001.788610497627,0.07816611113531172
41785,0.12428581966209598,2121.625109782707,9376.43360127507,4392.742022729828,4983.691578545242,0.07823306001325815
41790,0.12430069172380019,2231.1585974001646,9346.546057127876,4379.943071043294,4966.602986084582,0.07829466718120949
41795,0.1243155637855044,2346.6213144779103,9317.396905087013,4366.858787776777,4950.538117310236,0.07835097975872113
41800,0.12433043584720861,2466.623677245746,9289.614409428523,4354.207334717765,4935.407074710758,0.07840542961951136
41805,0.12434530790891282,2589.802086452104,9263.779898927349,4342.75326321099,4921.026635716359,0.07847018192489706
41810,0.12436017997061703,2714.861487562218,9240.398753681713,4333.25784553881,4907.140908142903,0.07853026801395449
41815,0.12437505203232124,2840.60656839684,9219.8753653374,4326.426290848597,4893.4490744888035,0.07858620248191432
41820,0.12438992409402545,2965.9604820405357,9202.493591112274,4322.8559749093165,4879.637616202957,0.07863859046986318
41825,0.12440479615572966,3089.9705410517035,9188.403923081203,4322.990205088673,4865.41371799253,0.0786880861485018
41830,0.12441966821743389,3211.800904183913,9177.618162792089,4327.081978638795,4850.536184153294,0.07876714422733026
41835,0.1244345402791381,3330.7130030861654,9170.011858106856,4335.171612945738,4834.840245161118,0.07885438216863011
41840,0.12444941234084231,3446.0354152581904,9165.334180292608,4347.081041342976,4818.253138949632,0.0789398583033552
41845,0.12446428440254652,3557.126068452587,9163.224366148228,4362.426066646446,4800.798299501782,0.07902387069293917
41850,0.12447915646425073,3663.330932907702,9163.233393646218,4380.6461059432895,4782.587287702929,0.0791133677545912
41855,0.12449402852595494,3763.9444889639262,9164.849255626488,4401.049151586419,4763.8001040400695,0.07921079855350105
41860,0.12450890058765915,3858.177948046112,9167.524072656432,4422.868039066037,4744.656033590394,0.07930620852454155
41865,0.12452377264936336,3945.1411483384463,9170.701339833447,4445.322860885951,4725.378478947497,0.07939940941614201
41870,0.12453864471106757,4023.843012812149,9173.841801730434,4467.6836594899405,4706.158142240493,0.07949011749076648
41875,0.12455351677277178,4093.2133830933717,9176.44674542936,4489.327466394478,4687.119279034883,0.07957797533507019
41880,0.124568388834476,4152.146104845963,9178.07783850485,4509.784342315783,4668.293496189068,0.07966257738118952
41885,0.12458326089618021,4199.559879083654,9178.372968233787,4528.768244376074,4649.604723857713,0.07974349702484493
41890,0.12459813295788442,4234.47025768372,9177.057826033159,4546.190157826096,4630.867668207063,0.07985555951583084
41895,0.12461300501958864,4256.063966011137,9173.953211073025,4562.152784597437,4611.800426475588,0.07996949927822188
41900,0.12462787708129285,4263.766069955792,9168.97819910356,4576.927958340946,4592.050240762614,0.08007845599020695
41905,0.12464274914299706,4257.291640710633,9162.149447131353,4590.91964177746,4571.2298053538925,0.08018213816350349
41910,0.12465762120470127,4236.676347630594,9153.576995191148,4604.616678699151,4548.960316491997,0.08029119431680444
41915,0.12467249326640548,4202.284240957987,9143.456993132058,4618.540296823763,4524.916696308295,0.08039961065130906
41920,0.12468736532810969,4154.794997496838,9132.061826279369,4633.191629640243,4498.870196639125,0.08050215377342801
41925,0.1247022373898139,4095.1761668539984,9119.72813590366,4649.004249275466,4470.723886628195,0.08059878516777196
41930,0.12471710945151811,4024.647749324723,9106.843223018774,4666.305937657263,4440.537285361511,0.08068951800310391
41935,0.12473198151322233,3944.646423541567,9093.830285260427,4685.292775439704,4408.537509820722,0.08077440733943679
41940,0.12474685357492654,3856.7950280393143,9081.132873325016,4706.01723810426,4375.115635220755,0.08085353960891226
41945,0.12476172563663075,3762.879950200331,9069.198883344856,4728.3905203105605,4340.808363034295,0.08095949185765694
41950,0.12477659769833496,3664.8355519557863,9058.464350773047,4752.197932788307,4306.26641798474,0.08107450730786223
41955,0.12479146976003917,3564.7313783969394,9049.33730692852,4777.125084524793,4272.2122224037275,0.08118409859569975
41960,0.12480634182174338,3464.7553237247685,9042.182020062943,4802.791789289555,4239.390230773388,0.08128890693794366
41965,0.1248212138834476,3367.1847428292394,9037.304069574977,4828.790270608474,4208.513798966503,0.08140546221403559
41970,0.1248360859451518,3274.338113751791,9034.936872917511,4854.724263933978,4180.212608983533,0.08151649353958655
41975,0.12485095800685601,3188.5024369907424,9035.230456217596,4880.245948001546,4154.98450821605,0.08162203453935579
41980,0.12486583006856022,3111.8358951241726,9038.243374671621,4905.088161133916,4133.155213537705,0.08172213376413019
41985,0.12488070213026443,3046.2507558989,9043.938690940548,4929.0899513074155,4114.848739633132,0.08181685759839553
41990,0.12489557419196866,2993.2870721560057,9052.184768916472,4952.214079277039,4099.970689639433,0.0819062915381457
41995,0.12491044625367287,2953.992205263008,9062.761326129661,4974.555600423155,4088.205725706506,0.0820221457824189
42000,0.12492531831537708,2928.8234469628596,9075.370736678387,4996.341103548182,4079.029633130205,0.08215173317977902
42005,0.12494019037708129,2917.590289535381,9089.654047669324,5017.918628206213,4071.7354194631116,0.08227628178097807
42010,0.1249550624387855,2919.4490608231336,9105.210647191812,5039.738764528241,4065.4718826635717,0.08239748519443355
42015,0.12496993450048971,2932.9562601036932,9121.620087002771,5062.3279810332915,4059.29210596948,0.08252987247087507
42020,0.12498480656219392,2956.1791438212804,9138.464291485576,5086.255799266144,4052.2084922194317,0.08265688237663152
42025,0.12499967862389813,2986.8543469875776,9155.348323005403,5112.097965760547,4043.250357244856,0.08277840921093818
42030,0.12501455068560235,3022.578933282456,9171.91803667477,5140.398164157732,4031.5198725170376,0.0828942941808145
42035,0.12502942274730655,3061.014185291974,9187.873326035939,5171.630975704291,4016.2423503316477,0.08300431368829932
42040,0.12504429480901078,3100.0810432488706,9202.976187002962,5206.16868845882,3996.8074985441417,0.08310960240509797
42045,0.12505916687071497,3138.1272044486477,9217.053439190106,5244.254185325055,3972.7992538650506,0.08325940427533361
42050,0.1250740389324192,3174.0489889867677,9229.99455499144,5285.981572326233,3944.0129826652064,0.0834025832477889
42055,0.1250889109941234,3207.3555588473764,9241.745567883398,5331.285536848153,3910.4600310352444,0.08353858967917335
42060,0.12510378305582762,3238.1684711565804,9252.300384824073,5379.939751128207,3872.3606336958665,0.0836750420652438
42065,0.1251186551175318,3267.1555720126107,9261.69096454791,5431.564040227033,3830.126924320877,0.08381297810192458
42070,0.12513352717923604,3295.4047196594993,9269.977736540981,5485.639564846545,3784.338171694436,0.08394187823120353
42075,0.12514839924094026,3324.249500149098,9277.2413621521,5541.530940840167,3735.710421311932,0.08406116376460171
42080,0.12516327130264446,3355.0654279249347,9283.57655299808,5598.514013147062,3685.0625398510183,0.08417030506268683
42085,0.12517814336434868,3389.0602362553054,9289.088251439845,5655.807888615997,3633.280362823848,0.08426884394360099
42090,0.12519301542605288,3427.08466548285,9293.890122232693,5712.609773094162,3581.280349138531,0.08441163369396493
42095,0.1252078874877571,3469.489614364117,9298.105049767692,5768.13112607943,3529.9739236882615,0.08454401629135495
42100,0.1252227595494613,3516.051007118611,9301.867185581155,5821.633630840643,3480.233554740513,0.08466546486274557
42105,0.12523763161116552,3565.975352111491,9305.325013832575,5872.463485274631,3432.8615285579435,0.08479317953056321
42110,0.12525250367286972,3617.987720025324,9308.644850529128,5920.082563916472,3388.562286612656,0.08491243207829766
42115,0.12526737573457394,3670.4915352864436,9312.014128407425,5964.095097755621,3347.919030651804,0.08502076051839073
42120,0.12528224779627814,3721.7783814207614,9315.643737534014,6004.2686694945905,3311.3750680394232,0.08511835713610347
42125,0.12529711985798236,3770.2581088216575,9319.768622127442,6040.548519477605,3279.220102649837,0.08520552068596174
42130,0.1253119919196866,3814.676411323726,9324.645831968455,6073.064387384945,3251.5814445835103,0.08530030329660927
42135,0.12532686398139078,3854.2892050303444,9330.549348115463,6102.1293651798605,3228.419982935602,0.08541859473188902
42140,0.125341736043095,3888.9699983871615,9337.761279200748,6128.230506402236,3209.530772798512,0.08554035519663569
42145,0.1253566081047992,3919.236510943456,9346.559445814155,6152.011236289238,3194.548209524917,0.08566462450780346
42150,0.12537148016650343,3946.194171215764,9357.201880941157,6174.245952066125,3182.9559288750315,0.08578028501484324
42155,0.12538635222820763,3971.4049519671235,9369.90928652545,6195.807601438265,3174.1016850871847,0.085887423171655
42160,0.12540122428991185,3996.698863568575,9384.846903764712,6217.629468194552,3167.21743557016,0.08598605316040725
42165,0.12541609635161605,4023.9514872994105,9402.107499140153,6240.662839650105,3161.4446594900483,0.08608498070202471
42170,0.12543096841332027,4054.8538902195824,9421.697197846932,6265.832622855949,3155.864574990983,0.08618390103805659
42175,0.12544584047502447,4090.7011967572053,9443.525714020228,6293.993249023469,3149.5324649967597,0.08627346539799761
42180,0.1254607125367287,4132.223292004058,9467.402173778257,6325.887302341701,3141.514871436556,0.08636916437309046
42185,0.12547558459843292,4179.4760222001005,9493.037266304209,6362.109199531907,3130.9280667723024,0.08648968633939959
42190,0.1254904566601371,4231.804380858465,9520.051957581212,6403.075933462217,3116.976024118995,0.08660032847997472
42195,0.12550532872184134,4287.8811976690995,9547.992517312652,6449.006415857859,3098.9861014547932,0.08670054142262323
42200,0.12552020078354553,4345.816573872956,9576.35117850682,6499.910374883905,3076.440803622915,0.08678978345047081
42205,0.12553507284524976,4403.325594314606,9604.591387731292,6555.587159402773,3049.0042283285193,0.08688084450743949
42210,0.12554994490695395,4457.935541694064,9632.176314356138,6615.634244128472,3016.542070227666,0.08696195343728602
42215,0.12556481696865818,4507.209689868013,9658.59906542795,6679.464769617839,2979.1342958101113,0.0870305985566887
42220,0.12557968903036237,4548.963307604892,9683.412896664066,6746.333110306229,2937.0797863578364,0.08708643228433698
42225,0.1255945610920666,4581.449007726693,9706.259622599067,6815.367235307809,2890.8923872912583,0.08713162727056874
42230,0.1256094331537708,4603.4928783907635,9726.89441998792,6885.606480017481,2841.2879399704398,0.08718010221204227
42235,0.12562430521547502,4614.569342057747,9745.205303535113,6956.043238916548,2789.1620646185647,0.0872441226692661
42240,0.12563917727717924,4614.8104293626,9761.225749566533,7025.666979723855,2735.558769842678,0.08730043930961792
42245,0.12565404933888344,4604.952944197707,9775.139266688859,7093.508838769641,2681.6304279192173,0.08735225675059181
42250,0.12566892140058766,4586.23368874641,9787.27516839806,7158.684885473931,2628.5902829241295,0.08739136606314696
42255,0.12568379346229186,4560.247656874738,9798.095378596066,7220.435970633588,2577.6594079624783,0.08741780222584464
42260,0.12569866552399608,4528.786481402169,9808.172759261988,7278.1619618643135,2530.0107973976747,0.08743528758462243
42265,0.12571353758570028,4493.674494644616,9818.162125408577,7331.448205326551,2486.7139200820257,0.08744849082051981
42270,0.1257284096474045,4456.617954557186,9828.765721654941,7380.082322127536,2448.6833995274055,0.08744931032430417
42275,0.1257432817091087,4419.079906807468,9840.695389972283,7424.0600067442465,2416.6353832280365,0.08743789720289889
42280,0.12575815377081292,4382.189405652011,9854.633891168312,7463.579338034035,2391.0545531342777,0.0874144147287778
42285,0.12577302583251712,4346.689892786655,9871.197823510665,7499.024154394221,2372.173669116444,0.08738159927210999
42290,0.12578789789422135,4312.927766611419,9890.904328582554,7530.938120665526,2359.9662079170275,0.0873570011115703
42295,0.12580276995592557,4280.878772123615,9914.143348211684,7559.992020356106,2354.1513278555785,0.08734265469391211
42300,0.12581764201762977,4250.206951923,9941.156684575182,7586.947349590091,2354.209334985091,0.08732320046090121
42305,0.125832514079334,4220.34865637645,9972.024608269854,7612.619346536128,2359.4052617337256,0.08729273090264118
42310,0.1258473861410382,4190.6126453157085,10006.66032592718,7637.842151044203,2368.8181748829766,0.08725120744628889
42315,0.1258622582027424,4160.286711070479,10044.812294386209,7663.4379618602115,2381.3743325259975,0.08719857174655408
42320,0.1258771302644466,4128.74150745703,10086.074147703255,7690.191040996804,2395.883106706451,0.08713836435805583
42325,0.12589200232615083,4095.5232581702003,10129.901849615339,7718.826438885397,2411.0754107299417,0.08706924754939466
42330,0.12590687438785503,4060.428522682012,10175.637544146286,7749.9925839762955,2425.6449601699906,0.08698873505035211
42335,0.12592174644955925,4023.555970427522,10222.539399952526,7784.246523379393,2438.292876573133,0.08689872146701716
42340,0.12593661851126345,3985.331947594199,10269.816497591115,7822.040643201573,2447.7758543895416,0.08679748376510246
42345,0.12595149057296767,3946.508393560347,10316.66748975203,7863.710071347942,2452.9574184040875,0.08668461741595082
42350,0.1259663626346719,3908.1333372165454,10362.321398686727,7909.460541712943,2452.8608569737835,0.08656010322888312
42355,0.1259812346963761,3871.495793481625,10406.07855140864,7959.357126836282,2446.721424572358,0.08642396404813997
42360,0.12599610675808032,3838.048419378185,10447.349352244339,8013.314795042685,2434.034557201654,0.08627626846345675
42365,0.1260109788197845,3809.3127988216092,10485.688414655662,8071.092129615752,2414.59628503991,0.08613418560577585
42370,0.12602585088148874,3786.7736933485903,10520.82157206828,8132.2897197372395,2388.5318523310407,0.08599531332274356
42375,0.12604072294319293,3771.769955530004,10552.663498436972,8196.354686947758,2356.3088114892143,0.08584549735751655
42380,0.12605559500489716,3765.390913139823,10581.324113187165,8262.592553492457,2318.7315596947083,0.08568492123799373
42385,0.12607046706660135,3768.3876822904795,10607.102619840964,8330.18720188148,2276.9154179594843,0.0855137896725513
42390,0.12608533912830558,3781.1088001694416,10630.468904993017,8398.229038116237,2232.23986687678,0.08533231497743039
42395,0.12610021119000978,3803.46854019647,10652.033046330953,8465.75069449136,2186.2823518395926,0.08514070460682742
42400,0.126115083251714,3834.954128835243,10672.504756731898,8531.768764773007,2140.7359919588907,0.08493915127604339
42405,0.12612995531341822,3874.674818412699,10692.645612461141,8595.329262687275,2097.316349773866,0.08472782680991495
42410,0.12614482737512242,3921.451570534383,10713.217750454834,8655.553863665178,2057.6638867896563,0.08450688031858515
42415,0.12615969943682664,3973.941355132398,10734.93325060384,8711.68365380249,2023.24959680135,0.08427644069401317
42420,0.12617457149853084,4030.7853294128017,10758.408546635499,8763.117154654785,1995.2913919807143,0.0840366228459842
42425,0.12618944356023507,4090.7661002043997,10784.127878768686,8809.439836099677,1974.6880426690095,0.08378753665676285
42430,0.12620431562193926,4152.956588205435,10812.419012463602,8850.443109999676,1961.975902463926,0.08352929739109924
42435,0.12621918768364349,4216.842311594335,10843.443258714997,8886.131782369363,1957.3114763456342,0.08326203626397571
42440,0.12623405974534768,4282.4005834473755,10877.200356752259,8916.719960897402,1960.4803958548564,0.08298591000703112
42445,0.1262489318070519,4350.124233037486,10913.547180085721,8942.61630561411,1970.9308744716109,0.08270110852327872
42450,0.1262638038687561,4420.983659355081,10952.227692994627,8964.400161894977,1987.8275310996505,0.08241466951055347
42455,0.12627867593046033,4496.328533832455,10992.910317708036,8982.790490583044,2010.1198271249923,0.08213750522560756
42460,0.12629354799216455,4577.738206802845,11035.228056823082,8998.60964535573,2036.6184114673524,0.08185215572405219
42465,0.12630842005386875,4666.836655454569,11078.816487275304,9012.744022482104,2066.0724647932,0.08155897103724263
42470,0.12632329211557297,4765.0925990926835,11123.345161096577,9026.103508450291,2097.2416526462857,0.08125833812521585
42475,0.12633816417727717,4873.627506255886,11168.538976212718,9039.581535350642,2128.9574408620756,0.08095067121377539
42480,0.1263530362389814,4993.053384735928,11214.187578950565,9054.017438846207,2160.1701401043574,0.08063640032388143
42485,0.1263679083006856,5123.358687356587,11260.1426071431,9070.162678912318,2189.9799282307813,0.08031595866884678
42490,0.1263827803623898,5263.854968947991,11306.30431275905,9088.652291417826,2217.652021341224,0.07998976968418528
42495,0.126397652424094,5413.189944284866,11352.60055468445,9109.982657119532,2242.617897564918,0.07965823449108475
42500,0.12641252448579823,5569.425302266993,11398.962117284236,9134.496294602615,2264.465822681621,0.07932172054871958
42505,0.12642739654750243,5730.170971286768,11445.298668277259,9162.373926777245,2282.9247415000136,0.07898055211779466
42510,0.12644226860920665,5892.762240787467,11491.479402484245,9193.633586345792,2297.8458161384533,0.07863500296297227
42515,0.12645714067091088,6054.46262757101,11537.32160480855,9228.136082362686,2309.185522445865,0.07828529151130668
42520,0.12647201273261507,6212.673682480459,11582.589158625864,9265.595819473878,2316.993339151986,0.07805902072131927
42525,0.1264868847943193,6365.132860262118,11627.001617791975,9305.595802112915,2321.4058156790597,0.07812997481965603
42530,0.1265017568560235,6510.081843963252,11670.25305150661,9347.605694620785,2322.6473568858255,0.07806503301526914
42535,0.12651662891772772,6646.390130035632,11712.038637843898,9391.002026549977,2321.036611293921,0.07787576700701998
42540,0.12653150097943192,6773.622188374001,11752.086055398215,9435.089963175866,2316.996092222349,0.07802024788113268
42545,0.12654637304113614,6892.041132069373,11790.188179019942,9479.12639970106,2311.061779318883,0.07803500398379429
42550,0.12656124510284034,7002.547499050267,11826.233444275815,9522.344367851549,2303.889076424266,0.07789853063172676
42555,0.12657611716454456,7106.558155035349,11860.230477392948,9563.978772256934,2296.2517051360137,0.07778209591071483
42560,0.12659098922624876,7205.83685378766,11892.32413131795,9603.293262277737,2289.0308690402126,0.07788084768419187
42565,0.12660586128795298,7302.293759794637,11922.800846253127,9639.607625463219,2283.193220789908,0.07783603864529802
42570,0.1266207333496572,7397.775291764501,11952.082185513062,9672.324563243898,2279.757622269164,0.07772554824456203
42575,0.1266356054113614,7493.867179640358,11980.706412299425,9700.954224684476,2279.7521876149494,0.07771410989921465
42580,0.12665047747306563,7591.732212003957,12009.29900465899,9725.134584883252,2284.1644197757378,0.07776377606134528
42585,0.12666534953476982,7691.99985667856,12038.533990639426,9744.645780739946,2293.88820989948,0.07770385374973146
42590,0.12668022159647405,7794.718347360862,12069.08885497102,9759.4169080925,2309.6719468785195,0.0775267108936068
42595,0.12669509365817824,7899.371923786794,12101.596447326323,9769.524501331056,2332.071945995267,0.07761482823287544
42600,0.12670996571988247,8004.957882392842,12136.597734674542,9775.18283627421,2361.4148984003314,0.07761290250089281
42605,0.12672483778158666,8110.111116261844,12174.499322702326,9776.727140761364,2397.7721819409617,0.07749547349943256
42610,0.1267397098432909,8213.25886087044,12215.539387208973,9774.591577255223,2440.94780995375,0.07729284960234162
42615,0.12675458190499508,8312.786011234586,12259.765009389217,9769.284329965381,2490.4806794238357,0.07739385534899096
42620,0.1267694539666993,8407.19178505474,12307.022948566877,9761.362214304154,2545.660734262723,0.07735123101556528
42625,0.12678432602840353,8495.22137905623,12356.964705849006,9751.40694667588,2605.557759173127,0.07714597361148731
42630,0.12679919809010773,8575.960945367906,12409.065459554906,9740.004659245476,2669.0608003094294,0.07707041595894365
42635,0.12681407015181195,8648.889829432825,12462.65523255594,9727.729549508804,2734.9256830471368,0.07710534351943579
42640,0.12682894221351615,8713.889649523167,12516.959623438053,9715.131851235923,2801.8277722021303,0.07698758202137485
42645,0.12684381427522037,8771.214674100365,12571.14671361235,9702.729705987156,2868.417007625194,0.07670068509099337
42650,0.12685868633692457,8821.431524897373,12624.376423659553,9691.004064109733,2933.3723595498195,0.07679224919333044
42655,0.1268735583986288,8865.338257944455,12675.84865219845,9680.395472451177,2995.4531797472737,0.0767670202171022
42660,0.126888430460333,8903.87339544003,12724.846949781919,9671.301508580387,3053.5454412015315,0.07658358221391347
42665,0.12690330252203721,8938.024766457795,12770.775168835129,9664.073684927642,3106.7014839074873,0.07639397250147002
42670,0.1269181745837414,8968.746453539288,12813.185364984629,9659.012860181198,3154.1725048034314,0.07646643642152837
42675,0.12693304664544564,8996.890133659614,12851.796072050056,9656.362552137309,3195.433519912747,0.07639417943644801
42680,0.12694791870714986,9023.154956791635,12886.500816771184,9656.300031693752,3230.2007850774316,0.07621827147565094
42685,0.12696279076885406,9048.05800686933,12917.36730591035,9658.925654506435,3258.441651403915,0.07605814089839569
42690,0.12697766283055828,9071.925426944656,12944.628089116597,9664.251481944835,3280.376607171762,0.076097227447807
42695,0.12699253489226248,9094.902535550897,12968.663710371919,9672.190748037896,3296.4729623340227,0.07598942813247028
42700,0.1270074069539667,9116.979832647727,12989.979477781615,9682.55001977945,3307.429458002165,0.07580349169249408
42705,0.1270222790156709,9138.030844216251,13009.177079121371,9695.025869526986,3314.1512095943854,0.07569603779359822
42710,0.12703715107737512,9157.857397306707,13026.922396664511,9709.207485438457,3317.714911226054,0.07570877236877942
42715,0.12705202313907932,9176.238146260632,13043.911034269755,9724.58593357953,3319.3251006902246,0.07557479830710334
42720,0.12706689520078354,9192.976838488348,13060.833225521978,9740.569891694833,3320.2633338271444,0.07540201442575013
42725,0.12708176726248774,9207.947662944638,13078.33988443114,9756.506803153501,3321.8330812776385,0.07532829004945758
42730,0.12709663932419196,9221.135775723838,13097.011535269346,9771.707763257338,3325.3037720120083,0.07532185654652548
42735,0.1271115113858962,9232.671492842685,13117.331689388393,9785.474204822025,3331.857484566368,0.07518889330745204
42740,0.12712638344760038,9242.85657097458,13139.665935795218,9797.124639391652,3342.541296403566,0.07503424108402024
42745,0.1271412555093046,9252.18059440238,13164.24762065835,9806.020244400008,3358.2273762583427,0.07493928877435775
42750,0.1271561275710088,9261.3251253214,13191.17056315363,9811.588764654689,3379.5817984989408,0.074919404146005
42755,0.12717099963271303,9271.153397340157,13220.388839348665,9813.346772100476,3407.0420672481887,0.07477330023265888
42760,0.12718587169441722,9282.684176431918,13251.723293173856,9810.920591924916,3440.80270124894,0.07462567907769797
42765,0.12720074375612145,9297.04984852188,13284.874117270143,9804.066056707303,3480.80806056284,0.07450486391283197
42770,0.12721561581782564,9315.440411350723,13319.438589121459,9792.686738284654,3526.751850836805,0.07447751922707799
42775,0.12723048787952987,9339.036452535453,13354.932849826471,9776.849600491518,3578.0832493349535,0.07431504324270054
42780,0.12724535994123407,9368.935231689207,13390.816477873208,9756.796352431866,3634.0201254413423,0.07415502028414106
42785,0.1272602320029383,9406.074747686462,13426.518545088722,9732.948387657485,3693.570157431237,0.07402941312880466
42790,0.1272751040646425,9451.16131508405,13461.46385243988,9705.903217925457,3755.5606345144224,0.07400337863306246
42795,0.1272899761263467,9504.60670078018,13495.09812841416,9676.42078788124,3818.6773405329204,0.07384937392348354
42800,0.12730484818805093,9566.48107812221,13526.911120782323,9645.39891813468,3881.512202647642,0.07368460060929136
42805,0.12731972024975513,9636.4876265006,13556.456701667985,9613.83822210583,3942.6184795621557,0.07357754408466222
42810,0.12733459231145935,9713.963292408196,13583.36930942741,9582.79799823868,4000.571311188729,0.07352524588310096
42815,0.12734946437316355,9797.908000386753,13607.376246461237,9553.34564246438,4054.030603996858,0.07339023052793683
42820,0.12736433643486778,9887.041690179973,13628.30553012352,9526.502917839465,4101.802612284055,0.07323447379938627
42825,0.12737920849657197,9979.885388667248,13646.08916076559,9503.192864174785,4142.896296590805,0.07312827257160992
42830,0.1273940805582762,10074.859582990714,13660.761844170309,9484.1911797743,4176.570664396009,0.07305493200229456
42835,0.1274089526199804,10170.390846408558,13672.455401833351,9470.085553389043,4202.369848444308,0.07294573860330167
42840,0.12742382468168462,10265.016257011246,13681.389324092914,9461.24570626549,4220.143617827423,0.07276963962818021
42845,0.12743869674338884,10357.474825915695,13687.858147929508,9457.805910040957,4230.052237888551,0.07292343384378686
42850,0.12745356880509304,10446.776049601187,13692.21653329247,9459.660611204861,4232.555922087609,0.07320668735546104
42855,0.12746844086679726,10532.23788025031,13694.86302182635,9466.47268269405,4228.3903391323,0.07347705776838195
42860,0.12748331292850146,10613.489766135883,13696.223453692752,9477.692902930648,4218.530550762103,0.07373485776707733
42865,0.12749818499020568,10690.440587473473,13696.734882723249,9492.588655195315,4204.146227527934,0.07398105801797328
42870,0.12751305705190988,10763.21565661629,13696.830592160783,9510.279591658693,4186.55100050209,0.07421689611179735
42875,0.1275279291136141,10832.070675537509,13696.926525669789,9529.778074184453,4167.148451485336,0.07444407917660822
42880,0.1275428011753183,10897.292994299472,13697.409176886156,9550.032476214477,4147.376700671679,0.07470845714744755
42885,0.12755767323702252,10959.101436180925,13698.624784364365,9569.971766191447,4128.653018172918,0.07496329948636357
42890,0.12757254529872672,11017.555545914054,13700.869593378604,9588.550068741886,4112.319524636718,0.07520976746874215
42895,0.12758741736043094,11072.483820970137,13704.380977259285,9604.790040050513,4099.590937208772,0.07544867513577748
42900,0.12760228942213517,11123.438677975326,13709.329336816323,9617.823883541803,4091.50545327452,0.0756802957448645
42905,0.12761716148383936,11169.683685099235,13715.810877322365,9626.930706803803,4088.8801705185615,0.07590434002633559
42910,0.1276320335455436,11210.215794350755,13723.84155458707,9631.568745572564,4092.2728090145065,0.07613441057010008
42915,0.12764690560724778,11243.821749978159,13733.352647272486,9631.400831859668,4101.951815412818,0.07640476643112198
42920,0.127661777668952,11269.163651853542,13744.188526061569,9626.311438821445,4117.877087240124,0.07666709967376076
42925,0.1276766497306562,11284.88444585106,13756.107237263075,9616.413766402839,4139.693470860237,0.07694903484454045
42930,0.12769152179236043,11289.720910857222,13768.784490963377,9602.045692178855,4166.738798784521,0.07723711735871754
42935,0.12770639385406463,11282.610483462176,13781.82153565947,9583.754018344109,4198.067517315361,0.0775156624978087
42940,0.12772126591576885,11262.779466368971,13794.757207020912,9562.267264776958,4232.489942243954,0.07778338330929493
42945,0.12773613797747305,11229.803540233566,13807.084157750462,9538.458197797954,4268.625959952507,0.0780389868418871
42950,0.12775101003917727,11183.63616444956,13818.268920674302,9513.298207305534,4304.970713368768,0.07828131813499788
42955,0.1277658821008815,11124.605251645438,13827.775058355784,9487.806401485104,4339.96865687068,0.07850950231844513
42960,0.1277807541625857,11053.382388390499,13835.08825774492,9462.996760039852,4372.091497705067,0.07872304264821652
42965,0.12779562622428992,10970.931232626068,13839.741896855983,9439.826818608946,4399.915078247037,0.07893485176199784
42970,0.1278104982859941,10878.442465596878,13841.341401079606,9419.151160773667,4422.190240305939,0.07916519127467139
42975,0.12782537034769834,10777.262143857482,13839.58566423207,9401.682529837492,4437.903134394579,0.07938068486126003
42980,0.12784024240940253,10668.8190076949,13834.283953082371,9387.962718181232,4446.321234901139,0.07958160845271685
42985,0.12785511447110676,10554.554796920353,13825.367032043483,9378.344617284512,4447.022414758971,0.07976855872629526
42990,0.12786998653281095,10435.86036580484,13812.89169729526,9372.9859678857,4439.90572940956,0.07994231400280295
42995,0.12788485859451518,10314.019667812403,13797.038438637801,9371.854479590924,4425.183959046877,0.08010366810796629
43000,0.12789973065621937,10190.163532789042,13778.10248788055,9374.743145611945,4403.359342268604,0.08025327729631246
43005,0.1279146027179236,10065.235354653925,13756.479002627044,9381.293836925372,4375.185165701672,0.0804267231730475
43010,0.12792947477962782,9939.970951412311,13732.643522521632,9391.026710664592,4341.61681185704,0.0805891896231238
43015,0.12794434684133202,9814.894544745963,13707.129086433099,9403.37268889216,4303.756397540939,0.08074076743804968
43020,0.12795921890303624,9690.331767570447,13680.50149895428,9417.706295859849,4262.795203094431,0.08095317778349562
43025,0.12797409096474044,9566.43884931766,13653.33418931307,9433.376467755978,4219.957721557092,0.08117446370666818
43030,0.12798896302644466,9443.244982078842,13626.183940686002,9449.733496343875,4176.4504443421265,0.08138465583168718
43035,0.12800383508814886,9320.702907595161,13599.568522865948,9466.150929501498,4133.417593364449,0.08158354067072818
43040,0.12801870714985308,9198.741569792195,13573.946984079384,9482.041918528146,4091.9050655512383,0.08177056216221248
43045,0.12803357921155728,9077.314602028406,13549.703094457222,9496.870093212021,4052.8330012452006,0.08196023449658746
43050,0.1280484512732615,8956.439457545213,13527.132218085279,9510.155521745328,4016.9766963399506,0.08217083261177476
43055,0.1280633233349657,8836.223821270167,13506.431738378338,9521.476669840458,3984.95506853788,0.08236947911961731
43060,0.12807819539666992,8716.878063526785,13487.695070704744,9530.469525179831,3957.2255455249124,0.08255544445939049
43065,0.12809306745837415,8598.714428684232,13470.909252335647,9536.825209713696,3934.084042621951,0.08272787008197428
43070,0.12810793952007835,8482.135078274438,13455.956081621767,9540.287457072758,3915.668624549009,0.08288593081418567
43075,0.12812281158178257,8367.611934240671,13442.616762523427,9540.651261706698,3901.9655008167283,0.08304308228372234
43080,0.12813768364348677,8255.661552174932,13430.579977620902,9537.763780356692,3892.81619726421,0.08322110153952494
43085,0.128152555705191,8146.818091585286,13419.453251405317,9531.528167235794,3887.925084169523,0.08338414630746496
43090,0.1281674277668952,8041.606914612634,13408.777375783759,9521.91046453945,3886.8669112443094,0.08353157043727302
43095,0.1281822998285994,7940.520524268599,13398.043559660055,9508.949003978216,3889.0945556818388,0.0836629624403437
43100,0.1281971718903036,7843.99760122402,13386.712846968529,9492.765097048872,3893.9477499196564,0.08377820277922046
43105,0.12821204395200783,7752.405023994501,13374.23723643186,9473.573219349353,3900.6640170825067,0.0839004334833249
43110,0.12822691601371203,7666.022162433369,13360.081842491509,9451.688543624692,3908.3932988668166,0.08403049706819177
43115,0.12824178807541625,7585.026545884033,13343.747365202738,9427.529635391329,3916.2177298114093,0.084143616140307
43120,0.12825666013712048,7509.480245586496,13324.792084589433,9401.614432973514,3923.177651615919,0.08423998152752728
43125,0.12827153219882467,7439.316893037346,13302.852554599183,9374.548268751681,3928.304285847502,0.08432005731014618
43130,0.1282864042605289,7374.33003041562,13277.662137539912,9347.00356920202,3930.6585683378926,0.08440173192214266
43135,0.1283012763222331,7314.164286314433,13249.066492978742,9319.691872730102,3929.37462024864,0.0845049810891377
43140,0.12831614838393732,7258.311531489413,13217.03512593275,9293.32978163115,3923.705344301601,0.08464928507884516
43145,0.1283310204456415,7206.114545218862,13181.668126457049,9268.601278408876,3913.0668480481727,0.08477641957931309
43150,0.12834589250734574,7156.780660383299,13143.19732026548,9246.119372832067,3897.077947433414,0.08488695284229113
43155,0.12836076456904993,7109.4072249206765,13101.981220883861,9226.390229502102,3875.5909913817595,0.08504017311505771
43160,0.12837563663075416,7063.019472989484,13058.493443118963,9209.78273048755,3848.710712631413,0.08517614943666763
43165,0.12839050869245835,7016.619635649459,13013.304605236402,9196.505882594325,3816.7987226420773,0.08529532251708725
43170,0.12840538075416258,6969.244088333104,12967.05819452726,9186.59566627041,3780.4625282568504,0.08539821037370887
43175,0.1284202528158668,6920.023400803753,12920.441360888686,9179.911968432736,3740.52939245595,0.08548541181526637
43180,0.128435124877571,6868.238735551362,12874.152083814828,9176.145293778769,3698.006790036059,0.0855954178360514
43185,0.12844999693927522,6813.36748215997,12828.864568813018,9174.832152805637,3654.0324160073815,0.08570836011907881
43190,0.12846486900097942,6755.111513298171,12785.195007851165,9175.377488052056,3609.8175197991095,0.0858059607680299
43195,0.12847974106268364,6693.402988288713,12743.669932438985,9177.082269714194,3566.587662724791,0.08588904331139016
43200,0.12849461312438784,6628.384999574488,12704.699265845804,9179.174443414047,3525.5248224317565,0.08595849825101788
43205,0.12850948518609207,6560.367212606858,12668.555842411391,9180.841662883877,3487.7141795275147,0.08604460150426001
43210,0.12852435724779626,6489.759620158916,12635.362642687109,9181.264574162513,3454.098068524596,0.08613868741226721
43215,0.12853922930950049,6416.9902955851685,12605.088361670287,9179.64972329085,3425.438638379437,0.08621922439494203
43220,0.12855410137120468,6342.415332083476,12577.551272179344,9175.261351145473,3402.289921033871,0.08628712244439622
43225,0.1285689734329089,6266.230772178526,12552.430757239303,9167.451371462637,3384.9793857766654,0.0863432860435298
43230,0.12858384549461313,6188.397034042516,12529.285436867382,9155.686702134468,3373.5987347329137,0.08641020217222872
43235,0.12859871755631733,6108.585891095963,12507.576543556981,9139.572884582341,3368.0036589746396,0.08648836327942608
43240,0.12861358961802155,6026.158275757689,12486.69510124608,9118.872673036363,3367.8224282097162,0.08655413573734864
43245,0.12862846167972575,5940.178041731671,12465.991490482229,9093.518119473054,3372.473371009175,0.08660835582807533
43250,0.12864333374142997,5849.462612362707,12444.806073411875,9063.614729508905,3381.1913439029704,0.08665183805681573
43255,0.12865820580313417,5752.666779806105,12422.499645171909,9029.436592321286,3393.0630528506226,0.08669173707583616
43260,0.1286730778648384,5648.391628757497,12398.482535978577,8991.412004940863,3407.0705310377143,0.0867544155934147
43265,0.1286879499265426,5535.307426668109,12372.241208162744,8950.0999533797,3422.141254783044,0.08680545875052115
43270,0.1287028219882468,5412.277849770389,12343.361205417828,8906.158745356155,3437.2024600616733,0.08684574553762402
43275,0.128717694049951,5278.473193463355,12311.54536896411,8860.308940098126,3451.2364288659846,0.08687614283381836
43280,0.12873256611165523,5133.461957119387,12276.626387121534,8813.293332014639,3463.3330551068957,0.08689749390561308
43285,0.12874743817335946,4977.272865443354,12238.573017516614,8765.837017355932,3472.736000160681,0.08694454934797294
43290,0.12876231023506365,4810.422416143154,12197.489703637166,8718.610484195126,3478.8792194420403,0.08698237734477092
43295,0.12877718229676788,4633.905998678182,12153.609751261014,8672.198263367289,3481.4114878937253,0.08701057585130133
43300,0.12879205435847207,4449.153319818207,12107.282663096179,8627.075053697941,3480.2076093982378,0.08703007361371681
43305,0.1288069264201763,4257.951292682346,12058.956577582649,8583.590494477166,3475.366083105482,0.08704787882584329
43310,0.1288217984818805,4062.33975342542,12009.156968103067,8541.962991632157,3467.1939764709095,0.08708568481835773
43315,0.12883667054358472,3864.4873846504324,11958.462819255656,8502.282271122613,3456.180548133043,0.08711405116541682
43320,0.12885154260528892,3666.556991268837,11907.481438486207,8464.519670968044,3442.9617675181635,0.08713390987537709
43325,0.12886641466699314,3470.5706500338,11856.822946124053,8428.544626005201,3428.278320118852,0.08714610663670132
43330,0.12888128672869734,3278.2860129581813,11807.075381799426,8394.145388569668,3412.929993229758,0.08716756831184862
43335,0.12889615879040156,3091.0949246777027,11758.781314896802,8361.051806305115,3397.7295085916867,0.08719841058298354
43340,0.12891103085210578,2909.9542946427837,11712.416854776358,8328.957972616194,3383.4588821601646,0.087220523382733
43345,0.12892590291380998,2735.3567483916686,11668.373984192684,8297.542775988944,3370.831208203739,0.08723467794053073
43350,0.1289407749755142,2567.345041372454,11626.947120678344,8266.486771342965,3360.460349335379,0.08725836263713926
43355,0.1289556470372184,2405.5698302026476,11588.32467949836,8235.484323498033,3352.840356000328,0.08731752704910352
43360,0.12897051909892263,2249.3856510863416,11552.58613007725,8204.250560461505,3348.335569615745,0.08736599066554164
43365,0.12898539116062682,2097.975508169623,11519.704615366427,8172.52325889123,3347.1813564751965,0.087404091090131
43370,0.12900026322233105,1950.4910113483857,11489.554700440449,8140.060321077084,3349.4943793633647,0.08743209463103964
43375,0.12901513528403524,1806.1930676117163,11461.924327175873,8106.633963412337,3355.2903637635363,0.08745018775870891
43380,0.12903000734573947,1664.577994471002,11436.529677210028,8072.023092833143,3364.5065843768853,0.08749761607594629
43385,0.12904487940744366,1525.4755517605754,11413.031464121505,8036.005561842239,3377.025902279265,0.08754102789792034
43390,0.1290597514691479,1389.1084869312026,11391.051223363735,7998.352020748791,3392.6992026149437,0.08757385828548515
43395,0.1290746235308521,1256.107315396529,11370.186430153346,7958.82289496276,3411.363535190586,0.08759620482501705
43400,0.1290894955925563,1127.4787259546447,11350.02369251931,7917.169602189108,3432.854090330201,0.0876080743207649
43405,0.12910436765426053,1004.5307489537972,11330.14975294999,7873.140527432159,3457.0092255178315,0.087620611461134
43410,0.12911923971596473,888.7622220800013,11310.160495035365,7826.491575338494,3483.668919696871,0.0876579001887454
43415,0.12913411177766895,781.727727338277,11289.668511600854,7777.000434716537,3512.668076884317,0.08768389491773443
43420,0.12914898383937315,684.8916838547284,11268.309993888635,7724.48313932032,3543.826854568315,0.08769849600325615
43425,0.12916385590107737,599.4863918590399,11245.751723709855,7668.811183678184,3576.940540031671,0.08770154561136909
43430,0.12917872796278157,526.3884151859747,11221.698799182499,7609.927390255381,3611.7714089271176,0.08769284700376091
43435,0.1291936000244858,466.02581394855224,11195.903433576163,7547.85890279029,3648.0445307858727,0.08771817329422477
43440,0.12920847208619,418.325591213852,11168.174790268293,7482.726032758274,3685.4487575100184,0.08773514553157778
43445,0.12922334414789421,382.7066010858771,11138.389419096166,7414.746124360518,3723.643294735648,0.08773955403947603
43450,0.12923821620959844,358.11847239429426,11106.501503416222,7344.23204937092,3762.269454045302,0.08773119864284107
43455,0.12925308827130264,343.12230461010586,11072.551864908251,7271.5853480155365,3800.966516892715,0.08770988005256232
43460,0.12926796033300686,336.0045257719221,11036.674540091768,7197.284383238804,3839.3901568529636,0.08772122869819593
43465,0.12928283239471106,334.911913539926,10999.099755749414,7121.868183087607,3877.231572661807,0.08772817948975889
43470,0.12929770445641528,337.99383580463746,10960.152289501882,7045.916917604655,3914.235371897227,0.08772140685287115
43475,0.12931257651811948,343.5375336976713,10920.24449082177,6970.030178783009,3950.21431203876,0.0877007207319337
43480,0.1293274485798237,350.0837240098226,10879.863629045596,6894.804366126613,3985.059262918983,0.08766596380574265
43485,0.1293423206415279,356.51261387718296,10839.553691630956,6820.810478705098,4018.7432129258577,0.08767017927394644
43490,0.12935719270323212,362.0940549192064,10799.892235194457,6748.57344813552,4051.3187870589363,0.08766674952402603
43495,0.12937206476493632,366.49940832868106,10761.463348350178,6678.5538299774535,4082.909518372725,0.08764830368244812
43500,0.12938693682664054,369.77623314846824,10724.82817594151,6611.132271805147,4113.6959041363625,0.08761472353534014
43505,0.12940180888834477,372.28984022484383,10690.494743675652,6546.596804086616,4143.897939589036,0.0875692355674856
43510,0.12941668095004896,374.63799859833216,10658.888986330632,6485.132769984676,4173.756216345956,0.08756991829525462
43515,0.1294315530117532,377.5467273632685,10630.32890869767,6426.8151976627105,4203.513711034959,0.08755434464988159
43520,0.12944642507345738,381.75627336159505,10605.003691958691,6371.60362390545,4233.400068053241,0.08752249723544824
43525,0.1294612971351616,387.907093250391,10582.959302025272,6319.339719619326,4263.619582405946,0.08747445913518616
43530,0.1294761691968658,396.43582099411924,10564.091771455405,6269.748410249776,4294.34336120563,0.08742697334633756
43535,0.12949104125857003,407.490619212419,10548.148834947575,6222.443386121031,4325.705448826544,0.0874145829304214
43540,0.12950591332027422,420.873827416367,10534.740035936342,6176.9378613303425,4357.802174605999,0.08738500688803645
43545,0.12952078538197845,436.0174186293634,10523.354837083141,6132.661139515162,4390.693697567979,0.08733845941748174
43550,0.12953565744368264,451.99364396671535,10513.38771730859,6088.98102727023,4424.40669003836,0.0872752472384308
43555,0.12955052950538687,467.5597393727794,10504.168778719724,6045.23149679347,4458.937281926254,0.08721694861698441
43560,0.1295654015670911,481.23212921347294,10494.998062450437,6000.744350638952,4494.253711811485,0.08719170827047922
43565,0.1295802736287953,491.3826076033065,10485.181604612279,5954.883084522828,4530.298520089451,0.08714896329057618
43570,0.1295951456904995,496.34684759015454,10474.067246583123,5907.076755931235,4566.990490651888,0.08708905456062267
43575,0.1296100177522037,494.53452268354977,10461.078318713264,5856.851497869022,4604.226820844242,0.0870123949264884
43580,0.12962488981390793,484.5304769817376,10445.743502198251,5803.857396659032,4641.886105539219,0.08693757910282301
43585,0.12963976187561213,465.17779240083655,10427.721401013207,5747.8887852524895,4679.832615760717,0.08690233387241358
43590,0.12965463393731635,435.6361549749563,10406.818598776916,5688.896564435269,4717.922034341646,0.0868492684731028
43595,0.12966950599902055,395.4122821151823,10383.000229005986,5626.991891806494,4756.0083371994915,0.08677871297393164
43600,0.12968437806072478,344.3627951778508,10356.392366193537,5562.44137389693,4793.950992296607,0.08669107052897052
43605,0.12969925012242897,282.6731500364913,10327.275875740008,5495.654638067764,4831.621237672244,0.08660603323284462
43610,0.1297141221841332,210.81847711218506,10296.071767209463,5427.165728690817,4868.906038518647,0.08656279615790835
43615,0.12972899424583742,129.51308168892228,10263.318585480258,5357.610080884346,4905.708504595912,0.08650081497642094
43620,0.12974386630754162,39.65492551884017,10229.642929618894,5287.698846552488,4941.944083066406,0.0864204598108634
43625,0.12975873836924584,-57.72998893915519,10195.724761800648,5218.192117591864,4977.5326442087835,0.08632224325123458
43630,0.12977361043095004,-161.5402087677885,10162.25968494676,5149.872197215995,5012.387487730766,0.08623455206407618
43635,0.12978848249265426,-270.6468883084053,10129.920741309237,5083.517623925259,5046.4031173839785,0.08618281582082207
43640,0.12980335455435846,-383.9368320082094,10099.32243310986,5019.878260041293,5079.444173068568,0.08611149509113121
43645,0.12981822661606268,-500.3503331463089,10070.989534754695,4959.651497221239,5111.338037533456,0.08602134494581723
43650,0.12983309867776688,-618.9132969596085,10045.332842577247,4903.459547378082,5141.873295199165,0.08591542411538108
43655,0.1298479707394711,-738.762486441502,10022.633334407896,4851.827884425755,5170.805449982141,0.08585414725388987
43660,0.1298628428011753,-859.1620954537457,10003.035378792976,4805.165152536387,5197.870226256589,0.08577495821687219
43665,0.12987771486287952,-979.5095479326192,9986.548766190148,4763.745203747431,5222.803562442717,0.08568960740559758
43670,0.12989258692458375,-1099.3286632620102,9973.058561439888,4727.692290993551,5245.366270446337,0.08559424247324963
43675,0.12990745898628794,-1218.2492195780242,9962.341204663659,4696.970725011715,5265.370479651943,0.08552779001385165
43680,0.12992233104799217,-1335.9734589407908,9954.084976522921,4671.38040836426,5282.7045681586615,0.08547026215789395
43685,0.12993720310969636,-1452.2320298241984,9947.912896345904,4650.559515208708,5297.353381137196,0.0853954645323102
43690,0.1299520751714006,-1566.7339170075802,9943.406289289085,4633.995170076457,5309.411119212628,0.08530499184633603
43695,0.12996694723310478,-1679.116616074497,9940.127560292976,4621.042336986551,5319.085223306425,0.0852004648441367
43700,0.129981819294809,-1788.9037079357577,9937.641061388831,4610.950365762973,5326.690695625858,0.08514528195207392
43705,0.1299966913565132,-1895.4767480513765,9935.531267378465,4602.8958921651065,5332.635375213358,0.08509354868194464
43710,0.13001156341821743,-1998.0669237248567,9933.417749246091,4596.020182938896,5337.397566307195,0.08502378667030887
43715,0.13002643547992163,-2095.7694561539456,9930.966655478642,4589.468644795187,5341.498010683455,0.08493744807960235
43720,0.13004130754162585,-2187.580663485768,9927.898601816298,4582.430105659959,5345.468496156339,0.08483606459682082
43725,0.13005617960333007,-2272.4544924660213,9923.993057021968,4574.17359829787,5349.819458724098,0.08475207363883076
43730,0.13007105166503427,-2349.372677744783,9919.089510042702,4564.080666155775,5355.008843886927,0.0847006375629295
43735,0.1300859237267385,-2417.4208931316407,9913.085904395331,4551.671598187601,5361.41430620773,0.08462993580594962
43740,0.1301007957884427,-2475.8625536006575,9905.935000404592,4536.624430190608,5369.310570213984,0.08454170127013834
43745,0.13011566785014692,-2524.202373549557,9897.639437079653,4518.785999196172,5378.853437883481,0.08443779621171392
43750,0.1301305399118511,-2562.2332644004464,9888.246279169234,4498.174800698873,5390.071478470361,0.08432015844296478
43755,0.13014541197355534,-2590.0623639899495,9877.841733961353,4474.975876079541,5402.865857881812,0.0842568959323544
43760,0.13016028403525953,-2608.114506303563,9866.546513406383,4449.528434156004,5417.01807925038,0.08418304980586232
43765,0.13017515609696376,-2617.1138188568066,9854.512032578397,4422.307345562102,5432.204687016296,0.08409223871022979
43770,0.13019002815866795,-2618.0460371037834,9841.917328292891,4393.899980191298,5448.017348101594,0.08398659786504607
43775,0.13020490022037218,-2612.1053982615813,9828.966314287036,4364.980024656063,5463.986289630973,0.08386826215764061
43780,0.1302197722820764,-2600.6306577289006,9815.884818824066,4336.2798828109535,5479.604936013113,0.08375965954624343
43785,0.1302346443437806,-2585.0350158829415,9802.916814679256,4308.563037468724,5494.353777210532,0.08368743560666995
43790,0.13024951640548482,-2566.734729891048,9790.319358775068,4282.597393657519,5507.721965117549,0.0835993293056162
43795,0.13026438846718902,-2547.0810353653387,9778.355985563456,4259.130224249846,5519.22576131361,0.08349741807880791
43800,0.13027926052889324,-2527.2997474371195,9767.288593455616,4238.86499389563,5528.4235995599865,0.08338372770070966
43805,0.13029413259059744,-2508.4425047493323,9757.36816096383,4222.440119854056,5534.928041109773,0.08326018379880329
43810,0.13030900465230166,-2491.35298179682,9748.824864531356,4210.409668795167,5538.415195736189,0.08316358594336735
43815,0.13032387671400586,-2476.650454677916,9741.8582975551,4203.226070576033,5538.632226979067,0.083081743187841
43820,0.13033874877571008,-2464.73183877706,9736.628493473761,4201.225101843936,5535.403391629826,0.08298613772882533
43825,0.13035362083741428,-2455.7917709567937,9733.248350560787,4204.6135873204885,5528.6347632402985,0.08287864949933182
43830,0.1303684928991185,-2449.8586077644613,9731.777883228857,4213.460423516753,5518.317459712104,0.08276109518713319
43835,0.13038336496082273,-2446.842545642615,9732.220537391766,4227.691605798068,5504.528931593698,0.08263519883632242
43840,0.13039823702252692,-2446.590670859022,9734.521654247035,4247.089913898869,5487.431740348166,0.08253832020578071
43845,0.13041310908423115,-2448.9428510758544,9738.569076323496,4271.299778725105,5467.269297598391,0.08244719804920835
43850,0.13042798114593535,-2453.7821878705863,9744.195862665609,4299.837620980136,5444.358241685472,0.08234396314171154
43855,0.13044285320763957,-2461.0743821481847,9751.185091986225,4332.107635596011,5419.077456390213,0.08223060401492485
43860,0.13045772526934377,-2470.8918177349633,9759.276744419494,4367.422624066089,5391.854120353405,0.0821090356008295
43865,0.130472597331048,-2483.4202748979933,9768.176625776478,4405.02909504766,5363.147530728817,0.08198105568904207
43870,0.1304874693927522,-2498.948613015714,9777.567209500883,4444.135521057859,5333.4316884430245,0.08187032473186323
43875,0.1305023414544564,-2517.844074395063,9787.120120495581,4483.942414018375,5303.177706477207,0.08177235494956599
43880,0.1305172135161606,-2540.5176305594096,9796.509795655862,4523.672802912809,5272.836992743053,0.08166503270482116
43885,0.13053208557786483,-2567.384726578721,9805.427669086916,4562.601763866345,5242.82590522057,0.08155036552564394
43890,0.13054695763956906,-2598.8268082035847,9813.596091525535,4600.083827628091,5213.5122638974435,0.08143020701831004
43895,0.13056182970127325,-2635.15829109077,9820.78114035371,4635.5773059516805,5185.20383440203,0.08130622232030187
43900,0.13057670176297748,-2676.602430096371,9826.803526344933,4668.664770166422,5158.13875617851,0.08117986169287056
43905,0.13059157382468167,-2723.2781431286767,9831.546948892745,4699.069041331301,5132.477907561443,0.08107851083325565
43910,0.1306064458863859,-2775.198412198515,9834.9634636766,4726.664112195132,5108.299351481469,0.08097520779755794
43915,0.1306213179480901,-2832.2794882542985,9837.075662373518,4751.480456291649,5085.595206081869,0.080867194415852
43920,0.13063619000979432,-2894.3587961260573,9837.975678740262,4773.704248428061,5064.271430312201,0.08075607435353162
43925,0.1306510620714985,-2961.2182574141007,9837.82119650599,4793.670176171294,5044.151020334697,0.0806484899557563
43930,0.13066593413320274,-3032.608906623903,9836.82872996146,4811.847786447411,5024.98094351405,0.08054102714405985
43935,0.13068080619490693,-3108.2724069022324,9835.26448873129,4828.821668218803,5006.442820512488,0.08043310617703743
43940,0.13069567825661116,-3187.9555576476323,9833.433152101412,4845.2661719027,4988.166980198712,0.08032525956900176
43945,0.13071055031831538,-3271.4151427123534,9831.664899830224,4861.915745344929,4969.749154485296,0.08022030928877513
43950,0.13072542238001958,-3358.412292255134,9830.301103517597,4879.532268876734,4950.768834640863,0.08013097070771198
43955,0.1307402944417238,-3448.6975448930507,9829.679185826903,4898.870964572783,4930.808221254119,0.0800407092436589
43960,0.130755166503428,-3541.9895586588727,9830.117292132412,4920.646529238309,4909.470762894103,0.07995037901656452
43965,0.13077003856513222,-3637.951562801969,9831.899557559773,4945.501108685747,4886.398448874026,0.07986054833643642
43970,0.13078491062683642,-3736.1699785243027,9835.262847144228,4973.97561455277,4861.287232591458,0.07977151139689521
43975,0.13079978268854064,-3836.139185684361,9840.385855134364,5006.485707654098,4833.900147480265,0.07968330850314695
43980,0.13081465475024484,-3937.2553631241026,9847.381344514602,5043.303552534354,4804.077791980249,0.07959575373406085
43985,0.13082952681194907,-4038.8209521161725,9856.29208834785,5084.5461975995295,4771.74589074832,0.07950846878949837
43990,0.13084439887365326,-4140.059844998876,9867.09076665936,5130.171156654565,4736.919610004795,0.07942092159901924
43995,0.13085927093535749,-4240.142077445317,9879.683723570726,5179.979456419209,4699.704267151517,0.0793494536122694
44000,0.1308741429970617,-4338.215722995521,9893.91815622498,5233.626063264347,4660.2920929606325,0.07928105448717195
44005,0.1308890150587659,-4433.442924362422,9909.59204271921,5290.6372079558905,4618.95483476332,0.07921298545033517
44010,0.13090388712047013,-4525.036598213274,9926.465958056213,5350.433700564959,4576.032257491254,0.07914465738753873
44015,0.13091875918217433,-4612.294352700029,9944.2758887638,5412.358902001454,4531.916986762345,0.07907532050648748
44020,0.13093363124387855,-4694.626556449016,9962.746226702051,5475.709649889129,4487.036576812922,0.07900412047774567
44025,0.13094850330558275,-4771.57623197782,9981.60226769928,5539.768193607812,4441.834074091468,0.07893015578496754
44030,0.13096337536728697,-4842.829396364545,10000.581716198098,5603.833137609109,4396.7485785889885,0.0788525335749396
44035,0.13097824742899117,-4908.215493715177,10019.444858853145,5667.247554727177,4352.197304125968,0.078785581996498
44040,0.1309931194906954,-4967.698531401671,10037.983187129883,5729.4227975744525,4308.56038955543,0.0787270858367744
44045,0.1310079915523996,-5021.360361456211,10056.026312128759,5789.857044762022,4266.169267366737,0.07866539787029739
44050,0.1310228636141038,-5069.378189340982,10073.447037531123,5848.1481766214865,4225.2988609096365,0.07859975698790617
44055,0.13103773567580804,-5111.99880409194,10090.16446778997,5904.001083584391,4186.163384205578,0.0785294628701047
44060,0.13105260773751223,-5149.51216497558,10106.145060926161,5957.229892710384,4148.915168215777,0.07845391700914428
44065,0.13106747979921646,-5182.226826102709,10121.401611194386,6007.755818489681,4113.645792704705,0.07837265342693185
44070,0.13108235186092065,-5210.449255860345,10135.990270189764,6055.601413465135,4080.3888567246295,0.07828535823926494
44075,0.13109722392262488,-5234.468496772445,10150.00586772044,6100.881958563883,4049.1239091565567,0.07821960926756881
44080,0.13111209598432907,-5254.546930494238,10163.575941379593,6143.794653626834,4019.7812877527595,0.07815472544419719
44085,0.1311269680460333,-5270.917261865392,10176.853985336424,6184.6061987732655,3992.247786563158,0.07808554309111841
44090,0.1311418401077375,-5283.78526104033,10190.012450866057,6223.639324423504,3966.3731264425533,0.07801176236730654
44095,0.13115671216944172,-5293.33730138877,10203.23595892835,6261.258828039043,3941.977130889307,0.0779331529575709
44100,0.13117158423114592,-5299.751291695453,10216.715030031175,6297.8576804765935,3918.8573495545816,0.07784956381529116
44105,0.13118645629285014,-5303.209244744626,10230.64043497246,6333.843738551699,3896.796696420761,0.07776092875160051
44110,0.13120132835455436,-5303.909512770673,10245.198074187423,6369.627517846072,3875.570556341351,0.07768371171341615
44115,0.13121620041625856,-5302.076731365447,10260.564156877286,6405.611338062261,3854.9528188150252,0.07762350015871057
44120,0.13123107247796278,-5297.9677983380525,10276.900412406712,6442.179971926609,3834.720440480103,0.07755958183247613
44125,0.13124594453966698,-5291.872766258497,10294.349137083724,6479.692740905907,3814.6563961778165,0.07749153559200876
44130,0.1312608166013712,-5284.1102792451475,10313.028040106936,6518.476840734203,3794.551199372733,0.07741900632087043
44135,0.1312756886630754,-5275.018026921735,10333.02505912571,6558.821571578181,3774.203487547529,0.07734172309515783
44140,0.13129056072477963,-5264.939498569687,10354.393512895149,6600.973103233693,3753.420409661456,0.07725951271433315
44145,0.13130543278648382,-5254.208981496024,10377.148094264221,6645.129426152669,3732.018668111552,0.07718826169213125
44150,0.13132030484818805,-5243.137154910519,10401.262246850649,6691.435219719538,3709.827027131111,0.07713685841825209
44155,0.13133517690989224,-5231.999694381609,10426.667402791785,6739.976503743208,3686.690899048577,0.07708060934412858
44160,0.13135004897159647,-5221.030956354898,10453.254400527823,6790.775119803355,3662.4792807244685,0.07701909945688545
44165,0.1313649210333007,-5210.424036479337,10480.877182624969,6843.783303651502,3637.0938789734664,0.07695206985960942
44170,0.1313797930950049,-5200.3373471577215,10509.358635417271,6898.878837167007,3610.479798250264,0.07687942531557407
44175,0.1313946651567091,-5190.906501669706,10538.498215848975,6955.86147567293,3582.6367401760444,0.07680123115074591
44180,0.1314095372184133,-5182.258995351514,10568.080849222504,7014.451491808867,3553.629357413637,0.07673623306560233
44185,0.13142440928011753,-5174.528272611823,10597.886493711565,7074.2912177131975,3523.5952759983675,0.07668744915609492
44190,0.13143928134182173,-5167.863565050127,10627.69975718935,7134.950372096699,3492.749385092651,0.07663304590346169
44195,0.13145415340352595,-5162.432537712547,10657.319008591825,7195.935721618609,3461.383286973216,0.07657299983363683
44200,0.13146902546523015,-5158.4152136494295,10686.564529279854,7256.705271411309,3429.8592578685457,0.07650741464063708
44205,0.13148389752693437,-5155.989554098859,10715.285374764562,7316.686758973549,3398.598615791013,0.07643650215306594
44210,0.13149876958863857,-5155.311002471173,10743.36474031073,7375.299802190878,3368.064938119852,0.07636056157481699
44215,0.1315136416503428,-5156.489810350875,10770.72372833319,7431.980682523472,3338.7430458097188,0.07628960490792072
44220,0.13152851371204702,-5159.57074764921,10797.323493606233,7486.208463632652,3311.115029973581,0.07624169854062482
44225,0.13154338577375121,-5164.519749605328,10823.165795931582,7537.53096434526,3285.6348315863215,0.07618845663079726
44230,0.13155825783545544,-5171.221233107487,10848.292027623127,7585.5890165139435,3262.7030111091835,0.07612994552568832
44235,0.13157312989715964,-5179.488380267344,10872.780815620252,7630.137434471366,3242.643381148886,0.07606632007374263
44240,0.13158800195886386,-5189.086826242251,10896.744332705717,7671.061205183586,3225.683127522131,0.0759978167366712
44245,0.13160287402056806,-5199.7701074305205,10920.323490325141,7708.385592060411,3211.9378982647304,0.0759247450650831
44250,0.13161774608227228,-5211.323172825018,10943.682221054703,7742.279150990442,3201.4030700642616,0.07584747776253055
44255,0.13163261814397648,-5223.608539039359,10967.001082097426,7773.049093282861,3193.951988814565,0.07579045882781624
44260,0.1316474902056807,-5236.608603369169,10990.47041386422,7801.128978006501,3189.3414358577184,0.07573928213245153
44265,0.1316623622673849,-5250.457486567318,11014.283267397406,7827.059322733012,3187.2239446643944,0.07568331073838129
44270,0.13167723432908912,-5265.4566758632645,11038.628277818807,7851.462307099454,3187.165970719353,0.07562283872200093
44275,0.13169210639079335,-5282.070594740676,11063.682622789513,7875.01222106877,3188.670401720743,0.07555878939740014
44280,0.13170697845249754,-5300.900762593119,11089.605183385864,7898.403608783028,3191.2015746028355,0.07549157555639062
44285,0.13172185051420177,-5322.640020448974,11116.5300348272,7922.3191437971045,3194.210891030095,0.07542190537104448
44290,0.13173672257590596,-5348.010952079666,11144.560440974754,7947.3991474288605,3197.1612935458934,0.0753666275193127
44295,0.1317515946376102,-5377.6947407435255,11173.763600009866,7974.214369226041,3199.549230783826,0.07532563770645505
44300,0.13176646669931438,-5412.258004365889,11204.166466261213,8003.243248489045,3200.923217772168,0.07528105716550398
44305,0.1317813387610186,-5452.085520644916,11235.753024451518,8034.854435312246,3200.898589139272,0.0752333935290632
44310,0.1317962108227228,-5497.32619829028,11268.463389698092,8069.294928702903,3199.168460995189,0.07518318647195141
44315,0.13181108288442703,-5547.858288966918,11302.19503308985,8106.683833076826,3195.511200013025,0.07513098157654553
44320,0.13182595494613122,-5603.277856739361,11336.806289866094,8147.01146861012,3189.794821255974,0.07507730683820467
44325,0.13184082700783545,-5662.912158455986,11372.122114128399,8190.143401164348,3181.978712964051,0.07502265300004375
44330,0.13185569906953967,-5725.85708541557,11407.94183226583,8235.828870365916,3172.112961899913,0.07498172681335835
44335,0.13187057113124387,-5791.035419317771,11444.048452803883,8283.713062747378,3160.3353900565053,0.07495181145483361
44340,0.1318854431929481,-5857.2705902914,11480.218944607725,8333.35266775539,3146.8662768523354,0.07491862424934831
44345,0.1319003152546523,-5923.36908412003,11516.234818936608,8384.23413966077,3132.0006792758377,0.07488249339315402
44350,0.1319151873163565,-5988.203770072201,11551.892350018832,8435.79405275551,3116.098297263323,0.07484377058477176
44355,0.1319300593780607,-6050.79028980356,11587.011836526728,8487.440881984907,3099.5709545418213,0.07480281905161586
44360,0.13194493143976493,-6110.349280002887,11621.44542462721,8538.577480977685,3082.867943649526,0.07476000235950671
44365,0.13195980350146913,-6166.348556471234,11655.083158895024,8588.6234841348,3066.4596747602245,0.07471567425108526
44370,0.13197467556317335,-6218.521365853685,11687.857076573517,8637.036844862538,3050.820231710979,0.07467336815047347
44375,0.13198954762487755,-6266.859246948807,11719.743293952477,8683.333744244648,3036.409549707829,0.07464564832001876
44380,0.13200441968658178,-6311.580695959655,11750.762138231012,8727.106159219986,3023.655979011026,0.0746142911902326
44385,0.132019291748286,-6353.079395328074,11780.97644914883,8768.036456287098,3012.9399928617313,0.07457982942113653
44390,0.1320341638099902,-6391.857916025692,11810.488213829592,8805.908465761477,3004.579748068116,0.07454281587639591
44395,0.13204903587169442,-6428.454251114192,11839.433713741397,8840.614587971166,2998.819125770231,0.07450380242666674
44400,0.13206390793339862,-6463.3691042073315,11867.977366275765,8872.158589980847,2995.8187762949183,0.07446331989031317
44405,0.13207877999510284,-6497.001506955692,11896.304448715586,8900.65387970757,2995.6505690080157,0.07442185982968774
44410,0.13209365205680704,-6529.599182148594,11924.612910584256,8926.317205867572,2998.2957047166838,0.07437985896491991
44415,0.13210852411851126,-6561.228305907509,11953.104517196358,8949.457934514581,3003.6465826817766,0.07433768692631856
44420,0.13212339618021546,-6591.765191615931,11981.975619930052,8970.463292105287,3011.5123278247647,0.0742993526237135
44425,0.13213826824191968,-6620.9101479627225,12011.407906552544,8989.78022262459,3021.6276839279544,0.07426769542124192
44430,0.13215314030362388,-6648.221554532627,12041.559532645666,9007.894751324946,3033.66478132072,0.07423521234900358
44435,0.1321680123653281,-6673.166226681053,12072.55705881599,9025.30994397423,3047.247114841761,0.07420233887406003
44440,0.13218288442703233,-6695.180564013752,12104.488610630677,9042.523666514599,3061.964944116078,0.07416941835392768
44445,0.13219775648873652,-6713.735929141258,12137.398640393325,9060.00736641089,3077.3912739824355,0.07413669869178653
44450,0.13221262855044075,-6728.401287374703,12171.284609649461,9078.187010110425,3093.0975995390363,0.0741043334355779
44455,0.13222750061214494,-6738.896406746904,12206.09583735238,9097.427130862232,3108.668706490149,0.07407238705490075
44460,0.13224237267384917,-6745.129866272657,12241.73467506581,9118.018687535798,3123.715987530013,0.07404588311240795
44465,0.13225724473555336,-6747.217681663438,12278.06007514596,9140.171133572761,3137.888941573199,0.0740321411875556
44470,0.1322721167972576,-6745.480403225816,12314.893504323618,9164.008775183576,3150.8847291400416,0.07401946437922863
44475,0.13228698885896178,-6740.418883004382,12352.027019474013,9189.571190668574,3162.4558288054395,0.074007530164029
44480,0.132301860920666,-6732.671305797925,12389.233169088826,9216.81721901956,3172.415950069266,0.07399598945139228
44485,0.1323167329823702,-6722.956249055855,12426.276228339266,9245.631832254769,3180.644396084497,0.07398449788626156
44490,0.13233160504407443,-6712.00818346573,12462.924141428031,9275.83509992416,3187.089041503872,0.07397274579268961
44495,0.13234647710577865,-6700.512681102729,12498.96045732499,9307.19244222934,3191.768015095651,0.07396048406640533
44500,0.13236134916748285,-6689.048480567928,12534.195522449234,9339.425443892993,3194.770078556241,0.0739475435248345
44505,0.13237622122918707,-6678.04243356957,12568.476242333989,9372.2226466417,3196.2535956922893,0.07393860413238071
44510,0.13239109329089127,-6667.741379339837,12601.69383562204,9405.249927374773,3196.4439082472672,0.07393283083180806
44515,0.1324059653525955,-6658.20250276819,12633.789158541033,9438.160269985794,3195.6288885552385,0.07392685739378889
44520,0.1324208374142997,-6649.301196879634,12664.755352032354,9470.602918849812,3194.152433182542,0.07392076573326047
44525,0.13243570947600392,-6640.753349483667,12694.637734225016,9502.232033784787,3192.4057004402293,0.07391467365916637
44530,0.1324505815377081,-6632.147668721644,12723.531012127261,9532.715031811133,3190.815980316129,0.07390871872318627
44535,0.13246545359941234,-6622.983298647281,12751.574011290306,9561.740794916805,3189.8332163735013,0.07390304049553957
44540,0.13248032566111653,-6612.708464825968,12778.942221636025,9589.027851599518,3189.9143700365075,0.07389776355706279
44545,0.13249519772282076,-6600.756965314062,12805.838537216157,9614.332518208023,3191.506019008135,0.07389298306725803
44550,0.13251006978452498,-6586.580646967818,12832.482633589207,9637.456833718752,3195.0257998704546,0.07388875420767095
44555,0.13252494184622918,-6569.6772681768525,12859.099482418467,9658.255960351955,3200.8435220665124,0.07388508621777883
44560,0.1325398139079334,-6549.614114997905,12885.907548265466,9676.644575734019,3209.2629725314473,0.07388194120939909
44565,0.1325546859696376,-6526.048269139885,12913.107242920889,9692.601676256472,3220.5055666644166,0.07387923749988375
44570,0.13256955803134182,-6498.74447003493,12940.870221147665,9706.173173719282,3234.6970474283826,0.07388111262657499
44575,0.13258443009304602,-6467.591101374064,12969.330081747792,9717.471724109377,3251.8583576384153,0.07388781156068404
44580,0.13259930215475024,-6432.614088215204,12998.574984958668,9726.673393450677,3271.901591507991,0.07389474657763155
44585,0.13261417421645444,-6393.987624190801,13028.642610576095,9734.011035449066,3294.6315751270286,0.0739017254009358
44590,0.13262904627815866,-6352.0399200546335,13059.517763930071,9739.764596155179,3319.753167774892,0.07390857222143483
44595,0.13264391833986286,-6307.251818586521,13091.132795011266,9744.248913515017,3346.883881496249,0.07391513858212442
44600,0.13265879040156708,-6260.246309257225,13123.370837393964,9747.79987280133,3375.5709645926345,0.07392131099320062
44605,0.1326736624632713,-6211.767713441517,13156.071706405122,9750.759948149333,3405.3117582557898,0.07392701459062383
44610,0.1326885345249755,-6162.650471927951,13189.040128961491,9753.464169541474,3435.575959420017,0.07393221253061594
44615,0.13270340658667973,-6113.77883005629,13222.055820456282,9756.227408350922,3465.8284121053603,0.0739369012729302
44620,0.13271827864838392,-6066.040029651423,13254.884788940695,9759.333616848577,3495.5511720921186,0.07394110238443385
44625,0.13273315071008815,-6020.274658614765,13287.291147615306,9763.02735535141,3524.263792263895,0.07394485191276487
44630,0.13274802277179235,-5977.228423842859,13319.048667939976,9767.50766287448,3551.5410050654973,0.07394818866239579
44635,0.13276289483349657,-5937.509725853487,13349.95131984142,9772.92412125046,3577.0271985909603,0.07396102097872045
44640,0.13277776689520077,-5901.557020209267,13379.822129178054,9779.3748467308,3600.447282447254,0.07397541592711306
44645,0.132792638956905,-5869.619103376383,13408.51983357362,9786.906108121295,3621.6137254523255,0.0739895393210096
44650,0.1328075110186092,-5841.75025374045,13435.943023260303,9795.513291945572,3640.429731314731,0.07400332635203595
44655,0.1328223830803134,-5817.820719836447,13462.031690642249,9805.142986316776,3656.8887043254726,0.07401669031878888
44660,0.13283725514201764,-5797.541530932566,13486.766350490527,9815.696016404609,3671.070334085918,0.0740295249477684
44665,0.13285212720372183,-5780.501174743283,13510.165099007394,9827.03132468199,3683.1337743254044,0.07404170925505792
44670,0.13286699926542606,-5766.210499283228,13532.27912556442,9838.970643379645,3693.308482184775,0.07405311409776773
44675,0.13288187132713025,-5754.151375066866,13553.187257300173,9851.303950067626,3701.883307232547,0.07406360942688987
44680,0.13289674338883448,-5743.82427657732,13572.990100476161,9863.795723362973,3709.1943771131882,0.07407307125366215
44685,0.13291161545053867,-5734.790033274705,13591.804255787876,9876.192016205387,3715.6122395824896,0.0740870766419873
44690,0.1329264875122429,-5726.701544043057,13609.75695232125,9888.228332651344,3721.5286196699053,0.07410715692524597
44695,0.1329413595739471,-5719.32220086344,13626.981297078326,9899.638230129287,3727.343066949039,0.0741259381449316
44700,0.13295623163565132,-5712.529061552392,13643.612202688666,9910.162479308994,3733.449723379672,0.07414659192652735
44705,0.1329711036973555,-5706.300354809054,13659.782955356257,9919.558511343908,3740.2244440123486,0.07416921220594408
44710,0.13298597575905974,-5700.6885622699865,13675.622326181605,9927.6097834524,3748.012542729204,0.07419080473199605
44715,0.13300084782076396,-5695.781929321986,13691.252107035389,9934.134614178873,3757.117492856516,0.0742114580291094
44720,0.13301571988246816,-5691.658612673675,13706.784953430168,9938.993991703506,3767.7909617266614,0.07423126554803106
44725,0.13303059194417238,-5688.338593818576,13722.322425287615,9942.097851361406,3780.224573926209,0.07425031635648652
44730,0.13304546400587658,-5685.738844533819,13737.953120887165,9943.409358928648,3794.5437619585173,0.07426868672645681
44735,0.1330603360675808,-5683.636978426553,13753.7507985967,9942.946828904081,3810.803969692619,0.07428643324345534
44740,0.133075208129285,-5681.64780448817,13769.77238489611,9940.78305255387,3828.9893323422402,0.07431153124381977
44745,0.13309008019098922,-5679.215923022688,13786.05579128115,9937.042001168174,3849.0137901129747,0.07433983478724568
44750,0.13310495225269342,-5675.625912588015,13802.617519944974,9931.893085795908,3870.724434149066,0.07436769697892075
44755,0.13311982431439764,-5670.029896149775,13819.45013097237,9925.54336367594,3893.9067672964284,0.07439513296387404
44760,0.13313469637610184,-5661.49049109277,13836.519759761884,9918.22824608531,3918.291513676575,0.07442212196090024
44765,0.13314956843780607,-5649.035493909317,13853.763987681474,9910.201350837973,3943.5626368435005,0.07444860749999599
44770,0.1331644404995103,-5631.719293081801,13871.090452408287,9901.724141421864,3969.366310986423,0.0744744982183458
44775,0.13317931256121449,-5608.685119027568,13888.376612958586,9893.05591382895,3995.3206991296356,0.07449966901180038
44780,0.1331941846229187,-5579.221979869919,13905.471046896773,9884.444561946633,4021.02648495014,0.07452396260151899
44785,0.1332090566846229,-5542.810581291843,13922.196557227562,9876.11841165175,4046.0781455758115,0.07455601750841762
44790,0.13322392874632713,-5499.153666691777,13938.355219504449,9868.279295258804,4070.0759242456443,0.07459456598237237
44795,0.13323880080803133,-5448.187903009062,13953.73532713436,9861.096957670004,4092.6383694643555,0.07463192116938124
44800,0.13325367286973555,-5390.076450943162,13968.120016149085,9854.704840605062,4113.415175544023,0.07466780882735662
44805,0.13326854493143975,-5325.183429229198,13981.2971879727,9849.197265568115,4132.0999224045845,0.0747019340601185
44810,0.13328341699314397,-5254.033361894111,13993.070213829678,9844.628010387027,4148.442203442652,0.07473399336372788
44815,0.13329828905484817,-5177.260188120331,14003.268807471684,9841.010234999783,4162.258572471901,0.07476368893923696
44820,0.1333131611165524,-5095.551382302893,14011.759400712523,9838.31765779546,4173.441742917063,0.07479321401000379
44825,0.13332803317825662,-5009.593094079378,14018.454352065746,9836.486823902265,4181.967528163481,0.07483735012307594
44830,0.1333429052399608,-4920.021929731115,14023.319361498614,9835.420258034144,4187.89910346447,0.07487836424695828
44835,0.13335777730166504,-4827.388055134561,14026.378548789202,9834.990273345606,4191.388275443596,0.07491604832973872
44840,0.13337264936336923,-4732.132770878903,14027.716770668547,9835.043223395363,4192.673547273183,0.07495025755484754
44845,0.13338752142507346,-4634.581754940141,14027.478893377978,9835.404034101166,4192.074859276812,0.07498091227326718
44850,0.13340239348677765,-4534.953059053033,14025.86589377687,9835.880922420054,4189.9849713568165,0.07500799438825799
44855,0.13341726554848188,-4433.377029194677,14023.127827182258,9836.270277598527,4186.85754958373,0.07503153880714948
44860,0.13343213761018607,-4329.923945572626,14019.553869019315,9836.361729342494,4183.192139676821,0.07507150540771562
44865,0.1334470096718903,-4224.6345913054065,14015.45980607185,9835.94344237435,4179.516363697501,0.07510875070378978
44870,0.1334618817335945,-4117.549237237894,14011.173516514702,9834.80765582981,4176.365860684891,0.07514234293401033
44875,0.13347675379529872,-4008.731552597472,14007.01912828578,9832.756434936788,4174.262693348992,0.07517235201240856
44880,0.13349162585700294,-3898.285443692781,14003.30067193688,9829.607532734151,4173.693139202729,0.07519883898544966
44885,0.13350649791870714,-3786.3644370167185,14000.286133364538,9825.200184298992,4175.085949065546,0.07522184770263543
44890,0.13352136998041136,-3673.174624017134,13998.192849113875,9819.40058797751,4178.792261136365,0.07524139996574156
44895,0.13353624204211556,-3558.9731196842577,13997.175159122316,9812.106780165277,4185.068378957039,0.07526603288069199
44900,0.13355111410381978,-3444.0643258661457,13997.315130538776,9803.252594525951,4194.062536012825,0.0752996172743951
44905,0.13356598616552398,-3328.7960399420763,13998.616991551819,9792.810423561765,4205.806567990054,0.07532932804464604
44910,0.1335808582272282,-3213.5567446006316,14001.00567644263,9780.792574959678,4220.213101482952,0.07535509908398647
44915,0.1335957302889324,-3098.7744821690258,14004.32960345262,9767.251131721521,4237.078471731098,0.07537686555799435
44920,0.13361060235063663,-2984.9168187816176,14008.367514968219,9752.276365467287,4256.091149500931,0.0753945728726831
44925,0.13362547441234082,-2872.4907652705897,14012.838937786903,9735.993886902708,4276.845050884194,0.0754081851899127
44930,0.13364034647404505,-2762.041272491864,14017.417599773176,9718.56081242388,4298.856787349296,0.07541769259149309
44935,0.13365521853574927,-2654.1470640801654,14021.746988922927,9700.161254145201,4321.5857347777255,0.07544228596226646
44940,0.13367009059745347,-2549.413005574118,14025.457169612679,9681.001392910703,4344.455776701976,0.0754661844594774
44945,0.1336849626591577,-2448.4587736317926,14028.181972421948,9661.304284423468,4366.87768799848,0.07548575171729618
44950,0.1336998347208619,-2351.9041250148894,14029.575731060042,9641.304412975504,4388.2713180845385,0.07550105064239267
44955,0.1337147067825661,-2260.3514690234633,14029.328829739028,9621.241891233956,4408.086938505072,0.0755121724525433
44960,0.1337295788442703,-2174.3666904576003,14027.181424986908,9601.356148763949,4425.825276222959,0.07551923145496989
44965,0.13374445090597453,-2094.4592858739725,14022.934802952628,9581.878978123106,4441.055824829522,0.07552235872049505
44970,0.13375932296767873,-2021.0629259523503,14016.459923024546,9563.02691140623,4453.4330116183155,0.07554029102106624
44975,0.13377419502938295,-1954.5175935318075,14007.702788189914,9544.993055274143,4462.709732915771,0.07556034723935988
44980,0.13378906709108715,-1895.0544867940243,13996.686386228299,9527.938680013127,4468.747706215172,0.07557626698237822
44985,0.13380393915279137,-1842.7848936297341,13983.509078238903,9511.98500093482,4471.524077304084,0.0755881243023063
44990,0.1338188112144956,-1797.6941780758589,13968.339479656714,9497.205683631504,4471.133796025209,0.07559599554549806
44995,0.1338336832761998,-1759.6418074693975,13951.408078469078,9483.620639775105,4467.787438693973,0.07559995925002261
45000,0.13384855533790402,-1728.3679440376254,13932.99604581778,9471.191661583813,4461.804384233967,0.07560009695756117
45005,0.13386342739960821,-1703.5065238872303,13913.42188474844,9459.8203805593,4453.6015041891405,0.07562196160083717
45010,0.13387829946131244,-1684.6040020373348,13893.0267004506,9449.348937344474,4443.677763106127,0.07563977874711662
45015,0.13389317152301664,-1671.1421617334017,13872.158934545088,9439.563617542302,4432.595317002786,0.07565316620931425
45020,0.13390804358472086,-1662.5627179325475,13851.159377908658,9430.201543219382,4420.957834689276,0.07566219433517106
45025,0.13392291564642506,-1658.2910468812734,13830.347171808206,9420.960314764305,4409.386857043901,0.07566695383394118
45030,0.13393778770812928,-1657.7563726416738,13810.007353181254,9411.51028362889,4398.497069552364,0.0756675531873732
45035,0.13395265976983348,-1660.406188161156,13790.380332409426,9401.508922974332,4388.871409435094,0.07567212584815952
45040,0.1339675318315377,-1665.7135285770764,13771.653543896831,9390.61657466127,4381.036969235562,0.07569089744006452
45045,0.13398240389324192,-1673.1767910332492,13753.95540157552,9378.512709535704,4375.442692039816,0.07570499522760372
45050,0.13399727595494612,-1682.3128881846824,13737.3516256441,9364.911757622336,4372.439868021764,0.0757145441288081
45055,0.13401214801665035,-1692.6454175072158,13721.843969110156,9349.577550240738,4372.266418869418,0.07571967399537395
45060,0.13402702007835454,-1703.6900851801183,13707.371339373049,9332.335465284543,4375.035874088506,0.07572051433115494
45065,0.13404189214005877,-1714.939813304327,13693.8132585521,9313.081476682999,4380.731781869101,0.07571719046555708
45070,0.13405676420176296,-1725.8518539565575,13680.99552527125,9291.787477488728,4389.208047782522,0.0757293011440529
45075,0.1340716362634672,-1735.8389486634987,13668.697834860597,9268.502471066218,4400.195363794379,0.07574499441000487
45080,0.13408650832517138,-1744.2661981982728,13656.663003684913,9243.349498455533,4413.31350522938,0.0757560364781181
45085,0.1341013803868756,-1750.454869306117,13644.60735236324,9216.51847291724,4428.088879446001,0.07576252586793504
45090,0.1341162524485798,-1753.6938241237185,13632.231754536844,9188.255393399311,4443.976361137533,0.07576456647791881
45095,0.13413112451028403,-1753.2585637359334,13619.232863695794,9158.84866924717,4460.384194448623,0.07576226937256654
45100,0.13414599657198825,-1748.4370265274665,13605.314086988328,9128.613475142301,4476.700611846027,0.07576747135611002
45105,0.13416086863369245,-1738.560356402606,13590.195966097921,9097.875148601634,4492.320817496287,0.07578624617677598
45110,0.13417574069539667,-1723.0360123198607,13573.625728548066,9066.952642395823,4506.673086152243,0.07580018275391448
45115,0.13419061275710087,-1701.3800113190446,13555.385864998809,9036.142967400812,4519.2428975979965,0.07580938006143492
45120,0.1342054848188051,-1673.244924215307,13535.301650927864,9005.707432325707,4529.594218602157,0.07581394179140384
45125,0.1342203568805093,-1638.4405305462915,13513.24755432467,8975.86032850412,4537.387225820548,0.07581397205462294
45130,0.1342352289422135,-1596.9447418144246,13489.152454490122,8946.760535832358,4542.391918657764,0.07582178749305875
45135,0.1342501010039177,-1548.9034019943174,13463.003550520416,8918.506346764132,4544.497203756284,0.07584433871999505
45140,0.13426497306562193,-1494.6187251423798,13434.848779726031,8891.133621174378,4543.715158551653,0.07586150976725695
45145,0.13427984512732613,-1434.5272970764108,13404.797518869069,8864.617198620268,4540.180320248801,0.07587331998428935
45150,0.13429471718903035,-1369.1696414622766,13373.019326378495,8838.875313446444,4534.144012932051,0.07587979857704404
45155,0.13430958925073458,-1299.154238812056,13339.740516579159,8813.77659502243,4525.9639215567295,0.07588099010686182
45160,0.13432446131243878,-1225.1194966823205,13305.238440955194,8789.149105600713,4516.089335354482,0.07589191587150183
45165,0.134339333374143,-1147.697403298167,13269.833477998929,8764.790785637544,4505.042692361385,0.07591432585199387
45170,0.1343542054358472,-1067.4823715279708,13233.878883815909,8740.480648188084,4493.398235627825,0.07593025346192325
45175,0.13436907749755142,-985.008068279165,13197.748807942642,8715.990088138642,4481.758719804,0.07593979882938777
45180,0.13438394955925562,-900.7338937119621,13161.824912387929,8691.093737524103,4470.731174863826,0.07594310800484771
45185,0.13439882162095984,-815.0414005180719,13126.482133101412,8665.579388239448,4460.902744861964,0.07594036881169713
45190,0.13441369368266404,-728.2395787028818,13092.074186954862,8639.25660122173,4452.817585733132,0.07594214254196291
45195,0.13442856574436826,-640.5768398548298,13058.919456142254,8611.963714655541,4446.955741486712,0.07595859019252071
45200,0.13444343780607246,-552.2569170958432,13027.287881714923,8583.573048777007,4443.714832937916,0.07596813434509457
45205,0.13445830986777668,-463.4558367036225,12997.389474786694,8553.994184069188,4443.395290717506,0.07597105212335789
45210,0.1344731819294809,-374.33756785665173,12969.365010695456,8523.17526922757,4446.189741467886,0.07596764558710088
45215,0.1344880539911851,-285.06676699616946,12943.279407168646,8491.102400129199,4452.177007039447,0.07595823502502064
45220,0.13450292605288933,-195.81799131222942,12919.118198242815,8457.797201951707,4461.320996291108,0.07594315300464505
45225,0.13451779811459352,-106.78163916424637,12896.787396662237,8423.312839603095,4473.474557059142,0.07594746802332353
45230,0.13453267017629775,-18.167493970559008,12876.1168863358,8387.728770133783,4488.388116202017,0.07595019911244846
45235,0.13454754223800194,69.79301677866897,12856.867305845186,8351.144628056965,4505.722677788221,0.07594674646334125
45240,0.13456241429970617,156.84490392346197,12838.74018335424,8313.673695033825,4525.066488320415,0.07593747422669507
45245,0.13457728636141036,242.70757851890994,12821.390878968625,8275.436443843877,4545.954435124748,0.07592275265563671
45250,0.1345921584231146,327.0728485573982,12804.443703932835,8236.554655570313,4567.889048362522,0.07590295412090799
45255,0.13460703048481878,409.6036465084453,12787.508439930292,8197.146577758193,4590.3618621721,0.0758817371025894
45260,0.134621902546523,489.93446877071983,12770.19739574952,8157.32350806798,4612.87388768154,0.07588113432088048
45265,0.13463677460822723,567.6744516411673,12752.142124650281,8117.1880457325715,4634.95407891771,0.07587510907830065
45270,0.13465164666993143,642.4136397718084,12733.008984805792,8076.834057303135,4656.174927502658,0.07586402200094278
45275,0.13466651873163565,713.7324483146931,12712.512846509768,8036.348176010545,4676.164670499223,0.07584822764782065
45280,0.13468139079333985,781.2137504703678,12690.428412699652,7995.812432923119,4694.615979776533,0.07582806992418593
45285,0.13469626285504407,844.456594240055,12666.598797503739,7955.307446548298,4711.291350955441,0.07580387752256475
45290,0.13471113491674827,903.090360949609,12640.941174859434,7914.915512550171,4726.025662309263,0.07578796580438911
45295,0.1347260069784525,956.7882374546061,12613.44944567958,7874.722956071147,4738.726489608433,0.07578406515550563
45300,0.1347408790401567,1005.2791254219701,12584.1939681636,7834.821231314606,4749.372736848994,0.07577552993685106
45305,0.13475575110186092,1048.357452548582,12553.31845506699,7795.306451297524,4758.012003769466,0.07576260381770948
45310,0.1347706231635651,1085.8906715564135,12521.034178458938,7756.277266905092,4764.756911553846,0.07574551173323583
45315,0.13478549522526934,1117.8244490301313,12487.611657558593,7717.831248666029,4769.780408892564,0.07572445952355623
45320,0.13480036728697356,1144.1856200537622,12453.370058136952,7680.060124084794,4773.3099340521585,0.07569963486017832
45325,0.13481523934867776,1165.0829348754996,12418.664613737485,7643.044367013335,4775.620246724149,0.07569488659263272
45330,0.13483011141038198,1180.7055160653272,12383.872486968894,7606.847714488179,4777.024772480715,0.07568929382404009
45335,0.13484498347208618,1191.318871020232,12349.377606658425,7571.5122010832765,4777.8654055751485,0.07567886424096032
45340,0.1348598555337904,1197.2583507781583,12315.555117896762,7537.054256605028,4778.500861291734,0.0756637736293759
45345,0.1348747275954946,1198.920157583143,12282.756140199364,7503.4623179694345,4779.29382222993,0.07564420948347415
45350,0.13488959965719882,1196.7503601209282,12251.293526085736,7470.696270125691,4780.597255960045,0.07562037243357769
45355,0.13490447171890302,1191.2327863891405,12221.429245301098,7438.688866032701,4782.740379268397,0.07560131725665988
45360,0.13491934378060724,1182.8769938721707,12193.363902221216,7407.349097341779,4786.014804879436,0.07559572732924508
45365,0.13493421584231144,1172.2076322222783,12167.228751449064,7376.567313189212,4790.661438259852,0.0755849840522425
45370,0.13494908790401566,1159.7563409673403,12143.08043873644,7346.221732499187,4796.8587062372535,0.07556939871796767
45375,0.1349639599657199,1146.0568848923886,12120.89858465034,7316.185880221511,4804.712704428829,0.07554930263669879
45380,0.13497883202742408,1131.643637253661,12100.586256682223,7286.33640912814,4814.249847554083,0.07552504040651946
45385,0.1349937040891283,1117.05293841612,12081.973335040018,7256.560748375519,4825.412586664499,0.07549696237312054
45390,0.1350085761508325,1102.8264294285382,12064.822747517599,7226.7640447437125,4838.058702773887,0.07548605600158181
45395,0.13502344821253673,1089.515254966509,12048.83950285239,7196.874926436379,4851.964576416011,0.07547617696379379
45400,0.13503832027424092,1077.6840220242648,12033.682367116699,7166.8497167449905,4866.832650371708,0.07546211208047261
45405,0.13505319233594515,1067.913499899856,12018.977894461037,7136.6748504091975,4882.30304405184,0.075444238175738
45410,0.13506806439764935,1060.8011596091656,12004.336350280435,7106.3673924916,4897.968957788835,0.07542290486180182
45415,0.13508293645935357,1056.9587371149119,11989.368876733883,7075.973716532351,4913.395160201531,0.07539842777580211
45420,0.13509780852105777,1057.006099827615,11973.705082173776,7045.566547943111,4928.138534230665,0.07538240841193
45425,0.135112680582762,1061.5608829861048,11957.01012218923,7015.240698256721,4941.769423932508,0.07545524676904923
45430,0.13512755264446621,1071.2237182431418,11939.0003061258,6985.10788661634,4953.89241950946,0.07552440484267384
45435,0.1351424247061704,1086.5594144392962,11919.456320053498,6955.291057800769,4964.165262252729,0.075589457156501
45440,0.13515729676787464,1108.07510293403,11898.233300313312,6925.918567863575,4972.314732449737,0.07564992739033019
45445,0.13517216882957883,1136.1969962758303,11875.267203147334,6897.1185407161065,4978.148662431227,0.0757217956433823
45450,0.13518704089128306,1171.2478868299586,11850.577169389631,6869.01363111389,4981.563538275741,0.07579559725294274
45455,0.13520191295298725,1213.4277226311751,11824.26384970022,6841.7163875548285,4982.547462145392,0.07586397332800543
45460,0.13521678501469148,1262.7994962360135,11796.503908062641,6815.325405166405,4981.178502896236,0.07592678827254234
45465,0.13523165707639567,1319.2822855725353,11767.541137471993,6789.9224874408665,4977.618650031127,0.0759840461761949
45470,0.1352465291380999,1382.6526542585325,11737.674788166003,6765.571072787309,4972.103715378694,0.07603589594137777
45475,0.1352614011998041,1452.5548306793844,11707.24582017414,6742.3161933143665,4964.929626859773,0.07608262040108439
45480,0.13527627326150832,1528.5192212316888,11676.621850398185,6720.186185685723,4956.435664712462,0.07612461094148414
45485,0.13529114532321254,1609.9879528929623,11646.18157633945,6699.196245856988,4946.985330482462,0.07616260273754649
45490,0.13530601738491674,1696.345367791585,11616.299431148604,6679.353709217249,4936.9457219313545,0.07622646154701654
45495,0.13532088944662096,1786.9508010983845,11587.331163602545,6660.664666391216,4926.6664972113285,0.07628679342138793
45500,0.13533576150832516,1881.1706598868795,11559.600945335644,6643.1412332290765,4916.459712106567,0.07634391174595509
45505,0.13535063357002938,1978.406863371014,11533.390489019166,6626.8085332086,4906.581955810566,0.07639807825381631
45510,0.13536550563173358,2078.1191332666012,11508.93051972993,6611.710273393322,4897.220246336609,0.07644949913268392
45515,0.1353803776934378,2179.839389317339,11486.394786333089,6597.911743367333,4888.483042965756,0.07649833346115781
45520,0.135395249755142,2283.1774799326768,11465.896643493132,6585.499166774066,4880.397476719066,0.07654471284291975
45525,0.13541012181684622,2387.818474424772,11447.488093873459,6574.574597599708,4872.913496273751,0.07658876920321886
45530,0.13542499387855042,2493.512568790491,11431.16106906074,6565.245974270491,4865.915094790248,0.07664688845790822
45535,0.13543986594025464,2600.0591683377434,11416.850656564357,6557.612506413272,4859.2381501510845,0.0767187668051411
45540,0.13545473800195887,2707.286857259912,11404.439950728096,6551.746236832334,4852.693713895762,0.07678849643966384
45545,0.13546961006366307,2815.0307984700257,11393.766211025735,6547.671335214954,4846.094875810782,0.07685646788148227
45550,0.1354844821253673,2923.108760410524,11384.628039309198,6545.3433497477745,4839.284689561424,0.07692313477453563
45555,0.13549935418707149,3031.296617543114,11376.793323069627,6544.631150202688,4832.162172866939,0.07698898360646111
45560,0.1355142262487757,3139.303988882557,11370.007721649059,6545.30451296875,4824.703208680309,0.07705449164442492
45565,0.1355290983104799,3246.750785795425,11364.003488351453,6547.030117664649,4816.973370686804,0.07712007819241545
45570,0.13554397037218413,3353.1458702267764,11358.508421557577,6549.378095186459,4809.130326371118,0.07718605559044903
45575,0.13555884243388833,3457.869701992976,11353.254725824392,6551.840219501281,4801.414506323111,0.07725914956422286
45580,0.13557371449559255,3560.1635943609317,11347.987547051514,6553.859488826843,4794.128058224672,0.0773597227059367
45585,0.13558858655729675,3659.1287372713605,11342.47293365326,6554.869382792816,4787.603550860444,0.07745981894660454
45590,0.13560345861900097,3753.7382031364095,11336.50497756822,6554.33972658801,4782.16525098021,0.0775590462894971
45595,0.1356183306807052,3842.8644907062044,11329.911911994546,6551.825042146227,4778.086869848319,0.07765687129116743
45600,0.1356332027424094,3925.3236855471705,11322.560989899786,6547.0106704993,4775.550319400486,0.07775265376044532
45605,0.13564807480411362,3999.9351004302625,11314.362036050226,6539.751888974235,4774.610147075991,0.07784569102415985
45610,0.1356629468658178,4065.5925871350883,11305.26964714396,6530.101729686996,4775.167917456964,0.077935267346965
45615,0.13567781892752204,4121.341045748074,11295.284096527721,6518.324175066761,4776.95992146096,0.07802070360507272
45620,0.13569269098922623,4166.4495760269,11284.451066887768,6504.8907533019365,4779.560313585832,0.07810140233861985
45625,0.13570756305093046,4200.471798799925,11272.860372872416,6490.460134427031,4782.400238445384,0.0781768838673893
45630,0.13572243511263465,4223.284561577754,11260.643837428335,6475.841964657958,4784.8018727703775,0.07828000102371743
45635,0.13573730717433888,4235.098673413362,11247.972449778534,6461.947693565658,4786.024756212876,0.07838209182456715
45640,0.13575217923604307,4236.439225300953,11235.052866340342,6449.732379280152,4785.32048706019,0.07847847033582238
45645,0.1357670512977473,4228.097765740009,11222.123232109918,6440.1322679728855,4781.990964137032,0.07856917368590632
45650,0.13578192335945152,4211.063160311861,11209.448216783361,6434.00325298814,4775.444963795221,0.07865432683531232
45655,0.13579679542115572,4186.441389948045,11197.31309577762,6432.065105316626,4765.247990460994,0.07873411563267187
45660,0.13581166748285994,4155.376120960563,11186.016677834377,6434.855672873326,4751.161004961052,0.07880875838415097
45665,0.13582653954456414,4118.9813527425185,11175.862900199678,6442.698170332108,4733.16472986757,0.07887847881567782
45670,0.13584141160626836,4078.2950358272346,11167.150985952143,6455.683366436445,4711.467619515698,0.07894576292641364
45675,0.13585628366797256,4034.2588095532574,11160.164185914862,6473.667089151818,4686.497096763044,0.07902315712274703
45680,0.13587115572967678,3987.724620352611,11155.157303220369,6496.282181453816,4658.875121766553,0.07912583521557952
45685,0.13588602779138098,3939.4845920230437,11152.343408806157,6522.963001655486,4629.380407150671,0.07922401942198505
45690,0.1359008998530852,3890.3166523524806,11151.880381212317,6552.979876584812,4598.900504627505,0.07931763792784038
45695,0.1359157719147894,3841.035493463174,11153.85811870205,6585.480623455469,4568.377495246581,0.07940656758824494
45700,0.13593064397649363,3792.5368266563355,11158.28744659562,6619.536322512559,4538.75112408306,0.07949063649166123
45705,0.13594551603819785,3745.8229524894396,11165.0918471288,6654.188845500904,4510.903001627897,0.07956962965027173
45710,0.13596038809990205,3701.9997231996967,11174.103144563996,6688.498079802728,4485.605064761268,0.07964600686395305
45715,0.13597526016160627,3662.2391478637646,11185.062162018634,6721.587185326245,4463.474976692389,0.07972152975783521
45720,0.13599013222331047,3627.707886760758,11197.625115424544,6752.684469783318,4444.940645641226,0.07979370975051399
45725,0.1360050042850147,3599.4688430402384,11211.376124742792,6781.160528239845,4430.215596502947,0.0799035262335528
45730,0.1360198763467189,3578.369620278546,11225.845720539446,6806.559208826974,4419.286511712472,0.080006925756843
45735,0.1360347484084231,3564.9362040900496,11240.534642762494,6828.620851060296,4411.913791702197,0.08010352685206598
45740,0.1360496204701273,3559.291538397738,11254.941625184376,6847.29623948151,4407.6453857028655,0.08019296640365646
45745,0.13606449253183153,3561.116097925971,11268.593306645907,6862.749946095372,4405.843360550535,0.08027490074473156
45750,0.13607936459353573,3569.6614285408914,11281.073989110922,6875.352257101426,4405.721732009496,0.08035120295835341
45755,0.13609423665523995,3583.819109550306,11292.052747597612,6885.659659222807,4406.393088374805,0.08042602577020684
45760,0.13610910871694418,3602.238384400208,11301.30544364985,6894.384781112446,4406.920662537404,0.08049211147524325
45765,0.13612398077864837,3623.477585423063,11308.729525861372,6902.357580695944,4406.371945165428,0.08054914025158354
45770,0.1361388528403526,3646.168882312949,11314.350101591745,6910.4802789317755,4403.869822659969,0.08064939876700185
45775,0.1361537249020568,3669.173641913655,11318.31657501723,6919.678955042064,4398.637619975166,0.08074070134753684
45780,0.13616859696376102,3691.7069400246264,11320.890072872335,6930.854806030601,4390.035266841734,0.08082254775185757
45785,0.13618346902546521,3713.4140653923287,11322.422801226789,6944.837876257547,4377.584924969242,0.08089454108902426
45790,0.13619834108716944,3734.3883652953145,11323.331269348633,6962.345669604855,4360.985599743778,0.08096164665688753
45795,0.13621321314887364,3755.1274951447394,11324.065871695684,6983.948566350429,4340.117305345255,0.0810237364809414
45800,0.13622808521057786,3776.4330448534392,11325.079565758238,7010.043457935679,4315.03610782256,0.08107489834095319
45805,0.13624295727228206,3799.2657125756086,11326.798303852007,7040.8365284790825,4285.961775372924,0.08111490639183949
45810,0.13625782933398628,3824.573916239936,11329.595508950519,7076.335660644868,4253.259848305651,0.0811436025553323
45815,0.1362727013956905,3853.1173841330683,11333.772311715009,7116.352512626231,4217.419799088778,0.08121116121990761
45820,0.1362875734573947,3885.308458169723,11339.544595011836,7160.51388703093,4179.030707980905,0.0812751880434218
45825,0.13630244551909892,3921.0924117489712,11347.037226690245,7208.281589588652,4138.755637101593,0.08133371658805014
45830,0.13631731758080312,3959.8840963832854,11356.285276787772,7258.979576520451,4097.305700267321,0.08138899151371283
45835,0.13633218964250735,4000.571993328311,11367.24154707425,7311.826853909201,4055.4146931650494,0.08143328836769169
45840,0.13634706170421154,4041.592810251802,11379.789387006333,7365.974365370615,4013.815021635718,0.0814665959330491
45845,0.13636193376591577,4081.0709369427013,11393.759507402983,7420.544015734565,3973.2154916684185,0.08148896267427996
45850,0.13637680582761996,4117.008406194279,11408.949308040768,7474.668027888248,3934.2812801525206,0.08150049298246576
45855,0.1363916778893242,4147.50369945564,11425.143101339581,7527.526983442253,3897.616117897328,0.08150510339690156
45860,0.13640654995102838,4170.972967173493,11442.13155733493,7578.3850998655,3863.7464574694295,0.081517856244182
45865,0.1364214220127326,4186.345892407749,11459.728746189347,7626.621492028556,3833.107254160791,0.08156958786391265
45870,0.13643629407443683,4193.210869330762,11477.785343446247,7671.75632162395,3806.029021822297,0.08161170441832086
45875,0.13645116613614103,4191.890088410327,11496.196901716747,7713.470854605878,3782.7260471108684,0.081644170896756
45880,0.13646603819784525,4183.433609455004,11514.906562600869,7751.620556354566,3763.2860062463023,0.08166694146201663
45885,0.13648091025954945,4169.531292536316,11533.902136843553,7786.24050422638,3747.6616326171734,0.08167994916117924
45890,0.13649578232125367,4152.351210942556,11553.20805155872,7817.542629467428,3735.6654220912924,0.08169044158493559
45895,0.13651065438295787,4134.321729261153,11572.873179847827,7845.904634277547,3726.96854557028,0.08169546462899269
45900,0.1365255264446621,4117.880913342817,11592.955971338253,7871.850853099265,3721.1051182389883,0.08168997302288594
45905,0.1365403985063663,4105.220750523942,11613.508554680091,7896.025800012258,3717.4827546678334,0.08167374084447421
45910,0.1365552705680705,4098.05445290643,11634.561570119127,7919.161610533653,3715.399959585474,0.08164652606743472
45915,0.1365701426297747,4097.432797018921,11656.111414491708,7942.040989815769,3714.0704246759396,0.08162190183361977
45920,0.13658501469147893,4103.6302053262425,11678.111355314528,7965.4575769320545,3712.6537783824733,0.08162923056796217
45925,0.13659988675318316,4116.11360001045,11700.467613845418,7990.175803721176,3710.291810124242,0.0816257830170352
45930,0.13661475881488735,4133.597762193466,11723.041053503754,8016.892363888529,3706.1486896152246,0.08161564637608563
45935,0.13662963087659158,4154.18104336131,11745.654572693242,8046.201325255775,3699.4532474374664,0.08159974067946887
45940,0.13664450293829578,4175.545946673099,11768.105733687271,8078.564732479171,3689.5410012081,0.08157212230942992
45945,0.136659375,4195.201459837202,11790.18361607794,8114.290275426724,3675.893340651216,0.08153256315809934
45950,0.1366742470617042,4210.739085262594,11811.688423423275,8153.517252036308,3658.171171386967,0.08148089668119926
45955,0.13668911912340842,4220.073026940934,11832.452049940235,8196.211642824479,3636.240407115756,0.08142557445022867
45960,0.13670399118511262,4221.637306564795,11852.357669982679,8242.17064566536,3610.18702431732,0.08135952500532952
45965,0.13671886324681684,4214.518508435397,11871.356463348859,8291.03650414907,3580.319959199789,0.08128128072437237
45970,0.13673373530852104,4198.5116120357325,11889.479824979875,8342.318914506133,3547.1609104737418,0.08119089878838913
45975,0.13674860737022526,4174.0966533645615,11906.845797142627,8395.424734061575,3511.421063081052,0.08108848986715918
45980,0.13676347943192949,4142.344142511439,11923.65896030894,8449.693166477246,3473.965793831694,0.0809814268961713
45985,0.13677835149363368,4104.765649170556,11940.20357550674,8504.434106675237,3435.769468831504,0.08091177337764181
45990,0.1367932235553379,4063.1314936908057,11956.830337164378,8558.966949125406,3397.8633880389716,0.08083157926148378
45995,0.1368080956170421,4019.279399569499,11973.937626043678,8612.656970031316,3361.2806560123627,0.08074087952616815
46000,0.13682296767874633,3974.93633482934,11991.94860318768,8664.946464347051,3327.0021388406294,0.08064480624884443
46005,0.13683783974045052,3931.5712982450495,12011.28581577376,8715.378212848063,3295.9076029256958,0.08054094477933511
46010,0.13685271180215475,3890.2906228146385,12032.34515773195,8763.60958848802,3268.7355692439305,0.0804267748454182
46015,0.13686758386385894,3851.780737694413,12055.471020335488,8809.41663325693,3246.0543870785586,0.08030232684045871
46020,0.13688245592556317,3816.2973535226447,12080.934284517809,8852.688620071993,3228.245664445816,0.08016762858216658
46025,0.13689732798726736,3783.6954468224067,12108.914482005344,8893.414773691326,3215.499708314019,0.0800284008779334
46030,0.1369122000489716,3753.4915043294814,12139.487046917011,8931.665753616313,3207.821293300698,0.07987934578118826
46035,0.1369270721106758,3724.948160070906,12172.61616485398,8967.573021959035,3205.043142894945,0.07971997595598555
46040,0.13694194417238,3697.1713071937093,12208.153365704333,9001.309225417608,3206.8441402867247,0.0795509294958877
46045,0.13695681623408423,3669.2106141434087,12245.84173685141,9033.072209551574,3212.7695272998353,0.07937281588571939
46050,0.13697168829578843,3640.1557625867645,12285.325458552064,9063.074356114077,3222.2511024379874,0.07918419113644008
46055,0.13698656035749265,3609.222335409613,12326.164255238595,9091.537770738742,3234.626484499853,0.07898500282350963
46060,0.13700143241919685,3575.822844241722,12367.852269632158,9118.694668031898,3249.15760160026,0.07880963090258065
46065,0.13701630448090107,3539.6196932409603,12409.840755023026,9144.791314374139,3265.049440648887,0.07863549319861075
46070,0.13703117654260527,3500.5578483755016,12451.563816586422,9170.093255709417,3281.4705608770055,0.07845112792327388
46075,0.1370460486043095,3458.8756980901844,12492.46621477957,9194.88936179784,3297.5768529817306,0.0782564362391313
46080,0.1370609206660137,3415.0932672648323,12532.032000743236,9219.492459833798,3312.539540909438,0.07805137298851408
46085,0.13707579272771792,3369.977840441531,12569.812531859907,9244.234937408888,3325.5775944510187,0.07783595540619256
46090,0.13709066478942214,3324.488345167456,12605.452264685795,9269.458549829338,3335.993714856457,0.07761026801856637
46095,0.13710553685112634,3279.7015567302506,12638.710679502603,9295.498634285854,3343.212045216749,0.07737446308050165
46100,0.13712040891283056,3236.7251367072377,12669.478772212506,9322.663882874962,3346.8148893375437,0.07712875640805741
46105,0.13713528097453476,3196.604388645502,12697.788752143115,9351.213643889874,3346.5751082532406,0.07687341897271406
46110,0.13715015303623898,3160.231023013749,12723.815894766041,9381.335309678534,3342.4805850875073,0.07660876506535534
46115,0.13716502509794318,3128.2628221645036,12747.871901772276,9413.124629053224,3334.7472727190525,0.07633513816972097
46120,0.1371798971596474,3101.0626531513262,12770.38960754408,9446.571689831822,3323.8179177122583,0.07605289587703275
46125,0.1371947692213516,3078.663737306849,12791.89943283661,9481.554819955067,3310.344612881543,0.07576239521392385
46130,0.13720964128305582,3060.7655942166875,12812.998607831883,9517.84377132309,3295.154836508793,0.0754639796477889
46135,0.13722451334476002,3046.7619496421694,12834.314834246015,9555.112367817303,3279.202466428713,0.07515796879684541
46140,0.13723938540646424,3035.79854707523,12856.46667257099,9592.95948548194,3263.5071870890497,0.0748702257734956
46145,0.13725425746816847,3026.855652386872,12880.023448139395,9630.936018645514,3249.0874294938803,0.07458874519409264
46150,0.13726912952987266,3018.8474401411095,12905.467782011166,9668.574618726023,3236.8931632851436,0.07429999411498683
46155,0.1372840015915769,3010.728639912254,12933.163891485041,9705.418673789105,3227.745217695936,0.07400407074250795
46160,0.13729887365328108,3001.5979397593474,12963.334517680569,9741.04731640556,3222.2872012750086,0.07370105888734234
46165,0.1373137457149853,2990.787751891614,12996.048710790701,9775.094144199511,3220.95456659119,0.07339103808917484
46170,0.1373286177766895,2977.931043647033,13031.22177056428,9807.258605458665,3223.963165105615,0.07324656587394969
46175,0.13734348983839373,2962.997965325503,13068.62748107837,9837.310343548339,3231.3171375300317,0.07326643645406312
46180,0.13735836190009793,2946.297828524306,13107.921517132867,9865.087905041073,3242.833612091794,0.07328379039466111
46185,0.13737323396180215,2928.4453739660876,13148.673686429434,9890.493874624144,3258.1798118052902,0.07329886182420343
46190,0.13738810602350635,2910.293893557294,13190.40567021299,9913.488619402517,3276.9170508104726,0.07331193096448209
46195,0.13740297808521057,2892.8412502469773,13232.6302867698,9934.084464754671,3298.5458220151286,0.07332329443691966
46200,0.1374178501469148,2877.1177740214143,13274.888140376035,9952.341447744238,3322.5466926317968,0.07333323627555423
46205,0.137432722208619,2864.0670610549614,13316.777883466142,9968.365007152699,3348.412876313443,0.07334200275245563
46210,0.13744759427032321,2854.4316328195073,13357.977182210767,9982.30525416666,3375.6719280441066,0.07334978348021746
46215,0.1374624663320274,2848.6551265494254,13398.252722769983,9994.356944526788,3403.8957782431953,0.07335670030407179
46220,0.13747733839373164,2846.8112248942225,13437.459046565054,10004.758990370658,3432.700056194397,0.0733628044273132
46225,0.13749221045543583,2848.5670433750356,13475.527440815767,10013.79230216306,3461.735138652708,0.07336808122443261
46230,0.13750708251714006,2853.1854268077377,13512.447322040005,10021.774904396409,3490.6724176435964,0.07337246142949512
46235,0.13752195457884425,2859.5668815968766,13548.243365627492,10029.053583903657,3519.189781723835,0.07337583690466239
46240,0.13753682664054848,2866.3280549545007,13582.951956855337,10035.991770291319,3546.960186564018,0.07337807898185274
46245,0.13755169870225267,2871.910129485911,13616.600354970054,10042.953875774861,3573.646479195193,0.07337905737495976
46250,0.1375665707639569,2874.7075485621135,13649.191338399125,10050.28688625768,3598.9044521414453,0.07337865782215898
46255,0.13758144282566112,2873.205362271602,13680.695161041125,10058.300527940235,3622.39463310089,0.07337679689819653
46260,0.13759631488736532,2866.11234517457,13711.049554173158,10067.247751432813,3643.801802740345,0.07337343281314139
46265,0.13761118694906954,2852.476991579636,13740.167415922135,10077.307496786492,3662.8599191356425,0.07336857146817999
46270,0.13762605901077374,2831.7746120768534,13767.950878771055,10088.571668451787,3679.379210319268,0.07336226753740167
46275,0.13764093107247796,2803.9560638752455,13794.30973404665,10101.03793824837,3693.2717957982804,0.07335462083504517
46280,0.13765580313418216,2769.4520889419637,13819.18177221013,10114.609432972286,3704.572339237844,0.07334576864628159
46285,0.13767067519588638,2729.13160938904,13842.552474468586,10129.101619673716,3713.45085479487,0.07333587498797381
46290,0.13768554725759058,2684.2172642097603,13864.471633939318,10144.255874762492,3720.2157591768264,0.07332511789069948
46295,0.1377004193192948,2636.1664208804023,13885.064841172381,10159.75842650396,3725.306414668421,0.07331367576064199
46300,0.137715291380999,2586.530204599205,13904.538281485917,10175.26270788742,3729.2755735984974,0.07330171373857543
46305,0.13773016344270322,2536.806090266412,13923.17590843861,10190.412748557625,3732.7631598809858,0.07328937080347694
46310,0.13774503550440745,2488.3007418625093,13941.328737294114,10204.865143712046,3736.463593582068,0.0732767482553909
46315,0.13775990756611164,2442.018735256379,13959.396709593235,10218.307396233344,3741.089313359891,0.07326390021201044
46320,0.13777477962781587,2398.589565500535,13977.804278417821,10230.471012685695,3747.333265732126,0.0732508268631541
46325,0.13778965168952007,2358.2402900902416,13996.971507169332,10241.138559783383,3755.8329473859485,0.07323747137672516
46330,0.1378045237512243,2320.8150108755763,14017.283003514647,10250.144816885146,3767.1381866295014,0.07322372142037305
46335,0.13781939581292849,2285.836099008653,14039.057357869788,10257.373023045688,3781.6843348241,0.07320941613180645
46340,0.1378342678746327,2252.596637925719,14062.519860652568,10262.747853010005,3799.772007642563,0.07319435895915326
46345,0.1378491399363369,2220.2698869625165,14087.781093638778,10266.227054435105,3821.554039203673,0.07317833610470767
46350,0.13786401199804113,2188.020233120911,14114.823522343117,10267.79360859132,3847.029913751796,0.07316113943334047
46355,0.13787888405974533,2155.1012473465744,14143.49749475,10267.449896060443,3876.0475986895563,0.07314259181069821
46360,0.13789375612144955,2120.929769842376,14173.527154342679,10265.214778489446,3908.312375853233,0.07312257210065033
46365,0.13790862818315378,2085.129683978579,14204.525810075858,10261.12388874558,3943.401921330278,0.07310103664295473
46370,0.13792350024485797,2047.5442201773058,14236.01939489189,10255.232871088323,3980.7865238035665,0.07307803406656843
46375,0.1379383723065622,2008.2202585781615,14267.475904147579,10247.62289251381,4019.8530116337697,0.07305371081984104
46380,0.1379532443682664,1967.371383086016,14298.338227889702,10238.407462284802,4059.9307656049004,0.07302830579151057
46385,0.13796811642997062,1925.3279793095608,14328.057628109787,10227.739419780983,4100.318208328805,0.07300213375769271
46390,0.1379829884916748,1882.4825152804133,14356.125266962914,10215.816849074161,4140.308417888753,0.07297555895090208
46395,0.13799786055337904,1839.2367312002534,14382.09961838767,10202.88664388096,4179.21297450671,0.07294896157846263
46400,0.13801273261508323,1795.9554384209332,14405.628207563168,10189.244504731852,4216.3837028313155,0.07294705481127237
46405,0.13802760467678746,1752.9296291240116,14426.462811158464,10175.230351139106,4251.232460019359,0.07302096857185886
46410,0.13804247673849165,1710.3500765227272,14444.467906690283,10161.218521558114,4283.249385132169,0.07309370390942951
46415,0.13805734880019588,1668.2917231860465,14459.622693486486,10147.60272306313,4312.019970423356,0.07315980060159524
46420,0.1380722208619001,1626.7087990321234,14472.017371120888,10134.776429435115,4337.240941685774,0.07321845757896914
46425,0.1380870929236043,1585.440500454859,14481.844548622354,10123.110193230154,4358.7343553922,0.0732688090515862
46430,0.13810196498530852,1544.2268952800769,14489.386702416352,10112.9279721949,4376.458730221451,0.07330995882685871
46435,0.13811683704701272,1502.7343030393477,14495.000557803483,10104.484909763782,4390.515648039702,0.07334101809764315
46440,0.13813170910871694,1460.5887183207888,14499.099194277955,10097.948941070357,4401.150253207597,0.0733611428492019
46445,0.13814658117042114,1417.4150373627072,14502.132609913488,10093.388101459652,4408.744508453836,0.07336956695997927
46450,0.13816145323212536,1372.8791302118498,14504.56744164862,10090.764585618184,4413.802856030436,0.07336562753482749
46455,0.13817632529382956,1326.729362091979,14506.866522988248,10089.935627368257,4416.930895619991,0.07334877996080551
46460,0.13819119735553378,1278.8340965537318,14509.468954581362,10090.66037383748,4418.808580743882,0.07331860148071594
46465,0.13820606941723798,1229.2119846677324,14512.771354003631,10092.611325450634,4420.160028552997,0.07336973791375112
46470,0.1382209414789422,1178.0523644456862,14517.11093500465,10095.388735536533,4421.722199468117,0.07344481247735864
46475,0.13823581354064643,1125.723762898815,14522.751046595291,10098.536617888965,4424.214428706326,0.0735089473317528
46480,0.13825068560235063,1072.7692500258345,14529.869780715026,10101.559576478781,4428.310204236244,0.07356186373291128
46485,0.13826555766405485,1019.8882212857716,14538.552225622832,10103.94033432143,4434.611891301402,0.07360328253719275
46490,0.13828042972575905,967.9050777638477,14548.786878380699,10105.1583570693,4443.628521311399,0.07363290183956546
46495,0.13829530178746327,917.7262067947559,14560.466603447609,10104.710150036351,4455.756453411257,0.07365038099770853
46500,0.13831017384916747,870.2875900130384,14573.394310429316,10102.131574957422,4471.262735471893,0.07365533267717057
46505,0.1383250459108717,826.4962188667832,14587.293218563455,10097.021939122966,4490.271279440489,0.07364732347612464
46510,0.1383399179725759,787.1692258533058,14601.821205529444,10089.068821450059,4512.752384079386,0.07362588261555596
46515,0.1383547900342801,752.9751981790541,14616.588360174403,10078.071839589382,4538.516520585021,0.0735905172443615
46520,0.1383696620959843,724.3824733873444,14631.176545923976,10063.963037319014,4567.213508604962,0.07354073221612012
46525,0.13838453415768853,701.6192370620101,14645.159603144784,10046.821419206806,4598.338183937978,0.0735462675691621
46530,0.13839940621939276,684.6498359975394,14658.122819097114,10026.879419720046,4631.243399377068,0.0736210572432232
46535,0.13841427828109695,673.1707800321492,14669.68047804761,10004.519715975179,4665.160762072432,0.07368397653434627
46540,0.13842915034280118,666.6283922418115,14679.490632910643,9980.261666349765,4699.228966560879,0.07373435733313459
46545,0.13844402240450537,664.258055494427,14687.266640277407,9954.73764758973,4732.528992687676,0.0737715653674018
46550,0.1384588944662096,665.1426982243447,14692.785385113975,9928.660544806668,4764.124840307308,0.07379500726966085
46555,0.1384737665279138,668.2858668924437,14695.892412686315,9902.784518208335,4793.10789447798,0.0738041339132896
46560,0.13848863858961802,672.6927866736769,14696.504339032816,9877.861847980734,4818.642491052082,0.07379844068767406
46565,0.13850351065132221,677.4515210116406,14694.60892686956,9854.599082725104,4840.009844144455,0.07377746567227013
46570,0.13851838271302644,681.8059228800994,14690.263130120764,9833.615840003036,4856.647290117728,0.07374078678640211
46575,0.13853325477473064,685.2126267617878,14683.589288372998,9815.409400777246,4868.179887595752,0.07373625303604471
46580,0.13854812683643486,687.375835017725,14674.769552727861,9800.327704472485,4874.441848255376,0.07409745948451689
46585,0.13856299889813908,688.2559565407191,14664.038586459259,9788.55253388053,4875.48605257873,0.07442140754311205
46590,0.13857787095984328,688.0509962844117,14651.67461748137,9780.093675844946,4871.5809416364245,0.07470974216335796
46595,0.1385927430215475,687.152621063151,14637.989008149936,9774.793792983546,4863.19521516639,0.0749645533111002
46600,0.1386076150832517,686.0816482907157,14623.314619022814,9772.34279828465,4850.971820738165,0.07518832774738443
46605,0.13862248714495592,685.4099522889865,14607.993343686292,9772.29982450539,4835.6935191809025,0.07538388504549758
46610,0.13863735920666012,685.6771813884916,14592.36325787052,9774.1205091886,4818.24274868192,0.07555429728263724
46615,0.13865223126836435,687.3110930225303,14576.74584903776,9777.187289773055,4799.558559264704,0.075702793829975
46620,0.13866710333006854,690.5597613183254,14561.4337773498,9780.840669149635,4780.593108200164,0.07583265473944217
46625,0.13868197539177277,695.4425380502071,14546.67957942035,9784.409866826023,4762.269712594327,0.07594709805513905
46630,0.13869684745347696,701.7246679454292,14532.68567946798,9787.241787643023,4745.443891824958,0.07604916769064769
46635,0.1387117195151812,708.9180969780537,14519.596032459549,9788.72769609918,4730.868336360369,0.07614162914190134
46640,0.1387265915768854,716.3084581951462,14507.489698018358,9788.327285149602,4719.162412868756,0.07622688019283624
46645,0.1387414636385896,723.0056336238322,14496.37663135634,9785.589924198921,4710.786707157418,0.07630688295890066
46650,0.13875633570029383,728.012838389719,14486.195970061248,9780.172766978983,4706.023203082264,0.07638312220795022
46655,0.13877120776199803,730.3070743707867,14476.81707967176,9771.855156722193,4704.961922949567,0.07645659303609176
46660,0.13878607982370225,728.9223470666966,14468.043580801925,9760.548488276798,4707.495092525127,0.0765278188032321
46665,0.13880095188540645,723.0265522468617,14459.620500492916,9746.300499339906,4713.32000115301,0.07659689789924994
46670,0.13881582394711067,711.9836675499846,14451.244557832915,9729.29297637248,4721.951581460435,0.07666357558165311
46675,0.13883069600881487,695.3948806967564,14442.57740271321,9709.832137143274,4732.745265569936,0.0767458586453457
46680,0.1388455680705191,673.1153154043932,14433.261382239762,9688.331483500982,4744.929898738779,0.07685198621188818
46685,0.1388604401322233,645.2465552354188,14422.93713281844,9665.287627825945,4757.649504992496,0.07694938178469928
46690,0.1388753121939275,612.1085102015022,14411.262025548414,9641.25036174239,4770.011663806024,0.07703762533207352
46695,0.13889018425563174,574.1966254982999,14397.928279260754,9616.788923206524,4781.139356054229,0.077116592231316
46700,0.13890505631733593,532.131516629046,14382.679452353515,9592.456918266853,4790.222534086663,0.07718647734855247
46705,0.13891992837904016,486.60771284858674,14365.324071394218,9568.758598356779,4796.565473037439,0.07724779415136848
46710,0.13893480044074435,438.34658033663254,14345.745364385879,9546.119156331226,4799.626208054653,0.07730134901686812
46715,0.13894967250244858,388.0562587471377,14323.906418319299,9524.861389991416,4799.045028327882,0.07734819328473051
46720,0.13896454456415278,336.39927836690913,14299.850521441003,9505.190518293039,4794.660003147965,0.07738955765348306
46725,0.138979416625857,283.9670303914754,14273.696908655147,9487.188170897261,4786.508737757886,0.07742677495750908
46730,0.1389942886875612,231.25976644282673,14245.632530356912,9470.815679090436,4774.816851266476,0.0774611980502536
46735,0.13900916074926542,178.67127500182323,14215.900753496802,9455.925875885117,4759.974877611685,0.0774941194560504
46740,0.13902403281096962,126.47846317896983,14184.78804868391,9442.281786100672,4742.506262583238,0.07752669875515461
46745,0.13903890487267384,74.83720812763386,14152.609719131531,9429.57997356401,4723.029745567521,0.07755990251145496
46750,0.13905377693437806,23.7864750095232,14119.695611970987,9417.476002978688,4702.219608992298,0.07759446012148678
46755,0.13906864899608226,-26.73754243773874,14086.376561084999,9405.609503894577,4680.767057190422,0.07763083740341734
46760,0.13908352105778649,-76.87666997616543,14052.972087935676,9393.626663165698,4659.345424769977,0.07766922815746506
46765,0.13909839311949068,-126.81660926712175,14019.77967151947,9381.198533608453,4638.581137911018,0.07770956238779518
46770,0.1391132651811949,-176.74654668149742,13987.065716962905,9368.034213627945,4619.03150333496,0.07775152845348213
46775,0.1391281372428991,-226.81711888924838,13955.058217531086,9353.888611404049,4601.169606127038,0.07779460521012065
46780,0.13914300930460333,-277.1019029219333,13923.941019312531,9338.56507316341,4585.375946149121,0.07783809934198539
46785,0.13915788136630752,-327.5671217230811,13893.849557803258,9321.91358523508,4571.935972568179,0.07788118270900073
46790,0.13917275342801175,-378.0529124673558,13864.867935133903,9303.825549368892,4561.042385765011,0.07792292476211916
46795,0.13918762548971594,-428.2676911134913,13837.02723901123,9284.226298880469,4552.800940130761,0.07796231596821597
46800,0.13920249755142017,-477.79532189982274,13810.305061257579,9263.066593342754,4547.238467914825,0.07799827968245479
46805,0.1392173696131244,-526.1133323142531,13784.62624311627,9240.314316609181,4544.311926507089,0.07802967184730507
46810,0.1392322416748286,-572.6194952844471,13759.864939898867,9215.947508176845,4543.917431722022,0.07805527001553339
46815,0.1392471137365328,-616.6637522671153,13735.848140525568,9189.949673689893,4545.898466835675,0.0780737551637291
46820,0.139261985798237,-657.5825821485905,13712.36078167749,9162.308040895186,4550.052740782303,0.078083691260597
46825,0.13927685785994123,-694.7333895151478,13689.15255251847,9133.015059830244,4556.137492688225,0.07808350832827332
46830,0.13929172992164543,-727.5271351138836,13665.946395654928,9102.07301732052,4563.873378334409,0.07807149465452017
46835,0.13930660198334965,-755.4581010072216,13642.448585178328,9069.501191636276,4572.947393542052,0.07804580289185567
46840,0.13932147404505385,-778.1302190202805,13618.360122706797,9035.344571057703,4583.015551649094,0.07800447316173105
46845,0.13933634610675807,-795.279674243262,13593.389059153435,8999.6828574802,4593.706201673234,0.07794547420719669
46850,0.13935121816846227,-806.7934762930472,13567.263242725776,8962.638319898402,4604.624922827374,0.07786676139061204
46855,0.1393660902301665,-812.7234143765982,13539.742925090179,8924.381080320829,4615.36184476935,0.07776634819734753
46860,0.13938096229187072,-813.2944049234557,13510.63263200408,8885.13061229862,4625.50201970546,0.07764238613225172
46865,0.13939583435357492,-808.9058718687975,13479.79171803564,8845.152594324143,4634.639123711497,0.07753485425160601
46870,0.13941070641527914,-800.1246296703539,13447.143066962606,8804.750752807187,4642.392314155419,0.07748267643647834
46875,0.13942557847698334,-787.6678799159981,13412.67945744522,8764.253902130487,4648.425555314732,0.07741032733962115
46880,0.13944045053868756,-772.3754341261229,13376.467177461222,8723.998979600901,4652.46819786032,0.07731600366899151
46885,0.13945532260039176,-755.1711261861783,13338.646537676806,8684.311409449962,4654.335128226845,0.07719818584615176
46890,0.13947019466209598,-737.0145120139186,13299.429009524292,8645.484538959663,4653.944470564629,0.07705568975024418
46895,0.13948506672380018,-718.8452553837651,13259.090812142565,8607.760105954025,4651.330706188541,0.07688770239124784
46900,0.1394999387855044,-701.5239059902378,13217.962909672216,8571.31167503531,4646.651234636907,0.0766937992174868
46905,0.1395148108472086,-685.7738947452599,13176.41756768574,8536.232707411162,4640.184860274578,0.07647394239705915
46910,0.13952968290891282,-672.1302990885979,13134.851853675647,8502.530434086904,4632.321419588743,0.07622846108182146
46915,0.13954455497061705,-660.9010893315881,13093.668734870795,8470.126054400922,4623.542680469873,0.07595801613018725
46920,0.13955942703232124,-652.1460385492737,13053.25669617466,8438.861082641766,4614.395613532894,0.07566355284082653
46925,0.13957429909402547,-645.6772358411872,13013.969032236731,8408.509027503991,4605.46000473274,0.07534624582856929
46930,0.13958917115572966,-641.0832647724073,12976.104120685803,8378.791111253038,4597.313009432764,0.07500744025345217
46935,0.1396040432174339,-637.7767754486049,12939.888026602497,8349.394479758519,4590.493546843978,0.0746485932783197
46940,0.13961891527913808,-635.0626432123536,12905.46070392126,8319.991333687538,4585.469370233723,0.07442892521292485
46945,0.1396337873408423,-632.221456074034,12872.866848273918,8290.257589281478,4582.609258992439,0.07452906518526005
46950,0.1396486594025465,-628.6009839330345,12842.052136951697,8259.88998355722,4582.162153394478,0.07459155474795291
46955,0.13966353146425073,-623.7068004219964,12812.865200766428,8228.620888658756,4584.244312107672,0.07461544388051694
46960,0.13967840352595493,-617.2825584338898,12785.065255988704,8196.23041617256,4588.834839816143,0.07460060824470252
46965,0.13969327558765915,-609.3707287602538,12758.334931324858,8162.555622001041,4595.779309323817,0.07454771061839414
46970,0.13970814764936337,-600.3460045047086,12732.297496464738,8127.49674755402,4604.8007489107185,0.07445811307740055
46975,0.13972301971106757,-590.9160501559982,12706.537460137433,8091.020469816951,4615.516990320482,0.07438137626995886
46980,0.1397378917727718,-582.0876598246505,12680.6233607499,8053.160123770597,4627.463236979303,0.07464858317849694
46985,0.139752763834476,-575.1002999192733,12654.131507205795,8014.012858891044,4640.118648314751,0.07486378890714734
46990,0.13976763589618021,-571.3328814755041,12626.669417228828,7973.733742945808,4652.93567428302,0.0750246285204348
46995,0.1397825079578844,-572.1928002756031,12597.897724355174,7932.526953889897,4665.370770465277,0.07512966714931754
47000,0.13979738001958864,-578.9982594853554,12567.549374546084,7890.634396751943,4676.914977794141,0.07517852175922296
47005,0.13981225208129283,-592.8653651127934,12535.445018377128,7848.322312270581,4687.1227061065465,0.07517191992147054
47010,0.13982712414299706,-614.6105093313854,12501.503646992263,7805.866658953874,4695.636988038389,0.07511168852872531
47015,0.13984199620470125,-644.6764804287013,12465.74774298378,7763.538204333369,4702.209538650411,0.07500067132003842
47020,0.13985686826640548,-683.0880714643845,12428.302532103151,7721.588325807353,4706.714206295798,0.07484258091563335
47025,0.1398717403281097,-729.440196598387,12389.389315836972,7680.236490566977,4709.1528252699945,0.0746540313405887
47030,0.1398866123898139,-782.9189953094246,12349.313299871212,7639.660270053494,4709.653029817718,0.0745132685792178
47035,0.13990148445151812,-842.3542235347522,12308.446751392288,7599.988567435702,4708.458183956586,0.07450041122358099
47040,0.13991635651322232,-906.2993343834878,12267.208656861689,7561.298514048488,4705.910142813201,0.07463856190315908
47045,0.13993122857492654,-973.1339089010544,12226.042263006932,7523.616231836213,4702.4260311707185,0.07471205872081885
47050,0.13994610063663074,-1041.181427359963,12185.391947395949,7486.921367610066,4698.470579785882,0.07472465030660974
47055,0.13996097269833496,-1108.833816761935,12145.680794760217,7451.154988724501,4694.525806035716,0.07468087011631588
47060,0.13997584476003916,-1174.6729527262469,12107.290091742698,7416.23010860239,4691.059983140308,0.07458578515979335
47065,0.13999071682174338,-1237.578612102836,12070.541746932895,7382.043821067643,4688.497925865252,0.07444473872048428
47070,0.14000558888344758,-1296.8125628798643,12035.684436235997,7348.489813045781,4687.194623190216,0.07439328676091192
47075,0.1400204609451518,-1352.0697681736674,12002.884083051076,7315.469943585559,4687.414139465517,0.07443125438155583
47080,0.14003533300685603,-1403.4901542448151,11972.219097757159,7282.903654509629,4689.31544324753,0.07447748253077856
47085,0.14005020506856022,-1451.6279327456486,11943.68059313942,7250.734217417764,4692.946375721655,0.07445629772982282
47090,0.14006507713026445,-1497.3797441829902,11917.177533194379,7218.931195409429,4698.24633778495,0.07437049762883999
47095,0.14007994919196864,-1541.8773881498928,11892.546452916135,7187.48895391838,4705.057498997755,0.07446233385054296
47100,0.14009482125367287,-1586.3550098232881,11869.565026854183,7156.421530608564,4713.143496245619,0.07448648484941743
47105,0.14010969331537707,-1632.0037252160564,11847.968414069554,7125.754608450808,4722.213805618746,0.07443752874518442
47110,0.1401245653770813,-1679.828340188964,11827.46703223207,7095.515678527112,4731.951353704959,0.07439135926469169
47115,0.14013943743878549,-1730.5208373773985,11807.76427641154,7065.723693353295,4742.040583058246,0.07446339203589863
47120,0.1401543095004897,-1784.3637144150816,11788.572738998786,7036.379574700408,4752.193164298378,0.07446263633868658
47125,0.1401691815621939,-1841.1733052001691,11769.627712191419,7007.45884305475,4762.168869136669,0.07438276595309984
47130,0.14018405362389813,-1900.2892709847165,11750.697133322084,6978.9073851896765,4771.789748132408,0.07436853867214457
47135,0.14019892568560235,-1960.6119178113986,11731.587606458093,6950.640996536809,4780.946609921284,0.07441858612316571
47140,0.14021379774730655,-2020.6842959535734,11712.146626537822,6922.548870782683,4789.59775575514,0.07438994855536782
47145,0.14022866980901078,-2078.811585419433,11692.261570878965,6894.50072240501,4797.760848473956,0.07427610790434677
47150,0.14024354187071497,-2133.206496345436,11671.856347430032,6866.356789573453,4805.499557856579,0.07424708710623434
47155,0.1402584139324192,-2182.146719284281,11650.886762490158,6837.97964093093,4812.907121559228,0.07424325970401453
47160,0.1402732859941234,-2224.1291665164626,11629.335680819373,6809.246546402338,4820.089134417035,0.07422167207991848
47165,0.14028815805582762,-2258.0060172410595,11607.20890943002,6780.061184056521,4827.1477253735,0.07413115096887064
47170,0.1403030301175318,-2283.089391744459,11584.53247280806,6750.363622456396,4834.168850351663,0.07414082356467161
47175,0.14031790217923604,-2299.214627058649,11561.351605035836,6720.137793893662,4841.213811142174,0.07411475384182555
47180,0.14033277424094023,-2306.756268227168,11537.731413901432,6689.415999222314,4848.3154146791185,0.07399808486547763
47185,0.14034764630264446,-2306.5955973927994,11513.75882574575,6658.280305673237,4855.478520072513,0.07392810966838749
47190,0.14036251836434868,-2300.043322933092,11489.545144865331,6626.860978248263,4862.6841666170685,0.0739196237235702
47195,0.14037739042605288,-2288.72544976313,11465.228393967132,6595.332306520325,4869.8960874468075,0.07392708744337224
47200,0.1403922624877571,-2274.443876499261,11440.974562336525,6563.906348901924,4877.068213434602,0.07384485500083282
47205,0.1404071345494613,-2259.0255181752964,11416.976977127366,6532.825215740472,4884.151761386894,0.07380751992476808
47210,0.14042200661116552,-2244.174484192622,11393.453213517569,6502.352545785053,4891.100667732516,0.07377044687932138
47215,0.14043687867286972,-2231.3410047070347,11370.639240183824,6472.7647868694885,4897.874453314335,0.07363570753558026
47220,0.14045175073457394,-2221.618573584041,11348.780818302523,6444.342762776612,4904.43805552591,0.07363304599637754
47225,0.14046662279627814,-2215.677526366331,11328.122493874693,6417.3638006401825,4910.75869323451,0.07362020338725914
47230,0.14048149485798236,-2213.7394623984947,11308.894807860543,6392.094438009798,4916.800369850745,0.07362422573298037
47235,0.14049636691968656,-2215.593012488205,11291.300568489263,6368.783482623087,4922.517085866176,0.07353089597165782
47240,0.14051123898139078,-2220.647823976641,11275.501168338946,6347.655032352999,4927.846135985947,0.07345947577228984
47245,0.140526111043095,-2228.0205382586346,11261.603979638865,6328.901042476087,4932.702937162778,0.07338738996786584
47250,0.1405409831047992,-2236.644119603573,11249.651827525377,6312.673186192454,4936.978641332923,0.07348721945978214
47255,0.14055585516650343,-2245.390242124685,11239.61543101603,6299.074076667484,4940.541354348545,0.07365930252321931
47260,0.14057072722820763,-2253.1936171154293,11231.389526288805,6288.148336532731,4943.241189756074,0.07375783234337775
47265,0.14058559928991185,-2259.167203887002,11224.793159259954,6279.874407444013,4944.9187518159415,0.07378396103519465
47270,0.14060047135161605,-2262.698227236471,11219.574369295215,6274.158273624966,4945.416095670249,0.07414323960442355
47275,0.14061534341332027,-2263.51679029719,11215.419201061035,6270.830341633117,4944.588859427918,0.07449181073008272
47280,0.14063021547502447,-2261.731483898204,11211.964697892518,6269.64653951642,4942.318158376098,0.0747620560402062
47285,0.1406450875367287,-2257.8295002731466,11208.815269824574,6270.2943003145165,4938.5209695100575,0.0749537620034875
47290,0.1406599595984329,-2252.64202720696,11205.561613061498,6272.4035565970025,4933.1580564644955,0.07508830811010953
47295,0.1406748316601371,-2247.278777134331,11201.801200386797,6275.562298751989,4926.238901634808,0.07531130648158288
47300,0.14068970372184134,-2243.0380892589483,11197.159270902557,6279.335739484909,4917.823531417648,0.07568193454015969
47305,0.14070457578354553,-2241.300915295791,11191.309220631787,6283.287752781751,4908.021467850036,0.0760109608236373
47310,0.14071944784524976,-2243.4180423214,11183.991323165748,6287.003052988307,4896.988270177441,0.07636793961289517
47315,0.14073431990695395,-2250.600085895542,11175.028777556341,6290.108551322212,4884.920226234129,0.07663345866981248
47320,0.14074919196865818,-2263.8191369746273,11164.340175283378,6292.292453143668,4872.04772213971,0.0768080273282886
47325,0.14076406403036237,-2283.7295630706512,11151.947591248398,6293.319908595051,4858.627682653347,0.07705037481861758
47330,0.1407789360920666,-2310.613509050585,11137.979636440465,6293.044365516181,4844.935270924284,0.07746248274820657
47335,0.1407938081537708,-2344.3543380119945,11122.668973586473,6291.414157639334,4831.254815947139,0.07778400560065694
47340,0.14080868021547502,-2384.438855363921,11106.344010342818,6288.474249860188,4817.86976048263,0.0780148309551351
47345,0.14082355227717924,-2429.9869171019227,11089.414766399323,6284.36341111351,4805.051355285813,0.07815592632109546
47350,0.14083842433888344,-2479.805131134699,11072.35327100302,6279.307352641463,4793.045918361557,0.0784699819453108
47355,0.14085329640058766,-2532.4599406535344,11055.669276989649,6273.608526235219,4782.06075075443,0.07881947195043942
47360,0.14086816846229186,-2586.364482993112,11039.882542529553,6267.633314344376,4772.249228185176,0.07907914977748935
47365,0.14088304052399608,-2639.873231757194,11025.493373560483,6261.797277103082,4763.696096457401,0.07924901019393996
47370,0.14089791258570028,-2691.3784717932576,11012.953462381232,6256.548987401193,4756.40447498004,0.07941894778236791
47375,0.1409127846474045,-2739.402991042426,11002.63922363169,6252.352835343189,4750.2863882885,0.07977102750174675
47380,0.1409276567091087,-2782.683868324014,10994.82975872042,6249.671071908249,4745.15868681217,0.08003238379846161
47385,0.14094252877081292,-2820.2428317831836,10989.691251224982,6248.945333395369,4740.745917829613,0.08020208094406203
47390,0.14095740083251712,-2851.439384152596,10987.269034305991,6250.57796860852,4736.6910656974715,0.08033887227980537
47395,0.14097227289422135,-2876.0037814890184,10987.487848987372,6254.913676945849,4732.574172041523,0.08061501049813613
47400,0.14098714495592557,-2894.0480003362736,10990.160034306886,6262.222222633867,4727.937811673019,0.08081937426236074
47405,0.14100201701762977,-2906.0539778192933,10995.000671727998,6272.683253706377,4722.31741802162,0.08103466358206399
47410,0.141016889079334,-2912.839633843302,11001.6481457588,6286.374440965647,4715.273704793152,0.08138004633693564
47415,0.1410317611410382,-2915.504504003253,11009.688243141718,6303.264180614758,4706.42406252696,0.0816504519391092
47420,0.1410466332027424,-2915.3582114185074,11018.679811052953,6323.209919177675,4695.469891875277,0.08184661700035595
47425,0.1410615052644466,-2913.8363606253706,11028.18010431893,6345.962752488054,4682.2173518308755,0.08206574712746464
47430,0.14107637732615083,-2912.4095466798944,11037.768216674156,6371.1783699752505,4666.589846698906,0.08238939910281536
47435,0.14109124938785503,-2912.491858129245,11047.065344309161,6398.433757297998,4648.631587011163,0.08263537809601416
47440,0.14110612144955925,-2915.3553945806634,11055.7510104532,6427.248455143409,4628.50255530979,0.0828038009335747
47445,0.14112099351126345,-2922.0568490088763,11063.57474487644,6457.108712971293,4606.466031905146,0.08298205136840489
47450,0.14113586557296767,-2933.38112360948,11070.36304097199,6487.492651015278,4582.870389956712,0.0832619533863291
47455,0.1411507376346719,-2949.8053767444444,11076.021701573787,6517.894576117419,4558.127125456368,0.08345971222151244
47460,0.1411656096963761,-2971.4850548972754,11080.533936384394,6547.846857784008,4532.6870786003865,0.08357453868669913
47465,0.14118048175808032,-2998.261553465243,11083.954790271242,6576.938191088923,4507.016599182319,0.08364344544213424
47470,0.1411953538197845,-3029.6892949050043,11086.402655973725,6604.827566508116,4481.5750894656085,0.08385045393951993
47475,0.14121022588148874,-3065.0783004316363,11088.048742179952,6631.253751763378,4456.7949904165735,0.08396791839851947
47480,0.14122509794319293,-3103.546928307045,11089.105410998212,6656.04050618141,4433.0649048168025,0.0839943725006489
47485,0.14123997000489716,-3144.0786320500574,11089.814255290015,6679.098059002123,4410.716196287893,0.08392926889741233
47490,0.14125484206660135,-3185.576630010595,11090.434656086081,6700.421577439672,4390.01307864641,0.08400274964049244
47495,0.14126971412830558,-3226.911383892624,11091.233359007467,6720.087429502694,4371.1459295047725,0.08399695569763393
47500,0.14128458619000978,-3266.9576072548407,11092.475366092054,6738.248016082375,4354.227350009679,0.0842561142100391
47505,0.141299458251714,-3304.619794821142,11094.416194836573,6755.125813210522,4339.2903816260505,0.08444525704690789
47510,0.14131433031341822,-3338.8475163872063,11097.295350345928,6771.007040568595,4326.288309777334,0.08464894582033596
47515,0.14132920237512242,-3368.643532242132,11101.330723466664,6786.235081499573,4315.095641967091,0.08490853857991876
47520,0.14134407443682664,-3393.0688548829057,11106.713587936354,6801.203466576555,4305.510121359799,0.08508302585523606
47525,0.14135894649853084,-3411.249046832476,11113.603924418216,6816.347957171547,4297.255967246669,0.08516995111867608
47530,0.14137381856023506,-3422.3852972982104,11122.125930596623,6832.137093514221,4289.988837082402,0.08516792286864323
47535,0.14138869062193926,-3425.772296634236,11132.363750096616,6849.060557817489,4283.303192279127,0.08526642514629786
47540,0.14140356268364349,-3420.8229046080396,11144.35762630322,6867.61487240295,4276.742753900269,0.08529067635394448
47545,0.14141843474534768,-3407.097492536608,11158.10081977825,6888.286289926287,4269.814529851963,0.08521387995279037
47550,0.1414333068070519,-3384.334099181505,11173.537690935409,6911.531183203692,4262.006507731717,0.08503616866308536
47555,0.1414481788687561,-3352.474586669664,11190.563331933974,6937.754725268703,4252.808606665271,0.08530567274033264
47560,0.14146305093046033,-3311.6820393875632,11209.025041388699,6967.289079196007,4241.735962192692,0.08555532541584147
47565,0.14147792299216455,-3262.3456918960874,11228.725796010322,7000.372617177571,4228.353178832751,0.08571608443760736
47570,0.14149279505386875,-3205.0714504270727,11249.42971612126,7037.131810650334,4212.297905470926,0.08578510903595092
47575,0.14150766711557297,-3140.6581893423245,11270.869377546001,7077.567361150492,4193.30201639551,0.08583540734219904
47580,0.14152253917727717,-3070.0620215242325,11292.754711481457,7121.545888694459,4171.208822786998,0.08589969663235988
47585,0.1415374112389814,-2994.3522876563475,11314.783163256721,7168.7980978197165,4145.985065437005,0.08585684007234516
47590,0.1415522833006856,-2914.663851096526,11336.650743091275,7218.923852763937,4117.726890327338,0.085706565425467
47595,0.1415671553623898,-2832.1503481727377,11358.063580412812,7271.404072234571,4086.6595081782416,0.08568784424030858
47600,0.141582027424094,-2747.9423919118544,11378.749569715023,7325.618862576581,4053.1307071384417,0.08594284002303795
47605,0.14159689948579823,-2663.1135316713808,11398.46965850173,7380.870903215423,4017.598755286307,0.08609922859597845
47610,0.14161177154750243,-2578.65528573138,11417.028277599347,7436.41282305063,3980.615454548717,0.08615376756507692
47615,0.14162664360920665,-2495.4610915397825,11434.282366540789,7491.477179527796,3942.805187012993,0.08610551925237957
47620,0.14164151567091088,-2414.3178548041005,11450.148427613105,7545.307661258345,3904.8407663547596,0.08595602733178873
47625,0.14165638773261507,-2335.9031461096065,11464.60707829046,7597.19024020153,3867.4168380889305,0.08581685373859614
47630,0.1416712597943193,-2260.7860765460127,11477.704680979641,7646.4831439701775,3831.2215370094636,0.08562262998705662
47635,0.1416861318560235,-2189.430394761731,11489.5518122926,7692.644647025684,3796.9071652669163,0.08589964373871851
47640,0.14170100391772772,-2122.1991488469657,11500.318573010292,7735.257753771587,3765.0608192387053,0.08607139744185968
47645,0.14171587597943192,-2059.3610310978975,11510.226999228556,7774.050859835512,3736.1761393930447,0.08613385647490265
47650,0.14173074804113614,-2001.0989788802717,11519.541070794934,7808.913456088699,3710.6276147062354,0.08608559471568791
47655,0.14174562010284034,-1947.5215580963868,11528.554983152017,7839.905932313365,3688.6490508386514,0.08592809779411692
47660,0.14176049216454456,-1898.6770988462413,11537.580424850923,7867.26259838725,3670.3178264636726,0.0856658802020725
47665,0.14177536422624876,-1854.5696671404648,11546.933578902233,7891.387211040379,3655.5463678618544,0.08583884567277884
47670,0.14179023628795298,-1815.1750657600833,11556.922458953217,7912.840588504985,3644.0818704482317,0.08594159124492917
47675,0.1418051083496572,-1780.45450846544,11567.835037002995,7932.320299408319,3635.5147375946754,0.08593817052700574
47680,0.1418199804113614,-1750.3636398909339,11579.928462210208,7950.632888055745,3629.295574154463,0.08582957705466703
47685,0.14183485247306563,-1724.8552166943255,11593.419550614022,7968.659595205609,3624.7599554084136,0.08561965877018753
47690,0.14184972453476982,-1703.87487166159,11608.47666837208,7987.3170010122885,3621.1596673597924,0.08547554572782298
47695,0.14186459659647405,-1687.3506774608295,11625.213139713756,8007.514414326323,3617.698725387433,0.08559712927208582
47700,0.14187946865817824,-1675.1784102790998,11643.682366523988,8030.110131807572,3613.5722347164165,0.08561422671582564
47705,0.14189434071988247,-1667.2052406457633,11663.874915054006,8055.868872641887,3608.0060424121193,0.08552749650492988
47710,0.14190921278158666,-1663.2149121801622,11685.71786765842,8085.422746296194,3600.2951213622264,0.08534037264379986
47715,0.1419240848432909,-1662.9172894221847,11709.076721712665,8119.238020850508,3589.8387008621567,0.08508956629022288
47720,0.14193895690499508,-1665.9445363170616,11733.76002783453,8157.5897216493895,3576.1703061851413,0.08519868091635523
47725,0.1419538289666993,-1671.85524979177,11759.526799534147,8200.545704533304,3558.981095000843,0.08520264649050151
47730,0.14196870102840353,-1680.1467567692725,11786.096519439618,8247.961324809414,3538.135194630204,0.08510259938684651
47735,0.14198357309010773,-1690.2746282419994,11813.161347834302,8299.48518569897,3513.6761621353326,0.0849023845072939
47740,0.14199844515181195,-1701.677413972935,11840.399943858072,8354.575738705682,3485.8242051523903,0.08466756255734535
47745,0.14201331721351615,-1713.8038002098265,11867.49216742079,8412.527780491195,3454.964386929596,0.08472935409964366
47750,0.14202818927522037,-1726.1389676366125,11894.133857100898,8472.507215842148,3421.62664125875,0.0846859496596638
47755,0.14204306133692457,-1738.2269611179,11920.050878216025,8533.591906471136,3386.458971744889,0.08453989824304246
47760,0.1420579333986288,-1749.6863917132823,11945.011696388576,8594.816064557523,3350.195631831053,0.08429623002185141
47765,0.142072805460333,-1760.2177135997208,11968.837838584575,8655.215520736316,3313.6223178482596,0.08410474561630309
47770,0.14208767752203721,-1769.6015172100779,11991.411737852195,8713.871308166063,3277.5404296861325,0.08409193503192895
47775,0.1421025495837414,-1777.6885621661422,12012.681605496344,8769.949327991682,3242.7322775046614,0.08397710851266889
47780,0.14211742164544564,-1784.3834245048301,12032.663127102009,8822.734333759376,3209.928793342633,0.08376476574017559
47785,0.14213229370714986,-1789.6244579333716,12051.437934363154,8871.657011013556,3179.7809233495973,0.08346142001954854
47790,0.14214716576885406,-1793.3631308629128,12069.148963119249,8916.31345249746,3152.8355106217896,0.08328265195934101
47795,0.14216203783055828,-1795.5456397173211,12085.992967807662,8956.476778165757,3129.516189641905,0.08318213223129627
47800,0.14217690989226248,-1796.0990493359095,12102.210617394852,8992.100993991682,3110.10962340317,0.08298675020656651
47805,0.1421917819539667,-1794.9232116100502,12118.074736280896,9023.317430063942,3094.757306216954,0.08270283716588707
47810,0.1422066540156709,-1791.8885893967317,12133.877360511642,9050.42427794637,3083.453082565273,0.08233804050298664
47815,0.14222152607737512,-1786.83912376828,12149.916338762265,9073.869899494195,3076.0464392680697,0.08209782695828705
47820,0.14223639813907932,-1779.598642280922,12166.482206167266,9094.230734641178,3072.2514715260877,0.08191073690306484
47825,0.14225127020078354,-1769.9791166866225,12183.845991681752,9112.184802694735,3071.6611889870164,0.08163867007704502
47830,0.14226614226248774,-1757.789308559196,12202.248491873563,9128.481956102167,3073.766535771396,0.08128914220390404
47835,0.14228101432419196,-1742.8428499225074,12221.891373416016,9143.912178849125,3077.9791945668912,0.08087025278581589
47840,0.1422958863858962,-1724.9654002825846,12242.930280573877,9159.273293828672,3083.6569867452054,0.08062074413265122
47845,0.14231075844760038,-1704.0010215937518,12265.469955008168,9175.339435000798,3090.1305200073693,0.08035912938363438
47850,0.1423256305093046,-1679.8181991171705,12289.561253790094,9192.831547506685,3096.7297062834095,0.08002628223335834
47855,0.1423405025710088,-1652.3159719500172,12315.199898123943,9212.391015517662,3102.8088826062813,0.07975567613221733
47860,0.14235537463271303,-1621.4304603045775,12342.326804211472,9234.557308246209,3107.7694959652636,0.0795611664884952
47865,0.14237024669441722,-1587.1417746310171,12370.829923692989,9259.750306128835,3111.0796175641535,0.0792919875751867
47870,0.14238511875612145,-1549.4809711677353,12400.54762229854,9288.257741209296,3112.289881089244,0.07895497865222365
47875,0.14239999081782564,-1508.5364780178552,12431.27371122283,9320.227967300307,3111.045743922523,0.07855729228851842
47880,0.14241486287952987,-1464.4593245582364,12462.764278122817,9355.668067813458,3107.096210309359,0.07810635492451452
47885,0.14242973494123407,-1417.466583987769,12494.746418330451,9394.447112018266,3100.299306312185,0.07774663701081352
47890,0.1424446070029383,-1367.8426459173443,12526.928836455254,9436.304186727855,3090.6246497273987,0.07741227367161173
47895,0.1424594790646425,-1315.9381837575038,12559.014089844986,9480.860668175801,3078.1534216691853,0.07702235120238012
47900,0.1424743511263467,-1262.1668610657625,12590.71201172291,9527.636070595521,3063.0759411273884,0.0765837990125063
47905,0.14248922318805093,-1206.9998444080265,12621.753626219745,9576.066726606978,3045.686899612767,0.07613853291952978
47910,0.14250409524975513,-1150.9580323887303,12651.904693519942,9625.526527626958,3026.378165892984,0.07581111448378922
47915,0.14251896731145935,-1094.6016345761018,12680.977935997656,9675.348977870082,3005.628958127574,0.07543284220725636
47920,0.14253383937316355,-1038.5164841503083,12708.843015591856,9724.84987984249,2983.993135749366,0.07501001662307641
47925,0.14254871143486778,-983.2964257968761,12735.433460569117,9773.350051309428,2962.083409259689,0.07454881732016043
47930,0.14256358349657197,-929.5214324175486,12760.74996066015,9820.197550830091,2940.5524098300593,0.07439209093849083
47935,0.1425784555582762,-877.7318134833204,12784.859734408155,9864.788943994525,2920.0707904136307,0.0744167663926346
47940,0.1425933276199804,-828.3998877953127,12807.891985561435,9906.589169045445,2901.3028165159903,0.0744400029839124
47945,0.14260819968168462,-781.9015866990449,12830.029770046058,9945.149562404898,2884.8802076411594,0.07446166912149715
47950,0.14262307174338884,-738.4913530783542,12851.498860270245,9980.12359156786,2871.3752687023843,0.07448161375276001
47955,0.14263794380509304,-698.2841511985735,12872.554396881285,10011.279825010432,2861.274571870854,0.07449967536583621
47960,0.14265281586679726,-661.2482348764843,12893.466247667413,10038.511653838146,2854.9545938292667,0.0745156929999154
47965,0.14266768792850146,-627.2114889942677,12914.504046671036,10061.843274561319,2852.660772109717,0.07452951804648096
47970,0.14268255999020568,-595.8827310995748,12935.92286833352,10081.431455913058,2854.4914124204624,0.07454102541357142
47975,0.14269743205190988,-566.8874992223173,12957.950410097148,10097.562659573285,2860.3877505238634,0.07455012263591101
47980,0.1427123041136141,-539.81579292063,12980.776422072724,10110.645183723289,2870.131238349435,0.07455675574186348
47985,0.1427271761753183,-514.2772626211008,13004.544943594157,10121.19616697767,2883.348776616487,0.07456091108722632
47990,0.14274204823702252,-489.9577688837635,13029.34969315785,10129.823536434984,2899.5261567228663,0.0745830074149674
47995,0.14275692029872672,-466.6703537810554,13055.232721362321,10137.203298664897,2918.029422697424,0.07460661208784927
48000,0.14277179236043094,-444.3937038747281,13082.186190442933,10144.052927450344,2938.133262992589,0.07462863783782094
48005,0.14278666442213517,-423.29222840934744,13110.156908434437,10151.101951256323,2959.054957178114,0.07464923404225207
48010,0.14280153648383936,-403.71384889781075,13139.053044726497,10159.06113395994,2979.9919107665573,0.07466854569437541
48015,0.1428164085455436,-386.1642513142215,13168.752311887447,10168.591827840148,3000.160484047299,0.07468669814308773
48020,0.14283128060724778,-371.25931874626804,13199.110836740927,10180.277129315822,3018.833707425105,0.07470378375522786
48025,0.142846152668952,-359.6603134440138,13229.971971777575,10194.596379652414,3035.3755921251613,0.07471985174331774
48030,0.1428610247306562,-351.99870455963173,13261.174410844884,10211.904340650635,3049.2700701942485,0.07473490205866068
48035,0.14287589679236043,-348.7990208285737,13292.559149790648,10232.416069913937,3060.1430798767105,0.0747488838135029
48040,0.14289076885406463,-350.40855908639423,13323.975040734755,10256.198158715093,3067.7768820196616,0.07476169820872419
48045,0.14290564091576885,-356.942165616867,13355.282891315368,10283.166613491074,3072.1162778242942,0.07477320545554948
48050,0.14292051297747305,-368.2487327645904,13386.358225680488,10313.09128972732,3073.2669359531683,0.07478323474712943
48055,0.14293538503917727,-383.90372887850936,13417.092932165317,10345.606447638542,3071.486484526775,0.0747915960129085
48060,0.1429502571008815,-403.22928242293165,13447.396068338769,10380.226710355382,3067.1693579833864,0.07479809202097622
48065,0.1429651291625857,-425.3403785866012,13477.194086056068,10416.367480994513,3060.826605061555,0.07480252941004108
48070,0.14298000122428992,-449.2129080024788,13506.430694545572,10453.36872546602,3053.061969079552,0.07480472743840792
48075,0.1429948732859941,-473.76691752784063,13535.066518282254,10490.520958791738,3044.545559490516,0.07480452361020086
48080,0.14300974534769834,-497.95669397805614,13563.078645467716,10527.09228295898,3035.9863625087364,0.074801775828047
48085,0.14302461740940253,-520.858443810961,13590.460113208574,10562.35540440827,3028.1047088003033,0.0747963612525136
48090,0.14303948947110676,-541.7464214784486,13617.21934074865,10595.613692069184,3021.605648679466,0.07478817253642918
48095,0.14305436153281095,-560.1494270692765,13643.37950029442,10626.22549978128,3017.154000513141,0.0747771124666352
48100,0.14306923359451518,-575.8815647918054,13668.977800701086,10653.626144521659,3015.3516561794277,0.07476308822911512
48105,0.14308410565621937,-589.043849802063,13694.06464719816,10677.34707913341,3016.7175680647506,0.07474600649351548
48110,0.1430989777179236,-599.9963906551711,13718.702627627092,10697.031904774982,3021.67072285211,0.07472577030667713
48115,0.14311384977962782,-609.3040939987714,13742.96526315262,10712.448922929776,3030.5163402228445,0.0747022784424501
48120,0.14312872184133202,-617.6617308062723,13766.93545258226,10723.499931973192,3043.4355206090677,0.07467542744732959
48125,0.14314359390303624,-625.8063886822929,13790.703538679127,10730.224946369608,3060.4785923095187,0.0746451162219994
48130,0.14315846596474044,-634.4265309982911,13814.364935492722,10732.802487658242,3081.56244783448,0.0746112526491992
48135,0.14317333802644466,-644.0769686726871,13838.017279368847,10731.545102669992,3106.472176698855,0.07457376155742008
48140,0.14318821008814886,-655.1080857783782,13861.75710284815,10726.88984041272,3134.8672624354313,0.07453259320964555
48145,0.14320308214985308,-667.6158651046171,13885.676078898068,10719.383587393435,3166.2924915046333,0.07448773151503595
48150,0.14321795421155728,-681.41694522547,13909.856940750584,10709.663423209724,3200.19351754086,0.07443920125083425
48155,0.1432328262732615,-696.0504260529706,13934.36924622131,10698.432491371492,3235.9367548498176,0.07438707371818111
48160,0.1432476983349657,-710.8056900674237,13959.26521831602,10686.432240657612,3272.8329776584087,0.07433147040926764
48165,0.14326257039666992,-724.7733047012935,13984.575946576188,10674.412225440641,3310.1637211355464,0.074272564415335
48170,0.14327744245837415,-736.9142304526995,14010.308264478994,10663.098907830874,3347.20935664812,0.07421057944817257
48175,0.14329231452007835,-746.1411492885691,14036.442616721833,10653.16504427791,3383.2775724439234,0.07414578648337018
48180,0.14330718658178257,-751.4048035366632,14062.932190289986,10645.201250256927,3417.7309400330596,0.07407849816544182
48185,0.14332205864348677,-751.7778492551279,14089.703505467349,10639.691225625462,3450.012279841887,0.07400906124382063
48190,0.143336930705191,-746.528928160531,14116.658555418124,10636.991910861923,3479.6666445562005,0.07396404738239831
48195,0.1433518027668952,-735.1804777935758,14143.678458742623,10637.319556537488,3506.3589022051347,0.07396049412816579
48200,0.1433666748285994,-717.5452176677263,14170.628464165498,10640.742349133652,3529.886115031846,0.07394752673803755
48205,0.1433815468903036,-693.7381943744185,14197.364034808408,10647.179865806462,3550.1841690019464,0.07392468181932046
48210,0.14339641895200783,-664.1635899371322,14223.7376530643,10656.409246890644,3567.328406173656,0.0739074706292324
48215,0.14341129101371203,-629.4779719011203,14249.605933376142,10668.077597792519,3581.5283355836236,0.07398259429739351
48220,0.14342616307541625,-590.5340151004912,14274.836612278623,10681.719785873951,3593.116826404672,0.07404875363028122
48225,0.14344103513712048,-548.3106599922994,14299.315001711884,10696.780511452627,3602.534490259257,0.07410542317046091
48230,0.14345590719882467,-503.8369252423872,14322.949537669387,10712.639333485595,3610.310204183792,0.0741520830660886
48235,0.1434707792605289,-458.1169768184591,14345.676123642314,10728.637242133034,3617.0388815092792,0.0741882228088064
48240,0.1434856513222331,-412.06351250550324,14367.461047593777,10744.103402079583,3623.357645514194,0.07421334381727344
48245,0.14350052338393732,-366.4451414012292,14388.302333534159,10758.380835310318,3629.921498223841,0.07422696053999842
48250,0.1435153954456415,-321.8514592393003,14408.22946779825,10770.850045556977,3637.3794222412726,0.0742285999448422
48255,0.14353026750734574,-278.67727828249735,14427.301512985521,10780.949870356606,3646.351642628915,0.07421779949196665
48260,0.14354513956904993,-237.12532602103238,14445.603689556352,10788.195135712262,3657.4085538440904,0.07419410391534559
48265,0.14356001163075416,-197.2249851881952,14463.242568514437,10792.190940811,3671.0516277034367,0.07415706132733958
48270,0.14357488369245835,-158.86349473930204,14480.340080906155,10792.643585782513,3687.6964951236423,0.07410621928005212
48275,0.14358975575416258,-121.82551013773627,14497.026611726884,10789.368260130239,3707.658351596645,0.07405302889198574
48280,0.1436046278158668,-85.83695182771044,14513.433505367393,10782.293635988788,3731.139869378605,0.07411234546341333
48285,0.143619499877571,-50.60949763791541,14529.685362073129,10771.463474665357,3758.2218874077716,0.07416066008765389
48290,0.14363437193927522,-15.882722338947133,14545.892543230906,10757.035281791941,3788.857261438965,0.07419745062980893
48295,0.14364924400097942,18.53840237388431,14562.144320275545,10739.275964618046,3822.8683556574997,0.07422215474105813
48300,0.14366411606268364,52.75228251904082,14578.503091877814,10718.554384191888,3859.948707685926,0.07423417056345435
48305,0.14367898812438784,86.73687235026227,14595.000053914075,10695.33068210545,3899.6693718086244,0.07423285977335455
48310,0.14369386018609207,120.33402065518203,14611.632637482344,10670.142316119403,3941.4903213629404,0.0742175526546185
48315,0.14370873224779626,153.24259099424853,14628.363936235555,10643.58687056322,3984.777065672335,0.07418755474399338
48320,0.14372360430950049,185.020868488602,14645.124232342774,10616.301910450222,4028.8223218925523,0.07414215451275616
48325,0.14373847637120468,215.0986760613796,14661.814608227698,10588.942401002685,4072.872207225013,0.07408063155030531
48330,0.1437533484329089,242.79941626326945,14678.312505888907,10562.156480641093,4116.156025247814,0.07401885776256932
48335,0.14376822049461313,267.3718432118112,14694.478972616778,10536.560611416324,4157.9183612004545,0.07401570682147
48340,0.14378309255631733,288.0307198799037,14710.167215183095,10512.715294492555,4197.451920690541,0.07405038519469426
48345,0.14379796461802155,304.00466818848145,14725.231977907468,10491.102600095704,4234.129377811763,0.07409222301916397
48350,0.14381283667972575,314.5885787842817,14739.539168585503,10472.10671093264,4267.432457652863,0.0741196013822692
48355,0.14382770874142997,319.1970645221536,14752.975088351803,10455.99852475056,4296.9765636012435,0.0741315347838429
48360,0.14384258080313417,317.4147805009852,14765.454588042398,10442.925128981908,4322.52945906049,0.0743307299379299
48365,0.1438574528648384,309.03914017498755,14776.927486987779,10432.90467770491,4344.022809282869,0.07482702854998005
48370,0.1438723249265426,294.11113355601265,14787.382661407246,10425.826895639813,4361.555765767433,0.07526982987278322
48375,0.1438871969882468,272.93063965680085,14796.849345147371,10421.45912661197,4375.390218535402,0.07565945341566045
48380,0.143902069049951,246.0537901795451,14805.395384054214,10419.45754978129,4385.937834272925,0.07599721833414992
48385,0.14391694111165523,214.2714840330318,14813.122435348962,10419.382918484045,4393.739516864916,0.07628540144079334
48390,0.14393181317335946,178.56991323088187,14820.158382589549,10420.719948137952,4399.438434451597,0.07652715587790547
48395,0.14394668523506365,140.07574064104665,14826.647513472355,10422.899309434268,4403.748204038087,0.07686802738314201
48400,0.14396155729676788,99.99015936890282,14832.73924493321,10425.321090423507,4407.418154509702,0.07721192459468522
48405,0.14397642935847207,59.517272460316235,14838.576342365504,10427.37859082039,4411.197751545114,0.0775016551300192
48410,0.1439913014201763,19.792919424478896,14844.283640861102,10428.481406421957,4415.802234439145,0.07774038805142917
48415,0.1440061734818805,-18.179833351414345,14849.958225434293,10428.076936412668,4421.881289021625,0.07793219630742113
48420,0.14402104554358472,-53.582838725351394,14855.661871758688,10425.66967011581,4429.992201642877,0.07808185818133524
48425,0.14403591760528892,-85.81803232267521,14861.416313681575,10420.837840274711,4440.578473406864,0.07819463483170583
48430,0.14405078966699314,-114.52254835224448,14867.201624233412,10413.24722453567,4453.954399697743,0.07827603699047721
48435,0.14406566172869734,-139.56262202489415,14872.957711652387,10402.662003267076,4470.295708385311,0.07833159426538532
48440,0.14408053379040156,-161.0071884958179,14878.588674374336,10388.952626884029,4489.636047490307,0.07836663991891621
48445,0.14409540585210578,-179.08413102190025,14883.969551795486,10372.100618329348,4511.868933466138,0.07838612250530537
48450,0.14411027791380998,-194.12390466438774,14888.954861065591,10352.20016455683,4536.75469650876,0.07839445346039507
48455,0.1441251499755142,-206.4965371841863,14893.388224197919,10329.456274997026,4563.931949200893,0.07839539685972069
48460,0.1441400220372184,-216.54860993869806,14897.112358412935,10304.17924699543,4592.933111417504,0.07839200435379381
48465,0.14415489409892263,-224.5466713390997,14899.978718987099,10276.77521171834,4623.203507268758,0.0783865950521235
48470,0.14416976616062682,-230.6326753604808,14901.856143464955,10247.732656983137,4654.123486481818,0.07838077714567894
48475,0.14418463822233105,-234.79561706976892,14902.637947266214,10217.605033864722,4685.032913401492,0.07837550557061652
48480,0.14419951028403524,-236.861770173251,14902.247062156956,10186.989830481301,4715.257231675654,0.0783711681895812
48485,0.14421438234573947,-236.50404246397375,14900.6389855488,10156.504802098161,4744.134183450638,0.07836769187991449
48490,0.14422925440744366,-233.2691442990763,14897.802506899614,10126.762336468671,4771.040170430942,0.07836465956714911
48495,0.1442441264691479,-226.6196521862803,14893.758375448533,10098.343162927871,4795.415212520662,0.07836142955626818
48500,0.1442589985308521,-215.98674069710978,14888.556242755718,10071.770749367111,4816.7854933886065,0.07835724937563984
48505,0.1442738705925563,-200.82842677415647,14882.270326766291,10047.487755978444,4834.782570787847,0.07835135761908084
48510,0.14428874265426053,-180.68768806995467,14874.994283305507,10025.83583048163,4849.158452823876,0.07834306880458791
48515,0.14430361471596473,-155.2448373209645,14866.83573388722,10007.039853222805,4859.795880664415,0.07833183792494641
48520,0.14431848677766895,-124.35908262973317,14857.910800914222,9991.197496342898,4866.7133045713235,0.0783173030201887
48525,0.14433335883937315,-88.09525089770432,14848.338872091685,9978.274673310065,4870.06419878162,0.07829930564585728
48530,0.14434823090107737,-46.73310642403703,14838.237690613028,9968.107142411238,4870.130548201791,0.0782778904559145
48535,0.14436310296278157,-0.7584095273923595,14827.718778380311,9960.408203301922,4867.310575078389,0.07825328620355004
48540,0.1443779750244858,49.16335297198202,14816.883166541731,9954.782099405224,4862.1010671365075,0.07822587125850886
48545,0.14439284708619,102.22796211198693,14805.817434720631,9950.74242222527,4855.075012495361,0.07819612725344467
48550,0.14440771914789421,157.5441966234339,14794.590133957096,9947.734523448724,4846.855610508372,0.07816458474222222
48555,0.14442259120959844,214.1913433620757,14783.24876161308,9945.16070002263,4838.08806159045,0.07813176483432824
48560,0.14443746327130264,271.27708226799587,14771.817535873513,9942.406752879571,4829.410782993942,0.0780981207133885
48565,0.14445233533300686,327.9904520517848,14760.296251944856,9938.868455887174,4821.427796057682,0.07806398278552816
48570,0.14446720739471106,383.64527454250856,14748.660471251662,9933.976523164587,4814.683948087075,0.07802951093693401
48575,0.14448207945641528,437.7105788055542,14736.863195216678,9927.21883002888,4809.644365187798,0.0779946569840634
48580,0.14449695151811948,489.826081297937,14724.83802098892,9918.158907356828,4806.679113632092,0.07795913983550391
48585,0.1445118235798237,539.8024436758787,14712.503597145043,9906.450056388361,4806.053540756682,0.07792243512034262
48590,0.1445266956415279,587.6076123222774,14699.769029466863,9891.844776258149,4807.924253208714,0.0778837800723526
48595,0.14454156770323212,633.3418256775967,14686.539764816454,9874.199514724103,4812.340250092351,0.07784219333613233
48600,0.14455643976493632,677.2047039172994,14672.72342844639,9853.475008148376,4819.248420298014,0.07779650817393531
48605,0.14457131182664054,719.4581520670472,14658.235114435349,9829.732650985969,4828.50246344938,0.07774541643262328
48610,0.14458618388834477,760.3886503552658,14643.001721773164,9803.127428017235,4839.874293755929,0.07768751972853534
48615,0.14460105595004896,800.2719855701598,14626.96506881486,9773.897970454693,4853.067098360167,0.07762138375959413
48620,0.1446159280117532,839.342738979416,14610.083679256284,9742.354284778514,4867.72939447777,0.0775455915510639
48625,0.14463080007345738,877.7700344800396,14592.333286840232,9708.863676769211,4883.469610071021,0.07745879181010809
48630,0.1446456721351616,915.6402851927542,14573.706232788929,9673.835372639613,4899.870860149316,0.07735973935775148
48635,0.1446605441968658,952.9470431117188,14554.210016814039,9637.70433485275,4916.505681961289,0.07724732571211584
48640,0.14467541625857003,989.5876021036274,14533.865305314566,9600.914782321384,4932.950522993182,0.07712059915530536
48645,0.14469028832027422,1025.3657381527555,14512.70370159469,9563.90394516912,4948.799756425569,0.0769787748494688
48650,0.14470516038197845,1059.9998664198465,14490.7655496065,9527.086600349727,4963.678949256773,0.07682123660332413
48655,0.14472003244368264,1093.135898804996,14468.097984120399,9490.84093216508,4977.257051955319,0.0766475325863467
48660,0.14473490450538687,1124.3641333360301,14444.75336616799,9455.496229497407,4989.257136670583,0.07645736755138412
48665,0.1447497765670911,1153.2395378184356,14420.788162597579,9421.322862958014,4999.465299639565,0.07625059392976885
48670,0.1447646486287953,1179.3047655750852,14396.262251137574,9388.524880984058,5007.737370153516,0.07602720355213424
48675,0.1447795206904995,1202.1151476648029,14371.238564820462,9357.23543260776,5014.0031322127015,0.07578732084384653
48680,0.1447943927522037,1221.2647549690919,14345.782937834332,9327.5150803416,5018.267857492732,0.07553119732825933
48685,0.14480926481390793,1236.412439481821,14319.963982766212,9299.352925539793,5020.611057226419,0.07525920635961034
48690,0.14482413687561213,1247.3065770539852,14293.85281870525,9272.670344146372,5021.182474558878,0.07497183640750615
48695,0.14483900893731635,1253.8070737992457,14267.522480433048,9247.327030232398,5020.19545020065,0.07466968107672606
48700,0.14485388099902055,1255.90309615763,14241.046868749681,9223.12896812138,5017.917900628301,0.074353424421507
48705,0.14486875306072478,1253.7249763175969,14214.499147798371,9199.837896549145,5014.661251249227,0.07402382093402482
48710,0.14488362512242897,1247.5488687095367,14187.94955373682,9177.181785298419,5010.767768438402,0.0736816706729306
48715,0.1448984971841332,1237.7930261192323,14161.462647439597,9154.865815864157,5006.59683157544,0.07370532065518674
48720,0.14491336924583742,1225.0050452938012,14135.094119254374,9132.583349694774,5002.5107695596,0.07373823861513569
48725,0.14492824130754162,1209.8400943483575,14108.887332001104,9110.026392205828,4998.860939795277,0.07375626626465107
48730,0.14494311336924584,1193.0309340426393,14082.869862460091,9086.895129746648,4995.974732713443,0.07376181982791952
48735,0.14495798543095004,1175.3514045008924,14057.050360952318,9062.90623410508,4994.144126847239,0.07379489793406101
48740,0.14497285749265426,1157.5758661143846,14031.4160801684,9037.799786689286,4993.616293479114,0.07386973147460105
48745,0.14498772955435846,1140.43774612772,14005.931415697369,9011.344850241525,4994.586565455844,0.07389649812002531
48750,0.14500260161606268,1124.5907432000695,13980.53774429144,8983.343878706613,4997.193865584826,0.07387159153121149
48755,0.14501747367776688,1110.5762915809337,13955.154743417497,8953.636273157681,5001.518470259816,0.07389243613495615
48760,0.1450323457394711,1098.8005254591972,13929.683239035281,8922.101438127744,5007.581800907537,0.07398287007340432
48765,0.1450472178011753,1089.5232015391084,13904.009478637432,8888.66165659003,5015.347822047403,0.07402309841781263
48770,0.14506208986287952,1082.8598850403232,13878.010587899513,8853.284987424136,5024.725600475376,0.07400923915775064
48775,0.14507696192458375,1078.7973038404252,13851.560863785682,8815.988215317231,5035.572648468451,0.07397208268971485
48780,0.14509183398628794,1077.2203112672905,13824.538498180878,8776.839678973418,5047.6988192074605,0.07406456177521187
48785,0.14510670604799217,1077.9475838666222,13796.832315966358,8735.96160372638,5060.870712239977,0.07413709741804467
48790,0.14512157810969636,1080.772213232527,13768.348140741131,8693.531404215317,5074.816736525814,0.07416677778430067
48795,0.1451364501714006,1085.5028636496645,13739.014453970103,8649.781332755914,5089.233121214189,0.07414855839365853
48800,0.14515132223310478,1092.001199469507,13708.787072262401,8604.995852642487,5103.791219619914,0.074221327305949
48805,0.145166194294809,1100.2117859419504,13677.65262120727,8559.506224159433,5118.146397047836,0.0743111746241266
48810,0.1451810663565132,1110.181519911006,13645.630629978974,8513.682000614765,5131.948629364209,0.07434916718169138
48815,0.14519593841821743,1122.066719314751,13612.774114899046,8467.919421451976,5144.8546934470705,0.0743313538887522
48820,0.14521081047992163,1136.1271769366504,13579.168572890303,8422.627023279392,5156.541549610911,0.07431562337887115
48825,0.14522568254162585,1152.7076805222787,13544.929376608616,8378.209121252115,5166.7202553565,0.07442852573120701
48830,0.14524055460333007,1172.2086548183452,13510.197654261712,8335.04809463303,5175.149559628682,0.07449986656912659
48835,0.14525542666503427,1195.0486267462875,13475.134841408517,8293.486601029781,5181.648240378736,0.07453530555074192
48840,0.1452702987267385,1221.6220704462485,13439.916193842892,8253.810918524621,5186.10527531827,0.07451701652394972
48845,0.1452851707884427,1252.2567563030843,13404.72363074844,8216.236567702083,5188.487063046357,0.07464667235018979
48850,0.14530004285014692,1287.1749130281332,13369.738319004306,8180.897208704746,5188.84111029956,0.07472410610015898
48855,0.1453149149118511,1326.462254034368,13335.133404151267,8147.837567696681,5187.295836454587,0.0747443747145871
48860,0.14532978697355534,1370.0482131610624,13301.067243470136,8117.010854676822,5184.056388793313,0.07470289212857346
48865,0.14534465903525953,1417.699641541929,13267.677414961589,8088.280822733745,5179.396592227844,0.07476297243303497
48870,0.14535953109696376,1469.0288540302045,13235.075683286997,8061.428315343827,5173.64736794317,0.07485057443072331
48875,0.14537440315866795,1523.51543461029,13203.344022128815,8036.161874670289,5167.182147458526,0.07491555681763627
48880,0.14538927522037218,1580.5397821910865,13172.531739753244,8012.13175527789,5160.399984475353,0.07491851394361271
48885,0.1454041472820764,1639.4251598943247,13142.653738709003,7988.946514549788,5153.707224159215,0.07494639691202942
48890,0.1454190193437806,1699.4841378170167,13113.689956879627,7966.191240104701,5147.498716774926,0.07503455633612413
48895,0.14543389140548482,1760.0648936114812,13085.586068938888,7943.446429746344,5142.139639192545,0.07506062164792175
48900,0.14544876346718902,1820.592913355833,13058.255550686972,7920.306561978709,5137.948988708263,0.07501924207690362
48905,0.14546363552889324,1880.6042171718836,13031.583199854678,7896.397481304096,5135.185718550582,0.07498483178308894
48910,0.14547850759059744,1939.767252347181,13005.430149502321,7871.391862102953,5134.038287399368,0.07507026426960911
48915,0.14549337965230166,1997.8919187496012,12979.64030198288,7845.02218991281,5134.618112070069,0.07513083903548802
48920,0.14550825171400586,2054.925633330595,12954.047966100161,7817.09088554323,5136.957080556931,0.07512530886173134
48925,0.14552312377571008,2110.9377013730664,12928.486324286438,7787.477370681993,5141.008953604444,0.0750692958777769
48930,0.14553799583741428,2166.094361700645,12902.796223023852,7756.1420138069125,5146.654209216939,0.0751371807540724
48935,0.1455528678991185,2220.6275887000847,12876.834698356399,7723.126993493489,5153.70770486291,0.07513814728255523
48940,0.14556773996082273,2274.801018880331,12850.482638572745,7688.554177082623,5161.928461490122,0.07506684641825173
48945,0.14558261202252692,2328.876250266154,12823.65105181003,7652.6201517187465,5171.030900091283,0.07502356779588
48950,0.14559748408423115,2383.0823197608242,12796.285535641855,7615.588582756319,5180.696952885536,0.07506672695449096
48955,0.14561235614593535,2437.590505983686,12768.368714719807,7577.780129901114,5190.588584818693,0.07510853034310337
48960,0.14562722820763957,2492.4958474778578,12739.920592205057,7539.56023381547,5200.3603583895865,0.07508182381574806
48965,0.14564210026934377,2547.806012572937,12710.9969237491,7501.3251930074,5209.6717307417,0.07504625831298013
48970,0.145656972331048,2603.437489920385,12681.68584984865,7463.487069490459,5218.1987803581915,0.0750834062959538
48975,0.1456718443927522,2659.2185422011135,12652.103104804717,7426.458071380139,5225.645033424578,0.07504828615392829
48980,0.1456867164544564,2714.8980027073485,12622.38616000308,7390.635138610329,5231.751021392751,0.07493528477769491
48985,0.1457015885161606,2770.1587880645875,12592.687665029958,7356.385484146908,5236.30218088305,0.07497314533769724
48990,0.14571646057786483,2824.6349200490513,12563.168534449187,7324.033804329964,5239.134730119223,0.07498493398407269
48995,0.14573133263956906,2877.930854005206,12533.991002088309,7293.85176532976,5240.139236758549,0.0750000952261306
49000,0.14574620470127325,2929.6419625336384,12505.311935314794,7266.050207405633,5239.261727909161,0.07494065998203608
49005,0.14576107676297748,2979.3750950349568,12477.276671184994,7240.774305280433,5236.502365904562,0.07497996698741438
49010,0.14577594882468167,3026.7682172090117,12450.013602549661,7218.101709571411,5231.91189297825,0.07496632356928021
49015,0.1457908208863859,3071.5082333640157,12423.629701869788,7198.043499663006,5225.586202206782,0.07487021519925338
49020,0.1458056929480901,3113.346217985716,12398.20712128998,7180.547625024352,5217.659496265627,0.07484414588810676
49025,0.14582056500979432,3152.109439171956,12373.800950255636,7165.5044100099985,5208.2965402456375,0.07484675855985927
49030,0.1458354370714985,3187.709744208596,12350.438150940136,7152.7536436183045,5197.684507321831,0.07488386146352162
49035,0.14585030913320274,3220.1480859592966,12328.117633817203,7142.092757828292,5186.024875988911,0.07484276889548779
49040,0.14586518119490693,3249.5151766144636,12306.811388012362,7133.285600608535,5173.525787403827,0.07481681915228158
49045,0.14588005325661116,3275.9884378716642,12286.466548796305,7126.071322749693,5160.395226046612,0.07480028319328795
49050,0.14589492531831538,3299.8255512028745,12267.008269309083,7120.172922548511,5146.835346760571,0.07482099378905209
49055,0.14590979738001958,3321.3549879118536,12248.343262656108,7115.305042002116,5133.038220653992,0.07489617864466382
49060,0.1459246694417238,3340.963922071832,12230.36388783862,7111.180701986786,5119.1831858518335,0.07496798537149428
49065,0.145939541503428,3359.083923999602,12212.952660403556,7107.516818030356,5105.4358423732,0.075036466875475
49070,0.14595441356513222,3376.174832205974,12195.987068298593,7104.038554888838,5091.948513409755,0.0751073506708657
49075,0.14596928562683642,3392.707241740027,12179.344559713305,7100.482837853902,5078.861721859403,0.07518296789231323
49080,0.14598415768854064,3409.144145724058,12162.90754182523,7096.601599054402,5066.305942770829,0.07525552149260957
49085,0.14599902975024484,3425.9224193698265,12146.568192364677,7092.165538862471,5054.402653502206,0.07532505900521126
49090,0.14601390181194907,3443.4350104074983,12130.23285041466,7086.969262255022,5043.263588159639,0.07539156913249082
49095,0.14602877387365326,3462.0148486824173,12113.825733169402,7080.838555386189,5032.987177783213,0.07545496588771629
49100,0.14604364593535749,3481.9215625912684,12097.291735626515,7073.64027241812,5023.651463208395,0.07551507863854107
49105,0.1460585179970617,3503.332059404547,12080.598119789487,7065.294817022099,5015.303302767388,0.07557165037525426
49110,0.1460733900587659,3526.3358811351445,12063.734989433315,7055.790577199214,5007.944412234101,0.07562434569620576
49115,0.14608826212047013,3550.9359956609123,12046.714565452312,7045.198992384812,5001.5155730675,0.07567276900741365
49120,0.14610313418217433,3577.05533419696,12029.56940483401,7033.688309256749,4995.8810955772615,0.07574004996129005
49125,0.14611800624387855,3604.548943448297,12012.349817668497,7021.533636972047,4990.81618069645,0.07581255786659784
49130,0.14613287830558275,3633.2210808595137,11995.12080661037,7009.12075331981,4986.00005329056,0.07588050415649104
49135,0.14614775036728697,3662.845958523156,11977.958865657312,6996.941321626931,4981.017544030381,0.07595940897263898
49140,0.14616262242899117,3693.190193761624,11960.948927091393,6985.577790403599,4975.371136687794,0.07603244945684232
49145,0.1461774944906954,3724.034470170516,11944.181648823576,6975.677243040509,4968.504405783067,0.0760995843906615
49150,0.1461923665523996,3755.191612895618,11927.751112806607,6967.9147595128225,4959.836353293785,0.0761609522465612
49155,0.1462072386141038,3786.518389838804,11911.752887472818,6962.94830107759,4948.8045863952275,0.07621687501876967
49160,0.14622211067580804,3817.918948590089,11896.282319537095,6961.368538733531,4934.913780803564,0.07626784556162795
49165,0.14623698273751223,3849.3388514381413,11881.432879882834,6963.648198787926,4917.784681094908,0.07631449848864531
49170,0.14625185479921646,3880.7500209797226,11867.294398577722,6970.096185894826,4897.198212682896,0.07636216722002856
49175,0.14626672686092065,3912.128322498288,11853.951076815172,6980.821805740146,4873.129271075026,0.07641944566577649
49180,0.14628159892262488,3943.426740277494,11841.479241591287,6995.713769989211,4845.765471602076,0.07647429030228943
49185,0.14629647098432907,3974.547956887249,11829.944891865205,7014.4373548411095,4815.507537024096,0.0765273391021377
49190,0.1463113430460333,4005.320504076295,11819.4011550634,7036.451239565511,4782.949915497889,0.07660117813635105
49195,0.1463262151077375,4035.4824990134275,11809.885818802328,7061.043400660933,4748.842418141395,0.07669177109354079
49200,0.14634108716944172,4064.676357780765,11801.419121224852,7087.383262543086,4714.035858681766,0.07678133394578975
49205,0.14635595923114592,4092.4568679598196,11794.001978347185,7114.58539756461,4679.416580782576,0.07686988388173115
49210,0.14637083129285014,4118.3136693130755,11787.614806514406,7141.778681626983,4645.8361248874235,0.07695730740965719
49215,0.14638570335455436,4141.707568300173,11782.21707171195,7168.174129757316,4614.0429419546335,0.0770433804017005
49220,0.14640057541625856,4162.118227586383,11777.747671864352,7193.124747245753,4584.622924618599,0.0771277950781511
49225,0.14641544747796278,4179.098726345762,11774.12623543885,7216.171621023499,4557.95461441535,0.07721019061590653
49230,0.14643031953966698,4192.330535315092,11771.255396765253,7237.07202797892,4534.183368786333,0.07730094027466718
49235,0.1464451916013712,4201.671025173152,11769.024079025938,7255.80735309322,4513.216725932718,0.07739263847088924
49240,0.1464600636630754,4207.185268060798,11767.311772773444,7272.570833757763,4494.740939015682,0.07748092145152963
49245,0.14647493572477963,4209.1550752470985,11765.993736706427,7287.737297447165,4478.256439259262,0.07756550497633535
49250,0.14648980778648382,4208.061128412255,11764.946968844335,7301.81887371579,4463.128095128545,0.07764615062283352
49255,0.14650467984818805,4204.538429056616,11764.056706563319,7315.411926293664,4448.644780269655,0.0777452844932768
49260,0.14651955190989224,4199.310320879842,11763.223123901336,7329.141035108123,4434.082088793213,0.07785835874378984
49265,0.14653442397159647,4193.110889056461,11762.367816659533,7343.605723509963,4418.762093149569,0.07798903155027224
49270,0.1465492960333007,4186.608431739064,11761.439611722879,7359.334829161928,4402.104782560951,0.07820148274566573
49275,0.1465641680950049,4180.343100352775,11760.419215312242,7376.752097221671,4383.667118090571,0.07837462341554688
49280,0.1465790401567091,4174.689502762546,11759.322231029433,7396.15493482863,4363.167296200803,0.07852063247272674
49285,0.1465939122184133,4169.850522876741,11758.200135580812,7417.706548726382,4340.49358685443,0.07877037663829335
49290,0.14660878428011753,4165.8828106793835,11757.138899762844,7441.440142290081,4315.698757472763,0.07898211717009306
49295,0.14662365634182173,4162.748519920648,11756.255085379562,7467.272692682276,4288.982392697286,0.07915516409681153
49300,0.14663852840352595,4160.382986856739,11755.689433615496,7495.025210803963,4260.664222811533,0.0792891576630849
49305,0.14665340046523015,4158.764912120846,11755.598180338442,7524.446350315258,4231.151830023184,0.07948633807523801
49310,0.14666827252693437,4157.974634714059,11756.14257440021,7555.236704617752,4200.905869782458,0.0796945539587307
49315,0.14668314458863857,4158.227386618866,11757.477312873785,7587.071936697225,4170.40537617656,0.07986379863164517
49320,0.1466980166503428,4159.871885274938,11759.738811087547,7619.623789311497,4140.1150217760505,0.07999375336852364
49325,0.14671288871204702,4163.34994728578,11763.034360695285,7652.578784126477,4110.455576568807,0.08012013812905097
49330,0.14672776077375121,4169.119412080563,11767.433263744366,7685.654860837766,4081.7784029065997,0.08032178911728587
49335,0.14674263283545544,4177.549646563025,11772.96094212061,7718.616260197163,4054.344681923447,0.08048523024378931
49340,0.14675750489715964,4188.805070785853,11779.596802267675,7751.286669167909,4028.310133099766,0.08061041102541677
49345,0.14677237695886386,4202.736210952585,11787.276294957053,7783.5601755419775,4003.716119415076,0.08069763361022472
49350,0.14678724902056806,4218.798681796336,11795.897177735682,7815.409128840212,3980.4880488954695,0.08083830846687604
49355,0.14680212108227228,4236.01772086896,11805.329507555696,7846.887766695832,3958.441740859864,0.08099823635132623
49360,0.14681699314397648,4253.0097192337125,11815.428418864009,7878.130559198451,3937.2978596655576,0.08112095005490186
49365,0.1468318652056807,4268.063659373776,11826.048340784699,7909.344655294936,3916.7036854897624,0.08120637683037979
49370,0.1468467372673849,4279.276034925289,11837.057039637537,7940.796483900211,3896.2605557373263,0.08125463757539571
49375,0.14686160932908912,4284.724346143409,11848.347796151573,7972.79329696406,3875.554499187513,0.0813975396183609
49380,0.14687648139079335,4282.658010793241,11859.84817805393,8005.661063173123,3854.187114880807,0.08151494508105588
49385,0.14689135345249754,4271.682337147701,11871.524254473252,8039.720500778912,3831.8037536943402,0.08159380467693222
49390,0.14690622551420177,4250.911330243119,11883.379683082228,8075.263132071307,3808.1165510109213,0.08167859225607706
49395,0.14692109757590596,4220.068337046644,11895.449803972113,8112.529089130078,3782.9207148420346,0.08185938586630015
49400,0.1469359696376102,4179.519381341882,11907.791581446405,8151.688092116707,3756.1034893296983,0.08202322830897722
49405,0.14695084169931438,4130.231831593258,11920.470819807022,8192.824659053698,3727.646160753324,0.08215542058359562
49410,0.1469657137610186,4073.6600096029197,11933.548433972719,8235.928265760525,3697.6201682121937,0.08225567158327285
49415,0.1469805858227228,4011.568594651718,11947.067619633619,8280.888889261729,3666.17873037189,0.08233506015027756
49420,0.14699545788442703,3945.813199477021,11961.043544326336,8327.498129784652,3633.5454145416843,0.08249123189030529
49425,0.14701032994613122,3878.1042074754887,11975.456737087945,8375.455884283552,3600.0008528043927,0.0826137834797629
49430,0.14702520200783545,3809.7838163920114,11990.250799923293,8424.382306093785,3565.868493829508,0.08270197176381676
49435,0.14704007406953967,3741.646397865715,12005.334517953375,8473.834517149791,3531.500000803584,0.08275513429840518
49440,0.14705494613124387,3673.8283345793425,12020.587999667345,8523.327255476877,3497.2607441904674,0.08277269981898902
49445,0.1470698181929481,3605.785592503523,12035.872176948002,8572.356380250145,3463.515796697857,0.08286724445755955
49450,0.1470846902546523,3536.3662255653007,12051.04082514636,8620.423967679133,3430.6168574672265,0.08293208535172669
49455,0.1470995623163565,3463.9721932052107,12065.95417729677,8667.063650435392,3398.890526861378,0.08295793863535002
49460,0.1471144343780607,3386.7921352563662,12080.49314591047,8711.864890229224,3368.6282556812457,0.08302620228767311
49465,0.14712930643976493,3303.0760936596826,12094.573094123727,8754.495004360659,3340.0780897630684,0.08317319550317616
49470,0.14714417850146913,3211.416396602335,12108.156017897689,8794.717947439342,3313.4380704583473,0.08328613263455524
49475,0.14715905056317335,3110.9972436331445,12121.259954033685,8832.40903219376,3288.850921839925,0.08336447567516767
49480,0.14717392262487755,3001.7792924435644,12133.964477862208,8867.564929854112,3266.3995480080957,0.083407999065096
49485,0.14718879468658178,2884.594125960837,12146.41135583512,8900.308420443142,3246.1029353919785,0.08345613223692629
49490,0.147203666748286,2761.135433748791,12158.799794419305,8930.887490082203,3227.912304337102,0.08354761254664231
49495,0.1472185388099902,2633.847162510301,12171.376250667403,8959.66852869077,3211.7077219766325,0.08360374607070784
49500,0.14723341087169442,2505.721803194667,12184.419367719922,8987.123591448397,3197.295776271525,0.08362456567578692
49505,0.14724828293339862,2380.0327012976813,12198.221168647027,9013.81195521309,3184.409213433937,0.0836102925010033
49510,0.14726315499510284,2260.0316087015517,12213.066084422566,9040.35650964798,3172.709574774586,0.08359798914400264
49515,0.14727802705680704,2148.6459990705926,12229.209635294863,9067.415842118084,3161.793793176779,0.08371232752337279
49520,0.14729289911851126,2048.2098286594137,12246.858603586503,9095.65317383224,3151.2054297542636,0.08379456150778414
49525,0.14730777118021546,1960.2567894190952,12266.154350266655,9125.703557373387,3140.450792893269,0.08388954300401055
49530,0.14732264324191968,1885.3974058963777,12287.160590892012,9158.140936195616,3129.019654696396,0.08402640714206785
49535,0.14733751530362388,1823.2915820527078,12309.856525259967,9193.446783082572,3116.409742177395,0.08412599179317382
49540,0.1473523873653281,1772.717551273572,12334.135770453224,9231.982065693795,3102.1537047594284,0.0841865129756212
49545,0.14736725942703233,1731.7277537133732,12359.811122526844,9273.964221134198,3085.846901392646,0.0842066423556586
49550,0.14738213148873652,1697.8729823716521,12386.624792109187,9319.450649165343,3067.1741429438443,0.08418562579941488
49555,0.14739700355044075,1668.469080705483,12414.263432710066,9368.329955528536,3045.93347718153,0.08424256139541113
49560,0.14741187561214494,1640.8762629293715,12442.377008976615,9420.32180674728,3022.055202229334,0.08433588413488054
49565,0.14742674767384917,1612.760290859037,12470.600335724044,9474.985821752962,2995.6145139710825,0.08438632657257421
49570,0.14744161973555336,1582.3075075626184,12498.575959685726,9531.739454873343,2966.8365048123833,0.08446350207144707
49575,0.1474564917972576,1548.3718930537252,12525.97695982114,9589.884344513464,2936.092615307676,0.08455251803339296
49580,0.14747136385896178,1510.541138630917,12552.52821624803,9648.640123873563,2903.8880923744673,0.08459512133143547
49585,0.147486235920666,1469.1190058256925,12578.024751313664,9707.1842107855,2870.840540528163,0.08459157814233917
49590,0.1475011079823702,1425.0314129007347,12602.345888721022,9764.695604870785,2837.6502838502365,0.08456149328883275
49595,0.14751598004407443,1379.6722576808916,12625.464216042497,9820.400228022741,2805.063988019756,0.08467624665059915
49600,0.14753085210577865,1334.7107646911572,12647.44867343831,9873.61489161335,2773.83378182496,0.08474708844146743
49605,0.14754572416748285,1291.8845385160366,12668.461512121301,9923.786652270583,2744.6748598507183,0.08477366811891007
49610,0.14756059622918707,1252.8015630505797,12688.749332644731,9970.52425710893,2718.225075535802,0.08475630148741482
49615,0.14757546829089127,1218.770710364357,12708.628865859535,10013.618710546481,2695.0101553130535,0.08469597024627314
49620,0.1475903403525955,1190.67485954342,12728.468529350039,10053.050798739483,2675.4177306105557,0.08465226803651263
49625,0.1476052124142997,1168.894514705873,12748.667022239857,10088.984663171728,2659.682359068129,0.08470549938951186
49630,0.14762008447600392,1153.2837623373143,12769.630288193535,10121.74807512209,2647.882213071445,0.08471488632606448
49635,0.1476349565377081,1143.1951701429389,12791.748101660096,10151.801671629924,2639.9464300301715,0.08468038630228877
49640,0.14764982859941234,1137.546169544954,12815.37137603523,10179.700764459305,2635.6706115759243,0.08472632590878465
49645,0.14766470066111653,1134.9167345473998,12840.7911313599,10206.054150463076,2634.7369808968233,0.08473328284320622
49650,0.14767957272282076,1133.6667969353348,12868.219958311507,10231.48446605394,2636.735492257567,0.0846943672027167
49655,0.14769444478452498,1132.0617623678954,12897.776802908405,10256.594023576483,2641.1827793319226,0.08465774706685725
49660,0.14770931684622918,1128.3955463207185,12929.47595341117,10281.938878148567,2647.537075262604,0.08473841625648595
49665,0.1477241889079334,1121.1024169227312,12963.221176710353,10308.012346108284,2655.2088306020687,0.08477282447798257
49670,0.1477390609696376,1108.8511642266312,12998.805944169211,10335.237624488398,2663.568319680813,0.08476124995226643
49675,0.14775393303134182,1090.6172425374698,13035.920530713824,10363.967820434233,2671.952710279591,0.08470462610381141
49680,0.14776880509304602,1065.7302279640917,13074.166421725799,10394.49079387795,2679.675627847848,0.08460454979323369
49685,0.14778367715475024,1033.8951412136248,13113.077923152234,10427.035848138734,2686.0420750135,0.08463691820268883
49690,0.14779854921645444,995.1871172562369,13152.150192886476,10461.77946867743,2690.370724209046,0.08465276156448069
49695,0.14781342127815866,950.0199003440721,13190.872183911868,10498.847923158522,2692.0242607533455,0.08462389423530262
49700,0.14782829333986286,899.0899776253664,13228.762315498043,10538.315458493935,2690.446857004108,0.0845513434672226
49705,0.14784316540156708,843.2998907042202,13265.404165789776,10580.197907088996,2685.2062587007804,0.0844366192039143
49710,0.1478580374632713,783.666185747752,13300.479184737174,10624.442593682163,2676.0365910550117,0.08439448496449549
49715,0.1478729095249755,721.21922050783,13333.79341092042,10670.916377595464,2662.877033324956,0.08439501740353003
49720,0.14788778158667973,656.9032641384783,13365.2954630302,10719.394348468282,2645.901114561917,0.08435105420361566
49725,0.14790265364838392,591.485735398197,13395.083665124665,10769.552008752984,2625.5316563716806,0.08426362566313242
49730,0.14791752571008815,525.4839332954325,13423.401026242389,10820.96364439264,2602.4373818497497,0.0841342101169533
49735,0.14793239777179235,459.1162964559735,13450.617870540089,10873.108978582504,2577.5088919575846,0.08397773979968001
49740,0.14794726983349657,392.28326901923174,13477.20311057609,10925.389170588049,2551.813939988042,0.08396102009092597
49745,0.14796214189520077,324.58047196061307,13503.686348993337,10977.151899930404,2526.5344490629323,0.08389970959101299
49750,0.147977013956905,255.34426923617866,13530.614040032808,11027.723882673288,2502.8901573595194,0.08379564849001833
49755,0.1479918860186092,183.72711138094928,13558.50370307322,11076.447960076544,2482.0557429966757,0.08365120564944838
49760,0.1480067580803134,108.79732776836863,13587.800544954629,11122.721123229183,2465.079421725446,0.08346924229618764
49765,0.14802163014201764,29.65542856738466,13618.840753027998,11166.029652868956,2452.8111001590423,0.08326350161843736
49770,0.14803650220372183,-54.4433479897325,13651.825160114928,11205.977995117864,2445.8471649970634,0.08319332679583434
49775,0.14805137426542606,-143.9722450854988,13686.80600385522,11242.30895103563,2444.49705281959,0.08310201947162547
49780,0.14806624632713025,-239.0347043407528,13723.688199109814,11274.914004898714,2448.7741942111006,0.08302620575367295
49785,0.14808111838883448,-339.29669670207295,13762.245038838328,11303.833876600833,2458.411162237495,0.08291372588288638
49790,0.14809599045053867,-443.95948324667006,13802.146684279769,11329.250410272667,2472.896274007102,0.08276658226838333
49795,0.1481108625122429,-551.7787315535315,13842.998361834265,11351.471552127674,2491.526809706591,0.08258675469643448
49800,0.1481257345739471,-661.1308332270346,13884.384020490425,11370.911397525748,2513.4726229646767,0.08244507180413625
49805,0.14814060663565132,-770.1217111077549,13925.910481125165,11388.067181019178,2537.8433001059875,0.08239757685330872
49810,0.1481554786973555,-876.7282106491512,13967.246958815213,11403.494784554186,2563.752174261026,0.08231492493053835
49815,0.14817035075905974,-978.9581015547974,14008.155333288272,11417.783989481286,2590.3713438069863,0.08219825310917202
49820,0.14818522282076396,-1075.0123081086258,14048.507664071456,11431.534393169255,2616.973270902201,0.08204872145388861
49825,0.14820009488246816,-1163.4325000701538,14088.289074363573,11445.33268260741,2642.9563917561627,0.08186753968373532
49830,0.14821496694417238,-1243.2186190640787,14127.586042215764,11459.731786742841,2667.854255472923,0.0816559962602743
49835,0.14822983900587658,-1313.904083111047,14166.562057011952,11475.232279472415,2691.3297775395367,0.08141547881041077
49840,0.1482447110675808,-1375.5809060849733,14205.424231431536,11492.266253944903,2713.157977486633,0.08127539785373555
49845,0.148259583129285,-1428.872223480339,14244.385560608938,11511.183745511467,2733.201815097471,0.08113621529820675
49850,0.14827445519098922,-1474.8550720360709,14283.62794253163,11532.2416807542,2751.3862617774303,0.08096445210812818
49855,0.14828932725269342,-1514.941105336069,14323.270785721246,11555.59531298045,2767.675472740797,0.0807626871010321
49860,0.14830419931439764,-1550.726785749399,14363.349114369817,11581.292188203308,2782.0569261665096,0.08053366857592427
49865,0.14831907137610184,-1583.8272485529615,14403.803707454528,11609.26885097823,2794.534856476299,0.08028020213240139
49870,0.14833394343780607,-1615.7094441940772,14444.484197102842,11639.35069268205,2805.1335044207917,0.08000503095136537
49875,0.1483488154995103,-1647.5403571912557,14485.16443276622,11671.255494073526,2813.9089386926935,0.07971071612713297
49880,0.14836368756121449,-1680.0650739269877,14525.567996496735,11704.60125203386,2820.966744462874,0.07946987174249032
49885,0.1483785596229187,-1713.5271778295046,14565.400684606231,11738.91876318089,2826.4819214253403,0.079291555765141
49890,0.1483934316846229,-1747.640364421899,14604.386139821065,11773.6691517282,2830.716988092865,0.07908434930654054
49895,0.14840830374632713,-1781.6154014836338,14642.30064491429,11808.26609319099,2834.0345517233,0.07885101333655838
49900,0.14842317580803133,-1814.2409404098962,14679.003334047718,11842.101942804074,2836.901391243644,0.07859409401928896
49905,0.14843804786973555,-1844.0107694117814,14714.458662584402,11874.57639383261,2839.8822687517913,0.07831584877549572
49910,0.14845291993143975,-1869.2846006847103,14748.748804618443,11905.12575373894,2843.6230508795034,0.0780181967022525
49915,0.14846779199314397,-1888.465159371428,14782.074628355618,11933.250539918417,2848.8240884372008,0.07770269207500988
49920,0.14848266405484817,-1900.1718705246458,14814.744954909125,11958.538969749938,2856.2059851591875,0.07737051843785825
49925,0.1484975361165524,-1903.3913089127345,14847.154870382,11980.684138241933,2866.4707321400674,0.0770225001713845
49930,0.14851240817825662,-1897.5869894936732,14879.754871220293,11999.493271525229,2880.2615996950644,0.07665912835450306
49935,0.1485272802399608,-1882.7558879406643,14913.013508137037,12014.888363278538,2898.125144858499,0.07628059802538906
49940,0.14854215230166504,-1859.4257669294639,14947.37687426942,12026.898600798286,2920.4782734711334,0.07593461851350937
49945,0.14855702436336923,-1828.5950714046085,14983.22867683353,12035.646058211609,2947.582618621922,0.07564152128254052
49950,0.14857189642507346,-1791.624714282214,15020.854671543157,12041.326954116,2979.527717427156,0.07535245439248253
49955,0.14858676848677765,-1750.0972846791483,15060.414891597638,12044.191170970253,3016.223720627386,0.07505516297345073
49960,0.14860164054848188,-1705.662998660744,15101.926380503754,12044.522651295587,3057.4037292081666,0.0747501113629681
49965,0.14861651261018607,-1659.8924036160715,15145.25810383402,12042.622780206666,3102.6353236273535,0.074437318204003
49970,0.1486313846718903,-1614.153376901615,15190.1384793416,12038.798088178819,3151.340391162781,0.07437008886550293
49975,0.1486462567335945,-1569.524933705654,15236.174672005369,12033.352751315539,3202.82192068983,0.07434573590423635
49980,0.14866112879529872,-1526.7539202891858,15282.881610316797,12026.585592265465,3256.296018051333,0.07442221966905002
49985,0.14867600085700294,-1486.2541787481387,15329.71774445803,12018.790691869672,3310.9270525883585,0.07449157154665102
49990,0.14869087291870714,-1448.1424289497118,15376.124006056487,12010.260337454774,3365.8636686017126,0.074553832347912
49995,0.14870574498041136,-1412.3016572780107,15421.562310138725,12001.288837760045,3420.27347237868,0.07460902308380744
50000,0.14872061704211556,-1378.4613807092883,15465.550263749454,11992.17569165751,3473.3745720919433,0.07465711449796476
50005,0.14873548910381978,-1346.2844212021027,15507.68944513154,11983.226685281646,3524.4627598498937,0.07469799833953775
50010,0.14875036116552398,-1315.4511640039673,15547.685566939856,11974.751710411441,3572.9338565284143,0.07473146380381607
50015,0.1487652332272282,-1285.734062646612,15585.359875331833,11967.058461820881,3618.3014135109515,0.07475718226610788
50020,0.1487801052889324,-1257.0569590602845,15620.652097355789,11960.44169440417,3660.2104029516195,0.07477470267839821
50025,0.14879497735063663,-1229.5354335742995,15653.615993585723,11955.168385853356,3698.447607732367,0.0747834588783559
50030,0.14880984941234082,-1203.4959200608591,15684.409019637293,11951.459895237174,3732.9491244001183,0.07478278871262775
50035,0.14882472147404505,-1179.4728357260046,15713.277737829472,11949.472918814892,3763.80481901458,0.07477196346550795
50040,0.14883959353574927,-1158.1845612346096,15740.540503733057,11949.281571528356,3791.2589322047006,0.0747502247872587
50045,0.14885446559745347,-1140.4907236453837,15766.568679286564,11950.863111680497,3815.7055676060663,0.0748397762940261
50050,0.1488693376591577,-1127.3347204453748,15791.767302116848,11954.089566559964,3837.6777355568847,0.07493391003911135
50055,0.1488842097208619,-1119.6765637467488,15816.555855889728,11958.72678854154,3857.829067348188,0.07501665565917373
50060,0.1488990817825661,-1118.4217469191044,15841.349585894237,11964.441376845985,3876.9082090482516,0.07508736518312574
50065,0.1489139538442703,-1124.3518823680624,15866.541695359865,11970.814660755768,3895.727034604097,0.0751455275927949
50070,0.14892882590597453,-1138.0623955244791,15892.48672388151,11977.361850641884,3915.1248732396252,0.07519076805319706
50075,0.14894369796767873,-1159.911732143366,15919.4854263033,11983.553812335429,3935.9316139678704,0.07522283499721244
50080,0.14895857002938295,-1189.9854927312863,15947.771521031133,11988.838896703679,3958.9326243274536,0.07524157701897426
50085,0.14897344209108715,-1228.0777491804402,15977.500750550029,11992.662874227175,3984.837876322854,0.0752469126006146
50090,0.14898831415279137,-1273.6905718656544,16008.742780711102,11994.486101452665,4014.2566792584366,0.07523879635342715
50095,0.1490031862144956,-1326.0515376145577,16041.476532754046,11993.798249019379,4047.6782837346673,0.07521718563090084
50100,0.1490180582761998,-1384.1477712970336,16075.589550304276,11990.131869583376,4085.4576807208996,0.07518201107201994
50105,0.14903293033790402,-1446.7740078688112,16110.881903822847,11983.076478103945,4127.8054257189015,0.07523472526720977
50110,0.14904780239960821,-1512.5913571785513,16147.074891663035,11972.29453506141,4174.780356601625,0.07532073622157506
50115,0.14906267446131244,-1580.1929578804975,16183.82440888461,11957.539855417743,4226.284553466867,0.07539592796963877
50120,0.14907754652301664,-1648.1724741732432,16220.738366319329,11938.677772626053,4282.060593693275,0.07545996938624998
50125,0.14909241858472086,-1715.1913094114316,16257.397037989416,11915.705203150563,4341.6918348388535,0.07551245973220154
50130,0.14910729064642506,-1780.0403842343676,16293.374800335981,11888.767888432156,4404.606911903826,0.07555293785588933
50135,0.14912216270812928,-1841.6923389015465,16328.261499736507,11858.171736027673,4470.089763708835,0.07558089395561149
50140,0.14913703476983348,-1899.3401702520223,16361.681707925141,11824.385400542158,4537.296307382983,0.07559578173588717
50145,0.1491519068315377,-1952.418779584821,16393.31040713202,11788.031976691545,4605.278430440474,0.07559702912640348
50150,0.14916677889324192,-2000.6068576882626,16422.88413996059,11749.868780095772,4673.015359864819,0.07558404631833984
50155,0.14918165095494612,-2043.8080392524753,16450.207269744835,11710.755491092172,4739.451778652663,0.07555623058865714
50160,0.14919652301665035,-2082.112243343847,16475.153610288104,11671.612258511332,4803.541351776772,0.07551296809369937
50165,0.14921139507835454,-2115.740352068424,16497.664191218013,11633.370547570628,4864.293643647385,0.07553877191620013
50170,0.14922626714005877,-2144.9775329034564,16517.74225007455,11596.920435077209,4920.82181499734,0.07563655791498725
50175,0.14924113920176296,-2170.1022115484393,16535.446653752977,11563.058596216373,4972.388057536604,0.07572231004618939
50180,0.1492560112634672,-2191.318619061756,16550.88486431582,11532.441310512579,5018.443553803241,0.07579515758912507
50185,0.14927088332517138,-2208.700745960743,16564.206324445502,11505.546404396437,5058.6599200490655,0.07585418283162712
50190,0.1492857553868756,-2222.154377544921,16575.59680751676,11482.647170911849,5092.94963660491,0.0758984262075662
50195,0.1493006274485798,-2231.401795156071,16585.273916191672,11463.800065109706,5121.473851081966,0.07592689327784269
50200,0.14931549951028403,-2235.991023712073,16593.48357072501,11448.846539267422,5144.637031457587,0.07593856321714323
50205,0.14933037157198825,-2235.328622606392,16600.49704072317,11437.427972528987,5163.069068194183,0.07593239837413686
50210,0.14934524363369245,-2228.732407960073,16606.607869716947,11429.011481740257,5177.59638797669,0.07590735448467392
50215,0.14936011569539667,-2215.498522610338,16612.127941886934,11422.923640855954,5189.204301030981,0.07586239121030477
50220,0.14937498775710087,-2194.9761288747522,16617.38195896282,11418.388864539129,5198.993094423689,0.07581547274261934
50225,0.1493898598188051,-2166.6426848608517,16622.699736551476,11414.569407245335,5208.130329306141,0.0759262565562964
50230,0.1494047318805093,-2130.173116500351,16628.4059823175,11410.604487105185,5217.801495212316,0.07602111367422773
50235,0.1494196039422135,-2085.4969789183633,16634.807556903965,11405.646806355357,5229.160750548608,0.07609880080201005
50240,0.1494344760039177,-2032.8387064138751,16642.178602115495,11398.895532241395,5243.2830698741,0.076158063971315
50245,0.14944934806562193,-1972.7371836533111,16650.744302538744,11389.625464230005,5261.118838308739,0.07619764611006086
50250,0.14946422012732613,-1906.0421687858743,16660.66437995879,11377.21252365806,5283.451856300731,0.07621629577682375
50255,0.14947909218903035,-1833.8866815931488,16672.017665967312,11361.155797417356,5310.861868549957,0.07621277725851482
50260,0.14949396425073458,-1757.6364289999801,16684.78922976846,11341.096157937245,5343.693071831214,0.07618588224069875
50265,0.14950883631243878,-1678.819624519956,16698.861538956793,11316.831056563138,5382.030482393655,0.07613444328681915
50270,0.149523708374143,-1599.0429032785833,16714.01099216818,11288.324601854267,5425.686390313913,0.07612782192134605
50275,0.1495385804358472,-1519.9009929208114,16729.910879525705,11255.711673576729,5474.199205948977,0.0762220505434368
50280,0.14955345249755142,-1442.8888671734403,16746.141400248278,11219.294748232189,5526.846652016089,0.07634840296014458
50285,0.14956832455925562,-1369.3248975545866,16762.20680802319,11179.532405598133,5582.674402425058,0.07650688747791386
50290,0.14958319662095984,-1300.2919303393955,16777.55909573817,11137.019123005193,5640.539972732975,0.07663775438859827
50295,0.14959806868266404,-1236.6005183705984,16791.626932059997,11092.456822144988,5699.170109915009,0.07674246246003687
50300,0.14961294074436826,-1178.7753272479167,16803.84791162393,11046.619536709712,5757.228374914217,0.07682267972605122
50305,0.14962781280607246,-1127.062771445777,16813.701682663806,11000.313350238426,5813.38833242538,0.07688025778593506
50310,0.14964268486777668,-1081.4558995640473,16820.74126874683,10954.334297520003,5866.406971226828,0.07691719551869584
50315,0.1496575569294809,-1041.731807353386,16824.619969100742,10909.427182987874,5915.192786112868,0.07693559125626262
50320,0.1496724289911851,-1007.4973376762355,16825.111613978886,10866.248250012994,5958.863363965893,0.07693758437322935
50325,0.14968730105288933,-978.2400390820494,16822.1226144194,10825.334361277753,5996.788253141647,0.07692528921684182
50330,0.14970217311459352,-953.3825882072451,16815.69507496627,10787.080846483885,6028.614228482384,0.07690072593558983
50335,0.14971704517629775,-932.3394804531381,16806.001104077495,10751.729461045583,6054.271643031912,0.07686575375955323
50340,0.14973191723800194,-914.5744149861694,16793.329237951286,10719.367013820147,6073.962224131139,0.07682201248260136
50345,0.14974678929970617,-899.6555469914128,16778.064500966695,10689.934234677201,6088.130266289494,0.0768581676954619
50350,0.14976166136141036,-887.3041666253321,16760.66401640388,10663.243477932596,6097.420538471284,0.07686512557299924
50355,0.1497765334231146,-877.4311282368963,16741.63025100155,10639.00303700891,6102.627213992639,0.07686472293112034
50360,0.14979140548481878,-870.1551877679885,16721.483947144076,10616.845312646465,6104.638634497611,0.07696829142407613
50365,0.149806277546523,-865.7986996950076,16700.738597103475,10596.355916978437,6104.382680125038,0.07704765165235486
50370,0.14982114960822723,-864.8588091326856,16679.877975782383,10577.101018665257,6102.776957117127,0.0771012583594664
50375,0.14983602166993143,-867.9558257426761,16659.337804797568,10558.650772526898,6100.687032270669,0.07713487041382569
50380,0.14985089373163565,-875.7640672676716,16639.492111997606,10540.597408929785,6098.894703067821,0.0772295408319675
50385,0.14986576579333985,-888.9332655702128,16620.64432863266,10522.567345771418,6098.076982861243,0.07729271738510293
50390,0.14988063785504407,-908.0100274217821,16603.022692406837,10504.227412546572,6098.7952798602655,0.07732269671223797
50395,0.14989550991674827,-933.3686293620267,16586.779159983325,10485.285869914747,6101.493290068578,0.07731798396807311
50400,0.1499103819784525,-965.1588034938995,16571.9908260521,10465.489345685442,6106.501480366658,0.07727731094930901
50405,0.1499252540401567,-1003.2756134886458,16558.662822990464,10444.61709942453,6114.045723565934,0.07730510689135292
50410,0.14994012610186092,-1047.3535706850616,16546.731829594617,10422.474193474607,6124.25763612001,0.07734849433308838
50415,0.1499549981635651,-1096.7842512858188,16536.069612937958,10398.885197537598,6137.184415400359,0.07747878516653105
50420,0.14996987022526934,-1150.7541539991435,16526.48640357508,10373.68997537737,6152.796428197709,0.07758378265800994
50425,0.14998474228697356,-1208.2975855217046,16517.734287854048,10346.74286840027,6170.991419453778,0.07765558634113205
50430,0.14999961434867776,-1268.3581399007762,16509.511119124352,10317.916177479021,6191.594941645331,0.07769246197232323
50435,0.15001448641038198,-1329.8519794190634,16501.465642614112,10287.108253486322,6214.35738912779,0.07769283836752514
50440,0.15002935847208618,-1391.7266791420552,16493.20456028221,10254.255783904893,6238.948776377318,0.07765535075800366
50445,0.1500442305337904,-1453.0107598109516,16484.302125860144,10219.349098930346,6264.9530269297975,0.07759526236355876
50450,0.1500591025954946,-1512.850923992628,16474.312581588543,10182.448636975196,6291.8639446133475,0.07762462337218484
50455,0.15007397465719882,-1570.536032409138,16462.785378615103,10143.700230132912,6319.085148482191,0.07775107348340213
50460,0.15008884671890302,-1625.5086152790118,16449.28273040096,10103.346690488477,6345.936039912482,0.07786066672960845
50465,0.15010371878060724,-1677.3659192205232,16433.39870105211,10061.733344456692,6371.665356595417,0.07793563579740767
50470,0.15011859084231144,-1725.8530208211832,16414.778781080902,10019.305665199066,6395.473115881836,0.07797416092872034
50475,0.15013346290401566,-1770.850431217199,16393.138777011583,9976.597934593341,6416.540842418242,0.07797465423181581
50480,0.1501483349657199,-1812.358030727568,16368.281833343986,9934.21283427807,6434.068999065916,0.07793578976456811
50485,0.15016320702742408,-1850.4763396271574,16340.11248733225,9892.792908584708,6447.3195787475415,0.07785652401879664
50490,0.1501780790891283,-1885.385307841494,16308.646792699936,9852.985840979924,6455.660951720012,0.07784214682563297
50495,0.1501929511508325,-1917.3202347030801,16274.017710456876,9815.406319282301,6458.611391174574,0.07797654860106976
50500,0.15020782321253673,-1946.5442924487015,16236.475145788572,9780.597820108113,6455.87732568046,0.0780868916167027
50505,0.15022269527424092,-1973.3175055933243,16196.380221381305,9748.997826299455,6447.38239508185,0.07816642993416009
50510,0.15023756733594515,-1997.862885926219,16154.193640598376,9720.909747426793,6433.283893171583,0.0782076624006432
50515,0.15025243939764935,-2020.331564177015,16110.45832299951,9696.484146254434,6413.974176745076,0.07820860647663015
50520,0.15026731145935357,-2040.7699248160516,16065.776884055584,9675.710859133396,6390.066024922187,0.07816749347081471
50525,0.15028218352105777,-2059.0926377368833,16020.784948907174,9658.422382142298,6362.362566764876,0.07808279576764376
50530,0.150297055582762,-2075.065829817371,15976.12168373804,9644.30767196445,6331.814011773589,0.07810706886040558
50535,0.15031192764446621,-2088.3042976063116,15932.399236080622,9632.934482315004,6299.464753765618,0.07825735821497061
50540,0.1503267997061704,-2098.28561983319,15890.172942454963,9623.777683373137,6266.395259081826,0.07836410382074428
50545,0.15034167176787464,-2104.3824131728907,15849.914154126165,9616.250772801906,6233.663381324259,0.07842396369795027
50550,0.15035654382957883,-2105.912008047724,15811.987343953217,9609.737965371436,6202.249378581781,0.07844099876273494
50555,0.15037141589128306,-2102.200753109457,15776.632813552249,9603.624740972515,6173.008072579734,0.07842303810361935
50560,0.15038628795298725,-2092.6582112141714,15743.95586955252,9597.325383340725,6146.630486211794,0.07835603545862509
50565,0.15040116001469148,-2076.854869269544,15713.922845862637,9590.30669160694,6123.6161542556965,0.07826666874583993
50570,0.15041603207639567,-2054.5958134320263,15686.363884696773,9582.107563780812,6104.256320915962,0.07845183878241586
50575,0.1504309041380999,-2025.9823003164965,15660.982011659415,9572.354463155842,6088.627548503573,0.07858987466093488
50580,0.1504457761998041,-1991.4534805399817,15637.36778449238,9560.772878635682,6076.5949058566985,0.07867666560166545
50585,0.15046064826150832,-1951.8018573711634,15615.018663273624,9547.194827581836,6067.823835691788,0.0787084349765379
50590,0.15047552032321254,-1908.1584049926787,15593.362210485917,9531.562310134907,6061.79990035101,0.07868183772091292
50595,0.15049039238491674,-1861.9464187396134,15571.782228351434,9513.926502506425,6057.855725845009,0.07859405621004778
50600,0.15050526444662096,-1814.806684631667,15549.646920608628,9494.442454008657,6055.204466599971,0.07844289229911337
50605,0.15052013650832516,-1768.4998613248135,15526.338087196573,9473.35917525016,6052.978911946413,0.0785657284976124
50610,0.15053500857002938,-1724.7945154062381,15501.280218030312,9451.005275008336,6050.274943021976,0.07871630222834067
50615,0.15054988063173358,-1685.3506796559468,15473.968179097785,9427.770679650146,6046.197499447639,0.07881167558371728
50620,0.1505647526934378,-1651.6090290569136,15443.992042152637,9404.085379367316,6039.906662785321,0.07884769789079489
50625,0.150579624755142,-1624.6949622539996,15411.057568669072,9380.396506899333,6030.661061769739,0.07882071459376296
50630,0.15059449681684622,-1605.3453561940023,15375.000975399935,9357.145295217444,6017.855680182491,0.07872767755851719
50635,0.15060936887855042,-1593.8638612779669,15335.796905108731,9334.745536749977,6001.051368358754,0.07863596043147819
50640,0.15062424094025464,-1590.1085604284835,15293.558981395352,9313.56506727256,5979.9939141227915,0.07859102121611852
50645,0.15063911300195887,-1593.5137287353737,15248.532881770287,9293.911539505687,5954.6213422646,0.07874895564033024
50650,0.15065398506366307,-1603.1452838574114,15201.082436130691,9276.023368086768,5925.059068043924,0.07884743718082073
50655,0.1506688571253673,-1617.787243430579,15151.66976541587,9260.066258209274,5891.603507206597,0.07888142465950793
50660,0.15068372918707149,-1636.0540648785118,15100.830855156131,9246.135215498454,5854.695639657677,0.07884641555218536
50665,0.1506986012487757,-1656.5211971827193,15049.148182691366,9234.261418382373,5814.8867643089925,0.07882580679223873
50670,0.1507134733104799,-1677.8637299776747,14997.22209211594,9224.422866874113,5772.799225241828,0.07876638351690353
50675,0.15072834537218413,-1698.9910315663037,14945.64256905057,9216.557360528474,5729.085208522096,0.07868716834763487
50680,0.15074321743388833,-1719.164163398771,14894.96294648179,9210.576159131813,5684.386787349977,0.07883610001646504
50685,0.15075808949559255,-1738.0830760326535,14845.676901298873,9206.376681966,5639.300219332874,0.07891589470008656
50690,0.15077296155729675,-1755.9324337336202,14798.199887492936,9203.852813362697,5594.347074130239,0.07892057961468958
50695,0.15078783361900097,-1773.3784438240982,14752.85588737958,9202.901772896788,5549.954114482791,0.07893672956122781
50700,0.1508027056807052,-1791.5140339974205,14709.870031142591,9203.42701419586,5506.4430169467305,0.07893175318363896
50705,0.1508175777424094,-1811.7555630016923,14669.367230711674,9205.337157672098,5464.030073039576,0.07883946795899445
50710,0.15083244980411362,-1835.7001681098918,14631.376510988346,9208.541465986034,5422.835045002312,0.0788283063399456
50715,0.1508473218658178,-1864.957957106646,14595.840240768452,9212.942784183198,5382.897456585253,0.07892251944003398
50720,0.15086219392752204,-1900.976747659619,14562.627030407644,9218.429160744989,5344.197869662656,0.07893638497112453
50725,0.15087706598922623,-1944.8784093983177,14531.546745241636,9224.865529696332,5306.681215545304,0.078981930612165
50730,0.15089193805093046,-1997.3248967655254,14502.365946599952,9232.086861744527,5270.279084855425,0.07899992490265309
50735,0.15090681011263465,-2058.4289477919483,14474.82215427262,9239.894078048368,5234.928076224252,0.07892350437457
50740,0.15092168217433888,-2127.7196029325532,14448.635627390217,9248.05375924318,5200.581868147037,0.07888171103277077
50745,0.15093655423604307,-2204.16675860714,14423.517847978575,9256.302281821121,5167.215566157454,0.07887240953176777
50750,0.1509514262977473,-2286.262572683052,14399.176492987031,9264.354503489963,5134.821989497068,0.07876317078925979
50755,0.15096629835945152,-2372.1513736785164,14375.31730633305,9271.916556010932,5103.400750322118,0.07883918020382999
50760,0.15098117042115572,-2459.7944754721975,14351.643837438483,9278.701767839459,5072.942069599025,0.07885538412412658
50765,0.15099604248285994,-2547.1525721559883,14327.85641160397,9284.448314948844,5043.408096655126,0.07877067386070757
50770,0.15101091454456414,-2632.3666134756277,14303.651876883901,9288.936955697633,5014.714921186269,0.07872725104508044
50775,0.15102578660626836,-2713.918408436659,14278.725598456418,9292.007178363645,4986.718420092773,0.07872401003300171
50780,0.15104065866797256,-2790.7545629898486,14252.776846702809,9293.570268410842,4959.206578291967,0.07861221973555249
50785,0.15105553072967678,-2862.3613965009044,14225.518187908763,9293.61813941211,4931.900048496653,0.07846856008828715
50790,0.15107040279138098,-2928.7837393261016,14196.688809376039,9292.227200115969,4904.46160926007,0.07846371409064679
50795,0.1510852748530852,-2990.586460196633,14166.070992219567,9289.556985333846,4876.514006885722,0.07835185736067289
50800,0.1511001469147894,-3048.763627631941,14133.508295422673,9285.843713199734,4847.664582222938,0.0783622224500185
50805,0.15111501897649363,-3104.6057445209935,14098.923537089717,9281.389321008039,4817.534216081678,0.0783473607263284
50810,0.15112989103819785,-3159.539865591247,14062.334430763072,9276.546865987693,4785.787564775379,0.07821843497684745
50815,0.15114476309990205,-3214.9600472968195,14023.864792866014,9271.7034462646,4752.161346601413,0.07800083136814513
50820,0.15115963516160627,-3272.066130369989,13983.749571600672,9267.26197997042,4716.487591630252,0.0780377074416116
50825,0.15117450722331047,-3331.7272771560565,13942.332504719607,9263.623242267786,4678.709262451821,0.07795942636488731
50830,0.1511893792850147,-3394.383290803591,13900.055910009505,9261.169462185937,4638.886447823568,0.07788485958733789
50835,0.1512042513467189,-3459.9921240090243,13857.442852398595,9260.2505004864,4597.192351912196,0.07783811769601331
50840,0.1512191234084231,-3528.0268586081565,13815.072626035157,9261.173180486305,4553.899445548852,0.07767241820682193
50845,0.1512339954701273,-3597.5204637657444,13773.551070081623,9264.193791469635,4509.357278611988,0.07757853744389842
50850,0.15124886753183153,-3667.152287326586,13733.477662684734,9269.513242154824,4463.96442052991,0.07759000424202347
50855,0.15126373959353573,-3735.3667396465335,13695.411594437768,9277.27394512515,4418.137649312619,0.07767730516926705
50860,0.15127861165523995,-3800.5120640779696,13659.839114243334,9287.557378266692,4372.281735976641,0.07786847289376145
50865,0.15129348371694418,-3860.985482494578,13627.144377599518,9300.381449037346,4326.7629285621715,0.0780600393492302
50870,0.15130835577864837,-3915.370448757114,13597.5858194466,9315.697245000354,4281.888574446246,0.078516801651294
50875,0.1513232278403526,-3962.5524116018278,13571.279727884557,9333.385367087554,4237.894360797003,0.0788953464486731
50880,0.1513380999020568,-4001.8015555094325,13548.192220946172,9353.25263952835,4194.939581417822,0.07919126771161794
50885,0.15135297196376102,-4032.814482205881,13528.140247443567,9375.030408580875,4153.109838862692,0.079400485811203
50890,0.15136784402546521,-4055.7114701591927,13510.801584308347,9398.375776404278,4112.425807904068,0.07975226450404355
50895,0.15138271608716944,-4070.9912485214345,13495.733144755406,9422.876947257746,4072.85619749766,0.08017995958487983
50900,0.15139758814887364,-4079.450369593371,13482.396312356757,9448.063449016407,4034.3328633403507,0.0805300156283302
50905,0.15141246021057786,-4082.0784446296802,13470.187540792112,9473.421436132643,3996.7661046594694,0.08079713914803753
50910,0.15142733227228206,-4079.9430667649312,13458.472154695266,9498.413686287775,3960.058468407491,0.08105156807492106
50915,0.15144220433398628,-4074.078832054104,13446.619172959632,9522.503352480066,3924.1158204795665,0.081491678652104
50920,0.1514570763956905,-4065.393490134118,13434.035041011508,9545.180073604815,3888.8549674066926,0.08185643819704057
50925,0.1514719484573947,-4054.601225625115,13420.194367539658,9565.986707353595,3854.2076601860626,0.08214005770903512
50930,0.15148682051909892,-4042.1889107039524,13404.66606565723,9584.544752595673,3820.121313061556,0.082337122255319
50935,0.15150169258080312,-4028.416486757508,13387.13365056584,9600.576500802068,3786.557149763772,0.08269151849605239
50940,0.15151656464250735,-4013.348039759272,13367.408808751623,9613.92212099604,3753.4866877555833,0.08305083748773419
50945,0.15153143670421154,-3996.906201760895,13345.437708237361,9624.550243972793,3720.887464264568,0.08332929772867724
50950,0.15154630876591577,-3978.9397461079243,13321.299863604721,9632.561138136474,3688.738725468247,0.08352101296442978
50955,0.15156118082761996,-3959.2930434343525,13295.19971433018,9638.182192589511,3657.0175217406686,0.08379261365678184
50960,0.1515760528893242,-3937.8666175201497,13267.451435349563,9641.756050900967,3625.695384448596,0.08413714627640036
50965,0.15159092495102838,-3914.6603269290354,13238.457883016557,9643.722281569873,3594.735601446684,0.08439855270540265
50970,0.1516057970127326,-3889.7943407778603,13208.684978756672,9644.593866953883,3564.091111802789,0.084570082765269
50975,0.15162066907443683,-3863.507441225128,13178.633213440504,9644.930022186023,3533.7031912544808,0.08480711700509747
50980,0.15163554113614103,-3836.136447043138,13148.808260589181,9645.30693978824,3503.5013208009423,0.08512222313647211
50985,0.15165041319784525,-3808.0838292520193,13119.69284481401,9646.288038745633,3473.4048060683763,0.08534762060442888
50990,0.15166528525954945,-3779.7821322661976,13091.721958424298,9648.395226608833,3443.326731815465,0.08547547301120742
50995,0.15168015732125367,-3751.6632404408365,13065.263218365077,9652.082595293601,3413.1806230714756,0.08576384958635802
51000,0.15169502938295787,-3724.138027666655,13040.603620191321,9657.713880757357,3382.8897394339638,0.08602562351643284
51005,0.1517099014446621,-3697.5882827409405,13017.943241597399,9665.544917675037,3352.3983239223617,0.08621121015512492
51010,0.1517247735063663,-3672.3691720029856,12997.395683131203,9675.712188249365,3321.6834948818378,0.08657905879067777
51015,0.1517396455680705,-3648.8179707364934,12978.994332999711,9688.228361738566,3290.7659712611458,0.08688380918550576
51020,0.1517545176297747,-3627.2639525568284,12962.703018126223,9702.985406400388,3259.717611725835,0.08710806572170396
51025,0.15176938969147893,-3608.0350651975414,12948.429327731965,9719.765397067651,3228.6639306643137,0.08731026760469315
51030,0.15178426175318316,-3591.458699699874,12936.038888430456,9738.258538045251,3197.7803503852047,0.08764311275764913
51035,0.15179913381488735,-3577.8556854420067,12925.369097712008,9758.08721696141,3167.2818807505973,0.0878892344760134
51040,0.15181400587659158,-3567.5280510054436,12916.241211792445,9778.83419496729,3137.4070168251546,0.08804292901940262
51045,0.15182887793829578,-3560.7419082799206,12908.470140741494,9800.072452026232,3108.397688715262,0.08827172105437106
51050,0.15184375,-3557.7071782133407,12901.871739257786,9821.393877038465,3080.4778622193207,0.08852035623988207
51055,0.1518586220617042,-3558.556007628231,12896.26772977685,9842.434021560699,3053.8337082161506,0.0886676354763696
51060,0.15187349412340842,-3563.3217803569305,12891.488624010826,9862.89055794635,3028.5980660644764,0.08871726543918931
51065,0.15188836618511262,-3571.9206450978418,12887.3751211403,9882.533853028166,3004.8412681121335,0.08894554681109057
51070,0.15190323824681684,-3584.137446550495,12883.778480465375,9901.209069779261,2982.5694106861138,0.08906171373263062
51075,0.15191811030852104,-3599.617810927706,12880.560327466674,9918.830278518619,2961.730048948055,0.08905920132566389
51080,0.15193298237022526,-3617.867843147339,12877.59228566229,9935.368024933625,2942.2242607286644,0.08906216413617718
51085,0.15194785443192949,-3638.262389189954,12874.755752700117,9950.83252293922,2923.923229760898,0.08911750566646146
51090,0.15196272649363368,-3660.0621111276423,12871.942066482587,9965.255032311612,2906.6870341709746,0.08915920460121717
51095,0.1519775985553379,-3682.438826690429,12869.05323559716,9978.670027324511,2890.3832082726494,0.0894285976852631
51100,0.1519924706170421,-3704.5078804633386,12866.003332952307,9991.100502904614,2874.902830047693,0.0896036806830452
51105,0.15200734267874633,-3725.3659334977765,12862.720566325852,10002.548270571166,2860.1722957546863,0.08987660672545505
51110,0.15202221474045052,-3744.1325360801156,12859.149940875646,10012.990444949197,2846.1594959264494,0.09009793772405665
51115,0.15203708680215475,-3759.99400828088,12855.25631823597,10022.382580171232,2832.873738064738,0.09020915744196897
51120,0.15205195886385894,-3772.2481357377965,12851.027564623233,10030.66814058402,2820.359424039212,0.09020523452327388
51125,0.15206683092556317,-3780.347652356144,12846.477385479733,10037.793237830298,2808.6841476494355,0.09032991225683487
51130,0.15208170298726736,-3783.9393551258954,12841.647391968865,10043.724902495333,2797.9224894735326,0.09033566387742033
51135,0.1520965750489716,-3782.894312690999,12836.607959047851,10048.470661024276,2788.1372980235756,0.09020985368156854
51140,0.1521114471106758,-3777.3236470744787,12831.457528502664,10052.096935679187,2779.3605928234774,0.08995905849794793
51145,0.15212631917238,-3767.574494930386,12826.320176115998,10054.743833764946,2771.5763423510525,0.0901595232615797
51150,0.15214119123408423,-3754.2024205067473,12821.341471362943,10056.634255452245,2764.7072159106974,0.09041909525873866
51155,0.15215606329578843,-3737.919692271831,12816.682866735528,10058.075884848626,2758.606981886902,0.09056947034077177
51160,0.15217093535749265,-3719.5228845510946,12812.515015577776,10059.455442587387,2753.059572990389,0.09066152344883979
51165,0.15218580741919685,-3699.80734214512,12809.010498261005,10061.225444045689,2747.7850542153155,0.09079485705571613
51170,0.15220067948090107,-3679.479201498336,12806.336425978498,10063.884494217877,2742.451931760621,0.09079863764500277
51175,0.15221555154260527,-3659.0771099364756,12804.647305592674,10067.952750239345,2736.6945553533296,0.09067028839529384
51180,0.1522304236043095,-3638.915069067072,12804.078425251095,10073.944531173107,2730.133894077988,0.09041066204170412
51185,0.1522452956660137,-3619.0549375214005,12804.73990506149,10082.34013991841,2722.39976514308,0.09037360080911382
51190,0.15226016772771792,-3599.312520745353,12806.711489631527,10093.558818858768,2713.152670772759,0.0906052793627132
51195,0.15227503978942214,-3579.2957003764286,12810.038159408776,10107.93445532613,2702.103704082645,0.09072021821987253
51200,0.15228991185112634,-3558.4677684184835,12814.726698652456,10125.695262970576,2689.03143568188,0.09080002397006078
51205,0.15230478391283056,-3536.2250607849,12820.743448223882,10146.948262816946,2673.795185406936,0.09084567336425495
51210,0.15231965597453476,-3511.9759041049774,12828.013545802858,10171.669029141689,2656.344516661169,0.09075393989214009
51215,0.15233452803623898,-3485.2081442140243,12836.421970245898,10199.696885858795,2636.7250843871025,0.09052616366485926
51220,0.15234940009794318,-3455.5349681591806,12845.81663269019,10230.735554085477,2615.081078604713,0.0902898687430762
51225,0.1523642721596474,-3422.7127960144717,12856.013593420505,10264.359156335267,2591.654437085237,0.09052287108753675
51230,0.1523791442213516,-3386.629896126048,12866.80425858812,10300.02345352007,2566.7808050680487,0.09062886000224553
51235,0.15239401628305582,-3347.2692352033637,12877.964174292945,10337.082186293354,2540.8819879995917,0.09060571655392632
51240,0.15240888834476002,-3304.6532203271454,12889.262843880544,10374.80835990638,2514.4544839741648,0.09045543199365484
51245,0.15242376040646424,-3258.7809291383655,12900.473892991678,10412.420200867178,2488.0536921245002,0.0901859977636075
51250,0.15243863246816847,-3209.569830886021,12911.38491642034,10449.111291102763,2462.273625317577,0.08989736748435928
51255,0.15245350452987266,-3156.8136703796845,12921.80645090458,10484.08404998984,2437.7224009147394,0.08987144888547581
51260,0.1524683765915769,-3100.1660524909676,12931.579691291563,10516.585324670308,2414.994366621255,0.09001909068710662
51265,0.15248324865328108,-3039.155477612574,12940.582751757873,10545.942436357067,2394.640315400806,0.090031762764667
51270,0.1524981207149853,-2973.2325900598125,12948.735418250835,10571.597702635927,2377.1377156149083,0.08991015199962138
51275,0.1525129927766895,-2901.8449654744463,12956.002410381025,10593.139291885467,2362.8631184955575,0.08965967622686008
51280,0.15252786483839373,-2824.529824137392,12962.395165940663,10610.326313336238,2352.068852604425,0.08929009652891905
51285,0.15254273690009792,-2741.011544622127,12967.972102505933,10623.106309969573,2344.8657925363605,0.08930970131889136
51290,0.15255760896180215,-2651.2894452350974,12972.837240152574,10631.623767202072,2341.2134729505015,0.08933293264183736
51295,0.15257248102350635,-2555.7022512295343,12977.13703271575,10636.218818629164,2340.918214086585,0.08923263074881038
51300,0.15258735308521057,-2454.958754203595,12981.055285902841,10637.415954833916,2343.6393310689255,0.08901541038149084
51305,0.1526022251469148,-2350.128802376891,12984.80615016752,10635.903164872469,2348.9029852950516,0.08869161014436071
51310,0.152617097208619,-2242.594140997173,12988.625349245522,10632.502521238459,2356.1228280070627,0.0884073578774861
51315,0.15263196927032321,-2133.963923982861,12992.760004747182,10628.13373063323,2364.6262741139526,0.08843909644694892
51320,0.1526468413320274,-2025.96421325962,12997.457595938336,10623.772594182292,2373.6850017560446,0.08835690853270906
51325,0.15266171339373164,-1920.3139245570765,13002.95470958025,10620.406630823007,2382.5480787572433,0.08816790543175204
51330,0.15267658545543583,-1818.6011423587406,13009.466262606895,10618.990293075634,2390.4759695312605,0.0878823085962934
51335,0.15269145751714006,-1722.1734136276082,13017.175819899889,10620.402222920931,2396.7735969789574,0.08783297730965185
51340,0.15270632957884425,-1632.0536564842332,13026.227502016336,10625.406841453856,2400.82066056248,0.08781385826639025
51345,0.15272120164054848,-1548.8900010727139,13036.719819169957,10634.622237005706,2402.0975821642514,0.08778713932828221
51350,0.15273607370225267,-1472.9436958030637,13048.701616571085,10648.495830240641,2400.2057863304435,0.08775312786556527
51355,0.1527509457639569,-1404.1147413955769,13062.170202260117,10667.288694366938,2394.8815078931784,0.08771211822118984
51360,0.15276581782566112,-1342.000734593923,13077.071665216181,10691.068762440791,2386.00290277539,0.08766438244146299
51365,0.15278068988736532,-1285.9809909357155,13093.303372570812,10719.712546052975,2373.590826517837,0.08761015998629086
51370,0.15279556194906954,-1235.315695080577,13110.71863711564,10752.914503103853,2357.804134011787,0.08759020722127567
51375,0.15281043401077374,-1189.248762591158,13129.133537156158,10790.202887724254,2338.9306494319044,0.08758410332595866
51380,0.15282530607247796,-1147.1033206501143,13148.335818477743,10830.960815103826,2317.375003373916,0.08757382662477375
51385,0.15284017813418216,-1108.3601442904455,13168.095693602614,10874.451354386205,2293.644339216409,0.08755911286879987
51390,0.15285505019588638,-1072.7118221810924,13188.178178839416,10919.845658551905,2268.332520287511,0.08753964332150845
51395,0.15286992225759058,-1040.088552980109,13208.35640042301,10966.253362534962,2242.1030378880478,0.0875150561545975
51400,0.1528847943192948,-1010.6548640397668,13228.42510042982,11012.754643088816,2215.6704573410043,0.087484961965729
51405,0.152899666380999,-984.779719154636,13248.213428981138,11058.433375981414,2189.780052999724,0.08744896246168127
51410,0.15291453844270322,-962.9850027875891,13267.596060430848,11102.410728603636,2165.1853318272115,0.08740667089921249
51415,0.15292941050440745,-945.8789515655917,13286.501736498643,11143.878312802597,2142.6234236960463,0.08735773261874162
51420,0.15294428256611164,-934.0817010139835,13304.918513553483,11182.129753761881,2122.7887597916015,0.08730184395668152
51425,0.15295915462781587,-928.1499057989549,13322.895248063569,11216.58928746587,2106.3059605976996,0.08723876795797549
51430,0.15297402668952007,-928.5066785026174,13340.539154317405,11246.83586416021,2093.7032901571947,0.08716834558917318
51435,0.1529888987512243,-935.3821575354832,13358.00956950655,11272.621270332993,2085.3882991735572,0.0870905015298322
51440,0.15300377081292849,-948.7690151886763,13375.508326853238,11293.881012798587,2081.627314054651,0.0870052440591542
51445,0.1530186428746327,-968.3961629817804,13393.267344008378,11310.737119265745,2082.5302247426334,0.08691265902754522
51450,0.1530335149363369,-993.722725607513,13411.53417332308,11323.492547671418,2088.041625651662,0.08681289838574946
51455,0.15304838699804113,-1023.9529602918374,13430.556339086981,11332.617485574217,2097.9388535127637,0.08670616421138164
51460,0.15306325905974533,-1058.0711927813754,13450.565320262796,11338.728378887588,2111.836941375208,0.08659268958956057
51465,0.15307813112144955,-1094.8941254120891,13471.761043880859,11342.560983957119,2129.20005992374,0.08647271802706911
51470,0.15309300318315378,-1133.1362320092903,13494.297747290348,11344.939038444589,2149.358708845759,0.08634648325924711
51475,0.15310787524485797,-1171.4826071077186,13518.272050104062,11346.740273024616,2171.5317770794463,0.08621419130246163
51480,0.1531227473065622,-1208.6627893710447,13543.714040779756,11348.861444256898,2194.852596522858,0.08607600638840274
51485,0.1531376193682664,-1243.5188900935646,13570.582112028413,11352.18389077972,2218.3982212486935,0.08593204199608724
51490,0.15315249142997062,-1275.0619213993941,13598.762155009066,11357.540849902694,2241.221305106372,0.0857823576157523
51495,0.1531673634916748,-1302.511537281256,13628.071529844805,11365.687478464506,2262.384051380299,0.08562696121034491
51500,0.15318223555337904,-1325.3163511947605,13658.267963759212,11377.274255690996,2280.9937080682157,0.08546581667932464
51505,0.15319710761508323,-1343.1543102910346,13689.06319407127,11392.824245706239,2296.2389483650313,0.08529885507209276
51510,0.15321197967678746,-1355.914899735404,13720.140789901068,11412.71457810363,2307.4262117974376,0.0851259879242182
51515,0.15322685173849165,-1363.6667913802157,13751.177183767928,11437.162457334842,2314.0147264330863,0.08494712094719722
51520,0.15324172380019588,-1366.6155913707044,13781.864562575456,11466.216009074566,2315.6485535008906,0.08476216640089064
51525,0.1532565958619001,-1365.0564372231584,13811.93395424715,11499.750280245138,2312.1836740020117,0.08457105278768821
51530,0.1532714679236043,-1359.3254719342476,13841.176651321943,11537.46869647522,2303.7079548467227,0.08437373096901146
51535,0.15328633998530852,-1349.753047929902,13869.462080731038,11578.910222327564,2290.5518584034744,0.08417017634133805
51540,0.15330121204701272,-1336.6203716103992,13896.750389562172,11623.462353415736,2273.288036146436,0.08396038724169236
51545,0.15331608410871694,-1320.1206141466264,13923.098375855154,11670.379895223794,2252.71848063136,0.08374438021373448
51550,0.15333095617042114,-1300.3254920432155,13948.657928185161,11718.80925986666,2229.8486683185,0.08352218310777229
51555,0.15334582823212536,-1277.1588854766378,13973.66679628409,11767.817753612597,2205.8490426714925,0.08329382718811074
51560,0.15336070029382956,-1250.37990427791,13998.432224265898,11816.427052084615,2182.0051721812833,0.08305933947769481
51565,0.15337557235553378,-1219.5785195344488,14023.308656115678,11863.649784786025,2159.6588713296533,0.08281873649548938
51570,0.15339044441723798,-1184.1870774491435,14048.671292533258,11908.527894114599,2140.1433984186588,0.08257202035396749
51575,0.1534053164789422,-1143.5104534662769,14074.887678419285,11950.17121521769,2124.7164632015956,0.0823191778994866
51580,0.15342018854064643,-1096.7761975438061,14102.289694389492,11987.794562283058,2114.4951321064345,0.08206018321481245
51585,0.15343506060235063,-1043.2038293242022,14131.14830193635,12020.7515264356,2110.396775500749,0.08179500338556028
51590,0.15344993266405485,-982.0896749939457,14161.65315920433,12048.563211688894,2113.0899475154365,0.08152360700169425
51595,0.15346480472575905,-912.9006565338841,14193.898806502957,12070.940274882792,2122.9585316201646,0.08124597448130393
51600,0.15347967678746327,-835.3677451287658,14227.878551319063,12087.796900045512,2140.081651273551,0.08096210903728458
51605,0.15349454884916747,-749.5679474168173,14263.486503707438,12099.255720324802,2164.230783382636,0.08067204701897132
51610,0.1535094209108717,-655.983239852012,14300.52747607578,12105.643179744891,2194.884296330889,0.0803760623388031
51615,0.1535242929725759,-555.5261525051192,14338.733729674495,12107.47536710631,2231.2583625681855,0.08009189468369551
51620,0.1535391650342801,-449.52477404153615,14377.786897311213,12105.434911122391,2272.3519861888217,0.0798000478487099
51625,0.1535540370959843,-339.6644953914365,14417.342916534528,12100.340053397413,2317.002863137115,0.07950077562242812
51630,0.15356890915768853,-227.88921033463885,14457.057540565207,12093.107473622807,2363.9500669423996,0.07919437619043623
51635,0.15358378121939276,-116.27013539864129,14496.610002795938,12084.710798995298,2411.89920380064,0.07888118707429459
51640,0.15359865328109695,-6.855055746309517,14535.722703490037,12076.136967441467,2459.5857360485697,0.07856157899034626
51645,0.15361352534280118,98.48607293704845,14574.175327688248,12068.342719551394,2505.832608136854,0.07823594868474373
51650,0.15362839740450537,198.20211576906513,14611.812513318358,12062.213459164072,2549.599054154287,0.07790794545058748
51655,0.1536432694662096,291.1723508710638,14648.544963618246,12058.526543259131,2590.0184203591143,0.07758797149548402
51660,0.1536581415279138,376.775766036837,14684.344629054443,12057.92074153624,2626.4238875182036,0.07726349884499971
51665,0.15367301358961802,454.9098723968873,14719.235178134952,12060.873161405043,2658.3620167299086,0.07693487666533556
51670,0.15368788565132221,525.9565351017372,14753.279372510468,12067.684399344842,2685.5949731656256,0.07660243757306621
51675,0.15370275771302644,590.6982450495361,14786.565134545088,12078.472106437164,2708.0930281079236,0.07626648834637711
51680,0.15371762977473064,650.1936804108336,14819.192052415845,12093.172607660348,2726.019444755497,0.07620407241227561
51685,0.15373250183643486,705.6257150444599,14851.259839215736,12111.549755723925,2739.710083491811,0.07631908547890708
51690,0.15374737389813908,758.1378070659157,14882.859891935146,12133.209883527727,2749.6500084074196,0.07646760961162682
51695,0.15376224595984328,808.6757621566794,14914.070633068648,12157.621573540639,2756.4490595280095,0.07648738213391316
51700,0.1537771180215475,857.8512326389555,14944.956812777209,12184.138984150972,2760.8178286262373,0.07644266178338623
51705,0.1537919900832517,905.8411388831482,14975.572453110948,12212.02762592606,2763.5448271848873,0.07659960871970334
51710,0.15380686214495592,952.3337049597249,15005.966674746855,12240.491703137643,2765.474971609212,0.07662206453025996
51715,0.15382173420666012,996.5272476224272,15036.191302701736,12268.702356117676,2767.4889465840606,0.07652789964853761
51720,0.15383660626836435,1037.1825728755703,15066.308934059816,12295.826293919774,2770.4826401400423,0.0767034978178536
51725,0.15385147833006854,1072.724257834463,15096.400089865792,12321.054353611265,2775.345736254527,0.07674113371086363
51730,0.15386635039177277,1101.3808016758321,15126.56817206287,12343.62945385914,2782.9387182037317,0.07662764247332753
51735,0.15388122245347696,1121.3492829170464,15156.941194511648,12362.873251109151,2794.067943402497,0.07680841806295151
51740,0.1538960945151812,1130.9673930820227,15187.669626835523,12378.210607632078,2809.4590192034448,0.07688048889853233
51745,0.1539109665768854,1128.874971891626,15218.92013876111,12389.190807276236,2829.729331484874,0.07679985529744751
51750,0.1539258386385896,1114.1485716256811,15250.86550972788,12395.504371861714,2855.3611378661662,0.0767516066009257
51755,0.15394071070029383,1086.395892688417,15283.671421535617,12396.994389162413,2886.6770323732035,0.07692718546997804
51760,0.15395558276199803,1045.8016256514675,15317.481233671535,12393.661485757226,2923.819747914309,0.0770238987110406
51765,0.15397045482370225,993.1216122227925,15352.400114346605,12385.66195361441,2966.738160732195,0.07697801918601312
51770,0.15398532688540645,929.6275998582532,15388.48003979774,12373.299022562353,3015.181017235387,0.07715301906147339
51775,0.15400019894711067,857.0096272119936,15425.707167442079,12357.007791223894,3068.6993762181846,0.07726599117179664
51780,0.15401507100881487,777.2468251176597,15463.992936190481,12337.334807362922,3126.6581288275593,0.07723294528312302
51785,0.1540299430705191,692.4599008032401,15503.16996518041,12314.913656445042,3188.2563087353683,0.07733217648011291
51790,0.1540448151322233,604.7596773638743,15542.993439619639,12290.438131085662,3252.555308533976,0.07746356943347074
51795,0.1540596871939275,516.1057812487488,15583.14822891064,12264.634601224043,3318.513627686598,0.07744717792414726
51800,0.15407455925563174,428.1880029751501,15623.261521191243,12238.23509860097,3385.026422590274,0.07731096199958472
51805,0.15408943131733593,342.3401968898779,15662.920320271833,12211.952399035483,3450.96792123635,0.07747139288589755
51810,0.15410430337904016,259.49312123779055,15701.692768088698,12186.45806816279,3515.234699925908,0.07748486110590114
51815,0.15411917544074435,180.1687009645084,15739.151951942265,12162.364068316823,3576.787883625442,0.07734349998008835
51820,0.15413404750244858,104.51419285247721,15774.900648441428,12140.208144223463,3634.6925042179646,0.07734503878028669
51825,0.15414891956415278,32.37099704949287,15808.59535924289,12120.44285267634,3688.15250656655,0.07740754270029547
51830,0.154163791625857,-36.630301860324835,15839.96801798078,12103.427815779229,3736.5402022015514,0.07731756537765903
51835,0.1541786636875612,-102.95940741519735,15868.843896710241,12089.424593913118,3779.4193027971232,0.07729255752301378
51840,0.15419353574926542,-167.07231387839602,15895.15450463103,12078.593518289736,3816.5609863412938,0.07742584859112023
51845,0.15420840781096962,-229.3059077510261,15918.94462655158,12070.991902562897,3847.952723988683,0.07742551215378538
51850,0.15422327987267384,-289.7919868388817,15940.373053999365,12066.57325679957,3873.7997971997956,0.0773549147963166
51855,0.15423815193437806,-348.3990270014983,15959.706972299413,12065.18742094184,3894.5195513575727,0.07752405183073649
51860,0.15425302399608226,-404.7065620441299,15977.310341410956,12066.581863677191,3910.7284777337645,0.07756150264443157
51865,0.15426789605778649,-458.0130671065126,15993.626920740564,12070.404687530892,3923.2222332096717,0.0774618567821763
51870,0.15428276811949068,-507.3743507802683,16009.158831355644,12076.210071711828,3932.9487596438157,0.07753842475748729
51875,0.1542976401811949,-551.6662684918356,16024.441731866831,12083.46691606642,3940.9748158004113,0.07762370435541921
51880,0.1543125122428991,-589.6635194123683,16040.017823264447,12091.57129867106,3948.446524593386,0.07757357220505046
51885,0.15432738430460333,-620.1255678573652,16056.40800661781,12099.863042724082,3956.544963893728,0.0774225415630898
51890,0.15434225636630752,-641.8812422496849,16074.084597967269,12107.64626004933,3966.438337917938,0.07756192154003094
51895,0.15435712842801175,-653.9050036100452,16093.446044735365,12114.213277311073,3979.2327674242915,0.07756808049852451
51900,0.15437200048971594,-655.3798472648723,16114.795064125114,12118.870939037486,3995.9241250876275,0.0774395774168767
51905,0.15438687255142017,-645.7439297332785,16138.32151015375,12120.96798387403,4017.3535262797195,0.07745667507347032
51910,0.1544017446131244,-624.7199952922656,16164.091053600023,12119.922042599439,4044.169011000584,0.07752662419222744
51915,0.1544166166748286,-592.328290981919,16192.040426729392,12115.244811236103,4076.795615493289,0.0774630698187147
51920,0.1544314887365328,-548.8847584365449,16221.979562146425,12106.564086495666,4115.41547565076,0.07739058544671917
51925,0.154446360798237,-494.9868174313324,16253.600483245831,12093.641574476667,4159.958908769164,0.07748913917123859
51930,0.15446123285994123,-431.4890607299094,16286.492336547524,12076.385653013383,4210.106683534141,0.0774754051376733
51935,0.15447610492164543,-359.4708275608864,16320.161549903449,12054.858543545784,4265.303006357664,0.07737934862421483
51940,0.15449097698334965,-280.19715013738096,16354.055801094668,12029.27759953344,4324.778201561228,0.07752569103581027
51945,0.15450584904505385,-195.07420621080746,16387.59031493483,12000.010628347562,4387.579686587269,0.07755440197859384
51950,0.15452072110675807,-105.60031374150822,16420.174976154143,11967.565330593625,4452.609645560518,0.07746551328280026
51955,0.15453559316846227,-13.313710029893628,16451.24083149004,11932.573079718677,4518.6677517713615,0.07749126255678283
51960,0.1545504652301665,80.26119577674217,16480.26472501408,11895.767402880141,4584.497322133939,0.07757222608551731
51965,0.15456533729187072,173.66684320455897,16506.79102901401,11857.957693166521,4648.833335847488,0.07753624760593879
51970,0.15458020935357492,265.56201812403924,16530.449666316526,11819.998905605198,4710.450760711328,0.07745087427872865
51975,0.15459508141527914,354.7646467814029,16550.96984668834,11782.758264877677,4768.211581810661,0.07758394853203668
51980,0.15460995347698334,440.28460037606055,16568.18915001631,11747.08031138783,4821.108838628481,0.07760139339848024
51985,0.15462482553868756,521.3435038096268,16582.057782862597,11713.751878610728,4868.305904251869,0.0775067976233596
51990,0.15463969760039176,597.3792761527056,16592.638019265964,11683.468761867609,4909.169257398355,0.07752660709066096
51995,0.15465456966209598,668.0343265612191,16600.099018468696,11656.805850420384,4943.2931680483125,0.07760280570400968
52000,0.15466944172380018,733.1279040526206,16604.70739438036,11634.192324566146,4970.515069814213,0.07756803776940113
52005,0.1546843137855044,792.6148669805643,16606.814089040185,11615.893181431937,4990.920907608248,0.077430188141547
52010,0.1546991858472086,846.5348330599845,16606.838261737383,11601.997900633814,5004.840361103568,0.07750074253867359
52015,0.15471405790891282,894.9570054777723,16605.249027679638,11592.416572124168,5012.83245555547,0.07753295735940156
52020,0.15472892997061705,937.9267104713945,16602.545945778744,11586.883365340618,5015.662580438126,0.07746228546449804
52025,0.15474380203232124,975.4197069271431,16599.239151654707,11584.96688423526,5014.2722674194465,0.07736825912685391
52030,0.15475867409402547,1007.3096567940138,16595.829958793543,11586.086754029891,5009.743204763652,0.07747005328725154
52035,0.15477354615572966,1033.3528993155378,16592.792621696022,11589.535707843026,5003.256913852996,0.07746941678229288
52040,0.1547884182174339,1053.1930174579065,16590.557795016437,11594.506435330422,4996.051359686015,0.07737576360999167
52045,0.15480329027913808,1066.3857675082309,16589.498062193208,11600.122455610875,4989.375606582333,0.07744196021307372
52050,0.1548181623408423,1072.4428725305715,16589.915772873428,11605.472224189973,4984.443548683455,0.0774754920822031
52055,0.1548330344025465,1070.8910625255885,16592.033336938086,11609.645545397078,4982.3877915410085,0.07745139099782483
52060,0.15484790646425073,1061.3407410670661,16595.98607639806,11611.771139963248,4984.214936434813,0.07746621037109377
52065,0.15486277852595492,1043.5570260415388,16601.817723477812,11611.053946750415,4990.763776727397,0.07751351641311092
52070,0.15487765058765915,1017.5249747556754,16609.478653650218,11606.810475942048,5002.66817770817,0.0774761731556312
52075,0.15489252264936337,983.5008567924742,16618.826934888224,11598.50034489966,5020.326589988565,0.07744804446952774
52080,0.15490739471106757,942.0425266447801,16629.632244044325,11585.752079449092,5043.8801645952335,0.07755451977285703
52085,0.1549222667727718,894.0141794784195,16641.582644348273,11568.381397971303,5073.20124637697,0.07757610015237275
52090,0.154937138834476,840.5637179124242,16654.294142037343,11546.40053225854,5107.893609778803,0.07752075570914814
52095,0.15495201089618021,783.0741363495508,16667.322858370055,11520.017663719804,5147.305194650251,0.07753886187155577
52100,0.1549668829578844,723.093247902234,16680.179576979812,11489.626218112406,5190.553358867406,0.07761887530488223
52105,0.15498175501958864,662.248344885651,16692.346357672097,11455.78449075825,5236.561866913848,0.07762058474720755
52110,0.15499662708129283,602.1537677218057,16703.294837925896,11419.18677802491,5284.108059900986,0.07755381049668146
52115,0.15501149914299706,544.3197909781866,16712.505758418883,11380.627786334831,5331.877972084052,0.0775855140837304
52120,0.15502637120470125,490.07077757310435,16719.48913922749,11340.962517504973,5378.526621722518,0.07764399474465566
52125,0.15504124326640548,440.47934652969343,16723.804402062164,11301.064062274192,5422.740339787972,0.07763165339736743
52130,0.1550561153281097,396.3215475615889,16725.079599917954,11261.781776733118,5463.297823184836,0.07755971954209166
52135,0.1550709873898139,358.0559742644364,16723.02880859705,11223.902192331543,5499.1266162655065,0.07760016055713886
52140,0.15508585945151812,325.82761999933064,16717.46668572062,11188.1147475903,5529.351938130321,0.07764204389092591
52145,0.15510073151322232,299.495295810877,16708.319235055355,11154.98405293342,5553.335182121935,0.07762131311722677
52150,0.15511560357492654,278.67972085663496,16695.629937396017,11124.929928553223,5570.700008842794,0.0775501607848113
52155,0.15513047563663074,262.8280037125405,16679.560621438344,11098.215909312994,5581.34471212535,0.07760002898209631
52160,0.15514534769833496,251.28912977605978,16660.38673724409,11074.946319644081,5585.44041760001,0.07763118618019574
52165,0.15516021976003916,243.39422074011236,16638.487042407218,11055.071428410189,5583.415613997029,0.0776084883685645
52170,0.15517509182174338,238.53476219970435,16614.328091397478,11038.399654427763,5575.928436969714,0.07754457642126439
52175,0.15518996388344758,236.23182754808659,16588.444298610444,11024.615367749007,5563.828930861437,0.07757744939198287
52180,0.1552048359451518,236.18975516762293,16561.414684165808,11013.300571180187,5548.1141129856205,0.07760448210484121
52185,0.15521970800685603,238.32894154294263,16533.8376636365,11003.95868011257,5529.8789835239295,0.07758654605847565
52190,0.15523458006856022,242.79444665894698,16506.305368486373,10996.038744284837,5510.266624201537,0.0775361594827778
52195,0.15524945213026445,249.93980539270342,16479.378958305282,10988.95873760878,5490.420220696502,0.07752853461494605
52200,0.15526432419196864,260.28840965036943,16453.566209126824,10982.12692158383,5471.439287542995,0.0775574033937379
52205,0.15527919625367287,274.4775419829257,16429.30236289548,10974.960693778814,5454.341669116666,0.077549761966161
52210,0.15529406831537707,293.1920905098559,16406.934855174015,10966.902701780182,5440.032153393833,0.0775174948836124
52215,0.1553089403770813,317.09582079789834,16386.71216880924,10957.434291075166,5429.277877734075,0.07747183267513018
52220,0.15532381243878549,346.7677528729746,16368.776755708172,10946.086543907542,5422.690211800629,0.07750727901689569
52225,0.1553386845004897,382.64987499996096,16353.161774150083,10932.449258367255,5420.712515782829,0.07751388238768056
52230,0.1553535565621939,425.01045925649487,16339.791321898276,10916.178229558484,5423.613092339792,0.0775025254282711
52235,0.15536842862389813,473.92500151070817,16328.483888737366,10897.001148673618,5431.482740063748,0.07748223397475511
52240,0.15538330068560235,529.2746142400483,16318.958860085755,10874.722350982547,5444.236509103208,0.07745985147483883
52245,0.15539817274730655,590.7598025671668,16310.846015177936,10849.2265372058,5461.619477972137,0.07748369816703414
52250,0.15541304480901078,657.9261320793121,16303.698020298196,10820.481479968756,5483.21654032944,0.07749513077048245
52255,0.15542791687071497,730.1974685548121,16297.005880224584,10788.539623165427,5508.466257059157,0.0775014659557039
52260,0.1554427889324192,806.9122752819785,16290.217169800333,10753.538400152207,5536.678769648126,0.07750715247898456
52265,0.1554576609941234,887.3588401002235,16282.756644979825,10715.699044970748,5567.057600009077,0.07751359708774434
52270,0.15547253305582762,970.8061345827646,16274.048575945837,10675.323649147096,5598.724926798741,0.07751937180228678
52275,0.1554874051175318,1056.5281018628339,16263.539911839007,10632.790217941421,5630.7496938975855,0.07752073394776002
52280,0.15550227717923604,1143.8203560893944,16250.72322875107,10588.54549532708,5662.1777334239905,0.0775452164843161
52285,0.15551714924094023,1232.0094214870023,16235.158361530397,10543.095354108254,5692.063007422143,0.07757787515855218
52290,0.15553202130264446,1320.4556404358245,16216.491679888139,10496.992596159296,5719.499083728842,0.07760689360098483
52295,0.15554689336434868,1408.551642188986,16194.472118647891,10450.82209785309,5743.650020794801,0.07762731133259083
52300,0.15556176542605288,1495.7186854602114,16168.96327226723,10405.183388193724,5763.779884073507,0.07763308153283513
52305,0.1555766374877571,1581.4031801237797,16139.951072634167,10360.670969882434,5779.280102751733,0.07762960348103132
52310,0.1555915095494613,1665.0752242759772,16107.546753819654,10317.852970768785,5789.693783050869,0.07767839593170064
52315,0.15560638161116552,1746.2301320885363,16071.984953997295,10277.249003422885,5794.73595057441,0.07771395019491781
52320,0.15562125367286972,1824.3928562035035,16033.616920673541,10239.308355795261,5794.30856487828,0.07772991893872323
52325,0.15563612573457394,1899.1241836648478,15992.89889507399,10204.389777960414,5788.5091171135755,0.0777201943645105
52330,0.15565099779627814,1970.0268694108745,15950.375885738444,10172.744129329512,5777.631756408931,0.07775443937941262
52335,0.15566586985798236,2036.7496543608104,15906.661224065228,10144.501000039318,5762.160224025911,0.0778017435786289
52340,0.15568074191968656,2098.9874534210994,15862.412531548971,10119.66014747729,5742.75238407168,0.0778248685613625
52345,0.15569561398139078,2156.4768073820924,15818.305001676286,10098.088249284292,5720.216752391994,0.07781818068377197
52350,0.155710486043095,2208.9867814579193,15775.003168756371,10079.521133081616,5695.482035674755,0.07783976836807616
52355,0.1557253581047992,2256.306628968692,15733.132549128042,10063.571356112157,5669.561193015885,0.07789550648710324
52360,0.15574023016650343,2298.232505481532,15693.252647316,10049.740804978934,5643.511842337066,0.0779228708158847
52365,0.15575510222820763,2334.5561525243756,15655.832788309233,10037.437864692856,5618.394923616377,0.07791685259979438
52370,0.15576997428991185,2365.058660269766,15621.2320623547,10025.99863865173,5595.23342370297,0.07791846213667299
52375,0.15578484635161605,2389.5120971123197,15589.684375566765,10014.711644527555,5574.97273103921,0.07797858476802608
52380,0.15579971841332027,2407.6909346484645,15561.289236526665,10002.845324867832,5558.443911658833,0.07800659904203126
52385,0.15581459047502447,2419.3938403569464,15536.008534224873,9989.67756954168,5546.330964683193,0.07799822408382032
52390,0.1558294625367287,2424.474702225096,15513.669228771803,9974.526245807076,5539.142982964728,0.0779818009009909
52395,0.1558443345984329,2422.879954864122,15493.971617061243,9956.779489912835,5537.192127148408,0.07804232292665317
52400,0.1558592066601371,2414.6877431705325,15476.502659124208,9935.924272679287,5540.57838644492,0.07806769948617549
52405,0.15587407872184134,2400.1435295515876,15460.753740939961,9911.571567392297,5549.182173547664,0.07805440890736541
52410,0.15588895078354553,2379.686651714601,15446.142174289771,9883.476385538617,5562.665788751154,0.07802904202170023
52415,0.15590382284524976,2353.9631053863613,15432.03566001132,9851.551061937593,5580.484598073726,0.07808764466008537
52420,0.15591869490695395,2323.821301033131,15417.778845693003,9815.870500922802,5601.908344770201,0.07810880600227084
52425,0.15593356696865818,2290.2894412753703,15402.720990707308,9776.668638111181,5626.052352596127,0.07808969095181921
52430,0.15594843903036237,2254.5351831007556,15386.24363028372,9734.326082538142,5651.917547745577,0.07805276252863186
52435,0.1559633110920666,2217.810147513599,15367.787039792858,9689.349694845718,5678.43734494714,0.07810889484970532
52440,0.1559781831537708,2181.3834697259244,15346.874276014189,9642.34561519277,5704.528660821419,0.07812571549731233
52445,0.15599305521547502,2146.4698534712443,15323.131638363366,9593.98786194444,5729.143776418925,0.07810096632747808
52450,0.15600792727717921,2114.1584190594676,15296.304555646611,9544.984982910946,5751.319572735665,0.0780489746593787
52455,0.15602279933888344,2085.348915264409,15266.268148731,9496.047301748931,5770.220846982069,0.07810237337329128
52460,0.15603767140058766,2060.7015050300706,15233.032017703626,9447.857063931904,5785.174953771722,0.07811465034952257
52465,0.15605254346229186,2040.6052989743657,15196.739118210478,9401.043301929565,5795.695816280913,0.07808406463389791
52470,0.15606741552399608,2025.1691681217926,15157.658892512549,9356.162597575614,5801.496294936935,0.07802626889627115
52475,0.15608228758570028,2014.2362981272327,15116.175082027685,9313.686225692858,5802.488856334827,0.07807551990188137
52480,0.1560971596474045,2007.4216963088074,15072.768858078232,9273.993513771948,5798.775344306285,0.07808182513056731
52485,0.1561120317091087,2004.1696764028675,15027.9980675258,9237.370720691722,5790.627346834077,0.07804397251313597
52490,0.15612690377081292,2003.826416779797,14982.47351103708,9204.014365719706,5778.459145317374,0.07798695194344243
52495,0.15614177583251712,2005.7211449594543,14936.833268520704,9174.037742623137,5762.795525897567,0.07802936425772583
52500,0.15615664789422135,2009.2484378614936,14891.71616976432,9147.479327468436,5744.236842295884,0.07802726033894515
52505,0.15617151995592554,2013.9436450361118,14847.735578769494,9124.311912429297,5723.423666340197,0.07797999179263512
52510,0.15618639201762977,2019.543670349096,14805.454704578926,9104.451538597468,5701.003165981458,0.07791656122333226
52515,0.156201264079334,2026.026415129816,14765.364644696643,9087.765613497773,5677.59903119887,0.07794944374153127
52520,0.1562161361410382,2033.6241493863763,14727.866280182257,9074.079931495527,5653.78634868673,0.07793684794585792
52525,0.1562310082027424,2042.808838969433,14693.256950552923,9063.184616557406,5630.072333995517,0.07787867150232283
52530,0.1562458802644466,2054.2507172486185,14661.722534400094,9054.839238086495,5606.883296313599,0.07780247167395894
52535,0.15626075232615083,2068.7546788787877,14633.335164692015,9048.777492458703,5584.557672233312,0.0778246131689152
52540,0.15627562438785503,2087.18184977073,14608.056358458176,9044.711895823371,5563.344462634805,0.07780103421851878
52545,0.15629049644955925,2110.3654824048353,14585.744901704764,9042.338911396755,5543.405990308009,0.07773207765440504
52550,0.15630536851126345,2139.030861192243,14566.168472982967,9041.344854199204,5524.823618783763,0.07767575590415238
52555,0.15632024057296767,2173.728143282444,14549.017775708988,9041.412792177722,5507.604983531266,0.0776573592261211
52560,0.15633511263467187,2214.785187323154,14533.92191821297,9042.230504641555,5491.691413571414,0.07762391348536395
52565,0.1563499846963761,2262.284760981842,14520.46393396854,9043.499376661714,5476.9645573068265,0.07758743609952451
52570,0.15636485675808032,2316.067458939893,14508.195636904014,9044.943917828037,5463.251719075977,0.07754836179959382
52575,0.1563797288197845,2375.75860884091,14496.65139162397,9046.321421677643,5450.329969946326,0.077465515531247
52580,0.15639460088148874,2440.8147689634025,14485.360763408546,9047.431161696937,5437.9296017116085,0.07742808649372308
52585,0.15640947294319293,2510.583438083704,14473.860318024468,9048.122482521694,5425.737835502774,0.07743005282272804
52590,0.15642434500489716,2584.368504185619,14461.705006691052,9048.301207637161,5413.403799053891,0.07738616614320061
52595,0.15643921706660135,2661.493807494866,14448.479569300049,9047.933939757633,5400.545629542416,0.07729929626682285
52600,0.15645408912830558,2741.357895154586,14433.810229065708,9047.05004233416,5386.760186731548,0.07724785862115209
52605,0.15646896119000978,2823.474413163234,14417.376677804277,9045.741306933414,5371.635370870863,0.07724758058077622
52610,0.156483833251714,2907.4944005675625,14398.924029533115,9044.159476645415,5354.7645528877,0.07720219380579203
52615,0.1564987053134182,2993.208825848713,14378.27412416717,9042.511873124215,5335.7622510429555,0.07711448189585082
52620,0.15651357737512242,3080.531870331175,14355.335355893303,9041.05535861159,5314.279997281714,0.0770489695634677
52625,0.15652844943682664,3169.467556390702,14330.11012171612,9040.088781985345,5290.021339730774,0.07704987363154601
52630,0.15654332149853084,3260.06415416878,14302.699043786286,9039.943959696042,5262.755084090244,0.07700606758824886
52635,0.15655819356023506,3352.362171139708,14273.301294876404,9040.97518242009,5232.326112456314,0.07692015912299155
52640,0.15657306562193926,3446.3424385560556,14242.210610365413,9043.54725467553,5198.663355689883,0.07684294755818355
52645,0.15658793768364349,3541.8807338598363,14209.80685639132,9048.022177347271,5161.784679044049,0.07684683614710403
52650,0.15660280974534768,3638.7145101815913,14176.543302959324,9054.744751370967,5121.798551588357,0.07680581988536687
52655,0.1566176818070519,3736.4257663832577,14142.92999847858,9064.027572321991,5078.902426156588,0.07672233012816355
52660,0.1566325538687561,3834.44210963554,14109.513851941345,9076.13605165289,5033.377800288456,0.07663748769436501
52665,0.15664742593046033,3932.0559153033864,14076.856207317885,9091.274202375447,4985.582004942438,0.07664336748496625
52670,0.15666229799216452,4028.4594470263146,14045.508852372774,9109.57194810689,4935.936904265884,0.07660368596268385
52675,0.15667717005386875,4122.792089792432,14015.989545674049,9131.0746615004,4884.914884173648,0.07652079616607699
52680,0.15669204211557297,4214.194635441267,13988.75826276212,9155.735534661817,4833.022728100303,0.07642397015190106
52685,0.15670691417727717,4301.864950325651,13964.195432929131,9183.411258075845,4780.7841748532865,0.076428784280992
52690,0.1567217862389814,4385.10939953962,13942.583431569265,9213.861355746003,4728.722075823262,0.07638750044426501
52695,0.1567366583006856,4463.385087250326,13924.092482336155,9246.751399028133,4677.341083308022,0.07630253013556998
52700,0.1567515303623898,4536.329201991033,13908.77189629014,9281.660194690177,4627.1117015999625,0.07618236773228
52705,0.156766402424094,4603.773342709448,13896.547243222134,9318.090904232477,4578.4563389896575,0.07618363969971667
52710,0.15678127448579823,4665.742392904138,13887.223649419042,9355.485894720865,4531.737754698177,0.07613907305195992
52715,0.15679614654750243,4722.4390475314885,13880.494999354816,9393.244946376533,4487.250052978283,0.07605118013232559
52720,0.15681101860920665,4774.216290253422,13875.958443233247,9430.746255251432,4445.212187981815,0.0759598739836559
52725,0.15682589067091085,4821.5408950685905,13873.133323706239,9467.369480389389,4405.76384331685,0.0758990906416485
52730,0.15684076273261507,4864.951424235322,13871.483456404969,9502.519906048356,4368.963550356613,0.07585275249967435
52735,0.1568556347943193,4905.01430149571,13870.441625840358,9535.652635460858,4334.7889903795,0.07582251845781213
52740,0.1568705068560235,4942.281420182278,13869.435163619082,9566.295622541797,4303.139541077286,0.07578985120627713
52745,0.15688537891772772,4977.252403155873,13867.911521313055,9594.07030570048,4273.841215612576,0.07571528778818583
52750,0.15690025097943192,5010.34403323227,13865.362800520259,9618.70865863232,4246.654141887939,0.07560313509510015
52755,0.15691512304113614,5041.868518429257,13861.348238657158,9640.065634905688,4221.28260375147,0.07561526888340667
52760,0.15692999510284034,5072.0212366953765,13855.513674312804,9658.126258635448,4197.387415677356,0.07558838186892135
52765,0.15694486716454456,5100.87760413327,13847.607054834412,9673.006980803302,4174.60007403111,0.07552004473279271
52770,0.15695973922624876,5128.397941280421,13837.489136225891,9684.951333888166,4152.537802337725,0.07541408094742623
52775,0.15697461128795298,5154.438817415496,13825.138694110034,9694.320314089146,4130.818380020888,0.07538105299804901
52780,0.15698948334965718,5178.769339436368,13810.651831358915,9701.578238219123,4109.073593139792,0.07536089161336347
52785,0.1570043554113614,5201.09109208417,13794.235326397948,9707.275016753147,4086.960309644801,0.07529898002638852
52790,0.15701922747306563,5221.060741533246,13776.194384406623,9712.025841778255,4064.1685426283675,0.07519865516336097
52795,0.15703409953476982,5238.314534268502,13756.915580250581,9716.48922789305,4040.426352357532,0.0751184146339555
52800,0.15704897159647405,5252.494010491313,13736.846156423451,9721.344208370183,4015.5019480532683,0.07533270949830984
52805,0.15706384365817824,5263.272254685428,13716.47110476143,9727.267329362405,3989.2037753990244,0.07556205534230145
52810,0.15707871571988247,5270.379999079262,13696.289576748246,9734.90994559058,3961.379631157666,0.07582057549087035
52815,0.15709358778158666,5273.630895621614,13676.792119044912,9744.876229827156,3931.9158892177566,0.07612527396968616
52820,0.1571084598432909,5272.945212650955,13658.44003250927,9757.702275890922,3900.7377566183477,0.07639078629887636
52825,0.15712333190499508,5268.371000720498,13641.647843905545,9773.836697123956,3867.811146781589,0.07661644538053786
52830,0.1571382039666993,5260.101390300215,13626.769514911532,9793.623186194132,3833.1463287173992,0.07680187629136907
52835,0.1571530760284035,5248.486256766949,13614.088650591691,9817.28558766693,3796.8030629247623,0.07708091042036835
52840,0.15716794809010773,5234.036252172628,13603.812657149798,9844.916117191073,3758.896539958725,0.07734342385346925
52845,0.15718282015181195,5217.417390837387,13596.070566063861,9876.46741248301,3719.6031535808506,0.0775689140990118
52850,0.15719769221351615,5199.435088486345,13590.914096952534,9911.749095135658,3679.1650018168766,0.07775719400684578
52855,0.15721256427522037,5181.007704739165,13588.32146440041,9950.429439442882,3637.8920249575276,0.07796501734830345
52860,0.15722743633692457,5163.130982303108,13588.203422092396,9992.04257816761,3596.1608439247866,0.07822704926780655
52865,0.1572423083986288,5146.8360041225105,13590.411054586426,10036.00143325039,3554.4096213360353,0.07845466538640283
52870,0.157257180460333,5133.144132342808,13594.744850832238,10081.616261893603,3513.1285889386345,0.07864774198329531
52875,0.15727205252203721,5123.022702714997,13600.964611571515,10128.11838267421,3472.846228897304,0.0788062861748492
52880,0.1572869245837414,5117.345028550187,13608.799754207268,10174.688321315383,3434.1114328918848,0.07904003612786203
52885,0.15730179664544564,5116.857636058832,13617.959592328834,10220.487317619674,3397.47227470916,0.07927027130280451
52890,0.15731666870714983,5122.15675304814,13628.143195957347,10264.690885263512,3363.452310693836,0.07946777957569946
52895,0.15733154076885406,5133.675019835548,13639.048494258728,10306.522931466563,3332.525562792165,0.07963233561921379
52900,0.15734641283055828,5151.678281350587,13650.3803697102,10345.288837301212,3305.0915324089874,0.07979373345286926
52905,0.15736128489226248,5176.271286470997,13661.857607015241,10380.405882613903,3281.4517244013387,0.0800250315416365
52910,0.1573761569539667,5207.410345469202,13673.218687821594,10411.429480527571,3261.789207294023,0.0802241664797136
52915,0.1573910290156709,5244.920631335834,13684.226543328212,10438.073868788852,3246.1526745393603,0.08039065071240148
52920,0.15740590107737512,5288.515876395079,13694.672468281087,10460.226183815475,3234.446284465612,0.08052403650025217
52925,0.15742077313907932,5337.81857558922,13704.379441178917,10477.953200755406,3226.4262404235105,0.08069447319751952
52930,0.15743564520078354,5392.3792440532625,13713.205074230353,10491.500428499596,3221.704645730757,0.08088969871804715
52935,0.15745051726248774,5451.693610342758,13721.04433284408,10501.28366156604,3219.76067127804,0.08105157268133703
52940,0.15746538932419196,5515.216798503224,13727.832033754627,10507.873468737702,3219.9585650169247,0.08117939772369295
52945,0.15748026138589616,5582.373631331162,13733.54498255894,10511.973407741038,3221.5715748179027,0.08127245222367296
52950,0.15749513344760038,5652.564324861607,13738.203481992334,10514.39297964606,3223.810502346274,0.08140549100579227
52955,0.1575100055093046,5725.165191980661,13741.871865774745,10516.0164788355,3225.8553869392454,0.08155363561698512
52960,0.1575248775710088,5799.524600424416,13744.65771035985,10517.768971460928,3226.8887388989224,0.08166598984422739
52965,0.15753974963271303,5874.955270866989,13746.709450168133,10520.580669240175,3226.1287809279584,0.0817415294329178
52970,0.15755462169441722,5950.724864775297,13748.212253067495,10525.350973769868,3222.8612792976273,0.08177919632054126
52975,0.15756949375612145,6026.047455373379,13749.382170900511,10532.91345695872,3216.468713941791,0.08190248756191658
52980,0.15758436581782564,6100.078694902856,13750.45873112167,10544.003014085409,3206.4557170362605,0.0820843181521954
52985,0.15759923787952987,6171.9171939120415,13751.696254073346,10559.226370141114,3192.469883932232,0.08223460952352743
52990,0.15761410994123407,6240.613850994177,13753.35425446121,10579.037030153022,3174.317224308188,0.08235361298931325
52995,0.1576289820029383,6305.189752437073,13755.687319042538,10603.715636375473,3151.9716826670647,0.08255150722357023
53000,0.15764385406464249,6364.661983731837,13758.934860157042,10633.356531269492,3125.57832888755,0.08271651770028648
53005,0.1576587261263467,6418.075439744824,13763.311144876881,10667.861131678284,3095.450013198597,0.08284709592961711
53010,0.15767359818805093,6464.537651984898,13768.996005874682,10706.938505256016,3062.0575006186664,0.08294178647553428
53015,0.15768847024975513,6503.252924153727,13776.126655993728,10750.113312144777,3026.013343848952,0.08300298103988366
53020,0.15770334231145935,6533.5518301815455,13784.791045157988,10796.741036050302,2988.0500091076865,0.0831374897816275
53025,0.15771821437316355,6554.912497520599,13795.023197577058,10846.030178116049,2948.9930194610097,0.08323319531993759
53030,0.15773308643486778,6566.971100461828,13806.800927854834,10897.070822983698,2909.730104871136,0.0832886359605281
53035,0.15774795849657197,6569.5205104190345,13820.046239949104,10948.868712698704,2871.1775272504,0.08330271134441003
53040,0.1577628305582762,6562.497829580655,13834.628557935655,11000.383692621559,2834.2448653140964,0.08327479650907749
53045,0.1577777026199804,6545.963212651334,13850.370732517098,11050.57114413627,2799.799588380829,0.08323986392519957
53050,0.15779257468168462,6520.073612139589,13867.057537279448,11098.42481438557,2768.632722893879,0.08323587694371386
53055,0.1578074467433888,6485.0556375575015,13884.446148525152,11143.019312029606,2741.426836495546,0.08326258685854875
53060,0.15782231880509304,6441.181549116604,13902.277928036143,11183.550468990556,2718.7274590455872,0.08339459910165055
53065,0.15783719086679726,6388.751626182527,13920.29072797037,11219.371770630207,2700.9189573401636,0.083488956144832
53070,0.15785206292850146,6328.084963079167,13938.230925372824,11250.02512547496,2688.2057998978635,0.08354493787023959
53075,0.15786693499020568,6259.519359453243,13955.864467195195,11275.264378798174,2680.600088397021,0.08356228668058474
53080,0.15788180705190988,6183.419561772923,13972.986346059743,11295.070179491348,2677.916166568395,0.08354125864054306
53085,0.1578966791136141,6100.191818372644,13989.428103168395,11309.65510243231,2679.773000736084,0.08355845915150514
53090,0.1579115511753183,6010.301675961439,14005.063136898509,11319.458324939857,2685.604811958652,0.08356624747513948
53095,0.15792642323702252,5914.291324673635,14019.80975905896,11325.129659960226,2694.680099098734,0.08353445396449367
53100,0.15794129529872672,5812.7927265328235,14033.632071863942,11327.503341827847,2706.1287300360946,0.0834642354660621
53105,0.15795616736043094,5706.533297246322,14046.53883519191,11327.562597552114,2718.9762376397957,0.08335730733011713
53110,0.15797103942213514,5596.331991962817,14058.580562054765,11326.396651181873,2732.1839108728927,0.08329290892945514
53115,0.15798591148383936,5483.085089324128,14069.845130249516,11325.15232737434,2744.6928028751754,0.08332321746274572
53120,0.1580007835455436,5367.742517570745,14080.452238448654,11324.982780388365,2755.469458060288,0.08338353907160989
53125,0.15801565560724778,5251.276957703909,14090.547068780057,11326.996039678022,2763.5510291020346,0.08345212375650633
53130,0.158030527668952,5134.648982472743,14100.293542040705,11332.20602793629,2768.0875141044144,0.08348296999334216
53135,0.1580453997306562,5018.772023566569,14109.867557326048,11341.488493817546,2768.3790635085024,0.08347628264596238
53140,0.15806027179236043,4904.480972704721,14119.450584589478,11355.543947538436,2763.9066370510427,0.08343286087365469
53145,0.15807514385406463,4792.507762223152,14129.223919470385,11374.869236006696,2754.354683463689,0.08335406031989506
53150,0.15809001591576885,4683.466434167304,14139.363815438639,11399.738884737968,2739.624930700671,0.0832417204708637
53155,0.15810488797747305,4577.849110905084,14150.03758947629,11430.196800305335,2719.840789170954,0.08317973557618831
53160,0.15811976003917727,4476.033043237897,14161.400672810592,11466.058397413013,2695.342275397579,0.08319261980483096
53165,0.15813463210088147,4378.297649032074,14173.594469603133,11506.922713049078,2666.671756554055,0.08326810374036582
53170,0.1581495041625857,4284.849287070244,14186.74481339934,11552.193618454103,2634.5511949452375,0.08330384071946755
53175,0.15816437622428992,4195.850566955844,14200.960785164647,11601.10885728845,2599.851927876198,0.08329782236969153
53180,0.1581792482859941,4111.45040577979,14216.333679348774,11652.775340858749,2563.5583384900256,0.08325134898191895
53185,0.15819412034769834,4031.810908676016,14232.935966860852,11706.208928218028,2526.7270386428245,0.08316650386949373
53190,0.15820899240940253,3957.127521000024,14250.820190113165,11760.376813544837,2490.443376568328,0.08310532316550123
53195,0.15822386447110676,3887.6397466378876,14270.017815713274,11814.240632862471,2455.777182850803,0.08314190941057657
53200,0.15823873653281095,3823.6309450452654,14290.538145986244,11866.798479129458,2423.7396668567853,0.08313734774453406
53205,0.15825360859451518,3765.4171440373175,14312.367436840419,11917.1241667132,2395.243270127219,0.08309312169837738
53210,0.15826848065621937,3713.3262395749725,14335.468379344107,11964.402296390146,2371.066082953961,0.08301143992891843
53215,0.1582833527179236,3667.670198811904,14359.780076965695,12007.957920787363,2351.822156178332,0.08289508714625052
53220,0.1582982247796278,3628.713760618175,14385.218598698386,12047.279877955956,2337.9387207424297,0.08274724545959412
53225,0.15831309684133202,3596.643502971763,14411.6781246664,12082.037131396273,2329.6409932701263,0.08264692167076551
53230,0.15832796890303624,3571.540952450201,14439.032642069487,12112.087718244022,2326.9449238254656,0.08261432692359416
53235,0.15834284096474044,3553.36268119331,14467.138111040957,12137.48016081588,2329.657950225077,0.0826108282863645
53240,0.15835771302644466,3541.9292198517287,14495.835013202272,12158.4474443238,2337.387568878472,0.08256680036259699
53245,0.15837258508814886,3536.9233533912284,14524.95122388141,12175.393912551339,2349.5573113300707,0.08248471254868218
53250,0.15838745714985308,3537.897226501962,14554.30520590673,12188.875687950384,2365.429517956347,0.08236759330323763
53255,0.15840232921155728,3544.2868689415045,14583.709592374114,12199.57547838871,2384.134113985405,0.08227610681453566
53260,0.1584172012732615,3555.432329499841,14612.975283654867,12208.272873701948,2404.702409952919,0.08226549334154176
53265,0.1584320733349657,3570.601511233388,14641.91620400244,12215.811437225126,2426.1047667773146,0.08221542016994048
53270,0.15844694539666992,3589.015876499003,14670.35482514362,12223.064036198817,2447.2907889448034,0.0821280731753234
53275,0.15846181745837412,3609.8762884134085,14698.128462395276,12230.897913761846,2467.23054863343,0.0820061259467497
53280,0.15847668952007835,3632.387307427267,14725.09619583514,12240.140979753145,2484.955216081995,0.08185265979174781
53285,0.15849156158178257,3655.778303913952,14751.146094403337,12251.550694406444,2499.5953999968933,0.08172155584732885
53290,0.15850643364348677,3679.319886252202,14776.202262612713,12265.786750832025,2510.4155117806877,0.08165744121125251
53295,0.158521305705191,3702.3344856436834,14800.231123271695,12283.388541535825,2516.8425817358693,0.08155622107723919
53300,0.1585361777668952,3724.2005297538617,14823.24631863686,12304.758131302246,2518.488187334615,0.08142044390182109
53305,0.1585510498285994,3744.3504350454805,14845.31166295541,12330.149163444179,2515.1624995112306,0.08125300646292198
53310,0.1585659218903036,3762.2635342808535,14866.541701780401,12359.661813116032,2506.879888664369,0.08105706645610486
53315,0.15858079395200783,3777.4558690390168,14887.099606948334,12393.243592689281,2493.8560142590522,0.08088889743524898
53320,0.15859566601371203,3789.469347430886,14907.192335745027,12430.695539365943,2476.496796379084,0.08076575722038198
53325,0.15861053807541625,3797.8629469025364,14927.063184716306,12471.6831040496,2455.380080666706,0.08060864936997629
53330,0.15862541013712045,3802.2083347755834,14946.982054009843,12515.750934683518,2431.231119326325,0.08042054014571934
53335,0.15864028219882467,3802.0914671208266,14967.233894415973,12562.340713775602,2404.8931806403707,0.08020460788691698
53340,0.1586551542605289,3797.120496774991,14988.105929503023,12610.811257982552,2377.2946715204707,0.07996416404558039
53345,0.1586700263222331,3786.938876195445,15009.874327154821,12660.460191255823,2349.414135898998,0.07970256121331289
53350,0.15868489838393732,3771.241180385354,15032.791038705136,12710.546626731377,2322.2444119737593,0.07951304600403523
53355,0.1586997704456415,3749.7882361663123,15057.07153084481,12760.314400429997,2296.757130414813,0.07930457237304826
53360,0.15871464250734574,3722.417905315411,15082.884105537109,12809.015464649816,2273.8686408872927,0.07907129456259507
53365,0.15872951456904993,3689.0484517537825,15110.341434522137,12855.933058066636,2254.4083764555016,0.07890140191240842
53370,0.15874438663075416,3649.6727337611555,15139.49482485774,12900.404227027058,2239.090597830682,0.07873285541961507
53375,0.15875925869245835,3604.3432136722786,15170.331579032818,12941.841195807961,2228.4903832248565,0.07858626310346875
53380,0.15877413075416258,3553.1495809858243,15202.775620866965,12979.750997555622,2223.024623311343,0.07843031321808468
53385,0.15878900281586678,3496.1922716314093,15236.69133731455,13013.752706256353,2222.9386310581976,0.07826476842357606
53390,0.158803874877571,3433.5560780454307,15271.890355151942,13043.591570963106,2228.2987841888353,0.07808966947686848
53395,0.15881874693927522,3365.288265015686,15308.14075545292,13069.149355301224,2238.9914001516954,0.07790507560808825
53400,0.15883361900097942,3291.385136774419,15345.17805541598,13090.450230596754,2254.727824819225,0.07771106603111334
53405,0.15884849106268364,3211.789926860538,15382.717181415988,13107.661661446524,2275.0555199694645,0.0775077415540185
53410,0.15886336312438784,3126.403349486214,15420.464635569786,13121.089862911402,2299.3747726583842,0.07729522613781517
53415,0.15887823518609206,3035.1063639712156,15458.1301242378,13131.169606671514,2326.9605175662855,0.07707366821373463
53420,0.15889310724779626,2937.7929206468216,15495.437059500207,13138.448415220453,2356.988644279754,0.07684324155821311
53425,0.15890797930950049,2834.4089585463917,15532.13153894172,13143.565504142036,2388.5660347996836,0.07660414554828915
53430,0.15892285137120468,2724.9929603999826,15567.98962152575,13147.226191309774,2420.7634302159768,0.07635660467469883
53435,0.1589377234329089,2609.713089230412,15602.82291240533,13150.17284884509,2452.6500635602406,0.07610086726212964
53440,0.1589525954946131,2488.896353059881,15636.482617257327,13153.153777697804,2483.3288395595227,0.0758372034181776
53445,0.15896746755631733,2363.0462637086475,15668.86230861925,13156.891585938096,2511.9707226811533,0.07556590229088099
53450,0.15898233961802155,2232.8468815317283,15699.899658730263,13162.052715876725,2537.8469428535373,0.07531105336678959
53455,0.15899721167972575,2099.1527431479735,15729.577345150416,13169.219682759544,2560.357662390872,0.07505066513808872
53460,0.15901208374142997,1962.9657326341166,15757.92324669449,13178.867376119151,2579.055870575339,0.07478296253755001
53465,0.15902695580313417,1825.401291352171,15785.009941945988,13191.344470154918,2593.6654717910696,0.07450825348972435
53470,0.1590418278648384,1687.6473297653483,15810.953424040907,13206.860635256831,2604.0927887840753,0.07422685539650468
53475,0.1590566999265426,1550.9197260337096,15835.910872089293,13225.479878864562,2610.4309932247306,0.07393909074130559
53480,0.1590715719882468,1416.4183486892616,15860.077284008668,13247.120001029723,2612.957282978945,0.07398122330236755
53485,0.159086444049951,1285.287159407566,15883.68078421391,13271.557850163896,2612.122934050014,0.07411007797068137
53490,0.15910131611165523,1158.5812231883192,15906.976473112267,13298.43982349522,2608.5366496170464,0.07424338713932127
53495,0.15911618817335943,1037.2425008413193,15930.238778707157,13327.296886579317,2602.9418921278393,0.07437021702191206
53500,0.15913106023506365,922.085262153747,15953.752392987255,13357.563292507113,2596.189100480142,0.07449065495088769
53505,0.15914593229676788,813.7909648312489,15977.802011799895,13388.598160259664,2589.203851540231,0.07460472698437513
53510,0.15916080435847207,712.9115885223509,16002.661229055278,13419.70910662736,2582.952122427918,0.07471238907873044
53515,0.1591756764201763,619.8797447967117,16028.581048454802,13450.177190436694,2578.4038580181077,0.0748135264710266
53520,0.1591905484818805,535.0234160959117,16055.778557111458,13479.282490402959,2576.4960667084997,0.0749079601450433
53525,0.15920542054358472,458.58290562311595,16084.426350069425,13506.329672277516,2578.0966777919093,0.07502274746205213
53530,0.15922029260528892,390.72751189414885,16114.643302475231,13530.672893286874,2583.9704091883577,0.07515131117533087
53535,0.15923516466699314,331.5696034916218,16146.487259115263,13551.739345498292,2594.7479136169713,0.07527291474562968
53540,0.15925003672869734,281.174198210716,16179.950151030216,13569.050673855409,2610.8994771748075,0.07538723809455296
53545,0.15926490879040156,239.56285277822644,16214.95595580931,13582.241448138724,2632.7145076705856,0.07549393354428878
53550,0.15927978085210576,206.71158161352832,16251.361790124141,13591.073850871984,2660.2879392521572,0.0755926492309579
53555,0.15929465291380998,182.54349942311092,16288.962258862926,13595.447788689558,2693.514470173368,0.07568305329050241
53560,0.1593095249755142,166.9177282888195,16327.496987762048,13595.405755440983,2732.091232321065,0.07576485540745752
53565,0.1593243970372184,159.6166513070766,16366.661046270625,13591.131973236343,2775.529073034282,0.07587432078170857
53570,0.15933926909892263,160.33374869869476,16406.117744672323,13582.945604862965,2823.1721398093578,0.07598295236375632
53575,0.15935414116062682,168.66405790757926,16445.51309261224,13571.288151828054,2874.2249407841864,0.07608418091578589
53580,0.15936901322233105,184.09888844375382,16484.491066328686,13556.705502169661,2927.785564159025,0.07617789009844106
53585,0.15938388528403524,206.02594639795643,16522.708774867944,13539.825437805097,2982.883337062847,0.07626401991500524
53590,0.15939875734573947,233.7355739975028,16559.850653160327,13521.331712392597,3038.51894076773,0.07634256967633574
53595,0.15941362940744366,266.43338370833953,16595.64093510784,13501.936027216369,3093.7049078914715,0.07643389572426092
53600,0.1594285014691479,303.2590932001949,16629.85384801482,13482.349334193877,3147.5045138209425,0.07653207969558143
53605,0.15944337353085208,343.3107808590157,16662.321185482164,13463.253871142193,3199.067314339971,0.07662337208034603
53610,0.1594582455925563,385.67308770220734,16692.937123560354,13445.277198288935,3247.6599252714186,0.07670786374103282
53615,0.15947311765426053,429.4471966663841,16721.660317942096,13428.969289814848,3292.6910281272485,0.07678565938954166
53620,0.15948798971596473,473.77989765393977,16748.513445353034,13414.783481629718,3333.7299637233154,0.07685686703253664
53625,0.15950286177766895,517.888867572814,16773.580430310005,13403.061822960195,3370.51860734981,0.07692158886820524
53630,0.15951773383937315,561.0815604035779,16797.00163794084,13394.025146557758,3402.9764913830822,0.0769799154847338
53635,0.15953260590107737,602.7658070815596,16818.96732720783,13387.767966870717,3431.199360337112,0.07703192382591757
53640,0.15954747796278157,642.4512642844384,16839.70965914686,13384.258134643795,3455.451524503067,0.07710895646047532
53645,0.1595623500244858,679.7420568392881,16859.49355215189,13383.341016839777,3476.1525353121124,0.07718043120414576
53650,0.15957722208619,714.3221387262365,16878.606678181775,13384.747833926262,3493.8588442555138,0.07724591015916424
53655,0.15959209414789421,745.9358672237231,16897.348902812228,13388.107678043554,3509.2412247686734,0.0773177253037183
53660,0.1596069662095984,774.3668827035835,16916.021485950547,13392.962661015481,3523.058824935066,0.07742203332260532
53665,0.15962183827130264,799.4184954363864,16934.916371661904,13398.785601409725,3536.130770252179,0.07752164240387212
53670,0.15963671033300686,820.8983524926734,16954.30589573347,13404.9996490534,3549.3062466800693,0.07761640640613177
53675,0.15965158239471106,838.6092418852968,16974.433221078532,13410.999252157419,3563.433968921114,0.07770617127704368
53680,0.15966645445641528,852.346649013436,16995.50377258963,13416.171883042365,3579.331889547264,0.07779076884771592
53685,0.15968132651811948,861.902368108802,17017.677890819254,13419.919941545344,3597.7579492739096,0.07787001220833477
53690,0.1596961985798237,867.0723814476896,17041.064870001555,13421.68224396229,3619.3826260392652,0.07796688555370253
53695,0.1597110706415279,867.66659876226,17065.718503640128,13420.954480267388,3644.7640233727398,0.07806038488011705
53700,0.15972594270323212,863.5180212572395,17091.634238894276,13417.307991713675,3674.326247180601,0.07814772695624764
53705,0.15974081476493632,854.4894201735242,17118.748039425795,13410.40619907029,3708.3418403555042,0.07822862903235957
53710,0.15975568682664054,840.4765208101398,17146.93706580085,13400.0180155096,3746.919050291248,0.07830278150245022
53715,0.15977055888834474,821.4077108816564,17176.02228664003,13386.027621898405,3789.9946647416236,0.07836985072050578
53720,0.15978543095004896,797.2412090335874,17205.773114507112,13368.440073381435,3837.3330411256775,0.07843599915149319
53725,0.1598003030117532,767.9612627664555,17235.914104406278,13347.382343580517,3888.531760825761,0.07851100371696682
53730,0.15981517507345738,733.5752041982923,17266.13365509171,13323.099588028974,3943.0340670627374,0.07857769164727475
53735,0.1598300471351616,694.1130584419079,17296.09452097563,13295.94661027248,4000.147910703148,0.07863565693711753
53740,0.1598449191968658,649.6309138355718,17325.445792508533,13266.374732040465,4059.071060468068,0.07868450220833291
53745,0.15985979125857003,600.2185202059518,17353.83585976241,13234.914495152714,4118.921364609696,0.0787238506805424
53750,0.15987466332027422,546.0107211887134,17380.92576315411,13202.154849702309,4178.770913451803,0.07876510719203726
53755,0.15988953538197845,487.2015157777478,17406.402277655707,13168.71969845917,4237.682579196537,0.0788066511576464
53760,0.15990440744368264,424.0589390208552,17429.990083024833,13135.242851776671,4294.747231248162,0.0788522590695047
53765,0.15991927950538687,356.9386566584071,17451.462440346615,13102.342574734375,4349.11986561224,0.07894121990160224
53770,0.15993415156709107,286.29421324750547,17470.64991012002,13070.596953441423,4400.052956678597,0.07902199185837422
53775,0.1599490236287953,212.68221186779738,17487.446786892277,13040.5212551353,4446.925531756977,0.07909436204096967
53780,0.1599638956904995,136.7612437137832,17501.815065835868,13012.548309767526,4489.266756068342,0.0791581455698748
53785,0.1599787677522037,59.28402273831671,17513.785877753227,12987.012721693134,4526.773156060093,0.07921652841394007
53790,0.15999363981390793,-18.91717436233739,17523.458419320756,12964.139464956055,4559.3189543647,0.07929095474587297
53795,0.16000851187561213,-96.95106959400255,17530.996463784948,12944.037162069879,4586.959301715069,0.07935652853368487
53800,0.16002338393731635,-173.89275002543036,17536.62257145672,12926.696121295943,4609.926450160776,0.07941301124140993
53805,0.16003825599902055,-248.81225291193368,17540.610143109807,12911.991021286945,4628.619121822861,0.07946012741078995
53810,0.16005312806072478,-320.80452705462994,17543.273488588555,12899.687979570157,4643.585509018398,0.07949755466841348
53815,0.16006800012242897,-389.0188219284846,17544.956131345993,12889.45561066078,4655.500520685213,0.07955614299403262
53820,0.1600828721841332,-452.68560854858697,17546.017645031647,12880.87956145684,4665.138083574806,0.07960517968111387
53825,0.1600977442458374,-511.1393405119961,17546.819419516574,12873.479905264203,4673.339514252371,0.07964348138509313
53830,0.16011261630754162,-563.835695522579,17547.70986937135,12866.73068891273,4680.979180458618,0.07967044047212252
53835,0.16012748836924584,-610.3623610482828,17549.00970745557,12860.080870260937,4688.928837194633,0.07970769178326856
53840,0.16014236043095004,-650.4429047201556,17550.997984911388,12852.975862508778,4698.02212240261,0.07974693308139819
53845,0.16015723249265426,-683.9337727098991,17553.89962394244,12844.878915718771,4709.02070822367,0.0797730962324107
53850,0.16017210455435846,-710.8149692719089,17557.875128378757,12835.29160529172,4722.583523087036,0.07978533393691982
53855,0.16018697661606268,-731.1754689628287,17563.013050567708,12823.772748459225,4739.240302108483,0.07981334229901041
53860,0.16020184867776688,-745.1948632792646,17569.325637248858,12809.955121416331,4759.3705158325265,0.07983856262579214
53865,0.1602167207394711,-753.1230818192453,17576.747896237892,12793.55939657099,4783.188499666901,0.07984782802852511
53870,0.1602315928011753,-755.2601744725253,17585.14014508412,12774.40476559413,4810.735379489988,0.07984299523429343
53875,0.16024646486287952,-751.938030849884,17594.29394006193,12752.415771235295,4841.878168826634,0.0798683070578313
53880,0.16026133692458372,-743.505534127502,17603.94114465699,12727.624954303945,4876.316190353045,0.07987587158655354
53885,0.16027620898628794,-730.3180612564829,17613.765775270083,12700.17104508493,4913.594730185154,0.07986473426430782
53890,0.16029108104799217,-712.7315744699827,17623.4181458708,12670.292597910377,4953.125547960424,0.07986271756635038
53895,0.16030595310969636,-691.1009410595743,17632.530712131873,12638.317182328832,4994.213529803041,0.0798720349113436
53900,0.1603208251714006,-665.781671393659,17640.734887720806,12604.646494265875,5036.088393454931,0.07986132521553387
53905,0.16033569723310478,-637.1340062850504,17647.677983896025,12569.738017353817,5077.939966542208,0.07987638794503367
53910,0.160350569294809,-605.5281735202316,17653.039334178957,12534.084122534123,5118.955211644834,0.07989191675694979
53915,0.1603654413565132,-571.3496055151008,17656.54464094134,12498.189711619792,5158.354929321549,0.0798888611286214
53920,0.16038031341821743,-535.0029318575434,17657.977647547374,12462.549653805132,5195.427993742242,0.07991424817130477
53925,0.16039518547992163,-496.91365573765324,17657.188409991155,12427.627302862584,5229.561107128571,0.0799333153536556
53930,0.16041005754162585,-457.52665498974784,17654.09770524032,12393.835298849628,5260.262406390693,0.07993276748066548
53935,0.16042492960333005,-417.3010683391112,17648.697437662075,12361.5196532975,5287.177784364574,0.0799116745083833
53940,0.16043980166503427,-376.70171885243326,17641.047243598932,12330.947816612605,5310.099426986328,0.07993835068720902
53945,0.1604546737267385,-336.18788866844443,17631.267798488643,12302.301076272757,5328.966722215886,0.07994655986638463
53950,0.1604695457884427,-296.2008321969679,17619.531560165044,12275.671288976839,5343.860271188205,0.07993319571088073
53955,0.16048441785014692,-257.1517453566448,17606.05181155046,12251.061658654007,5354.990152896453,0.0799186342501295
53960,0.1604992899118511,-219.41190947781433,17591.070889623985,12228.391066839382,5362.679822784603,0.07994202092210116
53965,0.16051416197355534,-183.30640853547993,17574.848415992954,12207.50135062289,5367.347065370064,0.07994262427056736
53970,0.16052903403525953,-149.11226687559065,17557.650201025837,12188.166893667454,5369.483307358383,0.07991908193032822
53975,0.16054390609696376,-117.06119512273835,17539.738309187538,12170.10592268918,5369.632386498359,0.07992284766469379
53980,0.16055877815866795,-87.34647870176377,17521.362580176792,12152.992958224993,5368.369621951799,0.07994250618007044
53985,0.16057365022037218,-60.13297751524624,17502.753726580922,12136.471932876446,5366.2817937044765,0.07993616692411626
53990,0.16058852228207637,-35.56878090204373,17484.11799231166,12120.169549846252,5363.948442465409,0.07990221659452745
53995,0.1606033943437806,-13.796824224544253,17465.633263231888,12103.708505238556,5361.924757993333,0.07992498027815115
54000,0.16061826640548482,5.035232581991295,17447.446466961315,12086.720240837461,5360.726226123854,0.07993925559851463
