step,time_s,vortex_signal_pa,p_upstream_pa,p_downstream_pa,pressure_drop_pa,max_lattice_velocity
30000,0.08923237022526934,-6314.229865875638,7898.931438423308,4273.980231644206,3624.951206779102,0.07574662655195645
30005,0.08924724228697355,-6299.9234390400725,7925.650462181403,4302.958056920601,3622.692405260802,0.07576532044419423
30010,0.08926211434867776,-6278.281682190211,7952.020890724159,4332.969767666799,3619.0511230573593,0.07578553493374146
30015,0.08927698641038197,-6249.266687605675,7978.194154163124,4363.5845929862,3614.609561176924,0.07580701384340505
30020,0.08929185847208619,-6213.02880681443,8004.3393712464,4394.309446006751,3610.029925239649,0.0758294479874092
30025,0.0893067305337904,-6169.892294121803,8030.63211857953,4424.603966086728,3606.0281524928014,0.07585380201860052
30030,0.08932160259549461,-6120.330914820164,8057.241789246071,4453.898156357113,3603.3436328889575,0.0758855085223433
30035,0.08933647465719882,-6064.93719939437,8084.318428175495,4481.612085484709,3602.706342690786,0.07591752308047892
30040,0.08935134671890303,-6004.389252768559,8111.980029319392,4507.176941171796,3604.803088147596,0.07594949540062317
30045,0.08936621878060724,-5939.418765197189,8140.301301200413,4530.056594294906,3610.244706905507,0.07598103763747197
30050,0.08938109084231145,-5870.783187733194,8169.304843107319,4549.76877492634,3619.53606818098,0.07601173495598393
30055,0.08939596290401566,-5799.244050036663,8198.955521475988,4565.904974847173,3633.050546628814,0.07604115734316931
30060,0.08941083496571987,-5725.552276101296,8229.158602771597,4578.148257934514,3651.010344837083,0.07606887207671434
30065,0.08942570702742408,-5650.440278419791,8259.76190580664,4586.288252703186,3673.473653103453,0.07609445618739646
30070,0.0894405790891283,-5574.619746083107,8290.56191429974,4590.2326959708835,3700.3292183288568,0.07611750826451989
30075,0.08945545115083252,-5498.783490366099,8321.313475960698,4590.014983312339,3731.2984926483596,0.07613765903937181
30080,0.08947032321253673,-5423.609496649446,8351.742441170198,4585.79726877848,3765.9451723917173,0.07615839586464979
30085,0.08948519527424094,-5349.765407638649,8381.560386025974,4577.868764253363,3803.691621772611,0.07618553077241201
30090,0.08950006733594515,-5277.91194197004,8410.480432263652,4566.639038768658,3843.841393494994,0.07620996118128283
30095,0.08951493939764936,-5208.704140236959,8438.233120756004,4552.626319041897,3885.606801714107,0.07623149198433903
30100,0.08952981145935357,-5142.789753307212,8464.581310872669,4536.4410346023105,3928.1402762703583,0.07624996663240641
30105,0.08954468352105778,-5080.804502709759,8489.333158884236,4518.765108651701,3970.568050232535,0.07626526741263646
30110,0.08955955558276199,-5023.364334179046,8512.352369045495,4500.3277377980285,4012.0246312474665,0.07627731349631502
30115,0.0895744276444662,-4971.055148952962,8533.565103784234,4481.878603868123,4051.6864999161116,0.07628605701484167
30120,0.08958929970617041,-4924.4208217293535,8552.963173108461,4464.159604990162,4088.803568118299,0.0762914776640394
30125,0.08960417176787462,-4883.950567104746,8570.603381600455,4447.876278833682,4122.727102766773,0.07630593920792227
30130,0.08961904382957885,-4850.066844634107,8586.603174227075,4433.670122786744,4152.933051440331,0.07632355517840124
30135,0.08963391589128306,-4823.114940694559,8601.132969431508,4422.092999127894,4179.039970303615,0.07633867604112658
30140,0.08964878795298727,-4803.355102435511,8614.405780951533,4413.584750785131,4200.821030166401,0.0763512461646406
30145,0.08966366001469148,-4790.957646224256,8626.66489231412,4408.455045822235,4218.209846491885,0.07636121042431182
30150,0.08967853207639569,-4786.000900683308,8638.17044636781,4406.87031815335,4231.3001282144605,0.0763685163212195
30155,0.0896934041380999,-4788.471296253292,8649.18583679988,4408.846482264205,4240.339354535674,0.0763784272786581
30160,0.08970827619980411,-4798.264509849844,8659.964736582742,4414.247877628376,4245.716858954366,0.07639348137267618
30165,0.08972314826150832,-4815.186412957355,8670.739477112824,4422.792650640604,4247.94682647222,0.07640549382978526
30170,0.08973802032321253,-4838.952692659599,8681.711319512102,4434.06451289693,4247.646806615172,0.07641521329106869
30175,0.08975289238491674,-4869.186391137078,8693.04296143376,4447.530526611538,4245.5124348222225,0.07643031880738718
30180,0.08976776444662095,-4905.413165650962,8704.853424839459,4462.564263612272,4242.289161227187,0.07644295812033777
30185,0.08978263650832517,-4947.054711252616,8717.215292564495,4478.473372208504,4238.741920355991,0.07646407979326797
30190,0.08979750857002938,-4993.421418787974,8730.15411545569,4494.530286383492,4235.6238290721985,0.0764835369519686
30195,0.0898123806317336,-5043.705879739468,8743.64970088522,4510.00455786467,4233.645143020551,0.07650009962140711
30200,0.0898272526934378,-5096.979226484942,8757.638918079556,4524.1951268050325,4233.443791274523,0.0765138564056787
30205,0.08984212475514201,-5152.1924455581875,8772.019617307014,4536.460812418639,4235.558804888376,0.0765249154235351
30210,0.08985699681684622,-5208.1846640491085,8786.655262371361,4546.247425974264,4240.4078363970975,0.0765333975607838
30215,0.08987186887855043,-5263.6999523318955,8801.379922459433,4553.110180952112,4248.269741507321,0.07655863227796166
30220,0.08988674094025464,-5317.413424120366,8816.003359058921,4556.73046183703,4259.272897221891,0.07658397014874507
30225,0.08990161300195885,-5367.966421273167,8830.31606649667,4556.9264508248925,4273.389615671778,0.07660673187136857
30230,0.08991648506366307,-5414.009467925086,8844.094261026059,4553.657528554465,4290.436732471594,0.07662700595966183
30235,0.08993135712536728,-5454.2506068131315,8857.104937077884,4547.022700152304,4310.082236925579,0.076644874764369
30240,0.0899462291870715,-5487.5058174703145,8869.111192925542,4537.253519461162,4331.85767346438,0.0766604070901653
30245,0.08996110124877571,-5512.747562550377,8879.878050441295,4524.702096926465,4355.17595351483,0.07667366565264291
30250,0.08997597331047992,-5529.1471949867255,8889.178945106469,4509.8248168299815,4379.354128276487,0.07670801930496375
30255,0.08999084537218413,-5536.10705601532,8896.802947895436,4493.1624106914305,4403.640537204005,0.07673993144712835
30260,0.09000571743388834,-5533.278661232817,8902.562618896018,4475.317084162446,4427.245534733572,0.07676934373112841
30265,0.09002058949559255,-5520.564432505406,8906.302212652217,4456.927498669297,4449.37471398292,0.07679618397005848
30270,0.09003546155729676,-5498.101941699532,8907.905790814426,4438.642555623412,4469.263235191014,0.07682036980605095
30275,0.09005033361900097,-5466.231450567115,8907.304679811466,4421.095078590983,4486.209601220484,0.0768418137411214
30280,0.09006520568070518,-5425.44943646434,8904.483662064742,4404.876581977225,4499.607080087517,0.07687476988159767
30285,0.09008007774240939,-5376.352512065584,8899.485317469012,4390.514307299926,4508.971010169086,0.0769159251746788
30290,0.0900949498041136,-5319.577407184036,8892.412031770798,4378.451582006926,4513.960449763872,0.07695373447594418
30295,0.09010982186581783,-5255.7432683184325,8883.425342473713,4369.032327196023,4514.393015277689,0.07698806625042051
30300,0.09012469392752204,-5185.402335537929,8872.742477012298,4362.490251526949,4510.252225485349,0.07701881831748285
30305,0.09013956598922625,-5109.004091766228,8860.630127924056,4358.942968362515,4501.687159561541,0.07704591993780519
30310,0.09015443805093046,-5026.87638653102,8847.39568569661,4358.390999948246,4489.004685748365,0.07708133809150408
30315,0.09016931011263467,-4939.225048344647,8833.376298732337,4360.7214039340715,4472.654894798266,0.0771272145196308
30320,0.09018418217433888,-4846.151394057225,8818.926244763647,4365.715573235733,4453.210671527913,0.07716866967052681
30325,0.09019905423604309,-4747.68508394069,8804.403177522674,4373.060612609755,4431.342564912919,0.07720566604482162
30330,0.0902139262977473,-4643.828168359349,8790.153858450294,4382.363581629358,4407.790276820936,0.0772382047014327
30335,0.09022879835945151,-4534.605064919986,8776.499999526415,4393.167820771343,4383.332178755072,0.07726631904879566
30340,0.09024367042115572,-4420.11266853731,8763.724834144747,4404.970557165469,4358.754276979278,0.07729414017307261
30345,0.09025854248285993,-4300.5648565293195,8752.061001453489,4417.241026106222,4334.819975347266,0.07733857738823209
30350,0.09027341454456415,-4176.3262948002375,8741.680277165991,4429.438436876883,4312.241840289108,0.07737789391246545
30355,0.09028828660626836,-4047.931630302395,8732.685610428991,4441.029235093771,4291.65637533522,0.07741216634400405
30360,0.09030315866797257,-3916.0877728496616,8725.105832084328,4451.503240235705,4273.602591848623,0.07744149167266225
30365,0.09031803072967678,-3781.658874024036,8718.89328688023,4460.388343764642,4258.504943115588,0.07746597945947302
30370,0.090332902791381,-3645.6355947672173,8713.924516667983,4467.26353275596,4246.660983912023,0.07748574479666433
30375,0.0903477748530852,-3509.0920696731146,8710.00399179385,4471.770064097434,4238.233927696416,0.07750663816389398
30380,0.09036264691478942,-3373.135373694301,8706.870763017956,4473.620669089654,4233.250093928302,0.07754034200323605
30385,0.09037751897649363,-3238.853064941445,8704.207793758234,4472.606725382299,4231.601068375935,0.07756894345193893
30390,0.09039239103819784,-3107.2643942266222,8701.65363611191,4468.603386267329,4233.050249844581,0.0775925718458915
30395,0.09040726309990205,-2979.280041652014,8698.81603461611,4461.572688743385,4237.243345872725,0.07761135594921119
30400,0.09042213516160626,-2855.673900526427,8695.28697750711,4451.564654161075,4243.722323346035,0.07762542200336142
30405,0.09043700722331048,-2737.068723178275,8690.658664589786,4438.716346136601,4251.942318453185,0.07763489285762594
30410,0.09045187928501469,-2623.9356640365268,8684.539822642557,4423.248779240904,4261.291043401653,0.0776398879693165
30415,0.0904667513467189,-2516.606173192465,8676.571773414085,4405.461515660366,4271.110257753719,0.07766312411251779
30420,0.09048162340842311,-2415.293499663248,8666.44364626962,4385.724784717014,4280.718861552606,0.0776823720194288
30425,0.09049649547012732,-2320.120344802101,8653.906128786744,4364.469034838204,4289.437093948541,0.0776971096926955
30430,0.09051136753183153,-2231.1489571218453,8638.783166489293,4342.171975283946,4296.611191205347,0.07770747746798282
30435,0.09052623959353574,-2148.410118855126,8620.981061342325,4319.343355721568,4301.6377056207575,0.0777136142117017
30440,0.09054111165523995,-2071.92796305196,8600.49448221083,4296.507923367376,4303.986558843454,0.07771565481791139
30445,0.09055598371694416,-2001.7383057554607,8577.40899299591,4274.187152710342,4303.221840285568,0.07771467724887066
30450,0.09057085577864837,-1937.8991129394713,8551.899826678138,4252.880442692662,4299.019383985476,0.07773394134279905
30455,0.09058572784035258,-1880.492765571381,8524.226783128684,4233.046521518038,4291.180261610646,0.07774911583643607
30460,0.09060059990205681,-1829.6208273751863,8494.725299173208,4215.085803307254,4279.639495865954,0.07776027210354124
30465,0.09061547196376102,-1785.3929160857138,8463.793923068797,4199.324417483712,4264.469505585085,0.07776746486750757
30470,0.09063034402546523,-1747.9118811325238,8431.878613935785,4186.0005876466785,4245.878026289107,0.07777073162793699
30475,0.09064521608716944,-1717.2576842917192,8399.454471053248,4175.253970011281,4224.200501041967,0.07777009352161081
30480,0.09066008814887365,-1693.4721286449185,8367.005667837073,4167.1184677569845,4199.887200080088,0.07778068701348843
30485,0.09067496021057786,-1676.5459513339233,8335.004507397629,4161.518916016162,4173.485591381467,0.0777987674222188
30490,0.09068983227228207,-1666.408947295426,8303.890615047354,4158.271889023864,4145.61872602349,0.07781240001650123
30495,0.09070470433398628,-1662.9229379811136,8274.051322732448,4157.09072699787,4116.960595734578,0.07782152545028669
30500,0.09071957639569049,-1665.8767477617093,8245.804270370088,4157.5947256116415,4088.209544758447,0.07782608814185525
30505,0.0907344484573947,-1674.9820436408113,8219.383146633947,4159.322278799007,4060.06086783494,0.0778260403280377
30510,0.09074932051909891,-1689.868975180489,8194.927322663692,4161.747611744005,4033.1797109196877,0.07782962151949535
30515,0.09076419258080314,-1710.0809661914582,8172.475909580296,4164.30057676646,4008.1753328138357,0.07784786022415272
30520,0.09077906464250735,-1735.0686326229365,8151.966512034674,4166.38880578632,3985.577706248355,0.07786074519988723
30525,0.09079393670421156,-1764.1834813366772,8133.2386754215,4167.421326198566,3965.8173492229344,0.07786825523191077
30530,0.09080880876591577,-1796.672644457306,8116.041754802977,4166.832575051834,3949.209179751143,0.07787039994789752
30535,0.09082368082761998,-1831.6763230444776,8100.046690401327,4164.105624636935,3935.941065764392,0.07786722096259828
30540,0.09083855288932419,-1868.2297911733776,8084.860977768908,4158.7933984820675,3926.0675792868406,0.07786197389118665
30545,0.0908534249510284,-1905.2717189020213,8070.045986549196,4150.5367356771985,3919.509250871997,0.07787702035240131
30550,0.09086829701273261,-1941.6602069697992,8055.135719503661,4139.078354949425,3916.0573645542354,0.07788637405446787
30555,0.09088316907443682,-1976.197308025603,8039.65611346083,4124.272051520975,3915.384061939855,0.07789016564024466
30560,0.09089804113614103,-2007.6619873708478,8023.144057013343,4106.086782382559,3917.0572746307835,0.07788855050515454
30565,0.09091291319784524,-2034.8505270181145,8005.1654189311,4084.6056071171006,3920.5598118139997,0.07788170213324529
30570,0.09092778525954946,-2056.622399436512,7985.331524240466,4060.019712868312,3925.311811372154,0.07787264047200196
30575,0.09094265732125367,-2071.94874030122,7963.313657916426,4032.617949120453,3930.6957087959727,0.0778862518765881
30580,0.09095752938295788,-2079.959839657317,7938.855297833569,4002.772441767138,3936.0828560664313,0.07789452415485622
30585,0.0909724014446621,-2079.9876453755633,7911.781864051231,3970.9209720085264,3940.860892042705,0.0778975912686231
30590,0.0909872735063663,-2071.5992141327893,7882.007815423113,3937.546917764075,3944.4608976590384,0.07789558559845336
30595,0.09100214556807051,-2054.617413501362,7849.54093328529,3903.157671491004,3946.3832617942858,0.077888637636212
30600,0.09101701762977472,-2029.1259978561789,7814.483622788476,3868.2625552482327,3946.2210675402434,0.07788745565048256
30605,0.09103188969147893,-1995.4574207300084,7777.031059643539,3833.3513221438034,3943.679737499736,0.07790314761099093
30610,0.09104676175318314,-1954.163312152445,7737.466038476085,3798.874330373261,3938.5917081028238,0.07791338865544772
30615,0.09106163381488735,-1905.9692832609994,7696.15045718209,3765.225380496656,3930.925076685434,0.07791822494966714
30620,0.09107650587659157,-1851.717418059217,7653.51350596627,3732.728018027845,3920.785487938425,0.07791771877985718
30625,0.09109137793829579,-1792.3012540868394,7610.036812089062,3701.625843393853,3908.410968695209,0.0779119510498413
30630,0.09110625,-1728.5990404547338,7566.237000929315,3672.0770759850793,3894.159924944236,0.07792382844452944
30635,0.09112112206170421,-1661.4114474257926,7522.646341923177,3644.153327197828,3878.493014725349,0.07794024099377227
30640,0.09113599412340842,-1591.4096187202435,7479.7923238202475,3617.8422796951613,3861.950044125086,0.07795043686925628
30645,0.09115086618511263,-1519.0985270568058,7438.177121680506,3593.053763624042,3845.1233580564644,0.0779544890946314
30650,0.09116573824681684,-1444.7991177243139,7398.257961349629,3569.6285702701607,3828.6293910794684,0.07795250910158102
30655,0.09118061030852105,-1368.6508681394967,7360.429350629115,3547.349248767954,3813.080101861161,0.07794464436449262
30660,0.09119548237022526,-1290.634350140364,7325.008036057618,3525.952091718383,3799.0559443392344,0.07796002541516414
30665,0.09121035443192947,-1210.611359413827,7292.221375380312,3505.139533978273,3787.0818414020387,0.07797158525608153
30670,0.09122522649363368,-1128.3783646515158,7262.199608867262,3484.5922692942013,3777.607339573061,0.07797627592684057
30675,0.09124009855533789,-1043.7275996101134,7234.972289049721,3463.980530014758,3770.9917590349633,0.07797431692176011
30680,0.09125497061704212,-956.5092220335523,7210.468906952995,3442.9741623851633,3767.4947445678317,0.07796596468428978
30685,0.09126984267874633,-866.6877134086494,7188.523547573061,3421.2513368234904,3767.27221074957,0.07795150497291291
30690,0.09128471474045054,-774.3861694663356,7168.883227748032,3398.505923831249,3770.377303916783,0.07795192043164902
30695,0.09129958680215475,-679.9133470892948,7151.219422160081,3374.453708510676,3776.7657136494054,0.07795460365713505
30700,0.09131445886385896,-583.7702163364488,7135.142172783739,3348.8376901670626,3786.304482616676,0.07795060992345064
30705,0.09132933092556317,-486.63513861236106,7120.216107336845,3321.432718183433,3798.7833891534124,0.07794029576097136
30710,0.09134420298726738,-389.329370951124,7105.977664542155,3292.049669067677,3813.9279954744784,0.07792402992460083
30715,0.09135907504897159,-292.76702109453436,7091.952835860205,3260.539298543435,3831.4135373167696,0.07790218512341085
30720,0.0913739471106758,-197.89546970677475,7077.674777650567,3226.7958290130787,3850.8789486374885,0.07787582322984189
30725,0.09138881917238001,-105.63331825437763,7062.700713560846,3190.7602662364943,3871.940447324352,0.07787136579528833
30730,0.09140369123408422,-16.81294218350922,7046.627622162546,3152.4233760552415,3894.2042461073042,0.07786109700149269
30735,0.09141856329578844,67.8662463638475,7029.106279350908,3111.8281830872584,3917.27809626365,0.07784537931367592
30740,0.09143343535749265,147.86947434746526,7009.853293001072,3069.0717743907217,3940.7815186103508,0.07782456908246198
30745,0.09144830741919686,222.84104295145517,6988.660828092434,3024.306111401511,3964.354716690923,0.07779901393539994
30750,0.09146317948090107,292.60154227581916,6965.403776719425,2977.737495652257,3987.666281067168,0.07776905115391229
30755,0.09147805154260528,357.1297599620193,6940.044183456806,2929.624325475363,4010.4198579814433,0.07774131238843458
30760,0.0914929236043095,416.53258411061506,6912.632795965768,2880.272841466306,4032.359954499462,0.07773015326380392
30765,0.0915077956660137,471.00701668109696,6883.30767549101,2830.030688098996,4053.276987392014,0.07771440241497445
30770,0.09152266772771792,520.7987010059719,6852.2898720215935,2779.2782960262302,4073.0115759953633,0.07769438664487362
30775,0.09153753978942213,566.1612139155936,6819.876243300618,2728.4182785973335,4091.4579647032842,0.07767042858769145
30780,0.09155241185112634,607.319866776535,6786.429573688445,2677.8632012885228,4108.566372399922,0.07764284291926175
30785,0.09156728391283055,644.4429726694211,6752.366226438195,2628.0222015547524,4124.344024883442,0.07761193172451497
30790,0.09158215597453477,677.6225430966188,6718.141639715498,2579.287005661451,4138.854634054047,0.07759576113571645
30795,0.09159702803623898,706.8652770448602,6684.234052177563,2532.0179199037025,4152.216132273861,0.07758557939992193
30800,0.09161190009794319,732.0936347123406,6651.1269182538435,2486.5303824896296,4164.596535764214,0.07757174579193493
30805,0.0916267721596474,753.1558990554158,6619.290546859372,2443.0826594802356,4176.207887379136,0.07755448227270204
30810,0.09164164422135161,769.8435445569335,6589.163569466386,2401.8652534189223,4187.298316047464,0.07753397730871414
30815,0.09165651628305582,781.9140035236155,6561.13491108183,2362.9925584476878,4198.142352634142,0.07751038054103329
30820,0.09167138834476003,789.1170014269337,6535.526994064222,2326.4972320159964,4209.029762048225,0.07749193133495068
30825,0.09168626040646424,791.2228995290789,6512.580939859794,2292.3276578923937,4220.2532819674,0.07748950658935427
30830,0.09170113246816845,788.0517776270372,6492.444535554963,2260.348753535856,4232.095782019107,0.0774829683301197
30835,0.09171600452987266,779.5021783689135,6475.163688882103,2230.3462379930193,4244.817450889084,0.0774723209834146
30840,0.09173087659157687,765.5784519035751,6460.677997556451,2202.0343355542163,4258.643662002235,0.0774575435603891
30845,0.0917457486532811,746.4155029988679,6448.820902282333,2175.066751902569,4273.754150379764,0.0774385939315313
30850,0.09176062071498531,722.2995359643164,6439.324679734281,2149.0506241077633,4290.274055626518,0.07741541361095074
30855,0.09177549277668952,693.6832283273734,6431.830272647436,2123.56301115125,4308.267261496186,0.07741389830585141
30860,0.09179036483839373,661.1937449349316,6425.9016672876205,2098.1693570387574,4327.732310248863,0.07740758198089324
30865,0.09180523690009794,625.6321948912073,6421.0442388741385,2072.4432292594447,4348.601009614694,0.07739557617072104
30870,0.09182010896180215,587.9635520273582,6416.726220884946,2045.986523106507,4370.739697778439,0.07737785557057957
30875,0.09183498102350636,549.29667823829,6412.402240725022,2018.4492419962896,4393.952998728732,0.07735958817301482
30880,0.09184985308521057,510.8548436622241,6407.53772200888,1989.5479273748879,4417.9897946339925,0.07737825815032949
30885,0.09186472514691478,473.9379363133512,6401.63289381946,1959.081822596867,4442.551071222593,0.07739098370549825
30890,0.09187959720861899,439.87828857289196,6394.245171620453,1926.9459072630086,4467.299264357444,0.07743987699218427
30895,0.0918944692703232,409.99261413240947,6385.008777391983,1893.1400193082875,4491.868758083696,0.07748338783986462
30900,0.09190934133202742,385.5328684666961,6373.650637044859,1857.773380416736,4515.877256628122,0.07752074211358351
30905,0.09192421339373164,367.6388883808918,6360.001816635936,1821.0639538385933,4538.937862797343,0.07755184597581714
30910,0.09193908545543585,357.29545647859413,6344.004018006513,1783.332203899133,4560.671814107381,0.07757666465020548
30915,0.09195395751714006,355.29604377834175,6325.710929784117,1744.989016712027,4580.72191307209,0.07759525206775883
30920,0.09196882957884427,362.21499479474323,6305.2845010685,1706.5178083764367,4598.766692692063,0.0776077808966736
30925,0.09198370164054848,378.38940853526947,6282.986454510186,1668.4512075267446,4614.5352469834415,0.07761456911920593
30930,0.09199857370225269,403.9114784509343,6259.16556925249,1631.3431488713472,4627.822420381142,0.07762493646035966
30935,0.0920134457639569,438.6315888796016,6234.241435062602,1595.7377199228597,4638.503715139743,0.07767158215450577
30940,0.09202831782566111,482.17200533635696,6208.685505329404,1562.1366034025214,4646.5489019268825,0.07771389366902082
30945,0.09204318988736532,533.9505139847788,6183.000360320302,1530.9673735561755,4652.032986764127,0.07775270162163554
30950,0.09205806194906954,593.2128481130403,6157.69813600459,1502.555154177513,4655.142981827077,0.0777889329861601
30955,0.09207293401077375,659.072196824075,6133.279079664879,1477.100161444398,4656.178918220481,0.07782356999384564
30960,0.09208780607247796,730.5535625388598,6110.211162363384,1454.6633954790514,4655.547766884332,0.07785760271519594
30965,0.09210267813418217,806.6402833736961,6088.911610948613,1435.1622059784877,4653.749404970125,0.07789268639335965
30970,0.09211755019588638,886.3197435583784,6069.73112049674,1418.3766726670392,4651.354447829701,0.07794355677088881
30975,0.0921324222575906,968.6252415718573,6052.941375155365,1403.966779439447,4648.9745957159175,0.0779956098886816
30980,0.0921472943192948,1052.671234340312,6038.72634561716,1391.4993199763562,4647.227025640805,0.0780696645138057
30985,0.09216216638099901,1137.679747637253,6027.177650465883,1380.4824697233937,4646.695180742489,0.07815808504497654
30990,0.09217703844270322,1222.9965960790469,6018.2940732281595,1370.4051175573766,4647.888955670783,0.07824755863455957
30995,0.09219191050440743,1308.0970805955403,6011.985126258066,1360.7774823024745,4651.207643955591,0.07833807661001575
31000,0.09220678256611164,1392.5818673031004,6008.078358099201,1351.1693275264456,4656.909030572755,0.07842948204508758
31005,0.09222165462781587,1476.1646330848548,6006.329925824183,1341.2422711732256,4665.087654650957,0.07852148516942108
31010,0.09223652668952008,1558.6536701876166,6006.437810925243,1330.773250018507,4675.664560906736,0.07861368433118006
31015,0.09225139875122429,1639.9299384694555,6008.056956773403,1319.6670760399618,4688.389880733441,0.0787130408296824
31020,0.0922662708129285,1719.924088904229,6010.815553007192,1307.9571056377492,4702.858447369443,0.07881442309512547
31025,0.09228114287463271,1798.5948497357772,6014.331687806511,1295.7942047914498,4718.537483015061,0.07891392063616169
31030,0.09229601493633692,1875.9109480701654,6018.229628091214,1283.4253050739628,4734.804323017252,0.07901099485171684
31035,0.09231088699804113,1951.8384546232342,6022.155061843574,1271.163795524742,4750.991266318832,0.07911920205059694
31040,0.09232575905974534,2026.335041726054,6025.788735016292,1259.354700321181,4766.43403469511,0.07924088858910361
31045,0.09234063112144955,2099.352062943692,6028.858026011984,1248.337998838929,4780.5200271730555,0.07935807125310541
31050,0.09235550318315376,2170.8445618353608,6031.146112235543,1238.4135288977493,4792.732583337794,0.07947029275381375
31055,0.09237037524485797,2240.788345114776,6032.498487071714,1229.8106772956928,4802.687809776022,0.07957712246683983
31060,0.0923852473065622,2309.202241759892,6032.826677494508,1222.6655309577814,4810.161146536726,0.07967816201282836
31065,0.0924001193682664,2376.1727815893864,6032.109093612124,1217.0073902828233,4815.1017033293,0.07977305282720396
31070,0.09241499142997062,2441.877903656787,6030.389018553671,1212.7556127827124,4817.633405770959,0.07986148645187977
31075,0.09242986349167483,2506.606016694557,6027.769830403709,1209.7267609988996,4818.04306940481,0.0799518852381391
31080,0.09244473555337904,2570.7667822017893,6024.4076476580885,1207.6510854164408,4816.756562241648,0.08003755207543252
31085,0.09245960761508325,2634.8903504066957,6020.501711897917,1206.196585748854,4814.305126149063,0.08011618497038223
31090,0.09247447967678746,2699.6124444827933,6016.2829641876715,1204.9983421469092,4811.284622040763,0.08022235483308154
31095,0.09248935173849167,2765.6436919892653,6012.001423400396,1203.6905309031772,4808.310892497218,0.08032466479265851
31100,0.09250422380019588,2833.7229906404336,6007.913114183089,1201.9385300998767,4805.974584083213,0.08042012809423876
31105,0.09251909586190009,2904.556468145717,6004.267392188854,1199.4687321286742,4804.79866006018,0.08050900900937004
31110,0.0925339679236043,2978.7456474363244,6001.295545480602,1196.0940409471234,4805.201504533479,0.08059164855305408
31115,0.09254883998530852,3056.710520789586,5999.201489553031,1191.73346881705,4807.468020735982,0.08066844278067979
31120,0.09256371204701273,3138.615020616549,5998.155206571163,1186.4247034446828,4811.7305031264805,0.08074048421229621
31125,0.09257858410871694,3224.3034638628938,5998.289311513473,1180.3289621379458,4817.960349375528,0.08081936299106716
31130,0.09259345617042115,3313.256610721676,5999.6987833935345,1173.7278802147403,4825.970903178794,0.08089321471902672
31135,0.09260832823212536,3404.5748345203256,6002.443521730427,1167.0126051473314,4835.4309165830955,0.08099988534133984
31140,0.09262320029382957,3496.993571259756,6006.553033004694,1160.665692408302,4845.887340596392,0.08110656785866892
31145,0.09263807235553378,3588.9329393405897,6012.0322781800505,1155.2368162575713,4856.795461922479,0.08120829381611096
31150,0.092652944417238,3678.5795978154774,6018.8675715367,1151.3136932792702,4867.5538782574295,0.08130501786517302
31155,0.0926678164789422,3763.9950448783734,6027.031445477885,1149.489930536233,4877.541514941652,0.08139658959234762
31160,0.09268268854064642,3843.2411595551193,6036.485592410162,1150.3317145938217,4886.15387781634,0.08148275316985845
31165,0.09269756060235063,3914.5113122748257,6047.18134135272,1154.3453239580028,4892.836017394717,0.08156434370179699
31170,0.09271243266405485,3976.254159434118,6059.057575164345,1161.9473657523238,4897.110209412021,0.08165094304035461
31175,0.09272730472575906,4027.277497572941,6072.036475535406,1173.4394183411105,4898.597057194295,0.08174439108553011
31180,0.09274217678746327,4066.821323755928,6086.017919036736,1188.9884328032801,4897.029486233456,0.08186273706011693
31185,0.09275704884916748,4094.5923897727475,6100.873664435659,1208.6138465078861,4892.259817927772,0.08197291989346209
31190,0.09277192091087169,4110.756728074266,6116.44261371976,1232.181935081794,4884.260678637966,0.08207433403529464
31195,0.0927867929725759,4115.89139219292,6132.528371597879,1259.4075169607502,4873.120854637129,0.08216637516828437
31200,0.09280166503428011,4110.901420043151,6148.900081680237,1289.8627631175107,4859.037318562727,0.0822484586961321
31205,0.09281653709598432,4096.912196296887,6165.297126512997,1322.9925771258017,4842.304549387196,0.08232003819111088
31210,0.09283140915768853,4075.150413020093,6181.437809979412,1358.135805376251,4823.302004603162,0.0823913258023988
31215,0.09284628121939274,4046.828277372599,6197.0316677238725,1394.551404596644,4802.480263127229,0.08246419215804901
31220,0.09286115328109695,4013.0452345049594,6211.794638057997,1431.4486102375795,4780.3460278204175,0.08256646354558417
31225,0.09287602534280118,3974.7192208548317,6225.466015207045,1468.0200840356301,4757.4459311714145,0.08265678707854011
31230,0.09289089740450539,3932.5555418729937,6237.825917024289,1503.4769442306872,4734.348972793602,0.0827349766088311
31235,0.0929057694662096,3887.0563351612627,6248.711927550528,1537.0844813827748,4711.627446167753,0.08280098324245544
31240,0.09292064152791381,3838.567911623859,6258.033605618068,1568.197237937017,4689.83636768105,0.0828549028984109
31245,0.09293551358961802,3787.357878233431,6265.78366539018,1596.2919999362434,4669.4916654539375,0.08291207741027487
31250,0.09295038565132223,3733.709662066305,6272.0448186931735,1620.9971468913927,4651.047671801781,0.08295973322865302
31255,0.09296525771302644,3678.019560394081,6276.991514125324,1642.1167679360105,4634.874746189314,0.08300567776079587
31260,0.09298012977473065,3620.8811344167284,6280.886110902427,1659.648011858311,4621.238099044116,0.08308306886678943
31265,0.09299500183643486,3563.1436710523367,6284.069382147518,1673.7903164778147,4610.279065669703,0.0831504320671053
31270,0.09300987389813907,3505.935210594246,6286.945641606773,1684.9454646013567,4602.000177005417,0.08320830837074214
31275,0.09302474595984328,3450.645647126662,6289.963206052688,1693.707829485016,4596.255376567672,0.08327403395318915
31280,0.0930396180215475,3398.870882446629,6293.59130593625,1700.844679872825,4592.746626063425,0.0833320348189389
31285,0.09305449008325171,3352.3241833167776,6298.294892729463,1707.2669822836938,4591.0279104457695,0.08338171765534529
31290,0.09306936214495592,3312.725089550787,6304.5090159682395,1713.991729667102,4590.517286301138,0.08342348681593303
31295,0.09308423420666014,3281.678939662428,6312.614520039933,1722.0973998787397,4590.517120161194,0.08345768053265727
31300,0.09309910626836435,3260.56101065489,6322.916725081282,1732.6746598102131,4590.242065271068,0.08351599780846587
31305,0.09311397833006856,3250.418330314582,6335.62851863055,1746.7748343760013,4588.853684254549,0.0835977284696324
31310,0.09312885039177277,3251.8995997650627,6350.85892950709,1765.3589089540005,4585.500020553089,0.08367153207244217
31315,0.09314372245347698,3265.219804371566,6368.607832633557,1789.2498938713013,4579.357938762256,0.0837372805307917
31320,0.09315859451518119,3290.16162805938,6388.766996333217,1819.0912324973976,4569.675763835819,0.08379478767640756
31325,0.0931734665768854,3326.1114175531966,6411.127276544752,1855.3135871791706,4555.813689365581,0.08384381354911562
31330,0.09318833863858961,3372.123782224845,6435.3914139495255,1898.111821709637,4537.279592239888,0.08388787995793895
31335,0.09320321070029383,3427.006374670402,6461.191610620414,1947.4333680780871,4513.758242542327,0.08393095661928944
31340,0.09321808276199804,3489.4151457887924,6488.110848340398,2002.9784817336879,4485.13236660671,0.0839640933136748
31345,0.09323295482370225,3557.95035909156,6515.706749607293,2064.2122145418093,4451.494535065483,0.08398693146206533
31350,0.09324782688540646,3631.244684683873,6543.536663491896,2130.38731702885,4413.149346463047,0.08401994325326409
31355,0.09326269894711067,3708.036494252995,6571.182578455293,2200.576753402819,4370.605825052474,0.08406359564224988
31360,0.09327757100881488,3787.2237292854643,6598.274430264988,2273.71408967906,4324.560340585927,0.08409625596395669
31365,0.0932924430705191,3867.896097929138,6624.510402965793,2348.6397008116514,4275.870702154141,0.08411981638982696
31370,0.0933073151322233,3949.3455818086322,6649.672937157004,2424.150534599078,4225.5224025579255,0.08413927272184404
31375,0.09332218719392751,4031.057078748079,6673.639382004078,2499.0510650015635,4174.588317002514,0.08414673602390449
31380,0.09333705925563172,4112.6823483949875,6696.386562085419,2572.2030638988695,4124.18349818655,0.08414203893399354
31385,0.09335193131733593,4194.001259360634,6717.988963476128,2642.57191937929,4075.4170440968383,0.08412507337069754
31390,0.09336680337904016,4274.874750645506,6738.610738184811,2709.2674331481167,4029.343305036695,0.08410287527792742
31395,0.09338167544074437,4355.194050828097,6758.492225142265,2771.577341153488,3986.914883988777,0.08406960163259877
31400,0.09339654750244858,4434.830654544286,6777.932122594837,2828.9922155148233,3948.9399070800137,0.08402386753920263
31405,0.09341141956415279,4513.5913681949505,6797.266758654162,2881.220906570412,3916.04585208375,0.08396573017516278
31410,0.093426291625857,4591.182351087708,6816.848051030938,2928.1962392449564,3888.651811785982,0.0839157740072634
31415,0.09344116368756121,4667.18539579523,6837.0217110841995,2970.071239518937,3866.9504715652624,0.08387292449678199
31420,0.09345603574926542,4741.048642131162,6858.1070525401665,3007.20667472827,3850.9003778118963,0.08381913782711815
31425,0.09347090781096963,4812.092529474005,6880.379461647936,3040.151086586505,3840.2283750614315,0.08375910373307197
31430,0.09348577987267384,4879.530213144542,6904.05623919379,3069.6147340658144,3834.4415051279757,0.08368752859172475
31435,0.09350065193437805,4942.5001457275475,6929.286201618278,3096.4389287386966,3832.8472728795814,0.08360448560880063
31440,0.09351552399608226,5000.107311558165,6956.1431784520755,3121.562156220939,3834.5810222311366,0.08351006359898475
31445,0.09353039605778649,5051.468888485995,6984.623389444512,3145.9841836917244,3838.639205752788,0.08340436543003878
31450,0.0935452681194907,5095.759955579465,7014.646619766335,3170.729124088023,3843.9174956783118,0.08328765061961647
31455,0.0935601401811949,5132.255206554097,7046.0611020507295,3196.808233502574,3849.2528685481557,0.08316417697579692
31460,0.09357501224289912,5160.363327660485,7078.65201130629,3225.183115221948,3853.468896084342,0.08302967628356363
31465,0.09358988430460333,5179.651601717293,7112.153434069178,3256.73001854381,3855.423415525368,0.08288425848550318
31470,0.09360475636630754,5189.859279817875,7146.263551360361,3292.2060454076436,3854.0575059527173,0.08272803471855021
31475,0.09361962842801175,5190.8992316717795,7180.662564474128,3332.2182734787125,3848.4442909954155,0.0825611141864089
31480,0.09363450048971596,5182.848289061492,7215.032609071753,3377.1970095895576,3837.835599482195,0.08238494676524662
31485,0.09364937255142017,5165.927496101921,7249.0785866085525,3427.37453466332,3821.7040519452325,0.08222755355949901
31490,0.09366424461312438,5140.474148390011,7282.548549588866,3482.7707315082657,3799.7778180806004,0.08206038739150198
31495,0.09367911667482859,5106.90802720505,7315.25207102435,3543.1868618600793,3772.0652091642705,0.08188361545468556
31500,0.09369398873653281,5065.694618811053,7347.074965372801,3608.208466567767,3738.8664988050336,0.08169652279602736
31505,0.09370886079823702,5017.308371077478,7377.988847611654,3677.2179162678726,3700.7709313437813,0.08149916164794357
31510,0.09372373285994123,4962.199199280078,7408.054333077242,3749.416574010647,3658.6377590665948,0.08129158354729006
31515,0.09373860492164544,4900.765505560843,7437.417177211477,3823.8558968385864,3613.5612803728905,0.08107383815728467
31520,0.09375347698334965,4833.336872112449,7466.297286146321,3899.476162199255,3566.821123947066,0.08084597268074149
31525,0.09376834904505386,4760.169224851847,7494.971227540452,3975.1509252909505,3519.8203022495013,0.08060803219387762
31530,0.09378322110675807,4681.454513685432,7523.749554741528,4049.734862900443,3474.014691841085,0.08036006121014637
31535,0.09379809316846228,4597.345717585922,7552.950843784074,4122.112396310818,3430.8384474732557,0.08010210669129608
31540,0.0938129652301665,4507.996253264202,7582.874759670489,4191.244448685616,3391.630310984873,0.0798342225697781
31545,0.0938278372918707,4413.610784847791,7613.7766618157275,4256.210888097872,3357.5657737178553,0.07955647565883173
31550,0.09384270935357492,4314.502285469171,7645.846197292537,4316.246607182187,3329.5995901103497,0.07926895263452666
31555,0.09385758141527914,4211.14837603316,7679.192008199571,4370.7697318423,3308.4222763572716,0.07897176760420518
31560,0.09387245347698335,4104.238865376571,7713.834115260201,4419.401051974486,3294.4330632857145,0.07866506964705487
31565,0.09388732553868756,3994.7063684620944,7749.704778732992,4461.9743434346055,3287.7304352983865,0.07834904963803864
31570,0.09390219760039177,3883.733064365677,7786.657750378399,4498.537738583738,3288.120011794661,0.07802394565623397
31575,0.09391706966209598,3772.7290497000395,7824.484909553239,4529.3466710729945,3295.1382384802446,0.07769976038753805
31580,0.09393194172380019,3663.2811036105704,7862.9384309323705,4554.849171347037,3308.089259585334,0.07738034985351187
31585,0.0939468137855044,3557.0745648990383,7901.7559726203035,4575.664449201945,3326.0915234183585,0.0770525967675543
31590,0.09396168584720861,3455.794851094247,7940.685999975999,4592.555804015112,3348.1301959608872,0.07671693429770816
31595,0.09397655790891282,3361.01830664957,7979.510339672016,4606.398981947762,3373.111357724254,0.07637383451956568
31600,0.09399142997061703,3274.1040181106237,8018.061410977484,4618.147168457918,3399.914242519566,0.0760237984033464
31605,0.09400630203232124,3196.098635199781,8056.232272624671,4628.793865860364,3427.438406764307,0.07566734412844182
31610,0.09402117409402547,3127.665007222844,8093.978565729466,4639.334951864449,3454.643613865017,0.07530499424772147
31615,0.09403604615572968,3069.042780076313,8131.312496344095,4650.731235271619,3480.581261072476,0.0749372622441311
31620,0.09405091821743389,3020.0454264928794,8168.290034198826,4663.872809288649,3504.4172249101775,0.07456463903137962
31625,0.0940657902791381,2980.094065669118,8204.993359637356,4679.546443369414,3525.4469162679416,0.07429920351571588
31630,0.09408066234084231,2948.28445359648,8241.511149295624,4698.4071460144005,3543.1040032812234,0.0742754652281777
31635,0.09409553440254652,2923.480185535603,8277.919480769224,4720.9548722402305,3556.9646085289933,0.07423189190359747
31640,0.09411040646425073,2904.422769388918,8314.265943631039,4747.517145684915,3566.748797946124,0.07416866438145994
31645,0.09412527852595494,2889.8479300208714,8350.559013502841,4778.238130234569,3572.320883268272,0.07412103914869468
31650,0.09414015058765915,2878.5972564533417,8386.763970505832,4813.07444109377,3573.6895294120623,0.0741007423338016
31655,0.09415502264936336,2869.7149858544344,8422.805746143078,4851.797754388681,3571.007991754397,0.07406305003706654
31660,0.09416989471106757,2862.521196200146,8458.578193081861,4894.004075509897,3564.574117571964,0.07404502020477041
31665,0.0941847667727718,2856.65484563405,8493.95850428099,4939.129362286626,3554.8291419943644,0.0740070598801879
31670,0.094199638834476,2852.0828581740793,8528.824943027941,4986.471053514897,3542.353889513044,0.07398952175327034
31675,0.09421451089618021,2849.074686797261,8563.075724876506,5035.214895580062,3527.8608292964436,0.07398602787707076
31680,0.09422938295788442,2848.1452713575577,8596.646819081292,5084.46625798093,3512.180561100362,0.07395889330954575
31685,0.09424425501958864,2849.972717106356,8629.526585366737,5133.284866870332,3496.241718496405,0.07390886739057431
31690,0.09425912708129285,2855.299917819986,8661.765491512813,5180.721579798384,3481.0439117144297,0.07383676461620499
31695,0.09427399914299706,2864.831275738734,8693.479625937407,5225.855525788654,3467.6241001487533,0.07374345099671298
31700,0.09428887120470127,2879.1362455905305,8724.847289898742,5267.829719682519,3457.0175702162232,0.07369050623545374
31705,0.09430374326640548,2898.5704570237285,8756.098593123901,5305.883209563453,3450.2153835604477,0.0736387264321165
31710,0.09431861532810969,2923.2227169982857,8787.498649840029,5339.377988707707,3448.1206611323214,0.07356310763631731
31715,0.0943334873898139,2952.8926087184905,8819.325634435982,5367.819310008461,3451.5063244275207,0.07346469123894389
31720,0.09434835945151812,2987.0992534076872,8851.845547862738,5390.868635050972,3460.976912811766,0.07334451724902925
31725,0.09436323151322233,3025.117756577913,8885.285996232344,5408.349136275977,3476.936859956367,0.07320360877440615
31730,0.09437810357492654,3066.0365549600815,8919.811519997402,5420.244327103342,3499.56719289406,0.07310322496987663
31735,0.09439297563663075,3108.8267839303007,8955.502979478093,5426.690906222488,3528.8120732556054,0.07301927443954018
31740,0.09440784769833496,3152.4141254725964,8992.343176596036,5427.967189741664,3564.375986854372,0.07291274056697235
31745,0.09442271976003917,3195.7443375751786,9030.210294033961,5424.478544537515,3605.7317494964464,0.07279182714060066
31750,0.09443759182174338,3237.835544287426,9068.87992892185,5416.74105919273,3652.1388697291195,0.07278112946835671
31755,0.0944524638834476,3277.8129655924336,9108.035594784074,5405.364366777855,3702.6712280062193,0.07279234970272519
31760,0.0944673359451518,3314.924612175162,9147.286690322717,5391.034154040366,3756.252536282351,0.07279995103564284
31765,0.09448220800685601,3348.539115713922,9186.192211791884,5374.494534998538,3811.6976767933456,0.07280262686526727
31770,0.09449708006856022,3378.128963643434,9224.288015697965,5356.530191567742,3867.7578241302226,0.07280051085260332
31775,0.09451195213026445,3403.243751756736,9261.115272504812,5337.948020454076,3923.1672520507364,0.07279383072615993
31780,0.09452682419196866,3423.478600487658,9296.247885931894,5319.557981270217,3976.6899046616772,0.07278289073779716
31785,0.09454169625367287,3438.4426740672784,9329.317028998577,5302.152907343936,4027.1641216546413,0.07276805016904334
31790,0.09455656831537708,3447.731961931747,9360.031470895497,5286.487201164048,4073.5442697314493,0.07274970042429296
31795,0.09457144037708129,3450.9093451176786,9388.19292596875,5273.254569788017,4114.938356180733,0.07272824341290852
31800,0.0945863124387855,3447.4937006218593,9413.706145391721,5263.0652366751965,4150.640908716525,0.07273080514656721
31805,0.09460118450048971,3436.9585906286334,9436.58382312139,5256.423364627976,4180.160458493413,0.07273348188336441
31810,0.09461605656219392,3418.740085780217,9456.946575598604,5253.705702824838,4203.240872773766,0.07273489311986295
31815,0.09463092862389813,3392.2525600310046,9475.018300873287,5255.142687202072,4219.875613671215,0.07273497390839484
31820,0.09464580068560234,3356.9108787166647,9491.117185188781,5260.803335905728,4230.313849283053,0.07273363427051766
31825,0.09466067274730655,3312.1572345006807,9505.642578162327,5270.585256156175,4235.057322006152,0.07273076113773358
31830,0.09467554480901078,3257.4908863392225,9519.057970107955,5284.210899068669,4234.847071039286,0.07272622209582658
31835,0.09469041687071499,3192.49913680224,9531.870419655563,5301.230872434608,4230.639547220955,0.07272875487735217
31840,0.0947052889324192,3116.88797382182,9544.607002025738,5321.034683537761,4223.572318487976,0.07273463528626724
31845,0.0947201609941234,3030.510868685821,9557.789145664221,5342.868792983467,4214.920352680754,0.07273815686612013
31850,0.09473503305582762,2933.394264614569,9571.906037690394,5365.861386401389,4206.044651289006,0.07273920798063059
31855,0.09474990511753183,2825.7583401002626,9587.38853656668,5389.052878948206,4198.335657618473,0.07273769271703176
31860,0.09476477717923604,2708.031732655083,9604.585172138522,5411.430901549372,4193.154270589151,0.07273353151346028
31865,0.09477964924094025,2580.8591007985974,9623.74179999955,5431.968388011896,4191.773411987654,0.07272665996079285
31870,0.09479452130264446,2445.100702615074,9644.986300391334,5449.6633634379505,4195.322936953384,0.07271702646091106
31875,0.09480939336434867,2301.8235613699558,9668.31939127608,5463.579075498748,4204.7403157773315,0.07271577260851204
31880,0.09482426542605288,2152.2842250104045,9693.612201690967,5472.883151859356,4220.729049831611,0.07271526950336113
31885,0.0948391374877571,1997.9035435280439,9720.610776518944,5476.884463521017,4243.726312997927,0.07271213230225261
31890,0.09485400954946131,1840.2342372592748,9748.94720980853,5475.066310082698,4273.880899725832,0.07270639990903674
31895,0.09486888161116552,1680.9222997292309,9778.156676416898,5467.114442083467,4311.042234333431,0.07269810640478488
31900,0.09488375367286973,1521.663508665063,9807.699285298535,5452.938353420159,4354.760931878376,0.07268728174932503
31905,0.09489862573457394,1364.156573832167,9836.985432906136,5432.684284931411,4404.301147974726,0.07267395367795543
31910,0.09491349779627815,1210.054783159777,9865.403199340717,5406.738543356563,4458.664655984154,0.07266888272057744
31915,0.09492836985798236,1060.9184179918666,9892.346299060793,5375.720095242722,4516.626203818071,0.07266842009565816
31920,0.09494324191968657,918.1706156703558,9917.241159588928,5340.461940426656,4576.779219162272,0.07266579659788705
31925,0.09495811398139078,783.0596243885866,9939.571838445658,5301.981461905838,4637.59037653982,0.0726610094761521
31930,0.094972986043095,656.6303665544974,9958.901681191144,5261.440715901496,4697.460965289648,0.07265405574746187
31935,0.0949878581047992,539.7077915702048,9974.890853387802,5220.098381707979,4754.792471679823,0.07264493759974501
31940,0.09500273016650343,432.8936335939534,9987.309129992924,5179.2557513476995,4808.053378645224,0.07264061780327423
31945,0.09501760222820764,336.57697274233124,9996.043583794863,5140.199633070048,4855.843950724815,0.07264624161607165
31950,0.09503247428991185,250.95758986532746,10001.101069629744,5104.14531782773,4896.955751802014,0.07264954611242465
31955,0.09504734635161606,176.07970701915838,10002.605645220952,5072.182782889852,4930.4228623311,0.07265053049584194
31960,0.09506221841332027,111.87251716387163,10000.791294641735,5045.229074044319,4955.562220597416,0.07264922652552855
31965,0.09507709047502448,58.19309087178863,9995.990517069049,5023.9893370214595,4972.0011800475895,0.07264570015376205
31970,0.09509196253672869,14.866911707430518,9988.619499365446,5008.928310043818,4979.691189321628,0.07268498716466826
31975,0.0951068345984329,-18.278521646790978,9979.16069264402,5000.253321982635,4978.907370661385,0.07274504201304621
31980,0.09512170666013711,-41.390900332057754,9968.143649775457,4997.90906323178,4970.234586543676,0.07280576308244349
31985,0.09513657872184132,-54.58387713841239,9956.124950192383,5001.583708064071,4954.541242128312,0.07286643792298533
31990,0.09515145078354553,-57.9427395022185,9943.667949753997,5010.725444004919,4932.942505749078,0.072926367666061
31995,0.09516632284524976,-51.54471500791169,9931.32296830563,5024.568138963882,4906.7548293417485,0.0729848887883763
32000,0.09518119490695397,-35.491998680578035,9919.608395166346,5042.16473376135,4877.4436614049955,0.07304139177222449
32005,0.09519606696865818,-9.954046109122828,9908.993081910558,5062.426927822978,4846.56615408758,0.07309533532485701
32010,0.09521093903036239,24.78563695273442,9899.88032268553,5084.169750329932,4815.710572355599,0.07314625541631535
32015,0.0952258110920666,68.28391769259088,9892.59370033777,5106.159605105872,4786.434095231897,0.07319376900797854
32020,0.09524068315377081,119.89979963572478,9887.365092006921,5127.164299560407,4760.200792446514,0.0732375728890936
32025,0.09525555521547502,178.76940754025418,9884.32515976877,5146.003409694297,4738.321750074473,0.07327743846073025
32030,0.09527042727717923,243.79905714138567,9883.496676505632,5161.597126299267,4721.899550206365,0.07331320358093533
32035,0.09528529933888344,313.679461588481,9884.791035420896,5173.01153185071,4711.7795035701865,0.07334476270813635
32040,0.09530017140058765,386.92163682000864,9888.008254541981,5179.4981457682925,4708.510108773688,0.07337205656372027
32045,0.09531504346229186,461.91218971042053,9892.840717111827,5180.525615422569,4712.315101689258,0.07339506239959884
32050,0.09532991552399608,536.9828564843147,9898.880793943272,5175.801669106212,4723.07912483706,0.07341378572846098
32055,0.0953447875857003,610.486943935306,9905.632384667826,5165.283899368223,4740.348485299603,0.07342825408414062
32060,0.0953596596474045,680.8742051837826,9912.526296337966,5149.178585348693,4763.347710989274,0.07343851305984156
32065,0.09537453170910871,746.7559505561785,9918.939247198388,5127.927527050713,4791.011720147675,0.07344462455530208
32070,0.09538940377081292,806.9538365136887,9924.216131344909,5102.183661985189,4822.0324693597195,0.07344666687910753
32075,0.09540427583251714,860.528444414419,9927.694996585358,5072.776966802937,4854.918029782421,0.07344473612260843
32080,0.09541914789422135,906.7868685637604,9928.733970191062,5040.672730003042,4888.061240188021,0.07343894806661178
32085,0.09543401995592556,945.2714213301806,9926.73912598884,5006.924666241733,4919.814459747108,0.07342943981800196
32090,0.09544889201762977,975.7336896350353,9921.192048210629,4972.62551692195,4948.566531288679,0.0734163704172314
32095,0.09546376407933398,998.0992451646698,9911.675652634936,4938.857766709928,4972.817885925008,0.07339991982137245
32100,0.09547863614103819,1012.4283127422668,9897.89671936801,4906.646938375409,4991.2497809926,0.07338978776603547
32105,0.09549350820274241,1018.876869806144,9879.703614169593,4876.919645287837,5002.783968881757,0.0734486605954699
32110,0.09550838026444662,1017.6613552114413,9857.097850581276,4850.468208003475,5006.629642577801,0.07348744862214478
32115,0.09552325232615083,1009.0287992946096,9830.238473769192,4827.923195053808,5002.315278715384,0.07351052609937006
32120,0.09553812438785504,993.2330642365896,9799.438703359468,4809.734742997378,4989.703960362091,0.07352207690072407
32125,0.09555299644955925,970.5171817321561,9765.154808617712,4796.162969458153,4968.991839159558,0.07352598063530855
32130,0.09556786851126346,941.1015134584422,9727.967742715888,4787.277249296758,4940.69049341913,0.07352572001347298
32135,0.09558274057296767,905.1775220040099,9688.5585680198,4782.96362078028,4905.5949472395205,0.07352431377041183
32140,0.09559761263467188,862.9071234079729,9647.679104158342,4782.939168325184,4864.739935833158,0.07352427753213293
32145,0.0956124846963761,814.427682209357,9606.119485887968,4786.771924508789,4819.347561379179,0.07352761299219036
32150,0.0956273567580803,759.8625493621794,9564.674412640312,4793.904666297686,4770.769746342626,0.0735358238240868
32155,0.09564222881978451,699.3365877274427,9524.109814728374,4803.6809543199915,4720.428860408382,0.07354995501966642
32160,0.09565710088148874,632.9954598105996,9485.13148133181,4815.371874171641,4669.759607160168,0.07361887962382366
32165,0.09567197294319295,561.0267457539612,9448.356934415047,4828.202171316349,4620.154763098698,0.07374647798380847
32170,0.09568684500489716,483.6804283887341,9414.291536256638,4841.374802928801,4572.916733327837,0.07387693617352864
32175,0.09570171706660137,401.2860998180631,9383.309527005245,4854.093325732163,4529.216201273082,0.07400959883465258
32180,0.09571658912830558,314.2644931978275,9355.640431813305,4865.581949268099,4490.058482545205,0.07414391574829242
32185,0.09573146119000979,223.1315998762384,9331.361068773003,4875.103449273713,4456.257619499291,0.07427948120682865
32190,0.095746333251714,128.49458684386173,9310.39322817194,4881.975395180196,4428.417832991745,0.07441605663743794
32195,0.09576120531341821,31.0398255024802,9292.506967771249,4885.585251854669,4406.92171591658,0.07455357598568964
32200,0.09577607737512242,-68.48559185421436,9277.329358900182,4885.404847725697,4391.924511174485,0.07469213484040002
32205,0.09579094943682663,-169.29660403413163,9264.358405503517,4881.004472539237,4383.35393296428,0.07483196563892534
32210,0.09580582149853084,-270.59443558852763,9252.981730589048,4872.066523562389,4380.915207026659,0.07497340234508065
32215,0.09582069356023507,-371.5895156634415,9242.499479455935,4858.398226536441,4384.101252919494,0.07511683859396173
32220,0.09583556562193928,-471.5206288286181,9232.150734611125,4839.942592074602,4392.208142536523,0.07526268338868845
32225,0.09585043768364349,-569.6686819126062,9221.142588411212,4816.786497490344,4404.356090920868,0.07541131805457368
32230,0.0958653097453477,-665.3645350276456,9208.680892678698,4789.164658507242,4419.516234171456,0.07556305743495076
32235,0.0958801818070519,-757.9914389222231,9194.00161229105,4757.458302188506,4436.543310102543,0.07571811742369325
32240,0.09589505386875612,-846.9835275953337,9176.401657035842,4722.187575243922,4454.21408179192,0.0758765900418807
32245,0.09590992593046033,-931.8223680847004,9155.268050533565,4683.997103044742,4471.2709474888225,0.07603842650340613
32250,0.09592479799216454,-1012.0336801887834,9130.104310473662,4643.634619579875,4486.469690893787,0.0762034281345837
32255,0.09593967005386875,-1087.1859992173968,9100.552955606508,4601.923169721792,4498.6297858847165,0.07637124461239123
32260,0.09595454211557296,-1156.892329193195,9066.4131220903,4559.727985629318,4506.685136460982,0.07654137871948845
32265,0.09596941417727717,-1220.8148510654619,9027.652372267603,4517.919695441044,4509.732676826559,0.07671319662044007
32270,0.09598428623898139,-1278.6716951874532,8984.41192545468,4477.335968272266,4507.075957182415,0.0768859424898671
32275,0.0959991583006856,-1330.2438806117507,8937.004746324863,4438.743971028332,4498.2607752965305,0.07705875614106913
32280,0.09601403036238981,-1375.379988112726,8885.906199924832,4402.806057356695,4483.100142568136,0.07723069211677427
32285,0.09602890242409402,-1413.9961405421964,8831.737320689093,4370.050898138705,4461.686422550389,0.07740073854602207
32290,0.09604377448579823,-1446.0694841132363,8775.241130238699,4340.851802857048,4434.389327381651,0.07756783399712903
32295,0.09605864654750244,-1471.6245348436187,8717.252847356149,4315.413322708233,4401.839524647916,0.07773088062569405
32300,0.09607351860920665,-1490.7132803923205,8658.665227233363,4293.766463174401,4364.898764058962,0.07788875217617264
32305,0.09608839067091086,-1503.391514429576,8600.390607423431,4275.772088640196,4324.618518783235,0.07804029586642688
32310,0.09610326273261507,-1509.6951956548346,8543.321489676488,4261.131499552131,4282.189990124357,0.07818432785268349
32315,0.09611813479431928,-1509.6213683487986,8488.291622850717,4249.402798245855,4238.888824604862,0.07831962278678284
32320,0.0961330068560235,-1503.1181581974288,8436.039556680145,4240.021569922938,4196.017986757207,0.07844489885601641
32325,0.09614787891772772,-1490.0875112784706,8387.176506820566,4232.324558297949,4154.851948522617,0.07855880053184003
32330,0.09616275097943193,-1470.4027696633857,8342.160119447437,4225.575320531989,4116.584798915448,0.07865988192701973
32335,0.09617762304113614,-1443.9410897507269,8301.27537228463,4218.991182657369,4082.284189627261,0.07874659405083202
32340,0.09619249510284035,-1410.6283994904306,8264.623431298312,4211.771070252121,4052.8523610461916,0.07881727925620596
32345,0.09620736716454456,-1370.4923770684381,8232.11883656136,4203.123882284043,4028.9949542773165,0.07887017573052153
32350,0.09622223922624877,-1323.7171342822767,8203.494954894864,4192.296985142588,4011.1979697522765,0.07890343399792511
32355,0.09623711128795298,-1270.692198007764,8178.317242893356,4178.604160052385,3999.713082840971,0.07891514616038312
32360,0.09625198334965719,-1212.0482505194677,8156.003533589781,4161.452013901614,3994.551519688167,0.07890338716878735
32365,0.0962668554113614,-1148.673065304487,8135.8503021527295,4140.363558097127,3995.4867440556027,0.07886626599741722
32370,0.09628172747306561,-1081.7031528217558,8117.063677328559,4114.997471090533,4002.066206238026,0.0788019834162922
32375,0.09629659953476982,-1012.4895917187041,8098.7938345955945,4085.1615669837256,4013.632267611869,0.07870889229871461
32380,0.09631147159647405,-942.5399313656753,8080.171321265817,4050.819237083357,4029.3520841824597,0.07858555616857467
32385,0.09632634365817826,-873.4413300327842,8060.343815359127,4012.0881063613792,4048.2557089977477,0.07843080198905035
32390,0.09634121571988247,-806.7726456070759,8038.5118104214025,3969.2307941769222,4069.2810162444803,0.07824376393315279
32395,0.09635608778158668,-744.0145730564836,8013.961757925645,3922.6383887961183,4091.3233691295263,0.07802391590225419
32400,0.09637095984329089,-686.4669427799945,7986.095301550152,3872.8079189261807,4113.287382623971,0.07777109168732362
32405,0.0963858319049951,-635.1810768128162,7954.453413445707,3820.3156216478624,4134.137791797844,0.07748549272542883
32410,0.09640070396669931,-590.9130058403825,7918.734490045853,3765.78808847119,4152.9464015746635,0.07716768425813984
32415,0.09641557602840352,-554.1008456108093,7878.805767480232,3709.873393978885,4168.932373501348,0.07681858127325844
32420,0.09643044809010773,-524.8671454097212,7834.707744791644,3653.2140997787574,4181.493645012886,0.07643942589063504
32425,0.09644532015181194,-503.04484484199384,7786.651622124834,3596.4236422014797,4190.227979923355,0.07611414276298169
32430,0.09646019221351615,-488.2237365082656,7735.0100406028405,3540.0671324064397,4194.942908196401,0.0758077160723711
32435,0.09647506427522037,-479.8130325605116,7680.301634205091,3484.6470941815214,4195.65454002357,0.07547288458439273
32440,0.09648993633692458,-477.11471333014015,7623.1700732307445,3430.594192399625,4192.575880831119,0.07511073994850279
32445,0.0965048083986288,-479.4017350505719,7564.358411546617,3378.2625990316533,4186.095812514965,0.07472267118223258
32450,0.096519680460333,-485.9948613735369,7504.67967136397,3327.9293243932734,4176.750346970696,0.07450809959178226
32455,0.09653455252203721,-496.3318710091462,7444.984731054126,3279.796620880374,4165.188110173753,0.07458200996410955
32460,0.09654942458374142,-510.02322922050826,7386.128729729381,3233.9964514723515,4152.13227825703,0.07461566997771953
32465,0.09656429664544564,-526.8890636990118,7328.937351485994,3190.5960063677803,4138.341345118214,0.0746080914885759
32470,0.09657916870714985,-546.973525539418,7274.174467506769,3149.603340506448,4124.571127000321,0.07455902987760639
32475,0.09659404076885406,-570.5343757693063,7222.512650876239,3110.9723757194647,4111.540275156774,0.0744689739733438
32480,0.09660891283055827,-598.0078684185992,7174.507997124158,3074.6067412723773,4099.901255851781,0.07433909601081747
32485,0.09662378489226248,-629.9515370712406,7130.580462709137,3040.3621925398616,4090.218270169275,0.07417117097723111
32490,0.0966386569539667,-666.9700464716725,7091.000582051282,3008.0476304425056,4082.952951608777,0.07441131774585787
32495,0.09665352901567091,-709.6314771067382,7055.882979159542,2977.425028687123,4078.457950472419,0.07468163968932386
32500,0.09666840107737512,-758.38289961806,7025.186612146124,2948.2088457592376,4076.9777663868867,0.0749052787172201
32505,0.09668327313907933,-813.4745881735689,6998.721245854518,2920.065730396156,4078.655515458362,0.07508078122635418
32510,0.09669814520078354,-874.9015926456341,6976.159299863493,2892.615489057151,4083.543810806342,0.07520757011408835
32515,0.09671301726248775,-942.3696890476567,6957.052006315336,2865.434331315436,4091.6176749999004,0.07528594328531601
32520,0.09672788932419196,-1015.2901531548796,6940.848747003364,2838.061308725983,4102.787438277381,0.07531701247701689
32525,0.09674276138589617,-1092.8046512214887,6926.918507240538,2810.008598907244,4116.909908333294,0.07530259325760758
32530,0.09675763344760038,-1173.8381690644032,6914.572548963555,2780.7758752715517,4133.796673692003,0.07524506175234857
32535,0.0967725055093046,-1257.1746900482394,6903.0876188242855,2749.868494841884,4153.2191239824015,0.07514719576608796
32540,0.0967873775710088,-1341.547668802718,6891.729218164499,2716.818709448809,4174.9105087156895,0.07501201747733618
32545,0.09680224963271303,-1425.735574907585,6879.7746272093955,2681.208645694969,4198.565981514426,0.0748426521813166
32550,0.09681712169441724,-1508.6521456629293,6866.535465794625,2642.6934802614696,4223.841985533156,0.0746422133758166
32555,0.09683199375612145,-1589.4215857031245,6851.3795753112645,2601.0231024716354,4250.356472839629,0.07441371961899636
32560,0.09684686581782566,-1667.4307069870206,6833.7519280862025,2556.0606099774277,4277.691318108775,0.07449354326759369
32565,0.09686173787952987,-1742.3526840885238,6813.194134320821,2507.796196427868,4305.3979378929525,0.07459472351635364
32570,0.09687660994123408,-1814.1403660341598,6789.361957832208,2456.3553134879,4333.006644344308,0.07464428870639923
32575,0.09689148200293829,-1882.990539009555,6762.040109404968,2402.000374599437,4360.03973480553,0.07464554598978011
32580,0.0969063540646425,-1949.2837624423041,6731.153496456656,2345.125678988903,4386.027817467753,0.07460216224839311
32585,0.09692122612634671,-2013.5070156341403,6696.774096058037,2286.245652976474,4410.528443081563,0.07451798167640894
32590,0.09693609818805092,-2076.1680690526064,6659.122697513018,2225.9769222564714,4433.145775256546,0.07439686375170271
32595,0.09695097024975513,-2137.711025051493,6618.564929131696,2165.0151299177564,4453.549799213939,0.07424255177512953
32600,0.09696584231145935,-2198.441813776022,6575.601228074829,2104.107772236951,4471.493455837878,0.07407366317284428
32605,0.09698071437316357,-2258.4707317830844,6530.850711321901,2044.0245933987117,4486.8261179231895,0.07410379847970217
32610,0.09699558643486778,-2317.676698662976,6485.0292357153285,1985.527211860334,4499.502023854994,0.07413253013972447
32615,0.09701045849657199,-2375.6952135283077,6438.922272172176,1929.3396090237093,4509.582663148467,0.07409930826497836
32620,0.0970253305582762,-2431.9294557824255,6393.353542713767,1876.1208914155293,4517.232651298237,0.07399883536802124
32625,0.0970402026199804,-2485.5819309060234,6349.150661649122,1826.4413791107697,4522.709282538352,0.07405700799912612
32630,0.09705507468168462,-2535.7026832494485,6307.109269271605,1780.7626523321865,4526.346616939418,0.07406628638152345
32635,0.09706994674338883,-2581.249377524925,6267.957333512101,1739.4218008242535,4528.535532687848,0.07400641197182267
32640,0.09708481880509304,-2621.154351775498,6232.321406717736,1702.619853250053,4529.701553467683,0.07389058122526428
32645,0.09709969086679725,-2654.3938783486133,6200.69664404633,1670.4142657516807,4530.28237829465,0.07396605683462165
32650,0.09711456292850146,-2680.055174452236,6173.422300396873,1642.7154149603778,4530.706885436495,0.07397334083817539
32655,0.09712943499020568,-2697.397093147415,6150.6642128604435,1619.2872131979539,4531.37699966249,0.07390550805238144
32660,0.09714430705190989,-2705.9008889856104,6132.40544441122,1599.7521511981859,4532.653293213034,0.0738554460919799
32665,0.0971591791136141,-2705.308023364876,6118.445825655614,1583.601181988701,4534.844643666913,0.07390748444915485
32670,0.09717405117531831,-2695.6426863178135,6108.410614565879,1570.2088206681058,4538.201793897773,0.07388262402529487
32675,0.09718892323702252,-2677.2175692268543,6101.767941647903,1558.8536246358326,4542.914317012071,0.07377378326673457
32680,0.09720379529872673,-2650.6224050249702,6097.854169029628,1548.7438595921515,4549.110309437477,0.07366656635859915
32685,0.09721866736043094,-2616.695867583144,6095.905814154319,1539.047704871511,4556.858109282808,0.07367450859081237
32690,0.09723353942213515,-2576.4825609620275,6095.09631086293,1528.9268806809541,4566.169430181976,0.0736558005183746
32695,0.09724841148383936,-2531.1779915980587,6094.575627156527,1517.5721628153533,4577.003464341174,0.07355942807293456
32700,0.09726328354554357,-2482.0655197411725,6093.510638242666,1504.2389490854937,4589.271689157172,0.07354719694314266
32705,0.09727815560724778,-2430.450180537258,6091.1241595146275,1488.2809001454348,4602.843259369192,0.07352372829764042
32710,0.09729302766895201,-2377.594748195258,6086.730661195051,1469.1797189679203,4617.550942227131,0.07341037251158873
32715,0.09730789973065622,-2324.6632958387463,6079.766895483127,1446.5693580450716,4633.197537438055,0.07324824500710203
32720,0.09732277179236043,-2272.676683987464,6069.815951610493,1420.2533266162568,4649.562624994236,0.0732674993767342
32725,0.09733764385406464,-2222.482963467984,6056.623603234141,1390.214262999611,4666.40934023453,0.0732730881381016
32730,0.09735251591576885,-2174.7438508404457,6040.106219627655,1356.6154731558431,4683.490746471813,0.07318989139606144
32735,0.09736738797747306,-2129.936583878051,6020.349970547272,1319.794644963164,4700.555325584108,0.07308768042895832
32740,0.09738226003917727,-2088.3689461907593,5997.601550922167,1280.2503684103963,4717.351182511771,0.07306298385305325
32745,0.09739713210088148,-2050.2043032875727,5972.251160032817,1238.622390409111,4733.628769623706,0.07303326781669527
32750,0.09741200416258569,-2015.493175279792,5944.8089512024235,1195.66670553602,4749.142245666404,0.0730068765587685
32755,0.0974268762242899,-1984.2080689668264,5915.876573155846,1152.2266541441197,4763.6499190117265,0.07297102654033412
32760,0.09744174828599411,-1956.2787824595366,5886.115702955059,1109.2012047702065,4776.914498184852,0.07293487383217352
32765,0.09745662034769834,-1931.6259473201621,5856.215582999862,1067.5115758675659,4788.704007132296,0.07296691663635195
32770,0.09747149240940255,-1910.1910234706133,5826.861502310681,1028.0673280487488,4798.794174261932,0.07324066330821026
32775,0.09748636447110676,-1891.961254557792,5798.705914448491,991.7330416923305,4806.9728727561605,0.07344275181637315
32780,0.09750123653281097,-1876.9882641601312,5772.34349894224,959.2966825487362,4813.046816393504,0.07370999790196775
32785,0.09751610859451518,-1865.3991179247237,5748.29101028498,931.4407391386085,4816.850271146372,0.0739035460665075
32790,0.09753098065621939,-1857.3988930572573,5726.972288924378,908.7171771447117,4818.255111779666,0.0740112190315707
32795,0.0975458527179236,-1853.264161202348,5708.708398028256,891.5271837376104,4817.181214290646,0.0742796622250171
32800,0.09756072477962781,-1853.3273456083116,5693.712545197058,880.1065540243738,4813.605991172684,0.07472780954081584
32805,0.09757559684133202,-1857.9526597718009,5682.089269162258,874.5173884848899,4807.5718806773675,0.07508757498223156
32810,0.09759046890303623,-1867.505226420517,5673.837307854046,874.6465160124632,4799.190791841583,0.07535793253100702
32815,0.09760534096474044,-1882.3159075633366,5668.855582838646,880.2107370626023,4788.644845776043,0.07553888204911414
32820,0.09762021302644466,-1902.6451864649557,5666.951791730051,890.7686195045924,4776.183172225458,0.07564177981765365
32825,0.09763508508814887,-1928.6499387993422,5667.853153521527,905.7382180970362,4762.114935424491,0.07610712730962708
32830,0.09764995714985308,-1960.356946950324,5671.2188756774085,924.419777687915,4746.799097989493,0.07648187175069909
32835,0.0976648292115573,-1997.6464699810726,5676.653900859237,946.0222643960986,4730.631636463138,0.0767643855806431
32840,0.0976797012732615,-2040.2481297684185,5683.7234591149,969.6924714411753,4714.030987673725,0.07695422909520609
32845,0.09769457333496571,-2087.7499765577963,5691.967923070125,994.5454624496737,4697.422460620452,0.0771340225314084
32850,0.09770944539666993,-2139.6200889898005,5700.917464532532,1019.695215594959,4681.222248937573,0.07756430684399081
32855,0.09772431745837414,-2195.238679545693,5710.1060570466625,1044.2844747665708,4665.821582280092,0.0778998493665324
32860,0.09773918952007835,-2253.9375946961068,5719.0844620790385,1067.5129595711164,4651.571502507923,0.07813895591853008
32865,0.09775406158178256,-2315.043410789623,5727.431963673815,1088.6632098218506,4638.768753851964,0.07828118443712402
32870,0.09776893364348677,-2377.9200375423848,5734.7667535543615,1107.123437794281,4627.64331576008,0.07865632962986108
32875,0.09778380570519099,-2442.0068039243138,5740.754987323645,1122.4068443960837,4618.348142927562,0.07899823816364822
32880,0.0977986777668952,-2506.8483645187043,5745.118606138927,1134.1669410410848,4610.951665097842,0.07923919857340167
32885,0.09781354982859941,-2572.1134055487664,5747.642029386356,1142.2085195427026,4605.433509843653,0.0793778938063048
32890,0.09782842189030362,-2637.6000507042495,5748.177768474097,1146.4940275049282,4601.683740969169,0.07960574482598301
32895,0.09784329395200783,-2703.2270562727513,5746.650902114917,1147.1452243212673,4599.50567779365,0.07991008205609158
32900,0.09785816601371204,-2769.011289834355,5743.062216723905,1144.4400964756549,4598.62212024825,0.08010807783572077
32905,0.09787303807541625,-2835.0335127368717,5737.489688939364,1138.8050901580002,4598.684598781364,0.08019771102662548
32910,0.09788791013712046,-2901.396003273653,5730.0879090273575,1130.802777902559,4599.285131124799,0.08026945708146226
32915,0.09790278219882467,-2968.1768671716572,5721.085043350297,1121.1151320588356,4599.969911291462,0.080533002869905
32920,0.09791765426052888,-3035.3866928432285,5710.777023553519,1110.522655967973,4600.254367585546,0.08074717914742187
32925,0.0979325263222331,-3102.9331979601848,5699.5188214353375,1099.8797428348219,4599.639078600516,0.08108044481933573
32930,0.09794739838393732,-3170.598499817027,5687.712894960345,1090.086795672617,4597.626099287728,0.08142572112238017
32935,0.09796227044564153,-3238.031738877384,5675.795134652419,1082.0598328754113,4593.735301777007,0.08168336875182781
32940,0.09797714250734574,-3304.757397559746,5664.218861125605,1076.698492062721,4587.520369062884,0.08185277385241226
32945,0.09799201456904995,-3370.197311655798,5653.43759196708,1074.8534956130532,4578.584096354027,0.0821751160452942
32950,0.09800688663075416,-3433.702524603495,5643.887391772523,1077.294729678598,4566.592662093925,0.0824516481910117
32955,0.09802175869245837,-3494.5900559487654,5635.969641108403,1084.681106409636,4551.288534698768,0.08263009740263905
32960,0.09803663075416258,-3552.179410396984,5630.035020534384,1097.5333362767094,4532.501684257674,0.08270837699872755
32965,0.09805150281586679,-3605.8241355679734,5626.369424287114,1116.2106546114248,4510.15876967569,0.08291993331221849
32970,0.098066374877571,-3654.9347401169216,5625.182415443944,1140.8924450754746,4484.289970368469,0.08307341361074803
32975,0.09808124693927521,-3698.9906075766803,5626.598724972239,1171.5655946586426,4455.033130313597,0.08311349689726127
32980,0.09809611900097942,-3737.5400515174933,5630.653186409527,1208.01829784044,4422.634888569087,0.08303724591115783
32985,0.09811099106268364,-3770.1892682002645,5637.289382253039,1249.8408889443563,4387.448493308682,0.08305581610596015
32990,0.09812586312438785,-3796.582539431576,5646.362148297264,1296.4341060541526,4349.928042243111,0.08301464332131213
32995,0.09814073518609207,-3816.3774362534896,5657.643929619438,1347.024967455381,4310.618962164057,0.08299053118882666
33000,0.09815560724779628,-3829.2197565450715,5670.834804062613,1400.6901719990042,4270.14463206361,0.08324752910192301
33005,0.09817047930950049,-3834.7233214355406,5685.575792511762,1456.3866257210773,4229.189166790685,0.08344825010617965
33010,0.0981853513712047,-3832.459462190848,5701.464875890549,1512.988359995158,4188.476515895391,0.08374856405943847
33015,0.0982002234329089,-3821.96003446727,5718.074958673884,1569.3287532158265,4148.746205458057,0.08393903386760464
33020,0.09821509549461312,-3802.7361646270056,5734.972881285173,1624.2466099229032,4110.7262713622695,0.08401447307799968
33025,0.09822996755631733,-3774.3128323857077,5751.7385088291685,1676.6343037745958,4075.104205054573,0.08397113389467825
33030,0.09824483961802154,-3736.277104223599,5767.982922865185,1725.4858795211492,4042.497043344036,0.08394467536329085
33035,0.09825971167972575,-3688.3356822096202,5783.364816794517,1769.9427736320322,4013.4220431624844,0.08387985803472774
33040,0.09827458374142997,-3630.375723132989,5797.604332433126,1809.3347027685722,3988.2696296645536,0.08367940850689765
33045,0.09828945580313418,-3562.5218375469967,5810.493754274032,1843.2133312178119,3967.2804230562197,0.08339208915191267
33050,0.09830432786483839,-3485.181953991212,5821.904673054696,1871.3765932981828,3950.5280797565133,0.08375689559471487
33055,0.0983191999265426,-3399.0754238875625,5831.791418430147,1893.8820159639868,3937.9094024661604,0.08401232974124886
33060,0.09833407198824681,-3305.23835518909,5840.190727730369,1911.0480261958926,3929.142701534476,0.0841512451946514
33065,0.09834894404995102,-3205.0035745403948,5847.217761899122,1923.4429720275039,3923.774789871618,0.08416834535269979
33070,0.09836381611165523,-3099.9555507281293,5853.058709078199,1931.8623517321553,3921.196357346044,0.08406046746866824
33075,0.09837868817335944,-2991.8636550774945,5857.960343098173,1937.295450208907,3920.6648928892664,0.08393913023598996
33080,0.09839356023506365,-2882.599813182601,5862.217037073013,1940.8831596861414,3921.3338773868713,0.08374814500167577
33085,0.09840843229676786,-2774.0484859861335,5866.155870359441,1943.8691756409667,3922.2866947184743,0.08341538349980879
33090,0.09842330435847207,-2668.0177140960627,5870.120597186791,1947.5469979924783,3922.573599194313,0.08378084772358756
33095,0.0984381764201763,-2566.159574154275,5874.455344109406,1953.2052440997452,3921.250100009661,0.08403163110549641
33100,0.09845304848188051,-2469.906942387386,5879.488944200833,1962.0737191537792,3917.4152250470543,0.08415219803670035
33105,0.09846792054358472,-2380.4312213182393,5885.520776949222,1975.2725214314564,3910.2482555177653,0.08413567112030282
33110,0.09848279260528893,-2298.623043363372,5892.808856416061,1993.7662143179543,3899.0426420981066,0.08397843699520875
33115,0.09849766466699314,-2225.0953123420622,5901.560706908626,2018.3247995718225,3883.235907336804,0.08368051562187608
33120,0.09851253672869735,-2160.205612693522,5911.927312698811,2049.49289684515,3862.434415853661,0.08358444140000529
33125,0.09852740879040156,-2104.0932430459766,5924.000164310859,2087.5681853460737,3836.4319789647852,0.08382522837635162
33130,0.09854228085210577,-2056.725057243218,5937.811188466598,2132.5897993191243,3805.2213891474735,0.08393056340592421
33135,0.09855715291380998,-2017.943973888804,5953.335174974249,2184.336989278433,3768.9981856958157,0.08389494621387578
33140,0.09857202497551419,-1987.5144139055421,5970.494220084963,2242.337966759816,3728.1562533251467,0.0837166753987466
33145,0.0985868970372184,-1965.1599414905559,5989.163692128746,2305.888451279333,3683.2752408494134,0.08344546326252014
33150,0.09860176909892263,-1950.5898592004296,6009.179273660859,2374.0790550686957,3635.100218592163,0.0832327881080469
33155,0.09861664116062684,-1943.5132468599227,6030.344715173028,2445.8303020404014,3584.5144131326265,0.08345037874764882
33160,0.09863151322233105,-1943.6407235932843,6052.440016878875,2519.9338089423454,3532.50620793653,0.08356850417555495
33165,0.09864638528403526,-1950.6758468723933,6075.229812837176,2595.0979753658335,3480.1318374713424,0.08352883290332795
33170,0.09866125734573947,-1964.299366071536,6098.471755125572,2669.9964368059364,3428.4753183196353,0.08332943742164484
33175,0.09867612940744368,-1984.1503831449872,6121.924688984267,2743.3175176720724,3378.6071713121946,0.08297325773162068
33180,0.09869100146914789,-2009.808742547907,6145.356388043606,2813.812955023593,3331.543433020013,0.08298460621034366
33185,0.0987058735308521,-2040.7826355798202,6168.550602085055,2880.344223800064,3288.2063782849914,0.08308517153161643
33190,0.09872074559255631,-2076.504495942553,6191.313176024131,2941.92486541568,3249.3883106084513,0.08302759036658984
33195,0.09873561765426052,-2116.3369043314033,6213.477038199399,2997.7573058222533,3215.719732377146,0.08281195295914602
33200,0.09875048971596473,-2159.588607785827,6234.905928131128,3047.2627644065674,3187.643163724561,0.08244314185254403
33205,0.09876536177766895,-2205.5391415605986,6255.496827918251,3090.103026552332,3165.3938013659194,0.08229333991491332
33210,0.09878023383937316,-2253.4691756937887,6275.181158776372,3126.1931017860948,3148.9880569902775,0.08234140387132188
33215,0.09879510590107737,-2302.6928115268015,6293.924883019645,3155.7041240623366,3138.220758957308,0.08223353018278688
33220,0.09880997796278158,-2352.5877488035635,6311.727692934553,3179.0562595895503,3132.6714333450022,0.08197269178491158
33225,0.0988248500244858,-2402.6195386961126,6328.621461513685,3196.9018402135785,3131.7196213001066,0.08156634119733625
33230,0.09883972208619,-2452.356937781772,6344.668080032896,3210.09939440931,3134.5686856235857,0.08138787628670135
33235,0.09885459414789421,-2501.476524067039,6359.956732518451,3219.679661672663,3140.277070845788,0.08135833280786198
33240,0.09886946620959843,-2549.7560458930234,6374.600585929411,3226.805019096385,3147.795566833026,0.0811777528267666
33245,0.09888433827130264,-2597.0572685391417,6388.732837289636,3232.724005087727,3156.008832201909,0.08085258484876674
33250,0.09889921033300685,-2643.3002065292308,6402.502076302072,3238.7227900135626,3163.7792862885094,0.0803931368640581
33255,0.09891408239471106,-2688.4314708096417,6416.066998565342,3246.075518608908,3169.991479956434,0.08023090544845016
33260,0.09892895445641528,-2732.389966718832,6429.5906254123665,3255.9954394846914,3173.595185927675,0.08010552432956469
33265,0.09894382651811949,-2775.073359612763,6443.23432093777,3269.588650343727,3173.6456705940427,0.079837507899235
33270,0.0989586985798237,-2816.3086284989386,6457.152007893216,3287.812133182017,3169.339874711199,0.07945328086415739
33275,0.09897357064152791,-2855.8297086733537,6471.485039087739,3311.437544454082,3160.047494633657,0.0791770384011858
33280,0.09898844270323212,-2893.2647139219293,6486.358160308952,3341.021977372584,3145.3361829363685,0.07909343982132837
33285,0.09900331476493633,-2928.1345264660167,6501.876902570203,3376.8866462602095,3124.9902563099936,0.07887262497334288
33290,0.09901818682664054,-2959.863628866633,6518.126580323884,3419.10417338675,3099.022406937134,0.07852286869199708
33295,0.09903305888834475,-2987.802918805798,6535.1728752589115,3467.4948974416625,3067.677977817249,0.07805541108561118
33300,0.09904793095004896,-3011.262945016123,6553.063785488271,3521.6323706090966,3031.431414879174,0.07785734003177773
33305,0.09906280301175317,-3029.5546746328737,6571.832550318677,3580.8579607732295,2990.9745895454475,0.07764721675942039
33310,0.09907767507345738,-3042.033786196417,6591.501048229392,3644.3042152009816,2947.1968330284103,0.07731065997903586
33315,0.09909254713516161,-3048.143848156641,6612.08312656063,3710.9263626502648,2901.1567639103655,0.07685958673779962
33320,0.09910741919686582,-3047.45379376606,6633.587359299238,3779.54103073689,2854.046328562348,0.07632647999476716
33325,0.09912229125857003,-3039.685885154232,6656.018835341424,3848.870944964872,2807.1478903765524,0.07612355928491414
33330,0.09913716332027424,-3024.731727467707,6679.379734896171,3917.5940773226516,2761.785657573519,0.07580043493657497
33335,0.09915203538197845,-3002.655556802857,6703.668631364193,3984.3954540767995,2719.2731772873935,0.07537010886619837
33340,0.09916690744368266,-2973.685645581072,6728.878633611302,4048.019639302067,2680.8589943092347,0.07484708306678073
33345,0.09918177950538687,-2938.1959726303344,6754.994635659744,4107.321796281,2647.6728393787434,0.07429865529104525
33350,0.09919665156709108,-2896.681153483267,6781.990050861686,4161.315193826756,2620.67485703493,0.07400741382401171
33355,0.09921152362879529,-2849.7280110695724,6809.823467809253,4209.213063315396,2600.6104044938575,0.0736181135061262
33360,0.0992263956904995,-2797.987149610859,6838.435676285704,4250.462823407472,2587.9728528782325,0.07339439686112594
33365,0.09924126775220371,-2742.1475318851826,6867.7474801226035,4284.770883036317,2582.9765970862863,0.07337158915850256
33370,0.09925613981390793,-2682.9163777275085,6897.658649280382,4312.11653070146,2585.542118578922,0.07334448361342298
33375,0.09927101187561214,-2621.0057269005383,6928.048274312635,4332.753844293315,2595.2944300193203,0.07330849619322705
33380,0.09928588393731635,-2557.1258338865946,6958.776678877684,4347.2011246157,2611.5755542619845,0.07326376150318824
33385,0.09930075599902057,-2491.9843688065357,6989.688924295457,4356.218054550584,2633.4708697448723,0.07325145238362567
33390,0.09931562806072478,-2426.2894300391567,7020.619808800006,4360.771563952784,2659.8482448472214,0.07323624453749482
33395,0.09933050012242899,-2360.753850773452,7051.400130546479,4361.992152540875,2689.4079780056036,0.07321237396762274
33400,0.0993453721841332,-2296.098321045206,7081.863859470301,4361.123086247543,2720.7407732227575,0.07317998968325906
33405,0.0993602442458374,-2233.0514185242673,7111.855764109977,4359.465342639206,2752.390421470771,0.07314480091601044
33410,0.09937511630754162,-2172.3455783540503,7141.238981120706,4358.321377260995,2782.9176038597107,0.07310398368776382
33415,0.09938998836924583,-2114.70908833603,7169.902008624493,4358.940701874439,2810.961306750054,0.07305491180843261
33420,0.09940486043095004,-2060.8551237983015,7197.764652149101,4362.46994035589,2835.294711793211,0.07299900783773626
33425,0.09941973249265426,-2011.4694550025765,7224.7825457321715,4369.909524709325,2854.873021022847,0.07294144636289633
33430,0.09943460455435847,-1967.1986868884528,7250.949994070573,4382.07859211079,2868.871401959783,0.07287594260984671
33435,0.09944947661606268,-1928.6407394878765,7276.301013590518,4399.589020471786,2876.7119931187317,0.07280270395709253
33440,0.09946434867776689,-1896.3388293162602,7300.908571811515,4422.828956299994,2878.0796155115204,0.07273348019121799
33445,0.0994792207394711,-1870.7795801617694,7324.882121790086,4451.95568754452,2872.9264342455663,0.07268953512856755
33450,0.09949409280117531,-1852.3951888196957,7348.363596205056,4486.897320797342,2861.4662754077135,0.0726387925209732
33455,0.09950896486287952,-1841.5688931127952,7371.52206574088,4527.362446774789,2844.1596189660913,0.0725819718252906
33460,0.09952383692458373,-1838.6424133491892,7394.5472865215,4572.856817415611,2821.690469105889,0.07252207738786377
33465,0.09953870898628794,-1843.9236284282733,7417.6423721022875,4622.705997026794,2794.9363750754937,0.07245455642875166
33470,0.09955358104799215,-1857.6925580202305,7441.015837037088,4676.082962561686,2764.932874475402,0.07250295508357357
33475,0.09956845310969636,-1880.2037913136019,7464.87327821731,4732.039680330526,2732.8335978867844,0.0725839529778658
33480,0.09958332517140059,-1911.683846528504,7489.4089882419585,4789.541742381527,2699.8672458604315,0.07266534401193325
33485,0.0995981972331048,-1952.3225497096555,7514.7978270092535,4847.505175356996,2667.2926516522575,0.07274671920370872
33490,0.09961306929480901,-2002.2583409720305,7541.187703299394,4904.8345198837105,2636.353183415684,0.07282762902542322
33495,0.09962794135651322,-2061.5583721190087,7568.693024836194,4960.461217068515,2608.231807767679,0.07290759045608627
33500,0.09964281341821743,-2130.1952385540008,7597.389452471605,5013.3812423107975,2584.0082101608077,0.07298609658927802
33505,0.09965768547992164,-2208.0230423672256,7627.310236331793,5062.690818041457,2564.6194182903364,0.07306262841088401
33510,0.09967255754162585,-2294.75604188477,7658.444321193629,5107.6189444094225,2550.825376784206,0.07313666805908631
33515,0.09968742960333006,-2389.9532467173613,7690.736294735018,5147.555439759416,2543.1808549756024,0.07320771266168351
33520,0.09970230166503427,-2493.011870375796,7724.088130933791,5182.073207979321,2542.0149229544704,0.07327528774555324
33525,0.09971717372673848,-2603.1715723192233,7758.362569769534,5210.943569056962,2547.4190007125726,0.07333895924147175
33530,0.09973204578844269,-2719.53005565889,7793.387890197057,5234.143716456267,2559.24417374079,0.07339834325591897
33535,0.09974691785014692,-2841.069086916893,7828.963787906804,5251.855703220707,2577.108084686097,0.07345311302252255
33540,0.09976178991185113,-2966.688653937536,7864.868066103239,5264.4567964172575,2600.411269685981,0.07350300273905659
33545,0.09977666197355534,-3095.246011037698,7900.863879620091,5272.501546035832,2628.3623335842594,0.07354780829569295
33550,0.09979153403525955,-3225.5958991365105,7936.707324443799,5276.696440047886,2660.0108843959124,0.07358738516527365
33555,0.09980640609696376,-3356.6282728661727,7972.155215477227,5277.868498881576,2694.2867165956513,0.07362164392787296
33560,0.09982127815866797,-3487.3003281968454,8006.972926557519,5276.9295366139595,2730.0433899435593,0.0736505440278627
33565,0.09983615022037218,-3616.660379849468,8040.94216787512,5274.838034176017,2766.104133699103,0.07367408641606889
33570,0.09985102228207639,-3743.8620712973216,8073.868548646242,5272.560610201543,2801.307938444699,0.07369230572660292
33575,0.0998658943437806,-3868.16841379201,8105.588729818308,5271.034946159455,2834.553783658853,0.07370526259519185
33580,0.09988076640548481,-3988.9461609073414,8135.976931138088,5271.135756977287,2864.8411741608006,0.07371303665752789
33585,0.09989563846718902,-4105.651952158001,8164.950535933736,5273.645042972159,2891.3054929615773,0.0737157206802944
33590,0.09991051052889324,-4217.812427877714,8192.47454439982,5279.227462816709,2913.247081583111,0.07371341617584272
33595,0.09992538259059745,-4325.001065311913,8218.564660515514,5288.411274543181,2930.153385972333,0.07370623073239195
33600,0.09994025465230166,-4426.814772617144,8243.288848859145,5301.574937808052,2941.7139110510934,0.07369427715424717
33605,0.09995512671400587,-4522.853288545945,8266.767252116886,5318.939181949275,2947.8280701676113,0.07367767435334002
33610,0.09996999877571008,-4612.704174231509,8289.170406800522,5340.564138436348,2948.606268364174,0.07365654977148045
33615,0.0999848708374143,-4695.935657843678,8310.715728744197,5366.351021953054,2944.3647067911425,0.07363104295280799
33620,0.0999997428991185,-4772.098808922865,8331.662263797685,5396.0478211412565,2935.6144426564288,0.07360130974239325
33625,0.10001461496082271,-4840.739488071791,8352.303720824058,5429.258517001036,2923.0452038230223,0.07356752647809181
33630,0.10002948702252693,-4901.419280958789,8372.959834201667,5465.455462579616,2907.5043716220507,0.07352989349130327
33635,0.10004435908423114,-4953.743288647444,8393.96615074583,5503.994700464651,2889.9714502811785,0.07348863726334709
33640,0.10005923114593535,-4997.391396794776,8415.662406648235,5544.134126330795,2871.5282803174396,0.0734440107185688
33645,0.10007410320763957,-5032.148735114681,8438.37975315226,5585.054487351986,2853.325265800274,0.07339629137847183
33650,0.10008897526934378,-5057.930716386805,8462.427199196729,5625.883200343543,2836.543998853186,0.073345777432756
33655,0.10010384733104799,-5074.798471337908,8488.077754542339,5665.720868005168,2822.356886537171,0.07329278215074678
33660,0.1001187193927522,-5082.96167373031,8515.554864601472,5703.6701662972155,2811.8846983042567,0.07323762738241013
33665,0.10013359145445641,-5082.767504567486,8545.019814095234,5738.866497403605,2806.1533166916297,0.07318063709663303
33670,0.10014846351616062,-5074.676534772086,8576.560827389774,5770.509492775022,2806.051334614752,0.07312213191020692
33675,0.10016333557786483,-5059.228266606924,8610.18459729405,5797.894157406339,2812.290439887711,0.07306242535354526
33680,0.10017820763956904,-5037.000655495035,8645.810922931596,5820.440214071125,2825.3707088604706,0.07300182223664212
33685,0.10019307970127325,-5008.568904430917,8683.271026793029,5837.7180690586065,2845.5529577344223,0.0729406190103521
33690,0.10020795176297746,-4974.469040925631,8722.309952588499,5849.46980245125,2872.840150137249,0.07287910557951748
33695,0.10022282382468167,-4935.171197996936,8762.593226819492,5855.623700392205,2906.969526427287,0.07281756772184404
33700,0.1002376958863859,-4891.066170994431,8803.717712542742,5856.30110077538,2947.416611767362,0.07275628916473863
33705,0.10025256794809011,-4842.466875217512,8845.22631393333,5851.814714513468,2993.411599419862,0.07269555247825066
33710,0.10026744000979432,-4789.624076374205,8886.625928764523,5842.658094667073,3043.9678340974497,0.07263563820833584
33715,0.10028231207149853,-4732.75359187884,8927.407817142439,5829.486517998558,3097.921299143881,0.07257682202046316
33720,0.10029718413320274,-4672.070463533961,8967.069379794624,5813.090159131498,3153.9792206631264,0.07251936996469416
33725,0.10031205619490695,-4607.824689659286,9005.1362324685,5794.361002020887,3210.7752304476126,0.07246353224644635
33730,0.10032692825661116,-4540.333115117883,9041.183430933745,5774.255370848695,3266.9280600850498,0.07240953606208932
33735,0.10034180031831537,-4470.002949285718,9074.854741714058,5753.754213569702,3321.100528144356,0.07235757813680352
33740,0.10035667238001958,-4397.343885617202,9105.878958636977,5733.823309591847,3372.05564904513,0.07230781760448123
33745,0.10037154444172379,-4322.967605800526,9134.082422426147,5715.375411113867,3418.70701131228,0.0722603698203216
33750,0.100386416503428,-4247.5752280310135,9159.397096747345,5699.236011813836,3460.1610849335093,0.07221530161376254
33755,0.10040128856513222,-4171.93472346269,9181.863777282553,5686.114031845358,3495.749745437195,0.07230561311177204
33760,0.10041616062683643,-4096.851303737767,9201.630250895892,5676.578280215428,3525.0519706804644,0.07231549542527342
33765,0.10043103268854064,-4023.134221296641,9218.944472248271,5671.040156858669,3547.904315389602,0.07221219788443337
33770,0.10044590475024485,-3951.5633722426123,9234.143078786017,5669.742719936727,3564.4003588492906,0.07226077543510487
33775,0.10046077681194907,-3882.858666482816,9247.635813757608,5672.755983597271,3574.8798301603374,0.0723325118732411
33780,0.10047564887365328,-3817.6544766459733,9259.88665839209,5679.978129047125,3579.9085293449652,0.07229777766840129
33785,0.10049052093535749,-3756.480729389381,9271.392670728868,5691.142201020089,3580.2504697087797,0.072192249405794
33790,0.1005053929970617,-3699.751459466125,9282.661667542385,5705.827810863066,3576.833856679319,0.07231690022561059
33795,0.1005202650587659,-3647.760960741957,9294.189945090264,5723.477360249943,3570.712584840321,0.07235416786492048
33800,0.10053513712047012,-3600.687051835665,9306.441198433284,5743.416314151572,3563.024884281712,0.07227887289049993
33805,0.10055000918217433,-3558.60041705031,9319.827665207138,5764.877062192336,3554.9506030148023,0.07224845442382859
33810,0.10056488124387855,-3521.4784848402905,9334.694302183128,5787.025887490598,3547.668414692531,0.07235827074783203
33815,0.10057975330558276,-3489.2218999129145,9351.3065318852,5808.992491384336,3542.3140405008644,0.07236386011687737
33820,0.10059462536728697,-3461.6714115900586,9369.84181193122,5829.901393676626,3539.940418254593,0.07225176285217136
33825,0.10060949742899118,-3438.623043263251,9390.385022546343,5848.904350780854,3541.480671765489,0.07231327103588096
33830,0.10062436949069539,-3419.83980210679,9412.927469622746,5865.212733624999,3547.714735997747,0.07239753989211158
33835,0.1006392415523996,-3405.058926112306,9437.369177743789,5878.128619361231,3559.2405583825575,0.07237233399308597
33840,0.10065411361410381,-3393.994624382041,9463.524097149966,5887.07321398524,3576.4508831647263,0.07222488903782139
33845,0.10066898567580802,-3386.337229891848,9491.127852395472,5891.611170660414,3599.5166817350573,0.07235919016349399
33850,0.10068385773751223,-3381.7504127113493,9519.847691171177,5891.469424834673,3628.3782663365037,0.07241768505887902
33855,0.10069872979921644,-3379.868421958184,9549.294321943215,5886.5493448282805,3662.744977114934,0.07236194263003891
33860,0.10071360186092065,-3380.295191287695,9579.035339337514,5876.931296412233,3702.1040429252807,0.07228026971676191
33865,0.10072847392262488,-3382.606644787524,9608.609919950262,5862.871130370247,3745.7387895800157,0.07238557608011678
33870,0.10074334598432909,-3386.356848920947,9637.54443443823,5844.788596983202,3792.755837455028,0.07240419375699722
33875,0.1007582180460333,-3391.0879462079924,9665.368577571802,5823.2482280744825,3842.1203494973197,0.07231829543623304
33880,0.10077309010773751,-3396.343191742666,9691.631579849009,5798.933747755421,3892.6978320935877,0.07230791907961617
33885,0.10078796216944172,-3401.681932754591,9715.918039867178,5772.617511652172,3943.300528215006,0.07237609183682521
33890,0.10080283423114593,-3406.695017964063,9737.86290585839,5745.126771583587,3992.7361342748036,0.07234081172826873
33895,0.10081770629285014,-3411.0188960568707,9757.16513240097,5717.30868044746,4039.856451953511,0.07222639509628717
33900,0.10083257835455435,-3414.346594718365,9773.599538930193,5689.995885460177,4083.603653470016,0.0722908943671922
33905,0.10084745041625856,-3416.4339228659414,9787.02639956145,5663.974335787987,4123.052063773463,0.07232166628578204
33910,0.10086232247796277,-3417.0996558766196,9797.398305019642,5639.954606317628,4157.443698702014,0.07226282318226988
33915,0.10087719453966698,-3416.2191384410567,9804.76386881568,5618.547674295565,4186.216194520115,0.07213675501103554
33920,0.1008920666013712,-3413.711592005251,9809.26791455876,5600.2457335015715,4209.022181057189,0.07223492181446775
33925,0.10090693866307542,-3409.5223071404216,9811.147889713418,5585.408326973395,4225.739562740024,0.07223012589801332
33930,0.10092181072477963,-3403.601682357986,9810.72640654154,5574.253838996375,4236.4725675451655,0.07215793571560905
33935,0.10093668278648384,-3395.88361009238,9808.400008068887,5566.856207999817,4241.54380006907,0.07204207756139817
33940,0.10095155484818805,-3386.265927542385,9804.624481416047,5563.146592171437,4241.47788924461,0.07211148258402827
33945,0.10096642690989226,-3374.5955151944936,9799.897271087837,5562.919624337644,4236.977646750193,0.07207591359909021
33950,0.10098129897159647,-3360.660149489357,9794.737754381573,5565.843820219048,4228.893934162525,0.07198370467938571
33955,0.10099617103330068,-3344.188436226924,9789.666302918871,5571.475648804328,4218.190654114544,0.07190450077159515
33960,0.10101104309500489,-3324.8581327285733,9785.183145644396,5579.276734261717,4205.906411382679,0.07194791457399523
33965,0.1010259151567091,-3302.3120129562785,9781.748056279885,5588.633636009583,4193.114420270302,0.07188551854360312
33970,0.10104078721841331,-3276.1792942995785,9779.761811844035,5598.879644321372,4180.882167522663,0.07187491772629162
33975,0.10105565928011753,-3246.099724517461,9779.550221957525,5609.31802426548,4170.232197692045,0.07191613263393554
33980,0.10107053134182174,-3211.7469266912535,9781.351335742938,5619.246127862415,4162.105207880523,0.07193563725935813
33985,0.10108540340352595,-3172.8476690307534,9785.306224169286,5627.979761102557,4157.326463066729,0.07193265408942416
33990,0.10110027546523016,-3129.1943999325117,9791.45353921778,5634.877134865212,4156.576404352569,0.07190654009693656
33995,0.10111514752693437,-3080.649558797725,9799.727888250454,5639.3616548363625,4160.366233414092,0.071856789251027
34000,0.10113001958863858,-3027.1416118758084,9809.961942041133,5640.942735106157,4169.019206934976,0.07178303367248731
34005,0.1011448916503428,-2968.65418804062,9821.892115608947,5639.233779134479,4182.658336474468,0.07168504359699113
34010,0.101159763712047,-2905.2108409536013,9835.167610210767,5633.966484639607,4201.2011255711595,0.07170929442023734
34015,0.10117463577375121,-2836.8586568534542,9849.362564908904,5625.000711036221,4224.361853872683,0.0717627733357999
34020,0.10118950783545543,-2763.6540711097477,9863.99101874046,5612.329302918758,4251.661715821702,0.07179412388268026
34025,0.10120437989715964,-2685.6538516476157,9878.524315353136,5596.077483473349,4282.446831879786,0.07180287210980826
34030,0.10121925195886386,-2602.913332011439,9892.410484228827,5576.496703357781,4315.913780871046,0.07178867530626053
34035,0.10123412402056807,-2515.492777559553,9905.095009409664,5553.953135524697,4351.141873884967,0.07175132109569772
34040,0.10124899608227228,-2423.471446242195,9916.042261203464,5528.911323977517,4387.130937225947,0.07169072390828728
34045,0.10126386814397649,-2326.967684761773,9924.756740254523,5501.913799918661,4422.842940335861,0.07168273382680432
34050,0.1012787402056807,-2226.162482573476,9930.803192269297,5473.557742444006,4457.245449825291,0.07171148904867941
34055,0.10129361226738491,-2121.3234193014214,9933.824620150548,5444.469949396688,4489.35467075386,0.07173465104317428
34060,0.10130848432908912,-2012.825913319115,9933.557265403962,5415.281465558808,4518.275799845154,0.07176490086732222
34065,0.10132335639079333,-1901.1690444317765,9929.84175830376,5386.60316961662,4543.238588687141,0.0718009517666562
34070,0.10133822845249754,-1786.9838570990541,9922.629838141007,5359.003448672352,4563.626389468655,0.07183205232361613
34075,0.10135310051420175,-1671.0328197928193,9911.986300257531,5332.988815950304,4578.997484307227,0.07185839267846159
34080,0.10136797257590596,-1554.199916386755,9898.086106083227,5308.98800294031,4589.098103142916,0.07188016787703437
34085,0.10138284463761019,-1437.4716167577608,9881.206864179389,5287.339741736498,4593.867122442891,0.07189756734294761
34090,0.1013977166993144,-1321.909690215597,9861.717126593776,5268.2842005649045,4593.432926028871,0.07192308705492972
34095,0.10141258876101861,-1208.6174745323524,9840.061127374998,5251.95787696548,4588.103250409518,0.07195567254402845
34100,0.10142746082272282,-1098.7017753094751,9816.7407130553,5238.391689883246,4578.349023172054,0.07198448810530735
34105,0.10144233288442703,-993.2330059895885,9792.29528438575,5227.512017640075,4564.783266745674,0.07200960952470148
34110,0.10145720494613124,-893.2064341089372,9767.280598531232,5219.144462768085,4548.136135763147,0.0720310761829062
34115,0.10147207700783545,-799.5074196815021,9742.247286439246,5213.0201501925585,4529.227136246687,0.07204889288167193
34120,0.10148694906953966,-712.8832792770118,9717.719930548143,5208.784364208407,4508.9355663397355,0.07207689305492557
34125,0.10150182113124387,-633.923875803157,9694.177522885217,5206.007307874032,4488.170215011184,0.07210982848783437
34130,0.10151669319294808,-563.0522436482834,9672.036072919169,5204.196747906672,4467.839325012497,0.0721389529440728
34135,0.10153156525465229,-500.5255704054307,9651.634044598744,5202.812310258992,4448.821734339753,0.0721641551239881
34140,0.10154643731635651,-446.44576470848824,9633.221163603206,5201.281219397052,4431.939944206154,0.07218531194113513
34145,0.10156130937806072,-400.77777790277105,9616.950951743742,5199.015304841808,4417.935646901934,0.07220229498312958
34150,0.10157618143976493,-363.37297890995615,9602.87713300814,5195.429090238003,4407.448042770137,0.0722266881364082
34155,0.10159105350146914,-333.9943761137838,9590.953843704618,5189.958694687626,4400.9951490169915,0.07225593633579835
34160,0.10160592556317335,-312.3404671669696,9581.039399200054,5182.081102866998,4398.958296333056,0.07228057142755683
34165,0.10162079762487757,-298.06501735057645,9572.903246366359,5171.333130976257,4401.570115390102,0.07230049472065991
34170,0.10163566968658178,-290.79103394005233,9566.235673318362,5157.329196288003,4408.906477030359,0.07231562601591672
34175,0.10165054174828599,-290.1184124827723,9560.65984722038,5139.776864235043,4420.882982985338,0.07232590724962958
34180,0.1016654138099902,-295.6259118842745,9555.745782590706,5118.489149180278,4437.256633410428,0.07233639316926777
34185,0.1016802858716944,-306.8690214899343,9551.025875374487,5093.392687042678,4457.63318833181,0.07235690054801623
34190,0.10169515793339862,-323.3757678796592,9546.011644324299,5064.531139303406,4481.480505020892,0.07237255128803943
34195,0.10171002999510284,-344.6425552393166,9540.211286022706,5032.063470524985,4508.147815497721,0.07238340245764154
34200,0.10172490205680705,-370.13182893349403,9533.147575809511,4996.257024692373,4536.890551117138,0.07238953494093478
34205,0.10173977411851126,-399.27283141931184,9524.375553081607,4957.475606515842,4566.899946565765,0.07239105045056285
34210,0.10175464618021547,-431.46610254181815,9513.499344654134,4916.163077489571,4597.336267164563,0.07238867555769031
34215,0.10176951824191968,-466.09173900480073,9500.187432998899,4872.823321369093,4627.364111629806,0.07240157690494495
34220,0.10178439030362389,-502.5208132224161,9484.185687279321,4827.997793079919,4656.187894199403,0.07241033879489875
34225,0.1017992623653281,-540.1288035076068,9465.32755016077,4782.242154737582,4683.085395423188,0.07241510190285247
34230,0.10181413442703231,-578.3094771383658,9443.54090382752,4736.103609509861,4707.437294317659,0.0724160001332723
34235,0.10182900648873652,-616.4874872230002,9418.851305347396,4690.100387272199,4728.750918075197,0.07241315448917386
34240,0.10184387855044073,-654.1280628451905,9391.38146087213,4644.70442286897,4746.677038003159,0.07241209564870221
34245,0.10185875061214494,-690.7425938033484,9361.346978437427,4600.32771104426,4761.019267393167,0.07242325647425968
34250,0.10187362267384917,-725.8895586802009,9329.048585288585,4557.31229809141,4771.7362871971745,0.0724309564785318
34255,0.10188849473555338,-759.1709804233387,9294.861111906523,4515.923537224334,4778.937574682189,0.07243522306615627
34260,0.10190336679725759,-790.2252629351096,9259.219634778561,4476.346153893197,4782.873480885364,0.07243605959178394
34265,0.1019182388589618,-818.7177417404127,9222.603244079806,4438.682775015186,4783.92046906462,0.07243344687626332
34270,0.10193311092066601,-844.3305125806146,9185.516973890708,4402.954725327201,4782.562248563507,0.072447856361829
34275,0.10194798298237022,-866.7530935882132,9148.47251139138,4369.104945900116,4779.367565491263,0.07245986692663241
34280,0.10196285504407443,-885.6752790015571,9111.968389078682,4337.002798273404,4774.965590805278,0.07246809768969473
34285,0.10197772710577864,-900.7832048046548,9076.470450522333,4306.450355832881,4770.020094689452,0.07247246596229585
34290,0.10199259916748285,-911.7591986509087,9042.393445180034,4277.189693998194,4765.20375118184,0.07247288727119483
34295,0.10200747122918706,-918.2854488211215,9010.084626125798,4248.910787736486,4761.173838389312,0.0724873404615504
34300,0.10202234329089127,-920.0509380691537,8979.81017407595,4221.25991524626,4758.55025882969,0.07250091236417561
34305,0.1020372153525955,-916.7605208153773,8951.745141139954,4193.848830945941,4757.8963101940135,0.07250993678021951
34310,0.1020520874142997,-908.1445831883839,8925.967404415602,4166.265225024152,4759.70217939145,0.07251435389079772
34315,0.10206695947600392,-893.9675348271849,8902.455865862172,4138.084984199946,4764.370881662226,0.072667060506779
34320,0.10208183153770813,-874.0335290579278,8881.092865757068,4108.886481056946,4772.206384700122,0.07292531405993358
34325,0.10209670359941234,-848.1883071238362,8861.67053004461,4078.2666493501897,4783.403880694421,0.07316064198617425
34330,0.10211157566111655,-816.3168265094382,8843.900577745108,4045.858120243077,4798.042457502031,0.07336339208623413
34335,0.10212644772282076,-778.3372044998414,8827.426989879092,4011.346346439954,4816.080643439138,0.07353492387997025
34340,0.10214131978452497,-734.1923094174062,8811.840886019745,3974.4854874642524,4837.355398555493,0.07370324497037517
34345,0.10215619184622918,-683.8409121758732,8796.696954200792,3935.1118418325536,4861.585112368239,0.0739102014158865
34350,0.10217106390793339,-627.2505661732484,8781.530811860808,3893.1537268181655,4888.377085042643,0.07419214139812393
34355,0.1021859359696376,-564.394267077193,8765.876716060578,3848.636887172477,4917.239828888101,0.07444176031764653
34360,0.10220080803134182,-495.2524746924619,8749.28507258165,3801.6847762815846,4947.600296300065,0.07465985305042051
34365,0.10221568009304603,-419.82133638183313,8731.339207654257,3752.513437499083,4978.825770155174,0.07484724140249113
34370,0.10223055215475024,-338.1270531204964,8711.67086613458,3701.4212283486227,5010.249637785957,0.0750214115444618
34375,0.10224542421645445,-250.24540801573494,8689.973898197934,3648.7742112402266,5041.199686957707,0.0751844071385403
34380,0.10226029627815866,-156.32466514916086,8666.015610431254,3594.988550622442,5071.027059808812,0.07531879156421245
34385,0.10227516833986287,-56.60945678754342,8639.645303634907,3540.511563649203,5099.133739985704,0.07557139719556381
34390,0.10229004040156708,48.537024743141956,8610.799610423128,3485.8030758491072,5124.99653457402,0.07581474155340508
34395,0.1023049124632713,158.61522141268506,8579.50438307541,3431.3184327466984,5148.1859503287105,0.07602818540857412
34400,0.1023197845249755,272.97822470340907,8545.873057250792,3377.49400095475,5168.379056296042,0.07621253632477246
34405,0.10233465658667971,390.8295631257961,8510.10161128857,3324.735400350836,5185.366210937735,0.07636863464224325
34410,0.10234952864838393,511.2310382193973,8472.46042923782,3273.4081900595943,5199.052239178227,0.07649743225784571
34415,0.10236440071008815,633.121061938903,8433.283533384265,3223.8303979449393,5209.453135439326,0.07662321186204755
34420,0.10237927277179236,755.3430353496087,8392.955759390159,3176.2661933809723,5216.689566009187,0.07685012346336945
34425,0.10239414483349657,876.6823666914361,8351.898494741865,3130.920152239662,5220.978342502203,0.07704960397448837
34430,0.10240901689520078,995.9098273389554,8310.554591944187,3087.931888946614,5222.622702997573,0.07722256580568491
34435,0.10242388895690499,1111.8281796849578,8269.373016137437,3047.37122539947,5222.001790737967,0.0773701139301978
34440,0.1024387610186092,1223.3184890695375,8228.793714512953,3009.23440544537,5219.559309067583,0.0774935687582371
34445,0.10245363308031341,1329.3823405291141,8189.233125290715,2973.442044271913,5215.791081018802,0.07759443753305958
34450,0.10246850514201762,1429.1763685260266,8151.070694545194,2939.839481071986,5211.231213473207,0.07768382684960126
34455,0.10248337720372183,1522.0360888286532,8114.636746205826,2908.200008377952,5206.436737827874,0.0778670896992138
34460,0.10249824926542604,1607.48698158749,8080.202047421594,2878.231162809321,5201.970884612273,0.0780282795859259
34465,0.10251312132713025,1685.2420496522527,8047.969410679301,2849.5839727828898,5198.3854378964115,0.07816834737729313
34470,0.10252799338883448,1755.1865387853295,8018.067654132697,2821.8648357031266,5196.2028184295705,0.07828824963444862
34475,0.10254286545053869,1817.3519784700666,7990.548185133625,2794.6495612787767,5195.898623854849,0.07838901298694077
34480,0.1025577375122429,1871.8829801682887,7965.384373233272,2767.499051596124,5197.885321637148,0.07857727611211293
34485,0.10257260957394711,1919.0011034528688,7942.473746314005,2739.976059731607,5202.497686582398,0.078747219336469
34490,0.10258748163565132,1958.9703865230294,7921.642897105572,2711.6624503014896,5209.980446804082,0.07889785530848994
34495,0.10260235369735553,1992.0687453773153,7902.654851961202,2682.1763644806524,5220.47848748055,0.07903004234593673
34500,0.10261722575905974,2018.5684286833339,7885.218550762425,2651.1886662548923,5234.029884507533,0.07914470287233928
34505,0.10263209782076395,2038.7272639745288,7869.000027265072,2618.438018485425,5250.562008779647,0.0792428125115193
34510,0.10264696988246816,2052.7908116250874,7853.6348608429835,2583.743912107198,5269.890948735785,0.07936995335160378
34515,0.10266184194417237,2061.004027134276,7838.741479588703,2547.0169601937055,5291.724519394998,0.0795233568082502
34520,0.10267671400587658,2063.629838279353,7823.934911493308,2508.2657900235827,5315.669121469726,0.07965930857339676
34525,0.1026915860675808,2060.9712972835505,7808.8405872771145,2467.599946720023,5341.240640557091,0.0797785346598786
34530,0.10270645812928501,2053.3936928002195,7793.107786225256,2425.2283852103783,5367.879401014878,0.07988176175163565
34535,0.10272133019098922,2041.3431562263258,7776.42228761083,2381.453381175078,5394.968906435752,0.07996968615277228
34540,0.10273620225269343,2025.3588081879857,7758.517758455203,2336.660018766113,5421.8577396890905,0.08004294805191518
34545,0.10275107431439764,2006.0763046703023,7739.185393188859,2291.3017697489563,5447.883623439902,0.0801436912610253
34550,0.10276594637610185,1984.221689130547,7718.281341670038,2245.883006095015,5472.398335575023,0.08025438698542695
34555,0.10278081843780607,1960.5956357722025,7695.731531401454,2200.9395261819795,5494.792005219475,0.0803491902419552
34560,0.10279569049951028,1936.0493437429259,7671.533609128787,2157.0182802994295,5514.515328829358,0.08042869086056686
34565,0.10281056256121449,1911.4543598511273,7645.755886383759,2114.657439195053,5531.098447188706,0.08049348087585763
34570,0.1028254346229187,1887.6693281445682,7618.533354171765,2074.3677770850522,5544.165577086713,0.08054416638882841
34575,0.1028403066846229,1865.506994519565,7590.061010347923,2036.6160799973393,5553.4449303505835,0.08058138549954537
34580,0.10285517874632713,1845.7047126800503,7560.584896023223,2001.8109947254025,5558.773901297821,0.08063154022873557
34585,0.10287005080803134,1828.9012555089416,7530.391346370976,1970.291454305322,5560.099892065654,0.08069246960921496
34590,0.10288492286973555,1815.6220295078838,7499.795017500038,1942.3175928490007,5557.477424651037,0.08073932153902467
34595,0.10289979493143976,1806.273923603403,7469.12625641391,1918.063922132163,5551.062334281747,0.08077280868482999
34600,0.10291466699314397,1801.1500850846232,7438.718347057088,1897.6144978528016,5541.103849204286,0.08084480759708097
34605,0.10292953905484818,1800.443972745456,7408.895109621176,1880.9598588635217,5527.935250757654,0.08092252366121616
34610,0.10294441111655239,1804.2711488355553,7379.9592709894605,1867.9956731630168,5511.963597826443,0.08098938002796448
34615,0.1029592831782566,1812.6965032856033,7352.181974451058,1858.5232530156047,5493.658721435453,0.08104596375700579
34620,0.10297415523996081,1825.7640379018299,7325.793759975308,1852.2523720075244,5473.5413879677835,0.08109284701339702
34625,0.10298902730166502,1843.5260638177947,7300.977315119295,1848.8070701212241,5452.170244998071,0.0811441646577089
34630,0.10300389936336925,1866.0687531178737,7277.862256676719,1847.7352921920956,5430.126964484623,0.0812125188356456
34635,0.10301877142507346,1893.5314542971687,7256.52213924732,1848.523190284873,5407.998948962448,0.08127018425726806
34640,0.10303364348677767,1926.1179760814757,7236.9737899415995,1850.6146686060235,5386.359121335576,0.08131752673408946
34645,0.10304851554848188,1964.0990352970211,7219.178940309738,1853.436236749673,5365.742703560065,0.0813549046280485
34650,0.10306338761018609,2007.806077944953,7203.04798137724,1856.4264951045138,5346.6214862727265,0.08138264362173944
34655,0.1030782596718903,2057.617548905248,7188.44552865217,1859.0686967022777,5329.376831949892,0.08140101109880098
34660,0.10309313173359451,2113.939284538436,7175.1973768027465,1860.9239529938836,5314.273423808863,0.08141970041545282
34665,0.10310800379529872,2177.180982743695,7163.098368639608,1861.661942473435,5301.436426166174,0.08145098602991171
34670,0.10312287585700293,2247.7306811674775,7151.920708960466,1861.0856027301656,5290.835106230301,0.0814716694263228
34675,0.10313774791870714,2325.928907784136,7141.422315624359,1859.146367961787,5282.2759476625715,0.08148201533579828
34680,0.10315261998041135,2412.043748438351,7131.354900996387,1855.947127179672,5275.407773816715,0.08148222747218833
34685,0.10316749204211557,2506.2475996113835,7121.471592103336,1851.7312184486505,5269.740373654686,0.08147244069211176
34690,0.10318236410381978,2608.5959325513268,7111.534002139878,1846.857348688408,5264.67665345147,0.08145649581593582
34695,0.103197236165524,2719.008065641727,7101.3187392062055,1841.7621558250667,5259.556583381139,0.08145817467814938
34700,0.1032121082272282,2837.24978633308,7090.623369803219,1836.913955024567,5253.709414778652,0.08144962035553925
34705,0.10322698028893242,2962.9177154215063,7079.271845502749,1832.7627350376877,5246.509110465061,0.08143105795672813
34710,0.10324185235063663,3095.4255641296236,7067.119362200356,1829.6924040428935,5237.426958157463,0.08140263348299202
34715,0.10325672441234084,3233.992862922006,7054.0565703068705,1827.9814060083343,5226.075164298536,0.08137000436977851
34720,0.10327159647404505,3377.637280596212,7040.01301084338,1827.7770435354162,5212.235967307964,0.08135867583020569
34725,0.10328646853574926,3525.1722230043843,7024.959632990704,1829.0872153835644,5195.87241760714,0.08133759732865516
34730,0.10330134059745347,3675.2119044959645,7008.910261452942,1831.791026546333,5177.11923490661,0.08130666718723926
34735,0.10331621265915768,3826.18640128705,6991.921924961477,1835.6671924042055,5156.254732557271,0.08126563546739037
34740,0.1033310847208619,3976.369183632107,6974.094018763042,1840.4367218726031,5133.657296890439,0.08124639675116657
34745,0.10334595678256611,4123.919130403898,6955.566336545925,1845.8143883324783,5109.751948213447,0.08122779544598295
34750,0.10336082884427032,4266.9379168579,6936.516053309325,1851.5622573021349,5084.95379600719,0.0811977978196573
34755,0.10337570090597453,4403.541861775238,6917.153758329767,1857.5381942864924,5059.615564043274,0.08115572328183111
34760,0.10339057296767874,4531.944895139084,6897.718624764001,1863.7328574311382,5033.985767332862,0.08113078723398562
34765,0.10340544502938295,4650.5465514466305,6878.472769157985,1870.2901012209052,5008.18266793708,0.08111415075303248
34770,0.10342031709108716,4758.016342174767,6859.694818768036,1877.5077898975594,4982.187028870477,0.08108340118041678
34775,0.10343518915279137,4853.364225191942,6841.672689655281,1885.818471221139,4955.854218434142,0.08103780666747366
34780,0.10345006121449558,4935.986879315795,6824.6956031556265,1895.751870786843,4928.9437323687835,0.08100992674364504
34785,0.1034649332761998,5005.681563458838,6809.0454411955725,1907.8834027980463,4901.162038397526,0.08099319775806718
34790,0.103479805337904,5062.6234613444285,6794.987655433476,1922.7745618627055,4872.21309357077,0.08096002246431033
34795,0.10349467739960823,5107.30796916645,6782.762078510362,1940.9119528552585,4841.8501256551035,0.08090983041280679
34800,0.10350954946131244,5140.465283940985,6772.574103325743,1962.651739227376,4809.922364098366,0.08086342779863157
34805,0.10352442152301665,5162.959622713665,6764.586760757336,1988.1754764826924,4776.411284274644,0.0808473969687506
34810,0.10353929358472086,5175.688357254397,6758.914208760088,2017.4617923185801,4741.452416441507,0.08083572565048382
34815,0.10355416564642507,5179.496661031931,6755.617036547471,2050.2764093594487,4705.340627188022,0.0808157522304158
34820,0.10356903770812928,5175.120880169059,6754.699601652431,2086.180863377286,4668.518738275145,0.08078012070324227
34825,0.10358390976983349,5163.169197246616,6756.10939363964,2124.5582446083527,4631.551149031287,0.08077579718629727
34830,0.1035987818315377,5144.142016500789,6759.738209248558,2164.6526481846277,4595.08556106393,0.08076172862840188
34835,0.10361365389324191,5118.487762962346,6765.42478329142,2205.6179580313224,4559.806825260097,0.08072979468191713
34840,0.10362852595494612,5086.683387409835,6772.958486253846,2246.571200734026,4526.38728551982,0.08067905100337573
34845,0.10364339801665033,5049.323716869951,6782.083784300935,2286.645966290908,4495.437818010027,0.08060866636057508
34850,0.10365827007835456,5007.200762842416,6792.505339300983,2325.0421619262866,4467.463177374697,0.08058219937849631
34855,0.10367314214005877,4961.353965864647,6803.893856350807,2361.0694219371885,4442.824434413618,0.0805365168396066
34860,0.10368801420176298,4913.075620065334,6815.892998822473,2394.182590443061,4421.710408379411,0.08047036513410376
34865,0.10370288626346719,4863.862390909333,6828.127820661736,2424.0086055287707,4404.119215132965,0.08038350736149844
34870,0.1037177583251714,4815.31320723037,6840.2151631148445,2450.364704548135,4389.85045856671,0.08029662678350591
34875,0.10373263038687561,4768.984389325999,6851.776306175688,2473.2681121330897,4378.508194042598,0.0802452450117705
34880,0.10374750244857982,4726.222587174077,6862.45186432709,2492.937343445406,4369.514520881685,0.08017430565422186
34885,0.10376237451028403,4688.002720405756,6871.918511694654,2509.785111579173,4362.133400115481,0.08008375755030679
34890,0.10377724657198824,4654.7998703570665,6879.906675472426,2524.402750689742,4355.503924782684,0.07997355514078781
34895,0.10379211863369245,4626.52022618159,6886.217921276198,2537.536199498878,4348.68172177732,0.07990836819857852
34900,0.10380699069539666,4602.507285820364,6890.740443222557,2550.053990204987,4340.68645301757,0.07984850004892476
34905,0.10382186275710088,4581.627302892273,6893.460929514196,2562.908304065223,4330.552625448973,0.07976896328458487
34910,0.1038367348188051,4562.424914813253,6894.4711490751315,2577.090844206293,4317.380304868839,0.0796690038003555
34915,0.1038516068805093,4543.328500902656,6893.967919753627,2593.5858561145906,4300.3820636390365,0.07969513284939948
34920,0.10386647894221351,4522.8770492789445,6892.245664979254,2613.3229414339994,4278.9227235452545,0.07977658175898632
34925,0.10388135100391772,4499.937161635919,6889.681495995281,2637.1322886894195,4252.549207305861,0.07986399717664117
34930,0.10389622306562193,4473.880319860469,6886.713584026366,2665.704615907374,4221.008968118993,0.07994682637164614
34935,0.10391109512732614,4444.6959648766715,6883.814393014025,2699.55759791973,4184.256795094295,0.08002480262966731
34940,0.10392596718903035,4413.024206593261,6881.460998639828,2739.009982226437,4142.451016413392,0.08009764264442701
34945,0.10394083925073457,4380.10192914261,6880.105106967781,2784.164108963219,4095.9409980045616,0.08016505680308138
34950,0.10395571131243878,4347.6265901263005,6880.145431610211,2834.897212430679,4045.248219179532,0.08022767809392706
34955,0.10397058337414299,4317.552146969786,6881.904780288329,2890.861692428113,3991.0430878602156,0.0803353506852725
34960,0.10398545543584721,4291.840345311461,6885.613598629048,2951.494441650433,3934.119156978615,0.08043764145324807
34965,0.10400032749755142,4272.197173446075,6891.400938054278,3016.0352072368337,3875.3657308174447,0.08053419005000266
34970,0.10401519955925563,4259.827781290934,6899.29300210692,3083.553761447085,3815.7392406598346,0.08062465606927348
34975,0.10403007162095984,4255.242888195798,6909.218718452336,3152.985308120106,3756.2334103322305,0.08070872436766659
34980,0.10404494368266405,4258.145250144762,6921.0212739839735,3223.1730673148327,3697.848206669141,0.0807921010238161
34985,0.10405981574436826,4267.416155347659,6934.474265438588,3292.9164293430154,3641.557836095573,0.08087871957473515
34990,0.10407468780607247,4281.209794616303,6949.301023935043,3361.0225570169114,3588.278466918132,0.08095829549330816
34995,0.10408955986777668,4297.149022531716,6965.195697007874,3426.3589460325848,3538.836750975289,0.08111399460906805
35000,0.10410443192948089,4312.601443283747,6981.844739047941,3487.9042948819165,3493.940444166025,0.08128784068156622
35005,0.1041193039911851,4325.002268593786,6998.947519119532,3544.7950980766414,3454.152421042891,0.08146092275746573
35010,0.10413417605288931,4332.182282294067,7016.234794820561,3596.365620720961,3419.8691740995996,0.08163059134713785
35015,0.10414904811459354,4332.657151415502,7033.483855388184,3642.17927634105,3391.3045790471338,0.08179915819985191
35020,0.10416392017629775,4325.838790436454,7050.529264582912,3682.0498588870655,3368.4794056958467,0.08196466607441037
35025,0.10417879223800196,4312.139783055826,7067.268388778723,3716.051546750242,3351.2168420284816,0.0821262911976046
35030,0.10419366429970617,4292.95619289429,7083.6613014364175,3744.5171007525546,3339.144200683863,0.08228394336701682
35035,0.10420853636141038,4270.5300693466925,7099.725185557016,3768.0242270335784,3331.7009585234373,0.08243754294166762
35040,0.10422340842311459,4247.708180175587,7115.523936509796,3787.370662678327,3328.153273831469,0.08258701015190494
35045,0.1042382804848188,4227.6259972630905,7131.15419693181,3803.539132138772,3327.6150647930376,0.08273225424571352
35050,0.10425315254652301,4213.354366409633,7146.72943559662,3817.6538577451333,3329.0755778514863,0.08287316354468792
35055,0.10426802460822722,4207.5498934217285,7162.363849276299,3830.9307255105496,3331.4331237657498,0.08300959750353112
35060,0.10428289666993143,4212.148759688133,7178.157805908785,3844.6234645536606,3333.5343413551245,0.08314138172407387
35065,0.10429776873163564,4228.137858888865,7194.1862902771745,3859.968286323095,3334.2180039540794,0.08326830657741928
35070,0.10431264079333986,4255.427703260195,7210.491420808064,3878.1293752886163,3332.3620455194473,0.08339012968315232
35075,0.10432751285504407,4292.8397058827395,7227.079645704428,3900.1474751982087,3326.9321705062193,0.08350658205260787
35080,0.10434238491674828,4338.207596334514,7243.9237547531775,3926.893625546996,3317.0301292061813,0.0836173772958001
35085,0.1043572569784525,4388.580251401483,7260.969396369797,3959.0299062963304,3301.939490073467,0.08372222297515401
35090,0.1043721290401567,4440.5023662060885,7278.145387728267,3996.97885347358,3281.1665342546876,0.08382083299727462
35095,0.10438700110186092,4490.3412172852095,7295.376763280035,4040.9029973559905,3254.473765924045,0.08391293987863441
35100,0.10440187316356513,4534.623142450745,7312.599242710072,4090.6957169707193,3221.9035257393525,0.08399985472329079
35105,0.10441674522526934,4570.342889837808,7329.773641540027,4145.9842676207245,3183.7893739193023,0.08407999259124012
35110,0.10443161728697355,4595.212884643124,7346.898726820284,4206.145401322122,3140.7533254981618,0.08415306578066024
35115,0.10444648934867776,4607.827381560468,7364.0211560312655,4270.3334578648155,3093.68769816645,0.08421895659961759
35120,0.10446136141038197,4607.727419813636,7381.241424739478,4337.520162761898,3043.72126197758,0.08427759542878198
35125,0.10447623347208619,4595.364917676352,7398.715153653043,4406.5446402150765,2992.1705134379663,0.08432895871626724
35130,0.1044911055337904,4571.976287173719,7416.649512621785,4476.171355491099,2940.4781571306858,0.08437306471719662
35135,0.10450597759549461,4539.385866291584,7435.29504455824,4545.152885594555,2890.142158963685,0.08440996761944895
35140,0.10452084965719882,4499.765963920492,7454.933560495,4612.293666812875,2842.639893682125,0.08443975072395928
35145,0.10453572171890303,4455.382785076399,7475.863087058395,4676.510324192756,2799.3527628656384,0.08446251927750187
35150,0.10455059378060724,4408.356071019189,7498.381032865263,4736.884031553991,2761.4970013112716,0.08447839341710546
35155,0.10456546584231145,4360.455675117524,7522.766785082793,4792.700750362671,2730.066034720122,0.08448750151892737
35160,0.10458033790401566,4312.951600529303,7549.264848813761,4843.476237291492,2705.788611522269,0.08448997409483175
35165,0.10459520996571987,4266.526460206761,7578.069418479287,4888.964331590015,2689.1050868892726,0.08448593828476579
35170,0.10461008202742408,4221.25196401041,7609.310969860488,4929.149003296218,2680.1619665642693,0.08447551297455157
35175,0.1046249540891283,4176.624690660008,7643.0451602611965,4964.222602232662,2678.8225580285343,0.08445880462754612
35180,0.10463982615083252,4131.6515418383515,7679.2441094636115,4994.554301893719,2684.6898075698928,0.08443590403289361
35185,0.10465469821253673,4084.972119250907,7717.790074624037,5020.653567855319,2697.1365067687175,0.08440688430239981
35190,0.10466957027424094,4035.003852017144,7758.471650118812,5043.133451270202,2715.33819884861,0.08437199515763841
35195,0.10468444233594515,3980.0959234618726,7800.982879158999,5062.677668654795,2738.3052105042043,0.08433619545502632
35200,0.10469931439764936,3918.6796130454527,7844.925964009249,5080.014003871795,2764.911960137454,0.08429486343919908
35205,0.10471418645935357,3849.405075550613,7889.818483455101,5095.894879071089,2793.923604384012,0.08424799612621647
35210,0.10472905852105778,3771.257172070592,7935.106055286086,5111.084323534313,2824.0217317517736,0.08419558782431172
35215,0.10474393058276199,3683.6451362337507,7980.181145999227,5126.349300102577,2853.8318458966496,0.08413764104010624
35220,0.1047588026444662,3586.462281820866,8024.408222047584,5142.452604510572,2881.9556175370117,0.08407417806196285
35225,0.10477367470617041,3480.112744376683,8067.154717716509,5160.144396802342,2907.010320914167,0.08400525190168032
35230,0.10478854676787462,3365.5028876548186,8107.8264774536465,5180.149819950682,2927.676657502964,0.08393095513378143
35235,0.10480341882957885,3243.996115487849,8145.905551786363,5203.151003494655,2942.7545482917076,0.08385142520980036
35240,0.10481829089128306,3117.331849259594,8180.987612010637,5229.762898406612,2951.224713604025,0.08376684505371786
35245,0.10483316295298727,2987.512398047532,8212.81588994556,5260.50369165228,2952.312198293279,0.08367743815103863
35250,0.10484803501469148,2856.664970161757,8241.308490005542,5295.761851479754,2945.546638525788,0.08358345789423363
35255,0.10486290707639569,2726.889478256106,8266.576167845313,5335.762998606934,2930.8131692383786,0.08349036306439478
35260,0.1048777791380999,2600.105353578386,8288.92820525514,5380.54061528384,2908.3875899713003,0.0834445962875764
35265,0.10489265119980411,2477.911745393864,8308.864806063928,5429.914923139994,2878.9498829239337,0.08338987774466373
35270,0.10490752326150832,2361.474956014731,8327.055453528948,5483.48393996004,2843.571513568909,0.08333368446501507
35275,0.10492239532321253,2251.454771889519,8344.303848132271,5540.629700912443,2803.6741472198282,0.08326876191501265
35280,0.10493726738491674,2147.9777767252613,8361.501297256822,5600.540965151114,2760.9603321057084,0.08319491202670555
35285,0.10495213944662095,2050.661225839721,8379.571632241557,5662.251643416101,2717.3199888254567,0.08311209001175465
35290,0.10496701150832517,1958.6861442832592,8399.411738791083,5724.692033070058,2674.719705721025,0.08302210525143815
35295,0.10498188357002938,1870.9134887873402,8421.832460760646,5786.748157629759,2635.0843031308877,0.08292663287051268
35300,0.1049967556317336,1786.0329105811074,8447.504863794942,5847.323460376816,2600.181403418126,0.08283113769202584
35305,0.1050116276934378,1702.73020673465,8476.916567190006,5905.397022357303,2571.519544832703,0.08275355460243611
35310,0.10502649975514201,1619.8572219707648,8510.342076195824,5960.073358603136,2550.2687175926885,0.08266663658707592
35315,0.10504137181684622,1536.587006277984,8547.82983784846,6010.620449646844,2537.209388201616,0.08257181705891892
35320,0.10505624387855043,1452.5376773189892,8589.207211780347,6056.494580137182,2532.712631643165,0.08246818180968878
35325,0.10507111594025464,1367.8508455010196,8634.102835355045,6097.352336133979,2536.750499221065,0.08235481939809074
35330,0.10508598800195885,1283.2146240923448,8681.984133327494,6133.051407082973,2548.9327262445213,0.08223168668051956
35335,0.10510086006366307,1199.8268714179685,8732.206154319785,6163.64248524925,2568.563669070535,0.08209881469863789
35340,0.10511573212536728,1119.300777782595,8784.06669485053,6189.354598234835,2594.7120966156945,0.08195630749100431
35345,0.1051306041870715,1043.5213640957181,8836.861972227398,6210.575844545148,2626.2861276822496,0.08180433631343785
35350,0.10514547624877571,974.4670137966077,8889.937068790989,6227.830977628811,2662.106091162178,0.08164313033186041
35355,0.10516034831047992,914.014098403527,8942.726057052829,6241.756808438831,2700.9692486139975,0.08147296503933858
35360,0.10517522037218413,863.7446540688852,8994.778086553086,6253.0760788189045,2741.7020077341813,0.08129414964764299
35365,0.10519009243388834,824.7767812764278,9045.767605037296,6262.570302140795,2783.1973028965003,0.08110701454689112
35370,0.10520496449559255,797.6350528489293,9095.489027414515,6271.052012387932,2824.4370150265822,0.08091189966817053
35375,0.10521983655729676,782.1739968793199,9143.838223759807,6279.336837731652,2864.501386028155,0.08070914428291039
35380,0.10523470861900097,777.5621534852653,9190.784847042414,6288.215784418795,2902.569062623619,0.08051202311139366
35385,0.10524958068070518,782.3279877734785,9236.340512928651,6298.428096478482,2937.912416450169,0.08032528007681246
35390,0.10526445274240939,794.4628939070353,9280.528053383414,6310.6350943132975,2969.8929590701164,0.08013152277054524
35395,0.1052793248041136,811.5713732936792,9323.356510471744,6325.395535027134,2997.960975444609,0.07993097641858248
35400,0.10529419686581783,831.0546485633176,9364.805359935592,6343.143284424957,3021.662075510635,0.07972384286949667
35405,0.10530906892752204,850.311565249609,9404.819884737693,6364.168394677548,3040.651490060145,0.07951029915867086
35410,0.10532394098922625,866.9394848381362,9443.317920537,6388.602947461457,3054.7149730755427,0.07929049674248193
35415,0.10533881305093046,878.9178186063373,9480.206617675545,6416.413141185453,3063.793476490092,0.07906456147443963
35420,0.10535368511263467,884.7578703832132,9515.406604882708,6447.398986341357,3068.007618541351,0.07883259462439421
35425,0.10536855717433888,883.6048838556035,9548.880118992423,6481.202586524268,3067.6775324681557,0.07859467537079359
35430,0.10538342923604309,875.281793098482,9580.659319144926,6517.325340454036,3063.33397869089,0.07835086516557599
35435,0.1053983012977473,860.2691717975376,9610.871095373492,6555.153566823025,3055.7175285504663,0.0781012141665674
35440,0.10541317335945151,839.6220089222124,9639.755121949376,6593.991129578226,3045.7639923711504,0.07784576958680596
35445,0.10542804542115572,814.830644768489,9667.672589419954,6633.096753026978,3034.5758363929754,0.07758458539710147
35450,0.10544291748285993,787.6396821017861,9695.103882965623,6671.723007402888,3023.380875562735,0.07731773243313139
35455,0.10545778954456415,759.8440305995464,9722.634397134369,6709.153562191665,3013.480834942704,0.0770672650899527
35460,0.10547266160626836,733.0845718414485,9750.928657228504,6744.735369528008,3006.1932877004956,0.07701772000128118
35465,0.10548753366797257,708.6665611307653,9780.693936924294,6777.903017037193,3002.7909198871002,0.07695799211965114
35470,0.10550240572967678,687.4214631697596,9812.635586820084,6808.193545797713,3004.442041022371,0.07688889976582644
35475,0.105517277791381,669.6275542781605,9847.407251181592,6835.251414344783,3012.1558368368087,0.07687945148950241
35480,0.1055321498530852,654.9969160913297,9885.559942643044,6858.824749480083,3026.735193162961,0.076888622497728
35485,0.10554702191478942,642.7274614595817,9927.494436804633,6878.755255129035,3048.739181675598,0.07688478893296187
35490,0.10556189397649363,631.6097807218912,9973.421518636309,6894.964882942616,3078.456635693693,0.07686852889339431
35495,0.10557676603819784,620.1714095091957,10023.334181389544,6907.442454386086,3115.891727003458,0.07684048443981296
35500,0.10559163809990205,606.8369502912274,10076.994937321393,6916.232884986211,3160.7620523351825,0.07680135104977295
35505,0.10560651016160626,590.0821418201467,10133.940021302913,6921.4306781959385,3212.5093431069745,0.07675186312952284
35510,0.10562138222331048,568.5634389205597,10193.500604980054,6923.178202024841,3270.322402955213,0.07669277748657491
35515,0.10563625428501469,541.2109923121834,10254.839401149828,6921.668206567996,3333.1711945818315,0.07662485660785574
35520,0.1056511263467189,507.28046481035744,10316.999463733931,6917.149269792722,3399.850193941209,0.076587768872874
35525,0.10566599840842311,466.36605756975314,10378.960803933373,6909.932434694899,3469.0283692384737,0.07655421602475014
35530,0.10568087047012732,418.3820107025367,10439.699819677411,6900.397177356465,3539.302642320946,0.07651200126934796
35535,0.10569574253183153,363.52205147121276,10498.246555795253,6888.994921099057,3609.2516346961957,0.07646196005972354
35540,0.10571061459353574,302.206034796076,10553.735449928345,6876.248491088186,3677.486958840159,0.07643382844096659
35545,0.10572548665523995,235.02122533441525,10605.44634086776,6862.746141173612,3742.700199694148,0.07640667888909788
35550,0.10574035871694416,162.6633730426738,10652.833907436065,6849.1290992156155,3803.704808220449,0.07637024197561895
35555,0.10575523077864837,85.88078842828418,10695.545116510675,6836.0720321149765,3859.4730843956986,0.07632505840291212
35560,0.10577010284035258,5.423444188568283,10733.425454617733,6824.256493376142,3909.1689612415903,0.07627162861252983
35565,0.10578497490205681,-78.00131363874334,10766.51553143589,6814.338302331614,3952.177229104277,0.07621039410045508
35570,0.10579984696376102,-163.76488733452607,10795.040006751402,6806.910844840634,3988.129161910768,0.07620048881530142
35575,0.10581471902546523,-251.34381867400316,10819.390740852308,6802.467308203244,4016.923432649064,0.0761853458809552
35580,0.10582959108716944,-340.3351237675124,10840.105721971551,6801.3656199034285,4038.7401020681227,0.07616179377626252
35585,0.10584446314887365,-430.4598009042393,10857.844846489099,6803.800090724116,4054.044755764983,0.0761301209894579
35590,0.10585933521057786,-521.5545086402408,10873.363177799221,6809.783284519099,4063.5798932801226,0.07609058565751864
35595,0.10587420727228207,-613.552206839392,10887.482004921438,6819.140425928658,4068.3415789927794,0.07607295964099453
35600,0.10588907933398628,-706.4532308154339,10901.057917032387,6831.516895130463,4069.541021901924,0.07605142213104564
35605,0.10590395139569049,-800.2887946864448,10914.950200710051,6846.3974149622545,4068.5527857477964,0.07601864247664701
35610,0.1059188234573947,-895.0793645694739,10929.98710847724,6863.133882517923,4066.8532259593176,0.07597484513454623
35615,0.10593369551909891,-990.790794693402,10946.931879567439,6880.977872487261,4065.9540070801777,0.07592031931458289
35620,0.10594856758080314,-1087.2915934606735,10966.449756079153,6899.113899849921,4067.3358562292324,0.07585541226929694
35625,0.10596343964250735,-1184.3150752138708,10989.077572968876,6916.690546515593,4072.3870264532825,0.07579453871250348
35630,0.10597831170421156,-1281.4302729049414,11015.197749659837,6932.848202889193,4082.3495467706443,0.07577888440474531
35635,0.10599318376591577,-1378.02517735546,11045.018608703314,6946.743919282562,4098.274689420752,0.0757540168867734
35640,0.10600805582761998,-1473.3050863804865,11078.562825649075,6957.575143153121,4120.987682495954,0.07572062455547617
35645,0.10602292788932419,-1566.307683604252,11115.665424054952,6964.604537716607,4151.060886338345,0.07570651801891944
35650,0.1060377999510284,-1655.93508615675,11155.982062930812,6967.187528468412,4188.7945344624,0.07569663577717967
35655,0.10605267201273261,-1741.0016400699496,11199.007475354203,6964.802908948657,4234.204566405546,0.0756771614649454
35660,0.10606754407443682,-1820.294761413944,11244.10292482494,6957.085175057152,4287.017749767788,0.07564864052064789
35665,0.10608241613614103,-1892.6446352071316,11290.530612103285,6943.855729753159,4346.674882350126,0.07561152682953594
35670,0.10609728819784524,-1956.997162427173,11337.492258929367,6925.149099967218,4412.34315896215,0.07556616603585213
35675,0.10611216025954946,-2012.4833903032604,11384.16875088434,6901.230047740563,4482.938703143777,0.07551874280606397
35680,0.10612703232125367,-2058.478096553331,11429.757806637923,6872.597955128774,4557.159851509149,0.07550284212401535
35685,0.10614190438295788,-2094.6405563335056,11473.50713687613,6839.975984539479,4633.53115233665,0.07547623987649422
35690,0.1061567764446621,-2120.9319874844286,11514.741363587447,6804.284050637364,4710.457312950083,0.07543874809677485
35695,0.1061716485063663,-2137.6066767615594,11552.8819296578,6766.596356444876,4786.285573212925,0.07539009466403662
35700,0.10618652056807051,-2145.177003530157,11587.460156998057,6728.085931333858,4859.374225664199,0.07534753468250073
35705,0.10620139262977472,-2144.355982641957,11618.124344368814,6689.960075504047,4928.164268864767,0.07534672499175103
35710,0.10621626469147893,-2135.983973143445,11644.642225223446,6653.391702745366,4991.25052247808,0.07535526791071388
35715,0.10623113675318314,-2120.948332952099,11666.900200076932,6619.452146115987,5047.448053960946,0.07535349050881732
35720,0.10624600881488735,-2100.105676480365,11684.90056267872,6589.050955340379,5095.849607338341,0.07534118128321296
35725,0.10626088087659157,-2074.21585205427,11698.757554487262,6562.887539617793,5135.870014869469,0.07531808803714325
35730,0.10627575293829579,-2043.8948824064928,11708.692627115393,6541.418252729207,5167.2743743861865,0.07530150933346154
35735,0.106290625,-2009.5912385286274,11715.028872616771,6524.84083647562,5190.188036141151,0.0753018814445627
35740,0.10630549706170421,-1971.5864785357016,11718.184265469465,6513.09627772419,5205.087987745274,0.07528888019826548
35745,0.10632036912340842,-1930.0180975660132,11718.663175902046,6505.886381562626,5212.776794339419,0.07526221897000955
35750,0.10633524118511263,-1884.919952039566,11717.045558672144,6502.703986392125,5214.341572280018,0.07522148774038079
35755,0.10635011324681684,-1836.2741812492668,11713.973276345088,6502.8719322130955,5211.101344131993,0.07516615783686967
35760,0.10636498530852105,-1784.0682060569898,11710.133161853048,6505.58670648097,5204.546455372078,0.0751304589445399
35765,0.10637985737022526,-1728.3509223461733,11706.23664762399,6509.963077093776,5196.273570530214,0.07510172982428352
35770,0.10639472943192947,-1669.2832371914083,11702.996078785509,6515.076832876859,5187.91924590865,0.07505552004202219
35775,0.10640960149363368,-1607.1792057829107,11701.098176154906,6520.003793504637,5181.09438265027,0.07499120932419448
35780,0.10642447355533789,-1542.5349299168274,11701.175502513346,6523.854315804582,5177.321186708764,0.07490819367343683
35785,0.10643934561704212,-1476.0430147399866,11703.777180161836,6525.803415026781,5177.973765135055,0.07480593417541724
35790,0.10645421767874633,-1408.5909244013428,11709.34046105872,6525.117171432523,5184.223289626198,0.07474468862840784
35795,0.10646908974045054,-1341.2423376229563,11718.165007034911,6521.176195905884,5196.988811129027,0.07467277269071936
35800,0.10648396180215475,-1275.201846983604,11730.39184522995,6513.496569753261,5216.895275476689,0.0745804332087629
35805,0.10649883386385896,-1211.7651203605792,11745.988888407954,6501.747964280881,5244.2409241270725,0.07446787282355086
35810,0.10651370592556317,-1152.2586935429963,11764.744639658733,6485.767816159852,5278.976823498881,0.07435672861559071
35815,0.10652857798726738,-1097.9753748989824,11786.271246123915,6465.569780989283,5320.701465134633,0.07439206878683792
35820,0.10654345004897159,-1050.1122117649484,11810.017452694234,6441.344475390836,5368.672977303398,0.07442585334759723
35825,0.1065583221106758,-1009.7176326565204,11835.291273002418,6413.450883223659,5421.840389778759,0.07445825234716594
35830,0.10657319417238001,-977.6526291373975,11861.291395912747,6382.397695664634,5478.893700248113,0.07448943694072946
35835,0.10658806623408422,-954.5680260427762,11887.145556269987,6348.8150642041755,5538.330492065811,0.07451959943264051
35840,0.10660293829578844,-940.8967646421406,11911.953414704154,6313.418476059518,5598.534938644636,0.07454897161561631
35845,0.10661781035749265,-936.8576331119548,11934.831017641465,6276.967447050719,5657.863570590746,0.0745778378763645
35850,0.10663268241919686,-942.4658132529139,11954.953735824838,6240.222309333117,5714.731426491721,0.07460654028163279
35855,0.10664755448090107,-957.5462832077274,11971.594756112818,6203.902519612118,5767.692236500699,0.074635473997015
35860,0.10666242654260528,-981.7481831551559,11984.156712274564,6168.64968693775,5815.507025336814,0.07466507279076766
35865,0.1066772986043095,-1014.5608161123746,11992.194804337212,6134.998007240184,5857.196797097028,0.0746957858689562
35870,0.1066921706660137,-1055.333898909119,11995.430641136722,6103.354068075752,5892.076573060969,0.0747280486787559
35875,0.10670704272771792,-1103.3051080178238,11993.756899692264,6073.9871008431655,5919.769798849098,0.07476225139111145
35880,0.10672191478942213,-1157.6365792823462,11987.23360271173,6047.0297574553815,5940.203845256349,0.074798709337271
35885,0.10673678685112634,-1217.4592328195304,11976.077298047765,6022.488453808567,5953.588844239198,0.07483763959437505
35890,0.10675165891283055,-1281.920573737386,11960.644667067552,6000.26137760459,5960.383289462962,0.0748791471687931
35895,0.10676653097453477,-1350.2291340334777,11941.412126558027,5980.161552286574,5961.250574271453,0.0749232229189206
35900,0.10678140303623898,-1421.6879217032701,11918.952878749484,5961.942010738623,5957.010868010861,0.07496975371607563
35905,0.10679627509794319,-1495.7105389505296,11893.912664414878,5945.320220756918,5948.59244365796,0.07501854365603373
35910,0.1068111471596474,-1571.8167571580389,11866.985229553551,5929.999381876772,5936.9858476767795,0.07506934369259895
35915,0.10682601922135161,-1649.6084465606946,11838.888256969441,5915.684955657518,5923.2033013119235,0.07512188608065087
35920,0.10684089128305582,-1728.7307118488943,11810.340261697422,5902.095629896401,5908.244631801021,0.0751759195839888
35925,0.10685576334476003,-1808.825824276124,11782.038724724576,5888.968691803554,5893.070032921022,0.0752312415002995
35930,0.10687063540646424,-1889.4884359395255,11754.639566346777,5876.060390818638,5878.57917552814,0.07528772307924657
35935,0.10688550746816845,-1970.2295871510487,11728.737963265312,5863.142277145807,5865.5956861195045,0.07534532573001926
35940,0.10690037952987266,-2050.45469046775,11704.85051032183,5849.994739973158,5854.855770348672,0.07540410641466172
35945,0.10691525159157687,-2129.457793220309,11683.398822463834,5836.399104948624,5846.99971751521,0.07546421171249226
35950,0.1069301236532811,-2206.431726764262,11664.69484806369,5822.129742291196,5842.565105772494,0.07552586114163723
35955,0.10694499571498531,-2280.4916960196388,11648.928382591599,5806.947704548507,5841.980678043092,0.07558932135333878
35960,0.10695986777668952,-2350.708567044505,11636.157478132904,5790.597424801081,5845.560053331823,0.07565487367825051
35965,0.10697473983839373,-2416.1474944011443,11626.302582513292,5772.807890615417,5853.494691897875,0.07572277811166471
35970,0.10698961190009794,-2475.9074864110535,11619.145265396073,5753.299387263662,5865.845878132412,0.0757932371197102
35975,0.10700448396180215,-2529.1579786442926,11614.332272845159,5731.796329736014,5882.535943109145,0.07586636262696962
35980,0.10701935602350636,-2575.16942678291,11611.385398699927,5708.045896772515,5903.339501927412,0.0759421492469967
35985,0.10703422808521057,-2613.3362106994473,11609.717299050535,5681.841238254779,5927.8760607957565,0.07602045629304434
35990,0.10704910014691478,-2643.1915197054977,11608.652953431254,5653.047105860981,5955.605847570273,0.07610100038911526
35995,0.10706397220861899,-2664.4150719274276,11607.456051044766,5621.625031794841,5985.831019249926,0.07618335959826958
36000,0.1070788442703232,-2676.8352778277513,11605.359208223248,5587.654801160364,6017.7044070628845,0.07626698890563414
36005,0.10709371633202742,-2680.427694567966,11601.596646143504,5551.3490181555435,6050.24762798796,0.07635124569599955
36010,0.10710858839373164,-2675.311372160282,11595.437794689435,5513.058067594021,6082.379727095414,0.07643542268758219
36015,0.10712346045543585,-2661.7440765381107,11586.220233320268,5473.263666658925,6112.956566661343,0.07651878483013766
36020,0.10713833251714006,-2640.1165264854762,11573.380407487886,5432.560383612623,6140.820023875263,0.07660060616660562
36025,0.10715320457884427,-2610.944856872904,11556.48063809534,5391.625836615362,6164.854801479978,0.07668020274816688
36030,0.10716807664054848,-2574.8597164215334,11535.231050024238,5351.181625249146,6184.049424775092,0.07675695840767963
36035,0.10718294870225269,-2532.589961265753,11509.505183833677,5311.948228393928,6197.556955439749,0.07683034140630146
36040,0.1071978207639569,-2484.9390425482607,11479.348244893034,5274.59796270578,6204.750282187253,0.07689991141788254
36045,0.10721269282566111,-2432.7530312788185,11444.97722044483,5239.710491600533,6205.266728844298,0.0769653176998943
36050,0.10722756488736532,-2376.8807146023873,11406.77248352912,5207.735206743552,6199.037276785567,0.07702629034935848
36055,0.10724243694906953,-2318.1280640209425,11365.261003385174,5178.964053085255,6186.296950299919,0.07708262709753955
36060,0.10725730901077375,-2257.2111997615875,11321.091859412985,5153.517118838546,6167.57474057444,0.077134178135833
36065,0.10727218107247796,-2194.713311233192,11275.005343180563,5131.341753366439,6143.663589814124,0.07718083108810794
36070,0.10728705313418217,-2131.051501231019,11227.797447483421,5112.2243732194,6115.573074264021,0.07722249762571497
36075,0.10730192519588638,-2066.4590558881036,11180.281905254826,5095.812749086506,6084.469156168319,0.07725910254832222
36080,0.1073167972575906,-2000.9872735802965,11133.252099773237,5081.645658800581,6051.606440972656,0.07730771898518526
36085,0.1073316693192948,-1934.5289485223202,11087.44510136235,5069.186457168255,6018.258644194094,0.07741177137532645
36090,0.10734654138099901,-1866.8632035130195,11043.509810967416,5057.857332588346,5985.65247837907,0.07751381672448868
36095,0.10736141344270322,-1797.718882295706,11001.980754407548,5047.071658368142,5954.909096039406,0.07761357889988292
36100,0.10737628550440743,-1726.8513565952653,10963.258540224224,5036.262700944352,5926.995839279872,0.07771070086820585
36105,0.10739115756611164,-1654.1255399170668,10927.597445974417,5024.907806005724,5902.689639968694,0.07780475221577404
36110,0.10740602962781585,-1579.5963208992025,10895.100107413,5012.547875587087,5882.552231825913,0.07789524263013119
36115,0.10742090168952008,-1503.5768077215853,10865.718911255064,4998.802374536811,5866.916536718253,0.07798164046421371
36120,0.10743577375122429,-1426.6850461528647,10839.263465061658,4983.380244292636,5855.883220769022,0.07806339515394381
36125,0.1074506458129285,-1349.8615012688397,10815.413429137267,4966.087008881544,5849.326420255723,0.0781399619707894
36130,0.10746551787463271,-1274.3525948332335,10793.736000092957,4946.828136963837,5846.9078631291195,0.07821082740585
36135,0.10748038993633692,-1201.6596202010433,10773.707365510225,4925.608501420258,5848.098864089967,0.07827553343154241
36140,0.10749526199804113,-1133.4567326195202,10754.737435240415,4902.527670661463,5852.209764578952,0.07833369897946031
36145,0.10751013405974534,-1071.4856048643333,10736.197053137017,4877.770848519133,5858.426204617884,0.07838503719647225
36150,0.10752500612144955,-1017.4370341506283,10717.446700973927,4851.595564444792,5865.851136529135,0.07842936736698601
36155,0.10753987818315376,-972.8309125648766,10697.865465960876,4824.314648140731,5873.550817820145,0.07846662077848655
36160,0.10755475024485797,-938.9055726530723,10676.8788290963,4796.276498031658,5880.602331064642,0.0784968402164446
36165,0.10756962230656218,-916.5259699090329,10653.983726387998,4767.844051020382,5886.139675367616,0.07852017316320369
36170,0.1075844943682664,-906.1179888099605,10628.769402671453,4739.374085168168,5889.395317503285,0.07853685911583606
36175,0.10759936642997062,-907.6338313768965,10600.932841003709,4711.198492844285,5889.7343481594235,0.07854721172254632
36180,0.10761423849167483,-920.5512510972067,10570.287980961231,4683.608962943212,5886.67901801802,0.07855159667967859
36185,0.10762911055337904,-943.9073861278694,10536.768463842538,4656.846161912842,5879.922301929696,0.0785504065587675
36190,0.10764398261508325,-976.3659982258259,10500.424166388952,4631.094071794502,5869.330094594449,0.07854403397002635
36195,0.10765885467678746,-1016.3148382711697,10461.412219347414,4606.479683174691,5854.932536172723,0.07853284472059742
36200,0.10767372673849167,-1061.9874907619987,10419.983499751308,4583.077782231669,5836.905717519639,0.07851715286686244
36205,0.10768859880019588,-1111.6014218156251,10376.465731282022,4560.920128283219,5815.545602998803,0.07849719973105135
36210,0.10770347086190009,-1163.501321070924,10331.244362880316,4540.007907587172,5791.236455293144,0.07847313897183156
36215,0.1077183429236043,-1216.2946558487974,10284.742378624922,4520.326003902389,5764.416374722533,0.0784450295826348
36220,0.10773321498530851,-1268.9652355672151,10237.400168470185,4501.857397803429,5735.542770666756,0.07841283818034145
36225,0.10774808704701273,-1320.951071732712,10189.656573310229,4484.595949404231,5705.060623905998,0.07837645112997867
36230,0.10776295910871694,-1372.1752657776578,10141.932183578903,4468.555966627572,5673.376216951331,0.07833569598306844
36235,0.10777783117042115,-1423.023071373309,10094.615866417029,4453.777308646118,5640.8385577709105,0.07829037051109766
36240,0.10779270323212536,-1474.2642617562087,10048.055269811652,4440.325276361791,5607.729993449861,0.0782402764652066
36245,0.10780757529382957,-1526.9267115572693,10002.551677173611,4428.2851290555,5574.266548118111,0.07818525428279992
36250,0.10782244735553378,-1582.1336545825443,9958.359082131912,4417.751667017394,5540.6074151145185,0.07812521446616828
36255,0.107837319417238,-1640.922332394257,9915.686789155405,4408.814877279693,5506.871911875712,0.07806016139698166
36260,0.1078521914789422,-1704.0648148784076,9874.704325272394,4401.543113906284,5473.16121136611,0.07801527752378173
36265,0.10786706354064642,-1771.9121449120603,9835.547086271028,4395.965643513964,5439.581442757064,0.07810953647933248
36270,0.10788193560235063,-1844.2806033992874,9798.32103214238,4392.056594703526,5406.264437438854,0.07819587925888744
36275,0.10789680766405484,-1920.394211365322,9763.104939159011,4389.722363506548,5373.382575652463,0.07827467732361745
36280,0.10791167972575906,-1998.8912742060074,9729.949196394238,4388.794305840886,5341.154890553352,0.07834635355286541
36285,0.10792655178746327,-2077.8956390031726,9698.870828810206,4389.028076251938,5309.842752558268,0.07842400072582381
36290,0.10794142384916748,-2155.146194535715,9669.845219872523,4390.11027837084,5279.734941501682,0.07852327385848698
36295,0.10795629591087169,-2228.1717690084242,9642.795758587856,4391.672258563462,5251.123500024394,0.07861341395249269
36300,0.1079711679725759,-2294.493669344476,9617.583222869873,4393.310025475746,5224.273197394126,0.07869464260610795
36305,0.10798604003428011,-2351.835199108684,9593.99703718155,4394.608554561622,5199.388482619928,0.0787670804400817
36310,0.10800091209598432,-2398.316866925722,9571.750553415122,4395.168255602345,5176.582297812777,0.07883073452130152
36315,0.10801578415768853,-2432.6176046889714,9550.482191242405,4394.631206276478,5155.850984965927,0.0788855004227834
36320,0.10803065621939274,-2454.085831472502,9529.763672227806,4392.7048826312885,5137.058789596517,0.07893117808408147
36325,0.10804552828109695,-2462.7891688333993,9509.115763655329,4389.1814875269865,5119.934276128342,0.07896749900903861
36330,0.10806040034280116,-2459.497580790565,9488.03101679983,4383.951500595578,5104.079516204252,0.07899416089633837
36335,0.10807527240450539,-2445.601253825702,9466.002063245045,4377.010659295834,5088.991403949211,0.0790108647315979
36340,0.1080901444662096,-2422.971173574473,9442.5532483032,4368.460165346029,5074.093082957172,0.0790173488777717
36345,0.10810501652791381,-2393.776468474931,9417.272843245406,4358.500457729678,5058.772385515728,0.07901341494378489
36350,0.10811988858961802,-2360.277392384306,9389.842863539427,4347.419384314869,5042.423479224558,0.07899894124644391
36355,0.10813476065132223,-2324.615517259842,9360.063655976819,4335.576020296416,5024.487635680403,0.07897388141403845
36360,0.10814963271302644,-2288.6227576845386,9327.870878727208,4323.381690499436,5004.489188227772,0.07893824786263248
36365,0.10816450477473065,-2253.668180407606,9293.34321491218,4311.279904418413,4982.063310493767,0.07889208215056048
36370,0.10817937683643486,-2220.5566477404573,9256.700032055602,4299.726853947392,4956.97317810821,0.07885356860625758
36375,0.10819424889813907,-2189.487118315058,9218.289115348738,4289.173820152799,4929.115295195939,0.07881141541674856
36380,0.10820912095984328,-2160.071945999185,9178.565458602297,4280.052301402389,4898.513157199908,0.07875637358461988
36385,0.10822399302154749,-2131.4126750355044,9138.06281216048,4272.7619924984465,4865.300819662034,0.07868831658139813
36390,0.10823886508325171,-2102.2231469165326,9097.360211486843,4267.661061168697,4829.699150318145,0.0786069911994805
36395,0.10825373714495592,-2070.987328382388,9057.046022890043,4265.05766822356,4791.988354666483,0.07851200799952243
36400,0.10826860920666014,-2036.1370028214487,9017.68214531337,4265.201525584149,4752.480619729222,0.0784028454822773
36405,0.10828348126836435,-1996.2331744154035,8979.770911573049,4268.274564474117,4711.496347098931,0.07828031606246681
36410,0.10829835333006856,-1950.1347050791892,8943.726954598931,4274.38045019896,4669.346504399971,0.07819291079933174
36415,0.10831322539177277,-1897.1385189847979,8909.85586232551,4283.533557878225,4626.322304447285,0.07808696785353685
36420,0.10832809745347698,-1837.0779212230245,8878.340865864408,4295.648863522836,4582.692002341571,0.077961728557991
36425,0.10834296951518119,-1770.369305877457,8849.238133306493,4310.534758311475,4538.703374995018,0.07789658509962928
36430,0.1083578415768854,-1698.0025926470853,8822.480539674729,4327.890897892278,4494.589641782451,0.07798233626795542
36435,0.10837271363858961,-1621.4766085218307,8797.889129524203,4347.312823305462,4450.576306218741,0.07806186210421276
36440,0.10838758570029382,-1542.6865736085692,8775.19095793854,4368.304334203784,4406.886623734756,0.07815261209347911
36445,0.10840245776199804,-1463.7760726590013,8754.041643196962,4390.297635381576,4363.744007815387,0.07825887366508373
36450,0.10841732982370225,-1386.9697365492348,8734.050810018074,4412.680303386959,4321.370506631115,0.0785032068663036
36455,0.10843220188540646,-1314.4048570757595,8714.808627318143,4434.827281151527,4279.981346166616,0.07864323022945498
36460,0.10844707394711067,-1247.980041871444,8695.911799578642,4456.135496716555,4239.776302862087,0.0787623607645398
36465,0.10846194600881488,-1189.2366961197786,8676.987594166281,4476.058360415676,4200.929233750605,0.07906492602329686
36470,0.1084768180705191,-1139.2847347979632,8657.714722698007,4494.137340285659,4163.577382412348,0.07945914069499449
36475,0.1084916901322233,-1098.7779389541038,8637.840108696768,4510.028051934688,4127.81205676208,0.07977311890930679
36480,0.10850656219392751,-1067.9375897774453,8617.190759897176,4523.518813694504,4093.6719462026713,0.08001239098944761
36485,0.10852143425563172,-1046.6165529122845,8595.680140055714,4534.540363986848,4061.139776068866,0.08040972327400295
36490,0.10853630631733593,-1034.3910110012703,8573.308635765023,4543.166322688555,4030.142313076468,0.08072105129313696
36495,0.10855117837904014,-1030.6644683635268,8550.157975098336,4549.604868916621,4000.5531061817155,0.08093744381528091
36500,0.10856605044074437,-1034.768854267888,8526.379803357513,4554.182859913947,3972.196943443566,0.08115269051418661
36505,0.10858092250244858,-1046.0502584838196,8502.17906122419,4557.324115509672,3944.8549457145173,0.08142447068297248
36510,0.10859579456415279,-1063.9312293912872,8477.793315706915,4559.523790422848,3918.2695252840667,0.08158974103191963
36515,0.108610666625857,-1087.9465618441427,8453.469703002298,4561.320679541989,3892.149023460309,0.08163820088468697
36520,0.10862553868756121,-1117.7540445214581,8429.441563599836,4563.269037489768,3866.1725261100673,0.08178122095530753
36525,0.10864041074926542,-1153.1249386420905,8405.907079458637,4565.911159255954,3839.995920202683,0.08184132288502191
36530,0.10865528281096963,-1193.9206176573216,8383.012171360127,4569.751670069154,3813.2605012909735,0.08176835677392488
36535,0.10867015487267384,-1240.0618020934253,8360.839536538406,4575.234280761372,3785.6052557770336,0.08190707571855535
36540,0.10868502693437805,-1291.4955095680925,8339.40502465221,4582.721703070427,3756.6833215817824,0.08228426359220396
36545,0.10869989899608226,-1348.1627852728898,8318.661656698448,4592.4794653492245,3726.182191349224,0.08256328643707417
36550,0.10871477105778647,-1409.9681632965817,8298.510632326443,4604.664463570896,3693.8461687555464,0.08291643898240574
36555,0.1087296431194907,-1476.750253596802,8278.817810410137,4619.319141262215,3659.4986691479216,0.08318080706958973
36560,0.1087445151811949,-1548.252269741844,8259.43352945055,4636.3721230348465,3623.0614064157044,0.08332232383434814
36565,0.10875938724289912,-1624.0918375256965,8240.213349536934,4655.645852856635,3584.567496680299,0.08333026197524278
36570,0.10877425930460333,-1703.7308766289161,8221.037367674917,4676.871275670678,3544.1660920042386,0.08337865613841787
36575,0.10878913136630754,-1786.4482819589975,8201.826136072126,4699.70888049947,3502.117255572656,0.0833025581635096
36580,0.10880400342801175,-1871.3199311809753,8182.5517994219545,4723.7745985779175,3458.777200844037,0.08307090720324928
36585,0.10881887548971596,-1957.21157428765,8163.243738907995,4748.668281312682,3414.5754575953133,0.08315795497701342
36590,0.10883374755142017,-2042.789953914998,8143.988650808389,4774.001947677031,3369.986703131358,0.0835415552958575
36595,0.10884861961312438,-2126.555925240855,8124.925511467599,4799.424835534482,3325.5006759331172,0.08384419041521259
36600,0.10886349167482859,-2206.9006344002055,8106.236248722223,4824.642588519025,3281.593660203198,0.08401859354747901
36605,0.1088783637365328,-2282.1825076576088,8088.133156223453,4849.428633804168,3238.7045224192843,0.0840533787081396
36610,0.10889323579823702,-2350.819545940443,8070.84418313145,4873.626837270062,3197.217345861388,0.0839406443621926
36615,0.10890810785994123,-2411.388795160873,8054.597246666851,4897.145678586092,3157.451568080759,0.08372334212405622
36620,0.10892297992164544,-2462.723294464323,8039.604679541669,4919.9452713526325,3119.659408189036,0.08344050272584098
36625,0.10893785198334965,-2503.996525262882,8026.048852641799,4942.019397877982,3084.0294547638177,0.08360095142732009
36630,0.10895272404505386,-2534.78543936109,8014.069905553965,4963.375237716791,3050.694667837174,0.083849199572942
36635,0.10896759610675807,-2555.105386009079,8003.756367193699,4984.013623267179,3019.7427439265193,0.084051662849117
36640,0.10898246816846228,-2565.413332307893,7995.139250717137,5003.912491593753,2991.226759123384,0.08410962439426053
36645,0.1089973402301665,-2566.5791544274343,7988.189962273079,5023.015780465027,2965.174181808052,0.08401368820259439
36650,0.1090122122918707,-2559.8278841528586,7982.82208163236,5041.22939402911,2941.59268760325,0.08375950757793954
36655,0.10902708435357492,-2546.658155811816,7978.896772894641,5058.42507971684,2920.471693177801,0.08334821858581373
36660,0.10904195641527913,-2528.7435114381374,7976.231293373125,5074.4521501714125,2901.779143201712,0.08363739504916452
36665,0.10905682847698335,-2507.8237971240196,7974.609824390411,5089.156011628752,2885.453812761659,0.08381536110164957
36670,0.10907170053868756,-2485.593934583289,7973.79568779429,5102.40152296463,2871.3941648296595,0.08384830843236073
36675,0.10908657260039177,-2463.597191349679,7973.5439674818335,5114.098444128587,2859.4455233532462,0.08373022570599083
36680,0.10910144466209598,-2443.12983678512,7973.613636606657,5124.225783901105,2849.3878527055513,0.08346035232779617
36685,0.10911631672380019,-2425.1636666395325,7973.77847967356,5132.851835946361,2840.926643727199,0.0835644945363419
36690,0.1091311887855044,-2410.2920783177556,7973.836347254628,5140.147136924453,2833.6892103301752,0.08368751077402044
36695,0.10914606084720861,-2398.70398659381,7973.61652679539,5146.388436336396,2827.2280904589943,0.08380268886923382
36700,0.10916093290891282,-2390.1878629419734,7972.985197776792,5151.952894283826,2821.032303492966,0.08392539301290278
36705,0.10917580497061703,-2384.165756201171,7971.849029615822,5157.302925532274,2814.546104083548,0.08407027283606985
36710,0.10919067703232124,-2379.7546489879305,7970.156978865946,5162.963181903801,2807.193796962145,0.0842084735615884
36715,0.10920554909402545,-2375.8502736759838,7967.900285692853,5169.491942998913,2798.4083426939396,0.0843396858147761
36720,0.10922042115572968,-2371.2267827551004,7965.110616484808,5177.449572115043,2787.6610443697646,0.08446360439510892
36725,0.10923529321743389,-2364.6445009363692,7961.856306926503,5187.366681421151,2774.489625505352,0.0845859809363839
36730,0.1092501652791381,-2354.9573240477894,7958.23676209798,5199.714308432313,2758.522453665667,0.08471087491614228
36735,0.10926503734084231,-2341.211120096755,7954.375263737572,5214.877857822215,2739.4974059153565,0.08482780578171657
36740,0.10927990940254652,-2322.724780789842,7950.410676805678,5233.135948444242,2717.2747283614362,0.08493644460275215
36745,0.10929478146425073,-2299.1465275915843,7946.488767662988,5254.644747109607,2691.8440205533807,0.08503644763115147
36750,0.10930965352595494,-2270.4798613000526,7942.75396904573,5279.427949508535,2663.326019537195,0.08512870364594717
36755,0.10932452558765915,-2237.076180152319,7939.342397468062,5307.372317267929,2631.9700802001325,0.08524919151761039
36760,0.10933939764936336,-2199.594356372597,7936.376731576422,5338.228587660866,2598.148143915556,0.08536666135714444
36765,0.10935426971106757,-2158.9310157676864,7933.963228478147,5371.617595972017,2562.3456325061306,0.08548976665913208
36770,0.10936914177277178,-2116.128400944145,7932.190763835585,5407.041527305371,2525.149236530214,0.08560514880965349
36775,0.109384013834476,-2072.269115270287,7931.131426699308,5443.900273437031,2487.231153262277,0.08571177777016689
36780,0.10939888589618021,-2028.3685458593545,7930.84197192215,5481.512843355367,2449.329128566783,0.08580902798784715
36785,0.10941375795788442,-1985.276316391933,7931.365388890828,5519.143613578269,2412.2217753125597,0.08589625166509551
36790,0.10942863001958864,-1943.5977187004178,7932.731991531964,5556.032889613274,2376.69910191869,0.08598587130742194
36795,0.10944350208129285,-1903.644628737933,7934.959723511309,5591.4308110699185,2343.5289124413903,0.08606656032619481
36800,0.10945837414299706,-1865.4227771228798,7938.053716124894,5624.633141252017,2313.4205748728773,0.08613584330714405
36805,0.10947324620470127,-1828.658364276971,7942.005432810614,5655.017037497369,2286.9883953132457,0.08619791714652583
36810,0.10948811826640548,-1792.862132036078,7946.791899078512,5682.074602464018,2264.7172966144935,0.08628040136552309
36815,0.10950299032810969,-1757.4237748452924,7952.375509080913,5705.441942923613,2246.9335661572995,0.08635268080661848
36820,0.1095178623898139,-1721.7249457286866,7958.704734101328,5724.921636824687,2233.7830972766405,0.08642143649124837
36825,0.10953273445151811,-1685.2560679640533,7965.715796599663,5740.496904835159,2225.2188917645044,0.08648460199485604
36830,0.10954760651322233,-1647.72139436216,7973.335104891551,5752.336334401879,2220.998770489672,0.08653733447374505
36835,0.10956247857492654,-1609.1184403607504,7981.482053186714,5760.788635219569,2220.6934179671453,0.08657953315121132
36840,0.10957735063663075,-1569.7816903557023,7990.071733794488,5766.367548992661,2223.704184801827,0.08661116906236205
36845,0.10959222269833496,-1530.3855796857438,7999.017191337429,5769.727651864627,2229.289539472802,0.0866402611819093
36850,0.10960709476003917,-1491.907268733125,8008.23103643783,5771.632354065202,2236.598682372628,0.08666337537667532
36855,0.10962196682174338,-1455.554789950168,8017.626462718644,5772.915904892319,2244.7105578263245,0.0866764246976136
36860,0.1096368388834476,-1422.6701003311218,8027.117904004393,5774.441631714398,2252.676272289995,0.0866794621907271
36865,0.1096517109451518,-1394.6190013102891,8036.621673231059,5777.058945422465,2259.562727808594,0.08668684922079987
36870,0.10966658300685601,-1372.680637575717,8046.056918014712,5781.561787465269,2264.4951305494433,0.08669690890573667
36875,0.10968145506856022,-1357.9484225798637,8055.347123461691,5788.651132324627,2266.695991137064,0.08670554458311355
36880,0.10969632713026443,-1351.2520189891716,8064.422231819939,5798.903865997491,2265.518365822448,0.08670637283302961
36885,0.10971119919196866,-1353.106833994188,8073.2212842428935,5812.749835894889,2260.4714483480047,0.08669930863716854
36890,0.10972607125367287,-1363.6938730124702,8081.695369892396,5830.458147157554,2251.2372227348424,0.08668423406717027
36895,0.10974094331537708,-1382.8692455269638,8089.810620494294,5852.13294014895,2237.677680345344,0.08666224544765676
36900,0.10975581537708129,-1410.1995733705444,8097.551017596125,5877.71803123976,2219.832986356365,0.08663615958018143
36905,0.1097706874387855,-1445.0173078969124,8104.920864437129,5907.009057866419,2197.91180657071,0.08660176404185851
36910,0.10978555950048971,-1486.4886443985542,8111.946877463041,5939.671254943327,2172.2756225197145,0.08655884491530819
36915,0.10980043156219392,-1533.6863239449249,8118.6799319450765,5975.260782755283,2143.4191491897936,0.08650717449108464
36920,0.10981530362389813,-1585.6600552973973,8125.196517946074,6013.247646061965,2111.9488718841094,0.08645080735556564
36925,0.10983017568560234,-1641.4984589122664,8131.599912553468,6053.038639762529,2078.5612727909393,0.08638736322515386
36930,0.10984504774730655,-1700.3781709259938,8138.020963129325,6093.999317489472,2044.021645639853,0.08631471569808725
36935,0.10985991980901076,-1761.597801664133,8144.618239056361,6135.474564215529,2009.1436748408314,0.08623263999511012
36940,0.10987479187071499,-1824.5964759886128,8151.577193699148,6176.807828072257,1974.7693656268912,0.08614092453075038
36945,0.1098896639324192,-1888.9583104966869,8159.107929074939,6217.359337105279,1941.74859196966,0.08603937858140114
36950,0.1099045359941234,-1954.4051193072346,8167.441200306783,6256.523661756189,1910.9175385505941,0.08594160519741023
36955,0.10991940805582762,-2020.7798289486373,8176.822436703384,6293.746813423182,1883.0756232802014,0.08583654255975683
36960,0.10993428011753183,-2088.022740280003,8187.503766794361,6328.542770801679,1858.960995992682,0.08572269704336223
36965,0.10994915217923604,-2156.1423005258266,8199.734273977923,6360.508998975095,1839.2252750028283,0.08560000545922031
36970,0.10996402424094025,-2225.1818286187868,8213.748930769298,6389.340266284164,1824.408664485134,0.08546845450843456
36975,0.10997889630264446,-2295.18386094206,8229.756823502277,6414.8399361232605,1814.9168873790168,0.08532808139150214
36980,0.10999376836434867,-2366.1543629328703,8247.929362757188,6436.927936064753,1811.0014266924345,0.0851789703824814
36985,0.11000864042605288,-2438.0296891270473,8268.389175419978,6455.644762374035,1812.7444130459426,0.08502124529520094
36990,0.11002351248775709,-2510.6495316267496,8291.200308714393,6471.151112467856,1820.0491962465367,0.08485505826951688
36995,0.11003838454946131,-2583.738950627584,8316.36027450783,6483.722993526646,1832.6372809811837,0.08468057581507776
37000,0.11005325661116552,-2656.9018894457195,8343.794356573673,6493.742389379223,1850.0519671944503,0.08449796348448149
37005,0.11006812867286973,-2729.6274511295815,8373.352520300627,6501.683761968031,1871.6687583325956,0.08430737082919566
37010,0.11008300073457394,-2801.3088378279363,8404.80921458388,6508.0968221286785,1896.7123924552016,0.08410891836186551
37015,0.11009787279627815,-2871.273418444572,8437.866331851948,6513.586141533821,1924.280190318127,0.08390268807994448
37020,0.11011274485798236,-2938.821075270006,8472.159571150618,6518.788304620778,1953.3712665298399,0.08368871870776345
37025,0.11012761691968657,-3003.266969112719,8507.268399273187,6524.347416609844,1982.9209826633432,0.0834670062362024
37030,0.11014248898139078,-3063.9843435376597,8542.729696126162,6530.889880280493,2011.8398158456685,0.08323750966415554
37035,0.110157361043095,-3120.443118514536,8578.054984017415,6538.999414478509,2039.0555695389066,0.08300016117790368
37040,0.1101722331047992,-3172.240849752491,8612.750875156093,6549.193298849376,2063.5575763067163,0.08275487944929462
37045,0.11018710516650342,-3219.124018044418,8646.342045852818,6561.900788748227,2084.4412571045914,0.08251777314728717
37050,0.11020197722820764,-3260.9992294197077,8678.395695445912,6577.444557511294,2100.9511379346177,0.08227900860416455
37055,0.11021684928991185,-3297.9352967862505,8708.546120380386,6596.025902223281,2112.520218157105,0.08203296512292438
37060,0.11023172135161606,-3330.1579194371443,8736.517781017412,6617.714306367973,2118.8034746494386,0.08177956483832456
37065,0.11024659341332027,-3358.038577745792,8762.145109297735,6642.441798290989,2119.703311006746,0.08151877230569432
37070,0.11026146547502448,-3382.078447161304,8785.387337210086,6670.002384723644,2115.3849524864418,0.08125059712136178
37075,0.11027633753672869,-3402.887046663068,8806.336839571668,6700.0566779304345,2106.2801616412335,0.08097509216801269
37080,0.1102912095984329,-3421.1545558650537,8825.219877412545,6732.1416771337645,2093.07820027878,0.08069234813860991
37085,0.11030608166013711,-3437.616748766927,8842.389171855222,6765.685513548844,2076.703658306378,0.08040248530726479
37090,0.11032095372184132,-3453.012485830119,8858.30838006811,6800.026825960172,2058.281554107939,0.08010564367938404
37095,0.11033582578354553,-3468.0354902335016,8873.529213639129,6834.438297744087,2039.0909158950417,0.0798019726867306
37100,0.11035069784524974,-3483.2842319444253,8888.662557669615,6868.153747146159,2020.5088105234563,0.07949162152553095
37105,0.11036556990695397,-3499.2155795630497,8904.345445001018,6900.398005648749,2003.9474393522687,0.07917473109039071
37110,0.11038044196865818,-3516.1089651319917,8921.20606296951,6930.418631299111,1990.7874316703983,0.07890970648038916
37115,0.11039531403036239,-3534.047832361787,8939.82909704125,6957.518283978412,1982.3108130628389,0.07904405003361552
37120,0.1104101860920666,-3552.9239758167437,8960.723652696837,6981.086357181537,1979.6372955153001,0.07905174752728877
37125,0.11042505815377081,-3572.4680416359174,8984.29577223163,7000.628257062142,1983.6675151694872,0.07898831325365124
37130,0.11043993021547502,-3592.306101395299,9010.8272143826,7015.790599013804,1995.0366153687955,0.07893576209543082
37135,0.11045480227717923,-3612.0381658394354,9040.461726687265,7026.38060873362,2014.081117953645,0.07898585629084567
37140,0.11046967433888344,-3631.330345720502,9073.199537815764,7032.378205492421,2040.821332323343,0.07904235187803127
37145,0.11048454640058765,-3650.0088687114653,9108.900246375959,7033.939618490697,2074.9606278852616,0.07893994568087424
37150,0.11049941846229186,-3668.1421565704113,9147.293701464065,7031.3919174009325,2115.9017840631323,0.07896626996089362
37155,0.11051429052399607,-3686.0973075661914,9187.997889530705,7025.21847066029,2162.7794188704147,0.07903490484377267
37160,0.1105291625857003,-3704.5598633801774,9230.542312914331,7016.03600637866,2214.506306535671,0.0789329669880782
37165,0.1105440346474045,-3724.5103978315165,9274.394935394723,7004.564564500856,2269.8303708938665,0.07888749265494462
37170,0.11055890670910871,-3747.1575075962674,9318.990548410166,6991.592130780535,2327.398417629631,0.07897292880963669
37175,0.11057377877081292,-3773.8331862088457,9363.758427139366,6977.936090597007,2385.822336542359,0.07888570048848514
37180,0.11058865083251714,-3805.862249657736,9408.14740725144,6964.403814977292,2443.743592274147,0.07876371832537797
37185,0.11060352289422135,-3844.42155475327,9451.646980333999,6951.754692949901,2499.8922873840975,0.07887770928483702
37190,0.11061839495592556,-3890.406622676004,9493.803595975729,6940.66576612176,2553.1378298539694,0.07882022574440029
37195,0.11063326701762977,-3944.32272420013,9534.231966306752,6931.702821644742,2602.5291446620104,0.0785917818828464
37200,0.11064813907933398,-4006.214619793795,9572.621695631122,6925.298380718316,2647.3233149128055,0.0787463319286621
37205,0.11066301114103819,-4075.6443940554886,9608.73993443594,6921.7375086001375,2687.0024258358026,0.07873370725751107
37210,0.1106778832027424,-4151.720833495883,9642.430956815695,6921.1518035466515,2721.2791532690435,0.07852857108168004
37215,0.11069275526444662,-4233.177389721734,9673.613596650068,6923.521340738939,2750.0922559111286,0.07857213851181913
37220,0.11070762732615083,-4318.4898290171905,9702.277390762167,6928.683806294729,2773.5935844674377,0.07861794986746319
37225,0.11072249938785504,-4406.020003252932,9728.47811529661,6936.349612964825,2792.128502331785,0.07847672945547612
37230,0.11073737144955925,-4494.169376193544,9752.33320624545,6946.121494860982,2806.211711384468,0.0783718833219521
37235,0.11075224351126346,-4581.525269042479,9774.017353263098,6957.516968669673,2816.500384593425,0.07848600712627025
37240,0.11076711557296767,-4666.984171606713,9793.758359741441,6969.992130075545,2823.7662296658964,0.07842036023474352
37245,0.11078198763467188,-4749.8395467768605,9811.83317570941,6982.96549870931,2828.8676770000993,0.07815797848530286
37250,0.1107968596963761,-4829.825830614671,9828.563837866364,6995.84097196737,2832.7228658989943,0.07834514880245112
37255,0.1108117317580803,-4907.115252387509,9844.3129042315,7008.029316084445,2836.2835881470546,0.0783612153458076
37260,0.11082660381978451,-4982.2691459587695,9859.477869186543,7018.967930253472,2840.5099389330708,0.07817989904354862
37265,0.11084147588148872,-5056.150106277062,9874.484012286137,7028.138806017696,2846.345206268441,0.07817274702138334
37270,0.11085634794319295,-5129.805202316652,9889.775191573808,7035.084646427705,2854.6905451461034,0.07827142106724476
37275,0.11087122000489716,-5204.333086005608,9905.80224725345,7039.423025224873,2866.3792220285777,0.07818078172744396
37280,0.11088609206660137,-5280.748950366327,9923.008924478701,7040.858306912547,2882.1506175661543,0.07794814293768344
37285,0.11090096412830558,-5359.86080125775,9941.8155269107,7039.190883093476,2902.624643817223,0.07812619328699924
37290,0.11091583619000979,-5442.168568413118,9962.600836190706,7034.323177772607,2928.2776584180992,0.07812512040525575
37295,0.110930708251714,-5527.7945636351415,9985.6831345706,7026.261885997662,2959.4212485729377,0.0779195324321148
37300,0.11094558031341821,-5616.450194835116,10011.301412738445,7015.11605802724,2996.185354711205,0.07790596223461016
37305,0.11096045237512242,-5707.440163316782,10039.598006650089,7001.090910991711,3038.5070956583777,0.07799099274407066
37310,0.11097532443682663,-5799.701996893686,10070.603971137321,6984.477594587966,3086.126376549355,0.0778817208637503
37315,0.11099019649853084,-5891.875929414794,10104.228457792939,6965.639488860318,3138.5889689326204,0.07770752789799823
37320,0.11100506856023505,-5982.397912789307,10140.253220950475,6944.9959018750305,3195.2573190754447,0.07778375000243463
37325,0.11101994062193928,-6069.606955399685,10178.333135580591,6923.004213477533,3255.328922103058,0.07776870883722889
37330,0.11103481268364349,-6151.857038650521,10218.003288637625,6900.1415603964215,3317.8617282412033,0.07761601589158951
37335,0.1110496847453477,-6227.623626703918,10258.692820811271,6876.887091015044,3381.8057297962278,0.07748025050406804
37340,0.1110645568070519,-6295.595329447943,10299.745272900142,6853.705667577803,3446.0396053223385,0.07755676111631074
37345,0.11107942886875612,-6354.742654139787,10340.444756133305,6831.033694440997,3509.411061692308,0.07744015097623148
37350,0.11109430093046033,-6404.35795549389,10380.046845614617,6809.267528398857,3570.77931721576,0.07734544238969691
37355,0.11110917299216454,-6444.063525703584,10417.812718825298,6788.754694110998,3629.0580247143007,0.07725015474465469
37360,0.11112404505386875,-6473.788005768382,10453.044757121525,6769.787891069568,3683.2568660519564,0.07723517178923378
37365,0.11113891711557296,-6493.714621767829,10485.121628529983,6752.601548661973,3732.5200798680107,0.07712872157252973
37370,0.11115378917727717,-6504.207794346159,10513.530802544066,6737.370482865895,3776.1603196781716,0.07698606643046053
37375,0.11116866123898138,-6505.727081393878,10537.89652944928,6724.210061832349,3813.68646761693,0.07693996732003054
37380,0.1111835333006856,-6498.738870616956,10558.001548453423,6713.177230406652,3844.8243180467716,0.07683465703120732
37385,0.11119840536238981,-6483.636481702886,10573.801151083268,6704.271799222721,3869.5293518605467,0.07679943800041772
37390,0.11121327742409402,-6460.678220812142,10585.428682111631,6697.437575864449,3887.991106247182,0.07657796752609053
37395,0.11122814948579823,-6429.950488447065,10593.192063476445,6692.563179790321,3900.628883686124,0.0765763594581454
37400,0.11124302154750244,-6391.359552637546,10597.561432790617,6689.482688612546,3908.0787441780712,0.07650750109305228
37405,0.11125789360920665,-6344.651588899715,10599.148463661131,6687.976544322044,3911.1719193390873,0.07642612775187611
37410,0.11127276567091086,-6289.456741570963,10598.678362173283,6687.773339558638,3910.9050226146446,0.07621472025592053
37415,0.11128763773261507,-6225.349952816576,10596.955907435216,6688.553163223506,3908.4027442117103,0.07613354309998265
37420,0.11130250979431928,-6151.919617466104,10594.827223821812,6689.953102790209,3904.874121031603,0.07613336501686502
37425,0.1113173818560235,-6068.834932678561,10593.139233477856,6691.575302888705,3901.563930589151,0.07598498487777201
37430,0.1113322539177277,-5975.904003177331,10592.698922737212,6692.99771329996,3899.701209437252,0.0758722977918621
37435,0.11134712597943193,-5873.117004812054,10594.234636363093,6693.787375581641,3900.4472607814523,0.0757190095600982
37440,0.11136199804113614,-5760.6715567950905,10598.361554685303,6693.515836011091,3904.8457186742125,0.07570171473380466
37445,0.11137687010284035,-5638.980407309456,10605.55328472186,6691.77605534798,3913.77722937388,0.075494474386266
37450,0.11139174216454456,-5508.6640862482745,10616.121102790574,6688.200019432258,3927.9210833583156,0.07546949910713817
37455,0.11140661422624877,-5370.532861859127,10630.201849410449,6682.476137542876,3947.7257118675725,0.07533665067787565
37460,0.11142148628795298,-5225.562857756976,10647.75485464232,6674.365447453557,3973.3894071887635,0.07527151065471471
37465,0.11143635834965719,-5074.870527529473,10668.567641208068,6663.715632538981,4004.852008669088,0.0751291447647806
37470,0.1114512304113614,-4919.688152536764,10692.269594285288,6650.471907736415,4041.7976865488727,0.07508912538001329
37475,0.11146610247306561,-4761.341158002982,10718.352364476725,6634.683957317518,4083.6684071592063,0.07494473102671423
37480,0.11148097453476982,-4601.226399498465,10746.195516244226,6616.508308828092,4129.687207416135,0.0748337491440737
37485,0.11149584659647403,-4440.789559530466,10775.09584316257,6596.205788539907,4178.890054622662,0.07477741121935857
37490,0.11151071865817826,-4281.499557756083,10804.298808563337,6574.133993006693,4230.164815556644,0.07469991703042045
37495,0.11152559071988247,-4124.818340490472,10833.030684240097,6550.734991321343,4282.295692918754,0.07447724063930082
37500,0.11154046278158668,-3972.1653929738886,10860.53010211447,6526.518715836909,4334.011386277561,0.07449312563873299
37505,0.11155533484329089,-3824.8776313631006,10886.07787145509,6502.042700572088,4384.035170883003,0.07435782962755383
37510,0.1115702069049951,-3684.166821925245,10909.02403759472,6477.889004061931,4431.135033532789,0.07425410840327919
37515,0.11158507896669931,-3551.0781357747896,10928.811277096622,6454.639329834066,4474.1719472625555,0.07412612169813858
37520,0.11159995102840352,-3426.454561638269,10944.993859609544,6432.8495342951355,4512.144325314408,0.07411581157887774
37525,0.11161482309010773,-3310.9122788986733,10957.251577899315,6413.024852159915,4544.2267257394,0.07394592202926575
37530,0.11162969515181194,-3204.8314313724477,10965.398263933886,6395.597208348331,4569.801055585555,0.07385864679999506
37535,0.11164456721351615,-3108.3649863734186,10969.38476441483,6380.905865366722,4588.478899048108,0.07383039516831931
37540,0.11165943927522036,-3021.4658085755495,10969.29652294668,6369.182369841956,4600.114153104725,0.07375861625030408
37545,0.11167431133692458,-2943.9293013611805,10965.346177658383,6360.540374162251,4604.805803496131,0.0736570169751209
37550,0.1116891833986288,-2875.4466129098296,10957.861800160286,6354.970527961766,4602.891272198521,0.07356773279292883
37555,0.111704055460333,-2815.661928076483,10947.271548460652,6352.340357899137,4594.931190561515,0.07353789204267473
37560,0.11171892752203721,-2764.226915676574,10934.085570736974,6352.398917116753,4581.686653620221,0.07350098273441451
37565,0.11173379958374142,-2720.845857095806,10918.875983483418,6354.785944172052,4564.090039311366,0.07334844363837813
37570,0.11174867164544564,-2685.3061091177224,10902.25567725608,6359.045241295433,4543.210435960647,0.07336742254635824
37575,0.11176354370714985,-2657.49012919071,10884.856606697838,6364.641903486422,4520.214703211416,0.07330128291121359
37580,0.11177841576885406,-2637.3671862784086,10867.308130483167,6370.982906797387,4496.32522368578,0.07322555039099263
37585,0.11179328783055827,-2624.965040216358,10850.215904879411,6377.440447715478,4472.775457163933,0.07310727938239417
37590,0.11180815989226248,-2620.3242048259435,10834.141810571415,6383.377355531243,4450.764455040172,0.07310765421669993
37595,0.11182303195396669,-2623.4396905230187,10819.58539876508,6388.173851999317,4431.411546765764,0.07302297373192938
37600,0.11183790401567091,-2634.1970180211692,10806.967358978685,6391.254822607358,4415.712536371328,0.07276592194796869
37605,0.11185277607737512,-2652.3104584167504,10796.615511929765,6392.116515611443,4404.4989963183225,0.07284037043772347
37610,0.11186764813907933,-2677.2716022692584,10788.753795091812,6390.35122061988,4398.402574471932,0.07277167630540031
37615,0.11188252020078354,-2708.3153600456035,10783.494626800053,6385.668148899857,4397.826477900196,0.0725623646181643
37620,0.11189739226248775,-2744.408468621815,10780.834914321944,6377.908655468792,4402.926258853152,0.07244782141969511
37625,0.11191226432419196,-2784.2628855825387,10780.655832871384,6367.054252718492,4413.601580152892,0.07261051509142732
37630,0.11192713638589617,-2826.3735525661887,10782.726372947594,6353.226537536603,4429.499835410991,0.07284339177662191
37635,0.11194200844760038,-2869.0773243613057,10786.710553962086,6336.678984599374,4450.031569362712,0.07312105082342486
37640,0.1119568805093046,-2910.62773421726,10792.178139449261,6317.781285134422,4474.3968543148385,0.07343758322003614
37645,0.1119717525710088,-2949.278903911717,10798.61865053987,6296.997372390047,4501.6212781498225,0.07372268352042786
37650,0.11198662463271301,-2983.3713257957143,10805.458432600173,6274.858499957693,4530.59993264248,0.0739663167625333
37655,0.11200149669441724,-3011.4123404356696,10812.080455599507,6251.932888351315,4560.147567248192,0.07416884801159264
37660,0.11201636875612145,-3032.144817061024,10817.846404233007,6228.793673571408,4589.052730661599,0.0744354412509723
37665,0.11203124081782566,-3044.5987389109205,10822.120442338453,6205.9871733626505,4616.133268975803,0.07475699909839588
37670,0.11204611287952987,-3048.1219653726857,10824.293842244853,6184.003661621651,4640.290180623202,0.07506313283930893
37675,0.11206098494123408,-3042.3882167407937,10823.809490954645,6163.252695250413,4660.556795704232,0.07532702560766116
37680,0.11207585700293829,-3027.3821741615548,10820.185159566214,6144.044492406211,4676.1406671600025,0.07554927114781733
37685,0.1120907290646425,-3003.36338717541,10813.034377268476,6126.578066289208,4686.456310979267,0.07573102276892799
37690,0.11210560112634671,-2970.8122959513394,10802.083798107718,6110.936074641457,4691.147723466262,0.07604011534232966
37695,0.11212047318805092,-2930.363027217618,10787.186085838117,6097.085905209419,4690.100180628698,0.07635878131233109
37700,0.11213534524975513,-2882.7287269240105,10768.327559784599,6084.886413508516,4683.441146276083,0.07663580887777324
37705,0.11215021731145934,-2828.626030860223,10745.630127760385,6074.099753863468,4671.530373896917,0.07687206949053076
37710,0.11216508937316357,-2768.7057045474376,10719.347360384358,6064.407613803688,4654.93974658067,0.07706884188739692
37715,0.11217996143486778,-2703.496319451854,10689.854907733874,6055.4307485918835,4634.4241591419905,0.07725884544925857
37720,0.11219483349657199,-2633.3669200901595,10657.635790329006,6046.750170272403,4610.885620056603,0.07758446422140357
37725,0.1122097055582762,-2558.51285757993,10623.261374305283,6037.928017208436,4585.333357096846,0.07787032743282819
37730,0.1122245776199804,-2478.9663331612846,10587.369030861844,6028.526305186468,4558.842725675377,0.07811743884473543
37735,0.11223944968168462,-2394.6300247813087,10550.637562991948,6018.122458692619,4532.515104299328,0.0783269743502502
37740,0.11225432174338883,-2305.3290450482264,10513.761460909758,6006.321452021712,4507.440008888047,0.0785001306103608
37745,0.11226919380509304,-2210.874008534557,10477.424948105823,5992.765127479056,4484.659820626767,0.07872950979510288
37750,0.11228406586679725,-2111.1266258615406,10442.276646232189,5977.13950052436,4465.1371457078285,0.07902237813553065
37755,0.11229893792850146,-2006.0592419029635,10408.905567787488,5959.180613120348,4449.724954667139,0.07927921003757539
37760,0.11231380999020567,-1895.8010600886782,10377.819079510422,5938.67904189537,4439.140037615052,0.07950079861085638
37765,0.11232868205190989,-1780.666085866059,10349.423480519721,5915.482865320288,4433.9406151994335,0.07968785511148539
37770,0.1123435541136141,-1661.160572161325,10324.007890132578,5889.498931812246,4434.508958320332,0.07984108635062016
37775,0.11235842617531831,-1537.9705267600293,10301.732197760683,5860.6925566440395,4441.039641116643,0.08008883746464122
37780,0.11237329823702252,-1411.9323080070117,10282.619836523516,5829.086033850573,4453.533802672943,0.08035510593747014
37785,0.11238817029872673,-1283.9911756862357,10266.556053833261,5794.7563397679905,4471.799714065271,0.08058815389345017
37790,0.11240304236043094,-1155.1536468247414,10253.292137530496,5757.832104912232,4495.4600326182635,0.08078826500866937
37795,0.11241791442213515,-1026.4395853505175,10242.455719585205,5718.489552076849,4523.966167508356,0.08095591545704234
37800,0.11243278648383936,-898.8392284315842,10233.566860745941,5676.946934492525,4556.619926253416,0.08109192435907488
37805,0.11244765854554357,-773.2789891763177,10226.059183633637,5633.457227174454,4592.601956459183,0.08133571507020816
37810,0.11246253060724778,-650.5981397521418,10219.304940733064,5588.299352374098,4631.005588358966,0.08157762769377377
37815,0.112477402668952,-531.5367228688337,10212.642639480302,5541.768780271266,4670.873859209036,0.08178815768313764
37820,0.11249227473065622,-416.73355987753985,10205.405736649182,5494.168626551438,4711.237110097743,0.08196787406960163
37825,0.11250714679236043,-306.73215162201996,10196.95096113338,5445.8022002779935,4751.148760855386,0.08211775317127398
37830,0.11252201885406464,-201.99163017025876,10186.684995133912,5396.967403706708,4789.717591427204,0.08223910509389816
37835,0.11253689091576885,-102.89972970637882,10174.088483125275,5347.952705760713,4826.135777364562,0.08247283440041266
37840,0.11255176297747306,-9.784999240033358,10158.73658657236,5299.033902000514,4859.7026845718465,0.08268988161743022
37845,0.11256663503917727,77.07388057955723,10140.31551312244,5250.470721530805,4889.844791591634,0.08287827069932825
37850,0.11258150710088148,157.44288086202596,10118.63459731612,5202.502541583891,4916.13205573223,0.08303907819455772
37855,0.11259637916258569,231.1315974850304,10093.633599912186,5155.342868458203,4938.2907314539825,0.08317351243370168
37860,0.1126112512242899,297.9953827558038,10065.384955345466,5109.172644098144,4956.212311247322,0.08328368398273665
37865,0.11262612328599411,357.9387353931097,10034.090775140061,5064.13271683419,4969.9580583058705,0.08350380120655931
37870,0.11264099534769832,410.9176755238959,10000.074547528324,5020.315966503499,4979.758581024825,0.08369796674578478
37875,0.11265586740940255,456.9390632149116,9963.767680183386,4977.759672353677,4986.008007829709,0.0838671959275702
37880,0.11267073947110676,496.0555934134454,9925.691309324618,4936.438824633985,4989.2524846906335,0.08401247742882091
37885,0.11268561153281097,528.356337809003,9886.43411294916,4896.2612061486125,4990.172906800548,0.08413471128707667
37890,0.11270048359451518,553.9539606522094,9846.627165470925,4857.06514217665,4989.562023294276,0.08423472712825068
37895,0.11271535565621939,572.970829615354,9806.91709706146,4818.62075904095,4988.296338020509,0.08442602857714183
37900,0.1127302277179236,585.5269285529594,9767.938929808824,4780.635366617876,4987.303563190949,0.08460269414585876
37905,0.11274509977962781,591.7326373410224,9730.289937831756,4742.7632124118545,4987.526725419902,0.0847582570401046
37910,0.11275997184133202,591.6890761832392,9694.505732735477,4704.619417413101,4989.8863153223765,0.08489351513061259
37915,0.11277484390303623,585.4978497158518,9661.039547646573,4665.797484125979,4995.242063520594,0.08500931937840081
37920,0.11278971596474044,573.2807108150937,9630.245435250163,4625.8894292359855,5004.356006014177,0.08510664823568222
37925,0.11280458802644465,555.2080233498073,9602.365856892724,4584.5073646422425,5017.8584922504815,0.08526126619235141
37930,0.11281946008814887,531.5331879832911,9577.523949396287,4541.305230969781,5036.218718426506,0.0854268144355254
37935,0.11283433214985308,502.6287158776622,9555.720615461447,4495.999361471949,5059.721253989498,0.08557486286196081
37940,0.1128492042115573,469.0187045450539,9536.836472709287,4448.386593099193,5088.449879610093,0.08570623443696429
37945,0.1128640762732615,431.4023624283154,9520.638584446291,4398.3587171846575,5122.279867261634,0.08582184520293908
37950,0.11287894833496571,390.6640643824894,9506.791752366331,4345.912169972729,5160.879582393602,0.08592265993382073
37955,0.11289382039666992,347.86703991231934,9494.873963337306,4291.152031348591,5203.721931988715,0.08605112034160114
37960,0.11290869245837414,304.22980893068416,9484.395359536316,4234.289670563205,5250.105688973112,0.08620636599027702
37965,0.11292356452007835,261.08646773976307,9474.819875523912,4175.633778900783,5299.186096623129,0.08634661587079316
37970,0.11293843658178256,219.83359984287654,9465.58849882895,4115.5750571148665,5350.013441714084,0.08647248737197306
37975,0.11295330864348677,181.86780221579738,9456.142999905922,4054.5654310519403,5401.577568853982,0.08658452445649963
37980,0.11296818070519098,148.51857741642834,9445.948966185495,3993.093257052637,5452.8557091328585,0.08668314533987517
37985,0.1129830527668952,120.98174833317444,9434.517064966221,3931.656435560562,5502.860629405659,0.08676861679128924
37990,0.11299792482859941,100.25869961666194,9421.421630845956,3870.735587503713,5550.6860433422435,0.08689918121656291
37995,0.11301279689030362,87.10660926072615,9406.315892149838,3810.769424990701,5595.546467159137,0.08702109543735174
38000,0.11302766895200783,82.00428339891641,9388.94338320369,3752.13417686612,5636.80920633757,0.08712890485395335
38005,0.11304254101371204,85.13716260239289,9369.145307529745,3695.12846193066,5674.016845599085,0.08722270394757899
38010,0.11305741307541625,96.40356094787148,9346.863802981668,3639.964418270449,5706.89938471122,0.08730253001544257
38015,0.11307228513712046,115.44235934118933,9322.14120739412,3586.7652838775075,5735.375923516612,0.08740569116491789
38020,0.11308715719882467,141.68039299702014,9295.11553799159,3535.569053039606,5759.546484951985,0.0875006829433306
38025,0.11310202926052888,174.39586873561984,9266.01249208132,3486.3373536627073,5779.675138418612,0.08758729428853367
38030,0.1131169013222331,212.79251119459605,9235.134364425468,3438.9683354816375,5796.166028943831,0.08770653755331612
38035,0.1131317733839373,256.0778846190551,9202.84637053744,3393.3121468248914,5809.534223712548,0.08781555415108588
38040,0.11314664544564153,303.5385427568426,9169.560971532104,3349.187508980813,5820.373462551292,0.0879143661038472
38045,0.11316151750734574,354.60443230264536,9135.720910111222,3306.397959968371,5829.3229501428505,0.08800287292557157
38050,0.11317638956904995,408.8954829638096,9101.781769131201,3264.7465170869696,5837.035252044232,0.08808092574529289
38055,0.11319126163075416,466.24471630697553,9068.194924148162,3224.0477802638607,5844.147143884301,0.08814840158261728
38060,0.11320613369245837,526.6945320501727,9035.391748152697,3184.1368385553183,5851.254909597379,0.08821316670291944
38065,0.11322100575416258,590.4659182296855,9003.7698172926,3144.8747161331776,5858.895101159422,0.08830056074720606
38070,0.11323587781586679,657.9037878932531,8973.681655065342,3106.150466104039,5867.531188961303,0.08837716571706952
38075,0.113250749877571,729.4048973165,8945.426259610605,3067.8803535770635,5877.5459060335415,0.08844284379013129
38080,0.11326562193927521,805.3372365260284,8919.243331912949,3030.004825418686,5889.238506494263,0.08849756311412489
38085,0.11328049400097942,885.9609383154693,8895.309827491292,2992.4841119859416,5902.825715505351,0.08854139925478545
38090,0.11329536606268363,971.3604502177932,8873.738256655339,2955.293331984681,5918.444924670657,0.08857450126313461
38095,0.11331023812438785,1061.3960725214483,8854.576107148887,2918.4178817333873,5936.1582254155,0.08862512972246969
38100,0.11332511018609207,1155.6803074408126,8837.805874892105,2881.8497079555673,5955.956166936538,0.08867571558399762
38105,0.11333998224779628,1253.581223664807,8823.345440435187,2845.5848261414167,5977.76061429377,0.08871521223762097
38110,0.11335485430950049,1354.2516903226851,8811.04885972855,2809.622200373663,6001.426659354886,0.08874364332003495
38115,0.1133697263712047,1456.680321980437,8800.707963612944,2773.9638883242246,6026.74407528872,0.08876099842131135
38120,0.1133845984329089,1559.7576676692997,8792.055396375588,2738.6162069356583,6053.4391894399305,0.08878292548389859
38125,0.11339947049461312,1662.3498242935148,8784.76980623161,2703.5916048382237,6081.178201393386,0.08881814639477723
38130,0.11341434255631733,1763.3713658448196,8778.483800517148,2668.9109364344567,6109.572864082691,0.08884157229637711
38135,0.11342921461802154,1861.850178068179,8772.795007124176,2634.605902153088,6138.1891049710875,0.0888528962665495
38140,0.11344408667972575,1956.9782288895258,8767.280191169715,2600.7215145801492,6166.558676589566,0.08885172764517854
38145,0.11345895874142996,2048.1441773034294,8761.511938778447,2567.31852853563,6194.193410242817,0.08886514370986359
38150,0.11347383080313418,2134.945766295179,8755.077021898183,2534.475799691964,6220.60122220622,0.08888343478131992
38155,0.11348870286483839,2217.1819862770762,8747.595270419402,2502.29249422053,6245.302776198872,0.088887915659057
38160,0.1135035749265426,2294.826920080852,8738.737646207546,2470.8899689599475,6267.847677247599,0.08887795131123301
38165,0.11351844698824681,2367.9888928442024,8728.242250767189,2440.4130124834237,6287.829238283765,0.08885498175889633
38170,0.11353331904995102,2436.859936511494,8715.927182361529,2411.0300356741204,6304.897146687408,0.08886792673259247
38175,0.11354819111165523,2501.6614838646983,8701.699441067252,2382.9317759590235,6318.767665108229,0.08886493964671895
38180,0.11356306317335944,2562.5924601248134,8685.559403135954,2356.3281568062775,6329.231246329677,0.08884526311729297
38185,0.11357793523506365,2619.785440014327,8667.600698063312,2331.443115292152,6336.15758277116,0.08880815815097669
38190,0.11359280729676786,2673.2753248303916,8648.005589092038,2308.507440209757,6339.4981488822805,0.08881475961374334
38195,0.11360767935847207,2722.9832514990703,8627.036168575896,2287.749899651224,6339.286268924672,0.08880451700189768
38200,0.11362255142017628,2768.7164518298605,8605.021843127237,2269.3871285846103,6335.634714542626,0.08877537424698397
38205,0.11363742348188051,2810.182849442266,8582.343722072326,2253.6128630549774,6328.730859017349,0.08872916164557054
38210,0.11365229554358472,2847.017596943733,8559.416656258174,2240.5871492699216,6318.829506988252,0.08873333593408664
38215,0.11366716760528893,2878.8177045585744,8536.669806988468,2230.426147284092,6306.243659704376,0.08871742976712953
38220,0.11368203966699314,2905.1804617826547,8514.526741971784,2223.193119442193,6291.333622529591,0.08868071357552201
38225,0.11369691172869735,2925.741479438386,8493.386127179143,2218.8911645234316,6274.494962655712,0.08862254186861365
38230,0.11371178379040156,2940.208793173517,8473.604076021422,2217.4582358754487,6256.145840145973,0.08861263155209469
38235,0.11372665585210577,2948.3904319052763,8455.479105829998,2218.7649538522164,6236.7141519777815,0.08859480779358601
38240,0.11374152791380998,2950.2139823197376,8439.240436630022,2222.6156652627765,6216.624771367246,0.0885547634296726
38245,0.11375639997551419,2945.7377666056063,8425.040079211292,2228.753093115167,6196.2869860961255,0.0884918842875785
38250,0.1137712720372184,2935.1541049124808,8412.94885087458,2236.8667494896445,6176.082101384935,0.08844334710270493
38255,0.11378614409892263,2918.785635962957,8402.956185608695,2246.605055523095,6156.3511300856,0.08842960255724742
38260,0.11380101616062684,2897.0758230597503,8394.973416179964,2257.5908350311647,6137.3825811487995,0.08839243745624809
38265,0.11381588822233105,2870.5747137225653,8388.840117632664,2269.439539681966,6119.400577950699,0.08833107209026433
38270,0.11383076028403526,2839.9209496607946,8384.333100518063,2281.7792522300556,6102.553848288007,0.08824476256835863
38275,0.11384563234573947,2805.821090011972,8381.177685217359,2294.2712385093337,6086.906446708025,0.08823016660344707
38280,0.11386050440744368,2769.0275289892706,8379.060922041517,2306.629623080133,6072.4312989613845,0.08820167369312869
38285,0.11387537646914789,2730.3165257797555,8377.64640017132,2318.6386937024217,6059.007706468898,0.08814702560019136
38290,0.1138902485308521,2690.467910926335,8376.590190677887,2330.1664342319955,6046.423756445892,0.08806517289761923
38295,0.11390512059255631,2650.2477322381137,8375.55730536711,2341.173158803193,6034.384146563918,0.08799031434740333
38300,0.11391999265426052,2610.394463295289,8374.237864917039,2351.7145496387766,6022.523315278262,0.08797425427340459
38305,0.11393486471596473,2571.608614786559,8372.362015892124,2361.938925992461,6010.423089899663,0.08792942238793794
38310,0.11394973677766895,2534.5449541063617,8369.712575285037,2372.079107371889,5997.633467913148,0.0878545087333177
38315,0.11396460883937316,2499.806292624985,8366.134452652863,2382.4396919936994,5983.694760659164,0.08774840878529012
38320,0.11397948090107737,2467.938023904261,8361.540114088697,2393.380881931138,5968.159232157559,0.08768458370535935
38325,0.11399435296278158,2439.423179931884,8355.91068777933,2405.300117300308,5950.610570479021,0.08765170383954661
38330,0.1140092250244858,2414.6784692281717,8349.292719664487,2418.612745130047,5930.67997453444,0.08758580761676056
38335,0.11402409708619,2394.0522957253097,8341.791005649238,2433.7327918868828,5908.058213762355,0.08748573741547534
38340,0.11403896914789421,2377.8259424858497,8333.558288907085,2451.0546940127583,5882.503594894326,0.08735070000491044
38345,0.11405384120959842,2366.2188982690495,8324.782864770565,2470.9366235347743,5853.84624123579,0.08729588078447278
38350,0.11406871327130264,2359.3987926470318,8315.675251022496,2493.6858617205626,5821.989389301933,0.08724222520049969
38355,0.11408358533300685,2357.4957301049562,8306.45505316706,2519.546537382677,5786.908515784382,0.08715191057859421
38360,0.11409845739471106,2360.6201061194515,8297.339002410234,2548.68995427991,5748.6490481303235,0.08702420142559046
38365,0.11411332945641528,2368.882334490844,8288.530907148803,2581.207670395536,5707.323236753267,0.08686370055723075
38370,0.11412820151811949,2382.41235973987,8280.213982852485,2617.107445250037,5663.106537602448,0.08682704377019264
38375,0.1141430735798237,2401.3764082478347,8272.545752659398,2656.31212840026,5616.233624259138,0.08675187848966398
38380,0.11415794564152791,2425.98822032915,8265.655472607836,2698.661515466058,5566.993957141778,0.08663745404119517
38385,0.11417281770323212,2456.5121270181844,8259.643847898373,2743.9171419675995,5515.726705930773,0.08648355810434154
38390,0.11418768976493633,2493.2559256996383,8254.584672967922,2791.7699166416437,5462.814756326277,0.08634188793469347
38395,0.11420256182664054,2536.552627552427,8250.527941787625,2841.8504147104354,5408.677527077189,0.08628837286988322
38400,0.11421743388834475,2586.731708310471,8247.50392507247,2893.7415605785127,5353.762364493957,0.08619417722488876
38405,0.11423230595004896,2644.0822442311674,8245.527689549712,2946.9933321411454,5298.534357408566,0.0860589893043285
38410,0.11424717801175317,2708.8119053508744,8244.603537735753,3001.139019159443,5243.46451857631,0.0858831452461579
38415,0.11426205007345738,2781.0068494930338,8244.728876747915,3055.712470289369,5189.016406458546,0.08576314321893497
38420,0.11427692213516161,2860.597854255413,8245.897086850497,3110.2656726739324,5135.631414176564,0.0856962272812553
38425,0.11429179419686582,2947.3374534763525,8248.099060434808,3164.3859311819347,5083.713129252874,0.0855871159130627
38430,0.11430666625857003,3040.791499927116,8251.323221847606,3217.711861010539,5033.611360837067,0.08543602677402055
38435,0.11432153832027424,3140.346679889878,8255.55401249115,3269.9473904241113,4985.606622067038,0.08524395564553748
38440,0.11433641038197845,3245.2333614903373,8260.769019647007,3320.873003825204,4939.896015821803,0.08515482964417057
38445,0.11435128244368266,3354.561117103797,8266.935119964222,3370.3535502768527,4896.58156968737,0.08507913348314498
38450,0.11436615450538687,3467.3626673406116,8274.004173332669,3418.3421037897137,4855.662069542956,0.08496051474794349
38455,0.11438102656709108,3582.6411199902595,8281.908912797511,3464.8795848768004,4817.029327920711,0.08479979601476294
38460,0.11439589862879529,3699.415339263149,8290.559707810919,3510.090122597283,4780.469585213636,0.08459866758163098
38465,0.1144107706904995,3816.7590049268083,8299.842817681823,3554.1724261454124,4745.6703915364105,0.08455163420804841
38470,0.11442564275220371,3933.8301631065665,8309.620600484554,3597.3877108664874,4712.232889618066,0.0844725534276398
38475,0.11444051481390793,4049.889502076777,8319.733917790461,3640.044949856313,4679.688967934148,0.08435033225075236
38480,0.11445538687561214,4164.306916954216,8330.006711448465,3682.4843696463945,4647.5223418020705,0.08418635066064996
38485,0.11447025893731635,4276.557000487391,8340.25246974021,3725.060160962219,4615.192308777991,0.0840094481623096
38490,0.11448513099902057,4386.204905521103,8350.282091784733,3768.12333521727,4582.158756567464,0.08397502390956639
38495,0.11450000306072478,4492.884649930953,8359.912534748244,3812.005543037704,4547.906991710541,0.08389642033308967
38500,0.11451487512242899,4596.272460522149,8368.975600911348,3857.0045116205806,4511.971089290768,0.08377456366172066
38505,0.1145297471841332,4696.058199143734,8377.32627991036,3903.3715830186748,4473.954696891685,0.0836113446392445
38510,0.1145446192458374,4791.918218222505,8384.850175121162,3951.3016691161984,4433.548506004964,0.08346236387155558
38515,0.11455949130754162,4883.493035694197,8391.469672891893,4000.925794527372,4390.543878364521,0.0834297721207487
38520,0.11457436336924583,4970.372890058994,8397.148623640056,4052.306279761405,4344.84234387865,0.08335239816320891
38525,0.11458923543095004,5052.093487962562,8401.895374661908,4105.434521855138,4296.46085280677,0.08323160252041212
38530,0.11460410749265426,5128.143129225333,8405.764026215931,4160.231255249897,4245.532770966034,0.08306975947202815
38535,0.11461897955435847,5197.981007498373,8408.85379366012,4216.549120885697,4192.304672774423,0.08293806709059463
38540,0.11463385161606268,5261.065014979478,8411.306377229512,4274.177337237587,4137.129039991924,0.0829050880846692
38545,0.11464872367776689,5316.886033818862,8413.30129413738,4332.84825424125,4080.4530398961297,0.08282691330642211
38550,0.1146635957394711,5365.004684836667,8415.049229539209,4392.245577279653,4022.8036522595557,0.0827250928372516
38555,0.11467846780117531,5405.086014264479,8416.7836093123,4452.014065201904,3964.769544110397,0.08258492341693834
38560,0.11469333986287952,5436.9277696464105,8418.750765702645,4511.770520141534,3906.9802455611116,0.08241373410670996
38565,0.11470821192458373,5460.478787987371,8421.199222569783,4571.11588320506,3850.0833393647235,0.08237805436184946
38570,0.11472308398628794,5475.845487414302,8424.368735797889,4629.648219638478,3794.720516159411,0.08232031148143837
38575,0.11473795604799215,5483.286250611713,8428.47976279347,4686.9763203820075,3741.503442411462,0.08222791014005859
38580,0.11475282810969636,5483.195240436658,8433.723996264043,4742.733574494574,3690.9904217694693,0.08209230339455252
38585,0.11476770017140059,5476.078529972783,8440.256493199444,4796.591694523559,3643.6647986758844,0.08191764955743898
38590,0.1147825722331048,5462.5261299599115,8448.189784187081,4848.273818061503,3599.915966125578,0.08182787780995712
38595,0.11479744429480901,5443.183534185952,8457.590189056407,4897.566469010971,3560.0237200454367,0.08178025604391005
38600,0.11481231635651322,5418.725942603888,8468.476415675419,4944.329838859368,3524.1465768160515,0.0816910362966205
38605,0.11482718841821743,5389.8375993514155,8480.820393103399,4988.505836024219,3492.3145570791794,0.08155890213207143
38610,0.11484206047992164,5357.197873117902,8494.550191142856,5030.123349565968,3464.4268415768884,0.08138818300833224
38615,0.11485693254162585,5321.474857490493,8509.554800567728,5069.3001934638305,3440.254607103898,0.081242184613633
38620,0.11487180460333006,5283.326341647342,8525.690483746295,5106.2412621061785,3419.449221640117,0.0811894726225044
38625,0.11488667666503427,5243.406982773909,8542.78834774031,5141.232563409425,3401.555784330885,0.08110175032195832
38630,0.11490154872673848,5202.379499619544,8560.662740152537,5174.631020010052,3386.031720142484,0.08097164816050238
38635,0.11491642078844269,5160.9269205745,8579.12002673516,5206.850235448373,3372.269791286787,0.08080381083616969
38640,0.11493129285014692,5119.7626118530825,8597.967287519648,5238.342777824342,3359.624509695306,0.08062650253492157
38645,0.11494616491185113,5079.635137072553,8617.020474091938,5269.579882560846,3347.4405915310917,0.08054451985366652
38650,0.11496103697355534,5041.325923593862,8636.111611008228,5301.029756010698,3335.0818549975293,0.08045865038304559
38655,0.11497590903525955,5005.6390153983675,8655.09470065298,5333.135821809476,3321.958878843505,0.08033193071941899
38660,0.11499078109696376,4973.38356437604,8673.850098099845,5366.296267679564,3307.553830420281,0.08016936034105816
38665,0.11500565315866797,4945.35086246957,8692.287249652283,5400.846127876384,3291.441121775899,0.0799926912778803
38670,0.11502052522037218,4922.28846238195,8710.345820079501,5437.042905127165,3273.3029149523363,0.07985955353248371
38675,0.11503539728207639,4904.874224188399,8727.995351476726,5475.056436391809,3252.9389150849165,0.07978043676234918
38680,0.1150502693437806,4893.693015873394,8745.233685293004,5514.963380391505,3230.270304901499,0.07966286875484918
38685,0.11506514140548481,4889.218391687165,8762.08442849288,5556.746386923082,3205.3380415697984,0.07951200732461804
38690,0.11508001346718902,4891.800970296346,8778.593754113172,5600.2977257263365,3178.296028386835,0.07933814577637359
38695,0.11509488552889324,4901.664500247707,8794.826803660411,5645.4269248385535,3149.399878821858,0.0791809289917352
38700,0.11510975759059745,4918.909777562929,8810.863917548551,5691.8718052172235,3118.992112331328,0.07910163166104553
38705,0.11512462965230166,4943.525716784007,8826.79687434577,5739.312201097973,3087.4846732477963,0.07900002441921826
38710,0.11513950171400587,4975.406045672889,8842.725279630506,5787.385615277518,3055.3396643529877,0.07886726808363786
38715,0.11515437377571008,5014.369402511995,8858.753213356214,5835.704059322479,3023.0491540337352,0.07870935316365507
38720,0.1151692458374143,5060.180189497145,8874.986217136646,5883.871353835548,2991.114863301098,0.07857080517659454
38725,0.1151841178991185,5112.5674804183745,8891.528673770794,5931.500201823049,2960.028471947745,0.07845414049206648
38730,0.11519898996082271,5171.239633854376,8908.48159633353,5978.228395600387,2930.253200733143,0.07837163959553815
38735,0.11521386202252692,5235.89297596485,8925.94080339216,6023.733576941672,2902.2072264504886,0.07825914125860058
38740,0.11522873408423114,5306.213869086046,8943.9954153049,6067.746044416135,2876.249370888765,0.0781224754663837
38745,0.11524360614593535,5381.874514983085,8962.726571852343,6110.059190398872,2852.6673814534715,0.07800316769759603
38750,0.11525847820763957,5462.52379370034,8982.206251054733,6150.537246606798,2831.6690044479346,0.07787281542628256
38755,0.11527335026934378,5547.775170603413,9002.496067285398,6189.120111657653,2813.3759556277446,0.07778565386793157
38760,0.11528822233104799,5637.194107856363,9023.645944006319,6225.825119447372,2797.8208245589467,0.07769139902645696
38765,0.1153030943927522,5730.287426202288,9045.692590340981,6260.745682875453,2784.946907465528,0.0775734646370354
38770,0.11531796645445641,5826.49666993465,9068.657758467274,6294.046821707713,2774.610936759561,0.07747502528516904
38775,0.11533283851616062,5925.196805595217,9092.546318554103,6325.957669597451,2766.588648956652,0.07745339513727044
38780,0.11534771057786483,6025.700693075617,9117.34425807855,6356.761166082013,2760.5830919965374,0.07749600876375792
38785,0.11536258263956904,6127.268917287789,9143.016789545569,6386.78127992905,2756.2355096165193,0.0775406528425988
38790,0.11537745470127325,6229.123948772089,9169.5068262962,6416.368273327336,2753.138552968863,0.07757831172779553
38795,0.11539232676297746,6330.467306396798,9196.734145061982,6445.882681602069,2750.8514634599132,0.07760830280238325
38800,0.11540719882468167,6430.498391110747,9224.595576167523,6475.67882141103,2748.916754756493,0.07763057452693718
38805,0.1154220708863859,6528.433815767676,9252.96652932625,6506.088722532737,2746.8778067935127,0.0776500455395628
38810,0.11543694294809011,6623.526219666603,9281.704065685166,6537.407384695049,2744.2966809901172,0.07769327170570228
38815,0.11545181500979432,6715.081631156616,9310.651571388913,6569.880186819319,2740.7713845695944,0.07772824098061042
38820,0.11546668707149853,6802.4744265519785,9339.644897114582,6603.693131963463,2735.9517651511187,0.07775478591047442
38825,0.11548155913320274,6885.158909977768,9368.519636011202,6638.966416978618,2729.553219032584,0.07777717803074702
38830,0.11549643119490695,6962.676618697005,9397.119055641237,6675.751592261369,2721.3674633798673,0.07779510740108611
38835,0.11551130325661116,7034.658726120229,9425.302105938961,6714.032340307272,2711.2697656316896,0.07780410193830446
38840,0.11552617531831537,7100.823387045466,9452.950907796554,6753.728663515538,2699.222244281016,0.0778040664918814
38845,0.11554104738001958,7160.96849033599,9479.977181519576,6794.704042799762,2685.2731387198146,0.07779494297201632
38850,0.11555591944172379,7214.960941342724,9506.327184090635,6836.774924986377,2669.5522591042572,0.07777671270904489
38855,0.115570791503428,7262.724152548819,9531.984865382394,6879.721741020149,2652.2631243622445,0.07775319982377374
38860,0.11558566356513222,7304.225738875613,9556.973102831214,6923.300573654801,2633.6725291764133,0.07772370518465445
38865,0.11560053562683643,7339.467384113937,9581.353013085807,6967.2546018590765,2614.0984112267306,0.0776918862679236
38870,0.11561540768854064,7368.478408960284,9605.221456293466,7011.324555809833,2593.8969004836326,0.07767982318629026
38875,0.11563027975024485,7391.313753872559,9628.706939102089,7055.2576094468095,2573.449329655279,0.07765857840076185
38880,0.11564515181194907,7408.056018970047,9651.964186545647,7098.814389100755,2553.149797444892,0.07762817846444256
38885,0.11566002387365328,7418.8201090959265,9675.167694024223,7141.774047294111,2533.393646730112,0.07758868378444984
38890,0.11567489593535749,7423.758208864845,9698.504592938169,7183.937597900619,2514.5669950375495,0.0775423144902155
38895,0.1156897679970617,7423.062533390277,9722.167170620212,7225.129894932817,2497.037275687396,0.0774901262628332
38900,0.1157046400587659,7416.96371477685,9746.345379050455,7265.200737283121,2481.144641767334,0.07742902512930222
38905,0.11571951212047012,7405.723738877896,9771.219647850388,7304.025587757053,2467.194060093336,0.0773591176191491
38910,0.11573438418217433,7389.62377904149,9796.954285223212,7341.506316339043,2455.4479688841684,0.07728051960279739
38915,0.11574925624387855,7368.948694683571,9823.691706204292,7377.572238631453,2446.1194675728393,0.07719449122888448
38920,0.11576412830558276,7343.970994933255,9851.547672907884,7412.18155113988,2439.3661217680037,0.07710062855397982
38925,0.11577900036728697,7314.937473161102,9880.607670222,7445.323094462621,2435.2845757593786,0.07699832763523005
38930,0.11579387242899118,7282.061456454222,9910.92447817733,7477.018224307642,2433.906253869688,0.0768876976262393
38935,0.11580874449069539,7245.522807681535,9942.51694481395,7507.322450605266,2435.194494208684,0.07677531733107587
38940,0.1158236165523996,7205.4766641641945,9975.369915883608,7536.326422867095,2439.043493016513,0.07667503652937674
38945,0.11583848861410381,7162.070587623507,10009.435243161193,7564.155801448961,2445.2794417122323,0.07656624774162998
38950,0.11585336067580802,7115.468493993294,10044.633771919438,7590.969569130863,2453.6642027885746,0.07644898193455381
38955,0.11586823273751223,7065.87857817984,10080.858198125843,7616.956417520955,2463.901780604888,0.07632327736716706
38960,0.11588310479921644,7013.581613688642,10117.97668297134,7642.328996169395,2475.6476868019454,0.07618918261728545
38965,0.11589797686092065,6958.955662616136,10155.837111711733,7667.316033906082,2488.5210778056507,0.0760467597239395
38970,0.11591284892262488,6902.493497769666,10194.27188062133,7692.152607541972,2502.119273079358,0.07594709252270208
38975,0.11592772098432909,6844.809915039234,10233.103086772802,7717.069100020042,2516.03398675276,0.07591334478557232
38980,0.1159425930460333,6786.637446448512,10272.147979081416,7742.279606987815,2529.8683720936006,0.07587626890778856
38985,0.11595746510773751,6728.810500755594,10311.224507641322,7767.970672039379,2543.253835601943,0.07583790635139841
38990,0.11597233716944172,6672.239358954227,10350.156787005973,7794.291231015844,2555.86555599013,0.07580741247032757
38995,0.11598720923114593,6617.876504149144,10388.780274970959,7821.344526259366,2567.435748711593,0.07579508093393554
39000,0.11600208129285014,6566.678364087762,10426.946468456583,7849.182539067102,2577.763929389481,0.0757774616108556
39005,0.11601695335455435,6519.565712576998,10464.526936340075,7877.803225013597,2586.723711326478,0.07575649823118683
39010,0.11603182541625856,6477.385817530979,10501.416545255897,7907.1505686580695,2594.265976597828,0.07573409927751552
39015,0.11604669747796277,6440.879059248069,10537.535783916212,7937.117241925062,2600.418541991149,0.07571201842529306
39020,0.11606156953966698,6410.652260066818,10572.832147122872,7967.549483214993,2605.2826639078785,0.07569176332723439
39025,0.1160764416013712,6387.160403090216,10607.280594998172,7998.253726787461,2609.0268682107107,0.0756745353993115
39030,0.11609131366307542,6370.697775858089,10640.883149958847,8029.004504125194,2611.8786458336526,0.07566120026347388
39035,0.11610618572477963,6361.398853484154,10673.667729263514,8059.553196270675,2614.1145329928395,0.07565228604393974
39040,0.11612105778648384,6359.248456223196,10705.686331517212,8089.637312258168,2616.049019259044,0.07564800492371816
39045,0.11613592984818805,6364.099932229688,10737.012699365221,8118.990071136184,2618.022628229037,0.07565228409008919
39050,0.11615080190989226,6375.699403069731,10767.739567662196,8147.350142917675,2620.3894247445214,0.07566055235065615
39055,0.11616567397159647,6393.713545683284,10797.975579766848,8174.471435767478,2623.5041439993693,0.07567006338460917
39060,0.11618054603330068,6417.758035405581,10827.84192137583,8200.132795531219,2627.7091258446108,0.0756802552577643
39065,0.11619541809500489,6447.4236896529665,10857.468692335991,8224.14741632116,2633.321276014831,0.07569062728799322
39070,0.1162102901567091,6482.297569130526,10886.991023894807,8246.371664670212,2640.6193592245945,0.07570325660732362
39075,0.11622516221841331,6521.976836960666,10916.544960459933,8266.7129174447,2649.8320430152326,0.07572073235756839
39080,0.11624003428011753,6566.0740390754945,10946.2631621629,8285.13592872667,2661.127233436231,0.07574469505736844
39085,0.11625490634182174,6614.2135874013,10976.270538690698,8301.667194148085,2674.603344542613,0.07578114823571626
39090,0.11626977840352595,6666.020458711326,11006.679979236374,8316.396789063176,2690.283190173199,0.07582003695904013
39095,0.11628465046523016,6721.103260381038,11037.58837823275,8329.477229449823,2708.1111487829257,0.07586269205677876
39100,0.11629952252693437,6779.0346378422,11069.07315655389,8341.119043883384,2727.954112670506,0.0759058997367238
39105,0.11631439458863858,6839.3323459212725,11101.18943880564,8351.582945437656,2749.6064933679845,0.07594942984956285
39110,0.1163292666503428,6901.444131845748,11133.967978890614,8361.168740421186,2772.799238469428,0.07599312643977238
39115,0.116344138712047,6964.7389631907845,11167.413849001705,8370.201385627206,2797.212463374499,0.07603688950549795
39120,0.11635901077375121,7028.506243910851,11201.505845924295,8379.014880231029,2822.490965693267,0.07608065742840948
39125,0.11637388283545542,7091.963673710996,11236.196541456733,8387.934920265376,2848.2616211913573,0.07612439104372933
39130,0.11638875489715964,7154.2734520175545,11271.412916137815,8397.261418372203,2874.1514977656116,0.07616805970440704
39135,0.11640362695886386,7214.56567409939,11307.057557530245,8407.252068401147,2899.8054891290976,0.07621162928766535
39140,0.11641849902056807,7271.967038807175,11343.010455527601,8418.108094321187,2924.902361206414,0.07625505190589496
39145,0.11643337108227228,7325.632410620601,11379.131464554226,8429.963165638152,2949.1682989160745,0.07629825707855037
39150,0.11644824314397649,7374.776407021385,11415.263509406312,8442.876208255968,2972.387301150344,0.07634114423328274
39155,0.1164631152056807,7418.702088582102,11451.236582220861,8456.828528326121,2994.40805389474,0.07639090732270377
39160,0.11647798726738491,7456.824072757982,11486.872518709335,8471.725340478268,3015.1471782310673,0.0764439592170824
39165,0.11649285932908912,7488.683980043584,11521.990465688672,8487.401487946077,3034.5889777425946,0.07649688327728066
39170,0.11650773139079333,7513.956989980754,11556.412874474883,8503.630883401313,3052.7819910735707,0.07654949745221235
39175,0.11652260345249754,7532.449312349955,11589.971788828188,8520.13899430782,3069.832794520369,0.07660155688841384
39180,0.11653747551420175,7544.087415423548,11622.515150604258,8536.617545593494,3085.897605010765,0.07665275834494016
39185,0.11655234757590596,7548.900755320807,11653.912825563906,8552.74051479802,3101.1723107658854,0.07670274931133113
39190,0.11656721963761019,7547.000403253893,11684.062056894163,8568.18045382676,3115.8816030674025,0.07675114068214918
39195,0.1165820916993144,7538.556291704559,11712.892082616618,8582.624193020256,3130.267889596362,0.07679924661036726
39200,0.11659696376101861,7523.775751530209,11740.367699478773,8595.787071511306,3144.580627967467,0.07685862698532582
39205,0.11661183582272282,7502.885584813719,11766.4916116258,8607.424989569126,3159.0666220566727,0.07691580415185065
39210,0.11662670788442703,7476.119158886002,11791.30545727226,8617.343780525875,3173.961676746385,0.07697041907637506
39215,0.11664157994613124,7443.709028607762,11814.889452381663,8625.405629183535,3189.4838231981284,0.07702213525647965
39220,0.11665645200783545,7405.8845750578985,11837.360623266468,8631.532492398208,3205.82813086826,0.07709539568475061
39225,0.11667132406953966,7362.873305536075,11858.869623022889,8635.706678340195,3223.1629446826937,0.07717231462305038
39230,0.11668619613124387,7314.903986553835,11879.596148839546,8637.96889242678,3241.6272564127667,0.0772465906261855
39235,0.11670106819294808,7262.209784192099,11899.74301019399,8638.414149277862,3261.328860916128,0.0773179297158408
39240,0.11671594025465229,7205.030038735475,11919.528951555956,8637.185982061721,3282.342969494235,0.07738607914036086
39245,0.11673081231635651,7143.610049251549,11939.180410466573,8634.469364399152,3304.711046067421,0.07745082256729444
39250,0.11674568437806072,7078.199064587736,11958.922486642454,8630.482712716868,3328.4397739255855,0.07751197317948659
39255,0.11676055643976493,7009.047353378464,11978.969495515581,8625.46927686386,3353.5002186517213,0.07758093506044014
39260,0.11677542850146914,6936.403612581087,11999.515560925689,8619.688168951852,3379.8273919738367,0.0776481749141171
39265,0.11679030056317335,6860.5140204748695,12020.725747604942,8613.405234702192,3407.32051290275,0.07771193842690728
39270,0.11680517262487757,6781.623970639634,12042.728231634657,8606.883943155379,3435.8442884792785,0.07777207090080633
39275,0.11682004468658178,6699.983006295955,12065.607952531103,8600.376461613621,3465.231490917482,0.07782842411918765
39280,0.11683491674828599,6615.852801584317,12089.402091000247,8594.11509397126,3495.2869970289867,0.07788085994243614
39285,0.1168497888099902,6529.5173216507155,12114.097587562354,8588.304291696426,3525.7932958659276,0.07792925433707727
39290,0.1168646608716944,6441.293673260478,12139.630780037536,8583.113493870094,3556.517286167442,0.07797350135880901
39295,0.11687953293339862,6351.541775745284,12165.889113128389,8578.671105720488,3587.2180074079006,0.07802028056429426
39300,0.11689440499510284,6260.670949167513,12192.714776649573,8575.059966605255,3617.654810044318,0.07807290365568191
39305,0.11690927705680705,6169.141865405402,12219.910066989474,8572.314665752792,3647.595401236682,0.07812170567287523
39310,0.11692414911851126,6077.462966549845,12247.244235724755,8570.421016272925,3676.8232194518296,0.07816665208516264
39315,0.11693902118021547,5986.181265018816,12274.461578311493,8569.317883627342,3705.1436946841513,0.07820772837478543
39320,0.11695389324191968,5895.868208125228,12301.290509007691,8568.901389225028,3732.3891197826633,0.07824493566975825
39325,0.11696876530362389,5807.1018591582,12327.453351756229,8569.031296654177,3758.4220551020517,0.07827828450750698
39330,0.1169836373653281,5720.446943503633,12352.676543199801,8569.539174104042,3783.137369095759,0.07830778746203304
39335,0.11699850942703231,5636.434353421725,12376.700894633874,8570.237752125291,3806.4631425085827,0.07834197071549907
39340,0.11701338148873652,5555.541584480017,12399.291504633014,8570.930793580219,3828.3607110527955,0.07838400833843391
39345,0.11702825355044073,5478.175389710334,12420.246869478417,8571.422779437988,3848.824090040429,0.07842259269704394
39350,0.11704312561214494,5404.657750432299,12439.406722493848,8571.527788407204,3867.878934086644,0.07845765089249908
39355,0.11705799767384917,5335.216087906898,12456.658161240364,8571.077092369089,3885.5810688712754,0.07848908549135275
39360,0.11707286973555338,5269.978447537036,12471.93970092265,8569.925174709228,3902.014526213423,0.07851677456288626
39365,0.11708774179725759,5208.974134359143,12485.243020122476,8567.954072554157,3917.2889475683187,0.07854057362995051
39370,0.1171026138589618,5152.139940158251,12496.612325938355,8565.076116659397,3931.5362092789583,0.07856031932168035
39375,0.11711748592066601,5099.331685964762,12506.141435262462,8561.235271809695,3944.906163452766,0.07859679488618372
39380,0.11713235798237022,5050.340344606008,12513.968819269168,8556.407354140036,3957.5614651291326,0.07863143381425053
39385,0.11714723004407443,5004.911554107914,12520.270965862912,8550.599419074424,3969.671546788488,0.07866179433801723
39390,0.11716210210577864,4962.766931574084,12525.254468258814,8543.848583097719,3981.4058851610953,0.07868766612988995
39395,0.11717697416748285,4923.6252932786265,12529.14725108132,8536.220477689534,3992.926773391786,0.07870884875147657
39400,0.11719184622918706,4887.22172967102,12532.189315907788,8527.807448804804,4004.381867102984,0.07873222148151453
39405,0.11720671829089127,4853.322531707089,12534.623350135365,8518.726522871459,4015.8968272639067,0.07877084303736198
39410,0.1172215903525955,4821.734271867859,12536.685517272,8509.117071496677,4027.568445775323,0.07881715455581145
39415,0.1172364624142997,4792.305933300941,12538.596742194977,8499.138032996545,4039.458709198432,0.07885843472443152
39420,0.11725133447600392,4764.923813729276,12540.554815276417,8488.964501405433,4051.5903138709837,0.0788945751361166
39425,0.11726620653770813,4739.499890721,12542.727644908999,8478.783484942054,4063.9441599669444,0.07892549508722484
39430,0.11728107859941234,4715.955247530146,12545.247964554455,8468.788675258113,4076.459289296343,0.07895113990420484
39435,0.11729595066111655,4694.200844716825,12548.209729264247,8459.174159239179,4089.0355700250675,0.07897147956284022
39440,0.11731082272282076,4674.118255936023,12551.666313811593,8450.127140781364,4101.539173030229,0.07900182233539103
39445,0.11732569478452497,4655.542931214325,12555.630464966122,8441.819905478322,4113.8105594878,0.07904035101813768
39450,0.11734056684622918,4638.252159475677,12560.075794552447,8434.401432799208,4125.674361753239,0.07907347267000137
39455,0.11735543890793339,4621.959275538363,12564.939465141144,8427.989209139942,4136.950256001202,0.07910117406956779
39460,0.1173703109696376,4606.31490007189,12570.125649008998,8422.661891288812,4147.463757720187,0.07912346695605207
39465,0.11738518303134182,4590.915193545252,12575.509350857787,8418.45348867958,4157.0558621782075,0.07914038699501227
39470,0.11740005509304603,4575.316304784617,12580.94027299464,8415.349661335771,4165.5906116588685,0.07915199095619767
39475,0.11741492715475024,4559.053462312853,12586.246546517252,8413.286572431585,4172.9599740856665,0.07918646206730652
39480,0.11742979921645445,4541.66257501145,12591.238319451788,8412.152511877046,4179.085807574742,0.07921944007101636
39485,0.11744467127815866,4522.701878397493,12595.711345420495,8411.792256243623,4183.919089176872,0.07924695189695588
39490,0.11745954333986287,4501.771167050186,12599.450822370552,8412.013891508182,4187.43693086237,0.07926899978142804
39495,0.11747441540156708,4478.5265190193795,12602.235769658231,8412.597633178537,4189.638136479694,0.0792855816003141
39500,0.1174892874632713,4452.68908791578,12603.844197217104,8413.306053554505,4190.538143662599,0.07929668575273953
39505,0.1175041595249755,4424.047385074256,12604.059220373838,8413.89507099874,4190.164149375098,0.07931481178710992
39510,0.11751903158667971,4392.453337568013,12602.676127454532,8414.125060340446,4188.5510671140855,0.0793492996749862
39515,0.11753390364838393,4357.8131464077305,12599.510240903888,8413.771489705143,4185.738751198745,0.07937764861856209
39520,0.11754877571008815,4320.074495179866,12594.405254171948,8412.634561002009,4181.7706931699395,0.07939971708783847
39525,0.11756364777179236,4279.211942928805,12587.241599598328,8410.547418490514,4176.694181107814,0.07941537093682793
39530,0.11757851983349657,4235.212386588599,12577.944321779258,8407.382587792668,4170.561733986589,0.07942449167724712
39535,0.11759339189520078,4188.062321107083,12566.489900474904,8403.056415497716,4163.433484977188,0.07942698485963785
39540,0.11760826395690499,4137.738282648303,12552.911482128722,8397.531395812068,4155.380086316654,0.07945479746945724
39545,0.1176231360186092,4084.2013600340997,12537.302029967168,8390.816390571597,4146.485639395571,0.07947967605573951
39550,0.11763800808031341,4027.3960528660773,12519.814980823097,8382.964862960369,4136.850117862728,0.07949705709241202
39555,0.11765288014201762,3967.2531272545166,12500.662098368603,8374.071340691038,4126.590757677564,0.07950693115140993
39560,0.11766775220372183,3903.695583972015,12480.108339131302,8364.266389321147,4115.841949810156,0.07950934116902078
39565,0.11768262426542604,3836.646516540918,12458.463703776755,8353.71040405268,4104.753299724076,0.07950437758361349
39570,0.11769749632713025,3766.0375623561085,12436.072233275767,8342.58652075197,4093.4857125237977,0.07950497024357592
39575,0.11771236838883448,3691.8168330202625,12413.298521333201,8331.092914902852,4082.205606430349,0.07952291352513803
39580,0.11772724045053869,3613.9555793996115,12390.512333708783,8319.4347173146,4071.0776163941828,0.07953304895402005
39585,0.1177421125122429,3532.4532921218597,12368.072125438297,8307.815744382384,4060.256381055913,0.07953551530477697
39590,0.11775698457394711,3447.3413489109043,12346.308397823377,8296.430229922951,4049.878167900426,0.07953046770243952
39595,0.11777185663565132,3358.6856130676606,12325.507910868917,8285.454757888014,4040.053152980903,0.07951807158937574
39600,0.11778672869735553,3266.588517224667,12305.899746180965,8275.040625284926,4030.859120896039,0.07952828949939314
39605,0.11780160075905974,3171.191122960274,12287.644097289398,8265.306901962382,4022.337195327016,0.07954330809426109
39610,0.11781647282076395,3072.675449656116,12270.824461876584,8256.33448741931,4014.489974457274,0.07954936828932138
39615,0.11783134488246816,2971.2670647060722,12255.44364957039,8248.161485349996,4007.2821642203944,0.07954659455848792
39620,0.11784621694417237,2867.237599506482,12241.423734216714,8240.780217782747,4000.6435164339673,0.07953512723626659
39625,0.11786108900587658,2760.9065960612425,12228.609807106383,8234.136176908032,3994.4736301983503,0.07951512355834224
39630,0.1178759610675808,2652.641982031878,12216.777158979117,8228.129157613626,3988.648001365491,0.07949907947652461
39635,0.11789083312928501,2542.8585608592366,12205.641355246707,8222.616719985459,3983.0246352612485,0.07950903904130088
39640,0.11790570519098922,2432.014167120771,12194.870578917606,8217.419993338917,3977.4505855786883,0.07951001922813132
39645,0.11792057725269343,2320.6034939850597,12184.09959358482,8212.33165388539,3971.76793969943,0.0795021745901022
39650,0.11793544931439764,2209.149937586457,12172.944707558,8207.125701351511,3965.8190062064878,0.0794856794840806
39655,0.11795032137610185,2098.1960235854676,12161.019176305117,8201.568453459784,3959.450722845333,0.07946072467565567
39660,0.11796519343780607,1988.293038567821,12147.948539689965,8195.430008009207,3952.5185316807583,0.07942751312411797
39665,0.11798006549951028,1879.9904046541233,12133.385434283762,8188.495326854276,3944.8901074294863,0.07941471532073233
39670,0.11799493756121449,1773.8251840044786,12117.023440037341,8180.5741000856315,3936.4493399517096,0.07941362731613172
39675,0.1180098096229187,1670.3119712154094,12098.609517145027,8171.508658815453,3927.1008583295743,0.07940378215450326
39680,0.1180246816846229,1569.9333916487776,12077.954575863005,8161.179406589333,3916.775169273672,0.07938531359446396
39685,0.11803955374632713,1473.131485722417,12054.94171933677,8149.507500827289,3905.434218509481,0.07935835551794802
39690,0.11805442580803134,1380.3003814769827,12029.531728646702,8136.454796176958,3893.076932469744,0.079323041399285
39695,0.11806929786973555,1291.7807644341146,12001.765436656318,8122.021321426991,3879.7441152293277,0.07928247819478737
39700,0.11808416993143976,1207.8566687500434,11971.762768725624,8106.240768854887,3865.521999870737,0.07928111082497448
39705,0.11809904199314397,1128.7549916949147,11939.718405596783,8089.174609983994,3850.543795612789,0.07927057979179755
39710,0.11811391405484818,1054.6478751220147,11905.894225897247,8070.90550750586,3834.988718391387,0.07925096834242049
39715,0.11812878611655239,985.6577458765696,11870.608883740066,8051.5306732038725,3819.078210536193,0.07922237897147756
39720,0.1181436581782566,921.8644301135009,11834.225042626831,8031.155737367884,3803.0693052589468,0.07918493662223393
39725,0.11815853023996081,863.3134265764338,11797.134900190249,8009.889562963132,3787.2453372271166,0.07913879147289073
39730,0.11817340230166502,810.0242037716998,11759.744693121671,7987.840276465477,3771.9044166561944,0.07911833136141389
39735,0.11818827436336923,761.9973214055462,11722.458875186547,7965.1126161243255,3757.346259062221,0.07910614096177408
39740,0.11820314642507346,719.2192919731078,11685.664629937472,7941.806534894546,3743.858095042926,0.07908452680605053
39745,0.11821801848677767,681.6643920241468,11649.71733108868,7918.016854115834,3731.7004769728455,0.07905369665336334
39750,0.11823289054848188,649.2930685376505,11614.927509200183,7893.833656047069,3721.0938531531137,0.07901388394524353
39755,0.11824776261018609,622.047093236205,11581.54982500515,7869.343035892761,3712.206789112389,0.07896534452572757
39760,0.1182626346718903,599.8421023143519,11549.774479973883,7844.6278111115425,3705.1466688623404,0.07892730408940757
39765,0.11827750673359451,582.5585301175006,11519.721401910387,7819.767809473481,3699.9535924369056,0.07891437275005117
39770,0.11829237879529872,570.0321457296304,11491.437418706151,7794.839427166358,3696.597991539793,0.0788921956875839
39775,0.11830725085700293,562.045427463896,11464.896476895718,7769.9142608317925,3694.982216063925,0.07886103281254973
39780,0.11832212291870714,558.3209039671156,11440.002785179906,7745.056764549414,3694.946020630492,0.07882115302297957
39785,0.11833699498041135,558.5174108767014,11416.596588381995,7720.321049478669,3696.2755389033264,0.07877283467974504
39790,0.11835186704211556,562.2299957351861,11394.462130547043,7695.747107912183,3698.7150226348595,0.07872297612896312
39795,0.11836673910381978,568.9939466995784,11373.337270102198,7671.356878015349,3701.980392086849,0.07871174634610001
39800,0.118381611165524,578.2930865276358,11352.924178726877,7647.150644359542,3705.773534367335,0.0786914902142092
39805,0.1183964832272282,589.5720335921196,11332.90058921244,7623.104274542967,3709.7963146694738,0.07866246494284268
39810,0.11841135528893242,602.2516050895692,11312.931143832477,7599.167719975468,3713.763423857009,0.07862492946074226
39815,0.11842622735063663,615.7460095653587,11292.678511797421,7575.26507222619,3717.4134395712317,0.07857914300780887
39820,0.11844109941234084,629.4800786131627,11271.814066198767,7551.296291689758,3720.5177745090095,0.07852536439636612
39825,0.11845597147404505,642.9046493942506,11250.028012254734,7527.140545649192,3722.8874666055417,0.07851230109619363
39830,0.11847084353574926,655.5084011944882,11227.038920152296,7502.660938254885,3724.377981897411,0.07849510370714408
39835,0.11848571559745347,666.8249505009571,11202.602627023174,7477.710305803341,3724.8923212198333,0.07846906843573145
39840,0.11850058765915768,676.4347152001965,11176.520434762295,7452.137694288931,3724.382740473364,0.07843438101426566
39845,0.11851545972086189,683.9618189733419,11148.64645634999,7425.795128037075,3722.851328312915,0.07839122278667189
39850,0.11853033178256611,689.0669764300364,11118.89387506889,7398.544306552198,3720.3495685166927,0.0783397772050492
39855,0.11854520384427032,691.4377779352108,11087.239804591756,7370.262917570399,3716.9768870213575,0.07831589436601932
39860,0.11856007590597453,690.7780398257992,11053.728396727223,7340.850315415449,3712.8780813117746,0.07829993365977352
39865,0.11857494796767874,686.7979074428813,11018.471852302924,7310.232376212608,3708.239476090316,0.07827465087087335
39870,0.11858982002938295,679.2062264854903,10981.6490514691,7278.365399668704,3703.283651800395,0.07824023832594798
39875,0.11860469209108716,667.7063686323199,10943.501623222286,7245.23897700384,3698.262646218446,0.07819691740226212
39880,0.11861956415279137,651.996247180562,10904.327403423626,7210.877783021237,3693.449620402389,0.07814494760407374
39885,0.11863443621449558,631.772730266187,10864.471368134511,7175.342274534437,3689.129093600074,0.07810434816045364
39890,0.1186493082761998,606.7401111414201,10824.314261460771,7138.728286259044,3685.5859752017277,0.07808673548996375
39895,0.118664180337904,576.6217963094914,10784.25925812678,7101.165510767392,3683.0937473593876,0.07805986135076168
39900,0.11867905239960821,541.1739923735604,10744.717110746325,7062.814837606442,3681.9022731398836,0.07802410498216938
39905,0.11869392446131244,500.1999607879143,10706.090332539814,7023.8645184083825,3682.2258141314314,0.07797987332889707
39910,0.11870879652301665,453.5633847739409,10668.75705784771,6984.52513214752,3684.23192570019,0.0779275972472866
39915,0.11872366858472086,401.19954192929436,10633.05529935713,6945.023357676872,3688.0319416802568,0.07787364938050725
39920,0.11873854064642507,343.1232652842782,10599.268370515545,6905.594623764893,3693.673746750652,0.07785931222014292
39925,0.11875341270812928,279.43305961681745,10567.612249063053,6866.474796015294,3701.1374530477597,0.07783449727135071
39930,0.11876828476983349,210.31116875453245,10538.225609509514,6827.891163300481,3710.3344462090336,0.07779959115353992
39935,0.1187831568315377,136.01980865201222,10511.163141700908,6790.053086706929,3721.1100549939792,0.07775494984971627
39940,0.11879802889324191,56.8941339553312,10486.392602149754,6753.142754537618,3733.2498476121355,0.07770260654878358
39945,0.11881290095494612,-26.667256629228177,10463.795827562706,6717.306535161623,3746.489292401083,0.07764724897636849
39950,0.11882777301665033,-114.21337478005807,10443.173697057771,6682.647430254826,3760.5262668029454,0.0777588246764362
39955,0.11884264507835454,-205.25259351834757,10424.254786489098,6649.219106065347,3775.0356804237517,0.07787753148024941
39960,0.11885751714005877,-299.2643621504121,10406.70724017391,6617.021926006542,3789.6853141673673,0.07799121180678463
39965,0.11887238920176298,-395.71031742166997,10390.15321318442,6586.001331679083,3804.151881505337,0.07809930294052038
39970,0.11888726126346719,-494.044370991558,10374.185124901369,6556.048827542906,3818.136297358463,0.07820124935995491
39975,0.1189021333251714,-593.7214619063134,10358.382916813665,6527.005720950113,3831.3771958635525,0.07829652324593837
39980,0.11891700538687561,-694.2047440990482,10342.331520586942,6498.669656203204,3843.6618643837382,0.07838464163861773
39985,0.11893187744857982,-794.9710687609995,10325.637804723725,6470.8038593141755,3854.8339454095494,0.07847395777672769
39990,0.11894674951028403,-895.5147535444894,10307.946362754374,6443.148878254596,3864.797484499778,0.07856146451803216
39995,0.11896162157198824,-995.3498161548714,10288.953614177086,6415.436458908948,3873.5171552681377,0.07864095083722875
40000,0.11897649363369245,-1094.0110639299237,10268.41979435448,6387.405035957009,3881.0147583974713,0.07871221486914808
40005,0.11899136569539666,-1191.0546183163751,10246.178499638581,6358.816138626519,3887.362361012062,0.07879462772336616
40010,0.11900623775710087,-1286.0585469300922,10222.143525048758,6329.470818005215,3892.6727070435427,0.0788860318553131
40015,0.1190211098188051,-1378.624223582694,10196.312787778586,6299.225010403329,3897.0877773752572,0.07896906561056483
40020,0.1190359818805093,-1468.3788219692115,10168.769181047344,6268.002587954401,3900.7665930929434,0.07904367925243133
40025,0.11905085394221351,-1554.979001144894,10139.678262773534,6235.804751956591,3903.873510816943,0.0791127948527855
40030,0.11906572600391772,-1638.1154304463807,10109.282764154652,6202.714441026886,3906.5683231277662,0.07919045543056116
40035,0.11908059806562193,-1717.5174191239375,10077.894010790496,6168.894597488573,3908.9994133019236,0.07926023013025987
40040,0.11909547012732614,-1792.9566493268985,10045.880481391529,6134.5794936813145,3911.300987710214,0.0793224439354724
40045,0.11911034218903035,-1864.2489228399418,10013.653875950924,6100.058877424409,3913.594998526515,0.0793775554480478
40050,0.11912521425073457,-1931.2529473042105,9981.653210181164,6065.655435550256,3915.9977746309087,0.0794261535854485
40055,0.11914008631243878,-1993.8654925008059,9950.327578221133,6031.696939948232,3918.630638272901,0.0794739788529834
40060,0.11915495837414299,-2052.0126946319006,9920.11831606388,5998.485331110082,3921.632984953797,0.07955542912296887
40065,0.1191698304358472,-2105.6378093753483,9891.441344948671,5966.265768794033,3925.1755761546383,0.07964804893962762
40070,0.11918470249755142,-2154.686240592918,9864.670474978042,5935.199176499399,3929.471298478643,0.07974327722785142
40075,0.11919957455925563,-2199.089142131379,9840.122408212941,5905.3418776120525,3934.7805306008886,0.07983510052180975
40080,0.11921444662095984,-2238.747270916586,9818.044104284265,5876.635472358437,3941.4086319258276,0.07992394057070687
40085,0.11922931868266405,-2273.5170555005498,9798.603067670758,5848.909131157248,3949.6939365135095,0.08001007891294255
40090,0.11924419074436826,-2303.2010426005345,9781.88099047883,5821.895080216427,3959.985910262403,0.08009363519192204
40095,0.11925906280607247,-2327.544986469563,9767.87104220491,5795.256418936722,3972.6146232681876,0.08017455944798287
40100,0.11927393486777668,-2346.243793697521,9756.478941720827,5768.624779613563,3987.8541621072636,0.08026295208034623
40105,0.11928880692948089,-2358.9582074474656,9747.527779871381,5741.643966567615,4005.883813303766,0.08035543226353786
40110,0.1193036789911851,-2365.343348184935,9740.76638847898,5714.014800490794,4026.7515879881857,0.08046960569447056
40115,0.11931855105288931,-2365.088889652445,9735.88088065863,5685.536075868596,4050.344804790034,0.08060123874809548
40120,0.11933342311459352,-2357.968733423747,9732.508828406873,5656.136856991073,4076.3719714158005,0.08072760880050991
40125,0.11934829517629775,-2343.89576265453,9730.255408235065,5625.896246001746,4104.35916223332,0.08084815163854563
40130,0.11936316723800196,-2322.9750601802452,9728.710746212848,5595.048134590309,4133.662611622539,0.08096233987714892
40135,0.11937803929970617,-2295.5474976255664,9727.467640131445,5563.97012295773,4163.497517173714,0.08106970781399696
40140,0.11939291136141038,-2262.2154710174527,9726.13883477313,5533.157545905266,4192.981288867864,0.08117488553318146
40145,0.11940778342311459,-2223.844176214857,9724.373077200871,5503.185169534886,4221.187907665985,0.08128630715183541
40150,0.1194226554848188,-2181.535154925532,9721.869276586438,5474.660417377183,4247.208859209255,0.08138985405181012
40155,0.11943752754652301,-2136.5733625335733,9718.388224738097,5448.172803839015,4270.215420899082,0.08148539801359637
40160,0.11945239960822722,-2090.353771758203,9713.761480838717,5424.244514862227,4289.51696597649,0.08157288547325277
40165,0.11946727166993143,-2044.2974441909719,9707.897166604214,5403.2867757473305,4304.610390856884,0.08170418946960442
40170,0.11948214373163564,-1999.7691617320615,9700.782538549878,5385.56585135792,4315.216687191958,0.08182862105750528
40175,0.11949701579333985,-1958.0086255354609,9692.483293312931,5371.181359317334,4321.301933995597,0.08194559640579797
40180,0.11951188785504407,-1920.0849389954083,9683.139623602468,5360.058204765473,4323.081418836995,0.08205769166016216
40185,0.11952675991674828,-1886.880082031369,9672.959092644367,5351.95204339128,4321.007049253087,0.08218052385146556
40190,0.1195416319784525,-1859.1021131214775,9662.206458878753,5346.466919105463,4315.73953977329,0.08229575413626021
40195,0.1195565040401567,-1837.323730877658,9651.190684924662,5343.082748607954,4308.107936316708,0.08240338859853405
40200,0.11957137610186092,-1822.0373472492684,9640.24952076664,5341.189737027044,4299.059783739595,0.08250344476674414
40205,0.11958624816356513,-1813.714600708333,9629.732258808495,5340.126645608672,4289.605613199823,0.08259595031035687
40210,0.11960112022526934,-1812.8567626587937,9619.98149584454,5339.220062773005,4280.761433071535,0.08268177414818453
40215,0.11961599228697355,-1820.0231085926798,9611.314965115656,5337.82235386906,4273.492611246596,0.08281520235364304
40220,0.11963086434867776,-1835.8271845879053,9604.008671875208,5335.34663148501,4268.662040390198,0.08294610753484696
40225,0.11964573641038197,-1860.895859556179,9598.282630558226,5331.297726561817,4266.984903996408,0.08308673780758902
40230,0.11966060847208618,-1895.7925950856325,9594.290423491133,5325.298601952098,4268.991821539035,0.08322014416490493
40235,0.1196754805337904,-1940.9135566496352,9592.113561864091,5317.111846956542,4275.001714907549,0.08334619647522372
40240,0.11969035259549461,-1996.3717705621402,9591.761235588909,5306.655823160241,4285.1054124286675,0.08346476803854781
40245,0.11970522465719882,-2061.8891190059003,9593.175522331936,5294.01478718941,4299.160735142526,0.08357573300419574
40250,0.11972009671890303,-2136.717371204125,9596.241545213386,5279.442047717295,4316.799497496091,0.0836894587234192
40255,0.11973496878060724,-2219.607003757151,9600.801499444697,5263.35509364227,4337.446405802427,0.08380422508538038
40260,0.11974984084231145,-2308.836368031515,9606.670994666714,5246.321792812492,4360.349201854222,0.08391048986485336
40265,0.11976471290401566,-2402.304756051455,9613.65585991147,5229.037258840776,4384.618601070694,0.08404058135901295
40270,0.11977958496571987,-2497.682711339544,9621.56748987003,5212.291766614754,4409.275723255277,0.08418876825395714
40275,0.11979445702742408,-2592.603443131562,9630.23500060537,5196.931023354119,4433.30397725125,0.08432861968051615
40280,0.1198093290891283,-2684.872179154265,9639.512897270248,5183.810981933439,4455.701915336809,0.08445959309602856
40285,0.1198242011508325,-2772.6669099079118,9649.283583397952,5173.750038296799,4475.533545101152,0.08458107638335594
40290,0.11983907321253673,-2854.7046355274542,9659.454774344194,5167.48177001208,4491.973004332114,0.0847091113405875
40295,0.11985394527424094,-2930.3515749451326,9669.952607648569,5165.611323527633,4504.341284120936,0.08482810495010105
40300,0.11986881733594515,-2999.662931562495,9680.711856651908,5168.578202464844,4512.133654187063,0.08493518690758242
40305,0.11988368939764936,-3063.346526287747,9691.665052109613,5176.627658504479,4515.037393605134,0.08502952611603157
40310,0.11989856145935357,-3122.653651397487,9702.732436309827,5189.792258123326,4512.940178186501,0.08511029065756076
40315,0.11991343352105778,-3179.208761040669,9713.814501152767,5207.884581736572,4505.929919416195,0.08522951289260561
40320,0.11992830558276199,-3234.7962717422633,9724.788435628818,5230.5014479654765,4494.286987663341,0.08534341832772654
40325,0.1199431776444662,-3291.127296336791,9735.509214916334,5257.0395398452465,4478.469675071087,0.08544901872653045
40330,0.11995804970617041,-3349.6113514035733,9745.815414977667,5286.721809622813,4459.093605354854,0.08555276805024582
40335,0.11997292176787462,-3411.157927375876,9755.539243717909,5318.633522422698,4436.905721295211,0.08564137597505339
40340,0.11998779382957883,-3476.0303696918363,9764.519825299885,5351.7662607285065,4412.753564571379,0.08571434492269571
40345,0.12000266589128306,-3543.7699148924885,9772.618495201,5385.067685631174,4387.550809569827,0.08577133396958814
40350,0.12001753795298727,-3613.2011160308302,9779.734749532365,5417.494406763214,4362.240342769151,0.08581929798103258
40355,0.12003241001469148,-3682.521527454064,9785.821498446217,5448.0650335196915,4337.756464926526,0.08586387486700649
40360,0.12004728207639569,-3749.4689016568636,9790.89834530758,5475.9104300524195,4314.98791525516,0.08589258592308678
40365,0.1200621541380999,-3811.5492042639626,9795.061710148519,5500.318395845068,4294.7433143034505,0.08595556950332174
40370,0.12007702619980411,-3866.299860515177,9798.490726876247,5520.770409197509,4277.720317678738,0.08601477679406323
40375,0.12009189826150832,-3911.556435503592,9801.447989247392,5536.968628541092,4264.4793607063,0.08606065854817319
40380,0.12010677032321253,-3945.6888648999393,9804.274439542736,5548.851958582646,4255.42248096009,0.08610012860026985
40385,0.12012164238491674,-3967.77617652122,9807.378022677472,5556.60058375931,4250.777438918162,0.08613766441471032
40390,0.12013651444662095,-3977.6961933441908,9811.216180050173,5560.628914628141,4250.587265422032,0.08616249969459987
40395,0.12015138650832516,-3976.1178362525543,9816.272808248386,5561.567384182437,4254.705424065949,0.08617470976408784
40400,0.12016625857002938,-3964.396539861312,9823.030897714441,5560.233991647882,4262.796906066559,0.08617433740440149
40405,0.1201811306317336,-3944.3859547592474,9831.94261173757,5557.596939048711,4274.345672688859,0.08617369618294818
40410,0.1201960026934378,-3918.1897789259474,9843.398979411464,5554.730136265932,4288.668843145532,0.08616416441804625
40415,0.12021087475514201,-3887.884988038347,9857.701588290473,5552.763730692274,4304.937857598198,0.08614167418977525
40420,0.12022574681684622,-3855.251216907185,9875.038636819852,5552.832096632068,4322.206540187784,0.08613660556412846
40425,0.12024061887855043,-3821.5403430461947,9895.467443907928,5556.021847306582,4339.445596601347,0.08613899175769495
40430,0.12025549094025464,-3787.315570526337,9918.90504547087,5563.322381089798,4355.582664381072,0.08612954944472653
40435,0.12027036300195885,-3752.380991683278,9945.127887978235,5575.581250603291,4369.546637374944,0.08610800408818228
40440,0.12028523506366307,-3715.811583508823,9973.78091776001,5593.466289283984,4380.314628476026,0.08608447909553388
40445,0.12030010712536728,-3676.0811242609725,10004.395623434348,5617.436005045877,4386.9596183884705,0.08604813275796078
40450,0.12031497918707149,-3631.2731266616092,10036.415876217861,5647.719313411604,4388.696562806257,0.08599861321039717
40455,0.12032985124877571,-3579.349194959592,10069.229786668257,5684.305273553664,4384.924513114593,0.08593679948206133
40460,0.12034472331047992,-3518.441691671046,10102.205312531813,5726.943125520635,4375.262187011178,0.08586899310583598
40465,0.12035959537218413,-3447.1343469864432,10134.727061795344,5775.152599959665,4359.574461835678,0.08578747442102908
40470,0.12037446743388834,-3364.696016794681,10166.231674417191,5828.244165819852,4337.987508597339,0.08569209767005787
40475,0.12038933949559255,-3271.239080167189,10196.239347051735,5885.348577452216,4310.8907695995185,0.08558278454068562
40480,0.12040421155729676,-3167.78411601249,10224.379464900354,5945.454762478954,4278.9247024214,0.0854664718341588
40485,0.12041908361900097,-3056.224988427617,10250.408867384696,6007.45474078295,4242.954126601747,0.0853398511442172
40490,0.12043395568070518,-2939.201330224483,10274.22192010648,6070.193871373088,4204.028048733392,0.08519957205770476
40495,0.12044882774240939,-2819.89661195815,10295.852210898021,6132.524286619263,4163.3279242787585,0.08507460452433879
40500,0.1204636998041136,-2701.7878683641557,10315.466264688577,6193.358915164833,4122.107349523744,0.08494522953351152
40505,0.12047857186581781,-2588.376805415619,10333.350140198323,6251.723077075982,4081.6270631223415,0.08480392807812465
40510,0.12049344392752204,-2482.9313730871136,10349.890118128238,6306.800362478534,4043.089755649704,0.08465077786107421
40515,0.12050831598922625,-2388.262663241112,10365.548919111365,6357.9695111386945,4007.57940797267,0.08448588880761372
40520,0.12052318805093046,-2306.5553614976916,10380.839007545677,6404.829417244801,3976.009590300876,0.08430940028273912
40525,0.12053806011263467,-2239.262275817543,10396.294549060758,6447.210250059838,3949.0842990009205,0.08412147766297833
40530,0.12055293217433888,-2187.065878146528,10412.443499530904,6485.16995862244,3927.2735409084635,0.08392230813576225
40535,0.12056780423604309,-2149.9032100992163,10429.781126081749,6518.976947356255,3910.8041787254942,0.0837120956896081
40540,0.1205826762977473,-2127.0454236170945,10448.746024950291,6549.081207172488,3899.6648177778034,0.08349105539446616
40545,0.12059754835945151,-2117.2198114489092,10469.699450664257,6576.077375423329,3893.622075240928,0.08325940723487182
40550,0.12061242042115572,-2118.760340148956,10492.908551610244,6600.66384450273,3892.244707107514,0.08301736992112008
40555,0.12062729248285993,-2129.7722172548774,10518.533951358138,6623.602028464467,3894.931922893671,0.08276515523093005
40560,0.12064216454456414,-2148.296663836849,10546.622030289042,6645.679259687734,3900.9427706013075,0.08250296349048006
40565,0.12065703660626836,-2172.4635908936143,10577.102226889472,6667.677679493168,3909.4245473963038,0.08223098076091571
40570,0.12067190866797257,-2200.6220498261246,10609.789649748607,6690.350141477691,3919.439508270916,0.08194937814181831
40575,0.12068678072967678,-2231.4408704233037,10644.393220038528,6714.402816892253,3929.9904031462747,0.08166719662758697
40580,0.120701652791381,-2263.9745397150764,10680.529409300552,6740.4830998584775,3940.0463094420747,0.08140297047616092
40585,0.1207165248530852,-2297.6919017045575,10717.741379683837,6769.170714990959,3948.5706646928784,0.0811297133784535
40590,0.12073139691478942,-2332.467585322366,10755.522982167338,6800.969711061295,3954.553271106043,0.08084746301452812
40595,0.12074626897649363,-2368.5382332736726,10793.346657156368,6836.299282695445,3957.0473744609226,0.08055627377779295
40600,0.12076114103819784,-2406.427702376848,10830.693862205562,6875.482030417225,3955.211831788337,0.08025622232783196
40605,0.12077601309990205,-2446.847486471106,10867.086278481947,6918.729228692395,3948.3570497895525,0.07994741047446882
40610,0.12079088516160626,-2490.580601082469,10902.115769358357,6966.123769825253,3935.9919995331047,0.07962996471481638
40615,0.12080575722331047,-2538.3588413620346,10935.47091792926,7017.60252019847,3917.86839773079,0.07930403221514472
40620,0.12082062928501469,-2590.744356245992,10966.957982467378,7072.94069507851,3894.0172873888687,0.07896977358258121
40625,0.1208355013467189,-2648.0265444278357,10996.514302609417,7131.741373961664,3864.7729286477534,0.07862735332938443
40630,0.12085037340842311,-2710.1441568457503,11024.212584762263,7193.43331719428,3830.779267567983,0.07827692940608746
40635,0.12086524547012732,-2776.6401807727634,11050.255105789976,7257.279736289075,3792.9753695009013,0.0780752474741103
40640,0.12088011753183153,-2846.653826042905,11074.957690456926,7322.399621453914,3752.558069003012,0.07799698811084636
40645,0.12089498959353574,-2918.9501876052627,11098.724293113479,7387.801742837588,3710.922550275891,0.07780525723235313
40650,0.12090986165523995,-2991.984469743129,11122.014051368205,7452.429722077988,3669.5843292902173,0.07750736674294115
40655,0.12092473371694416,-3063.994525749288,11145.303638869667,7515.214906809566,3630.0887320601014,0.07723359955830326
40660,0.12093960577864837,-3133.113224204766,11169.048464562717,7575.132496161527,3593.9159684011893,0.07723725510056628
40665,0.12095447784035258,-3197.490918324249,11193.646600895354,7631.255743269221,3562.390857626133,0.0771243749996476
40670,0.1209693499020568,-3255.418006705683,11219.409179203505,7682.803263896125,3536.60591530738,0.0769010657725728
40675,0.12098422196376102,-3305.4380639011733,11246.540350110638,7729.175489901871,3517.364860208767,0.07657601734205481
40680,0.12099909402546523,-3346.443083870113,11275.12883679342,7769.97790891634,3505.150927877079,0.07627182392448877
40685,0.12101396608716944,-3377.743830680878,11305.151746155934,7805.030566730559,3500.121179425375,0.07622057396441657
40690,0.12102883814887365,-3399.1099907338203,11336.48982856415,7834.3649705559355,3502.1248580082147,0.07606005299471362
40695,0.12104371021057786,-3410.776701990536,11368.951986948801,7858.210690124559,3510.7412968242425,0.0757979901333658
40700,0.12105858227228207,-3413.416100015653,11402.305715065466,7876.974452324825,3525.3312627406413,0.07544407542165739
40705,0.12107345433398628,-3408.074805972924,11436.309443420425,7891.214408400403,3545.095035020022,0.07512112786640099
40710,0.12108832639569049,-3396.0808025556926,11470.742590382431,7901.6117228394705,3569.130867542961,0.07501718928594094
40715,0.1211031984573947,-3378.92583292743,11505.429491448134,7908.940954996727,3596.4885364514075,0.07481333346092563
40720,0.12111807051909891,-3358.132129975339,11540.254273489487,7914.040106700737,3626.21416678875,0.07451798089775502
40725,0.12113294258080312,-3335.1146320102544,11575.16503840518,7917.780818951658,3657.3842194535227,0.07414087466978588
40730,0.12114781464250735,-3311.051466490745,11610.167240611847,7921.039033255312,3689.1282073565353,0.07395884934355865
40735,0.12116268670421156,-3286.775954783974,11645.307661391613,7924.66642481614,3720.641236575473,0.0739790586187821
40740,0.12117755876591577,-3262.7023506556834,11680.651670551013,7929.462977423617,3751.1886931273957,0.07399768668940908
40745,0.12119243082761998,-3238.7948192364456,11716.257328315574,7936.151135611649,3780.1061927039254,0.0740146263398684
40750,0.12120730288932419,-3214.5849517943125,11752.150197190746,7945.352012081346,3806.798185109399,0.07402975080903068
40755,0.1212221749510284,-3189.2378922812068,11788.302479814327,7957.5641573113035,3830.7383225030235,0.07404292246987376
40760,0.12123704701273261,-3161.6616592147193,11824.619347909935,7973.1454391823345,3851.4739087276002,0.07405948700565132
40765,0.12125191907443682,-3130.649262617182,11860.934231588313,7992.298651795526,3868.635579792787,0.07408414153643732
40770,0.12126679113614103,-3095.039374961638,11897.013593021555,8015.061570232395,3881.95202278916,0.07410647001284841
40775,0.12128166319784524,-3053.8790033151618,11932.570510831141,8041.302261042607,3891.2682497885344,0.07412633729119755
40780,0.12129653525954945,-3006.5709810317503,11967.28541184586,8070.720495757258,3896.5649160886023,0.07414364094797155
40785,0.12131140732125367,-2952.990162281686,12000.831604689716,8102.856039756118,3897.9755649335984,0.07416463966176104
40790,0.12132627938295788,-2893.5549057920234,12032.902926841438,8137.104355068179,3895.798571773259,0.07419652112787953
40795,0.1213411514446621,-2829.244656544475,12063.240787318335,8172.7398427738535,3890.500944544481,0.07423053495570946
40800,0.1213560235063663,-2761.5599298152238,12091.65810758885,8208.946174179293,3882.711933409557,0.07426161453650226
40805,0.12137089556807051,-2692.427320862308,12118.058057056705,8244.852574584007,3873.2054824726983,0.07428982824928272
40810,0.12138576762977472,-2624.058626726449,12142.445976986693,8279.574218786041,3862.871758200652,0.0743152798459849
40815,0.12140063969147893,-2558.778925386254,12164.933438009122,8312.254285605628,3852.6791524034943,0.07433809109672308
40820,0.12141551175318314,-2498.842629591708,12185.733953459558,8342.104815727467,3843.6291377320904,0.07435838399989794
40825,0.12143038381488735,-2446.258376584131,12205.150462462032,8368.443420417805,3836.707042044227,0.07437626490832594
40830,0.12144525587659157,-2402.6426966045747,12223.555296592376,8390.72315385903,3832.8321427333467,0.07439618873563669
40835,0.12146012793829578,-2369.1187123081672,12241.363938385775,8408.55348458166,3832.8104538041152,0.07442430992567303
40840,0.121475,-2346.270108541302,12259.004437579792,8421.711208993853,3837.293228585939,0.0744501470284998
40845,0.12148987206170421,-2334.1531428629196,12276.884819990828,8430.141207515864,3846.743612474964,0.07447370976643461
40850,0.12150474412340842,-2332.3616939786125,12295.36113804508,8433.947979296358,3861.4131587487227,0.07449497145624018
40855,0.12151961618511263,-2340.133518331996,12314.708903759038,8433.379733995765,3881.329169763272,0.07451387847638807
40860,0.12153448824681684,-2356.481121053086,12335.1004638044,8428.80734158693,3906.29312221747,0.07453036152462456
40865,0.12154936030852105,-2380.3286961147105,12356.590404719756,8420.700590755865,3935.8898139638914,0.07454434701975357
40870,0.12156423237022526,-2410.637653512992,12379.110341782742,8409.604011540756,3969.506330241986,0.07456325070737516
40875,0.12157910443192947,-2446.5069194101343,12402.473522364724,8396.114067965866,4006.3594543988584,0.0745896888375745
40880,0.12159397649363368,-2487.2395421917554,12426.388679351703,8380.858936755832,4045.5297425958706,0.07461342499365986
40885,0.12160884855533789,-2532.3729594685647,12450.481641218174,8364.481464380135,4086.000176838039,0.07463439295464507
40890,0.1216237206170421,-2581.6754149278395,12474.322480034924,8347.625312851935,4126.697167182989,0.07465253850316166
40895,0.12163859267874633,-2635.1146311731472,12497.455564591086,8330.923810815813,4166.531753775273,0.07466781555455518
40900,0.12165346474045054,-2692.8066286208723,12519.429836228126,8314.99064842741,4204.439187800715,0.0746801801663384
40905,0.12166833680215475,-2754.9527320517755,12539.826925247895,8300.41131616279,4239.415609085105,0.07469355487479469
40910,0.12168320886385896,-2821.771888551788,12558.285294932268,8287.734115434787,4270.551179497481,0.07471889335522246
40915,0.12169808092556317,-2893.434106049961,12574.519309082956,8277.459689071206,4297.059620011751,0.07474079485511267
40920,0.12171295298726738,-2969.9996455948985,12588.332819550473,8270.028347408132,4318.304472142341,0.07475913941416529
40925,0.12172782504897159,-3051.3678026133784,12599.627430631419,8265.804990488301,4333.822440143118,0.07477380430959388
40930,0.1217426971106758,-3137.238621351309,12608.40593155491,8265.062099055536,4343.343832499373,0.07478467195122934
40935,0.12175756917238001,-3227.090425062812,12614.771475863663,8267.961991302067,4346.809484561596,0.07479164000809778
40940,0.12177244123408422,-3320.1753021634213,12618.922972958626,8274.540183348703,4344.382789609923,0.07479463224522181
40945,0.12178731329578843,-3415.5334829840886,12621.146938616348,8284.692096050894,4336.454842565454,0.07481047046969923
40950,0.12180218535749265,-3512.025908191308,12621.80584499108,8298.165386064109,4323.640458926971,0.07482419259698404
40955,0.12181705741919686,-3608.382470233437,12621.322919971684,8314.559776370937,4306.763143600747,0.07483366713483401
40960,0.12183192948090107,-3703.2617552807333,12620.163431733648,8333.335451565594,4286.827980168055,0.07483902004089804
40965,0.12184680154260528,-3795.316949653973,12618.812760670184,8353.830007628942,4264.982753041242,0.07484041520055752
40970,0.1218616736043095,-3883.262087427015,12617.751957387225,8375.282832988622,4242.4691243986035,0.07483804158092829
40975,0.1218765456660137,-3965.9330101356154,12617.431926543195,8396.864906527342,4220.567020015853,0.0748321938062724
40980,0.12189141772771792,-4042.3381542343086,12618.24776652611,8417.71154387641,4200.5362226497,0.07484856614402964
40985,0.12190628978942213,-4111.695401035061,12620.515052663486,8436.95570658646,4183.559346077027,0.07486169182817369
40990,0.12192116185112634,-4173.4525802495245,12624.44992272326,8453.760055716213,4170.689867007048,0.07487170219332094
40995,0.12193603391283055,-4227.290735744628,12630.154685040872,8467.34678102518,4162.807904015692,0.07487866909196379
41000,0.12195090597453476,-4273.110880790732,12637.61032609213,8477.02508000368,4160.585246088451,0.07488260437000877
41005,0.12196577803623898,-4311.0065739121965,12646.676773053847,8482.216713291356,4164.46005976249,0.07488349834549625
41010,0.12198065009794319,-4341.226024922532,12657.101115362504,8482.480141283668,4174.620974078836,0.0749066752921147
41015,0.1219955221596474,-4364.128331664005,12668.533274829011,8477.533330106786,4190.999944722225,0.07492625731142363
41020,0.12201039422135161,-4380.138641523297,12680.547920397414,8467.274548645966,4213.2733717514475,0.07494205231478207
41025,0.12202526628305582,-4389.706482740705,12692.670842324218,8451.799618156056,4240.871224168162,0.07495387015663661
41030,0.12204013834476003,-4393.270382263975,12704.407615132233,8431.413400947753,4272.99421418448,0.0749615395977357
41035,0.12205501040646424,-4391.230502947801,12715.27224764736,8406.633040408571,4308.639207238788,0.07496492227025439
41040,0.12206988246816845,-4383.929758252596,12724.813660874197,8378.180691257321,4346.632969616876,0.07496650875012131
41045,0.12208475452987266,-4371.642979694503,12732.638222922651,8346.964183115435,4385.674039807216,0.0749877655939454
41050,0.12209962659157687,-4354.573342143125,12738.427133505493,8314.045123851492,4424.382009654,0.07500410836598584
41055,0.12211449865328108,-4332.855339266108,12741.948086790198,8280.595202578921,4461.352884211277,0.07501554495101857
41060,0.12212937071498531,-4306.563947210634,12743.06123994034,8247.842716743115,4495.218523197225,0.07502212189744156
41065,0.12214424277668952,-4275.729938092522,12741.719982099883,8217.012462268232,4524.707519831651,0.07502391404039455
41070,0.12215911483839373,-4240.361319937479,12737.967281458843,8189.262959312813,4548.70432214603,0.07502101363153617
41075,0.12217398690009794,-4200.470385928322,12731.928484630349,8165.625441598992,4566.3030430313565,0.07502061133515335
41080,0.12218885896180215,-4156.104828430757,12723.80139707294,8146.9490524293515,4576.852344643589,0.0750357161509786
41085,0.12220373102350636,-4107.380018221316,12713.844355918862,8133.856243714079,4579.988112204783,0.07504582360497992
41090,0.12221860308521057,-4054.5082782242216,12702.362885606179,8126.711494850009,4575.651390756169,0.07505097338957012
41095,0.12223347514691478,-3997.8202903711735,12689.69544597166,8125.605247551781,4564.090198419879,0.07505120377684903
41100,0.12224834720861899,-3937.7740597534494,12676.198751106698,8130.353546200578,4545.84520490612,0.07504655916018696
41105,0.1222632192703232,-3874.9482441752325,12662.233135534354,8140.512483845158,4521.720651689196,0.07503709872280066
41110,0.12227809133202741,-3810.0189173709023,12648.148439245064,8155.405393074788,4492.743046170276,0.07503138848717357
41115,0.12229296339373164,-3743.7214668364104,12634.27084704814,8174.159956950341,4460.110890097798,0.0750389902256795
41120,0.12230783545543585,-3676.8017241668886,12620.891040212065,8195.75212736048,4425.138912851586,0.07504136104654911
41125,0.12232270751714006,-3609.9620785217767,12608.253909950785,8219.05389657785,4389.200013372934,0.07504045394349532
41130,0.12233757957884427,-3543.8089754087387,12596.549969099213,8242.882447288075,4353.667521811138,0.07503504816389396
41135,0.12235245164054848,-3478.8078889983863,12585.908511582616,8266.048829209563,4319.859682373053,0.07502388819844158
41140,0.12236732370225269,-3415.2508319602057,12576.392533793538,8287.40489802112,4288.987635772419,0.07501761233823664
41145,0.1223821957639569,-3353.2400589562485,12567.995456442974,8305.887667684769,4262.107788758205,0.07502798590168346
41150,0.12239706782566111,-3292.6900743740835,12560.639757980916,8320.560397287956,4240.07936069296,0.0750329853249772
41155,0.12241193988736532,-3233.348451242028,12554.177720750988,8330.649653074175,4223.5280676768125,0.07503294302252907
41160,0.12242681194906953,-3174.834250082242,12548.394558206795,8335.577311268298,4212.817246938497,0.07502818327645773
41165,0.12244168401077374,-3116.690931324748,12543.014197843755,8334.986103637359,4208.028094206396,0.07501901227871612
41170,0.12245655607247796,-3058.4486730222197,12537.707917001582,8328.7569961819,4208.950920819681,0.07500571110648768
41175,0.12247142813418217,-2999.68926497987,12532.105865937123,8317.016583402612,4215.089282534511,0.07498853130717922
41180,0.12248630019588638,-2940.1057574773868,12525.811284233372,8300.132903024387,4225.678381208985,0.07500061628836148
41185,0.1225011722575906,-2879.549286386982,12518.416956136734,8278.698689330215,4239.71826680652,0.0750090207202606
41190,0.1225160443192948,-2818.0572042471185,12509.523195669253,8253.502049365607,4256.021146303647,0.07501361830564282
41195,0.12253091638099901,-2755.8596160682464,12498.756438348535,8225.485723709995,4273.27071463854,0.07501445039397349
41200,0.12254578844270322,-2693.3650183306027,12485.787372176506,8195.69726987707,4290.090102299437,0.07501151173582928
41205,0.12256066050440743,-2631.129088107631,12470.347489075039,8165.233459924345,4305.114029150694,0.07500474970083701
41210,0.12257553256611164,-2569.8129223043597,12452.242994544813,8135.182749100806,4317.060245444007,0.07499406363572683
41215,0.12259040462781585,-2510.137656333516,12431.365182105399,8106.569782284326,4324.795399821073,0.07501074974113763
41220,0.12260527668952007,-2452.84135345267,12407.69664730705,8080.3055922456315,4327.391055061418,0.07502516067270733
41225,0.12262014875122429,-2398.641796913844,12381.313050944404,8057.146508053173,4324.16654289123,0.07503439710856474
41230,0.1226350208129285,-2348.2061209821586,12352.380493149307,8037.663953165854,4314.716539983453,0.07503811047249799
41235,0.12264989287463271,-2302.1259526266504,12321.14887401884,8022.226376216604,4298.922497802236,0.07503593738600318
41240,0.12266476493633692,-2260.895584395844,12287.941846633425,8010.993601566335,4276.948245067089,0.07502752162506132
41245,0.12267963699804113,-2224.8909482999698,12253.144091706483,8003.922972016352,4249.221119690131,0.07501254040699996
41250,0.12269450905974534,-2194.3486237521265,12217.186664762812,8000.785840600403,4216.400824162409,0.07502227398407152
41255,0.12270938112144955,-2169.346199351802,12180.531114903351,8001.192315198106,4179.338799705245,0.07502636688965489
41260,0.12272425318315376,-2149.7872180550567,12143.652987409521,8004.62172989675,4139.031257512771,0.07502259056747596
41265,0.12273912524485797,-2135.3949197290594,12107.025234716508,8010.456152578728,4096.56908213778,0.07501096251260755
41270,0.12275399730656218,-2125.718602541476,12071.101990604648,8018.014345016533,4053.0876455881144,0.07499164960357872
41275,0.12276886936826639,-2120.1546572158213,12036.303112450149,8026.583933909125,4009.719178541023,0.07496496805541326
41280,0.12278374142997062,-2117.9816488444094,12002.999855914242,8035.450059533123,3967.5497963811194,0.07493137142857585
41285,0.12279861349167483,-2118.4060062940107,11971.502003632313,8043.919359581703,3927.58264405061,0.07491997509529986
41290,0.12281348555337904,-2120.612753988965,11942.046720301923,8051.338742088707,3890.707978213217,0.07490656974345149
41295,0.12282835761508325,-2123.8148705311714,11914.789359602099,8057.1089462278405,3857.680413374258,0.07489296551014035
41300,0.12284322967678746,-2127.29543173021,11889.796421451616,8060.693350300872,3829.1030711507437,0.0748737333327112
41305,0.12285810173849167,-2130.4383828001282,11867.040869081298,8061.62284827857,3805.4180208027283,0.07484912390376378
41310,0.12287297380019588,-2132.7459832760305,11846.400069079267,8059.497874006242,3786.9021950730257,0.07481969225836665
41315,0.12288784586190009,-2133.8430504492508,11827.65669678168,8053.988797804844,3773.667898976836,0.07479787382213204
41320,0.1229027179236043,-2133.4696719667936,11810.503014477883,8044.83593830919,3765.667076168693,0.0748009120229784
41325,0.12291758998530851,-2131.4649420547867,11794.54892979826,8031.850302216221,3762.698627582039,0.07479965258437456
41330,0.12293246204701272,-2127.744603393913,11779.334132062497,8014.915871526928,3764.418260535569,0.07479418447155585
41335,0.12294733410871694,-2122.275431610302,11764.344366833508,7993.993808861678,3770.3505579718294,0.07478451027267709
41340,0.12296220617042115,-2115.048927488998,11749.031561562084,7969.128389993366,3779.903171568718,0.07477056559396555
41345,0.12297707823212536,-2106.0564637390753,11732.837111004044,7940.453881501824,3792.3832295022203,0.07475224079568173
41350,0.12299195029382957,-2095.267525529486,11715.217243686855,7908.201069229832,3807.016174457023,0.0747426755828838
41355,0.12300682235553378,-2082.6121625828937,11695.669093340122,7872.70181660673,3822.9672767333923,0.0747554704671784
41360,0.123021694417238,-2067.9683233297537,11673.755945093124,7834.389962884509,3839.3659822086147,0.07476278300852887
41365,0.1230365664789422,-2051.154427558562,11649.13013573449,7793.797074835825,3855.3330608986644,0.07476442381707098
41370,0.12305143854064642,-2031.9273514882389,11621.552246552032,7751.541998625445,3870.010247926587,0.07476022879775039
41375,0.12306631060235063,-2009.9858979782448,11590.905495613128,7708.313742395432,3882.5917532176954,0.07475006182998885
41380,0.12308118266405484,-1984.9797486656307,11557.20456033229,7664.847870926959,3892.35668940533,0.07473381480262024
41385,0.12309605472575905,-1956.5238163709519,11520.59838972605,7621.897248232154,3898.701141493896,0.07472674866617453
41390,0.12311092678746327,-1924.217829980983,11481.366863033478,7580.198582962581,3901.168280070897,0.07473795783340599
41395,0.12312579884916748,-1887.6708730219798,11439.911403723914,7540.4367841269295,3899.4746195969847,0.07474229634370642
41400,0.12314067091087169,-1846.5304026681379,11396.739873232103,7503.209574198635,3893.5302990334685,0.07473967197944635
41405,0.1231555429725759,-1800.5149109753193,11352.44626849084,7468.995058623906,3883.451209866934,0.07473001478296397
41410,0.12317041503428011,-1749.4487878693226,11307.685953504999,7438.124924550499,3869.5610289545,0.07471328792491817
41415,0.12318528709598432,-1693.297120703045,11263.14737834673,7410.765567009818,3852.3818113369116,0.07468950110591215
41420,0.12320015915768853,-1632.1972453466315,11219.521470688782,7386.908712643557,3832.612758045225,0.07467928368436282
41425,0.12321503121939274,-1566.4830746176167,11177.47009894259,7366.372119196335,3811.097979746254,0.07468101360613623
41430,0.12322990328109695,-1496.6978402549921,11137.59516498338,7348.809852929275,3788.785312054106,0.07468116034808929
41435,0.12324477534280116,-1423.5911308321656,11100.409951545174,7333.730709182474,3766.6792423627003,0.07467929224032961
41440,0.12325964740450537,-1348.0971209300033,11066.314298288635,7320.522738715931,3745.7915595727036,0.07466906678243675
41445,0.1232745194662096,-1271.2926447232794,11035.575002315178,7308.481673705574,3727.0933286096033,0.07465068811315545
41450,0.12328939152791381,-1194.3360867923548,11008.312543640608,7296.841282779102,3711.4712608615064,0.07462442948334985
41455,0.12330426358961802,-1118.390639069129,10984.494850887335,7284.804181887065,3699.6906690002697,0.07460592610435375
41460,0.12331913565132223,-1044.53794588035,10963.938386026406,7271.572187947138,3692.3661980792676,0.0746110494782931
41465,0.12333400771302644,-973.6901839270986,10946.316384349286,7256.375739607788,3689.9406447414976,0.07460861045907109
41470,0.12334887977473065,-906.5099074467944,10931.173681820836,7238.502107751982,3692.6715740688533,0.07459887248033174
41475,0.12336375183643486,-843.347291093618,10917.947235759175,7217.322053860182,3700.625181898993,0.07458208466950625
41480,0.12337862389813907,-784.2035337457819,10905.991222873938,7192.314327925413,3713.676894948525,0.07455847586825529
41485,0.12339349595984328,-728.7270344038179,10894.605489020152,7163.08704447436,3731.5184445457926,0.07452825443562659
41490,0.12340836802154749,-676.2455654210598,10883.066112711107,7129.394667901724,3753.6714448093835,0.07450461453333194
41495,0.1234232400832517,-625.8333566193896,10870.656893784153,7091.149192559967,3779.5077012241863,0.07450628784113823
41500,0.12343811214495592,-576.4073806277529,10856.700642404765,7048.424194327229,3808.276448077536,0.0745013035261909
41505,0.12345298420666014,-526.8430401433625,10840.589178599443,7001.450782573778,3839.1383960256644,0.07448973575329504
41510,0.12346785626836435,-476.0967651850942,10821.810936678175,6950.605067304724,3871.2058693734516,0.07447166742097037
41515,0.12348272833006856,-423.32232683208167,10799.97501326494,6896.387505888193,3903.5875073767475,0.07444719930894352
41520,0.12349760039177277,-367.9690524542566,10774.830446874523,6839.395306869953,3935.43514000457,0.07441645542715043
41525,0.12351247245347698,-309.8531126650296,10746.279536858912,6780.289827810136,3965.9897090487766,0.07439180858309219
41530,0.12352734451518119,-249.19677981713448,10714.384163688863,6719.761490282557,3994.6226734063057,0.07439272341210412
41535,0.1235422165768854,-186.6341129119428,10679.364396727078,6658.4950432789765,4020.8693534481017,0.07438717426321818
41540,0.12355708863858961,-123.18426450987135,10641.589159046724,6597.1379655461915,4044.451193500532,0.07437518533701906
41545,0.12357196070029382,-60.19535093484046,10601.559301290335,6536.274392194732,4065.2849090956033,0.07436280103890959
41550,0.12358683276199803,0.7371826402295483,10559.884023347606,6476.406234479688,4083.477788867918,0.07435129073619294
41555,0.12360170482370225,57.87308056075926,10517.252073402899,6417.942254481004,4099.3098189218945,0.07433197282234763
41560,0.12361657688540646,109.44524619138065,10474.399474047856,6361.1949215437035,4113.204552504152,0.07430479084418379
41565,0.12363144894711067,153.78659117638563,10432.07564745365,6306.384076576663,4125.6915708769875,0.07429200579408808
41570,0.12364632100881488,189.4577896291603,10391.00976020651,6253.645875261384,4137.363884945126,0.07429917543053811
41575,0.1236611930705191,215.36658215757325,10351.878942473959,6203.045202004751,4148.833740469207,0.07429789447423608
41580,0.1236760651322233,230.86832604376923,10315.279822019504,6154.589694769132,4160.690127250372,0.07428809030055034
41585,0.12369093719392751,235.8373955551715,10281.704596857142,6108.243610097153,4173.460986759989,0.07426975276355048
41590,0.12370580925563172,230.7001541843092,10251.522660264565,6063.939920519893,4187.582739744672,0.07424294910556524
41595,0.12372068131733593,216.4227566454765,10224.968564161081,6021.589267568846,4203.379296592236,0.07420783497240847
41600,0.12373555337904014,194.45097978374088,10202.136822303255,5981.0847485363665,4221.0520737668885,0.07418417873844425
41605,0.12375042544074435,166.60432867206782,10182.983684587152,5942.302063047444,4240.681621539708,0.07418131900095888
41610,0.12376529750244858,134.9322143779582,10167.335560357189,5905.095299095153,4262.240261262036,0.07417058332356155
41615,0.12378016956415279,101.54521539995858,10154.903272915439,5869.289502655735,4285.613770259703,0.07415229097111461
41620,0.123795041625857,68.43840260225261,10145.300861384396,5834.671953168715,4310.628908215681,0.07412680188903269
41625,0.12380991368756121,37.32565111167969,10138.06729405575,5800.984528011175,4337.082766044576,0.07409450237751368
41630,0.12382478574926542,9.503342801806866,10132.68929314202,5767.919520668438,4364.769772473583,0.07405579080815898
41635,0.12383965781096963,-14.241111767692018,10128.623538045258,5735.120767382959,4393.5027706623,0.07402696751934237
41640,0.12385452987267384,-33.66549772000781,10125.31681365186,5702.191082870204,4423.125730781656,0.07402326221579544
41645,0.12386940193437805,-49.049623563353634,10122.223157762102,5668.706043569036,4453.517114193066,0.07401370221892667
41650,0.12388427399608226,-61.115363696880195,10118.817655647968,5634.233302334373,4484.584353313596,0.07400556029884853
41655,0.12389914605778647,-70.8989309573717,10114.607125931967,5598.355981625485,4516.251144306482,0.07400716050366392
41660,0.12391401811949068,-79.58971436938918,10109.138434291377,5560.6982662782075,4548.44016801317,0.07400224724489801
41665,0.1239288901811949,-88.35364127567391,10102.00547257759,5520.951040513216,4581.054432064374,0.07399080095623664
41670,0.12394376224289912,-98.16053273011039,10092.85589892055,5478.8952597123325,4613.960639208218,0.07397280036543627
41675,0.12395863430460333,-109.63418034109418,10081.398542434581,5434.420771619984,4646.977770814597,0.07394846508340526
41680,0.12397350636630754,-122.9410679069606,10067.41197290618,5387.538612821348,4679.873360084833,0.07397043229936878
41685,0.12398837842801175,-137.7292486740498,10050.754197583678,5338.385473845376,4712.368723738302,0.07398558984019994
41690,0.12400325048971596,-153.1234747223798,10031.372873514129,5287.219991050289,4744.15288246384,0.07399382583347829
41695,0.12401812255142017,-167.77688303300692,10009.314920137009,5234.4115818547925,4774.903338282216,0.0739950684084917
41700,0.12403299461312438,-179.97393055671273,9984.734075384009,5180.423417444524,4804.310657939485,0.07398929556403565
41705,0.12404786667482859,-187.7743058166916,9957.89482314722,5125.79160117897,4832.10322196825,0.07398326313037663
41710,0.1240627387365328,-189.18363281693655,9929.171255293184,5071.102617860538,4858.068637432646,0.07399059209962201
41715,0.12407761079823701,-182.33428572478624,9899.039800719398,5016.9707328978575,4882.069067821541,0.07398991695549877
41720,0.12409248285994123,-165.6588248532189,9868.065304761849,4964.016449982257,4904.048854779592,0.07406621919340212
41725,0.12410735492164544,-138.03953622123754,9836.88059756856,4912.846583274249,4924.0340142943105,0.07416951912606601
41730,0.12412222698334965,-98.92014597968682,9806.160361678574,4864.036090399245,4942.124271279329,0.07427007973039558
41735,0.12413709904505386,-48.36960013821317,9776.590710278624,4818.111572935858,4958.479137342766,0.07436769621414631
41740,0.12415197110675807,12.907647780165462,9748.836344136364,4775.536244789305,4973.300099347059,0.07446204653989623
41745,0.12416684316846228,83.61560157231543,9723.507414902768,4736.696148508822,4986.8112663939455,0.07455269001600313
41750,0.1241817152301665,161.96106170629264,9701.128263142053,4701.887442080957,4999.240821061096,0.07463907713201678
41755,0.1241965872918707,245.79027523056175,9682.110032100847,4671.304688771155,5010.805343329692,0.07477569416864868
41760,0.12421145935357492,332.7563016521981,9666.728823421496,4645.030274668935,5021.698548752561,0.07494450588811856
41765,0.12422633141527913,420.5028021900707,9655.110617749133,4623.025355149756,5032.085262599377,0.07509529100342742
41770,0.12424120347698334,506.84831266673154,9647.223693679987,4605.123066497099,5042.100627182888,0.07522959003010518
41775,0.12425607553868756,589.9547191031643,9642.878795517574,4591.025071440347,5051.853724077227,0.0753488642551627
41780,0.12427094760039177,668.4648172960297,9641.736860300332,4580.302746038291,5061.4341142620415,0.07545439766064532
41785,0.12428581966209598,741.596524625209,9643.323738893163,4572.404356518819,5070.9193823743435,0.07554723548077978
41790,0.12430069172380019,809.1853129652109,9647.05104571337,4566.669333255483,5080.381712457886,0.0756737308359663
41795,0.1243155637855044,871.6713261814184,9652.242052484802,4562.350196060711,5089.891856424091,0.07584259996029084
41800,0.12433043584720861,930.032882380051,9658.161404172199,4558.641874817631,5099.519529354568,0.07599650874073212
41805,0.12434530790891282,985.6730671790665,9664.047373889129,4554.717240079199,5109.33013380993,0.0761362448041878
41810,0.12436017997061703,1040.2704222825514,9669.145372340165,4549.766794785573,5119.378577554591,0.07626259308498916
41815,0.12437505203232124,1095.6080013734745,9672.741461368767,4543.039853953081,5129.701607415686,0.07637625730157557
41820,0.12438992409402545,1153.3970850551095,9674.194661596728,4533.884261213977,5140.310400382751,0.07647778688404662
41825,0.12440479615572966,1215.1124131841607,9672.966867219486,4521.7817777013315,5151.185089518154,0.07664182862306528
41830,0.12441966821743389,1281.854689740092,9668.64917733523,4506.376674098685,5162.272503236545,0.07680006925208831
41835,0.1244345402791381,1354.2532177460853,9660.983434013247,4487.49566847048,5173.487765542767,0.07694386913528108
41840,0.12444941234084231,1432.4169500109501,9649.877753933526,4465.1580874951305,5184.7196664383955,0.07707354065278592
41845,0.12446428440254652,1515.936464341581,9635.414897254735,4439.575908484527,5195.838988770209,0.0771892527168262
41850,0.12447915646425073,1603.9332061578216,9617.852479756075,4411.144096460751,5206.708383295324,0.07729104309170187
41855,0.12449402852595494,1695.1468241204311,9597.614336041373,4380.422317623567,5217.192018417806,0.07737887314498357
41860,0.12450890058765915,1788.0475651900388,9575.272795050718,4348.109620214749,5227.163174835969,0.07745271128256839
41865,0.12452377264936336,1880.9591690248062,9551.522219711393,4315.013969562348,5236.508250149044,0.07753462901487504
41870,0.12453864471106757,1972.178623463844,9527.144847723888,4282.018579043784,5245.126268680105,0.07764569214248053
41875,0.12455351677277178,2060.0820432860746,9502.970682389818,4250.04680906092,5252.923873328898,0.07774158357794031
41880,0.124568388834476,2143.209933016102,9479.833833899636,4220.0270729088725,5259.806760990764,0.07782260459271201
41885,0.12458326089618021,2220.329178748015,9458.528205663557,4192.858784511996,5265.6694211515605,0.07788922341310192
41890,0.12459813295788442,2290.4724189497365,9439.765664467237,4169.380011684115,5270.385652783122,0.07794211741946769
41895,0.12461300501958864,2352.9574669021595,9424.139757582543,4150.337249812535,5273.802507770008,0.07798217589465523
41900,0.12462787708129285,2407.390139314255,9412.097617015503,4136.357662500237,5275.739954515266,0.07801672861308952
41905,0.12464274914299706,2453.653505324629,9403.921950466573,4127.924259699072,5275.997690767501,0.07809996951157844
41910,0.12465762120470127,2491.885719441293,9399.724049549137,4125.354759397549,5274.369290151588,0.07817341854812711
41915,0.12467249326640548,2522.447757242475,9399.447684044011,4128.785214526538,5270.662469517473,0.07823798341329104
41920,0.12468736532810969,2545.8819308254924,9402.88275260526,4138.159756183573,5264.722996421686,0.07829454697257926
41925,0.1247022373898139,2562.8622448661135,9409.686769008513,4153.22787650946,5256.458892499053,0.07838332425275465
41930,0.12471710945151811,2574.138488336441,9419.411779636406,4173.550451712007,5245.861327924399,0.07847292798224446
41935,0.12473198151322233,2580.477262849963,9431.534169993562,4198.515157680618,5233.019012312943,0.07855460962151836
41940,0.12474685357492654,2582.604570017029,9445.484995893154,4227.361114671848,5218.123881221306,0.07862879518957328
41945,0.12476172563663075,2581.1556606283148,9460.678884633258,4259.211652249468,5201.46723238379,0.07869578914885228
41950,0.12477659769833496,2576.6381452272417,9476.540080857467,4293.113197717811,5183.426883139656,0.07875577316751887
41955,0.12479146976003917,2569.4135906845513,9492.524750643634,4328.07764290499,5164.447107738643,0.07880880578443525
41960,0.12480634182174338,2559.7009615282886,9508.13912252902,4363.125261462975,5145.013861066046,0.07885482219084278
41965,0.1248212138834476,2547.6025918643645,9522.953393310961,4397.3253684430665,5125.628024867895,0.0789274313368144
41970,0.1248360859451518,2533.1503910469146,9536.611557804788,4429.832378968164,5106.779178836624,0.07899185238252496
41975,0.12485095800685601,2516.3672326678743,9548.837461851286,4459.915606260191,5088.921855591095,0.0790462623411268
41980,0.12486583006856022,2497.3363777380573,9559.437463677275,4486.981886290942,5072.455577386333,0.07909035583868931
41985,0.12488070213026443,2476.2705973283473,9568.3001510339,4510.590790602087,5057.709360431813,0.0791238084133068
41990,0.12489557419196866,2453.5725118985347,9575.393615351697,4530.462707596967,5044.93090775473,0.0791462914509615
41995,0.12491044625367287,2429.8785882530137,9580.760827021102,4546.480417889704,5034.280409131398,0.07915748972627273
42000,0.12492531831537708,2406.0811580640566,9584.513672116356,4558.684994181812,5025.828677934544,0.07916049180652728
42005,0.12494019037708129,2383.3255084712628,9586.826179600965,4567.266974182551,5019.5592054184135,0.0791736783475611
42010,0.1249550624387855,2362.9821197439305,9587.927373371593,4572.553826877378,5015.373546494215,0.07917348617123626
42015,0.12496993450048971,2346.596943628355,9588.094023819904,4574.994763313259,5013.099260506645,0.07915988745847252
42020,0.12498480656219392,2335.8247244212325,9587.643367638077,4575.143902737287,5012.4994649007895,0.07913289857133768
42025,0.12499967862389813,2332.3514687246598,9586.925651513759,4573.642649814655,5013.283001699104,0.079118927143295
42030,0.12501455068560235,2337.8122741844627,9586.316187191856,4571.201846088344,5015.114341103513,0.079148213100422
42035,0.12502942274730655,2353.710099490506,9586.206533057166,4568.583853733637,5017.622679323529,0.07917700948972088
42040,0.12504429480901078,2381.340088791276,9586.994473579285,4566.58428958257,5020.410183996715,0.07921621683972366
42045,0.12505916687071497,2421.7231080972288,9589.07265273456,4566.012763520611,5023.059889213949,0.07924614573868473
42050,0.1250740389324192,2475.551422101227,9592.815994027438,4567.671797973158,5025.14419605428,0.07926665515519943
42055,0.1250889109941234,2543.1489813618828,9598.568342599288,4572.333187697068,5026.2351549022205,0.07927763513277455
42060,0.12510378305582762,2624.4485106867314,9606.62901960634,4580.711413488583,5025.917606117757,0.0792790335503668
42065,0.1251186551175318,2718.987314512223,9617.240124698013,4593.434297115083,5023.805827582931,0.07927087112868243
42070,0.12513352717923604,2825.9232366611304,9630.575430109655,4611.011778031311,5019.563652078344,0.0792554589009256
42075,0.12514839924094026,2944.071343911467,9646.731589615021,4633.804387198529,5012.927202416492,0.07925962023494222
42080,0.12516327130264446,3071.960533408527,9665.722180957791,4661.9935803732815,5003.72860058451,0.07925390021559753
42085,0.12517814336434868,3207.90740944576,9687.474872389907,4695.556489415299,4991.918382974607,0.07923837256881838
42090,0.12519301542605288,3350.102620212225,9711.831810029338,4734.247803605259,4977.584006424079,0.07921319371939722
42095,0.1252078874877571,3496.702753296576,9738.55319758826,4777.591378352912,4960.961819235348,0.07917857847370285
42100,0.1252227595494613,3645.9193569064328,9767.32398494793,4824.88377799447,4942.440206953461,0.07916483705918947
42105,0.12523763161116552,3796.0961956805004,9797.763566582322,4875.211297577062,4922.552269005259,0.0791461671039899
42110,0.12525250367286972,3945.7668218991676,9829.438366232835,4927.481100275834,4901.957265957,0.07911736467450205
42115,0.12526737573457394,4093.6869827363253,9861.877103958941,4980.466011008306,4881.411092950635,0.0790784511273289
42120,0.12528224779627814,4238.839939876986,9894.588380946028,5032.8613230066185,4861.72705793941,0.07904436840529713
42125,0.12529711985798236,4380.416781570293,9927.079985321283,5083.350834318712,4843.729151002571,0.07902423689831242
42130,0.1253119919196866,4517.777471337726,9958.879061188542,5130.678371799861,4828.20068938868,0.0789920569425369
42135,0.12532686398139078,4650.401032397957,9989.552056635204,5173.720389338078,4815.831667297126,0.0789473909269304
42140,0.125341736043095,4777.834525951478,10018.723239488363,5211.554900212018,4807.168339276345,0.07889638965914193
42145,0.1253566081047992,4899.650268538638,10046.090588271702,5243.522017988715,4802.568570282987,0.07887005112769266
42150,0.12537148016650343,5015.419176696889,10071.438043443555,5269.271694490735,4802.16634895282,0.07882822480260306
42155,0.12538635222820763,5124.705420852231,10094.643416263807,5288.794811561842,4805.848604701965,0.07877039324959485
42160,0.12540122428991185,5227.083922587233,10115.681642816875,5302.4345878633185,4813.2470549535565,0.07870380625734326
42165,0.12541609635161605,5322.177937558356,10134.62346456665,5310.876319211733,4823.747145354917,0.07866472070853242
42170,0.12543096841332027,5409.709556375483,10151.6299426409,5315.1148063902965,4836.515136250604,0.07864388624756283
42175,0.12544584047502447,5489.552244192561,10166.943421783739,5316.4004272376,4850.542994546139,0.07862465780616129
42180,0.1254607125367287,5561.772516729698,10180.875638027928,5316.166592969974,4864.709045057954,0.07862319798659456
42185,0.12547558459843292,5626.648381157281,10193.79363452389,5315.943114614288,4877.850519909603,0.07861354844668984
42190,0.1254904566601371,5684.65562732519,10206.104061105832,5317.261549951114,4888.8425111547185,0.07859058310852175
42195,0.12550532872184134,5736.419049704989,10218.236340622218,5321.559649429154,4896.676691193064,0.07855460242400102
42200,0.12552020078354553,5782.633037314799,10230.625131898316,5330.092372258445,4900.532759639871,0.07850606109894455
42205,0.12553507284524976,5823.962993838935,10243.692523906811,5343.856510030644,4899.836013876167,0.07848232192062984
42210,0.12554994490695395,5860.944006840544,10257.830449677309,5363.534770559164,4894.295679118145,0.07845387779062601
42215,0.12556481696865818,5893.8948069637445,10273.383884767065,5389.463388997166,4883.920495769899,0.0784141248698954
42220,0.12557968903036237,5922.862906440172,10290.63546133297,5421.625177641826,4869.010283691144,0.07836352810354055
42225,0.1255945610920666,5947.611363577855,10309.792159936505,5459.6676705019145,4850.124489434591,0.07831438623067893
42230,0.1256094331537708,5967.650114328401,10330.974725614014,5502.943929824582,4828.030795789433,0.07829336418629322
42235,0.12562430521547502,5982.306854314005,10354.210394135293,5550.571880136241,4803.638513999052,0.07826174951556263
42240,0.12563917727717924,5990.825625594347,10379.429418089538,5601.506863691236,4777.922554398302,0.07821965418637684
42245,0.12565404933888344,5992.476780579449,10406.465760170533,5654.621516219486,4751.844243951047,0.07816716607006396
42250,0.12566892140058766,5986.660539923512,10435.062178207807,5708.786997615195,4726.275180592612,0.07814468161498854
42255,0.12568379346229186,5972.988043449819,10464.879763374747,5762.949967264552,4701.929796110196,0.0781257604766834
42260,0.12569866552399608,5951.328211988168,10495.51180686408,5816.2003362037485,4679.311470660332,0.07809505488839608
42265,0.12571353758570028,5921.815068959506,10526.501659163961,5867.825652226792,4658.676006937169,0.07805237027166072
42270,0.1257284096474045,5884.8172793259855,10557.364011483962,5917.3489262492285,4640.015085234733,0.07800989212154191
42275,0.1257432817091087,5840.878272110992,10587.60877833463,5964.5477827356235,4623.060995599007,0.07800232580212399
42280,0.12575815377081292,5790.640225312043,10616.766508557743,6009.454023058701,4607.312485499042,0.07798059389348673
42285,0.12577302583251712,5734.7675471365765,10644.414022050501,6052.3340127409465,4592.080009309555,0.0779441939857895
42290,0.12578789789422135,5673.884953597844,10670.198790708233,6093.651675706318,4576.547115001915,0.07789259318907674
42295,0.12580276995592557,5608.5420772752195,10693.86048826955,6134.017185845153,4559.843302424398,0.07785612987946447
42300,0.12581764201762977,5539.211475879939,10715.248155877962,6174.125549064627,4541.122606813335,0.07783643339328082
42305,0.125832514079334,5466.320907199894,10734.331590802976,6214.690039822629,4519.641550980347,0.07783145394632565
42310,0.1258473861410382,5390.314759887363,10751.205872523502,6256.375807107028,4494.830065416474,0.07781735777031924
42315,0.1258622582027424,5311.734395131413,10766.088383381639,6299.73886218864,4466.3495211929985,0.07778623971613273
42320,0.1258771302644466,5231.303516698902,10779.308232249103,6345.175124051718,4434.133108197385,0.07777968846464688
42325,0.12589200232615083,5150.003047533366,10791.288604461935,6392.883294426528,4398.405310035408,0.0777618948369798
42330,0.12590687438785503,5069.120656906871,10802.523180763577,6442.844163976783,4359.679016786794,0.07772419526780035
42335,0.12592174644955925,4990.263058182433,10813.548322495955,6494.817635000794,4318.730687495161,0.07766623987052092
42340,0.12593661851126345,4915.32409242399,10824.9131361268,6548.357405309071,4276.5557308177285,0.07758800211487497
42345,0.12595149057296767,4846.407659464617,10837.149739999608,6602.841996095173,4234.307743904435,0.07753633735502703
42350,0.1259663626346719,4785.710775679805,10850.746013095932,6657.519698483298,4193.226314612633,0.07747440623860871
42355,0.1259812346963761,4735.377486671658,10866.122797852082,6711.564105315733,4154.558692536349,0.07739325704099136
42360,0.12599610675808032,4697.338363284915,10883.61699050506,6764.136215238537,4119.480775266522,0.07729383704106357
42365,0.1260109788197845,4673.152530125404,10903.471263362164,6814.448670038709,4089.022593323455,0.0771785339724913
42370,0.12602585088148874,4663.86957837455,10925.830438571233,6861.827543494017,4064.0028950772157,0.07711010871767161
42375,0.12604072294319293,4669.92741404209,10950.743897127506,6905.767272273064,4044.976624854442,0.07702597890204979
42380,0.12605559500489716,4691.09923975756,10978.172963723982,6945.974823058888,4032.198140665094,0.07692680244684973
42385,0.12607046706660135,4726.498616350089,11008.002011702256,6982.400003311369,4025.602008390887,0.07699337015548631
42390,0.12608533912830558,4774.646106610376,11040.05207197004,7015.249869842427,4024.802202127613,0.07711206437422663
42395,0.12610021119000978,4833.594703419975,11074.095932572302,7044.986343301345,4029.1095892709563,0.07721163236445264
42400,0.126115083251714,4901.1045970482655,11109.873970260525,7072.307251604548,4037.5667186559776,0.07730355519252127
42405,0.12612995531341822,4974.851505092288,11147.110147044763,7098.111983366784,4048.9981636779785,0.07747146467496605
42410,0.12614482737512242,5052.647519467427,11185.527653141986,7123.453686054372,4062.0739670876137,0.0776229821292029
42415,0.12615969943682664,5132.649946136572,11224.86356515266,7149.480527562647,4075.3830375900134,0.07775831809424112
42420,0.12617457149853084,5213.532540621995,11264.881667904996,7177.36903841268,4087.5126294923157,0.07787762136620749
42425,0.12618944356023507,5294.595307779424,11305.382370264108,7208.253036444209,4097.129333819898,0.07798095450369574
42430,0.12620431562193926,5375.7938395619785,11346.208562467418,7243.152104330799,4103.056458136619,0.07815805617496836
42435,0.12621918768364349,5457.676938716106,11387.246428391849,7282.903943395466,4104.342484996383,0.07832555490516913
42440,0.12623405974534768,5541.231609645374,11428.42069349404,7328.105001752843,4100.315691741196,0.07847617382552591
42445,0.1262489318070519,5627.646553512795,11469.68452526242,7379.063422928723,4090.6211023336973,0.07860919291860427
42450,0.1262638038687561,5718.017759055812,11511.005187629667,7435.767537696377,4075.2376499332904,0.07872379412166107
42455,0.12627867593046033,5813.03086670893,11552.347399097904,7497.871932611023,4054.4754664868806,0.07886322246069406
42460,0.12629354799216455,5912.662699001632,11593.656951189656,7564.701805056134,4028.9551461335222,0.07902966347069237
42465,0.12630842005386875,6015.9468176905775,11634.847338007834,7635.275121763261,3999.5722162445727,0.07917516641720905
42470,0.12632329211557297,6120.843874872677,11675.791841786866,7708.341219344305,3967.4506224425613,0.07929854677557432
42475,0.12633816417727717,6224.246533820993,11716.322740512258,7782.43394793029,3933.888792581968,0.0793986446449716
42480,0.1263530362389814,6322.131756774964,11756.238193757812,7855.937135921972,3900.30105783584,0.07947438407987949
42485,0.1263679083006856,6409.852501352522,11795.316144946075,7927.159846919748,3868.156298026327,0.07961019176387724
42490,0.1263827803623898,6482.539590585819,11833.33349821031,7994.418451864153,3838.9150463461565,0.07972458518466122
42495,0.126397652424094,6535.566452252625,11870.088088499584,8056.121920302108,3813.966168197476,0.07981310677691256
42500,0.12641252448579823,6565.017953926454,11905.42067179172,8110.8560616912155,3794.564610100505,0.07987538201481137
42505,0.12642739654750243,6568.101931940929,11939.23431018318,8157.461935056048,3781.7723751271315,0.07991137721140476
42510,0.12644226860920665,6543.44878956352,11971.509008601786,8195.10351282605,3776.405495775736,0.07995376936691992
42515,0.12645714067091088,6491.259569670134,12002.310119951111,8223.320068036632,3778.9900519144794,0.08002844976550669
42520,0.12647201273261507,6413.283711026093,12031.789724013652,8242.05965485165,3789.730069162002,0.08007960372055702
42525,0.1264868847943193,6312.631020160001,12060.180802251385,8251.691343706687,3808.489458544698,0.08010821263763986
42530,0.1265017568560235,6193.444665415036,12087.784540004346,8252.995349663383,3834.7891903409636,0.08011543393971371
42535,0.12651662891772772,6060.479716851128,12114.951504235143,8247.131642385684,3867.819861849459,0.08010251729832513
42540,0.12653150097943192,5918.641948061504,12142.05780336537,8235.58888417441,3906.4689191909583,0.08019288275315721
42545,0.12654637304113614,5772.5425808257405,12169.477660251125,8220.116522464705,3949.36113778642,0.08026734626713841
42550,0.12656124510284034,5626.116680877175,12197.55411706001,8202.643555794783,3994.9105612652274,0.08032636253400924
42555,0.12657611716454456,5482.338502691628,12226.569812445046,8185.187942481947,4041.3818699630992,0.0803702430595512
42560,0.12659098922624876,5343.050267928209,12256.719885093917,8169.760897787542,4086.958987306375,0.08043319286954363
42565,0.12660586128795298,5208.905791990528,12288.089028135288,8158.270490848993,4129.8185372862945,0.08053305712079503
42570,0.1266207333496572,5079.419807926848,12320.634532611328,8152.429040951938,4168.20549165939,0.08061705124057805
42575,0.1266356054113614,4953.1083538590065,12354.176829449996,8153.668816007787,4200.508013442209,0.08068421020098678
42580,0.12665047747306563,4827.703820539951,12388.398604588507,8163.070405791972,4225.328198796535,0.08073357507401
42585,0.12666534953476982,4700.427916999325,12422.85306664089,8181.307805425645,4241.545261215245,0.08077857389617224
42590,0.12668022159647405,4568.304911426284,12456.981430970665,8208.613631282908,4248.367799687758,0.08087879943570062
42595,0.12669509365817824,4428.495146487211,12490.13917172682,8244.766965971145,4245.372205755675,0.08095774308317828
42600,0.12670996571988247,4278.625381134898,12521.63008808638,8289.1051070141,4232.52498107228,0.08101452890803676
42605,0.12672483778158666,4117.089236514341,12550.746722175138,8340.559043039797,4210.187679135341,0.08104860225050795
42610,0.1267397098432909,3943.289472484944,12576.815143410162,8397.710907061055,4179.104236349107,0.08105975655212835
42615,0.12675458190499508,3757.7952855325175,12599.241585738864,8458.870084491493,4140.371501247371,0.08112592488750993
42620,0.1267694539666993,3562.3930050026493,12617.557934137623,8522.163219654962,4095.3947144826616,0.08118089143328192
42625,0.12678432602840353,3360.0174960224904,12631.462688151441,8585.632213278259,4045.8304748731825,0.08121176763125681
42630,0.12679919809010773,3154.5636334139263,12640.853892188326,8647.333587052326,3993.5203051360004,0.08121917612971642
42635,0.12681407015181195,2950.591188802935,12645.850717826828,8705.432456628334,3940.4182611984943,0.08120402720214148
42640,0.12682894221351615,2752.950631303386,12646.800971948578,8758.284908542724,3888.516063405854,0.08120597014583607
42645,0.12684381427522037,2566.3694749645892,12644.272774496909,8804.503838964585,3839.7689355323237,0.08123755774840481
42650,0.12685868633692457,2395.0464932783334,12639.029914346116,8843.005171244182,3796.0247431019343,0.08124685891971788
42655,0.1268735583986288,2242.3022470209125,12631.991809286419,8873.033571308033,3758.958237978386,0.0812349667544607
42660,0.126888430460333,2110.3278532178274,12624.180402189366,8894.168965180315,3730.0114370090505,0.08128321580431057
42665,0.12690330252203721,2000.0603460471175,12616.657563405335,8906.316945186316,3710.3406182190192,0.08134865296977958
42670,0.1269181745837414,1911.1947515386018,12610.457509104743,8909.687217066175,3700.7702920385673,0.08139607202360137
42675,0.12693304664544564,1842.3237742517813,12606.519291103166,8904.764433659522,3701.754857443644,0.08142608871245388
42680,0.12694791870714986,1791.179554622856,12605.624510232665,8892.275128368954,3713.3493818637107,0.0814942312610458
42685,0.12696279076885406,1754.941033126618,12608.34504264236,8873.15323992964,3735.1918027127213,0.08157492764762903
42690,0.12697766283055828,1730.5660946769767,12615.00478621163,8848.505272322847,3766.4995138887825,0.08163595308799593
42695,0.12699253489226248,1715.1093344312521,12625.658317833584,8819.574851901858,3806.083465931726,0.08167757219163305
42700,0.1270074069539667,1705.9925319533677,12640.08801977403,8787.705645715958,3852.382374058072,0.0817001067923403
42705,0.1270222790156709,1701.204081058805,12657.819815376817,8754.30145554525,3903.518359831567,0.08170394196431165
42710,0.12703715107737512,1699.4142198004329,12678.156276617754,8720.782780771298,3957.3734958464556,0.08170426537500348
42715,0.12705202313907932,1700.0036760859903,12700.22463564392,8688.540064494437,4011.6845711494825,0.08174953957564825
42720,0.12706689520078354,1703.0131136617902,12723.03623248868,8658.884916020663,4064.1513164680164,0.08177255649887732
42725,0.12708176726248774,1709.0284119229318,12745.553217281118,8633.001541152831,4112.551676128287,0.08177370156620667
42730,0.12709663932419196,1719.021447022912,12766.757924091527,8611.901183602095,4154.856740489433,0.0818466151387234
42735,0.1271115113858962,1734.1672620059926,12785.720244262478,8596.382486754494,4189.337757507985,0.08191964334256217
42740,0.12712638344760038,1755.6566120433536,12801.658528014297,8587.000363219762,4214.658164794535,0.08196954628015765
42745,0.1271412555093046,1784.5188189077235,12813.990003991741,8584.045348541695,4229.944655450046,0.08199623326902274
42750,0.1271561275710088,1821.465075869074,12822.36739910563,8587.534682736992,4234.832716368637,0.08199977344106268
42755,0.12717099963271303,1866.7582476759771,12826.699342244561,8597.215628414364,4229.483713830197,0.08205117849518696
42760,0.12718587169441722,1920.1128263448763,12827.153216557605,8612.580823208147,4214.572393349457,0.0820846923219087
42765,0.12720074375612145,1980.6282865719568,12824.140335944974,8632.894725131704,4191.24561081327,0.08209083321054145
42770,0.12721561581782564,2046.7600460629656,12818.284579584404,8657.229388020562,4161.0551915638425,0.08207017801115976
42775,0.12723048787952987,2116.3333780906105,12810.376815087757,8684.506943508843,4125.869871578914,0.08202360382431344
42780,0.12724535994123407,2186.605614771339,12801.318464432283,8713.545462877477,4087.773001554806,0.08196911040573732
42785,0.1272602320029383,2254.379870808294,12792.058330417676,8743.104635661173,4048.953694756503,0.0819725653752474
42790,0.1272751040646425,2316.1690921918944,12783.527259422523,8771.928205184437,4011.599054238086,0.0819481520102094
42795,0.1272899761263467,2368.4030689737774,12776.575359193035,8798.78139339465,3977.7939657983843,0.08189696243059628
42800,0.12730484818805093,2407.6643119915307,12771.916324553096,8822.48333685166,3949.432987701437,0.08184261742817593
42805,0.12731972024975513,2430.932784869441,12770.082951148406,8841.936258502024,3928.146692646382,0.08181631405451556
42810,0.12733459231145935,2435.8156855758752,12771.397130273788,8856.154058663351,3915.2430716104373,0.08176382970142
42815,0.12734946437316355,2420.737672712492,12775.956514876701,8864.292785150297,3911.663729726404,0.08168744849484369
42820,0.12736433643486778,2385.069479427856,12783.638659435293,8865.684031028477,3917.9546284068165,0.0815896862987559
42825,0.12737920849657197,2329.1785455230574,12794.121854620902,8859.870159049497,3934.2516955714054,0.0814732280431192
42830,0.1273940805582762,2254.3934348201865,12806.920260071325,8846.638092723295,3960.2821673480303,0.0813559470709302
42835,0.1274089526199804,2162.883339992787,12821.42949764528,8826.046966045164,3995.3825316001166,0.08129850951954717
42840,0.12742382468168462,2057.463655676297,12836.977830568732,8798.444640444735,4038.533190123997,0.08122454040228551
42845,0.12743869674338884,1941.347126516147,12852.877608727504,8764.469033982745,4088.408574744759,0.08113587627371496
42850,0.12745356880509304,1817.8662855215716,12868.471902337296,8725.032053192954,4143.439849144343,0.08103415480367698
42855,0.12746844086679726,1690.1959173963733,12883.172145228893,8681.286150333844,4201.8859948950485,0.08094056156510619
42860,0.12748331292850146,1561.1036653727724,12896.484010205804,8634.575614098645,4261.908396107159,0.08089210487058138
42865,0.12749818499020568,1432.7527158807334,12908.020398133589,8586.376255778736,4321.644142354853,0.08083138079713742
42870,0.12751305705190988,1306.5733606173271,12917.502065601668,8538.228014568516,4379.274051033151,0.08075918606109567
42875,0.1275279291136141,1183.2112855100859,12924.747801950118,8491.665216362671,4433.082585587446,0.08069829617222564
42880,0.1275428011753183,1062.5511840572053,12929.657034304024,8448.148939238592,4481.508095065432,0.08069684995665573
42885,0.12755767323702252,943.8063478447402,12932.18822688143,8409.005346723727,4523.182880157703,0.0806786631116209
42890,0.12757254529872672,825.6595535724564,12932.336474136406,8375.373084413957,4556.9633897224485,0.0806437655568809
42895,0.12758741736043094,706.4384440465019,12930.113349042394,8348.161975174906,4581.951373867489,0.08059223269628171
42900,0.12760228942213517,584.3093745697652,12925.531460750532,8328.024337198509,4597.507123552023,0.08052422680040745
42905,0.12761716148383936,457.47623801993086,12918.595395619006,8315.339332902484,4603.256062716522,0.08044002652527343
42910,0.1276320335455436,324.3735694902134,12909.299839621646,8310.2099011862,4599.089938435447,0.08037856215053849
42915,0.12764690560724778,183.84493315041072,12897.634773526986,8312.47110853177,4585.163664995216,0.08034703079552355
42920,0.127661777668952,35.297594083189324,12883.59676017593,8321.70823642253,4561.8885237534,0.08029502344905662
42925,0.1276766497306562,-121.17687039295197,12867.204580243339,8337.282621812965,4529.921958430374,0.0802237004851293
42930,0.12769152179236043,-284.7278664627138,12848.51690171724,8358.363159189197,4490.153742528042,0.08022698598817757
42935,0.12770639385406463,-453.72892853694975,12827.649366664496,8383.961416862205,4443.687949802292,0.08021059801143254
42940,0.12772126591576885,-625.8280643155676,12804.78849953317,8412.968497142272,4391.820002390898,0.08017566629952955
42945,0.12773613797747305,-798.0689122645272,12780.200192920627,8444.192095136872,4336.008097783755,0.08012328008395327
42950,0.12775101003917727,-967.0780120857407,12754.231163357032,8476.392704266285,4277.838459090746,0.08005446881440365
42955,0.1277658821008815,-1129.3040594201866,12727.302594323028,8508.318541699846,4218.984052623182,0.08003990223624731
42960,0.1277807541625857,-1281.2863750979077,12699.89606839006,8538.73938279784,4161.156685592221,0.0800286357755594
42965,0.12779562622428992,-1419.9238196051883,12672.53270504305,8566.47987261912,4106.052832423929,0.07999738128128184
42970,0.1278104982859941,-1542.7134011069347,12645.747061566846,8590.45281003589,4055.294251530957,0.07994699084895138
42975,0.12782537034769834,-1647.9304882602346,12620.057761325697,8609.692310217033,4010.3654511086643,0.07987825565498922
42980,0.12784024240940253,-1734.7296060098179,12595.936974195449,8623.385810845608,3972.551163349841,0.07979191679910308
42985,0.12785511447110676,-1803.1551781640828,12573.780816874638,8630.902957299146,3942.877859575492,0.07976691729524173
42990,0.12786998653281095,-1854.0635287901096,12553.882527329983,8631.818882027394,3922.063645302589,0.07973906209709254
42995,0.12788485859451518,-1888.9688764400235,12536.409977612695,8625.92953400133,3910.4804436113645,0.07969016218170012
43000,0.12789973065621937,-1909.8349963631008,12521.388802025625,8613.257501428745,3908.1313005968805,0.07962118055828643
43005,0.1279146027179236,-1918.8393483500731,12508.692186242806,8594.047944744592,3914.644241498214,0.0795330740969668
43010,0.12792947477962782,-1918.1373754465312,12498.038190741076,8568.755439793063,3929.282750948012,0.07942676328412246
43015,0.12794434684133202,-1909.6519287463962,12488.995317365543,8538.023391216864,3950.971926148679,0.07940462024649841
43020,0.12795921890303624,-1894.907556426032,12480.99678608964,8502.658042418687,3978.3387436709527,0.07936241843981232
43025,0.12797409096474044,-1874.9230245318768,12473.363594864062,8463.598999519196,4009.7645953448664,0.07929979058504409
43030,0.12798896302644466,-1850.1688986130512,12465.33586534568,8421.887761170172,4043.448104175508,0.07921750472360652
43035,0.12800383508814886,-1820.5907862418217,12456.111278435645,8378.635215276166,4077.476063159478,0.07911612817577676
43040,0.12801870714985308,-1785.69302456694,12444.88868007111,8334.988610982358,4109.9000690887515,0.07899600103251889
43045,0.12803357921155728,-1744.6722452930153,12430.914314163869,8292.098247957243,4138.816066206626,0.07896336666211702
43050,0.1280484512732615,-1696.5856350474878,12413.527722270785,8251.084071448433,4162.443650822352,0.078911392512617
43055,0.1280633233349657,-1640.5353856302,12392.204203033682,8213.00248501135,4179.201718022332,0.07883664927995934
43060,0.12807819539666992,-1575.8494338151995,12366.590866897437,8178.81392261549,4187.776944281947,0.07873884960071614
43065,0.12809306745837415,-1502.2395259032037,12336.533733719583,8149.351974423187,4187.181759296396,0.07861755466497097
43070,0.12810793952007835,-1419.920819701163,12302.093956197165,8125.295052922146,4176.798903275018,0.07847220780510185
43075,0.12812281158178257,-1329.682046506493,12263.552044985725,8107.141647815216,4156.410397170509,0.0783501742064695
43080,0.12813768364348677,-1232.90077963994,12221.399841596849,8095.1901073380295,4126.2097342588195,0.07826607030415593
43085,0.128152555705191,-1131.5037135823077,12176.320842400306,8089.523607237367,4086.7972351629387,0.07815363407836508
43090,0.1281674277668952,-1027.8764934287274,12129.160230299945,8090.00059554425,4039.159634755695,0.0780126804108762
43095,0.1281822998285994,-924.7314062194428,12080.88654239214,8096.250656631865,3984.6358857602745,0.07784320046457041
43100,0.1281971718903036,-824.9442838329169,12032.547245296537,8107.675568919659,3924.871676376878,0.07764539703960671
43105,0.12821204395200783,-731.3744123584647,11985.220602723468,8123.455448164792,3861.765154558676,0.0774197089216062
43110,0.12822691601371203,-646.6830316246424,11939.966147660076,8142.560287237011,3797.405860423065,0.07718218705798459
43115,0.12824178807541625,-573.1668175560008,11897.77589472304,8163.767806927551,3734.008087795489,0.07702002001142913
43120,0.12825666013712048,-512.6221143194707,11859.528234884903,8185.689088564582,3673.8391463203216,0.07683285406246786
43125,0.12827153219882467,-466.25325951479317,11825.9463087679,8206.803689498764,3619.142619269136,0.07662215554149977
43130,0.1282864042605289,-434.63406385316193,11797.562570657892,8225.505622924351,3572.056947733541,0.07638940381327224
43135,0.1283012763222331,-417.7257168086344,11774.69119245562,8240.16063482259,3534.53055763303,0.07624678010853721
43140,0.12831614838393732,-414.94782800184294,11757.409834582935,8249.173740693626,3508.236093889309,0.07622503607956911
43145,0.1283310204456415,-425.29296176131356,11745.552043159716,8251.064263765518,3494.487779394198,0.07618036807510906
43150,0.12834589250734574,-447.4698930868544,11738.711066252325,8244.544000383663,3494.1670658686617,0.07614647633306305
43155,0.12836076456904993,-480.0577298535154,11736.255225233477,8228.592968420437,3507.6622568130406,0.0762599999622158
43160,0.12837563663075416,-521.6524645153386,11737.354206197455,8202.526709951682,3534.8274962457726,0.07635396301485899
43165,0.12839050869245835,-570.9894504102795,11741.014874244553,8166.049406986903,3574.96546725765,0.07642788627140466
43170,0.12840538075416258,-627.0293438393473,11746.124591324891,8119.288058812796,3626.836532512095,0.07648138781575407
43175,0.1284202528158668,-689.0005214275025,11751.499633325033,8062.804470257876,3688.6951630671565,0.07651420472858114
43180,0.128435124877571,-756.3970392967458,11755.936188632239,7997.583559676293,3758.352628955946,0.07652620997474473
43185,0.12844999693927522,-828.9370045384148,11758.261545183066,7924.998266554587,3833.2632786284794,0.07651742095700191
43190,0.12846486900097942,-906.4910288024566,11757.383352668057,7846.752931493207,3910.63042117485,0.07648799767488275
43195,0.12847974106268364,-988.9936369566476,11752.335179604153,7764.808329111715,3987.526850492439,0.07643823017312644
43200,0.12849461312438784,-1076.3517334195276,11742.316885087632,7681.292528401634,4061.024356685998,0.07636851660842159
43205,0.12850948518609207,-1168.3633661462918,11726.7285448666,7598.402455342471,4128.32608952413,0.07644022940530693
43210,0.12852435724779626,-1264.6572384398796,11705.19680995663,7518.301469199848,4186.8953407567815,0.07653621627311984
43215,0.12853922930950049,-1364.6591567860169,11677.592670724944,7443.018444452301,4234.574226272643,0.07661443498650326
43220,0.12855410137120468,-1467.5865865037495,11644.039707538637,7374.353748429552,4269.685959109085,0.07667455073261056
43225,0.1285689734329089,-1572.4676256406128,11604.912088310077,7313.79707414983,4291.115014160247,0.07671624081918486
43230,0.12858384549461313,-1678.1769600999396,11560.821866451926,7262.461297085099,4298.360569366827,0.07673918586769604
43235,0.12859871755631733,-1783.479525356378,11512.595559124855,7221.035397384126,4291.560161740729,0.07674306417366081
43240,0.12861358961802155,-1887.0730704729813,11461.240535824658,7189.758130516927,4271.482405307731,0.07672754922410327
43245,0.12862846167972575,-1987.62342947856,11407.902381049515,7168.412720672373,4239.489660377141,0.07669231003344129
43250,0.12864333374142997,-2083.790309883553,11353.815042101487,7156.341608953519,4197.473433147968,0.076637013757254
43255,0.12865820580313417,-2174.245671925717,11300.246144121622,7152.479397176368,4147.7667469452535,0.07666892683601516
43260,0.1286730778648384,-2257.690089798719,11248.44025928661,7155.401674499258,4093.038584787352,0.07675775857015667
43265,0.1286879499265426,-2332.8739317103646,11199.563090305835,7163.38734902399,4036.175741281845,0.07683468304215615
43270,0.1287028219882468,-2398.6293730012067,11154.649450107137,7174.492256046903,3980.1571940602344,0.07689068850613914
43275,0.128717694049951,-2453.9163809987785,11114.55762066862,7186.631939941417,3927.925680727203,0.07692511263356837
43280,0.12873256611165523,-2497.8816155366594,11079.932222354693,7197.671391244374,3882.2608311103195,0.07693737524587393
43285,0.12874743817335946,-2529.924716119189,11051.177199750886,7205.519052715561,3845.658147035325,0.07692698215695595
43290,0.12876231023506365,-2549.7627919268443,11028.439993820635,7208.2216282797535,3820.2183655408817,0.07689352691541965
43295,0.12877718229676788,-2557.482012903486,11011.60745482808,7204.055325916632,3807.5521289114477,0.07683669067374564
43300,0.12879205435847207,-2553.565573361854,11000.313556691244,7191.608424398103,3808.705132293141,0.07675624060256472
43305,0.1288069264201763,-2538.8900265011935,10993.958483635763,7169.849769402166,3824.1087142335964,0.07668439857034048
43310,0.1288217984818805,-2514.6865868426576,10991.738156061538,7138.178189771541,3853.5599662899967,0.07666570628327461
43315,0.12883667054358472,-2482.4695011781205,10992.682741414985,7096.448938939716,3896.233802475269,0.07667991331073741
43320,0.12885154260528892,-2443.9387529014475,10995.702181029852,7044.974990541515,3950.7271904883373,0.07670035621460414
43325,0.12886641466699314,-2400.8680003275176,10999.636308765192,6984.50308399842,4015.1332247667715,0.07670033529682482
43330,0.12888128672869734,-2354.9899894321215,11003.30681867451,6916.166488503675,4087.140330170834,0.0766798964782528
43335,0.12889615879040156,-2307.890635360681,11005.568238624517,6841.4182209519295,4164.150017672588,0.0766391080470312
43340,0.12891103085210578,-2260.9201481724285,11005.355243278142,6761.949706091996,4243.405537186146,0.07657803967218199
43345,0.12892590291380998,-2215.126063900224,11001.724100005935,6679.60053177877,4322.1235682271645,0.0764967407118466
43350,0.1289407749755142,-2171.2099615337484,10993.886723801312,6596.265073528594,4397.6216502727175,0.0763952190087959
43355,0.1289556470372184,-2129.507762700121,10981.236599098964,6513.8014553434905,4467.435143755473,0.07627425266505171
43360,0.12897051909892263,-2089.992965547829,10963.366552636957,6433.947707688964,4529.4188449479925,0.07626639289899693
43365,0.12898539116062682,-2052.30249172448,10940.078889874783,6358.2491849363905,4581.829704938393,0.07623861784154795
43370,0.12900026322233105,-2015.7852078632532,10911.38865109529,6288.000383682558,4623.388267412733,0.07623066733835326
43375,0.12901513528403524,-1979.5728373426327,10877.520697083726,6224.203302798361,4653.3173942853655,0.07624896410537031
43380,0.12903000734573947,-1942.6714907026653,10838.901076529892,6167.543438993262,4671.35763753663,0.07625067554151344
43385,0.12904487940744366,-1904.06952179549,10796.142797415432,6118.383456002598,4677.759341412834,0.07623458395738435
43390,0.1290597514691479,-1862.854410158604,10750.025882828542,6076.773547617566,4673.2523352109765,0.07619936756121527
43395,0.1290746235308521,-1818.328631713559,10701.471570622083,6042.476583826863,4658.99498679522,0.07614364398656866
43400,0.1290894955925563,-1770.112711855074,10651.510778245589,6015.005329176635,4636.505449068954,0.07606601571499769
43405,0.12910436765426053,-1718.2233451600923,10601.247464749298,5993.668389157263,4607.579075592035,0.07610751496499628
43410,0.12911923971596473,-1663.1158449405639,10551.8181558156,5977.621108304258,4574.197047511341,0.07615654239434096
43415,0.12913411177766895,-1605.6832445541495,10504.349475154291,5965.917455199667,4538.432019954625,0.07618252392630456
43420,0.12914898383937315,-1547.2088731735703,10459.915873948428,5957.559039722512,4502.356834225916,0.07618377999518529
43425,0.12916385590107737,-1489.2746880954146,10419.499764039314,5951.537874106725,4467.961889932589,0.07620105877681893
43430,0.12917872796278157,-1433.6333346509891,10383.955938878822,5946.870344259963,4437.085594618859,0.07622276273152878
43435,0.1291936000244858,-1382.0569296961676,10353.981607654801,5942.621072466457,4411.360535188344,0.07621895098879458
43440,0.12920847208619,-1336.1790431540894,10330.092731198993,5937.91680687863,4392.175924320362,0.07618802255006947
43445,0.12922334414789421,-1297.347638216127,10312.606795047488,5931.951952706222,4380.654842341266,0.07612845921549126
43450,0.12923821620959844,-1266.505593747661,10301.631800099012,5923.9885915552295,4377.643208543783,0.07622267980314658
43455,0.12925308827130264,-1244.1121107525096,10297.061136375287,5913.354556554307,4383.70657982098,0.07631118047845002
43460,0.12926796033300686,-1230.1134098616512,10298.574100180354,5899.443170213416,4399.130929966938,0.07637113524802516
43465,0.12928283239471106,-1223.9654475381503,10305.642038085825,5881.717587496648,4423.9244505891775,0.07640057206222249
43470,0.12929770445641528,-1224.7056735829483,10317.540348631137,5859.721458017734,4457.818890613403,0.07639754859142443
43475,0.12931257651811948,-1231.065724255569,10333.36674517969,5833.0960903345995,4500.270654845091,0.07639492826153464
43480,0.1293274485798237,-1241.612821101642,10352.066206826948,5801.602778272941,4550.463428554008,0.07638609421196758
43485,0.1293423206415279,-1254.9048349015775,10372.46288163419,5765.147714407614,4607.315167226576,0.0763510497181834
43490,0.12935719270323212,-1269.6427192103592,10393.29886050063,5723.806162203326,4669.492698297305,0.07637757038486111
43495,0.12937206476493632,-1284.8044874102834,10413.279247491948,5677.842366474598,4735.43688101735,0.07641604057407626
43500,0.12938693682664054,-1299.7471261113697,10431.122371816937,5627.722024550417,4803.40034726652,0.07651506933783238
43505,0.12940180888834477,-1314.2666097372785,10445.61338420468,5574.1149062550985,4871.498477949582,0.07658064152241108
43510,0.12941668095004896,-1328.6110599726471,10455.65892028685,5517.8862366225,4937.772683664351,0.0766102307800254
43515,0.1294315530117532,-1343.4474300735374,10460.340054335715,5460.0765631871145,5000.2634911486,0.07660138388204081
43520,0.12944642507345738,-1359.7871460259757,10458.960464096233,5401.870862056294,5057.08960203994,0.07655176744726573
43525,0.1294612971351616,-1378.8801994695086,10451.086637092807,5344.558482697428,5106.528154395379,0.07654828770571442
43530,0.1294761691968658,-1402.0897201577618,10436.577122564704,5289.486135383144,5147.09098718156,0.0766071091285146
43535,0.12949104125857003,-1430.7597809623358,10415.598306540862,5238.006477253205,5177.591829287657,0.076663145859934
43540,0.12950591332027422,-1466.0881628543011,10388.624959338313,5191.424963701136,5197.1999956371765,0.07671929692203852
43545,0.12952078538197845,-1509.0134377622517,10356.424820094786,5150.9475128931645,5205.477307201621,0.07678764576469567
43550,0.12953565744368264,-1560.1227072564316,10320.027629407885,5117.631195460762,5202.396433947123,0.07685278152180278
43555,0.12955052950538687,-1619.5834754766947,10280.680146940138,5092.339645815782,5188.340501124356,0.07691442072223931
43560,0.1295654015670911,-1687.1011204793767,10239.789642429345,5075.704288321717,5164.085354107628,0.07697220248109603
43565,0.1295802736287953,-1761.9025716059377,10198.859015206992,5068.091939631757,5130.767075575235,0.07702572508254527
43570,0.1295951456904995,-1842.746911557876,10159.417042267001,5069.57908179318,5089.837960473821,0.07707458795761622
43575,0.1296100177522037,-1927.96407004731,10122.947317359729,5079.933254410695,5043.014062949034,0.07711843370990878
43580,0.12962488981390793,-2015.5227442292771,10090.819308886405,5098.602614440544,4992.21669444586,0.077169881335269
43585,0.12963976187561213,-2103.1275114491636,10064.224717763374,5124.715597714354,4939.509120049021,0.0772409067533825
43590,0.12965463393731635,-2188.3425784986066,10044.122004891837,5157.093450147591,4887.028554744245,0.07730672078175843
43595,0.12966950599902055,-2268.736074730741,10031.191581079862,5194.2787600541715,4836.91282102569,0.07736740038491646
43600,0.12968437806072478,-2342.035020776657,10025.803684985847,5234.582660646,4791.221024339848,0.07742309700761511
43605,0.12969925012242897,-2406.2780466443182,10028.000403578268,5276.151930683297,4751.848472894971,0.07749055424795104
43610,0.1297141221841332,-2459.9514307049885,10037.492638721986,5317.054925560213,4720.437713161773,0.07755334936219178
43615,0.12972899424583742,-2502.094572923618,10053.672150480304,5355.382502631811,4698.289647848494,0.07761152031003149
43620,0.12974386630754162,-2532.3636340264193,10075.638174418276,5389.3574000557,4686.280774362576,0.0776652875687546
43625,0.12975873836924584,-2551.0463619516777,10102.237547909732,5417.443435950998,4684.794111958734,0.07771484541365371
43630,0.12977361043095004,-2559.0263612376048,10132.11677471677,5438.444841506209,4693.67193321056,0.07776034900701513
43635,0.12978848249265426,-2557.700368589719,10163.783962990605,5451.586250080702,4712.197712909903,0.07780190349756162
43640,0.12980335455435846,-2548.8566582877475,10195.678051851875,5456.565328229613,4739.112723622262,0.07783955417924988
43645,0.12981822661606268,-2534.525924518145,10226.242202708017,5453.572546272929,4772.669656435089,0.0779077979962659
43650,0.12983309867776688,-2516.8176284361916,10253.997739457158,5443.275793116547,4810.721946340611,0.07798112589278902
43655,0.1298479707394711,-2497.7549719059025,10277.614685314193,5426.771012791142,4850.84367252305,0.0780499864472256
43660,0.1298628428011753,-2479.1207584775566,10295.974876178088,5405.503337589724,4890.471538588365,0.07811409651633228
43665,0.12987771486287952,-2462.3249279976217,10308.22390736228,5381.165920373639,4927.0579869886415,0.07817765250369106
43670,0.12989258692458375,-2448.302936937732,10313.808805558505,5355.585525827183,4958.223279731322,0.0782481097662431
43675,0.12990745898628794,-2437.4526189973003,10312.499259673947,5330.604751985071,4981.894507688876,0.07831267025532436
43680,0.12992233104799217,-2429.615640457184,10304.391393789112,5307.97048447496,4996.420909314152,0.07837088107753488
43685,0.12993720310969636,-2424.107860307602,10289.894302614148,5289.236938160745,5000.657364453403,0.07842228172008885
43690,0.1299520751714006,-2419.8003947721663,10269.70077408168,5275.689630032479,4994.011144049202,0.07846643744018032
43695,0.12996694723310478,-2415.2496027396255,10244.744685998907,5268.294147229368,4976.450538769539,0.07850297730914602
43700,0.129981819294809,-2408.869424648711,10216.148388018973,5267.670952525343,4948.477435493631,0.07853163330918893
43705,0.1299966913565132,-2399.133782056453,10185.163884904483,5274.09502255932,4911.068862345163,0.07860004309034864
43710,0.13001156341821743,-2384.790793445366,10153.111763524215,5287.517106438309,4865.594657085906,0.0786629305940743
43715,0.13002643547992163,-2365.065502117721,10121.321538032702,5307.602007742855,4813.719530289847,0.07871821047319329
43720,0.13004130754162585,-2339.8249726125805,10091.076473083001,5333.778614527974,4757.297858555027,0.07877395450958152
43725,0.13005617960333007,-2309.6802123226407,10063.565104426749,5365.2964051190365,4698.268699307712,0.07883535368125939
43730,0.13007105166503427,-2276.004159805345,10039.84078420253,5401.283717685015,4638.557066517515,0.0788900268153367
43735,0.1300859237267385,-2240.8539199513652,10020.789813722666,5440.803989359344,4579.985824363322,0.07893856679889888
43740,0.1301007957884427,-2206.7975865875533,10007.108212424784,5482.907215014589,4524.200997410195,0.07898166118750369
43745,0.13011566785014692,-2176.659646309987,9999.286928927006,5526.674837720171,4472.6120912068345,0.07902004943889464
43750,0.1301305399118511,-2153.2118873926893,9997.60524533164,5571.257025199219,4426.348220132421,0.0790544745367161
43755,0.13014541197355534,-2138.846673663057,10002.132113812826,5615.9017723793,4386.230341433526,0.07908563258126187
43760,0.13016028403525953,-2135.2745052477494,10012.735058054424,5659.975558200669,4352.759499853755,0.07916245799354645
43765,0.13017515609696376,-2143.286851285551,10029.096004385263,5702.975492284552,4326.120512100711,0.07923995287985112
43770,0.13019002815866795,-2162.6181615308087,10050.733007267168,5744.533132299214,4306.199874967954,0.07931510999026208
43775,0.13020490022037218,-2191.928642652273,10077.026406340852,5784.410502424171,4292.615903916681,0.07939984690976085
43780,0.1302197722820764,-2228.9136409794537,10107.247630070566,5822.489284082236,4284.75834598833,0.07948709599534161
43785,0.1302346443437806,-2270.528745435495,10140.588751718762,5858.754598206815,4281.834153511947,0.07957124615237919
43790,0.13024951640548482,-2313.3046141061977,10176.191056611779,5893.275139844692,4282.915916767087,0.07965191286768691
43795,0.13026438846718902,-2353.7142784116295,10213.171280842538,5926.181569152228,4286.98971169031,0.07972856710488993
43800,0.13027926052889324,-2388.549736012711,10250.644764873887,5957.644978009946,4292.999786863941,0.07980056674356822
43805,0.13029413259059744,-2415.264449817236,10287.745432168307,5987.856978518453,4299.8884536498545,0.07986719691239298
43810,0.13030900465230166,-2432.2434448035638,10323.643136093608,6017.012584674845,4306.6305514187625,0.0799277158703989
43815,0.13032387671400586,-2438.9719269525276,10357.55939543533,6045.296672279908,4312.262723155422,0.08001679593601962
43820,0.13033874877571008,-2436.0853411603975,10388.782748402933,6072.874464581883,4315.90828382105,0.0801180663574337
43825,0.13035362083741428,-2425.2970962779955,10416.684823378571,6099.886218121468,4316.798605257103,0.08021165488343114
43830,0.1303684928991185,-2409.2134387295264,10440.737747445066,6126.446057137483,4314.291690307583,0.08029700195980123
43835,0.13038336496082273,-2391.056866829732,10460.53277799865,6152.644697679361,4307.888080319288,0.08038826676265712
43840,0.13039823702252692,-2374.3288897483117,10475.79922159045,6178.55559556679,4297.243626023661,0.08047378434550034
43845,0.13041310908423115,-2362.4489022557864,10486.422015542743,6204.243844158955,4282.178171383788,0.08055009963010029
43850,0.13042798114593535,-2358.407848350349,10492.455985618188,6229.776951863294,4262.679033754894,0.08061716284870946
43855,0.13044285320763957,-2364.472989559983,10494.134855207161,6255.236467234409,4238.898387972752,0.08067504540184448
43860,0.13045772526934377,-2381.9737639418026,10491.873528769254,6280.729316768055,4211.1442120012,0.0807239178269721
43865,0.130472597331048,-2411.189177131482,10486.262838891465,6306.397702844312,4179.865136047153,0.08076981189996178
43870,0.1304874693927522,-2451.3455584570293,10478.056605815456,6332.426496880982,4145.630108934474,0.08085983495315845
43875,0.1305023414544564,-2500.7212439127725,10468.151317437905,6359.047260512184,4109.104056925721,0.0809417888397238
43880,0.1305172135161606,-2556.84327658824,10457.558918356153,6386.538314417272,4071.0206039388813,0.08101589777279332
43885,0.13053208557786483,-2616.751865898492,10447.373165478264,6415.220600297915,4032.1525651803495,0.08108867550046772
43890,0.13054695763956906,-2677.302123387799,10438.729941487221,6445.4493795883145,3993.280561898907,0.08116555559532072
43895,0.13056182970127325,-2735.4700536785103,10432.762017627805,6477.602026008014,3955.159991619791,0.08123499387760555
43900,0.13057670176297748,-2788.630984006204,10430.549157740885,6512.062281283735,3918.48687645715,0.08129725079345149
43905,0.13059157382468167,-2834.783155723876,10433.065162685085,6549.201392990006,3883.863769695079,0.08135260040204449
43910,0.1306064458863859,-2872.696314820425,10441.124342852756,6589.356621395713,3851.767721457043,0.08140132056414386
43915,0.1306213179480901,-2901.973886876368,10455.330763503956,6632.807772031897,3822.5229914720594,0.08144367745085315
43920,0.13063619000979432,-2923.0267562265954,10476.034200949423,6679.752721418045,3796.281479531378,0.08152759785079028
43925,0.1306510620714985,-2936.965924371735,10503.296890319098,6730.283321452552,3773.013568866546,0.08161802466545723
43930,0.13066593413320274,-2945.429613030531,10536.874739634393,6784.363493905689,3752.511245728704,0.08170289876597912
43935,0.13068080619490693,-2950.366949397283,10576.215739499701,6841.811632235646,3734.404107264055,0.08178208936188124
43940,0.13069567825661116,-2953.8045079876265,10620.476925637775,6902.289504861221,3718.187420776554,0.0818691789398886
43945,0.13071055031831538,-2957.62311440141,10668.559645607766,6965.299646023195,3703.2599995845703,0.08195117905062277
43950,0.13072542238001958,-2963.3701929870504,10719.161275203262,7030.192732270412,3688.9685429328492,0.08202603758710887
43955,0.1307402944417238,-2972.1277661377744,10770.840150045324,7096.1857255270725,3674.6544245182513,0.08209315940015424
43960,0.130755166503428,-2984.4486408081857,10822.08949388865,7162.390692776445,3659.6988011122057,0.0821518547846081
43965,0.13077003856513222,-3000.3643232114755,10871.415618224799,7227.853270473877,3643.5623477509216,0.08220136247985926
43970,0.13078491062683642,-3019.4589211949624,10917.415621623124,7291.5988150328385,3625.8168065902855,0.0822818043667311
43975,0.13079978268854064,-3040.994898483741,10958.850136478497,7352.683461535712,3606.166674942785,0.0823734236553913
43980,0.13081465475024484,-3064.0701600350394,10994.70722051432,7410.246700359653,3584.4605201546665,0.08246248281188935
43985,0.13082952681194907,-3087.7825361463038,11024.25414318846,7463.561770289937,3560.692372898523,0.08267155031242379
43990,0.13084439887365326,-3111.377910686626,11047.07449365035,7512.080223246994,3534.9942704033565,0.08277237450577297
43995,0.13085927093535749,-3134.3620599858114,11063.088724227367,7555.467450597347,3507.6212736300204,0.0827856922791
44000,0.1308741429970617,-3156.5630813837315,11072.556984896773,7593.626711897155,3478.930272999619,0.08290498596352026
44005,0.1308890150587659,-3178.1397753846313,11076.063962414613,7626.710144862016,3449.3538175525973,0.082903725331915
44010,0.13090388712047013,-3199.5397880968867,11074.486445172866,7655.1161984231885,3419.370246749678,0.0827746288931123
44015,0.13091875918217433,-3221.4180617332813,11068.945454315337,7679.473775734403,3389.471678580934,0.08274350686657923
44020,0.13093363124387855,-3244.530058235244,11060.745896362416,7700.614027169758,3360.131869192658,0.08287756631484296
44025,0.13094850330558275,-3269.6150404293485,11051.307633296658,7719.5312152644765,3331.776418032181,0.08317721814999954
44030,0.13096337536728697,-3297.2829886289346,11042.092464429665,7737.334482967255,3304.7579814624096,0.08344472105131949
44035,0.13097824742899117,-3327.915605578075,11034.531659455997,7755.192813288549,3279.3388461674485,0.08360942396876256
44040,0.1309931194906954,-3361.588499610507,11029.958355010569,7774.276037910865,3255.682317099704,0.08366269498981883
44045,0.1310079915523996,-3398.0188894040966,11029.548401308495,7795.695386074259,3233.8530152342364,0.08376072405439688
44050,0.1310228636141038,-3436.5413774182634,11034.272259110969,7820.447590474157,3213.824668636812,0.08377657219681539
44055,0.13103773567580804,-3476.1133331649507,11044.859463048304,7849.36673840424,3195.492724644064,0.08365862377898398
44060,0.13105260773751223,-3515.3507277447598,11061.776138210089,7883.087652991796,3178.688485218293,0.08340151434102279
44065,0.13106747979921646,-3552.59428372618,11085.21520521158,7922.023517958539,3163.191687253041,0.08328064235203926
44070,0.13108235186092065,-3586.0040780491827,11115.098314684043,7966.358820030313,3148.7394946537297,0.08362492433011606
44075,0.13109722392262488,-3613.6780764424084,11151.088246035331,8016.056765326078,3135.0314807092536,0.08385820289899193
44080,0.13111209598432907,-3633.7867000781234,11192.610462394421,8070.878534484575,3121.7319279098465,0.08397051223736077
44085,0.1311269680460333,-3644.7120603219055,11238.882653317842,8130.410477188777,3108.472176129065,0.08397321171490581
44090,0.1311418401077375,-3645.1778818409875,11288.9512960258,8194.094886921881,3094.856409103919,0.08398172939451919
44095,0.13115671216944172,-3634.355355550657,11341.734387786886,8261.260411234083,3080.473976552803,0.0838432432012904
44100,0.13117158423114592,-3611.9319048719526,11396.069434993216,8331.149287966557,3064.92014702666,0.08355480978273609
44105,0.13118645629285014,-3578.1341657514813,11450.765478191126,8402.94012894384,3047.825349247287,0.08345934801773636
44110,0.13120132835455436,-3533.7026641233506,11504.657418302215,8475.766504822883,3028.890913479332,0.08374523247769212
44115,0.13121620041625856,-3479.8224234718764,11556.660296980948,8548.732767244064,3007.927529736884,0.08390101197755866
44120,0.13123107247796278,-3418.0195842792536,11605.82063337526,8620.929158399567,2984.891474975693,0.08391859578157515
44125,0.13124594453966698,-3350.0379197511174,11651.36159709581,8691.448253829716,2959.9133432660947,0.0837935814611525
44130,0.1312608166013712,-3277.710372001393,11692.718829299374,8759.404263354832,2933.3145659445418,0.08352567639435618
44135,0.1312756886630754,-3202.839550766059,11729.564161254786,8823.955875778032,2905.6082854767537,0.0831188872715406
44140,0.13129056072477963,-3127.0981340199714,11761.815286649471,8884.332402482063,2877.482884167408,0.08322009206748752
44145,0.13130543278648382,-3051.9560875787374,11789.630513290573,8939.862150291578,2849.768362998995,0.08335168351856144
44150,0.13132030484818805,-2978.637383385858,11813.388910176596,8990.001364401513,2823.3875457750837,0.08337841671367949
44155,0.13133517690989224,-2908.105141983242,11833.657339352541,9034.361776800659,2799.2955625518825,0.083319171802794
44160,0.13135004897159647,-2841.071375787984,11851.14690904699,9072.734753731327,2778.412155315662,0.08310643167312678
44165,0.1313649210333007,-2778.0260349607697,11866.662227287428,9105.110193940947,2761.552033346481,0.08274286023355033
44170,0.1313797930950049,-2719.2798036930108,11881.047414926641,9131.68861484762,2749.3588000790205,0.08269167434158836
44175,0.1313946651567091,-2665.0156822116505,11895.133102708427,9152.885220004404,2742.247882704023,0.0828366046533992
44180,0.1314095372184133,-2615.3452212106067,11909.688545137073,9169.325138973003,2740.3634061640696,0.08283302698363917
44185,0.13142440928011753,-2570.365753711203,11925.382510888088,9181.829459491602,2743.553051396486,0.08267833222703543
44190,0.13143928134182173,-2530.2147497753867,11942.755768380659,9191.392123474763,2751.363644905896,0.08237530534167896
44195,0.13145415340352595,-2495.1165864852946,11962.206834307213,9199.14821274348,2763.058621563734,0.08193197128331521
44200,0.13146902546523015,-2465.4160912518464,11983.991293561008,9206.334574729917,2777.656718831091,0.08209142282718157
44205,0.13148389752693437,-2441.5929186803005,12008.233564309041,9214.244099924637,2793.9894643844036,0.08210926675569939
44210,0.13149876958863857,-2424.2517993609044,12034.948625225577,9224.175246138639,2810.773379086939,0.081978726963847
44215,0.1315136416503428,-2414.0861937705977,12064.070106401616,9237.378621840697,2826.691484560919,0.08170328886748397
44220,0.13152851371204702,-2411.8166043032716,12095.480431640475,9255.002624462502,2840.477807177973,0.08129139333711556
44225,0.13154338577375121,-2418.109000923325,12129.038523968638,9278.040311118255,2850.9982128503834,0.08124833637297578
44230,0.13155825783545544,-2433.48255848978,12164.601028870846,9307.279863355843,2857.3211655150026,0.08125398623889758
44235,0.13157312989715964,-2458.218336689558,12202.034062801587,9343.261158519601,2858.7729042819865,0.08111120119300681
44240,0.13158800195886386,-2492.2811276040284,12241.214040498158,9386.241009731359,2854.9730307667996,0.08082444080299135
44245,0.13160287402056806,-2535.2653423282063,12282.017952360626,9436.169509618905,2845.8484427417206,0.08040297009970711
44250,0.13161774608227228,-2586.3728015194147,12324.305262904996,9492.679559305165,2831.6257035998315,0.08029143779788436
44255,0.13163261814397648,-2644.426230591407,12367.895081145236,9555.091077726243,2812.8040034189926,0.08023441732736468
44260,0.1316474902056807,-2707.9178826182488,12412.543162134125,9622.430605285826,2790.1125568482985,0.08002756539093601
44265,0.1316623622673849,-2775.0887347302696,12457.923485362202,9693.466108911009,2764.4573764511933,0.07967831092946828
44270,0.13167723432908912,-2844.030647300271,12503.618599063613,9766.755843473618,2736.862755589995,0.07933089746137215
44275,0.13169210639079335,-2912.8019695521525,12549.121727163742,9840.709207615644,2708.4125195480974,0.07915145366832463
44280,0.13170697845249754,-2979.546278237196,12593.852016451243,9913.656725405439,2680.195291045804,0.07896578507657748
44285,0.13172185051420177,-3042.60405688247,12637.18251875998,9983.925656353456,2653.2568624065243,0.07877337785322823
44290,0.13173672257590596,-3100.607982416599,12678.478818917349,10049.917338727675,2628.5614801896736,0.07857361205447012
44295,0.1317515946376102,-3152.5540139222276,12717.144847917396,10110.182233891763,2606.9626140256332,0.07836579613974702
44300,0.13176646669931438,-3197.842692745491,12752.671498547626,10163.488759046688,2589.1827395009386,0.07814920956482435
44305,0.1317813387610186,-3236.2879421394555,12784.683242953097,10208.88233748707,2575.800905466027,0.07792315136223514
44310,0.1317962108227228,-3268.093995882181,12812.978029545184,10245.73160668741,2567.2464228577737,0.07768699175016303
44315,0.13181108288442703,-3293.8044517106846,12837.556262644384,10273.759354361826,2563.7969082825584,0.07744022303558298
44320,0.13182595494613122,-3314.2302497089067,12858.6355765823,10293.056466220309,2565.5791103619904,0.07718250554721894
44325,0.13184082700783545,-3330.3650736907775,12876.649330968494,10304.077949765247,2572.5713812032463,0.07691370421794635
44330,0.13185569906953967,-3343.296967986151,12892.22818592718,10307.620938104074,2584.607247823107,0.07663391187513381
44335,0.13187057113124387,-3354.1239179249187,12906.165654120521,10304.78546458597,2601.3801895345514,0.07637992729727228
44340,0.1318854431929481,-3363.879158937919,12919.370034089112,10296.919710548329,2622.450323540783,0.07611786946131936
44345,0.1319003152546523,-3373.469643597652,12932.806453340936,10285.552332313064,2647.2541210278723,0.07584592653333032
44350,0.1319151873163565,-3383.6289891114193,12947.433737611096,10272.315329906736,2675.11840770436,0.0755649185616731
44355,0.1319300593780607,-3394.884762707805,12964.14134993269,10258.861677605624,2705.279672327066,0.07527577907942663
44360,0.13194493143976493,-3407.539294244364,12983.691635807056,10246.782522399883,2736.909113407173,0.0749794994236643
44365,0.13195980350146913,-3421.663233407564,13006.67206176472,10237.529069768054,2769.1429919966668,0.07467707235077681
44370,0.13197467556317335,-3437.1015014946743,13033.46110563287,10232.344198864637,2801.116906768233,0.07436943978089403
44375,0.13198954762487755,-3453.4917523827207,13064.210068613007,10232.208281243078,2832.001787369929,0.07405744866627098
44380,0.13200441968658178,-3470.295610663765,13098.841494616052,10237.802584511126,2861.038910104926,0.07388491798470745
44385,0.132019291748286,-3486.842567941895,13137.06328736457,10249.49209632231,2887.5711910422597,0.0739270105771875
44390,0.1320341638099902,-3502.385422085372,13178.396201017787,10267.327792099984,2911.068408917803,0.07390920688434476
44395,0.13204903587169442,-3516.1646355526245,13222.211319300857,10291.066564289507,2931.14475501135,0.07388272180219542
44400,0.13206390793339862,-3527.477218292437,13267.773562939105,10320.205526119978,2947.568036819126,0.07393855160224544
44405,0.13207877999510284,-3535.7440801134035,13314.287237461911,10354.026437964301,2960.2607994976097,0.07403784761081221
44410,0.13209365205680704,-3540.568690095498,13360.940123193337,10391.645700188274,2969.2944230050634,0.07409943563958782
44415,0.13210852411851126,-3541.77974958294,13406.94349059724,10432.06568691538,2974.8778036818585,0.07417944149714216
44420,0.13212339618021546,-3539.451710073873,13451.566495692348,10474.224005031994,2977.342490660354,0.07428891322429745
44425,0.13213826824191968,-3533.899361003726,13494.164439660226,10517.038321673106,2977.12611798712,0.07434261134595925
44430,0.13215314030362388,-3525.6460599457096,13534.201157027388,10559.44547663713,2974.755680390259,0.07437483899145846
44435,0.1321680123653281,-3515.3688872015528,13571.266196597193,10600.4345040123,2970.831692584892,0.07448961172778035
44440,0.13218288442703233,-3503.8273628187026,13605.087452470656,10639.07383467964,2966.0136177910153,0.07454227659270404
44445,0.13219775648873652,-3491.784727069369,13635.539568113812,10674.533321900359,2961.006246213454,0.07453891428428616
44450,0.13221262855044075,-3479.9317463458265,13662.647932705555,10706.101858402855,2956.5460743026997,0.07466660165639091
44455,0.13222750061214494,-3468.8224523304407,13686.58760937222,10733.201282616883,2953.386326755337,0.07472591847546257
44460,0.13224237267384917,-3458.829317681828,13707.676258761805,10755.397047027167,2952.279211734638,0.07470523987290502
44465,0.13225724473555336,-3450.1224991656354,13726.36016975325,10772.405785691379,2953.9543840618717,0.07482597860789617
44470,0.1322721167972576,-3442.6744684358728,13743.192916001584,10784.0995316217,2959.093384379885,0.07489862624257791
44475,0.13228698885896178,-3436.288189539264,13758.806862050486,10790.505992407738,2968.300869642748,0.07488397014596508
44480,0.132301860920666,-3430.644519759562,13773.878608503974,10791.804114389473,2982.0744941145003,0.0749699703840038
44485,0.1323167329823702,-3425.363046437251,13789.090315101928,10788.31426271958,3000.776052382349,0.07507128304895475
44490,0.13233160504407443,-3420.070182163072,13805.089503074609,10780.48276705698,3024.6067360176294,0.07513229046895398
44495,0.13234647710577865,-3414.468792711911,13822.45029044118,10768.861280282166,3053.589010159014,0.075323230149776
44500,0.13236134916748285,-3408.4045078905065,13841.639002437047,10754.082214873906,3087.5567875631405,0.07545033664276243
44505,0.13237622122918707,-3401.9247213609187,13862.98674102697,10736.832236257806,3126.154504769165,0.07548672659663185
44510,0.13239109329089127,-3395.3268071898665,13886.670864505104,10717.826185614513,3168.8446788905912,0.07563883216383474
44515,0.1324059653525955,-3389.1921766456135,13912.706524097464,10697.783734019968,3214.9227900774968,0.07575481604239369
44520,0.1324208374142997,-3384.402617697873,13940.948541942453,10677.410517395027,3263.538024547426,0.07576920024742582
44525,0.13243570947600392,-3382.1352415119973,13971.103097432795,10657.384579578164,3313.7185178546315,0.07588187435479356
44530,0.1324505815377081,-3383.83273582486,14002.747997682012,10638.347865622856,3364.400132059156,0.07598995904431075
44535,0.13246545359941234,-3391.1468780585974,14035.35979274469,10620.901500168597,3414.4582925760933,0.07598824894458082
44540,0.13248032566111653,-3405.8555774368488,14068.345673871629,10605.602868603966,3462.7428052676623,0.0760699788247525
44545,0.13249519772282076,-3429.756964017668,14101.077952430831,10592.96222883192,3508.1157235989103,0.07617569360124168
44550,0.13251006978452498,-3464.5477406429045,14132.928930591603,10583.436760708568,3549.492169883035,0.07616647554583264
44555,0.13252494184622918,-3511.6964102098855,14163.304110705658,10577.420561856696,3585.883548848962,0.07620089473507502
44560,0.1325398139079334,-3572.3242539343773,14191.6719207515,10575.230008335839,3616.441912415661,0.07631328644465764
44565,0.1325546859696376,-3647.107389018858,14217.588437034616,10577.084962595296,3640.5034744393197,0.0763086746746927
44570,0.13256955803134182,-3736.21155272741,14240.715946890577,10583.087359861735,3657.628587028843,0.07632766666998068
44575,0.13258443009304602,-3839.267581365808,14260.834602265033,10593.199574567461,3667.635027697572,0.07639973075873817
44580,0.13259930215475024,-3955.3904546472713,14277.846862015102,10607.225523211193,3670.6213388039087,0.07641383635118994
44585,0.13261417421645444,-4083.2391470194816,14291.77489917659,10624.79760620784,3666.9772929687497,0.07652826857678816
44590,0.13262904627815866,-4221.109364013714,14302.75164385912,10645.372295186353,3657.3793486727664,0.07654208202449612
44595,0.13264391833986286,-4367.0474288546775,14311.006609055647,10668.236466621205,3642.7701424344414,0.07654903322351515
44600,0.13265879040156708,-4518.971716228774,14316.84804679185,10692.525561671056,3624.322485120794,0.07667516730462547
44605,0.1326736624632713,-4674.788308377768,14320.643228777042,10717.253455093158,3603.3897736838844,0.07668452553261473
44610,0.1326885345249755,-4832.489776011356,14322.798665367307,10741.352704057093,3581.4459613102135,0.07663644823046224
44615,0.13270340658667973,-4990.2296386140615,14323.74182961995,10763.72277737843,3560.0190522415196,0.07677195128451375
44620,0.13271827864838392,-5146.369407246767,14323.905459956746,10783.283067171466,3540.6223927852807,0.07678906732603324
44625,0.13273315071008815,-5299.499366723605,14323.714863517016,10799.027044604432,3524.6878189125837,0.07667537783278704
44630,0.13274802277179235,-5448.437698245663,14323.577970671377,10810.073872594021,3513.5040980773556,0.07683043612684554
44635,0.13276289483349657,-5592.214663358451,14323.877349814516,10815.714108608201,3508.1632412063154,0.07686713580172935
44640,0.13277776689520077,-5730.049141369659,14324.963100103034,10815.44674767067,3509.5163524323634,0.07676526898639655
44645,0.132792638956905,-5861.323939336513,14327.14555441959,10809.0056591563,3518.13989526329,0.0768672989742401
44650,0.1328075110186092,-5985.5643669646915,14330.687026502042,10796.374334094467,3534.312692407575,0.07693336562245776
44655,0.1328223830803134,-6102.4221448781645,14335.792341308084,10777.788663699212,3558.0036776088727,0.07686121876238602
44660,0.13283725514201764,-6211.664357075912,14342.5984743091,10753.728128554107,3588.8703457549927,0.07686847278333994
44665,0.13285212720372183,-6313.165298929911,14351.164164779006,10724.896253926923,3626.2679108520824,0.07697010847822906
44670,0.13286699926542606,-6406.897956742203,14361.460752975372,10692.191494591645,3669.269258383727,0.07693499185792389
44675,0.13288187132713025,-6492.921575016814,14373.365654339985,10656.669906795274,3716.6957475447107,0.07681372694198713
44680,0.13289674338883448,-6571.3623342685,14386.659805782525,10619.50111788294,3767.158687899584,0.07695422890443779
44685,0.13291161545053867,-6642.385546643339,14401.030124409726,10581.919277535393,3819.110846874333,0.07696097583552833
44690,0.1329264875122429,-6706.15987754291,14416.07756632606,10545.170895988056,3870.906670338003,0.07688094774077087
44695,0.1329413595739471,-6762.816662033154,14431.330840210356,10510.46172248927,3920.869117721086,0.07688585825221413
44700,0.13295623163565132,-6812.409934224189,14446.265298818242,10478.905025053125,3967.3602737651163,0.07693930929350966
44705,0.1329711036973555,-6854.88467843794,14460.326071665591,10451.473712490477,4008.8523591751145,0.07690689073565268
44710,0.13298597575905974,-6890.061369741637,14472.954160784213,10428.958620061198,4043.9955407230154,0.07676939768070302
44715,0.13300084782076396,-6917.64361731824,14483.614015691495,10411.934941604195,4071.6790740873003,0.07687566002024378
44720,0.13301571988246816,-6937.252566220168,14491.821022640755,10400.738282472925,4091.0827401678307,0.0768884384118127
44725,0.13303059194417238,-6948.487052285299,14497.167358245151,10395.451230691513,4101.716127553638,0.07676238746929695
44730,0.13304546400587658,-6951.003198116414,14499.344738041867,10395.900810507937,4103.44392753393,0.07677805814424574
44735,0.1330603360675808,-6944.602323097358,14498.162718806474,10401.6667662822,4096.495952524274,0.0768356852708687
44740,0.133075208129285,-6929.312873296885,14493.561391707997,10412.100328895156,4081.461062812841,0.07674845882536353
44745,0.13309008019098922,-6905.451439239108,14485.61755040363,10426.352879293712,4059.264671109917,0.07666701929350826
44750,0.13310495225269342,-6873.650195908883,14474.543755227234,10443.413652825797,4031.1301024014374,0.07677011412735833
44755,0.13311982431439764,-6834.843018791509,14460.680148316771,10462.155252513312,3998.524895803459,0.07673377112105571
44760,0.13313469637610184,-6790.209251473542,14444.47938229743,10481.385246676266,3963.0941356211642,0.07654733922300573
44765,0.13314956843780607,-6741.081333057047,14426.485551837555,10499.901571282297,3926.5839805552587,0.07670296666439898
44770,0.1331644404995103,-6688.828770967626,14407.308484049512,10516.54894230622,3890.7595417432913,0.07672517859554297
44775,0.13317931256121449,-6634.734951335996,14387.595068051853,10530.273121768305,3857.3219462835477,0.0765931430385844
44780,0.1331941846229187,-6579.884180269105,14367.999425174054,10540.169763572267,3827.829661601787,0.07661949937911419
44785,0.1332090566846229,-6525.074032534567,14349.153620818326,10545.524740090748,3803.628880727578,0.07670312771646012
44790,0.13322392874632713,-6470.763221736476,14331.640329807424,10545.843321111182,3785.7970086962414,0.07663785384890913
44795,0.13323880080803133,-6417.059071646966,14315.968466408012,10540.866310322006,3775.1021560860063,0.07651751893433172
44800,0.13325367286973555,-6363.742744812767,14302.552378182647,10530.572182568401,3771.9801956142455,0.0766623408938753
44805,0.13326854493143975,-6310.325895909889,14291.694873286842,10515.16533101082,3776.5295422760228,0.07666458677255913
44810,0.13328341699314397,-6256.129977430084,14283.57416442576,10495.051636388145,3788.5225280376144,0.07652884059797851
44815,0.13329828905484817,-6200.378945325443,14278.234781541509,10470.80360844863,3807.4311730928785,0.0765774684791771
44820,0.1333131611165524,-6142.2969842830125,14275.582593096944,10443.118214376878,3832.4643787200657,0.0766466711007304
44825,0.13332803317825662,-6081.204309209802,14275.384212939756,10412.77109681718,3862.6131161225767,0.07656571473226849
44830,0.1333429052399608,-6016.605455809021,14277.271176211723,10380.571108891028,3896.700067320695,0.07645578251402364
44835,0.13335777730166504,-5948.265414535293,14280.749276663075,10347.31890178784,3933.4303748752354,0.0765892472861012
44840,0.13337264936336923,-5876.269460902146,14285.213331913157,10313.772684856749,3971.440647056408,0.07657398599962123
44845,0.13338752142507346,-5801.062757796782,14289.967383100633,10280.623288021996,4009.344095078637,0.07646880603568158
44850,0.13340239348677765,-5723.465992834199,14294.249976701916,10248.47940139058,4045.770575311337,0.07647340218522874
44855,0.13341726554848188,-5644.663714074732,14297.26378020544,10217.862510133416,4079.401270072023,0.07652798007792887
44860,0.13343213761018607,-5566.162883677902,14298.208419786932,10189.209779839088,4108.998639947844,0.07646800932421732
44865,0.1334470096718903,-5489.720712869471,14296.315156809518,10162.88217466228,4133.432982147238,0.07633212892664512
44870,0.1334618817335945,-5417.243236478183,14290.88187278476,10139.17456576114,4151.70730702362,0.07640769862744154
44875,0.13347675379529872,-5350.659311371034,14281.30680497003,10118.32459797586,4162.982206994171,0.07637836018058781
44880,0.13349162585700294,-5291.778457264618,14267.119530502141,10100.517625704302,4166.601904797839,0.07632432730392265
44885,0.13350649791870714,-5242.144547761342,14248.007785033036,10085.886011955967,4162.1217730770695,0.07619912249885767
44890,0.13352136998041136,-5202.8999473566455,14223.838781377297,10074.502342490048,4149.336438887249,0.07624348708075912
44895,0.13353624204211556,-5174.675465265548,14194.673754850577,10066.367431227967,4128.30632362261,0.07619909059268308
44900,0.13355111410381978,-5157.519955661167,14160.774533443207,10061.395166703389,4099.379366739819,0.07609737321459588
44905,0.13356598616552398,-5150.879510529191,14122.601070501129,10059.397081215437,4063.203989285692,0.0760474267306472
44910,0.1335808582272282,-5153.630446049057,14080.799148646845,10060.069879451554,4020.7292691952916,0.07601693792244751
44915,0.1335957302889324,-5164.163570765345,14036.17790872547,10062.988983602756,3973.188925122715,0.07600139318412598
44920,0.13361060235063663,-5180.510676962358,13989.677477819632,10067.61046705438,3922.067010765253,0.07583465904286885
44925,0.13362547441234082,-5200.498954705017,13942.32772008145,10073.282673842135,3869.0450462393146,0.0758218619840811
44930,0.13364034647404505,-5221.915982586946,13895.199929046872,10079.267540790997,3815.9323882558747,0.075798552274128
44935,0.13365521853574927,-5242.667529922424,13849.354016098825,10084.770375403708,3764.5836406951166,0.0757423024573694
44940,0.13367009059745347,-5260.912483145074,13805.784323391563,10088.975809008361,3716.8085143832013,0.07561918266522634
44945,0.1336849626591577,-5275.163162801881,13765.367515922417,10091.086998676794,3674.280517245623,0.07550018093261533
44950,0.1336998347208619,-5284.34422013787,13728.816031220807,10090.364957645135,3638.451073575672,0.07548422566057199
44955,0.1337147067825661,-5287.8082745737265,13696.640266652785,10086.165115717427,3610.4751509353573,0.07537667374058521
44960,0.1337295788442703,-5285.310780284296,13669.122081034033,10077.96873425571,3591.153346778323,0.07527558602962647
44965,0.13374445090597453,-5276.949943537513,13646.301332877343,10065.407478865274,3580.893854012069,0.07511537648431786
44970,0.13375932296767873,-5263.079829266515,13627.976158709303,10048.280154622227,3579.6960040870763,0.07510041270604653
44975,0.13377419502938295,-5244.206261495557,13613.71662371408,10026.561241796273,3587.155381917806,0.0749496913266264
44980,0.13378906709108715,-5220.875915779419,13602.890377883114,10000.401383868406,3602.4889940147077,0.07487486112911174
44985,0.13380393915279137,-5193.569185464609,13594.698141455438,9970.12035089506,3624.5777905603773,0.07477961724999924
44990,0.1338188112144956,-5162.6069000816415,13588.216311964254,9936.19322201745,3652.0230899468042,0.07474271763661398
44995,0.1338336832761998,-5128.079651376394,13582.443771771257,9899.230610582254,3683.2131611890036,0.07455872359485692
45000,0.13384855533790402,-5089.806291541282,13576.350063315174,9859.95373197461,3716.396331340564,0.0745018582923998
45005,0.13386342739960821,-5047.325250699987,13568.922422833995,9819.165060097448,3749.7573627365473,0.0743843857401628
45010,0.13387829946131244,-4999.919020107143,13559.209625014868,9777.715323229377,3781.494301785491,0.07432209406056402
45015,0.13389317152301664,-4946.66891971322,13546.36108934878,9736.467722908152,3809.8933664406286,0.07417846447070248
45020,0.13390804358472086,-4886.534542529415,13529.660152314153,9696.260527535134,3833.3996247790183,0.07410825476796956
45025,0.13392291564642506,-4818.45032473061,13508.550771411265,9657.869525004664,3850.6812464066006,0.07388897147536888
45030,0.13393778770812928,-4741.430611692174,13482.657189245543,9621.972093742188,3860.685095503355,0.07381545137958587
45035,0.13395265976983348,-4654.674289527822,13451.796270432882,9589.114756417206,3862.681514015676,0.07368079460776693
45040,0.1339675318315377,-4557.660361048276,13415.982369159052,9559.685972715786,3856.2963964432656,0.07360793141665038
45045,0.13398240389324192,-4450.226598543423,13375.424728738146,9533.895655805796,3841.5290729323497,0.0734210126958975
45050,0.13399727595494612,-4332.62448726937,13330.517581833334,9511.762565771875,3818.755016061459,0.07335958362285996
45055,0.13401214801665035,-4205.545039272022,13281.823317769375,9493.110429640801,3788.7128881285735,0.07323380702483588
45060,0.13402702007835454,-4070.111746974786,13230.049301116085,9477.573371537146,3752.475929578939,0.07316090777354836
45065,0.13404189214005877,-3927.8390509347028,13176.019143662425,9464.61093590939,3711.4082077530347,0.07312183655768506
45070,0.13405676420176296,-3780.5572668871764,13120.639431559759,9453.532557226168,3667.106874333591,0.07303319004531623
45075,0.1340716362634672,-3630.307871779385,13064.86308191921,9443.530737189458,3621.3323447297516,0.07293918783164209
45080,0.13408650832517138,-3479.216147183897,13009.650651923259,9433.721505269967,3575.9291466532923,0.07286496741115868
45085,0.1341013803868756,-3329.351054215568,12955.931059224826,9423.1901016211,3532.740957603726,0.07278192851960967
45090,0.1341162524485798,-3182.584418436799,12904.563302336603,9411.039360432855,3493.523941903748,0.07269369490123799
45095,0.13413112451028403,-3040.462595052123,12856.300885768183,9396.438022391187,3459.8628633769968,0.0726369616319239
45100,0.13414599657198825,-2904.10346414632,12811.760725549399,9378.666103187672,3433.0946223617266,0.07256619582737744
45105,0.13416086863369245,-2774.129799199647,12771.398283706136,9357.154402588989,3414.243881117147,0.07265653642193651
45110,0.13417574069539667,-2650.6468858335747,12735.490494134117,9331.51524963223,3403.9752445018876,0.07288099138792256
45115,0.13419061275710087,-2533.268023524827,12704.127650342029,9301.561769488559,3402.56588085347,0.0731039028660735
45120,0.1342054848188051,-2421.186668807357,12677.21481986223,9267.313520604896,3409.9012992573353,0.07338828733157376
45125,0.1342203568805093,-2313.2890606362844,12654.482578771884,9228.987412332677,3425.4951664392065,0.07363060733397513
45130,0.1342352289422135,-2208.2967949734057,12635.506027002111,9186.974306255423,3448.5317207466887,0.07383037163985164
45135,0.1342501010039177,-2104.925460395233,12619.730291555106,9141.803346209463,3477.9269453456436,0.0740777625427004
45140,0.13426497306562193,-2002.0434720140674,12606.500191802083,9094.097463383147,3512.402728418936,0.07429200706430912
45145,0.13427984512732613,-1898.8149064221907,12595.091531873577,9044.524352202436,3550.5671796711413,0.07449668341308997
45150,0.13429471718903035,-1794.81153156232,12584.74163605189,8993.747413818402,3590.9942222334867,0.07477263184238689
45155,0.13430958925073458,-1690.0822352636133,12574.677216175589,8942.380834821586,3632.2963813540027,0.07500591834354267
45160,0.13432446131243878,-1585.1724593441586,12564.13835650903,8890.952317382187,3673.186039126842,0.07525184336625856
45165,0.134339333374143,-1481.0916957266309,12552.398188355226,8839.8761529775,3712.522035377726,0.07548474604109692
45170,0.1343542054358472,-1379.2330036278327,12538.778566860437,8789.438355636075,3749.340211224362,0.07567667977265968
45175,0.13436907749755142,-1281.254029571268,12522.662640015144,8739.79438814376,3782.868251871383,0.07582736168214155
45180,0.13438394955925562,-1188.933313755455,12503.505535620943,8690.97863597438,3812.526899646564,0.07608844679569814
45185,0.13439882162095984,-1104.0181145004663,12480.844449222697,8642.92339252822,3837.9210566944766,0.07636483549258592
45190,0.13441369368266404,-1028.0802153399982,12454.309199768282,8595.484047295886,3858.8251524723964,0.07660728698655417
45195,0.13442856574436826,-962.3941833105837,12423.633873128529,8548.46673682085,3875.1671363076784,0.07680820110670415
45200,0.13444343780607246,-907.848767072508,12388.669572287641,8501.655049939607,3887.014522348034,0.07696819156333365
45205,0.13445830986777668,-864.89736421005,12349.397634772758,8454.833309185213,3894.5643255875457,0.07708854011009582
45210,0.1344731819294809,-833.5485964012842,12305.942068242335,8407.805096980484,3898.1369712618507,0.0773701737145768
45215,0.1344880539911851,-813.3936960024239,12258.579492354278,8360.406653512433,3898.172838841845,0.07761737837971908
45220,0.13450292605288933,-803.6641511954385,12207.744637056583,8312.5153225063,3895.2293145502827,0.07782535479523611
45225,0.13451779811459352,-803.3111852400452,12154.0294808434,8264.053414160659,3889.9760666827406,0.07799531754122972
45230,0.13453267017629775,-811.0981045533663,12098.174423725664,8214.98793098849,3883.1864927371753,0.07812861412730904
45235,0.13454754223800194,-825.6969796760877,12041.05044372275,8165.326789318646,3875.7236544041043,0.07826509242426306
45240,0.13456241429970617,-845.7821086462027,11983.631914386135,8115.112505010529,3868.5194093756054,0.07851937689469814
45245,0.13457728636141036,-870.1139178598587,11926.96057719554,8064.414611371358,3862.5459658241816,0.07873892840028164
45250,0.1345921584231146,-897.6080844543831,11872.101976569033,8013.322064134664,3858.7799124343683,0.07892483631089973
45255,0.13460703048481878,-927.3855320942603,11820.096398594227,7961.936408208198,3858.1599903860288,0.0790779676665388
45260,0.134621902546523,-958.7996677828723,11771.906952692474,7910.365652850447,3861.541299842027,0.07919895360521689
45265,0.13463677460822723,-991.4381556205135,11728.367866841478,7858.71799911684,3869.649867724638,0.07936231334868764
45270,0.13465164666993143,-1025.0980058105051,11690.136311384713,7807.094219404209,3883.0420919805038,0.07959458203534484
45275,0.13466651873163565,-1059.734924727356,11657.651100473833,7755.577847800094,3902.0732526737393,0.07980520977502481
45280,0.13468139079333985,-1095.3906507076445,11631.101414149673,7704.223304488723,3926.878109660949,0.07998679010470142
45285,0.13469626285504407,-1132.1050808621003,11610.408211302289,7653.043249465134,3957.3649618371546,0.08013942383821272
45290,0.13471113491674827,-1169.8227751453724,11595.220256346163,7601.997343633453,3993.2229127127102,0.08026338925846749
45295,0.1347260069784525,-1208.305176748092,11584.925688299936,7550.984840026165,4033.940848273771,0.0804921230315433
45300,0.1347408790401567,-1247.0601083475158,11578.678897072994,7499.842983509722,4078.835913563272,0.08071013982736872
45305,0.13475575110186092,-1285.298680244936,11575.441263937688,7448.352290242953,4127.088973694735,0.08090483401372804
45310,0.1347706231635651,-1321.92684682473,11574.033222979357,7396.248749220725,4177.784473758632,0.08107651004835127
45315,0.13478549522526934,-1355.574800767874,11573.194249621347,7343.242103047772,4229.952146573575,0.08122500846376157
45320,0.13480036728697356,-1384.6627020440628,11571.646880893582,7289.038713090445,4282.608167803138,0.08138903585623262
45325,0.13481523934867776,-1407.496547323577,11568.160758665423,7233.367040106717,4334.793718558706,0.08162087114525546
45330,0.13483011141038198,-1422.3839389238856,11561.6129336775,7176.003395706098,4385.609537971402,0.08183047621680499
45335,0.13484498347208618,-1427.756672590387,11551.041191205217,7116.795354403412,4434.245836801805,0.0820171151668611
45340,0.1348598555337904,-1422.285944363839,11535.687847095362,7055.680190399228,4480.007656696133,0.08217993965098497
45345,0.1348747275954946,-1404.9769717135368,11515.032210166686,6992.696080049385,4522.336130117301,0.0823182763942299
45350,0.13488959965719882,-1375.2329473307964,11488.810635926062,6927.984652215687,4560.825983710375,0.0824781960478123
45355,0.13490447171890302,-1332.8829641984594,11457.023763457355,6861.784654265319,4595.239109192036,0.0826900231748172
45360,0.13491934378060724,-1278.1739285368421,11419.931118956616,6794.4177565963955,4625.5133623602205,0.08287780429394147
45365,0.13493421584231144,-1211.7314552341177,11378.033795186648,6726.268526997559,4651.765268189089,0.08304089620202526
45370,0.13494908790401566,-1134.4983631245032,11332.046393591734,6657.761140586995,4674.285253004739,0.08317912262628223
45375,0.1349639599657199,-1047.6609947588786,11282.859854930304,6589.335392443696,4693.524462486608,0.08329281492701997
45380,0.13497883202742408,-952.5730406793882,11231.497199005882,6521.424150637841,4710.073048368041,0.0834340472490145
45385,0.1349937040891283,-850.6843156488103,11179.064523119796,6454.433715942548,4724.630807177248,0.08361053467231863
45390,0.1350085761508325,-743.4788427743315,11126.699838252836,6388.727833174597,4737.972005078239,0.08376341204640687
45395,0.13502344821253673,-632.4234969867466,11075.522409026173,6324.615478253573,4750.9069307725995,0.08389329694292115
45400,0.13503832027424092,-518.9260243962199,11026.585169153945,6262.342123493789,4764.243045660156,0.08400117475629884
45405,0.13505319233594515,-404.2999559494765,10980.832490664536,6202.084005712588,4778.748484951948,0.08408824423511281
45410,0.13506806439764935,-289.733927303967,10939.065109391888,6143.94497254647,4795.120136845418,0.08419417172195902
45415,0.13508293645935357,-176.26397782515596,10901.913403672665,6087.955690074435,4813.95771359823,0.08433630276346385
45420,0.13509780852105777,-64.74905713271255,10869.81956911256,6034.075245319913,4835.744323792647,0.08445941069129766
45425,0.135112680582762,44.148294974384044,10843.028624481374,5982.195342576756,4860.833281904618,0.08456465717723652
45430,0.13512755264446621,149.9727920274363,10821.587706811231,5932.147275980596,4889.440430830636,0.08465318602176403
45435,0.1351424247061704,252.47498910889954,10805.352815812268,5883.711640836543,4921.641174975725,0.08472602176782223
45440,0.13515729676787464,351.59454294725765,10794.00204658785,5836.630387687965,4957.371658899885,0.08480377930131906
45445,0.13517216882957883,447.42695313881995,10787.054357257977,5790.620447013509,4996.433910244468,0.08492495677463124
45450,0.13518704089128306,540.1752985536605,10783.89297831541,5745.387889483274,5038.505088832137,0.0850312654543241
45455,0.13520191295298725,630.0914393856619,10783.792604630456,5700.6415390235925,5083.151065606864,0.08512332007698364
45460,0.13521678501469148,717.4136897495209,10785.949466143738,5656.1051662795235,5129.844299864215,0.08520155785535516
45465,0.13523165707639567,802.3094020312783,10789.513243675214,5611.5278207183455,5177.985422956868,0.08526622558039608
45470,0.1352465291380999,884.8307699656543,10793.619624177336,5566.69239677935,5226.927227397986,0.08531740247484025
45475,0.1352614011998041,964.890393302956,10797.42214606696,5521.423014446587,5275.999131620372,0.08540612967710574
45480,0.13527627326150832,1042.260109662242,10800.121942058187,5475.592065899508,5324.529876158679,0.08549162413279474
45485,0.13529114532321254,1116.5928833227854,10800.994093819885,5429.127714869336,5371.866378950549,0.08556280747780924
45490,0.13530601738491674,1187.463825244511,10799.409579793883,5382.022193210365,5417.387386583518,0.08561959392017066
45495,0.13532088944662096,1254.423387368185,10794.85218945286,5334.340492085184,5460.511697367676,0.0856618274470275
45500,0.13533576150832516,1317.053993767693,10786.930224335722,5286.22817405361,5500.7020502821115,0.08568935876151325
45505,0.13535063357002938,1375.0211363629242,10775.38322589219,5237.916284170977,5537.4669417212135,0.08570234164284168
45510,0.13536550563173358,1428.1112404612932,10760.08428918496,5189.720963308689,5570.363325876272,0.08575026345327243
45515,0.1353803776934378,1476.2510886158898,10741.03868979488,5142.035552259484,5599.003137535396,0.08578361700593984
45520,0.135395249755142,1519.5067720231154,10718.379552250031,5095.3137827135915,5623.06576953644,0.08583495777053686
45525,0.13541012181684622,1558.0633888042084,10692.361143698798,5050.043983246309,5642.317160452489,0.0858854810072978
45530,0.13542499387855042,1592.1894325848261,10663.350140772187,5006.715842329291,5656.634298442896,0.08592348917853217
45535,0.13543986594025464,1622.1916142938353,10631.814961511996,4965.782837366202,5666.032124145794,0.0859500451178105
45540,0.13545473800195887,1648.366583565904,10598.313047293415,4927.624622462627,5670.688424830789,0.08596609297865361
45545,0.13546961006366307,1670.9557097125853,10563.475876540246,4892.514201803543,5670.961674736703,0.08600388700838024
45550,0.1354844821253673,1690.1079456558246,10527.99152217707,4860.594467175731,5667.397055001339,0.08604327978598687
45555,0.13549935418707149,1705.8541685906584,10492.584724758097,4831.867675769032,5660.717048989065,0.08607380388727802
45560,0.1355142262487757,1718.0946792695631,10457.994707509612,4806.199856266439,5651.794851243172,0.08609629769326349
45565,0.1355290983104799,1726.6001219709906,10424.951252006453,4783.340211751868,5641.611040254585,0.0861113441886144
45570,0.13554397037218413,1731.025206314469,10394.149822819421,4762.953621094171,5631.196201725251,0.0861228335582206
45575,0.13555884243388833,1730.9343236788618,10366.226724218193,4744.662596283799,5621.5641279343945,0.08616252951640767
45580,0.13557371449559255,1725.83826658633,10341.735360869348,4728.093755267799,5613.64160560155,0.08619515517355747
45585,0.13558858655729675,1715.2413657985617,10321.124656593402,4712.923178322269,5608.201478271132,0.0862208024967944
45590,0.13560345861900097,1698.6979778143095,10304.720589081335,4698.91502470217,5605.805564379165,0.08623938135617465
45595,0.1356183306807052,1675.8760725988113,10292.711667883477,4685.9485195894285,5606.763148294049,0.08625071573281598
45600,0.1356332027424094,1646.623721270159,10285.139056630258,4674.0298172647035,5611.1092393655545,0.08625963114881273
45605,0.13564807480411362,1611.0320029208442,10281.891936618762,4663.287139601069,5618.604797017693,0.08629134092269104
45610,0.1356629468658178,1569.4860049402405,10282.70861879146,4653.949719769387,5628.758899022072,0.08631491996797673
45615,0.13567781892752204,1522.6950540764892,10287.18380149995,4646.313137546074,5640.870663953876,0.08633026177017313
45620,0.13569269098922623,1471.694716803223,10294.782196919768,4640.69531035465,5654.086886565118,0.08633735861424573
45625,0.13570756305093046,1417.8165283593971,10304.858472583293,4637.3884674422,5667.470005141094,0.08633633022953419
45630,0.13572243511263465,1362.6262927698463,10316.68306728734,4636.612765342639,5680.070301944701,0.08632741460802916
45635,0.13573730717433888,1307.8371147712833,10329.472970508676,4638.47681775298,5690.996152755695,0.08634170932354138
45640,0.13575217923604307,1255.2079085403357,10342.426061645087,4642.949437239411,5699.4766244056755,0.08634917132272205
45645,0.1357670512977473,1206.4410064474214,10354.757170727471,4649.845500774785,5704.911669952686,0.08634844729821635
45650,0.13578192335945152,1163.0931284032422,10365.733729211308,4658.8272472390445,5706.9064819722635,0.08633965206513232
45655,0.13579679542115572,1126.512302038046,10374.708793040283,4669.420672918492,5705.2881201217915,0.08632283150938012
45660,0.13581166748285994,1097.8096035112694,10381.149369193923,4681.045174409763,5700.10419478416,0.08629792023724918
45665,0.13582653954456414,1077.8692375930505,10384.658347474046,4693.053344570472,5691.605002903573,0.08629102047835142
45670,0.13584141160626836,1067.3940394473102,10384.98888091495,4704.776985270954,5680.211895643996,0.08627971711142746
45675,0.13585628366797256,1066.9767179193177,10382.050696123692,4715.575057835773,5666.475638287919,0.08625877602453186
45680,0.13587115572967678,1077.181125930877,10375.90846473076,4724.879482206472,5651.028982524289,0.08622783733714454
45685,0.13588602779138098,1098.61385189273,10366.772951398989,4732.235357471006,5634.537593927983,0.08618652140468393
45690,0.1359008998530852,1131.965812148208,10354.986114493664,4737.33314876151,5617.652965732154,0.08613747109598421
45695,0.1359157719147894,1178.0072119583892,10341.001638406457,4740.0314467688595,5600.970191637597,0.08610949094097126
45700,0.13593064397649363,1237.5272625854968,10325.362508628048,4740.369836507366,5584.992672120682,0.08607052093349286
45705,0.13594551603819785,1311.2212544534623,10308.677206766766,4738.572056215572,5570.105150551194,0.08602053090017607
45710,0.13596038809990205,1399.5397831723867,10291.595922892237,4735.039939345237,5556.555983546999,0.08595953643393392
45715,0.13597526016160627,1502.5253190670628,10274.78788820152,4730.338687427346,5544.449200774174,0.08588757408900646
45720,0.13599013222331047,1619.6672728731774,10258.920559375496,4725.173982938858,5533.746576436638,0.08583431914584169
45725,0.1360050042850147,1749.8065364549957,10244.640978789601,4720.361502090048,5524.279476699553,0.08578591573480879
45730,0.1360198763467189,1891.1139148048142,10232.55923929898,4716.789655359004,5515.769583939976,0.08572748474955004
45735,0.1360347484084231,2041.1551908084348,10223.233651429173,4715.376892783204,5507.8567586459685,0.08565881282543476
45740,0.1360496204701273,2197.0411938547913,10217.156998675904,4717.025572479662,5500.1314261962425,0.0855795358209786
45745,0.13606449253183153,2355.647061700316,10214.743222208144,4722.575028760527,5492.168193447617,0.08553538946400788
45750,0.13607936459353573,2513.8735198648137,10216.314033173194,4732.756886144597,5483.557147028597,0.08548995469400118
45755,0.13609423665523995,2668.9162523085915,10222.085312273815,4748.155688888544,5473.929623385271,0.08543282201769159
45760,0.13610910871694418,2818.5080059515003,10232.153680238513,4769.177498864154,5462.976181374359,0.08536303606303888
45765,0.13612398077864837,2961.1016648924424,10246.4842178655,4796.028326089432,5450.455891776068,0.08530420363294512
45770,0.1361388528403526,3095.970188594898,10264.90085205063,4828.703259838117,5436.197592212513,0.08527269959728769
45775,0.1361537249020568,3223.2097599061217,10287.08126491927,4866.986172359083,5420.095092560187,0.08522631189006304
45780,0.13616859696376102,3343.64438238608,10312.558209058765,4910.459066127281,5402.099142931484,0.08516408419345699
45785,0.13618346902546521,3458.6421812877716,10340.72876198609,4958.519655437574,5382.2091065485165,0.08508521236526156
45790,0.13619834108716944,3569.864552423389,10370.872348843184,5010.405639001762,5360.466709841422,0.08505283027767543
45795,0.13621321314887364,3678.9779229683036,10402.177411555891,5065.224257984994,5336.953153570897,0.08501499159886941
45800,0.13622808521057786,3787.3632495026395,10433.775575757008,5121.986004598092,5311.789571158916,0.08495916035515011
45805,0.13624295727228206,3895.85975016252,10464.781254411027,5179.641595232888,5285.1396591781395,0.08488485766571345
45810,0.13625782933398628,4004.5763873757815,10494.333992574462,5237.121427050576,5257.212565523886,0.0847933151730884
45815,0.1362727013956905,4112.7973658349165,10521.640597388654,5293.37664639872,5228.263950989934,0.08476640239002835
45820,0.1362875734573947,4218.996951386636,10546.014220069042,5347.420705167702,5198.59351490134,0.08472033259260664
45825,0.13630244551909892,4320.965340107198,10566.907989124416,5398.369967577561,5168.538021546856,0.08465458006720707
45830,0.13631731758080312,4416.032733669008,10583.941409032124,5445.481676569182,5138.459732462942,0.08456867739028989
45835,0.13633218964250735,4501.365237488014,10596.918394586282,5488.187490622539,5108.730903963743,0.08447163390949906
45840,0.13634706170421154,4574.295827870746,10605.836389900605,5526.120896781997,5079.715493118609,0.08444004877287634
45845,0.13636193376591577,4632.648237571316,10610.886455917534,5559.137072065404,5051.74938385213,0.08438731101829758
45850,0.13637680582761996,4675.012210887416,10612.444498881034,5587.324139197226,5025.120359683808,0.08431276781576663
45855,0.1363916778893242,4700.9351260052845,10611.054009466012,5611.005169421515,5000.0488400444965,0.08421591632422293
45860,0.13640654995102838,4711.006317793102,10607.400873433904,5630.730672205234,4976.67020122867,0.08411510116094692
45865,0.1364214220127326,4706.824594124686,10602.281078025359,5647.261662932604,4955.019415092755,0.0841528559471291
45870,0.13643629407443683,4690.854153503131,10596.562511863032,5661.5437289748825,4935.01878288815,0.084228047790909
45875,0.13645116613614103,4666.187318146512,10591.14252130756,5674.672845206364,4916.469676101196,0.08429664186042289
45880,0.13646603819784525,4636.242685122274,10586.903371414272,5687.854035535695,4899.049335878576,0.08435930974043346
45885,0.13648091025954945,4604.433623287709,10584.668162727523,5702.354329690233,4882.31383303729,0.08441665385723239
45890,0.13649578232125367,4573.844241890441,10585.159973641294,5719.451795228486,4865.708178412808,0.08446917470934406
45895,0.13651065438295787,4546.948173308832,10588.966958052086,5740.382692295949,4848.584265756137,0.0845172480244327
45900,0.1365255264446621,4525.400158174642,10596.515800684929,5766.288964055916,4830.226836629013,0.08456111310398554
45905,0.1365403985063663,4509.922109814962,10608.055337164778,5798.16831418748,4809.887022977298,0.08460087256233098
45910,0.1365552705680705,4500.294876645861,10623.651341859637,5836.829029110343,4786.822312749294,0.08463650264700905
45915,0.1365701426297747,4495.455309008018,10643.192559928162,5882.8514914061725,4760.34106852199,0.08466787243745229
45920,0.13658501469147893,4493.686595130655,10666.407110620765,5936.55803301631,4729.849077604455,0.08469476953637586
45925,0.13659988675318316,4492.879337052265,10692.887520179873,5997.992431995269,4694.895088184604,0.08471692945291602
45930,0.13661475881488735,4490.832641554585,10722.121954819468,6066.910004300064,4655.211950519403,0.08475828233687337
45935,0.13662963087659158,4485.559644587085,10753.528805655034,6142.7789124063465,4610.749893248688,0.08482961807589137
45940,0.13664450293829578,4475.561196443385,10786.491691540685,6224.79301962053,4561.698671920155,0.0849072498196369
45945,0.136659375,4460.035346700536,10820.39221274369,6311.896355636841,4508.49585710685,0.08499097328808658
45950,0.1366742470617042,4438.998604441066,10854.638369860359,6402.818993256609,4451.819376603749,0.08507103530958394
45955,0.13668911912340842,4413.306732669369,10888.687358657355,6496.123813212926,4392.563545444429,0.08514689064525835
45960,0.13670399118511262,4384.576321478688,10922.06231714953,6590.26318584449,4331.79913130504,0.08521801322749831
45965,0.13671886324681684,4355.021378894631,10954.36337815358,6683.643966955128,4270.719411198451,0.08528389963088479
45970,0.13673373530852104,4327.229559669568,10985.273937241851,6774.698376339365,4210.575560902486,0.08534406998706646
45975,0.13674860737022526,4303.908880079063,11014.563309680098,6861.9573660734695,4152.605943606628,0.08539806731820669
45980,0.13676347943192949,4287.6371870701305,11042.086918819312,6944.122153945141,4097.964764874171,0.08544545627027347
45985,0.13677835149363368,4280.643511308835,11067.784893163696,7020.128937117577,4047.655956046119,0.08548582211060092
45990,0.1367932235553379,4284.643669459536,11091.679548134554,7089.20167397704,4002.4778741575146,0.08551877062811167
45995,0.1368080956170421,4300.743409930599,11113.8717999498,7150.888421108828,3962.9833788409724,0.08554392926619686
46000,0.13682296767874633,4329.412471755282,11134.536199941907,7205.078076920889,3929.4581230210188,0.0855622332804549
46005,0.13683783974045052,4370.523572264831,11153.914061945172,7251.996355401389,3901.9177065437825,0.08557309112452016
46010,0.13685271180215475,4423.442809539686,11172.304127497253,7292.182058747586,3880.122068749667,0.08557536150667311
46015,0.13686758386385894,4487.153197909398,11190.050384619435,7326.446810711747,3863.603573907688,0.08556877814725797
46020,0.13688245592556317,4560.391532041368,11207.52699969562,7355.82295353581,3851.70404615981,0.08555310875620009
46025,0.13689732798726736,4641.7804453668095,11225.120776467204,7381.505032539647,3843.6157439275567,0.08552815585522076
46030,0.1369122000489716,4729.941794648344,11243.212032860016,7404.790120010072,3838.4219128499435,0.08549375648319088
46035,0.1369270721106758,4823.583297145036,11262.155189393488,7427.021286312939,3835.1339030805493,0.0854497811531947
46040,0.13694194417238,4921.556321309914,11282.260611439047,7449.5370795351455,3832.723531903902,0.08539613264047026
46045,0.13695681623408423,5022.887559461696,11303.779293905796,7473.628260868422,3830.151033037374,0.08533274521621255
46050,0.13697168829578843,5126.79004490627,11326.891814031955,7500.501581912484,3826.390232119471,0.08527578169017874
46055,0.13698656035749265,5232.659339215249,11351.702634556314,7531.24932488234,3820.4533096739733,0.08521198145389931
46060,0.13700143241919685,5340.059192627104,11378.240366656131,7566.822789644572,3811.417577011559,0.0851392595759847
46065,0.13701630448090107,5448.698634539557,11406.464057015106,7608.007924588938,3798.4561324261676,0.0850575865959132
46070,0.13703117654260527,5558.400498533128,11436.274997185783,7655.401796532613,3780.87320065317,0.08496698104318016
46075,0.1370460486043095,5669.060714024365,11467.53300585939,7709.389458009576,3758.1435478498142,0.08486750752092785
46080,0.1370609206660137,5780.598549575618,11500.075638352522,7770.121847232242,3729.9537911202806,0.08475927106915226
46085,0.13707579272771792,5892.899970231736,11533.738368350992,7837.496474603692,3696.2418937473003,0.08464240699548328
46090,0.13709066478942214,6005.758581637388,11568.373514408097,7911.143618267581,3657.229896140516,0.08451706582280917
46095,0.13710553685112634,6118.820447644754,11603.865613398886,7990.421365572985,3613.4442478259007,0.08438339369355018
46100,0.13712040891283056,6231.539809056032,11640.141145030902,8074.422905763393,3565.7182392675095,0.08424150943150235
46105,0.13713528097453476,6343.152209316658,11677.171034060637,8161.998868976135,3515.172165084502,0.08409148038665643
46110,0.13715015303623898,6452.669915249832,11714.965196779209,8251.796198614971,3463.1689981642376,0.08393330002421769
46115,0.13716502509794318,6558.902192980093,11753.559479003736,8342.313171891614,3411.246307112122,0.08376687078022678
46120,0.1371798971596474,6660.500414443061,11792.996503919238,8431.96803370463,3361.0284702146073,0.08359199579457668
46125,0.1371947692213516,6756.02553104508,11833.303011138181,8519.17667506995,3314.1263360682315,0.08340838257700992
46130,0.13720964128305582,6844.033427346531,11874.467020435779,8602.43328150422,3272.033738931559,0.08321566038098502
46135,0.13722451334476002,6923.172144051714,11916.41843567498,8680.387226798575,3236.031208876404,0.08301341113440275
46140,0.13723938540646424,6992.283845105817,11959.016437486254,8751.909846211998,3207.106591274256,0.08280121149721774
46145,0.13725425746816847,7050.503523593317,12002.04621473721,8816.14602086131,3185.900193875901,0.08258409339579544
46150,0.13726912952987266,7097.345689490805,12045.226362429667,8872.54746456774,3172.678897861926,0.08237595526319705
46155,0.1372840015915769,7132.769768015855,12088.226803185325,8920.88681402232,3167.339989163005,0.08215723588548154
46160,0.13729887365328108,7157.215034033562,12130.695583234981,8961.253649389018,3169.441933845963,0.08192781618665584
46165,0.1373137457149853,7171.597143548242,12172.291567517283,8994.035075621543,3178.2564918957396,0.08168776635301023
46170,0.1373286177766895,7177.261125034753,12212.719101971095,9019.884308845983,3192.834793125112,0.08143735226910608
46175,0.13734348983839373,7175.890107038429,12251.760264570668,9039.68086159818,3212.0794029724875,0.08117702585450408
46180,0.13735836190009793,7169.374615892586,12289.300464042222,9054.485573662674,3234.814890379548,0.08090740158216511
46185,0.13737323396180215,7159.6530920686755,12325.34386435552,9065.493120194782,3259.850744160738,0.08062922257780354
46190,0.13738810602350635,7148.539296922525,12360.016332935758,9073.983955402524,3286.0323775332345,0.08034332011628982
46195,0.13740297808521057,7137.555556457631,12393.555176642038,9081.277062464953,3312.2781141770847,0.08005057026957665
46200,0.1374178501469148,7127.791601239452,12426.286629472044,9088.684448796455,3337.602180675589,0.07975185114899497
46205,0.137432722208619,7119.806722522338,12458.59364714313,9097.46806349003,3361.1255836531,0.07944800374166806
46210,0.13744759427032321,7113.58811752273,12490.87781172301,9108.799700508007,3382.0781112150034,0.07913979877058916
46215,0.1374624663320274,7108.571251162382,12523.519869641292,9123.724449432226,3399.795420209066,0.0788279112782116
46220,0.13747733839373164,7103.720019963953,12556.843518624217,9143.128318412653,3413.7152002115636,0.07851290375882913
46225,0.13749221045543583,7097.657018951047,12591.086526455687,9167.71072974785,3423.3757967078363,0.07819521773986851
46230,0.13750708251714006,7088.828692864489,12626.38221109087,9197.96262976121,3428.419581329659,0.07787517288287873
46235,0.13752195457884425,7075.687353855148,12662.752919661545,9234.150929482135,3428.6019901794098,0.077552972083565
46240,0.13753682664054848,7056.871850556376,12700.115635486409,9276.309894082446,3423.805741403963,0.07723280108636636
46245,0.13755169870225267,7031.370294017345,12738.29843641959,9324.239944996967,3414.058491422624,0.07692888569973746
46250,0.1375665707639569,6998.6507353890365,12777.065402362248,9377.514160790857,3399.551241571391,0.07671252155957696
46255,0.13758144282566112,6958.748425963346,12816.14683593006,9435.492586416804,3380.654249513256,0.07664870124093705
46260,0.13759631488736532,6912.301197435129,12855.271354487031,9497.344285618252,3357.9270688687793,0.07661541705355077
46265,0.13761118694906954,6860.527931131801,12894.196502954406,9562.07686540658,3332.1196375478266,0.07655682191508598
46270,0.13762605901077374,6805.149475452572,12932.734945300603,9628.572913196635,3304.162032103968,0.0764765053768104
46275,0.13764093107247796,6748.256868355336,12970.773915408718,9695.632374136188,3275.141541272529,0.07637838546072155
46280,0.13765580313418216,6692.13794830172,13008.28634322647,9762.019358271324,3246.2669849551457,0.07626652928569161
46285,0.13767067519588638,6639.079472157889,13045.332838456545,9826.511266111844,3218.821572344701,0.07621142820354808
46290,0.13768554725759058,6591.166450565471,13082.054460603356,9887.947578595555,3194.1068820078017,0.0761492705184149
46295,0.1377004193192948,6550.102347630984,13118.656909345658,9945.275328227115,3173.381581118543,0.076065813207612
46300,0.137715291380999,6517.072292142239,13155.387428449018,9997.588295527636,3157.799132921382,0.07596550996264999
46305,0.13773016344270322,6492.6664328596635,13192.506324110856,10044.157439861101,3148.3488842497554,0.07585291041069334
46310,0.13774503550440745,6476.872710450669,13230.255531178631,10084.450954630282,3145.8045765483494,0.07573485703993117
46315,0.13775990756611164,6469.138864497325,13268.827069338273,10118.14349667657,3150.683572661703,0.07565925451361485
46320,0.13777477962781587,6468.493981179618,13308.334448618552,10145.115350224041,3163.219098394511,0.07557862346056325
46325,0.13778965168952007,6473.711830870963,13348.790039702797,10165.443288619144,3183.3467510836526,0.07548419975889424
46330,0.1378045237512243,6483.492897888718,13390.09106822794,10179.385483903616,3210.7055843243234,0.07538072440642991
46335,0.13781939581292849,6496.640183635973,13432.016206740722,10187.362893967364,3244.6533127733583,0.07527273366299352
46340,0.1378342678746327,6512.205816582601,13474.233751894002,10189.939182758651,3284.2945691353507,0.0751643546350702
46345,0.1378491399363369,6529.59082446097,13516.321167327227,10187.800569925179,3328.520597402048,0.0750797457343815
46350,0.13786401199804113,6548.588094179475,13557.79447556921,10181.736277113232,3376.0581984559776,0.07500644646225137
46355,0.13787888405974533,6569.367118465851,13598.144770245588,10172.619619512287,3425.5251507333014,0.07492727559954662
46360,0.13789375612144955,6592.407071751786,13636.878189607884,10161.389375576862,3475.4888140310213,0.07484637725264093
46365,0.13790862818315378,6618.3908194478145,13673.555224525608,10149.030852907908,3524.524371617699,0.07476737207742959
46370,0.13792350024485797,6648.075948184231,13707.825345857595,10136.555992549831,3571.2693533077636,0.07469320766219742
46375,0.1379383723065622,6682.159746486673,13739.453639633839,10124.98185082833,3614.4717888055093,0.0746260619510345
46380,0.1379532443682664,6721.153706516788,13768.337321888048,10115.30683959491,3653.0304822931375,0.07456730457295958
46385,0.13796811642997062,6765.28024594684,13794.511447384126,10108.484219628715,3686.0272277554104,0.07451751501615649
46390,0.1379829884916748,6814.400651128238,13818.144546171958,10105.392594276347,3712.7519518956105,0.07447655139345193
46395,0.13799786055337904,6867.979256830026,13839.52604461345,10106.803608372089,3732.7224362413617,0.07444365968562297
46400,0.13801273261508323,6925.084976396469,13859.047955253029,10113.34774310381,3745.7002121492187,0.07441761111348855
46405,0.13802760467678746,6984.427742718093,13877.183379972113,10125.479951552865,3751.7034284192487,0.07439685467109927
46410,0.13804247673849165,7044.424437984533,13894.46393053187,10143.447748966104,3751.0161815657666,0.07437967259694213
46415,0.13805734880019588,7103.286687726281,13911.457413026375,10167.265030837812,3744.192382188563,0.07436432824496692
46420,0.1380722208619001,7159.121642165283,13928.746291062287,10196.695099069693,3732.051191992594,0.0743491979560121
46425,0.1380870929236043,7210.036637344616,13946.906770006573,10231.245954436847,3715.6608155697268,0.07433288070188462
46430,0.13810196498530852,7254.239344297394,13966.48799359954,10270.179827040793,3696.308166558747,0.0743142812310291
46435,0.13811683704701272,7290.12644347087,13987.990870674379,10312.53731619114,3675.4535544832397,0.07430555918178344
46440,0.13813170910871694,7316.355662078756,14011.84640408236,10357.174719688355,3654.671684394005,0.07430921636237398
46445,0.13814658117042114,7331.897833324222,14038.393951671183,10402.81156499561,3635.5823866755727,0.0743115832198053
46450,0.13816145323212536,7336.06724190648,14067.860456655351,10448.084395750793,3619.776060904558,0.07431119087663382
46455,0.13817632529382956,7328.52987362838,14100.342200427516,10491.602740906412,3608.7394595211044,0.07430691940753067
46460,0.13819119735553378,7309.290437751422,14135.790948318827,10532.003877989844,3603.7870703289827,0.07429806601385983
46465,0.13820606941723798,7278.660371594912,14174.00641076463,10568.004221525489,3606.0021892391414,0.07428437454420751
46470,0.1382209414789422,7237.21050436508,14214.636695459418,10598.44648186696,3616.1902135924574,0.07426602686181448
46475,0.13823581354064643,7185.71340763489,14257.187879649042,10622.342695708,3634.8451839410427,0.07425444273481001
46480,0.13825068560235063,7125.081236847189,14301.0430243031,10638.913524041054,3662.1295002620463,0.07425816460811616
46485,0.13826555766405485,7056.304658338446,14345.489971783263,10647.623796152118,3697.866175631145,0.07425707150540332
46490,0.13828042972575905,6980.397188508299,14389.756253652044,10648.213356040264,3741.54289761178,0.07425116437347708
46495,0.13829530178746327,6898.347349811924,14433.04855519461,10640.72121112716,3792.3273440674493,0.07424085674914614
46500,0.13831017384916747,6811.079201813844,14474.593602793242,10625.500185395262,3849.0934173979804,0.07422691464932027
46505,0.1383250459108717,6719.42072384953,14513.677176772393,10603.21902752392,3910.458149248472,0.0742103720576167
46510,0.1383399179725759,6624.079506846049,14549.67824180112,10574.849332928909,3974.828908872212,0.0741924315456303
46515,0.1383547900342801,6525.626037122956,14582.095872567026,10541.635650034152,4040.4602225328745,0.074179046758294
46520,0.1383696620959843,6424.485948447559,14610.567597748464,10505.048580769813,4105.519016978651,0.0741815106088076
46525,0.13838453415768853,6320.943352335733,14634.878808233523,10466.722327565087,4168.156480668436,0.07418096614309021
46530,0.13839940621939276,6215.157305596882,14654.963793052997,10428.379759752099,4226.584033300898,0.07417829550060205
46535,0.13841427828109695,6107.192502453183,14670.899637521028,10391.749474010123,4279.150163510905,0.07417451968858553
46540,0.13842915034280118,5997.063487650882,14682.89457265353,10358.480341403192,4324.414231250337,0.07417070844414266
46545,0.13844402240450537,5884.789348019456,14691.272412048695,10330.059534184691,4361.2128778640035,0.07416789575632873
46550,0.1384588944662096,5770.453377234356,14696.454525788648,10307.739913844278,4388.71461194437,0.07416700758328527
46555,0.1384737665279138,5654.260195430934,14698.94048854592,10292.481900906581,4406.458587639339,0.07416880638769005
46560,0.13848863858961802,5536.58186995941,14699.288207983029,10284.91358531058,4414.374622672449,0.07417385505360707
46565,0.13850351065132221,5417.985197805572,14698.094067322458,10285.311029708573,4412.7830376138845,0.07418250073885838
46570,0.13851838271302644,5299.2345581791715,14695.973436933176,10293.598726775219,4402.374710157957,0.07419487741228915
46575,0.13853325477473064,5181.2682219867875,14693.541817796464,10309.368318341774,4384.17349945469,0.07421092434108306
46580,0.13854812683643486,5065.1499348144525,14691.396842961483,10331.912277501808,4359.484565459676,0.0742393387356851
46585,0.13856299889813908,4952.001092936218,14690.101343320131,10360.268501671513,4329.832841648618,0.07428913523044944
46590,0.13857787095984328,4842.921223833002,14690.167653000692,10393.271709191356,4296.895943809335,0.07433925864070437
46595,0.1385927430215475,4738.905464488485,14692.043278544055,10429.608052260168,4262.4352262838875,0.07438959685484973
46600,0.1386076150832517,4640.767413446241,14696.09799736187,10467.870221334892,4228.227776026979,0.07444008218524183
46605,0.13862248714495592,4549.074524023316,14702.612412922601,10506.611261880971,4196.00115104163,0.07449221850198513
46610,0.13863735920666012,4464.101611862191,14711.768009062915,10544.396142721998,4167.371866340916,0.07454774808002469
46615,0.13865223126836435,4385.806458511857,14723.638834713525,10579.85067576026,4143.788158953264,0.07460347672124688
46620,0.13866710333006854,4313.830021408164,14738.185108708458,10611.707631007066,4126.477477701392,0.07465934718401772
46625,0.13868197539177277,4247.522236792573,14755.24922724241,10638.84980953792,4116.39941770449,0.07471531437201219
46630,0.13869684745347696,4185.992513381844,14774.554826196956,10660.349460936879,4114.205365260077,0.07477131367748216
46635,0.1387117195151812,4128.181569300984,14795.709636105543,10675.502845025363,4120.20679108018,0.07482723355904332
46640,0.1387265915768854,4072.948427946996,14818.212825585284,10683.858096813618,4134.3547287716665,0.07488289511842047
46645,0.1387414636385896,4019.16374739039,14841.467346103325,10685.234082121531,4156.233263981794,0.07493804069555943
46650,0.13875633570029383,3965.799049321886,14864.79748238801,10679.7278672568,4185.0696151312095,0.07499233241790558
46655,0.13877120776199803,3912.0015801514046,14887.47141289246,10667.708931707886,4219.762481184574,0.07504536037434283
46660,0.13878607982370225,3857.1467646650653,14908.728137710015,10649.799327398461,4258.928810311554,0.07509665887338252
46665,0.13880095188540645,3800.8641307158414,14927.807686859378,10626.84043854825,4300.967248311128,0.07514572833355243
46670,0.13881582394711067,3743.037225302738,14943.98313514479,10599.848492364434,4344.134642780356,0.07519205991809896
46675,0.13883069600881487,3683.782150669045,14956.592678347055,10569.962166252932,4386.630512094123,0.07524662783985167
46680,0.1388455680705191,3623.4118099148436,14965.06991927874,10538.386295467266,4426.683623811474,0.07530114335659614
46685,0.1388604401322233,3562.3931846968135,14968.970598427908,10506.335747376661,4462.634851051247,0.07535334965502134
46690,0.1388753121939275,3501.303134069334,14967.994274409499,10474.98309636115,4493.011178048349,0.07540291537251179
46695,0.13889018425563174,3440.785152928859,14961.99986736823,10445.412988514001,4516.586878854228,0.07544955198101763
46700,0.13890505631733593,3381.506509387582,14951.014448585542,10418.585200418971,4532.429248166571,0.07549302398386866
46705,0.13891992837904016,3324.113404050154,14935.235108495213,10395.307483163093,4539.92762533212,0.0755331552545702
46710,0.13893480044074435,3269.1820094056065,14915.024096025598,10376.21839553669,4538.805700488907,0.07558153781579147
46715,0.13894967250244858,3217.1654648511167,14890.897662765918,10361.779503930897,4529.118158835021,0.07563628898938302
46720,0.13896454456415278,3168.3403724832124,14863.509174935554,10352.275615522563,4511.233559412991,0.07568873266339006
46725,0.138979416625857,3122.759788678414,14833.627115585874,10347.821201034425,4485.805914551449,0.0757591036226613
46730,0.1389942886875612,3080.2217629792694,14802.108641247723,10348.370942582895,4453.737698664829,0.07582841620056448
46735,0.13900916074926542,3040.2621279871382,14769.86942300308,10353.732457171142,4416.136965831938,0.07589590653674481
46740,0.13902403281096962,3002.177206561286,14737.850608733981,10363.579664026249,4374.270944707732,0.07596149217709172
46745,0.13903890487267384,2965.076955763101,14706.983882459366,10377.465869344536,4329.51801311483,0.0760280548264534
46750,0.13905377693437806,2927.9631179622975,14678.155743403224,10394.836275525593,4283.319467877631,0.07610694704027354
46755,0.13906864899608226,2889.8218359557577,14652.172254402312,10415.040137268483,4237.1321171338295,0.07618368296337237
46760,0.13908352105778649,2849.717337164575,14629.725596072263,10437.343099386251,4192.382496686012,0.0762579173633625
46765,0.13909839311949068,2806.8734175376358,14611.363800013354,10460.940356072184,4150.42344394117,0.07632927888615808
46770,0.1391132651811949,2760.7323219715345,14597.465018550714,10484.971226344756,4112.493792205958,0.07639738079402529
46775,0.1391281372428991,2710.9851759621324,14588.217618891393,10508.53562818967,4079.6819907017234,0.07646287241693976
46780,0.13914300930460333,2657.572996114628,14583.607260797342,10530.712822177358,4052.8944386199837,0.07653924977427047
46785,0.13915788136630752,2600.6613689669502,14583.411918391215,10550.58271134434,4032.829207046876,0.07661141980795542
46790,0.13917275342801175,2540.594628555009,14587.205525820662,10567.249907997928,4019.955617822734,0.07667912625974399
46795,0.13918762548971594,2477.8368564046486,14594.370556353339,10579.870654492952,4014.4999018603867,0.0767421697241194
46800,0.13920249755142017,2412.907589125274,14604.119392876331,10587.682447702566,4016.4369451737657,0.07680040319018366
46805,0.1392173696131244,2346.319949576993,14615.523843536022,10590.03581850421,4025.488025031813,0.07685372408544634
46810,0.1392322416748286,2278.5279947352483,14627.551648149787,10586.427157856904,4041.124490292883,0.07690206427250293
46815,0.1392471137365328,2209.888323692714,14639.108369329573,10576.53082231025,4062.577547019324,0.07696004473870698
46820,0.139261985798237,2140.6385448699402,14649.082723488815,10560.228114856141,4088.8546086326733,0.07701534737557529
46825,0.13927685785994123,2070.8924935020987,14656.393219237923,10537.63027419985,4118.762945038074,0.07706627429337487
46830,0.13929172992164543,2000.649699475176,14660.033943491526,10509.092457779347,4150.941485712179,0.07711286274094432
46835,0.13930660198334965,1929.8150002511138,14659.117449088666,10475.21595967931,4183.901489409356,0.07715513062972419
46840,0.13932147404505385,1858.2235617630831,14652.912910904322,10436.836576509679,4216.076334394644,0.07719307377530456
46845,0.13933634610675807,1785.6668390096274,14640.877982306647,10394.998062919742,4245.879919386905,0.07722669864133948
46850,0.13935121816846227,1711.9159857183004,14622.683060902626,10350.910895863639,4271.772165038987,0.07727589298076952
46855,0.1393660902301665,1636.7407070913268,14598.226942507736,10305.89796359964,4292.328978908095,0.07732138079625275
46860,0.13938096229187072,1559.9233267288237,14567.643111005402,10261.330175183906,4306.312935821496,0.07736309352836869
46865,0.13939583435357492,1481.2696054069565,14531.296204937136,10218.556204431381,4312.740000505755,0.07740095970708896
46870,0.13941070641527914,1400.6191800504948,14489.768550713337,10178.831481084082,4310.937069629255,0.07743491454447508
46875,0.13942557847698334,1317.8589295482052,14443.837075613397,10143.251956318,4300.585119295398,0.07746490860391513
46880,0.13944045053868756,1232.941821824339,14394.441401554588,10112.697957440365,4281.743444114223,0.07751071315924182
46885,0.13945532260039176,1145.9118963344135,14342.644431731143,10087.792539001706,4254.851892729437,0.07755573727692439
46890,0.13947019466209598,1056.933429764229,14289.587214826917,10068.877193299088,4220.71002152783,0.07759709236563798
46895,0.13948506672380018,966.3197512637689,14236.44024293116,10056.005817070916,4180.434425860243,0.07763474080941889
46900,0.1394999387855044,874.5554040855932,14184.353564967878,10048.95579013658,4135.397774831297,0.07766865385478425
46905,0.1395148108472086,782.3049754294188,14134.408159904551,10047.25330322624,4087.1548566783113,0.07769880387474844
46910,0.13952968290891282,690.4031258751293,14087.570919428583,10050.209005668186,4037.3619137603964,0.07774598546380929
46915,0.13954455497061705,599.822886757911,14044.655357305683,10056.959784676928,3987.6955726287542,0.0777912908026637
46920,0.13955942703232124,511.6225499916327,14006.28981372211,10066.51297309481,3939.776840627299,0.07783248651933088
46925,0.13957429909402547,426.8747086832809,13972.89447704544,10077.790264781974,3895.1042122634663,0.07786943845297574
46930,0.13958917115572966,346.5836035652337,13944.668024026942,10089.66976230357,3854.998261723371,0.07790199811481777
46935,0.1396040432174339,271.5985907920458,13921.584113917559,10101.025578731913,3820.558535185646,0.07793000451525932
46940,0.13961891527913808,202.53230688829717,13903.3974100785,10110.76505380748,3792.6323562710204,0.07796122691572371
46945,0.1396337873408423,139.69216767159742,13889.658306082318,10117.863844004933,3771.794462077385,0.07800097168134705
46950,0.1396486594025465,83.03331549888935,13879.735163362318,10121.398942973505,3758.3362203888137,0.07803554404112728
46955,0.13966353146425073,32.1399044034315,13872.842664062524,10120.57920408687,3752.2634599756548,0.07806485146390126
46960,0.13967840352595493,-13.76058692607512,13868.074846041325,10114.772339285188,3753.3025067561375,0.07808882613299313
46965,0.13969327558765915,-55.74864477151823,13864.441472580826,10103.526842933748,3760.914629647077,0.07810742878440712
46970,0.13970814764936337,-95.13241280562397,13860.906521853447,10086.587007360147,3774.3195144932997,0.07812065100751206
46975,0.13972301971106757,-133.34284268127521,13856.427681124424,10063.899284419625,3792.528396704798,0.07813246547382612
46980,0.1397378917727718,-171.81467367298137,13849.995744443657,10035.608753813041,3814.3869906306154,0.07815719486475735
46985,0.139752763834476,-211.86514132091907,13840.67273329618,10002.045331295949,3838.627402000231,0.07817698654729062
46990,0.13976763589618021,-254.58178940112703,13827.627430173325,9963.700433362075,3863.9269968112494,0.07819197001408974
46995,0.1397825079578844,-300.72861347821527,13810.166912705587,9921.1958862651,3888.9710264404857,0.07820227409491243
47000,0.13979738001958864,-350.67690888259494,13787.76268382784,9875.24769977307,3912.5149840547692,0.0782080136543824
47005,0.13981225208129283,-404.3645697444663,13760.070168253716,9826.627761686805,3933.442406566912,0.07820927553454034
47010,0.13982712414299706,-461.2857427045765,13726.94069430689,9776.126503287305,3950.8141910195845,0.07821552886709685
47015,0.13984199620470125,-520.5116792949757,13688.425553529043,9724.519204606137,3963.9063489229065,0.07823400229823486
47020,0.13985686826640548,-580.742922247884,13644.772237311663,9672.537981652049,3972.234255659614,0.07824844680690596
47025,0.1398717403281097,-640.392026946145,13596.413388041605,9620.850757509255,3975.5626305323494,0.07825871492168271
47030,0.1398866123898139,-697.6944195791693,13543.94929601133,9570.047756356988,3973.901539654342,0.07826460262831057
47035,0.13990148445151812,-750.8425798700246,13488.124900643901,9520.635317473581,3967.4895831703197,0.07826586836782022
47040,0.13991635651322232,-798.1356714414451,13429.80225418001,9473.036127023444,3956.766127156565,0.07827163756638372
47045,0.13993122857492654,-838.1334492146307,13369.929358816975,9427.59434412618,3942.335014690794,0.0782925352783234
47050,0.13994610063663074,-869.8003616464539,13309.506281368353,9384.583622387669,3924.922658980684,0.07830814646776958
47055,0.13996097269833496,-892.6239583059723,13249.549537043451,9344.215788487849,3905.333748555602,0.078325840320244
47060,0.13997584476003916,-906.691736394725,13191.055913081911,9306.648010507586,3884.407902574325,0.07833805400675745
47065,0.13999071682174338,-912.7129767082479,13134.967113697343,9271.986688500832,3862.9804251965106,0.07834713690535751
47070,0.14000558888344758,-911.9771340310581,13082.13675638798,9240.286968600749,3841.8497877872305,0.07837722118823745
47075,0.1400204609451518,-906.2476285450939,13033.301245067534,9211.547597510747,3821.7536475567867,0.0784002319305776
47080,0.14003533300685603,-897.5985043325054,12989.055834419152,9185.70165631631,3803.3541781028416,0.0784161004805191
47085,0.14005020506856022,-888.2099551796564,12949.836789226973,9162.604431146987,3787.2323580799857,0.07842481164447536
47090,0.14006507713026445,-880.1455430773058,12915.910000810583,9142.020236853325,3773.8897639572588,0.07842638294819693
47095,0.14007994919196864,-875.1376462886128,12887.36586313971,9123.61039359954,3763.7554695401705,0.07843092371796431
47100,0.14009482125367287,-874.4074881706056,12864.11975830881,9106.924757124538,3757.1950011842728,0.07844907489791841
47105,0.14010969331537707,-878.5420652531502,12845.917254346494,9091.39919028773,3754.518064058764,0.07845933834765655
47110,0.1401245653770813,-887.4432129939596,12832.343122009903,9076.361079690998,3755.982042318905,0.07846171710437413
47115,0.14013943743878549,-900.3551493637133,12822.833507299845,9061.044393745437,3761.7891135544087,0.07845622620665078
47120,0.1401543095004897,-915.9674170831004,12816.690968157714,9044.614843928266,3772.0761242294484,0.07844290224208182
47125,0.1401691815621939,-932.5813561737959,12813.102477270637,9026.204530537803,3786.8979467328336,0.07842673059648905
47130,0.14018405362389813,-948.3210502152288,12811.160786582665,9004.954198022422,3806.2065885602424,0.07843018920737001
47135,0.14019892568560235,-961.3649060021689,12809.889650425024,8980.060116696945,3829.8295337280797,0.07842558232152018
47140,0.14021379774730655,-970.172198972552,12808.273268943696,8950.82186244979,3857.4514064939067,0.0784131337395263
47145,0.14022866980901078,-973.6801729374656,12805.289950716098,8916.687025140638,3888.60292557546,0.07839312671714253
47150,0.14024354187071497,-971.4512231326808,12799.94945843037,8877.289164170881,3922.660294259489,0.07836589667423544
47155,0.1402584139324192,-963.7555100699064,12791.332881696299,8832.47605039524,3958.8568313010583,0.07833181880924683
47160,0.1402732859941234,-951.5811462481579,12778.63327847708,8782.326209159102,3996.307069317978,0.0783271169709115
47165,0.14028815805582762,-936.5711686473787,12761.194840092186,8727.152813721048,4034.0420263711385,0.07831597269803121
47170,0.1403030301175318,-920.8934358475053,12738.548043978099,8667.494921933085,4071.053122045014,0.0782986749836379
47175,0.14031790217923604,-907.0560561486927,12710.438212376059,8604.09683575048,4106.341376625578,0.07827551429501534
47180,0.14033277424094023,-897.6865093946271,12676.84510769738,8537.877004927324,4138.968102770055,0.07824673310232085
47185,0.14034764630264446,-895.2965811753984,12637.991648525347,8469.888441140347,4168.103207385,0.07821936161985923
47190,0.14036251836434868,-902.0568215247113,12594.340482965232,8401.27308579679,4193.067397168441,0.07822015098990862
47195,0.14037739042605288,-919.6029703122113,12546.577953262391,8333.212955828352,4213.364997434039,0.07821506036699388
47200,0.1403922624877571,-948.8927208489513,12495.585863325601,8266.881089942775,4228.704773382826,0.07820396096406623
47205,0.1404071345494613,-990.1250301458094,12442.402346676588,8203.395222687255,4239.007123989333,0.07820252517613953
47210,0.14042200661116552,-1042.7270845803778,12388.173946266812,8143.776649338301,4244.397296928511,0.07826459546605427
47215,0.14043687867286972,-1105.4072157930987,12334.10167700119,8088.915926357357,4245.185750643833,0.07832489471253368
47220,0.14045175073457394,-1176.2664375020759,12281.384274053316,8039.5460164334745,4241.838257619842,0.07837975768574496
47225,0.14046662279627814,-1252.9572055371445,12231.161988081452,7996.222475519608,4234.939512561844,0.0784628184559724
47230,0.14048149485798236,-1332.875347097117,12184.464161386975,7959.309570705443,4225.154590681533,0.07854836734123313
47235,0.14049636691968656,-1413.3694433467463,12142.163434324448,7928.971027369684,4213.192406954764,0.07862893224278152
47240,0.14051123898139078,-1491.9509217897757,12104.938846298806,7905.164488519514,4199.774357779293,0.07870467822545661
47245,0.140526111043095,-1566.4876784355492,12073.249386050706,7887.639584994288,4185.609801056417,0.0787757411438239
47250,0.1405409831047992,-1635.3645436617753,12047.318792857826,7875.940457034118,4171.378335823709,0.0788422181062284
47255,0.14055585516650343,-1697.5958664189911,12027.131691532099,7869.414277499616,4157.717414032482,0.07891668143247159
47260,0.14057072722820763,-1752.8793035032068,12012.440525491053,7867.227524986992,4145.213000504061,0.078993883906274
47265,0.14058559928991185,-1801.58547503901,12002.78228016071,7868.391336183784,4134.390943976927,0.07906635225837724
47270,0.14060047135161605,-1844.68482138111,11997.50368256111,7871.796322786289,4125.70735977482,0.07913402667604105
47275,0.14061534341332027,-1883.6197359337148,11995.793409603739,7876.256005938453,4119.537403665286,0.07919681813115585
47280,0.14063021547502447,-1920.135821445865,11996.719795253424,7880.556788599193,4116.163006654231,0.07925462265830215
47285,0.1406450875367287,-1956.090214981812,11999.272534643744,7883.511402465039,4115.761132178704,0.0793157655165097
47290,0.1406599595984329,-1993.257036915753,12002.406880859171,7884.012186936817,4118.394693922354,0.07940802302977047
47295,0.1406748316601371,-2033.1500698838845,12005.08877625032,7881.080437856157,4124.008338394164,0.07949521608567596
47300,0.14068970372184134,-2076.8807265090836,12006.339247544094,7873.908382118201,4132.430865425893,0.0795840624056921
47305,0.14070457578354553,-2125.06517399736,12005.276252197695,7861.891026220888,4143.385225976806,0.07968371817380492
47310,0.14071944784524976,-2177.78828794075,12001.152050274124,7844.646104617227,4156.505945656897,0.07977820881191057
47315,0.14073431990695395,-2234.6245121081756,11993.384160669537,7822.021507293462,4171.362653376075,0.07986749652181793
47320,0.14074919196865818,-2294.707906005726,11981.57810355567,7794.090755832533,4187.487347723137,0.07995156717651018
47325,0.14076406403036237,-2356.837251333245,11965.540468478517,7761.138158466572,4204.402310011945,0.08003043188995893
47330,0.1407789360920666,-2419.598523336319,11945.28138218418,7723.636044002997,4221.6453381811825,0.08011406585084507
47335,0.1407938081537708,-2481.4870857046626,11921.006150372059,7682.216834276256,4238.789316095803,0.08020571984131343
47340,0.14080868021547502,-2541.0153979802144,11893.096653045171,7637.642633116944,4255.454019928227,0.08029213712337917
47345,0.14082355227717924,-2596.797660632332,11862.083902658547,7590.774552674322,4271.309349984225,0.08037339865971847
47350,0.14083842433888344,-2647.6090021083146,11828.613932367432,7542.543305686498,4286.070626680935,0.08045880141196517
47355,0.14085329640058766,-2692.4219581710204,11793.409766110066,7493.921831312765,4299.487934797301,0.08058086563071508
47360,0.14086816846229186,-2730.4260846398993,11757.232536173513,7445.9000370681615,4311.332499105351,0.08069816689043469
47365,0.14088304052399608,-2761.0373017814873,11720.844784756586,7399.461226092556,4321.38355866403,0.08081077214567
47370,0.14089791258570028,-2783.9023593252878,11684.978588250242,7355.559485299627,4329.419102950615,0.08091874551138949
47375,0.1409127846474045,-2798.9013712242813,11650.310414980358,7315.097252861985,4335.2131621183735,0.08103833990382582
47380,0.1409276567091087,-2806.148514694314,11617.443673834223,7278.902463868743,4338.5412099654795,0.08115975072469775
47385,0.14094252877081292,-2805.9884319157436,11586.89888676207,7247.705073787068,4339.193812975002,0.08127621295729498
47390,0.14095740083251712,-2798.984174880482,11559.110493767852,7222.11332715066,4336.997166617192,0.08138768312272325
47395,0.14097227289422135,-2785.892108770706,11534.428624747534,7202.590766658489,4331.837858089045,0.08149409414677995
47400,0.14098714495592557,-2767.6202850615446,11513.123843798108,7189.435511046005,4323.688332752104,0.08159535977443175
47405,0.14100201701762977,-2745.1693978715566,11495.3929096127,7182.763607378907,4312.629302233792,0.08170687155527032
47410,0.141016889079334,-2719.5591541859867,11481.363945628475,7182.4981793803145,4298.86576624816,0.08181854560703242
47415,0.1410317611410382,-2691.7469248285524,11471.099963597719,7188.365650455439,4282.7343131422795,0.0819537709809088
47420,0.1410466332027424,-2662.5488548387802,11464.600297913104,7199.899637535148,4264.700660377956,0.08209144178809935
47425,0.1410615052644466,-2632.575227619791,11461.800063581119,7216.452383249737,4245.3476803313815,0.08223852423791657
47430,0.14107637732615083,-2602.1912427057414,11462.568170843537,7237.213011740681,4225.355159102855,0.08237968071260705
47435,0.14109124938785503,-2571.5115225551162,11466.704691598301,7261.231578242431,4205.47311335587,0.08251472374155001
47440,0.14110612144955925,-2540.432163362235,11473.93849767549,7287.447847374342,4186.490650301148,0.08264345517994245
47445,0.14112099351126345,-2508.698793007434,11483.926117371122,7314.723893947001,4169.202223424121,0.08276566039948938
47450,0.14113586557296767,-2476.003707178348,11496.252716299909,7341.879832658123,4154.372883641786,0.08289278695352457
47455,0.1411507376346719,-2442.100458150635,11510.436013519697,7367.732112011197,4142.703901508499,0.08302330579914666
47460,0.1411656096963761,-2406.9209728419355,11525.933788575303,7391.133769735014,4134.800018840289,0.0831463714699289
47465,0.14118048175808032,-2370.6790423710663,11542.155408927503,7411.015838712733,4131.13957021477,0.08326165960259628
47470,0.1411953538197845,-2333.945300649566,11558.477507210775,7426.428785019931,4132.048722190844,0.08338443202791135
47475,0.14121022588148874,-2297.682541119657,11574.263576265443,7436.582561709466,4137.681014555977,0.08353953473629479
47480,0.14122509794319293,-2263.23570403379,11588.886854610138,7440.883667389264,4148.003187220875,0.08368664220937334
47485,0.14123997000489716,-2232.276909737753,11601.755485531063,7438.967543483356,4162.787942047707,0.08382532621658702
47490,0.14125484206660135,-2206.711278594419,11612.338595362797,7430.724696497626,4181.613898865171,0.08395519309293756
47495,0.14126971412830558,-2188.5531429123002,11620.19169800605,7416.319021503076,4203.872676502974,0.08409745200917697
47500,0.14128458619000978,-2179.784418566127,11624.979734400937,7396.196876397813,4228.782858003124,0.08423222575792516
47505,0.141299458251714,-2182.207646142253,11626.496123188594,7371.0855208889025,4255.410602299691,0.0843573045161383
47510,0.14131433031341822,-2197.3059639273924,11624.676432803788,7341.979667813997,4282.696764989791,0.08447249879468681
47515,0.14132920237512242,-2226.1213308715596,11619.60565623089,7310.115210898672,4309.490445332218,0.0845776883751041
47520,0.14134407443682664,-2269.160751414134,11611.518521016453,7276.929781273068,4334.588739743384,0.08469197829396434
47525,0.14135894649853084,-2326.3380342560795,11600.792728159673,7244.010656411065,4356.782071748608,0.08483597000033864
47530,0.14137381856023506,-2396.9557782260563,11587.93541866923,7213.031613943324,4374.903804725906,0.08497089181825082
47535,0.14138869062193926,-2479.7290212928147,11573.563475007939,7185.681426648808,4387.882048359131,0.08511990870668683
47540,0.14140356268364349,-2572.8486583569493,11558.378471781347,7163.587643464717,4394.79082831663,0.08525960808199744
47545,0.14141843474534768,-2674.0797057971977,11543.137227339432,7148.239931194265,4394.897296145166,0.08538990028840114
47550,0.1414333068070519,-2780.8870451213406,11528.619028580937,7140.917468097499,4387.701560483438,0.08551071636972685
47555,0.1414481788687561,-2890.579517847119,11515.590756266576,7142.624673569153,4372.966082697423,0.08562200153873165
47560,0.14146305093046033,-3000.4621076279054,11504.771351715866,7154.038990243779,4350.732361472087,0.08574391954144021
47565,0.14147792299216455,-3107.9853080077182,11496.79731811595,7175.473610310159,4321.323707805792,0.08585906236548597
47570,0.14149279505386875,-3210.8805899770205,11492.191176883622,7206.857067077906,4285.334109805715,0.08596436384310341
47575,0.14150766711557297,-3307.2712947424116,11491.334911152948,7247.730589646754,4243.604321506194,0.08610534563144936
47580,0.14152253917727717,-3395.74959331266,11494.450337845408,7297.263116533163,4197.187221312245,0.08624857340364663
47585,0.1415374112389814,-3475.412680691489,11501.588006002945,7354.282947505939,4147.305058497006,0.08638260323379092
47590,0.1415522833006856,-3545.8551580920157,11512.625628755774,7417.324245413681,4095.301383342093,0.08650704365619055
47595,0.1415671553623898,-3607.1192237949845,11527.27628710194,7484.686038186728,4042.590248915212,0.08663441353159086
47600,0.141582027424094,-3659.6090815727066,11545.105809252043,7554.501044080395,3990.604765171648,0.08676005983327024
47605,0.14159689948579823,-3703.9800113094607,11565.557960660595,7624.811528714097,3940.746431946498,0.08687483417067074
47610,0.14161177154750243,-3741.01518412102,11587.985493496464,7693.649423345484,3894.33607015098,0.0869781844098404
47615,0.14162664360920665,-3771.504322414873,11611.684775403846,7759.117978892437,3852.566796511409,0.0870736517035173
47620,0.14164151567091088,-3796.137835237697,11635.931665344588,7819.472196899018,3816.4594684455697,0.08717393942604783
47625,0.14165638773261507,-3815.4283217157954,11660.016492574729,7873.195118825814,3786.821373748915,0.08728371898950753
47630,0.1416712597943193,-3829.668407772213,11683.276344761416,7919.066804669565,3764.2095400918515,0.08740924425961816
47635,0.1416861318560235,-3838.929699686306,11705.123286371669,7956.222608216572,3748.900678155097,0.08752448047603818
47640,0.14170100391772772,-3843.102258402184,11725.067523154892,7984.197321091231,3740.870202063661,0.08762722681332835
47645,0.14171587597943192,-3841.9679237052896,11742.734851927848,8002.952058911937,3739.782793015911,0.08771707289194847
47650,0.14173074804113614,-3835.295116060721,11757.877981546893,8012.881476527978,3744.9965050189157,0.08780217119479965
47655,0.14174562010284034,-3822.938803497833,11770.381513676757,8014.799998291787,3755.58151538497,0.08788462094302152
47660,0.14176049216454456,-3804.9283248329766,11780.26057946501,8009.907109458319,3770.353470006691,0.08795379238739809
47665,0.14177536422624876,-3781.5281657688483,11787.653379287933,7999.733194902816,3787.920184385117,0.08800964674857387
47670,0.14179023628795298,-3753.2620860227644,11792.80817722791,7986.068747055408,3806.7394301725017,0.08806192603267292
47675,0.1418051083496572,-3720.897891002096,11796.065636517184,7970.8808526188495,3825.184783898334,0.08810944779073372
47680,0.1418199804113614,-3685.3969962442798,11797.837699023692,7956.221623242725,3841.6160757809666,0.08817087890372753
47685,0.14183485247306563,-3647.8383141419527,11798.584455023158,7944.133628669877,3854.4508263532807,0.08823716453693332
47690,0.14184972453476982,-3609.329049078824,11798.790571201996,7936.557427155365,3862.2331440466314,0.08829243925205492
47695,0.14186459659647405,-3570.9155586157194,11798.94281773951,7935.245991882333,3863.696825857176,0.08833667971667224
47700,0.14187946865817824,-3533.5059162654225,11799.510057930343,7941.690242639542,3857.8198152908017,0.08837360638615213
47705,0.14189434071988247,-3497.812865072826,11800.926759416128,7957.0590659619065,3843.867693454222,0.08840827821711006
47710,0.14190921278158666,-3464.3221699663027,11803.580696258443,7982.156221138769,3821.424475119674,0.08843187992574807
47715,0.1419240848432909,-3433.2875270384375,11807.805085925198,8017.39547416335,3790.4096117618483,0.08844424378847365
47720,0.14193895690499508,-3404.749609597625,11813.87499483439,8062.794262515634,3751.0807323187564,0.08844517414184468
47725,0.1419538289666993,-3378.5739038895626,11822.007494042924,8117.9852320205455,3704.0222620223785,0.0884429497539763
47730,0.14196870102840353,-3354.5000661249096,11832.364786536315,8182.244132526403,3650.120654009912,0.08843177328292166
47735,0.14198357309010773,-3332.1948879172905,11845.05937947084,8254.531821275448,3590.527558195392,0.08840859238575877
47740,0.14199844515181195,-3311.301651922362,11860.160341262725,8333.547516450679,3526.612824812046,0.08837609808485589
47745,0.14201331721351615,-3291.4804563060798,11877.69974780716,8417.790008396734,3459.9097394104265,0.088360069407873
47750,0.14202818927522037,-3272.4364900514965,11897.678551993009,8505.62333391442,3392.055218078589,0.08833501312012013
47755,0.14204306133692457,-3253.9356799755387,11920.071269579485,8595.343503130382,3324.727766449103,0.08829942879586683
47760,0.1420579333986288,-3235.8091746665277,11944.829036490693,8685.243245524063,3259.58579096663,0.08825739335015999
47765,0.142072805460333,-3217.949596303247,11971.880752605904,8773.672350051367,3198.2084025545373,0.08820493773356788
47770,0.14208767752203721,-3200.3028599910303,12001.132199636728,8859.091893563931,3142.0403060727967,0.08814224552175708
47775,0.1421025495837414,-3182.8596078021674,12032.463227663266,8940.12133964066,3092.3418880226054,0.08806788917957506
47780,0.14211742164544564,-3165.6498102698306,12065.72335845148,9015.578027438283,3050.1453310131965,0.0879817070248853
47785,0.14213229370714986,-3148.7427466083464,12100.726443288806,9084.508894647319,3016.217548641487,0.08788356259636543
47790,0.14214716576885406,-3132.252531109785,12137.24530195134,9146.21439520145,2991.0309067498893,0.08777334730905202
47795,0.14216203783055828,-3116.3471422989605,12175.007500512702,9200.26454350842,2974.7429570042823,0.08765098390934495
47800,0.14217690989226248,-3101.2573205450353,12213.693534114836,9246.506936839396,2967.1865972754404,0.08751643019768554
47805,0.1421917819539667,-3087.281382170773,12252.938609059172,9285.066569372028,2967.872039687145,0.08736968236242841
47810,0.1422066540156709,-3074.7830887753844,12292.33893299164,9316.337317874297,2976.001615117344,0.08721077733933119
47815,0.14222152607737512,-3064.1817179204463,12331.46292806353,9340.965164707692,2990.497763355839,0.08703979382915365
47820,0.14223639813907932,-3055.9355409955806,12369.867134389491,9359.823497809886,3010.043636579605,0.08685685188291928
47825,0.14225127020078354,-3050.521241341925,12407.115872728886,9373.981133776111,3033.1347389527746,0.08666510892178723
47830,0.14226614226248774,-3048.4120566329584,12442.803119794306,9384.663996715688,3058.1391230786176,0.08648827751899293
47835,0.14228101432419196,-3050.0567798160264,12476.57464983616,9393.211624215663,3083.363025620498,0.08630077512673139
47840,0.1422958863858962,-3055.8607007448063,12508.148405288586,9401.029861284942,3107.1185440036443,0.08610274004807206
47845,0.14231075844760038,-3066.1686311128306,12537.331299284067,9409.541255325126,3127.790043958941,0.0858943320549826
47850,0.1423256305093046,-3081.2496351270165,12564.031163427735,9420.134784764065,3143.8963786636705,0.08567572904656273
47855,0.1423405025710088,-3101.2830347234612,12588.263208814766,9434.116628588408,3154.1465802263574,0.0854471237495062
47860,0.14235537463271303,-3126.3455535022786,12610.151012255685,9452.663688323208,3157.487323932477,0.08520872049133467
47865,0.14237024669441722,-3156.399963660123,12629.92253716582,9476.78148615921,3153.141051006609,0.08496073215287012
47870,0.14238511875612145,-3191.2862097195384,12647.90197007179,9507.26788012555,3140.634089946241,0.08470337746928211
47875,0.14239999081782564,-3230.7166323064084,12664.498192461342,9544.683781688427,3119.814410772915,0.08443687884593729
47880,0.14241486287952987,-3274.27747525021,12680.190571293813,9589.33177303602,3090.8587982577938,0.08416146076438644
47885,0.14242973494123407,-3321.4390827095967,12695.51253587969,9641.243243409961,3054.2692924697294,0.0838773486953273
47890,0.1424446070029383,-3371.576759664057,12711.033215793097,9700.174425582589,3010.8587902105082,0.08358476826385627
47895,0.1424594790646425,-3424.002943036424,12727.337323568758,9765.611520053915,2961.7258035148425,0.08328394429468353
47900,0.1424743511263467,-3478.009163379452,12745.003517165944,9836.784924480387,2908.2185926855564,0.08297509935443304
47905,0.14248922318805093,-3532.913725530101,12764.581665484366,9912.69240028335,2851.8892652010163,0.08265845152318656
47910,0.14250409524975513,-3588.108886842284,12786.569721063082,9992.130769489117,2794.438951573966,0.08233421134513427
47915,0.14251896731145935,-3643.1003859321736,12811.391206766531,10073.735428648863,2737.655778117669,0.08202552664035868
47920,0.14253383937316355,-3697.5329438655153,12839.374568655418,10156.026617016973,2683.347951638445,0.08171120911584427
47925,0.14254871143486778,-3751.1976822723773,12870.735766436737,10237.461039133119,2633.2747273036184,0.08138954208423535
47930,0.14256358349657197,-3804.0205766975405,12905.565422437348,10316.48717905089,2589.078243386459,0.0810606350969021
47935,0.1425784555582762,-3856.0341847392347,12943.821621181158,10391.602487191949,2552.219133989209,0.08072458130066275
47940,0.1425933276199804,-3907.33729841914,12985.329071910983,10461.410553722491,2523.9185181884914,0.08038145781279668
47945,0.14260819968168462,-3958.0486903810242,13029.784873002618,10524.67634464784,2505.108528354778,0.08003132867706267
47950,0.14262307174338884,-4008.261930563516,13076.77062345031,10580.377500521043,2496.3931229292666,0.07967425029995716
47955,0.14263794380509304,-4058.008508930816,13125.770183581219,10627.749550313987,2498.0206332672315,0.07931027887030051
47960,0.14265281586679726,-4107.23606726081,13176.192045997515,10666.322708574127,2509.869337423388,0.0789394789122218
47965,0.14266768792850146,-4155.80699500436,13227.395058310933,10695.947805283597,2531.447253027336,0.0785619319049521
47970,0.14268255999020568,-4203.519637676251,13278.71613021522,10716.808987021112,2561.9071431941084,0.07817774390212448
47975,0.14269743205190988,-4250.150076625401,13329.49852845909,10729.421253959952,2600.0772744991373,0.07778705132179636
47980,0.1427123041136141,-4295.507742134799,13379.119383364243,10734.611718630918,2644.5076647333244,0.07739002449577874
47985,0.1427271761753183,-4339.494356269543,13427.01508472578,10733.484639661276,2693.5304450645035,0.07698686903032748
47990,0.14274204823702252,-4382.154125269632,13472.703340385602,10727.37163918284,2745.331701202762,0.07657782538514027
47995,0.14275692029872672,-4423.704347365225,13515.800830489976,10717.769832268774,2798.030998221202,0.07616316721457403
48000,0.14277179236043094,-4464.5394173009045,13556.035637386265,10706.271657802015,2849.7639795842497,0.07574319891818412
48005,0.14278666442213517,-4505.206573311726,13593.253971032549,10694.49084399751,2898.7631270350394,0.07531825259828538
48010,0.14280153648383936,-4546.357255712354,13627.421120167219,10683.989106713236,2943.432013453983,0.07488868435835244
48015,0.1428164085455436,-4588.6823444496085,13658.616989645205,10676.20789381314,2982.409095832065,0.07445486972816406
48020,0.14283128060724778,-4632.841997692963,13687.026967479345,10672.408842531706,3014.6181249476394,0.07435214770749526
48025,0.142846152668952,-4679.401104909455,13712.929137576604,10673.625720751026,3039.303416825578,0.0742426578107469
48030,0.1428610247306562,-4728.779782506785,13736.67897571768,10680.62959081394,3056.0493849037393,0.07420565421678792
48035,0.14287589679236043,-4781.2254417941,13758.692632435506,10693.90787491478,3064.784757520727,0.0742863992769329
48040,0.14289076885406463,-4836.809364137181,13779.429748387096,10713.657019949962,3065.772728437134,0.07427274913209694
48045,0.14290564091576885,-4895.44697697001,13799.376519888696,10739.787655113518,3059.588864775178,0.07419321936406367
48050,0.14292051297747305,-4956.937614427519,13819.029493437713,10771.940582017607,3047.0889114201054,0.07414555295256316
48055,0.14293538503917727,-5021.016903947363,13838.880365115445,10809.511664407439,3029.368700708006,0.07420492760196594
48060,0.1429502571008815,-5087.41341703677,13859.401920056029,10851.68366418018,3007.7182558758486,0.07419393722648304
48065,0.1429651291625857,-5155.901067727021,13881.035173930848,10897.463223579218,2983.57195035163,0.07419625699105718
48070,0.14298000122428992,-5226.339874688639,13904.177761303912,10945.721419667423,2958.456341636489,0.07411580468421829
48075,0.1429948732859941,-5298.699775966831,13929.173632416709,10995.236531577946,2933.9371008387625,0.07412809954151721
48080,0.14300974534769834,-5373.064692962323,13956.304143897909,11044.73781944815,2911.566324449759,0.07418730670250787
48085,0.14302461740940253,-5449.6165333663275,13985.780637084943,11092.94921555654,2892.8314215284026,0.07418470640347494
48090,0.14303948947110676,-5528.601072967596,14017.738579173429,11138.631897508772,2879.106681664656,0.07407713185130257
48095,0.14305436153281095,-5610.279651657691,14052.233302599692,11180.62477562795,2871.6085269717423,0.07408225008334295
48100,0.14306923359451518,-5694.872386690059,14089.237336142394,11217.88199137804,2871.3553447643535,0.07415919986092272
48105,0.14308410565621937,-5782.500000436221,14128.6393001676,11249.506582209158,2879.1327179584423,0.0741375321478338
48110,0.1430989777179236,-5873.132002937776,14170.244353778988,11274.77950472108,2895.4648490579075,0.07400639892406319
48115,0.14311384977962782,-5966.548433605194,14213.776234634899,11293.183215407278,2920.593019227621,0.07401244440682049
48120,0.14312872184133202,-6062.320489870134,14258.881011318013,11304.419001122535,2954.462010195479,0.07407612296988694
48125,0.14314359390303624,-6159.8124844030235,14305.132754959546,11308.417269739595,2996.715485219951,0.0740379328555901
48130,0.14315846596474044,-6258.204441817255,14352.041411204564,11305.340109756733,3046.7013014478307,0.07389692038439702
48135,0.14317333802644466,-6356.532131410469,14399.063193907903,11295.575652392266,3103.4875415156366,0.07387751119637091
48140,0.14318821008814886,-6453.73997540345,14445.61380259198,11279.72413370701,3165.889668884971,0.07393163823340529
48145,0.14320308214985308,-6548.742060748478,14491.08465818769,11258.576021128729,3232.5086370589615,0.07388283340844612
48150,0.14321795421155728,-6640.4869389159485,14534.862134124354,11233.08305996162,3301.779074162734,0.07380362455416455
48155,0.1432328262732615,-6728.022401975335,14576.349432944027,11204.323519384156,3372.0259135598717,0.07367215381700286
48160,0.1432476983349657,-6810.556558953982,14614.990358866822,11173.463206373503,3441.5271524933196,0.07372462373378715
48165,0.14326257039666992,-6887.5112684969,14650.293836902963,11141.713950733882,3508.579886169082,0.07371753456114859
48170,0.14327744245837415,-6958.563602351619,14681.857720929602,11110.291271317024,3571.5664496125773,0.0736407179829861
48175,0.14329231452007835,-7023.670935448445,14709.390296639926,11080.37285852154,3629.017438118386,0.0734594105216891
48180,0.14330718658178257,-7083.075814440759,14732.727958708896,11053.05938477669,3679.6685739322056,0.07352567637190115
48185,0.14332205864348677,-7137.288076383029,14751.847806329515,11029.338988420908,3722.508817908607,0.07353017774277519
48190,0.143336930705191,-7187.0436950645035,14766.874289504627,11010.056552494176,3756.8177370104513,0.07343780943129807
48195,0.1433518027668952,-7233.242306982187,14778.079460086981,10995.888607948486,3782.1908521384958,0.07324259904058657
48200,0.1433666748285994,-7276.868028000555,14785.876758368986,10987.32434544426,3798.552412924726,0.07331161325486285
48205,0.1433815468903036,-7318.900695224601,14790.80855718929,10984.6528666934,3806.1556904958907,0.073311649051479
48210,0.14339641895200783,-7360.226688574413,14793.527894647783,10987.956507277759,3805.5713873700242,0.07321680853361102
48215,0.14341129101371203,-7401.559575390274,14794.774989033933,10997.109874168978,3797.6651148649544,0.07302225381354713
48220,0.14342616307541625,-7443.3805390435,14795.349289763277,11011.784192220157,3783.56509754312,0.073067258635784
48225,0.14344103513712048,-7485.906586953513,14796.07800614645,11031.45663654156,3764.621369604891,0.07307253958409397
48230,0.14345590719882467,-7529.090900154696,14797.782274561534,11055.424496027079,3742.357778534455,0.07298611546857948
48235,0.1434707792605289,-7572.654884130304,14801.24234922693,11082.824193680774,3718.4181555461564,0.072841959414512
48240,0.1434856513222331,-7616.14647040678,14807.16338925426,11112.65530002289,3694.508089231369,0.07280589962206166
48245,0.14350052338393732,-7659.015164965885,14816.143518994564,11143.809652366364,3672.3338666281998,0.07282436196202681
48250,0.1435153954456415,-7700.692191212178,14828.645824738749,11175.105511045578,3653.540313693171,0.07275511583026849
48255,0.14353026750734574,-7740.664195466211,14844.975804050697,11205.326368922762,3639.6494351279343,0.07265836127532842
48260,0.14354513956904993,-7778.531055497549,14865.265512865457,11233.263643705464,3632.0018691599926,0.07251230645656567
48265,0.14356001163075416,-7814.041602128309,14889.465288000534,11257.762091380098,3631.703196620436,0.07256963579312453
48270,0.14357488369245835,-7847.104748703535,14917.343498832473,11277.766427081513,3639.5770717509604,0.07255895289538628
48275,0.14358975575416258,-7877.777113585733,14948.494344737288,11292.367334818036,3656.1270099192516,0.0724707761210431
48280,0.1436046278158668,-7906.23147717787,14982.353303153846,11300.84477592999,3681.5085272238557,0.07230336725908898
48285,0.143619499877571,-7932.713124826576,15018.219475513635,11302.706264751103,3715.5132107625323,0.07234384708030582
48290,0.14363437193927522,-7957.49288497742,15055.283790567004,11297.717605297512,3757.566185269492,0.07234507095890841
48295,0.14364924400097942,-7980.825922601931,15092.66180997257,11285.92355755084,3806.73825242173,0.07227133397931149
48300,0.14366411606268364,-8002.923707183303,15129.429732536213,11267.656130709749,3861.773601826464,0.07212126944208809
48305,0.14367898812438784,-8023.943197280097,15164.662099999177,11243.528764703595,3921.1333352955826,0.07210753034178106
48310,0.14369386018609207,-8043.992980652106,15197.469658908989,11214.415572131664,3983.054086777325,0.07212476391234784
48315,0.14370873224779626,-8063.152090472116,15227.03582586132,11181.415988359424,4045.6198375018957,0.07206968541231144
48320,0.14372360430950049,-8081.494607045487,15252.650240475647,11145.806451982888,4106.843788492759,0.07198226822079315
48325,0.14373847637120468,-8099.112551617302,15273.737980183047,11108.981904926373,4164.756075256673,0.07191672991613213
48330,0.1437533484329089,-8116.130903483998,15289.8831625081,11072.390774462585,4217.492388045515,0.07192886459353195
48335,0.14376822049461313,-8132.711198773487,15300.845879140385,11037.467562541817,4263.378316598568,0.07193966815451543
48340,0.14378309255631733,-8149.043233760032,15306.571688689854,11005.567197558603,4301.004491131251,0.07195922333285945
48345,0.14379796461802155,-8165.327095808947,15307.193228207494,10977.904955159958,4329.288273047536,0.07198541561336187
48350,0.14381283667972575,-8181.749543833932,15303.023864563038,10955.50512501817,4347.518739544868,0.07201094844432757
48355,0.14382770874142997,-8198.459455970273,15294.5436681853,10939.160792316641,4355.3828758686595,0.07203550674678631
48360,0.14384258080313417,-8215.546745726968,15282.378329290466,10929.406204960591,4352.972124329875,0.07205896486810551
48365,0.1438574528648384,-8233.028091419825,15267.271936509174,10926.50228665348,4340.769649855694,0.0720811794067324
48370,0.1438723249265426,-8250.841351375433,15250.054798459465,10930.435005797483,4319.6197926619825,0.07210200178510098
48375,0.1438871969882468,-8268.848941964578,15231.60771547268,10940.925595002365,4290.682120470316,0.0721212932241189
48380,0.143902069049951,-8286.848977276366,15212.824301759398,10957.451099460674,4255.373202298724,0.07213894011987143
48385,0.14391694111165523,-8304.591816868888,15194.57310316413,10979.273446617286,4215.299656546844,0.07216139170223065
48390,0.14393181317335946,-8321.799021008657,15177.66132160237,11005.475159836902,4172.186161765469,0.07218414582994623
48395,0.14394668523506365,-8338.181670478894,15162.801908256031,11034.999925390022,4127.801982866009,0.07220495263704761
48400,0.14396155729676788,-8353.45551996616,15150.585599389295,11066.696381481075,4083.8892179082195,0.07222389014496827
48405,0.14397642935847207,-8367.351301037845,15141.45914379168,11099.36365264237,4042.09549114931,0.07224109108365842
48410,0.1439913014201763,-8379.619374717628,15135.710543110827,11131.797255148605,4003.913287962221,0.07225673044116959
48415,0.1440061734818805,-8390.02863863154,15133.461653054928,11162.834040311858,3970.62761274307,0.07227100877645212
48420,0.14402104554358472,-8398.360109339992,15134.66803970987,11191.39484432936,3943.2731953805105,0.07228413311152287
48425,0.14403591760528892,-8404.39609839416,15139.125606040243,11216.523510706933,3922.60209533331,0.07229629710134348
48430,0.14405078966699314,-8407.906562106062,15146.483230125132,11237.420974822211,3909.0622553029207,0.07230992390531385
48435,0.14406566172869734,-8408.635015364978,15156.26049038437,11253.473166472268,3902.787323912102,0.07232864910521158
48440,0.14408053379040156,-8406.287077011746,15167.86946980335,11264.271599218437,3903.597870584914,0.07234678484879399
48445,0.14409540585210578,-8400.524842526207,15180.639594452596,11269.625676879916,3911.01391757268,0.07236438315252046
48450,0.14411027791380998,-8390.969579432069,15193.844440613966,11269.565969946698,3924.2784706672683,0.0723814136656424
48455,0.1441251499755142,-8377.2137883256,15206.729430071055,11264.33802493835,3942.3914051327047,0.07239775718809088
48460,0.1441400220372184,-8358.841914563847,15218.539341257938,11254.386698601696,3964.1526426562414,0.07241320381640455
48465,0.14415489409892263,-8335.45753243979,15228.544626913925,11240.331566220875,3988.2130606930496,0.07243892587044617
48470,0.14416976616062682,-8306.714091180866,15236.065672435423,11222.934602455396,4013.131069980027,0.07261294095730607
48475,0.14418463822233105,-8272.346363197332,15240.494350439176,11203.061979915792,4037.4323705233837,0.0727685546157286
48480,0.14419951028403524,-8232.20024950018,15241.31248642141,11181.64234293773,4059.6701434836796,0.07290737205594064
48485,0.14421438234573947,-8186.2591063414475,15238.107082377699,11159.624166609712,4078.482915767987,0.07307169785732143
48490,0.14422925440744366,-8134.66493040961,15230.58228662979,11137.934738684422,4092.6475479453675,0.0732405990735537
48495,0.1442441264691479,-8077.732559028189,15218.568117853227,11117.44293028564,4101.125187567586,0.07338970973499633
48500,0.1442589985308521,-8015.9547706593985,15202.025866704887,11098.927357504039,4103.098509200849,0.07352099610489063
48505,0.1442738705925563,-7949.996167782888,15181.049969340105,11083.050922788585,4097.99904655152,0.07363615319451687
48510,0.14428874265426053,-7880.6742275118595,15155.86605045622,11070.342182387776,4085.5238680684433,0.07377918913795989
48515,0.14430361471596473,-7808.926927307049,15126.824832361739,11061.183572439833,4065.6412599219057,0.07392089789644495
48520,0.14431848677766895,-7735.767716564766,15094.391727725802,11055.806235122125,4038.5854926036773,0.0740445510925019
48525,0.14433335883937315,-7662.230075910593,15059.132162346099,11054.290972656987,4004.841189689112,0.0741522687843643
48530,0.14434823090107737,-7589.305310611341,15021.692964950935,11056.57467314974,3965.1182918011946,0.0742459184221301
48535,0.14436310296278157,-7517.878478333426,14982.780455648463,11062.461372431755,3920.3190832167074,0.07437631245904659
48540,0.1443779750244858,-7448.668385644392,14943.136109637777,11071.636944310898,3871.499165326879,0.07449491817660933
48545,0.14439284708619,-7382.178243525316,14903.51083013754,11083.686276259492,3819.8245538780484,0.07459819296886881
48550,0.14440771914789421,-7318.66354785679,14864.638916334647,11098.111730256696,3766.5271860779503,0.07468841369069955
48555,0.14442259120959844,-7258.122677845023,14827.212761670193,11114.351750369276,3712.8610113009163,0.07476759031243715
48560,0.14443746327130264,-7200.313340348669,14791.85918696275,11131.798682765617,3660.060504197134,0.07488095346476031
48565,0.14445233533300686,-7144.794440837309,14759.118137567682,11149.815209219332,3609.30292834835,0.07498227700186896
48570,0.14446720739471106,-7090.988812054886,14729.424295436585,11167.74920881718,3561.675086619405,0.07507166534716957
48575,0.14448207945641528,-7038.258431491903,14703.092011952467,11184.947269857135,3518.144742095332,0.0751514172656074
48580,0.14449695151811948,-6985.981317576977,14680.303877536615,11200.767383972865,3479.53649356375,0.07522348747153251
48585,0.1445118235798237,-6933.618889834446,14661.103210572908,11214.591501062812,3446.511709510096,0.07532462328184678
48590,0.1445266956415279,-6880.764300410422,14645.390752829553,11225.838584383395,3419.5521684461582,0.07541514578414484
48595,0.14454156770323212,-6827.165610652203,14632.925870050958,11233.978602108751,3398.947267942207,0.0754971225070046
48600,0.14455643976493632,-6772.721895418706,14623.332540615796,11238.547574375576,3384.7849662402205,0.07557261290535558
48605,0.14457131182664054,-6717.454602773708,14616.110344702709,11239.16341902872,3376.9469256739885,0.0756432641544454
48610,0.14458618388834477,-6661.460150304564,14610.650526210859,11235.541953166448,3375.10857304441,0.07571033662309415
48615,0.14460105595004896,-6604.852359856427,14606.25698817094,11227.512050971989,3378.7449371989514,0.0757920586808086
48620,0.1446159280117532,-6547.704589167326,14602.17180923564,11215.028672074786,3387.143137160854,0.07587169074665887
48625,0.14463080007345738,-6490.001086772342,14597.604552321964,11198.182308491696,3399.4222438302677,0.0759473956774355
48630,0.1446456721351616,-6431.605163151465,14591.764302590054,11177.203407508952,3414.560895081102,0.07602043012570485
48635,0.1446605441968658,-6372.248566434445,14583.893054619128,11152.460556386059,3431.432498233069,0.07609166745662208
48640,0.14467541625857003,-6311.542650016316,14573.298809348125,11124.451669198605,3448.847140149521,0.07616166122365194
48645,0.14469028832027422,-6249.008363879864,14559.386585333608,11093.788048273827,3465.598537059781,0.07623071386097464
48650,0.14470516038197845,-6184.11951528038,14541.68553664201,11061.171900449424,3480.513636192585,0.07629894456949166
48655,0.14472003244368264,-6116.352503199818,14519.87052672721,11027.368541440037,3492.5019852871737,0.07636635112423998
48660,0.14473490450538687,-6045.23579923347,14493.776834526347,10993.175001207763,3500.601833318584,0.07643624967595124
48665,0.1447497765670911,-5970.393485319101,14463.407137300774,10959.386979726201,3504.0201575745723,0.07651471061476392
48670,0.1447646486287953,-5891.578715018966,14428.930469349436,10926.766092520562,3502.164376828874,0.07659317934592168
48675,0.1447795206904995,-5808.694648213836,14390.673424017075,10896.009142041878,3494.664281975198,0.07667167757631609
48680,0.1447943927522037,-5721.801974892353,14349.104371870906,10867.720834296006,3481.3835375749004,0.07675018306504264
48685,0.14480926481390793,-5631.113490450036,14304.811845890841,10842.391003593882,3462.4208422969587,0.07682866484072837
48690,0.14482413687561213,-5536.977289231131,14258.47845701951,10820.377057829655,3438.1013991898544,0.07690710044906389
48695,0.14483900893731635,-5439.850987813206,14210.851750203286,10801.8920305449,3408.9597196583873,0.07698547742027585
48700,0.14485388099902055,-5340.269924059503,14162.713331127943,10786.998329340451,3375.715001787492,0.07706378257882066
48705,0.14486875306072478,-5238.812438267566,14114.847454721532,10775.607012363827,3339.2404423577045,0.07714198357638703
48710,0.14488362512242897,-5136.0651085313175,14068.010141095127,10767.482225955582,3300.5279151395443,0.07722000709186233
48715,0.1448984971841332,-5032.590260929781,14022.899823353411,10762.250320137246,3260.6495032161656,0.07731216674627883
48720,0.14491336924583742,-4928.8973790760865,13980.130541804805,10759.413132966674,3220.7174088381307,0.0774089928429848
48725,0.14492824130754162,-4825.4193973227675,13940.208741073442,10758.364980361157,3181.843760712285,0.07750697150878955
48730,0.14494311336924584,-4722.494407630063,13903.514731398549,10758.4129580094,3145.1017733891495,0.07760594768427902
48735,0.14495798543095004,-4620.353042565085,13870.289774341303,10758.800198939942,3111.4895754013614,0.07770567855047321
48740,0.14497285749265426,-4519.111615792829,13840.629507672415,10758.731690429793,3081.8978172426214,0.07780582293415403
48745,0.14498772955435846,-4418.770908232186,13814.484043204237,10757.402125441587,3057.081917762649,0.07790593456671789
48750,0.14500260161606268,-4319.220284870946,13791.664609188098,10754.025069910014,3037.6395392780832,0.07800545787475868
48755,0.14501747367776688,-4220.246726954197,13771.85614801985,10747.862512602696,3023.993635417153,0.07810980855154545
48760,0.1450323457394711,-4121.548483029426,13754.634903633147,10738.253674006193,3016.3812296269534,0.07823080691743077
48765,0.1450472178011753,-4022.75335235033,13739.489799411152,10724.641813430175,3014.8479859809777,0.07835174757747987
48770,0.14506208986287952,-3923.4418792339065,13725.846333499543,10706.597699081767,3019.248634417776,0.07847192067214771
48775,0.14507696192458375,-3823.175615148334,13713.09177681506,10683.838396191997,3029.253380623062,0.07859050354119917
48780,0.14509183398628794,-3721.529878078837,13700.600592347866,10656.24009466339,3044.3604976844763,0.07870655660449473
48785,0.14510670604799217,-3618.129216227263,13687.759138507437,10623.843869934155,3063.9152685732824,0.0788190242115688
48790,0.14512157810969636,-3512.682525752616,13673.98882982691,10586.853589930091,3087.1352398968193,0.07892674267581588
48795,0.1451364501714006,-3405.0140798335387,13658.76699669365,10545.625674333947,3113.141322359703,0.07902845708046298
48800,0.14515132223310478,-3295.087007684271,13641.644738833544,10500.651062877381,3140.9936759561624,0.07915817047294921
48805,0.145166194294809,-3183.0169867796258,13622.261150035498,10452.530477502045,3169.730672533453,0.07928368846036915
48810,0.1451810663565132,-3069.0756097362346,13600.353441805424,10401.944736115996,3198.4087056894277,0.07940329399487575
48815,0.14519593841821743,-2953.684396922339,13575.76272085601,10349.62234524213,3226.140375613879,0.0795157741701015
48820,0.14521081047992163,-2837.401239204097,13548.435454750155,10296.306754378846,3252.1287003713096,0.0796199018011553
48825,0.14522568254162585,-2720.901054259384,13518.420942404819,10242.725465767266,3275.695476637553,0.07971447174622719
48830,0.14524055460333007,-2604.951899885169,13485.865337350266,10189.562720198686,3296.3026171515794,0.07980111047366076
48835,0.14525542666503427,-2490.387172988947,13451.002911286672,10137.436850062402,3313.56606122427,0.0799195591847019
48840,0.1452702987267385,-2378.074218274094,13414.145277275444,10086.882751488001,3327.2625257874424,0.08002912527540793
48845,0.1452851707884427,-2268.8798076935436,13375.66922430899,10038.339396610494,3337.329827698495,0.0801288470087424
48850,0.14530004285014692,-2163.6334104040216,13336.003675752241,9992.141947591603,3343.8617281606384,0.08021784159191828
48855,0.1453149149118511,-2063.0897203144104,13295.616113113494,9948.517852181303,3347.098260932191,0.08029533147123168
48860,0.14532978697355534,-1967.892368863526,13254.998648748873,9907.586262207773,3347.4123865411,0.08036066465161093
48865,0.14534465903525953,-1878.5410910766022,13214.653828442297,9869.360170176249,3345.2936582660477,0.08046155116836266
48870,0.14535953109696376,-1795.3649006439246,13175.080226591092,9833.750755295016,3341.329471296076,0.08055379608924301
48875,0.14537440315866795,-1718.5041004426093,13136.757969337132,9800.573532217542,3336.1844371195893,0.08063521530601414
48880,0.14538927522037218,-1647.9040905540478,13100.134462022155,9769.555985296689,3330.5784767254663,0.08070536564191397
48885,0.1454041472820764,-1583.3236458673236,13065.610758754412,9740.346447505446,3325.264311248966,0.0807639255732676
48890,0.1454190193437806,-1524.3592823486997,13033.529133383925,9712.524056929416,3321.0050764545085,0.08084816053728199
48895,0.14543389140548482,-1470.4853507505886,13004.162440643464,9685.609706383142,3318.552734260322,0.08093293334408724
48900,0.14544876346718902,-1421.106791125676,12977.705769420616,9659.077994779902,3318.627774640714,0.08100742906359092
48905,0.14546363552889324,-1375.6186559703892,12954.270701753507,9632.370278179727,3321.9004235737793,0.08107147653345763
48910,0.14547850759059744,-1333.464391050773,12933.882251428431,9604.908976077022,3328.973275351409,0.08112499182659294
48915,0.14549337965230166,-1294.1841734563932,12916.478334345746,9576.113282605793,3340.365051739953,0.08116796646956696
48920,0.14550825171400586,-1257.445661472948,12901.911483597854,9545.416339657331,3356.495143940523,0.08124118451538244
48925,0.14552312377571008,-1223.052107669595,12889.952502927123,9512.283744734234,3377.668758192889,0.08131168719845591
48930,0.14553799583741428,-1190.926331288354,12880.29585111045,9476.233007994799,3404.062843115651,0.0813726409670443
48935,0.1455528678991185,-1161.072813805682,12872.56672685313,9436.853276246457,3435.713450606674,0.08142403589855098
48940,0.14556773996082273,-1133.5235399185385,12866.330013542922,9393.824353633545,3472.505659909377,0.08146589312374793
48945,0.14558261202252692,-1108.2756954476117,12861.101374227608,9346.933819719623,3514.167554507985,0.08149826026098342
48950,0.14559748408423115,-1085.2306368954178,12856.36080079241,9296.090923799837,3560.2698769925737,0.0815214544731316
48955,0.14561235614593535,-1064.143460040128,12851.568786729733,9241.335961576906,3610.232825152827,0.08158032305173299
48960,0.14562722820763957,-1044.5909697636362,12846.185014430292,9182.844046100385,3663.340968329907,0.08163024896789527
48965,0.14564210026934377,-1025.9630930494113,12839.689065395107,9120.922574698994,3718.7664906961127,0.08167123899557081
48970,0.145656972331048,-1007.4792704264619,12831.6022430736,9056.002235596177,3775.600007477422,0.08170332056718554
48975,0.1456718443927522,-988.2277911799392,12821.509226013592,8988.622014199862,3832.8872118137297,0.08172654397386589
48980,0.1456867164544564,-967.2230797064185,12809.078024051216,8919.409234144508,3889.6687899067074,0.08174192585104477
48985,0.1457015885161606,-943.4740554853706,12794.07665251024,8849.056077433097,3945.020575077144,0.08178984085173566
48990,0.14571646057786483,-916.0560093564382,12776.385095137472,8778.294180943332,3998.0909141941393,0.08182927210189934
48995,0.14573133263956906,-884.1787947110624,12756.001481814023,8707.868784109018,4048.132697705005,0.08186023966026855
49000,0.14574620470127325,-847.2451799119463,12733.041911051185,8638.513570095773,4094.528340955412,0.08188279367133668
49005,0.14576107676297748,-804.8945904894663,12707.733922714118,8570.926926961982,4136.806995752137,0.08191359478553178
49010,0.14577594882468167,-757.028935327271,12680.404185812185,8505.74999529318,4174.654190519006,0.08196005305070071
49015,0.1457908208863859,-703.8186581887112,12651.461428610928,8443.546663544357,4207.914765066571,0.081998370819971
49020,0.1458056929480901,-645.6885959823303,12621.375944727864,8384.78564823052,4236.590296497345,0.08202861627972205
49025,0.14582056500979432,-583.2846996409335,12590.657133129587,8329.82490856657,4260.832224563017,0.08205090289193584
49030,0.1458354370714985,-517.4241718557805,12559.830483202919,8278.89880900851,4280.931674194409,0.08206538940696252
49035,0.14585030913320274,-449.03299724380486,12529.415242293153,8232.108575074042,4297.306667219111,0.08207227566785603
49040,0.14586518119490693,-379.07601419397724,12499.9037653075,8189.416638515697,4310.487126791802,0.0821046127727513
49045,0.14588005325661116,-308.4854239364413,12471.743305918006,8150.645431157469,4321.097874760537,0.08213587785143552
49050,0.14589492531831538,-238.0938205058501,12445.320807215247,8115.481084309202,4329.839722906045,0.0821595685441086
49055,0.14590979738001958,-168.5773996029493,12420.951094455546,8083.482347030447,4337.468747425099,0.08217583098224572
49060,0.1459246694417238,-100.41397789280563,12398.868742282672,8054.094859803627,4344.773882479045,0.08218481271049095
49065,0.145939541503428,-33.8589037650363,12379.223748345335,8026.670701548501,4352.553046796835,0.08218665290826563
49070,0.14595441356513222,31.059978706853144,12362.080967794316,8000.492856737686,4361.58811105663,0.08218147278792817
49075,0.14596928562683642,94.52917738589531,12347.423047592642,7974.803931121853,4372.619116470789,0.08219449718422918
49080,0.14598415768854064,156.92085614938514,12335.156374858348,7948.8381079084065,4386.318266949942,0.08221186238201957
49085,0.14599902975024484,218.75241955922502,12325.119368590309,7921.855024279474,4403.264344310835,0.08222160931992721
49090,0.14601390181194907,280.63857750942043,12317.092348796385,7893.174000795559,4423.918348000826,0.08222373618427065
49095,0.14602877387365326,343.2397353846536,12310.808241101362,7862.206896173932,4448.60134492743,0.08221821526601063
49100,0.14604364593535749,407.2098274267282,12305.963515224743,7828.487790873961,4477.475724350782,0.0822072836713927
49105,0.1460585179970617,473.1460847350954,12302.228974241034,7791.697720866341,4510.531253374693,0.0822224784785745
49110,0.1460733900587659,541.5430469606636,12299.260245469446,7751.682792060424,4547.577453409022,0.0822293238462515
49115,0.14608826212047013,612.753392825507,12296.708004620583,7708.464228499974,4588.243776120609,0.08222771166638933
49120,0.14610313418217433,686.9585208592707,12294.228040108632,7662.239279392605,4631.988760716027,0.08221751673488445
49125,0.14611800624387855,764.1517290181073,12291.491216071907,7613.3724599702045,4678.118756101702,0.08219860206793446
49130,0.14613287830558275,844.135927920237,12288.193243451797,7562.377321773216,4725.815921678581,0.08220243988266218
49135,0.14614775036728697,926.5360742356224,12284.063974621518,7509.889773942858,4774.174200678661,0.08220361044977682
49140,0.14616262242899117,1010.8243595290496,12278.87576820435,7456.634785024834,4822.240983179517,0.08219559207857438
49145,0.1461774944906954,1096.3543094141205,12272.450386703478,7403.388931358409,4869.06145534507,0.08217829543395432
49150,0.1461923665523996,1182.3989391328778,12264.66392200508,7350.941589002718,4913.722333002363,0.08215165818995258
49155,0.1462072386141038,1268.1882373180342,12255.449390474776,7300.057524625477,4955.391865849299,0.08211565086655143
49160,0.14622211067580804,1352.9423533456957,12244.796869029258,7251.443253166336,4993.353615862922,0.08210517502767392
49165,0.14623698273751223,1435.8984910257714,12232.751308023426,7205.718905451674,5027.032402571752,0.08209343302164109
49170,0.14625185479921646,1516.3311395152396,12219.408402235927,7163.396637922493,5056.0117643134345,0.08207227384503188
49175,0.14626672686092065,1593.566516964307,12204.909078364357,7124.865959607434,5080.043118756923,0.08204170172996307
49180,0.14628159892262488,1666.9928110072997,12189.433229151922,7090.385838746013,5099.047390405909,0.08200173871566283
49185,0.14629647098432907,1736.0680171553322,12173.19327431649,7060.083109460643,5113.110164855848,0.08195670676943394
49190,0.1463113430460333,1800.3270316146045,12156.427968001104,7033.956502433364,5122.47146556774,0.08194588914985992
49195,0.1463262151077375,1859.3892610925377,12139.396641832234,7011.885521738546,5127.511120093688,0.08192521142852817
49200,0.14634108716944172,1912.9674183726784,12122.373833281335,6993.64333241326,5128.730500868075,0.08189454016660179
49205,0.14635595923114592,1960.8774021549307,12105.644066171422,6978.912776338213,5126.731289833209,0.08185374014289021
49210,0.14637083129285014,2003.0482857312218,12089.496471821862,6967.304586862157,5122.191884959705,0.08180614976414606
49215,0.14638570335455436,2039.530642580814,12074.218979518319,6958.376834891044,5115.842144627274,0.0817952208062333
49220,0.14640057541625856,2070.500992458976,12060.09193919276,6951.654634273293,5108.437304919467,0.08177263653730257
49225,0.14641544747796278,2096.2603238354004,12047.381214291261,6946.649189278581,5100.73202501268,0.08173808812922465
49230,0.14643031953966698,2117.225544529869,12036.3309376199,6942.875400572029,5093.45553704787,0.08169130773089522
49235,0.1464451916013712,2133.9141742886786,12027.156211447968,6939.867457760547,5087.2887536874205,0.08165202324561584
49240,0.1464600636630754,2146.9242102716535,12020.036040791394,6937.192110685269,5082.843930106125,0.08163251748069794
49245,0.14647493572477963,2156.9123539071434,12015.106735626468,6934.459581218898,5080.64715440757,0.08159875051341531
49250,0.14648980778648382,2164.574276546945,12012.455947893213,6931.332297386746,5081.123650506467,0.08155055065273725
49255,0.14650467984818805,2170.6301759323032,12012.117470076575,6927.531756772815,5084.58571330376,0.0814878683202275
49260,0.14651955190989224,2175.817676518781,12014.066944838409,6922.843835574865,5091.223109263544,0.08141078439639156
49265,0.14653442397159647,2180.8924761081716,12018.218720667272,6917.122763345158,5101.0959573221135,0.08136990610985384
49270,0.1465492960333007,2186.635403052447,12024.42420774878,6910.293818231838,5114.130389516942,0.0813176089044823
49275,0.1465641680950049,2193.8630357576894,12032.472192654886,6902.354615947601,5130.1175767072855,0.08124988488310143
49280,0.1465790401567091,2203.4379952616464,12042.09160886604,6893.374722763792,5148.716886102247,0.08116719689184856
49285,0.1465939122184133,2216.274642357206,12052.957194745348,6883.493264340711,5169.463930404637,0.08107015469522198
49290,0.14660878428011753,2233.3363101677833,12064.69828846992,6872.9142557248015,5191.784032745118,0.08097065481864994
49295,0.14662365634182173,2255.621370747571,12076.910726017288,6861.899545749029,5215.011180268259,0.08090251782329165
49300,0.14663852840352595,2284.1371838408386,12089.17146525576,6850.759524104614,5238.4119411511465,0.08082030014346786
49305,0.14665340046523015,2319.862960140492,12101.05521598314,6839.842025874052,5261.213190109089,0.080724867986083
49310,0.14666827252693437,2363.7043730962832,12112.152077517776,6829.520112388694,5282.631965129082,0.08061716821877869
49315,0.14668314458863857,2416.4440170807466,12122.08502831382,6820.1795372643155,5301.905491049505,0.08049820663239377
49320,0.1466980166503428,2478.6923447876643,12130.526108938051,6812.206677829356,5318.319431108695,0.08042416474171994
49325,0.14671288871204702,2550.8435331959736,12137.210291060228,6805.977526544866,5331.232764515362,0.08034146642870944
49330,0.14672776077375121,2633.0399984281494,12141.946297290817,6801.848045279545,5340.098252011272,0.08024792227582683
49335,0.14674263283545544,2725.148259639125,12144.623970538438,6800.145871557018,5344.47809898142,0.08014442645953333
49340,0.14675750489715964,2826.7477882719786,12145.21811772683,6801.163118065601,5344.054999661229,0.08003188180191635
49345,0.14677237695886386,2937.1335450615024,12143.789009760778,6805.149886884739,5338.6391228760385,0.07996611385226304
49350,0.14678724902056806,3055.3321708281956,12140.479869383542,6812.308145579263,5328.171723804279,0.07989661047382486
49355,0.14680212108227228,3180.1312248478444,12135.511713982749,6822.785756018762,5312.725957963987,0.07981747577225043
49360,0.14681699314397648,3310.120357296375,12129.175865418105,6836.670651286674,5292.505214131431,0.07972937614552032
49365,0.1468318652056807,3443.7427487162267,12121.824340047051,6853.985358863484,5267.838981183567,0.07963299149697663
49370,0.1468467372673849,3579.3544810777485,12113.858245139829,6874.682224014451,5239.176021125378,0.07955772348314057
49375,0.14686160932908912,3715.2887354523973,12105.714281864202,6898.639779467147,5207.074502397056,0.07950723897290989
49380,0.14687648139079335,3849.9209499718336,12097.849517869874,6925.660744976729,5172.188772893145,0.07944673710471802
49385,0.14689135345249754,3981.730510414992,12090.724741892347,6955.472142247552,5135.252599644795,0.07937673060818996
49390,0.14690622551420177,4109.354413930079,12084.786915991328,6987.72798801676,5097.058927974568,0.07929777067217993
49395,0.14692109757590596,4231.628838631321,12080.45144508545,7022.014974720435,5058.436470365014,0.07921043806353768
49400,0.1469359696376102,4347.6157381913545,12078.085132452166,7057.861444980215,5020.223687471951,0.07917235448330591
49405,0.14695084169931438,4456.613330275582,12077.990743339735,7094.749796584729,4983.240946755006,0.07912676815778613
49410,0.1469657137610186,4558.1513195467,12080.394043973707,7132.132219447934,4948.261824525773,0.07907027984917783
49415,0.1469805858227228,4651.973428756779,12085.434035878388,7169.449388679112,4915.984647199276,0.07900343305814939
49420,0.14699545788442703,4738.010896578388,12093.15690115813,7206.151456455783,4887.005444702348,0.07892682181076278
49425,0.14701032994613122,4816.350861417978,12103.513953413289,7241.720437441354,4861.7935159719345,0.07886969420135245
49430,0.14702520200783545,4887.203116020695,12116.363682248315,7275.692892341869,4840.670789906446,0.07883187127165849
49435,0.14704007406953967,4950.867945437874,12131.477800410716,7307.681689835711,4823.796110575005,0.07878169077427385
49440,0.14705494613124387,5007.707033846483,12148.551047504623,7337.395567611891,4811.155479892732,0.07871981384767479
49445,0.1470698181929481,5058.118950357785,12167.214358298914,7364.655221024162,4802.559137274752,0.07864696842496928
49450,0.1470846902546523,5102.520446453578,12187.050852373317,7389.404737352015,4797.646115021302,0.07858941321809812
49455,0.1470995623163565,5141.334485201064,12207.61394137123,7411.717389321545,4795.896552049685,0.07853008509247295
49460,0.1471144343780607,5174.985350655353,12228.446693262085,7431.7951240463035,4796.651569215782,0.07846680306063179
49465,0.14712930643976493,5203.900308198605,12249.101467514722,7449.9615295508565,4799.139937963865,0.07841821266478245
49470,0.14714417850146913,5228.516280760461,12269.158774465817,7466.648587906808,4802.5101865590095,0.0783789177623161
49475,0.14715905056317335,5249.289181517032,12288.2443427333,7482.378050868386,4805.866291864914,0.07832747146447692
49480,0.14717392262487755,5266.703177523191,12306.04350859318,7497.738702476018,4808.304806117162,0.07826445641949341
49485,0.14718879468658178,5281.277362966441,12322.312257585152,7513.361022130914,4808.9512354542385,0.07819050430466976
49490,0.147203666748286,5293.568007587644,12336.884521106716,7529.89079753222,4806.9937235744965,0.07810628382022512
49495,0.1472185388099902,5304.165492024972,12349.675621929056,7547.96308593196,4801.712535997096,0.07805468838143566
49500,0.14723341087169442,5313.685998493567,12360.682036531793,7568.1776569412095,4792.504379590583,0.07800095273068132
49505,0.14724828293339862,5322.758810200363,12369.977870118826,7591.0767581681375,4778.901111950689,0.07793586948033163
49510,0.14726315499510284,5332.010608181501,12377.708601574086,7617.125795574352,4760.582805999734,0.07786014800106526
49515,0.14727802705680704,5342.048442239244,12384.082738816911,7646.697345237415,4737.385393579496,0.07777451763337141
49520,0.14729289911851126,5353.4431250245325,12389.362028487387,7680.058805639635,4709.303222847752,0.07768563532183927
49525,0.14730777118021546,5366.714670418641,12393.850798570375,7717.363929483305,4676.48686908707,0.07769654639330657
49530,0.14732264324191968,5382.321059432131,12397.884902036409,7758.6484058906435,4639.236496145765,0.07780396801937305
49535,0.14733751530362388,5400.651060503737,12401.820605841016,7803.829571350107,4597.991034490909,0.0779057969514675
49540,0.1473523873653281,5422.021096214328,12406.023664240418,7852.710200666557,4553.313463573861,0.0780020214062938
49545,0.14736725942703233,5446.675355600675,12410.858749525229,7904.986173870992,4505.872575654236,0.07811132775924094
49550,0.14738213148873652,5474.787698294614,12416.679390649993,7960.257651830118,4456.421738819875,0.07823636871352987
49555,0.14739700355044075,5506.463603254239,12423.81857697479,8018.043250209038,4405.775326765753,0.07835507995118803
49560,0.14741187561214494,5541.740634511459,12432.5801956897,8077.796605725784,4354.783589963916,0.07846736781356156
49565,0.14742674767384917,5580.586631643763,12443.231462673704,8138.924696541376,4304.306766132328,0.07857355401078402
49570,0.14744161973555336,5622.8959039412875,12455.996463323883,8200.807307752462,4255.189155571421,0.078685987578235
49575,0.1474564917972576,5668.484801655854,12471.050844704965,8262.817100544427,4208.233744160538,0.07879108626208327
49580,0.14747136385896178,5717.08882160459,12488.517611893529,8324.339813701949,4164.17779819158,0.07888868936909545
49585,0.147486235920666,5768.363644696686,12508.463907771304,8384.79416275575,4123.669745015553,0.07897860657661392
49590,0.1475011079823702,5821.892134193578,12530.8986246808,8443.650982919227,4087.2476417615726,0.07906061289386569
49595,0.14751598004407443,5877.198439860329,12555.770725906757,8500.451088578491,4055.3196373282663,0.07917129707984853
49600,0.14753085210577865,5933.7691498532895,12582.968246352197,8554.82122032971,4028.147026022487,0.07927515911935722
49605,0.14754572416748285,5991.08014263947,12612.318078948467,8606.487363574393,4005.8307153740734,0.07937019324558482
49610,0.14756059622918707,6048.626649989938,12643.586806058485,8655.284697602921,3988.302108455564,0.07945690660954033
49615,0.14757546829089127,6105.953263018392,12676.482965945526,8701.16350726025,3975.319458685277,0.07954554101371404
49620,0.1475903403525955,6162.680361280705,12710.661215780076,8744.190573895254,3966.470641884822,0.07962421918662949
49625,0.1476052124142997,6218.523788944948,12745.728835438566,8784.545842058626,3961.18299337994,0.07969262021675641
49630,0.14762008447600392,6273.305477518378,12781.25489622035,8822.514489360692,3958.740406859657,0.07975041581095073
49635,0.1476349565377081,6326.953923807859,12816.782201582984,8858.47484804764,3958.307353535345,0.07979727845814513
49640,0.14764982859941234,6379.494702294649,12851.841821052254,8892.882877965552,3958.9589430867018,0.0798513555979716
49645,0.14766470066111653,6431.032265558762,12885.969730022976,8926.254031492928,3959.715698530048,0.0799140277186142
49650,0.14767957272282076,6481.725003453355,12918.72479231578,8959.143375267096,3959.581417048683,0.07997091124947593
49655,0.14769444478452498,6531.75586012235,12949.707128937593,8992.12476899532,3957.582359942273,0.08002235569592978
49660,0.14770931684622918,6581.300827193475,12978.575836031478,9025.769797631692,3952.8060383997854,0.08006196219601454
49665,0.1477241889079334,6630.497478846423,13005.065050285093,9060.627059038605,3944.4379912464883,0.08008968087670407
49670,0.1477390609696376,6679.415528133612,13028.997486958207,9097.20235513869,3931.7951318195173,0.08010552950366813
49675,0.14775393303134182,6728.0312603422335,13050.294753388496,9135.940323094443,3914.3544302940536,0.08010958583035947
49680,0.14776880509304602,6776.207670599733,13068.983927303305,9177.208053950413,3891.7758733528917,0.08010197709292588
49685,0.14778367715475024,6823.682160366453,13085.20005561763,9221.281249421409,3863.9188061962213,0.08009267679439075
49690,0.14779854921645444,6870.063624135487,13099.184367480835,9268.333437176963,3830.850930303872,0.08010083055142074
49695,0.14781342127815866,6914.840531565386,13111.278116727131,9318.428688534874,3792.8494281922576,0.08010642643437163
49700,0.14782829333986286,6957.401025406221,13121.91209649982,9371.51816291177,3750.3939335880495,0.08010113644682809
49705,0.14784316540156708,6997.0650163799555,13131.592024840673,9427.440656381483,3704.15136845919,0.0800851307715819
49710,0.1478580374632713,7033.1267937762495,13140.880195411384,9485.927178952934,3654.9530164584503,0.08005888472584805
49715,0.1478729095249755,7064.904985412201,13150.374015161533,9546.609446233144,3603.764568928389,0.08003065423781945
49720,0.14788778158667973,7091.795150170902,13160.682285936562,9609.03205537441,3551.6502305621525,0.07999205595944175
49725,0.14790265364838392,7113.319300167589,13172.400293484494,9672.668018285129,3499.732275199365,0.07994324217012329
49730,0.14791752571008815,7129.166587340717,13186.08490813952,9736.93723145521,3449.1476766843116,0.07989025365327782
49735,0.14793239777179235,7139.220389120043,13202.230950527528,9801.22735427472,3401.0035962528073,0.07982776211472394
49740,0.14794726983349657,7143.568917232945,13221.25002474114,9864.916439014372,3356.3335857267684,0.07975519088912418
49745,0.14796214189520077,7142.498802862564,13243.45288149139,9927.396515495899,3316.0563659954914,0.07967261757765572
49750,0.147977013956905,7136.473310773018,13269.036168595776,9988.097207066792,3280.938961528984,0.07959568586581196
49755,0.1479918860186092,7126.098434476852,13298.074183482111,10046.508372090102,3251.565811392009,0.07952228830955245
49760,0.1480067580803134,7112.080918559852,13330.515984810672,10102.200748542858,3228.315236267814,0.07943994877572508
49765,0.14802163014201764,7095.182331736196,13366.187961129785,10154.84363249167,3211.3443286381153,0.07934893069068621
49770,0.14803650220372183,7076.172943205417,13404.801698339003,10204.218730668865,3200.582967670138,0.07924784950475607
49775,0.14805137426542606,7055.788605863766,13445.966735503182,10250.22947187466,3195.7372636285218,0.07913665721442181
49780,0.14806624632713025,7034.69326856469,13489.207553932922,10292.905226392182,3196.3023275407395,0.07901530982066532
49785,0.14808111838883448,7013.449135110837,13533.983919119926,10332.400067991244,3201.583851128682,0.07888377639144345
49790,0.14809599045053867,6992.495817460905,13579.713510476699,10368.98593551919,3210.727574957509,0.078742049142723
49795,0.1481108625122429,6972.139095553476,13625.795657136125,10403.040329269403,3222.755327866722,0.07859015326471551
49800,0.1481257345739471,6952.5491743853245,13671.634974271421,10435.02901385916,3236.60596041226,0.07842815519725649
49805,0.14814060663565132,6933.767728536516,13716.663775719342,10465.484566836847,3251.179208882495,0.0782561682286033
49810,0.1481554786973555,6915.722607929296,13760.362317139321,10494.981953096552,3265.3803640427686,0.07807435462127485
49815,0.14817035075905974,6898.2488234222155,13802.27617054956,10524.11254891238,3278.163621637179,0.07788292390071531
49820,0.14818522282076396,6881.114251190073,13842.030303000176,10553.458128922468,3288.572174077708,0.07768212741132004
49825,0.14820009488246816,6864.048309426388,13879.339685085644,10583.566244762518,3295.773440323126,0.07747224968362322
49830,0.14821496694417238,6846.7716511714725,13914.016455014775,10614.92819017567,3299.0882648391052,0.07725359750783485
49835,0.14822983900587658,6829.024743788091,13945.973794721287,10647.960423820914,3298.013370900373,0.07702648782746217
49840,0.1482447110675808,6810.593176132586,13975.226737127046,10682.98997861291,3292.2367585141365,0.07679123562561914
49845,0.148259583129285,6791.327745807299,14001.89013232483,10720.244084330781,3281.646047994049,0.07655586112229201
49850,0.14827445519098922,6771.157864731268,14026.173976047312,10759.844001268862,3266.3299747784495,0.07632582353455392
49855,0.14828932725269342,6750.097528384357,14048.376269038314,10801.802911983888,3246.5733570544253,0.0760888897332751
49860,0.14830419931439764,6728.24389367162,14068.873551625502,10846.027630855842,3222.8459207696596,0.07584533150384384
49865,0.14831907137610184,6705.769239595815,14088.109259209212,10892.323843555268,3195.7854156539433,0.07559538283946945
49870,0.14833394343780607,6682.907602715405,14106.580078266923,10940.404557271808,3166.175520995115,0.07533923846344236
49875,0.1483488154995103,6659.937615037529,14124.820544644423,10989.901410428209,3134.919134216214,0.07507705402729606
49880,0.14836368756121449,6637.163046333736,14143.386202725078,11040.378448054673,3103.007754670405,0.07480894753830944
49885,0.1483785596229187,6614.892363808,14162.835717826298,11091.347914462502,3071.487803363796,0.07460851900521724
49890,0.1483934316846229,6593.418396062321,14183.712390601542,11142.287553236436,3041.424837365106,0.07462465756468721
49895,0.14840830374632713,6572.999025074664,14206.525557293186,11192.658845172946,3013.8667121202398,0.07463337647074371
49900,0.14842317580803133,6553.839766533472,14231.732380580497,11241.925568440722,2989.8068121397755,0.07467819668536954
49905,0.14843804786973555,6536.079108553353,14259.720556280958,11289.572041249648,2970.148515031309,0.07471227875318848
49910,0.14845291993143975,6519.777502808476,14290.7924926223,11335.120410675396,2955.6720819469047,0.07473596041831222
49915,0.14846779199314397,6504.910883344747,14325.151561410874,11378.1463817385,2947.0051796723747,0.07474954077310508
49920,0.14848266405484817,6491.369486087026,14362.891059899626,11418.292833638227,2944.5982262613998,0.07475327563608403
49925,0.1484975361165524,6478.962523923082,14403.98653312423,11455.280839170704,2948.705693953527,0.07474737941326784
49930,0.14851240817825662,6467.4289024214995,14448.292062179602,11488.917685575107,2959.3743766044954,0.0747320329317082
49935,0.1485272802399608,6456.453612942287,14495.541007476832,11519.101592641706,2976.4394148351257,0.07473283352571307
49940,0.14854215230166504,6445.688731525329,14545.35150858686,11545.822944457113,2999.528564129747,0.07474105946331808
49945,0.14855702436336923,6434.77718407791,14597.236803783404,11569.162002738729,3028.074801044675,0.07473903121008861
49950,0.14857189642507346,6423.376790079209,14650.620174859698,11589.283253670123,3061.336921189575,0.07472697420608307
49955,0.14858676848677765,6411.181770704252,14704.85407839682,11606.426744109813,3098.4273342870074,0.07471283147249773
49960,0.14860164054848188,6397.939039507904,14759.242814738811,11620.896958629844,3138.3458561089665,0.07470765398790707
49965,0.14861651261018607,6383.4571894357705,14813.067915923795,11633.049937138518,3180.0179787852776,0.07469956076687245
49970,0.1486313846718903,6367.607014549264,14865.61529682315,11643.279397150416,3222.3358996727347,0.07472181679174197
49975,0.1486462567335945,6350.313449191859,14916.203100711125,11652.002586443981,3264.200514267144,0.07473145934361261
49980,0.14866112879529872,6331.5397733444615,14964.209081034653,11659.64646159476,3304.562619439892,0.07472887507297901
49985,0.14867600085700294,6311.265704911469,15009.09630844025,11666.634605238203,3342.461703202047,0.0747144929330514
49990,0.14869087291870714,6289.461552043241,15050.435998419276,11673.375114870145,3377.060883549131,0.07468878474502905
49995,0.14870574498041136,6266.060961853432,15087.926340434244,11680.249566698234,3407.6767737360096,0.07465226471971083
50000,0.14872061704211556,6240.935007926215,15121.406380065522,11687.60310230265,3433.8032777628723,0.07460548762027264
50005,0.14873548910381978,6213.87041101889,15150.864247516301,11695.735693633029,3455.1285538832726,0.07454904534866387
50010,0.14875036116552398,6184.554560893261,15176.43930879185,11704.89467938566,3471.5446294061912,0.07453218680012454
50015,0.1487652332272282,6152.569673368376,15198.418105072054,11715.268693593624,3483.149411478431,0.07450577914159758
50020,0.1487801052889324,6117.397863738935,15217.224214013479,11726.983099110741,3490.2411149027375,0.07446986608427444
50025,0.14879497735063663,6078.438151736932,15233.402402087988,11740.09699145485,3493.3054106331383,0.07442504387053493
50030,0.14880984941234082,6035.03544882249,15247.597642585484,11754.601770596038,3492.9958719894457,0.07437192655151063
50035,0.14882472147404505,5986.5204341891595,15260.529760594003,11770.421219407848,3490.108541186155,0.07431113960152837
50040,0.14883959353574927,5932.257941967497,15272.964643272182,11787.4130048449,3485.5516384272814,0.07424331451743708
50045,0.14885446559745347,5871.700162867088,15285.683121262355,11805.371545091788,3480.3115761705667,0.07416908457193506
50050,0.1488693376591577,5804.439804499145,15299.448773742966,11824.032256693557,3475.416517049409,0.07408908152719856
50055,0.1488842097208619,5730.2576340381875,15314.976015662392,11843.077284917394,3471.898730744999,0.07402557293509958
50060,0.1488990817825661,5649.158827961139,15332.899869646619,11862.142891460215,3470.756978186404,0.07397828965454274
50065,0.1489139538442703,5561.3934482171935,15353.748791000273,11880.828689577833,3472.92010142244,0.0739251330825931
50070,0.14892882590597453,5467.458108457672,15377.921796673332,11898.708854332548,3479.212942340784,0.07386672136859777
50075,0.14894369796767873,5368.078199915475,15405.670954434254,11915.345293477993,3490.3256609562613,0.07380367674787601
50080,0.14895857002938295,5264.172460663133,15437.090032240763,11930.302564328984,3506.7874679117795,0.07373661838707422
50085,0.14897344209108715,5156.803727646054,15472.109810154374,11943.164101655399,3528.9457084989754,0.07366615321141506
50090,0.14898831415279137,5047.121078855652,15510.500238675459,11953.549122012793,3556.9511166626653,0.07359286461262798
50095,0.1490031862144956,4936.299135322309,15551.879306462724,11961.129421904943,3590.749884557781,0.07351729928330036
50100,0.1490180582761998,4825.4801152034415,15595.728172664773,11965.645203864528,3630.082968800245,0.07345510423568606
50105,0.14903293033790402,4715.723474174356,15641.41183814731,11966.919042734711,3674.4927954125997,0.073404262326457
50110,0.14904780239960821,4607.9667968591375,15688.204388132392,11964.867133228166,3723.337254904225,0.07334862298872295
50115,0.14906267446131244,4503.000171924452,15735.317647867194,11959.507032017333,3775.8106158498613,0.07328879855177077
50120,0.14907754652301664,4401.454735949519,15781.93196364315,11950.961226581392,3830.970737061758,0.07322531600022551
50125,0.14909241858472086,4303.804578913221,15827.227762594961,11939.456040934152,3887.771721660809,0.07316966399497943
50130,0.14910729064642506,4210.37995171659,15870.416561582902,11925.315635462155,3945.1009261207473,0.07312213202473954
50135,0.14912216270812928,4121.388857393897,15910.770187606122,11908.951169628783,4001.819017977339,0.07307339291311836
50140,0.14913703476983348,4036.943712651937,15947.647131073873,11890.845544339994,4056.801586733878,0.0730234274406549
50145,0.1491519068315377,3957.0898029391337,15980.515161301293,11871.534477282148,4108.980684019145,0.07297213843405681
50150,0.14916677889324192,3881.832610904019,16008.969565588499,11851.58493548076,4157.384630107739,0.07292674001601261
50155,0.14918165095494612,3811.1616367578044,16032.746600727789,11831.572112696247,4201.174488031542,0.07289477205729604
50160,0.14919652301665035,3745.0689336733685,16051.731943300327,11812.05617934229,4239.675763958037,0.07285923414565454
50165,0.14921139507835454,3683.561183301548,16065.96407630611,11793.55996220767,4272.404114098441,0.07282004234119724
50170,0.14922626714005877,3626.6647107293047,16075.632651197977,11776.548563557531,4299.084087640445,0.07277704841637221
50175,0.14924113920176296,3574.4233849514967,16081.071926857649,11761.411742886223,4319.660183971426,0.0727485489566037
50180,0.1492560112634672,3526.8898729991342,16082.749432243269,11748.449691332968,4334.299740910301,0.0727219113447661
50185,0.14927088332517138,3484.111205068475,16081.250055360959,11737.862646715195,4343.387408645764,0.07269134957609605
50190,0.1492857553868756,3446.1100412370106,16077.255854189627,11729.74463210935,4347.511222080277,0.07265649649205605
50195,0.1493006274485798,3412.863374073522,16071.52203205584,11724.081451444965,4347.440580610875,0.07261697231030238
50200,0.14931549951028403,3384.2806207220383,16064.849719922408,11720.75293794008,4344.096781982327,0.07257239712746454
50205,0.14933037157198825,3360.183126356238,16058.056439696473,11719.539321947723,4338.51711774875,0.07252240491575515
50210,0.14934524363369245,3340.287005206259,16051.945346576103,11720.131460886078,4331.813885690026,0.07247078570631035
50215,0.14936011569539667,3324.1909876556183,16047.27451765997,11722.144551977906,4325.129965682063,0.07244478921428238
50220,0.14937498775710087,3311.3705367920775,16044.727628710138,11725.13482503527,4319.592803674868,0.07242546110658676
50225,0.1493898598188051,3301.178974072407,16044.887321702854,11728.618585930039,4316.2687357728155,0.07244653644441763
50230,0.1494047318805093,3292.8557603854642,16048.212420609465,11732.092855109067,4316.119565500398,0.0724791369716986
50235,0.1494196039422135,3285.5414909833853,16055.019933042042,11735.05673034554,4319.963202696503,0.07251162511259598
50240,0.1494344760039177,3278.298677343255,16065.472523478902,11737.032516533029,4328.440006945873,0.0725438519014635
50245,0.14944934806562193,3270.1370961758494,16079.571897299984,11737.585628466624,4341.98626883336,0.07257569166507846
50250,0.14946422012732613,3260.0424269740124,16097.1583139491,11736.342302383968,4360.816011565132,0.07260703770573193
50255,0.14947909218903035,3247.0070302710683,16117.91625081319,11733.004255923861,4384.911994889329,0.0726385385364937
50260,0.14949396425073458,3230.0619100749354,16141.386049718361,11727.35960843289,4414.026441285472,0.07268230860566303
50265,0.14950883631243878,3208.308992162727,16166.98117464335,11719.289597392577,4447.691577250773,0.07272548184756719
50270,0.149523708374143,3180.9527194829825,16194.010481804788,11708.77087967916,4485.239602125628,0.07276791825193756
50275,0.1495385804358472,3147.3296202355577,16221.704659927897,11695.873466567145,4525.831193360751,0.07280949174549392
50280,0.14955345249755142,3106.9340815589294,16249.245766658858,11680.754591065,4568.491175593857,0.07285008897111246
50285,0.14956832455925562,3059.4382782884404,16275.798604681828,11663.649030760867,4612.14957392096,0.07288960847098766
50290,0.14958319662095984,3004.7042556341657,16300.54258317556,11644.856593859546,4655.6859893160145,0.0729279601798301
50295,0.14959806868266404,2942.786625428962,16322.702715209782,11624.727602903993,4697.975112305789,0.07296506503336037
50300,0.14961294074436826,2873.9251385066345,16341.57850462695,11603.647262050723,4737.931242576227,0.07301011227657622
50305,0.14962781280607246,2798.5273634870464,16356.569650819369,11582.019759240047,4774.549891579321,0.07306011531786125
50310,0.14964268486777668,2717.142636065373,16367.197709884222,11560.252839930989,4806.944869953233,0.07310880006227935
50315,0.1496575569294809,2630.4292003169594,16373.123062086539,11538.74341966857,4834.379642417969,0.07315608075753414
50320,0.1496724289911851,2539.116991021154,16374.156727834026,11517.864618672003,4856.292109162023,0.07320188812545199
50325,0.14968730105288933,2443.968814541324,16370.266743106651,11497.954443730207,4872.312299376445,0.07324616696636949
50330,0.14970217311459352,2345.7428027502137,16361.578958144104,11479.30623775596,4882.272720388144,0.07328887342141878
50335,0.14971704517629775,2245.1589433568097,16348.37227168417,11462.16096849988,4886.211303184289,0.07333042392414718
50340,0.14973191723800194,2142.872207997154,16331.068465716155,11446.701416372387,4884.367049343768,0.07338697748476186
50345,0.14974678929970617,2039.454285597676,16310.21696493409,11433.048317312627,4877.168647621464,0.07344171031172632
50350,0.14976166136141036,1935.3851967154114,16286.475007983028,11421.258493895784,4865.216514087244,0.07349454637587721
50355,0.1497765334231146,1831.0551789512883,16260.583878162908,11411.324954851569,4849.2589233113395,0.07354542460313017
50360,0.14979140548481878,1726.7762912617418,16233.341991973339,11403.178865960428,4830.163126012911,0.07359429573517368
50365,0.149806277546523,1622.8022822878593,16205.575775613781,11396.69321368937,4808.882561924411,0.07364111848188276
50370,0.14982114960822723,1519.3544729936984,16178.109361658187,11391.687920815324,4786.421440842863,0.07368585503904465
50375,0.14983602166993143,1416.6507574152038,16151.734199512868,11387.936149125562,4763.798050387306,0.07373789412693178
50380,0.14985089373163565,1314.9343673098356,16127.1796857363,11385.171543759192,4742.008141977109,0.07379457005958713
50385,0.14986576579333985,1214.4988478469731,16105.085881835632,11383.096227198843,4721.989654636789,0.07384863438849473
50390,0.14988063785504407,1115.7058572232363,16085.9793042168,11381.389416180566,4704.589888036235,0.07390005328926315
50395,0.14989550991674827,1018.9930302041703,16070.252656542827,11379.716585156604,4690.536071386223,0.07394879303505855
50400,0.1499103819784525,924.8702534224904,16058.149243883277,11377.73911358237,4680.410130300908,0.07399481502431059
50405,0.1499252540401567,833.9041735146748,16049.752671391361,11375.124322800628,4674.628348590733,0.07403807196695283
50410,0.14994012610186092,746.6923511373934,16044.982289702775,11371.555739359395,4673.42655034338,0.07407850516936959
50415,0.1499549981635651,663.8298773174956,16043.594697352968,11366.743335725081,4676.851361627887,0.07412205392800049
50420,0.14996987022526934,585.8722209417701,16045.19143452966,11360.43342088103,4684.758013648629,0.07417180855476357
50425,0.14998474228697356,513.2984438850963,16049.232791078377,11352.417800810397,4696.81499026798,0.07421840146174502
50430,0.14999961434867776,446.47871636518903,16055.057402112752,11342.54180863631,4712.5155934764425,0.07426181126764841
50435,0.15001448641038198,385.6494077343468,16061.90702638539,11330.710810673627,4731.196215711763,0.07430200836781073
50440,0.15002935847208618,330.8980722796914,16068.955617433396,11316.894817092547,4752.060800340849,0.07433895410938164
50445,0.1500442305337904,282.1595421970105,16075.341534839603,11301.130857928216,4774.210676911387,0.0743726010969469
50450,0.1500591025954946,239.22320292462427,16080.201533403542,11283.52283107715,4796.678702326391,0.07440289458244706
50455,0.15007397465719882,201.75046664821275,16082.70503696521,11264.238603044032,4818.466433921178,0.07443114656816328
50460,0.15008884671890302,169.30057195326663,16082.087166701041,11243.50426111444,4838.582905586602,0.07447161481686719
50465,0.15010371878060724,141.36219370885374,16077.679055150424,11221.59558261178,4856.083472538643,0.0745089338264427
50470,0.15011859084231144,117.3879837687964,16068.93413022516,11198.826989680292,4870.107140544867,0.07454311399093992
50475,0.15013346290401566,96.82907852658536,16055.449282424157,11175.538465748888,4879.9108166752685,0.07457415882761552
50480,0.1501483349657199,79.16677487303605,16036.980111287095,11152.08108409426,4884.899027192836,0.0746020626792641
50485,0.15016320702742408,63.9389544895148,16013.449757659842,11128.801908079728,4884.647849580115,0.07462680750339697
50490,0.1501780790891283,50.75938919759756,15984.951139058283,11106.029052834076,4878.922086224207,0.07464835894409388
50495,0.1501929511508325,39.328747279510935,15951.742690791842,11084.057655933471,4867.68503485837,0.07468449933698862
50500,0.15020782321253673,29.436887335103165,15914.237955591652,11063.137410729469,4851.100544862184,0.07472074954595523
50505,0.15022269527424092,20.95680097883087,15872.989549089496,11043.46219447572,4829.527354613776,0.0747540539427415
50510,0.15023756733594515,13.831263833944831,15828.668159655577,11025.162192615833,4803.505967039744,0.07478427059672285
50515,0.15025243939764935,8.05379865667237,15782.037333239492,11008.29878917479,4773.738544064701,0.07481121795956076
50520,0.15026731145935357,3.6458941923792736,15733.924869789817,10992.862362617878,4741.062507171939,0.07483467864724078
50525,0.15028218352105777,0.6325483838336368,15685.19174131093,10978.772996556896,4706.4187447540335,0.07486766417345052
50530,0.150297055582762,-0.9818557609160052,15636.699547379678,10965.883988161437,4670.815559218241,0.07490755669546047
50535,0.15031192764446621,-1.2355270195439516,15589.27764981134,10953.987921525517,4635.289728285823,0.07503958764605521
50540,0.1503267997061704,-0.22755710881574487,15543.691251935506,10942.824977796537,4600.866274138969,0.07522199433076374
50545,0.15034167176787464,1.8686821079791116,15500.611772615715,10932.093085081147,4568.518687534568,0.07539226247224509
50550,0.15035654382957883,4.797863238592981,15460.590870693964,10921.459468791043,4539.131401902921,0.07555041791204734
50555,0.15037141589128306,8.221140718251263,15424.03937327435,10910.573139965521,4513.466233308829,0.07569646807321717
50560,0.15038628795298725,11.720613192113888,15391.212144878311,10899.077844566014,4492.134300312297,0.07583040217186586
50565,0.15040116001469148,14.809257709413941,15362.1996230603,10886.624983252394,4475.574639807906,0.07595219423623817
50570,0.15041603207639567,16.945421797447125,15336.926377831362,10872.885999364627,4464.040378466734,0.07606180865123291
50575,0.1504309041380999,17.5507920134678,15315.156672441246,10857.563732824692,4457.592939616554,0.07615920781426812
50580,0.1504457761998041,16.03081582665982,15296.506651135074,10840.402264494167,4456.104386640907,0.07624436122386545
50585,0.15046064826150832,11.79677473186166,15280.462480085393,10821.194840845837,4459.267639239555,0.07631725498973363
50590,0.15047552032321254,4.288941341246755,15266.403529032064,10799.78957391961,4466.613955112454,0.07637790046095438
50595,0.15049039238491674,-6.99967298969932,15253.629499414898,10776.092744719765,4477.536754695133,0.07642634053248942
50600,0.15050526444662096,-22.499671372484954,15241.390271791417,10750.069679729255,4491.320592062162,0.07646265229139305
50605,0.15052013650832516,-42.54286280271117,15228.917156538753,10721.743300727225,4507.1738558115285,0.07648694502273144
50610,0.15053500857002938,-67.34275473058733,15215.45419032235,10691.190556806283,4524.263633516068,0.07649935316464071
50615,0.15054988063173358,-96.97996411208442,15200.28813689781,10658.537033936089,4541.751102961722,0.07650002448656719
50620,0.1505647526934378,-131.39452451679063,15182.775936514834,10623.950107028804,4558.82582948603,0.07648910444986495
50625,0.150579624755142,-170.38654042507733,15162.368509913196,10587.63105526163,4574.737454651566,0.07646671828957347
50630,0.15059449681684622,-213.6257093621989,15138.630054606783,10549.806598624216,4588.823455982567,0.07643295274952489
50635,0.15060936887855042,-260.66912321265954,15111.252252601073,10510.720320624876,4600.531931976197,0.07638783955860583
50640,0.15062424094025464,-310.9857442942939,15080.063108474575,10470.624407325437,4609.438701149138,0.07633134263010419
50645,0.15063911300195887,-363.9852472061466,15045.030420496416,10429.77205393336,4615.2583665630555,0.07626335060162129
50650,0.15065398506366307,-419.0486181691922,15006.260126040419,10388.410778184718,4617.849347855701,0.07618367574487686
50655,0.1506688571253673,-475.55797781838555,14963.989938665567,10346.776756800999,4617.2131818645685,0.07609205953467411
50660,0.15068372918707149,-532.9234299639138,14918.578804147555,10305.09019213962,4613.488612007935,0.0759881843825235
50665,0.1506986012487757,-590.605213141398,14870.492754467094,10263.551638660056,4606.941115807038,0.07587169034224216
50670,0.1507134733104799,-648.1299531822406,14820.287748389293,10222.339178625009,4597.948569764285,0.07574219510476317
50675,0.15072834537218413,-705.1003392974526,14768.590075017968,10181.60632702625,4586.983747991719,0.07559931540076192
50680,0.15074321743388833,-761.1980570884225,14716.074883258561,10141.48055411202,4574.594329146541,0.07545854365890328
50685,0.15075808949559255,-816.1802960031855,14663.443402791145,10102.062327056698,4561.381075734447,0.07546535133597168
50690,0.15077296155729675,-869.8705832047217,14611.39945046188,10063.424582856604,4547.974867605277,0.07546647071550994
50695,0.15078783361900097,-922.1450541003269,14560.62586780714,10025.612552011362,4535.013315795779,0.07546294045634586
50700,0.1508027056807052,-972.9155402564447,14511.761595882504,9988.643862430044,4523.11773345246,0.07548314629199519
50705,0.1508175777424094,-1022.1110480026236,14465.380138529994,9952.508872468525,4512.871266061469,0.07549688754956219
50710,0.15083244980411362,-1069.6593351641513,14421.970169349237,9917.17121586366,4504.798953485577,0.07550419245822063
50715,0.1508473218658178,-1115.4703706437522,14381.918984427182,9882.568588189326,4499.350396237856,0.07550511467441813
50720,0.15086219392752204,-1159.4234434846676,14345.49939195839,9848.613855817752,4496.885536140639,0.07549973166107887
50725,0.15087706598922623,-1201.3595020637804,14312.860478425268,9815.19661099906,4497.663867426207,0.075488629995152
50730,0.15089193805093046,-1241.0798824254034,14284.022527110239,9782.185317219628,4501.837209890611,0.07550038517685717
50735,0.15090681011263465,-1278.3519173944242,14258.876216418817,9749.430179852006,4509.446036566811,0.07550522164952951
50740,0.15092168217433888,-1312.9210832920435,14237.186109475346,9716.766839227612,4520.419270247734,0.07550328050371204
50745,0.15093655423604307,-1344.5284924375155,14218.598361765433,9684.020925721887,4534.577436043546,0.075494725826947
50750,0.1509514262977473,-1372.9318489926536,14202.652503381256,9651.013451361772,4551.639052019484,0.07547974085751506
50755,0.15096629835945152,-1397.9275785052505,14188.797072143117,9617.566949258446,4571.230122884672,0.07554442298994192
50760,0.15098117042115572,-1419.371757941377,14176.408762440835,9583.512213409176,4592.896549031659,0.07563403074623289
50765,0.15099604248285994,-1437.1976757021457,14164.814603780826,9548.69543353424,4616.119170246586,0.07572543378520429
50770,0.15101091454456414,-1451.4282620541871,14153.316501254694,9512.985457919749,4640.331043334945,0.075817404204696
50775,0.15102578660626836,-1462.1821710515997,14141.217280498686,9476.280852435759,4664.936428062927,0.07590852387844801
50780,0.15104065866797256,-1469.6729044662225,14127.847213028608,9438.516365890344,4689.330847138264,0.07599891943734159
50785,0.15105553072967678,-1474.2010000047503,14112.589884118066,9399.668378338853,4712.9215057792135,0.07610236471720834
50790,0.15107040279138098,-1476.1399166161227,14094.90622688733,9359.758917849018,4735.1473090383115,0.07621387939683202
50795,0.1510852748530852,-1475.9167934610196,14074.355593141674,9318.857892212722,4755.497700928952,0.07631974393063784
50800,0.1511001469147894,-1473.9896912510176,14050.61286181837,9277.083290316768,4773.529571501602,0.07641851437132692
50805,0.15111501897649363,-1470.8232079784193,14023.480787388537,9234.599244921072,4788.881542467465,0.07650972297910946
50810,0.15112989103819785,-1466.8644696642496,13992.897044332525,9191.611989284065,4801.28505504846,0.07659318028320061
50815,0.15114476309990205,-1462.5214170764211,13958.935707205765,9148.363862474727,4810.571844731037,0.0766689469635178
50820,0.15115963516160627,-1458.145042919883,13921.80319511276,9105.12561074795,4816.67758436481,0.07673729047995521
50825,0.15117450722331047,-1454.0168021440622,13881.828981794391,9062.187295479362,4819.64168631503,0.07679863370721088
50830,0.1511893792850147,-1450.341867154375,13839.45160805056,9019.848160181395,4819.603447869165,0.0768535025573105
50835,0.1512042513467189,-1447.2483012061493,13795.200717328946,8978.405839609954,4816.794877718992,0.07690247823636084
50840,0.1512191234084231,-1444.7916627293107,13749.67596082478,8938.145318182915,4811.530642641865,0.07695613840317635
50845,0.1512339954701273,-1442.9641135723814,13703.523687134222,8899.328062200135,4804.195624934087,0.07701113089061222
50850,0.15124886753183153,-1441.7068430039235,13657.412353297379,8862.181756155087,4795.230597142292,0.07706715568132756
50855,0.15126373959353573,-1440.9245540417141,13612.007583892511,8826.891063201856,4785.116520690655,0.07714154625985047
50860,0.15127861165523995,-1440.5008600702968,13567.947777829651,8793.589802442952,4774.3579753867,0.07721207876212129
50865,0.15129348371694418,-1440.3136427494155,13525.821128056677,8762.354893816359,4763.466234240319,0.0772790218947444
50870,0.15130835577864837,-1440.2496498491655,13486.144877913632,8733.202369673067,4752.942508240565,0.07734259348884553
50875,0.1513232278403526,-1440.2178028665858,13449.347580517388,8706.085693178477,4743.261887338911,0.07740295117044425
50880,0.1513380999020568,-1440.1608147469524,13415.75504027869,8680.896555154139,4734.8584851245505,0.07746018227407185
50885,0.15135297196376102,-1440.064800311724,13385.580486322928,8657.468235507318,4728.1122508156095,0.07752357762852718
50890,0.15136784402546521,-1439.9666251117615,13358.919352268953,8635.58150461504,4723.337847653913,0.07758979158283245
50895,0.15138271608716944,-1439.958798667707,13335.748823361462,8614.972901322173,4720.775922039289,0.07765226838803278
50900,0.15139758814887364,-1440.1917613125133,13315.932078869999,8595.345066768168,4720.587012101831,0.07771082255708461
50905,0.15141246021057786,-1440.8734064381679,13299.226928664782,8576.378659813616,4722.848268851167,0.07776523140078091
50910,0.15142733227228206,-1442.2656040995735,13285.298340413749,8557.745262232364,4727.553078181385,0.07781525741455478
50915,0.15144220433398628,-1444.6773842974435,13273.734193571474,8539.12063055402,4734.613563017454,0.07788556712316956
50920,0.1514570763956905,-1448.454399301936,13264.063484863465,8520.197684229383,4743.865800634083,0.07795590969840134
50925,0.1514719484573947,-1453.9644428099073,13255.776146142505,8500.698733099367,4755.077413043138,0.07802102424197103
50930,0.15148682051909892,-1461.5792461894362,13248.343613546376,8480.386615176172,4767.956998370204,0.07808080893131339
50935,0.15150169258080312,-1471.6534740764728,13241.239300276739,8459.074597366387,4782.1647029103515,0.07813833558563854
50940,0.15151656464250735,-1484.502644930697,13233.95816969629,8436.635041757096,4797.323127939195,0.078203422146071
50945,0.15153143670421154,-1500.3823552730391,13226.034679053617,8413.006921162903,4813.0277578907135,0.07826318545617665
50950,0.15154630876591577,-1519.4714392091028,13217.058467019895,8388.20225792137,4828.856209098525,0.07831763863287401
50955,0.15156118082761996,-1541.8614026967298,13206.687289018668,8362.311455396031,4844.3758336226365,0.07836677001756048
50960,0.1515760528893242,-1567.5536568723546,13194.656857834503,8335.507304786943,4859.14955304756,0.07841053216287666
50965,0.15159092495102838,-1596.4649201660704,13180.78741243767,8308.047207253161,4872.740205184509,0.07844883913421667
50970,0.1516057970127326,-1628.4399376743822,13164.987000312567,8280.27289220399,4884.714108108577,0.07848874976965946
50975,0.15162066907443683,-1663.269643886184,13147.251601866219,8252.606687698233,4894.644914167986,0.07854890826612658
50980,0.15163554113614103,-1700.7122487985544,13127.66233714472,8225.543268206855,4902.119068937865,0.07860271890871327
50985,0.15165041319784525,-1740.5145150443004,13106.380069132572,8199.635831928754,4906.744237203819,0.0786639001073163
50990,0.15166528525954945,-1782.430668009567,13083.63775572026,8175.475900757828,4908.161854962432,0.07872467269368558
50995,0.15168015732125367,-1826.2368373766294,13059.730911110504,8153.66642654975,4906.064484560754,0.07877918665075263
51000,0.15169502938295787,-1871.7395494852153,13035.006527011144,8134.788627302631,4900.217899708514,0.07882777942950081
51005,0.1517099014446621,-1918.7774736630236,13009.8507849744,8119.363917048614,4890.486867925786,0.07887097631008053
51010,0.1517247735063663,-1967.2162940002745,12984.675873736993,8107.813328362491,4876.862545374502,0.07890948682548617
51015,0.1517396455680705,-2016.9371739855833,12959.906218097569,8100.4177992919995,4859.488418805569,0.07894418157095838
51020,0.1517545176297747,-2067.819769834883,12935.964435101781,8097.283416636774,4838.681018465008,0.07897876478132282
51025,0.15176938969147893,-2119.7211227687767,12913.257360856242,8098.315985219789,4814.941375636453,0.07902604088105783
51030,0.15178426175318316,-2172.4520494885746,12892.162531946084,8103.208983571537,4788.953548374547,0.07908782224580477
51035,0.15179913381488735,-2225.7529126602767,12873.015546244029,8111.448013950657,4761.567532293372,0.07917106078398226
51040,0.15181400587659158,-2279.2709521261186,12856.09875084107,8122.333319126477,4733.765431714593,0.07925367526456564
51045,0.15182887793829578,-2332.541717178916,12841.631692668077,8135.019998083727,4706.6116945843505,0.0793361758258595
51050,0.15184375,-2384.977503847933,12829.763710518257,8148.573475942536,4681.190234575721,0.07941888739854815
51055,0.1518586220617042,-2435.865914103166,12820.568948794473,8162.0358763167405,4658.533072477732,0.07950193319215067
51060,0.15187349412340842,-2484.3814875450516,12814.0439490249,8174.497491739403,4639.546457285496,0.07958523229021482
51065,0.15188836618511262,-2529.6125785413005,12810.10784836646,8185.166760348944,4624.941088017516,0.07966851022872908
51070,0.15190323824681684,-2570.604123616513,12808.605107348696,8193.432138769098,4615.172968579598,0.07975719064091598
51075,0.15191811030852104,-2606.4147102480147,12809.310616037697,8198.910001171198,4610.400614866499,0.0798521889715689
51080,0.15193298237022526,-2636.1837035319295,12811.936990179183,8201.474079474967,4610.4629107042165,0.07994489877750632
51085,0.15194785443192949,-2659.2016212662384,12816.143856680303,8201.263800700044,4614.8800559802585,0.08003463655031458
51090,0.15196272649363368,-2674.975116670719,12821.548924379635,8198.67094395743,4622.877980422205,0.08014200290113122
51095,0.1519775985553379,-2683.2774482907607,12827.740624338598,8194.30609338044,4633.434530958157,0.08026060145818509
51100,0.1519924706170421,-2684.1765802142363,12834.292071174506,8188.948189123703,4645.343882050804,0.08037407095261731
51105,0.15200734267874633,-2678.03605573409,12840.776037604768,8183.481905826524,4657.294131778244,0.08048182867494945
51110,0.15202221474045052,-2665.4880483498055,12846.780549263884,8178.8285027141155,4667.952046549768,0.08058335612817981
51115,0.15203708680215475,-2647.3826497737628,12851.924602957533,8175.876136473228,4676.048466484305,0.08067821201145987
51120,0.15205195886385894,-2624.72146985321,12855.873400004717,8175.415405862391,4680.457994142326,0.08076604109263735
51125,0.15206683092556317,-2598.586085731371,12858.352383104173,8178.085152109385,4680.267230994788,0.08085076327410948
51130,0.15208170298726736,-2570.072250604955,12859.159290159841,8184.332361188003,4674.826928971838,0.08093907987750067
51135,0.1520965750489716,-2540.2390206896234,12858.173414869842,8194.388533348296,4663.784881521546,0.08101977284248249
51140,0.1521114471106758,-2510.078513307066,12855.36131470501,8208.263267177992,4647.098047527017,0.08109284209988878
51145,0.15212631917238,-2480.5076109382844,12850.77835002551,8225.754237315039,4625.024112710471,0.08119243209374656
51150,0.15214119123408423,-2452.3784288620373,12844.565679753652,8246.471410451466,4598.094269302186,0.08129517038839644
51155,0.15215606329578843,-2426.500562648891,12836.942669028702,8269.872391330255,4567.070277698447,0.081390885700344
51160,0.15217093535749265,-2403.665656916064,12828.195053888496,8295.305298517993,4532.889755370503,0.08147978677001334
51165,0.15218580741919685,-2384.664107072993,12818.659612400705,8322.055532204466,4496.604080196239,0.081562143563457
51170,0.15220067948090107,-2370.284908918511,12808.706456253913,8349.393123298047,4459.313332955866,0.0816420141248625
51175,0.15221555154260527,-2361.2927401040088,12798.720326146167,8376.617898528755,4422.102427617412,0.08173032356072449
51180,0.1522304236043095,-2358.3809367851027,12789.08240149644,8403.100299702008,4385.982101794432,0.08181283553297737
51185,0.1522452956660137,-2362.1044464300103,12780.154090028525,8428.316227221889,4351.837862806637,0.08188991259407699
51190,0.15226016772771792,-2372.802142059314,12772.264038324334,8451.874673606646,4320.389364717688,0.08197252477656185
51195,0.15227503978942214,-2390.5219779158306,12765.69921881979,8473.537183792465,4292.162035027324,0.08208713141727629
51200,0.15228991185112634,-2414.964350300206,12760.70044473576,8493.228399736461,4267.472044999298,0.08219720116874547
51205,0.15230478391283056,-2445.4580638980915,12757.462105049732,8511.037217402582,4246.42488764715,0.08230291604223627
51210,0.15231965597453476,-2480.9794272807267,12756.13537162191,8527.208484786526,4228.926886835383,0.08240439713785844
51215,0.15233452803623898,-2520.218769962623,12756.833686550981,8542.12572104851,4214.707965502472,0.08251451622927843
51220,0.15234940009794318,-2561.691159263537,12759.639057657849,8556.285985112407,4203.353072545442,0.08262470687681894
51225,0.1523642721596474,-2603.8806399402984,12764.607623105336,8570.268653191044,4194.338969914292,0.08272985023391588
51230,0.1523791442213516,-2645.4012319972044,12771.773115730542,8584.700344846284,4187.072770884259,0.0828296490764552
51235,0.15239401628305582,-2685.1541982203416,12781.147254016116,8600.218460988486,4180.92879302763,0.08292370096586389
51240,0.15240888834476002,-2722.460244329559,12792.71666338842,8617.4357236012,4175.280939787221,0.08304904664289833
51245,0.15242376040646424,-2757.147359316785,12806.43660649274,8636.90776882714,4169.528837665599,0.0831777847011233
51250,0.15243863246816847,-2789.5795917791456,12822.222464522292,8659.105332110983,4163.117132411309,0.08329944753151987
51255,0.15245350452987266,-2820.618635250654,12839.940444702517,8684.391990476915,4155.548454225602,0.08341337084254102
51260,0.1524683765915769,-2851.5179959336474,12859.399288511308,8713.007898283764,4146.3913902275435,0.08353155188665198
51265,0.15248324865328108,-2883.757962869944,12880.344760354705,8745.059543432453,4135.2852169222515,0.08364423042087667
51270,0.1524981207149853,-2918.8376785249748,12902.458407281105,8780.51529553484,4121.943111746265,0.08374710857641156
51275,0.1525129927766895,-2958.047303832949,12925.361560314934,8819.206411605204,4106.1551487097295,0.0838397076502436
51280,0.15252786483839373,-3002.2476016579203,12948.624908175958,8860.833173046325,4087.791735129633,0.08392163918069495
51285,0.15254273690009792,-3051.685441836584,12971.783341061255,8904.975894885021,4066.8074461762335,0.08402322439381192
51290,0.15255760896180215,-3105.871320754317,12994.355241366708,8951.110612648708,4043.244628717999,0.08413298425437163
51295,0.15257248102350635,-3163.5389882482996,13015.865045438595,8998.629259723333,4017.235785715262,0.08423211437736054
51300,0.15258735308521057,-3222.6981623868505,13035.867712069923,9046.864063310752,3989.0036487591715,0.08433058113859786
51305,0.1526022251469148,-3280.780040686426,13053.973660210931,9095.115701024632,3958.8579591863,0.08442604570310892
51310,0.152617097208619,-3334.863251826575,13069.872715331901,9142.684489018558,3927.188226313343,0.08451096810134762
51315,0.15263196927032321,-3381.95668870193,13083.355584743496,9188.903551842153,3894.452032901343,0.08458553726001693
51320,0.1526468413320274,-3419.3070468974493,13094.331362212337,9233.172599568717,3861.1587626436194,0.0846500252575238
51325,0.15266171339373164,-3444.6943663828843,13102.839581228047,9274.9906562498,3827.848924978247,0.08470524610541574
51330,0.15267658545543583,-3456.6793879637116,13109.055461091033,9313.985889106312,3795.069571984721,0.08478442006911704
51335,0.15269145751714006,-3454.7722053512243,13113.287283642323,9349.940617193202,3763.3466664491207,0.08488089475543634
51340,0.15270632957884425,-3439.501690061721,13115.965330196663,9382.80965981315,3733.155670383512,0.08497528209242448
51345,0.15272120164054848,-3412.377858710781,13117.62247474018,9412.730434107138,3704.8920406330417,0.08506177386845445
51350,0.15273607370225267,-3375.7526774677117,13118.867295054575,9440.023625603379,3678.8436694511965,0.08514061929723331
51355,0.1527509457639569,-3332.596737763384,13120.35131728409,9465.183811010884,3655.1675062732065,0.08521201883481372
51360,0.15276581782566112,-3286.2182312378536,13122.732632993715,9488.86006367528,3633.872569318435,0.08527761592129164
51365,0.15278068988736532,-3239.955827081463,13126.638523041373,9511.827257815297,3614.811265226075,0.08534880283868976
51370,0.15279556194906954,-3196.878233570238,13132.62983338891,9534.94944099281,3597.6803923960997,0.08541217617724817
51375,0.15281043401077374,-3159.520775562938,13141.169669098732,9559.137203728045,3582.0324653706866,0.08546760466745117
51380,0.15282530607247796,-3129.6839401767775,13152.59854668227,9585.30139289755,3567.297153784719,0.08555361219219598
51385,0.15284017813418216,-3108.3113778636543,13167.11754719171,9614.305762123819,3552.811785067892,0.08563726025080451
51390,0.15285505019588638,-3095.4561639146796,13184.780331744836,9646.921217642295,3537.859114102541,0.08571296337067189
51395,0.15286992225759058,-3090.3350620949186,13205.494199675313,9683.784209744103,3521.7099899312107,0.0857803431969138
51400,0.1528847943192948,-3091.4618707357768,13229.029749422814,9725.361560455422,3503.668188967393,0.08584476714579295
51405,0.152899666380999,-3096.8433921236647,13255.038181207514,9771.923640575116,3483.1145406323976,0.08590507166289452
51410,0.15291453844270322,-3104.2157940674224,13283.074873989835,9823.527351050985,3459.5475229388503,0.08595555028291595
51415,0.15292941050440745,-3111.295680410891,13312.62757744722,9880.009859887563,3432.6177175596567,0.0859957576246477
51420,0.15294428256611164,-3116.0194667110627,13343.14737488871,9940.99352296939,3402.15385191932,0.08602525201858807
51425,0.15295915462781587,-3116.746847829956,13374.080485775377,10005.90189016546,3368.1785956099175,0.08604360418388637
51430,0.15297402668952007,-3112.409073191926,13404.898980670747,10073.98617086344,3330.912809807307,0.08607456814599403
51435,0.1529888987512243,-3102.5898040708526,13435.128577494734,10144.36100315063,3290.767574344103,0.0861118310549691
51440,0.15300377081292849,-3087.5345054048157,13464.3718831412,10216.047836451165,3248.324046690035,0.08614552681042237
51445,0.1530186428746327,-3068.092400266496,13492.325749064092,10288.023706714748,3204.3020423493435,0.08616945642354214
51450,0.1530335149363369,-3045.601847214675,13518.79182839733,10359.272684855014,3159.5191435423167,0.08618185208682883
51455,0.15304838699804113,-3021.7348067751063,13543.679944295545,10428.836871025467,3114.843073270078,0.08618248095759705
51460,0.15306325905974533,-2998.318558996747,13567.004467910678,10495.863578340111,3071.1408895705663,0.08617114845366615
51465,0.15307813112144955,-2977.153187381524,13588.874495189444,10559.64540594096,3029.2290892484834,0.08615486033024182
51470,0.15309300318315378,-2959.8419888188873,13609.479120509272,10619.650334977448,2989.828785531823,0.08612762402746124
51475,0.15310787524485797,-2947.6493850816096,13629.069447778425,10675.539827175964,2953.5296206024614,0.08608822346990148
51480,0.1531227473065622,-2941.397481698372,13647.93909580586,10727.174104783013,2920.7649910228465,0.08603664582201173
51485,0.1531376193682664,-2941.4084031809234,13666.404828673749,10774.605176763134,2891.7996519106146,0.08597292259894296
51490,0.15315249142997062,-2947.4951350610318,13684.788610254534,10818.059503162982,2866.7291070915526,0.08592897571288174
51495,0.1531673634916748,-2958.99907922481,13703.401926574374,10857.913193024993,2845.4887335493804,0.08588722085565013
51500,0.15318223555337904,-2974.8682526077755,13722.532746187893,10894.663105534726,2827.869640653167,0.085835076797032
51505,0.15319710761508323,-2993.766499576668,13742.435100267952,10928.897086024555,2813.538014243397,0.08577228222885971
51510,0.15321197967678746,-3014.201702168779,13763.321035602408,10961.265882905926,2802.0551526964828,0.08569894898729889
51515,0.15322685173849165,-3034.6600537327686,13785.354654472587,10992.458250217389,2792.896404255198,0.08561518537270997
51520,0.15324172380019588,-3053.7340298198487,13808.648083446358,11023.179603686865,2785.4684797594928,0.0855237989871223
51525,0.1532565958619001,-3070.2334818029685,13833.25944193023,11054.133623209595,2779.125818720635,0.08542415331693261
51530,0.1532714679236043,-3083.27184700034,13859.193118181094,11086.005572840828,2773.1875453402663,0.08531428888181136
51535,0.15328633998530852,-3092.322336899726,13886.40281086137,11119.445928840361,2766.956882021008,0.08519631572877415
51540,0.15330121204701272,-3097.24175333114,13914.797786283163,11155.053145604132,2759.7446406790314,0.08506811986624357
51545,0.15331608410871694,-3098.2620660696684,13944.252603642093,11193.354939934,2750.8976637080923,0.0849296562396811
51550,0.15333095617042114,-3095.9519823828687,13974.620187212771,11234.788182266358,2739.832004946413,0.08478091193045342
51555,0.15334582823212536,-3091.152461616566,14005.747631074575,11279.678196603498,2726.0694344710773,0.08462187793927532
51560,0.15336070029382956,-3084.891530280547,14037.493591189244,11328.218871430872,2709.274719758372,0.08445255324473654
51565,0.15337557235553378,-3078.2848892398815,14069.745645768551,11380.455401540448,2689.290244228103,0.08430140399464137
51570,0.15339044441723798,-3072.42969952957,14102.43567825293,11436.271681830878,2666.163996422052,0.08414228449695128
51575,0.1534053164789422,-3068.2995688304345,14135.551232598567,11495.384342409876,2640.1668901886915,0.08397364245080705
51580,0.15342018854064643,-3066.6490739122128,14169.140956923182,11557.345135652773,2611.795821270409,0.08379552943723353
51585,0.15343506060235063,-3067.9360475300255,14203.312704364387,11621.552850119999,2581.7598542443884,0.08360798407217332
51590,0.15344993266405485,-3072.2692141877487,14238.22357574633,11687.275143642795,2550.9484321035343,0.08341102599356567
51595,0.15346480472575905,-3079.3874611672836,14274.062102952934,11753.679711989285,2520.3823909636485,0.08320465261622717
51600,0.15347967678746327,-3088.6749923203806,14311.023784184606,11819.87315123585,2491.1506329487565,0.08298883969737353
51605,0.15349454884916747,-3099.2138128969527,14349.282166124953,11884.944893805872,2464.3372723190805,0.08276354616328528
51610,0.1535094209108717,-3109.871527475323,14388.958487717247,11948.012884467995,2440.9456032492526,0.08252872297024441
51615,0.1535242929725759,-3119.4185428586134,14430.093428990862,12008.267372571521,2421.8260564193406,0.08228432515254526
51620,0.1535391650342801,-3126.664860686198,14472.624646403734,12065.009414566306,2407.615231837428,0.08203032576419612
51625,0.1535540370959843,-3130.603267224982,14516.37346486248,12117.681380759712,2398.6920841027677,0.08176673021220571
51630,0.15356890915768853,-3130.543495006623,14561.043328264579,12165.887802732048,2395.155525532531,0.08149358950912099
51635,0.15358378121939276,-3126.221410831462,14606.231433501014,12209.406062148346,2396.8253713526683,0.08121101119237861
51640,0.15359865328109695,-3117.8688566687415,14651.453492714181,12248.187468280936,2403.2660244332455,0.08091916699554787
51645,0.15361352534280118,-3106.2334911911275,14696.17994376203,12282.350014023346,2413.829929738684,0.08061829674059265
51650,0.15362839740450537,-3092.543505604948,14739.88036034095,12312.164458433715,2427.715901907235,0.08030870829554575
51655,0.1536432694662096,-3078.4186895690545,14782.071524744433,12338.035397291631,2444.0361274528022,0.07999729654301932
51660,0.1536581415279138,-3065.7360197124617,14822.363832891142,12360.478779112678,2461.8850537784638,0.07969969187456062
51665,0.15367301358961802,-3056.463710827542,14860.500570603346,12380.097057656672,2480.403512946674,0.07939487260607964
51670,0.15368788565132221,-3052.481661493468,14896.385211638044,12397.552965617899,2498.8322460201452,0.07908334257750826
51675,0.15370275771302644,-3055.4079208691,14930.093204169809,12413.542800603933,2516.550403565876,0.07876562917186392
51680,0.15371762977473064,-3066.450053033748,14961.866571220899,12428.770113719736,2533.096457501162,0.07844226773450341
51685,0.15373250183643486,-3086.297266057689,14992.091786664592,12443.920714834407,2548.1710718301856,0.07811378529758324
51690,0.15374737389813908,-3115.064362991752,15021.263479615285,12459.639877746127,2561.623601869158,0.07778068415059193
51695,0.15376224595984328,-3152.292626953549,15049.938248545253,12476.512487148693,2573.42576139656,0.07744342586821168
51700,0.1537771180215475,-3197.0064687621816,15078.683979510593,12495.046606461157,2583.637373049436,0.0771024164783694
51705,0.1537919900832517,-3247.8188522081637,15108.030417586464,12515.660599090159,2592.369818496305,0.07675799348411384
51710,0.15380686214495592,-3303.0738370084728,15138.426324018657,12538.673581271969,2599.7527427466885,0.0764104154212388
51715,0.15382173420666012,-3361.0114403646203,15170.207473200837,12564.298713935983,2605.908759264854,0.07605985454485882
51720,0.15383660626836435,-3419.9385076549443,15203.578204986852,12592.638735021412,2610.9394699654404,0.07570639311544362
51725,0.15385147833006854,-3478.3892724318084,15238.607498668141,12623.683237341418,2614.9242613267234,0.07535002362038822
51730,0.15386635039177277,-3535.2605761618797,15275.23882546272,12657.307500998097,2617.9313244646237,0.07499065312913501
51735,0.15388122245347696,-3589.9091594685997,15313.311576786891,12693.27312269489,2620.0384540920004,0.07462811182804889
51740,0.1538960945151812,-3642.201949829496,15352.590799133963,12731.23112512289,2621.3596740110734,0.07434427124922938
51745,0.1539109665768854,-3692.5147592623707,15392.801359747815,12770.728532156236,2622.072827591579,0.07449480970020432
51750,0.1539258386385896,-3741.6800271607135,15433.662517890807,12811.219431297055,2622.443086593752,0.07456681024689055
51755,0.15394071070029383,-3790.8897258168145,15474.919131849823,12852.081244523537,2622.8378873262864,0.07454719851567287
51760,0.15395558276199803,-3841.5646079366634,15516.36631439574,12892.636311761125,2623.7300026346147,0.07466745374482162
51765,0.15397045482370225,-3895.2048538197123,15557.86517718617,12932.17806988728,2625.687107298889,0.07477250242870417
51770,0.15398532688540645,-3953.23921381284,15599.348302641783,12970.000266039204,2629.3480366025797,0.07478414352400778
51775,0.15400019894711067,-4016.8895595835547,15640.81468074326,13005.426982119901,2635.387698623359,0.07477311231900732
51780,0.15401507100881487,-4087.065351883526,15682.314974572777,13037.840941753384,2644.474032819393,0.07491542997526586
51785,0.1540299430705191,-4164.298270691779,15723.92904446769,13066.707715463548,2657.221329004142,0.07496496182169439
51790,0.1540448151322233,-4248.721789441195,15765.738561554881,13091.594019669015,2674.1445418858657,0.07490729468550887
51795,0.1540596871939275,-4340.094616028222,15807.798165690885,13112.179197109108,2695.618968581777,0.07496236917987104
51800,0.15407455925563174,-4437.861499599783,15850.108872662451,13128.259970940973,2721.848901721478,0.075056142483238
51805,0.15408943131733593,-4541.240649302519,15892.597250696555,13139.749460615398,2752.8477900811577,0.07504539320502168
51810,0.15410430337904016,-4649.324475044117,15935.103262653929,13146.672051894382,2788.431210759547,0.07498073335545974
51815,0.15411917544074435,-4761.179818117689,15977.378666802308,13149.155927849599,2828.222738952709,0.075043728792493
51820,0.15413404750244858,-4875.935252686117,16019.09660356204,13147.424895930222,2871.671707631818,0.07508888811520352
51825,0.15414891956415278,-4992.846054990721,16059.871630188709,13141.790678699113,2918.0809514895955,0.07506192147776021
51830,0.154163791625857,-5111.331453372368,16099.288184071054,13132.646212544634,2966.64197152642,0.07506483655073208
51835,0.1541786636875612,-5230.983058976963,16136.934437389213,13120.4598648355,3016.4745725537123,0.07503105012124733
51840,0.15419353574926542,-5351.547229189146,16172.437896269712,13105.769951105787,3066.6679451639247,0.07505819244218674
51845,0.15420840781096962,-5472.886995408673,16205.498980277369,13089.17857821348,3116.3204020638896,0.07509347151747182
51850,0.15422327987267384,-5594.930820742638,16235.91919809413,13071.3436798409,3164.5755182532303,0.07501377063805711
51855,0.15423815193437806,-5717.615851718856,16263.621334326608,13052.96813869279,3210.6531956338185,0.07497923477796146
51860,0.15425302399608226,-5840.832725324935,16288.660132351222,13034.785084118139,3253.8750482330834,0.07506077019473702
51865,0.15426789605778649,-5964.377730269745,16311.223109460012,13017.538793994869,3293.6843154651433,0.07503211002600198
51870,0.15428276811949068,-6087.916528790173,16331.622181664072,13001.961098939519,3329.661082724553,0.0748781029027396
51875,0.1542976401811949,-6210.961964914637,16350.27755323052,12988.74376541679,3361.5337878137307,0.07496865741440571
51880,0.1543125122428991,-6332.866866343138,16367.695757418418,12978.507984440595,3389.1877729778225,0.07500471674455216
51885,0.15432738430460333,-6452.831289181702,16384.4438212203,12971.772745328833,3412.671075891465,0.0749215930604107
51890,0.15434225636630752,-6569.922455575091,16401.121345596606,12968.92442498833,3432.196920608276,0.07481811738279394
51895,0.15435712842801175,-6683.104802551075,16418.33196810066,12970.190246402322,3448.141721698339,0.07492725616475927
51900,0.15437200048971594,-6791.277186400713,16436.65533803743,12975.618239634567,3461.037098402865,0.07492493703405519
51905,0.15438687255142017,-6893.314390839139,16456.62048346538,12985.065912115539,3471.5545713498414,0.07479572662610792
51910,0.1544017446131244,-6988.110584803859,16478.68132458876,12998.199029121424,3480.4822954673364,0.0747951007824091
51915,0.1544166166748286,-7074.623080391993,16503.19506877782,13014.500849723188,3488.6942190546306,0.07487746228893977
51920,0.1544314887365328,-7151.9154109065585,16530.404246899117,13033.29106834986,3497.113178549258,0.07484092844000372
51925,0.154446360798237,-7219.19915353934,16560.423148039805,13053.752814250787,3506.6703337890176,0.07470004057229752
51930,0.15446123285994123,-7275.873918570221,16593.229331201124,13074.965552469952,3518.2637787311724,0.07475886066273238
51935,0.15447610492164543,-7321.564511631714,16628.66072730188,13095.941693219236,3532.7190340826455,0.07481538014713594
51940,0.15449097698334965,-7356.153588151293,16666.418616375267,13115.665092588533,3550.753523786734,0.07474648311277156
51945,0.15450584904505385,-7379.807401767714,16706.07651212228,13133.130229290595,3572.9462828316846,0.07461077430494042
51950,0.15452072110675807,-7392.991762178931,16747.094741127716,13147.381414953075,3599.7133261746403,0.07468810999337458
51955,0.15453559316846227,-7396.475255448221,16788.840278649222,13157.551704772772,3631.2885738764508,0.0747190909857926
51960,0.1545504652301665,-7391.31721739704,16830.611188997224,13162.901089184743,3667.7100998124806,0.07465027223863799
51965,0.15456533729187072,-7378.8388560205785,16871.664801155483,13162.853082719714,3708.811718435769,0.07447234977753223
51970,0.15458020935357492,-7360.577200375803,16911.248522905717,13157.028141007806,3754.2203818979106,0.07460184553418514
51975,0.15459508141527914,-7338.2231065353835,16948.63197185215,13145.271670698905,3803.360301153247,0.0746210216269455
51980,0.15460995347698334,-7313.546266205422,16983.138910943653,13127.673989615028,3855.4649213286248,0.07451665728719933
51985,0.15462482553868756,-7288.311894058006,17014.17736167283,13104.579611195075,3909.5977504777566,0.07441203899892537
51990,0.15463969760039176,-7264.195298007104,17041.26626918491,13076.583720082457,3964.682549102454,0.07450538225917536
51995,0.15465456966209598,-7242.70158113369,17064.057232623192,13044.514614184734,4019.542618438458,0.07448361785012621
52000,0.15466944172380018,-7225.098002383007,17082.350088398664,13009.40207303842,4072.9480153602435,0.07433519800926318
52005,0.1546843137855044,-7212.365841896255,17096.101514741604,12972.4328974202,4123.668617321404,0.07429888280232998
52010,0.1546991858472086,-7205.176939118342,17105.426265545135,12934.896077292628,4170.530188252507,0.07436243648544211
52015,0.15471405790891282,-7203.897531663506,17110.591088169014,12898.121035012617,4212.470053156398,0.07430840761874573
52020,0.15472892997061705,-7208.618895065583,17112.001790996706,12863.413043121715,4248.588747874992,0.07412720901354049
52025,0.15474380203232124,-7219.210944051762,17110.184277809287,12831.990154460138,4278.194123349149,0.07415090041706
52030,0.15475867409402547,-7235.39185528654,17105.76065048972,12804.925775148924,4300.834875340795,0.07419250994778946
52035,0.15477354615572966,-7256.804406086584,17099.42170116533,12783.100380362168,4316.321320803163,0.07411596153364935
52040,0.1547884182174339,-7283.0885695765555,17091.897268768276,12767.164902337578,4324.732366430699,0.07391370276931977
52045,0.15480329027913808,-7313.940303822705,17083.926011898682,12757.51715201774,4326.408859880943,0.07400084371236541
52050,0.1548181623408423,-7349.148490818342,17076.226129271425,12754.291451751988,4321.934677519437,0.07402665793290351
52055,0.1548330344025465,-7388.605342967216,17069.468421162837,12757.360641217118,4312.10777994572,0.07393514646969629
52060,0.15484790646425073,-7432.289707277114,17064.252824965035,12766.348914724244,4297.903910240791,0.07372076772788302
52065,0.15486277852595492,-7480.226795601331,17061.089195718934,12780.65361908296,4280.435576635975,0.07382960834834576
52070,0.15487765058765915,-7532.431221627061,17060.382685562574,12799.474157989893,4260.908527572681,0.07384401556006963
52075,0.15489252264936337,-7588.842319551026,17062.42366925805,12821.846405395183,4240.577263862866,0.07374348228149905
52080,0.15490739471106757,-7649.261369638922,17067.381832028183,12846.681382141163,4220.700449887019,0.07355252288332467
52085,0.1549222667727718,-7713.299692033743,17075.303830475616,12872.807259335379,4202.4965711402365,0.07362383277783503
52090,0.154937138834476,-7780.344924033297,17086.113879513698,12899.013919746963,4187.099959766734,0.07363072748144517
52095,0.15495201089618021,-7849.550535861498,17099.616699904767,12924.099288782858,4175.517411121909,0.07352641742258607
52100,0.1549668829578844,-7919.851033552051,17115.502448863368,12946.916441423085,4168.586007440283,0.07337546151903886
52105,0.15498175501958864,-7990.002478129384,17133.35350168375,12966.42014132992,4166.933360353829,0.07343065230496229
52110,0.15499662708129283,-8058.645002823167,17152.653202647878,12981.71104334828,4170.942159299599,0.07339193444836878
52115,0.15501149914299706,-8124.381119061532,17172.796910306173,12992.07538705362,4180.721523252554,0.07327306606762357
52120,0.15502637120470125,-8185.861154669279,17193.105787372016,12997.017741728278,4196.088045643739,0.07315004713771708
52125,0.15504124326640548,-8241.865716101653,17212.84380225831,12996.284348542511,4216.5594537157995,0.07319529467182782
52130,0.1550561153281097,-8291.375137706698,17231.238302699,12989.874930407354,4241.363372291646,0.07314982139483917
52135,0.1550709873898139,-8333.617719196358,17247.504288578366,12978.041526181963,4269.4627623964025,0.0730113718275683
52140,0.15508585945151812,-8368.091939219776,17260.87216114315,12961.27388905537,4299.59827208778,0.07287402346241423
52145,0.15510073151322232,-8394.56208612112,17270.61828557404,12940.27212407336,4330.34616150068,0.07291576436784436
52150,0.15511560357492654,-8413.030914696781,17276.09721813611,12915.908339440999,4360.188878695111,0.07287088387743167
52155,0.15513047563663074,-8423.696090923804,17276.7739795988,12889.179976258998,4387.594003339804,0.07273814251846279
52160,0.15514534769833496,-8426.898687979628,17272.25437617535,12861.158049525382,4411.096326649969,0.07255766124528079
52165,0.15516021976003916,-8423.071658230623,17262.311150680038,12832.933749627837,4429.377401052201,0.07259741272341498
52170,0.15517509182174338,-8412.694305682755,17246.90374869882,12805.566756268343,4441.336992430477,0.07256232471964728
52175,0.15518996388344758,-8396.255967771354,17226.189737948345,12780.038275620347,4446.151462327998,0.07244503365687503
52180,0.1552048359451518,-8374.229213815526,17200.5264165877,12757.211291675021,4443.31512491268,0.07229875742617668
52185,0.15521970800685603,-8347.050665546118,17170.461841100318,12737.799867784395,4432.661973315922,0.07232663580687419
52190,0.15523458006856022,-8315.106565249036,17136.715316753925,12722.348573423751,4414.366743330174,0.0722852365993827
52195,0.15524945213026445,-8278.720574150255,17100.148225217283,12711.22228139213,4388.925943825152,0.07218543107063827
52200,0.15526432419196864,-8238.14266406363,17061.726815779235,12704.605746299214,4357.121069480021,0.072051769897543
52205,0.15527919625367287,-8193.53974616789,17022.47917564483,12702.511629087228,4319.9675465576,0.07209070494309829
52210,0.15529406831537707,-8144.990146221351,16983.448965458527,12704.795075436867,4278.65389002166,0.07206449881815169
52215,0.1553089403770813,-8092.484618189043,16945.64863559201,12711.172665572498,4234.475970019512,0.07197446471377451
52220,0.15532381243878549,-8035.936050219801,16910.014735907058,12721.243556422372,4188.7711794846855,0.071824645055124
52225,0.1553386845004897,-7975.198514173896,16877.36763203027,12734.5109041584,4142.856727871869,0.07185026062322508
52230,0.1553535565621939,-7910.094322560371,16848.377498258877,12750.402112197424,4097.975386061453,0.07184447611078006
52235,0.15536842862389813,-7840.445913888546,16823.53793279528,12768.287005860859,4055.250926934421,0.07179671345238747
52240,0.15538330068560235,-7766.108249139351,16803.14799539014,12787.493606148717,4015.654389241423,0.0719535224745602
52245,0.15539817274730655,-7686.997274311398,16787.302951770667,12807.321697407742,3979.981254362925,0.07211131266910102
52250,0.15541304480901078,-7603.110858480126,16775.89356031377,12827.0548123432,3948.838747970569,0.07227215237478272
52255,0.15542791687071497,-7514.5401423774665,16768.61337574642,12845.971560255977,3922.6418154904422,0.07243619198477418
52260,0.1554427889324192,-7421.470988848053,16764.973279218255,12863.357373534855,3901.6159056834003,0.07260212826515688
52265,0.1554576609941234,-7324.176814958708,16764.32226930453,12878.517722018427,3885.804547286105,0.07276774056133693
52270,0.15547253305582762,-7223.005251584931,16765.873451249234,12890.793635382235,3875.0798158669986,0.07293040435945977
52275,0.1554874051175318,-7118.361710049309,16768.73412401194,12899.579989910024,3869.1541341019147,0.07310497827056754
52280,0.15550227717923604,-7010.693005877657,16771.938867052144,12904.346491322749,3867.592375729395,0.07328391917126506
52285,0.15551714924094023,-6900.4736965975535,16774.484554629402,12904.660676196867,3869.823878432535,0.07346109268754639
52290,0.15553202130264446,-6788.19677919992,16775.366263142856,12900.211635273508,3875.1546278693477,0.07363377034611714
52295,0.15554689336434868,-6674.369018622639,16773.613080750867,12890.832617267894,3882.7804634829736,0.07379933867174919
52300,0.15556176542605288,-6559.509735298115,16768.322875525933,12876.520286770525,3891.8025887554086,0.07395558213926298
52305,0.1555766374877571,-6444.1507407254085,16758.69512579104,12857.448259662027,3901.246866129013,0.07410083840479786
52310,0.1555915095494613,-6328.834594900742,16744.060958227605,12833.97267744491,3910.0882807826947,0.07426223969295144
52315,0.15560638161116552,-6214.10861607337,16723.909567893526,12806.628027731635,3917.281540161892,0.07442992886422595
52320,0.15562125367286972,-6100.51303931386,16697.910203326035,12776.112149152055,3921.79805417398,0.07458709499804607
52325,0.15563612573457394,-5988.5631727851505,16665.928891037707,12743.26030782218,3922.668583215527,0.07473243151944194
52330,0.15565099779627814,-5878.727036180892,16628.039061188,12709.00929374407,3919.02976744393,0.07486529596088608
52335,0.15566586985798236,-5771.4014658728665,16584.525247248304,12674.353529359794,3910.17171788851,0.07498564293761462
52340,0.15568074191968656,-5666.890737033972,16535.879103127994,12640.296072918565,3895.583030209429,0.07513725097353846
52345,0.15569561398139078,-5565.392128730746,16482.787146974657,12607.79801298193,3874.989133992727,0.07528080488249107
52350,0.155710486043095,-5466.99236787841,16426.109926349567,12577.7299938871,3848.379932462467,0.07541263754101891
52355,0.1557253581047992,-5371.677494728625,16366.85270916124,12550.829436472706,3816.0232726885333,0.07553324281419198
52360,0.15574023016650343,-5279.35655334803,16306.128318567977,12527.666431082791,3778.461887485186,0.07564353741136583
52365,0.15575510222820763,-5189.896987485954,16245.113305033847,12508.62035080525,3736.4929542285972,0.07575808829144531
52370,0.15576997428991185,-5103.1672176374495,16184.999225252825,12493.868093519775,3691.131131733049,0.07589311608810408
52375,0.15578484635161605,-5019.080103551233,16126.94130891779,12483.383689200724,3643.5576197170667,0.0760191182851866
52380,0.15579971841332027,-4937.63024858857,16072.007174897532,12476.947995544915,3595.0591793526164,0.07613729347198069
52385,0.15581459047502447,-4858.918545833962,16021.128452025005,12474.16651113637,3546.9619408886338,0.07624895222717477
52390,0.1558294625367287,-4783.158912448658,15975.058125735444,12474.49304902582,3500.565076709625,0.07635533334155088
52395,0.1558443345984329,-4710.6644992830425,15934.336152144268,12477.257126231874,3457.0790259123933,0.0764713697090332
52400,0.1558592066601371,-4641.813367559382,15899.265366434187,12481.693337745754,3417.5720286884334,0.07660316794233102
52405,0.15587407872184134,-4576.996275606842,15869.899005907519,12486.971541324681,3382.9274645828373,0.07673057700970219
52410,0.15588895078354553,-4516.5515199980255,15846.040344230789,12492.227214133021,3353.8131300977675,0.07685455501910492
52415,0.15590382284524976,-4460.693581283194,15827.254089483324,12496.591715826005,3330.6623736573183,0.07697577356480467
52420,0.15591869490695395,-4409.443572953907,15812.888438952854,12499.222322554144,3313.66611639871,0.07709456160931506
52425,0.15593356696865818,-4362.570095235942,15802.10609929856,12499.331766716934,3302.7743325816264,0.07721089992275411
52430,0.15594843903036237,-4319.548871237146,15793.922229274622,12496.216677567489,3297.705551707133,0.07732445538767725
52435,0.1559633110920666,-4279.5482596598085,15787.247154032078,12489.283872624732,3297.9632814073466,0.07746077585465305
52440,0.1559781831537708,-4241.445262100206,15780.931796168677,12478.073039004146,3302.858757164531,0.07759581011336361
52445,0.15599305521547502,-4203.873115372722,15773.81399312481,12462.274112077492,3311.539881047318,0.07772811637918166
52450,0.15600792727717921,-4165.297482581995,15764.764132719483,12441.737719105096,3323.026413614387,0.0778572134022802
52455,0.15602279933888344,-4124.1144065336575,15752.728760367841,12416.477453835316,3336.2513065325256,0.07798244139289104
52460,0.15603767140058766,-4078.760370816206,15736.770949036305,12386.663443827427,3350.107505208878,0.07810301884805965
52465,0.15605254346229186,-4027.8235674666776,15716.106276846636,12352.60754321714,3363.498733629496,0.07821809216262035
52470,0.15606741552399608,-3970.1458813026675,15690.133267584051,12314.74135794113,3375.3919096429217,0.07833729468054607
52475,0.15608228758570028,-3904.9068054280197,15658.457177827713,12273.589016803633,3384.86816102408,0.07847207632116349
52480,0.1560971596474045,-3831.6828795683505,15620.90611973067,12229.73701894641,3391.1691007842583,0.07860201788462426
52485,0.1561120317091087,-3750.47868821675,15577.538724469121,12183.80357534402,3393.735149125101,0.07872641422845265
52490,0.15612690377081292,-3661.7275975191533,15528.642874942605,12136.40965765573,3392.2332172868755,0.07884452090439624
52495,0.15614177583251712,-3566.2621810307974,15474.725429850288,12088.1535620733,3386.571867776989,0.07897601325994062
52500,0.15615664789422135,-3465.2558455358667,15416.493267932974,12039.590288190002,3376.902979742972,0.07911132726288471
52505,0.15617151995592554,-3360.1387474964085,15354.826347581466,11991.21649838549,3363.6098491959765,0.07923651947146151
52510,0.15618639201762977,-3252.4928348971425,15290.743773644446,11943.461299620183,3347.282474024263,0.07935056270451966
52515,0.156201264079334,-3143.932738868387,15225.364094112685,11896.682588567899,3328.681505544786,0.07945239198711013
52520,0.1562161361410382,-3035.9810867015276,15159.861245671109,11851.168231478407,3308.6930141927023,0.07956059554747599
52525,0.1562310082027424,-2929.9483081362214,15095.417767142404,11807.140937180307,3288.2768299620966,0.07969562342556216
52530,0.1562458802644466,-2826.8278140934417,15033.177123522337,11764.76537061427,3268.411752908067,0.07982137670103401
52535,0.15626075232615083,-2727.2172250517124,14974.197212868074,11724.155897740942,3250.0413151271314,0.07993689857186621
52540,0.15627562438785503,-2631.274891640416,14919.40730532377,11685.38338855614,3234.02391676763,0.08004118398961771
52545,0.15629049644955925,-2538.7182088073914,14869.570704739368,11648.479739605264,3221.0909651341044,0.08013321429211032
52550,0.15630536851126345,-2448.866300542044,14825.255250282156,11613.439181737145,3211.816068545011,0.08022893006382456
52555,0.15632024057296767,-2360.724899386156,14786.81334678911,11580.21595963406,3206.5973871550486,0.08035894755258982
52560,0.15633511263467187,-2273.1062376727223,14754.372546250612,11548.71854656096,3205.6539996896518,0.08047991423609738
52565,0.1563499846963761,-2184.7722275866854,14727.836878873484,11518.80113654438,3209.0357423291043,0.08059087253620147
52570,0.15636485675808032,-2094.585864127608,14706.898275707306,11490.253689008156,3216.6445866991508,0.0806908879264636
52575,0.1563797288197845,-2001.654211601237,14691.056673944626,11462.792238640146,3228.26443530448,0.08077909326870619
52580,0.15639460088148874,-1905.446812662818,14679.64686630538,11436.05146705718,3243.595399248201,0.08088038600496808
52585,0.15640947294319293,-1805.875836580768,14671.869913352564,11409.581596567226,3262.288316785338,0.08101002871128828
52590,0.15642434500489716,-1703.328423953575,14666.826986830441,11382.851452309025,3283.975534521416,0.08113038945192401
52595,0.15643921706660135,-1598.6469726051328,14663.553802694123,11355.259022041824,3308.294780652299,0.08124048654677417
52600,0.15645408912830558,-1493.058943733402,14661.054247331942,11326.150052017278,3334.9041953146643,0.08133939400960659
52605,0.15646896119000978,-1388.0635116009944,14658.332299659301,11294.84424562207,3363.4880540372324,0.08142625990128312
52610,0.156483833251714,-1285.2873787559329,14654.421813580135,11260.667625526128,3393.7541880540066,0.08151305096820956
52615,0.1564987053134182,-1186.32570118679,14648.414080164477,11222.988750798186,3425.4253293662914,0.08163940177245067
52620,0.15651357737512242,-1092.585807012747,14639.483295592294,11181.25590076223,3458.2273948300644,0.08175471129358748
52625,0.15652844943682664,-1005.1509905830153,14626.910106945457,11135.03214180685,3491.8779651386067,0.08185796250226174
52630,0.15654332149853084,-924.679194069342,14610.103306682522,11084.025393140091,3526.077913542431,0.08194822798219531
52635,0.15655819356023506,-851.347231155094,14588.619531932363,11028.111131918655,3560.5084000137085,0.0820246750300329
52640,0.15657306562193926,-784.8459434039123,14562.180544607245,10967.346101481691,3594.8344431255537,0.08211430761828538
52645,0.15658793768364349,-724.4259661544638,14530.687377201764,10901.972171504389,3628.7152056973755,0.08222360849348115
52650,0.15660280974534768,-668.9882676492416,14494.230380851914,10832.410240122772,3661.8201407291417,0.08231967779632116
52655,0.1566176818070519,-617.2089182305881,14453.09405394041,10759.244715169812,3693.8493387705967,0.08240180102489952
52660,0.1566325538687561,-567.6841743845434,14407.755498359498,10683.199663585376,3724.5558347741226,0.08246939219809954
52665,0.15664742593046033,-519.0803110527522,14358.875470896244,10605.10819229167,3753.767278604575,0.08252266858960992
52670,0.15666229799216452,-470.272862528338,14307.281279015051,10525.87701977775,3781.4042592373007,0.08261763737251616
52675,0.15667717005386875,-420.4619002287509,14253.941205785726,10446.448476136924,3807.492729648802,0.08269937184459142
52680,0.15669204211557297,-369.2532570401236,14199.930709440277,10367.762261107224,3832.1684483330537,0.08276755451434602
52685,0.15670691417727717,-316.69958202216003,14146.391279401698,10290.719129079122,3855.6721503225763,0.08282200602229839
52690,0.1567217862389814,-263.2991306964068,14094.483476750222,10216.148237975762,3878.33523877446,0.08286268244689901
52695,0.1567366583006856,-209.9537708186108,14045.336271014796,10144.779254464136,3900.5570165506597,0.08292762631945588
52700,0.1567515303623898,-157.89058177401057,13999.995241767947,10077.21958921867,3922.775652549277,0.08299694157889242
52705,0.156766402424094,-108.55367789495722,13959.372494796136,10013.936525053035,3945.435969743101,0.08305422485489812
52710,0.15678127448579823,-63.47467372448409,13924.201221509338,9955.24366134707,3968.9575601622673,0.08309955047752796
52715,0.15679614654750243,-24.13169758225922,13894.997698232883,9901.291113043464,3993.7065851894185,0.0831330749040552
52720,0.15681101860920665,8.191943807420103,13872.033183807915,9852.059237645748,4019.9739461621666,0.08317643297352875
52725,0.15682589067091085,32.537642961224265,13855.317644320827,9807.35617829032,4047.961466030507,0.08323808154810916
52730,0.15684076273261507,48.37823229036803,13844.596539343273,9766.820007396262,4077.776531947011,0.08328896234067333
52735,0.1568556347943193,55.69118429728405,13839.361087867188,9729.926547911544,4109.434539955644,0.08332914801741201
52740,0.1568705068560235,54.99041997689528,13838.871557354216,9696.003922206746,4142.86763514747,0.08335874886440826
52745,0.15688537891772772,47.31255226616304,13842.192266463613,9664.254513218586,4177.937753245027,0.08339361447838739
52750,0.15690025097943192,34.15779658888823,13848.236247711162,9633.784386358097,4214.451861353065,0.08344657091988264
52755,0.15691512304113614,17.39038353844262,13855.816956332035,9603.63943517726,4252.177521154776,0.08348909387835324
52760,0.15692999510284034,-0.8924273375523626,13863.704083870649,9572.846715389898,4290.857368480751,0.08352119452293091
52765,0.15694486716454456,-18.510188749491135,13870.680449154179,9540.45874538951,4330.22170376467,0.08354608297411152
52770,0.15695973922624876,-33.353214172317166,13875.597067409,9505.59807663653,4369.99899077247,0.08359609292177435
52775,0.15697461128795298,-43.525293887101725,13877.423786002111,9467.499244520486,4409.924541481625,0.0836355157053497
52780,0.15698948334965718,-47.46112503938093,13875.293259348411,9425.545336353356,4449.747922995055,0.08366430459286872
52785,0.1570043554113614,-44.00760656000966,13868.536461537893,9379.296854333834,4489.239607204059,0.08368241641390047
52790,0.15701922747306563,-32.46294854393091,13856.708369681395,9328.511255898664,4528.197113782731,0.08372571358436512
52795,0.15703409953476982,-12.573204586273278,13839.602884804837,9273.152421118519,4566.4504636863185,0.08375877751467756
52800,0.15704897159647405,15.508677918811372,13817.256500487714,9213.390189842024,4603.86631064569,0.08378075123051318
52805,0.15706384365817824,51.29194624794218,13789.940700450254,9149.59088486244,4640.349815587813,0.08379149292410225
52810,0.15707871571988247,94.03369419677074,13758.143577622586,9082.300274532488,4675.843303090098,0.08379085029552949
52815,0.15709358778158666,142.82953643127803,13722.541714743931,9012.220671411058,4710.321043332873,0.08379411951188463
52820,0.1571084598432909,196.6997320241844,13683.963922466746,8940.183827266637,4743.780095200109,0.08380688009738227
52825,0.15712333190499508,254.66431122825634,13643.348944000541,8867.121044397252,4776.227899603289,0.08380767902106323
52830,0.1571382039666993,315.80411020399515,13601.699637605023,8794.0315855303,4807.668052074723,0.08379640425572459
52835,0.1571530760284035,379.3073830146277,13560.036369036126,8721.950134213363,4838.086234822764,0.08377300027051561
52840,0.15716794809010773,444.50335694239584,13519.352329959214,8651.913812499562,4867.438517459652,0.0837712589351402
52845,0.15718282015181195,510.88462989252,13480.573223313062,8584.929144362915,4895.644078950147,0.08376120275524533
52850,0.15719769221351615,578.1198963584084,13444.523245994615,8521.939369997399,4922.583875997216,0.08373906567472994
52855,0.15721256427522037,646.0575292046051,13411.898622971758,8463.792651443868,4948.10597152789,0.083734161556226
52860,0.15722743633692457,714.7194821974481,13383.249209122298,8411.211929048835,4972.037280073462,0.08372818879563686
52865,0.1572423083986288,784.2842159614465,13358.967990950132,8364.767439989982,4994.2005509601495,0.08371059311967319
52870,0.157257180460333,855.0572076749522,13339.287787983068,8324.853128993482,5014.434658989587,0.08368169145442955
52875,0.15727205252203721,927.4282881567433,13324.284130214128,8291.668295573923,5032.615834640204,0.08366769052749956
52880,0.1572869245837414,1001.8166011942485,13313.883176918005,8265.205770957107,5048.677405960898,0.08365943605056843
52885,0.15730179664544564,1078.6062159927624,13307.873597520324,8245.247674270937,5062.625923249387,0.08364024728822908
52890,0.15731666870714983,1158.0779073100439,13305.921480392739,8231.369383686419,5074.55209670632,0.08361036392908344
52895,0.15733154076885406,1240.3447166460573,13307.587491664459,8222.95184393116,5084.635647733299,0.08357000921048667
52900,0.15734641283055828,1325.2999598591377,13312.345618555033,8219.20181311038,5093.1438054446535,0.08354880962468614
52905,0.15736128489226248,1412.5858815183947,13319.60288481457,8219.179218690768,5100.423666123803,0.08353239433989817
52910,0.1573761569539667,1501.5890755432774,13328.719441636928,8221.830497599582,5106.888944037346,0.08350501656981804
52915,0.1573910290156709,1591.4654139647664,13339.028458934035,8226.026640706577,5113.001818227458,0.08346674713794894
52920,0.15740590107737512,1681.1931779912557,13349.855309611468,8230.60460563766,5119.250703973808,0.08343335799934049
52925,0.15742077313907932,1769.6491080193537,13360.535671125042,8234.410741284843,5126.1249298402,0.08342062205995168
52930,0.15743564520078354,1855.698850974908,13370.432350361616,8236.344828887433,5134.087521474183,0.08339606078942782
52935,0.15745051726248774,1938.2912791453018,13378.950829624908,8235.403266235633,5143.547563389275,0.0833597251592509
52940,0.15746538932419196,2016.5456688964568,13385.55368118809,8230.719822485,5154.83385870309,0.08331170794665627
52945,0.15748026138589616,2089.8218165065646,13389.774059363412,8221.60232235383,5168.171737009581,0.08330198611320724
52950,0.15749513344760038,2157.7656377413623,13391.228426068501,8207.56364106345,5183.66478500505,0.08328048649384004
52955,0.1575100055093046,2220.326200898773,13389.628499839662,8188.345547857885,5201.282951981777,0.08324645397763585
52960,0.1575248775710088,2277.7438532671276,13384.79216865627,8163.9342289573715,5220.857939698898,0.0832000353376206
52965,0.15753974963271303,2330.5124655563304,13376.652825752302,8134.5667079798295,5242.086117772473,0.08315331447691658
52970,0.15755462169441722,2379.321338453321,13365.266339098818,8100.727791387807,5264.538547711011,0.08312182322057039
52975,0.15756949375612145,2424.9837612224146,13350.814712648798,8063.1375278485775,5287.677184800221,0.08309328841124945
52980,0.15758436581782564,2468.359631823603,13333.605489124095,8022.729445536549,5310.876043587546,0.0830518355963786
52985,0.15759923787952987,2510.2791737961306,13314.066102098377,7980.620031722108,5333.446070376269,0.08300682218299207
52990,0.15761410994123407,2551.4739108277336,13292.732698841162,7938.070098244723,5354.662600596439,0.0829734189374017
52995,0.1576289820029383,2592.5199428082797,13270.233383419725,7896.438904076984,5373.794479342741,0.0829283022304765
53000,0.15764385406464249,2633.7973814784527,13247.266307920258,7857.132232625657,5390.134075294601,0.08287137128070309
53005,0.1576587261263467,2675.4686319623997,13224.573495671319,7821.546051632928,5403.027444038391,0.08281223124452064
53010,0.15767359818805093,2717.477052218992,13202.911648132578,7791.007869274138,5411.90377885844,0.08277568120436882
53015,0.15768847024975513,2759.566332748749,13183.021420720372,7766.718353223023,5416.303067497349,0.08273813356364218
53020,0.15770334231145935,2801.3196373872415,13165.596735309959,7749.696100720313,5415.900634589646,0.08268763297954544
53025,0.15771821437316355,2842.2160762704807,13151.25564183423,7740.7285577184675,5410.527084115763,0.08262410680000566
53030,0.15773308643486778,2881.7004551500813,13140.514086027051,7740.33194625965,5400.182139767401,0.08255766795257385
53035,0.15774795849657197,2919.2605760275947,13133.763733923084,7748.722679551434,5385.04105437165,0.08251398717031469
53040,0.1577628305582762,2954.5048846351347,13131.254790376228,7765.802165019611,5365.452625356617,0.08246946308787995
53045,0.1577777026199804,2987.2322976115174,13133.084553509745,7791.156171668505,5341.9283818412405,0.08241047011848276
53050,0.15779257468168462,3017.4859512553576,13139.192268623947,7824.069122532326,5315.123146091621,0.08233708790988856
53055,0.1578074467433888,3045.5836691111745,13149.36066006765,7863.5528153670875,5285.807844700563,0.0822660699628324
53060,0.15782231880509304,3072.1202174459977,13163.224295011241,7908.388228937859,5254.836066073382,0.08221151737938208
53065,0.15783719086679726,3097.9396837440036,13180.284643604777,7957.178304576209,5223.106339028568,0.08215592641276234
53070,0.15785206292850146,3124.0800659942925,13199.931342700313,8008.408977308281,5191.522365392032,0.08208493865639639
53075,0.15786693499020568,3151.695731614831,13221.468770604977,8060.515332434444,5160.953438170533,0.08199895306650887
53080,0.15788180705190988,3181.966166427579,13244.146648270478,8111.949612917036,5132.1970353534425,0.08189849008350408
53085,0.1578966791136141,3216.0009835959027,13267.193059547744,8161.247883490663,5105.945176057081,0.08182216218871821
53090,0.1579115511753183,3254.751398504868,13289.848086889062,8207.092408968938,5082.755677920124,0.08175590947025774
53095,0.15792642323702252,3298.93743751032,13311.39622613655,8248.367147733554,5063.029078402997,0.08167464719590263
53100,0.15794129529872672,3348.9982742848533,13331.195882291351,8284.204131213124,5046.991751078227,0.08157905242778815
53105,0.15795616736043094,3405.0704935164613,13348.704532740874,8314.018868976915,5034.685663763959,0.08146988622232074
53110,0.15797103942213514,3466.9959421432577,13363.498524849996,8337.533303356337,5025.96522149366,0.08135400070963464
53115,0.15798591148383936,3534.3573556890933,13375.286887054635,8354.785280530297,5020.501606524338,0.0812839536315432
53120,0.1580007835455436,3606.536494078724,13383.91891540041,8366.124046172363,5017.794869228048,0.08120006483172543
53125,0.15801565560724778,3682.7866017699744,13389.385607528844,8372.19191940283,5017.1936881260135,0.08110305331909566
53130,0.158030527668952,3762.3091927831338,13391.815237911316,8373.893008930207,5017.92222898111,0.08099368620983738
53135,0.1580453997306562,3844.324886399766,13391.463515328356,8372.350532741668,5019.112982586688,0.08087276903735482
53140,0.15806027179236043,3928.12940262588,13388.698870679902,8368.854899175214,5019.843971504688,0.08079843286562767
53145,0.15807514385406463,4013.128601558964,13383.983531109485,8364.805133487129,5019.178397622356,0.08072064300841736
53150,0.15809001591576885,4098.850039274206,13377.851175072063,8361.64646013986,5016.2047149322025,0.08063041090662508
53155,0.15810488797747305,4184.9322028485785,13370.88213849278,8360.806889022624,5010.0752494701555,0.08052842331569386
53160,0.15811976003917727,4271.095730929702,13363.677331869476,8363.635545007874,5000.041786861602,0.08041542270694808
53165,0.15813463210088147,4357.103089024953,13356.832186403748,8371.34527531131,4985.486911092437,0.08033947562918076
53170,0.1581495041625857,4442.714183225534,13350.9120200958,8384.961810855746,4965.950209240054,0.08027303133024064
53175,0.15816437622428992,4527.645325041592,13346.430158513964,8405.281471397082,4941.148687116882,0.08019407714236076
53180,0.1581792482859941,4611.5380015747005,13343.829941982744,8432.83909517671,4910.990846806033,0.08010328272970911
53185,0.15819412034769834,4693.9422916667745,13343.471417095176,8467.887531377139,4875.583885718037,0.08000138622533916
53190,0.15820899240940253,4774.317705896343,13345.623092308224,8510.38963530194,4835.233457006283,0.07991024437787608
53195,0.15822386447110676,4852.051896656578,13350.45870031743,8560.023226179177,4790.435474138252,0.07985604352506824
53200,0.15823873653281095,4926.495285355267,13358.05852191945,8616.198888289158,4741.859633630293,0.07978870014324344
53205,0.15825360859451518,4997.00745262095,13368.4145415004,8678.089823093465,4690.324718406935,0.07970886952724596
53210,0.15826848065621937,5063.0094579116885,13381.438552068246,8744.672234245145,4636.766317823101,0.07961726885311549
53215,0.1582833527179236,5124.035404500392,13396.972306316136,8814.774028346937,4582.198277969199,0.07951466159505235
53220,0.1582982247796278,5179.776724203123,13414.798890530785,8887.129047344393,4527.6698431863915,0.0794592270257064
53225,0.15831309684133202,5230.113792624805,13434.654634038003,8960.433716583839,4474.220917454164,0.0793998593895863
53230,0.15832796890303624,5275.131354307517,13456.241010352303,9033.402962862623,4422.83804748968,0.07932689095866138
53235,0.15834284096474044,5315.116461056317,13479.236102935805,9104.822535069263,4374.4135678665425,0.07924106715910531
53240,0.15835771302644466,5350.539816154353,13503.305287754038,9173.595384696635,4329.709903057403,0.07914320962098843
53245,0.15837258508814886,5382.023260185885,13528.110840052203,9238.780423640535,4289.330416411667,0.07905740557582845
53250,0.15838745714985308,5410.297426363089,13553.320232453172,9299.622645296173,4253.697587156999,0.07900106186470972
53255,0.15840232921155728,5436.154224706656,13578.612984026597,9355.574166604963,4223.038817421633,0.07893035654563298
53260,0.1584172012732615,5460.398762801899,13603.68605946627,9406.306166904478,4197.379892561792,0.07884625710724368
53265,0.1584320733349657,5483.804656299641,13628.257994841782,9451.711965984954,4176.546028856828,0.07874983320288162
53270,0.15844694539666992,5507.075622098891,13652.072109498946,9491.901648764222,4160.170460734724,0.07864223528491357
53275,0.15846181745837412,5530.8150638273155,13674.899305753606,9527.188780516699,4147.710525236907,0.07856635614719457
53280,0.15847668952007835,5555.504331112984,13696.541011322017,9558.069929939527,4138.4710813824895,0.07849875892745917
53285,0.15849156158178257,5581.489630222981,13716.832750215519,9585.197958413391,4131.634791802127,0.07841842913728736
53290,0.15850643364348677,5608.977192474468,13735.648629243165,9609.350326754717,4126.298302488449,0.07832659660654943
53295,0.158521305705191,5638.036147891819,13752.906725477107,9631.393959133202,4121.512766343905,0.07822452266265853
53300,0.1585361777668952,5668.608449401754,13768.575011954743,9652.24841310187,4116.326598852873,0.07811347065052927
53305,0.1585510498285994,5700.5250436172855,13782.677140300291,9672.84917123233,4109.827969067961,0.07804402164811149
53310,0.1585659218903036,5733.527265592101,13795.297185408637,9694.112764516245,4101.184420892392,0.07797406113593792
53315,0.15858079395200783,5767.292181040207,13806.582403617454,9716.905173569121,4089.6772300483335,0.07789331394945027
53320,0.15859566601371203,5801.460356808302,13816.743179988336,9742.014577888422,4074.7286020999145,0.0778028725954214
53325,0.15861053807541625,5835.664345943521,13826.049618525158,9770.12909805803,4055.920520467127,0.07770380390730292
53330,0.15862541013712045,5869.5560642238715,13834.82460319677,9801.819759385264,4033.0048438115064,0.07760227933325725
53335,0.15864028219882467,5902.831261468592,13843.43355178098,9837.528541454842,4005.905010326138,0.07754632089571621
53340,0.1586551542605289,5935.249513297757,13852.27142685522,9877.56109336054,3974.7103334946805,0.07747902791686283
53345,0.1586700263222331,5966.648609172766,13861.747807006317,9922.083503692356,3939.6643033139608,0.07740127810171234
53350,0.15868489838393732,5996.952851568833,13872.27093430776,9971.12242579544,3901.1485085123204,0.07731396812937098
53355,0.1586997704456415,6026.175477401533,13884.231647692275,10024.567876483452,3859.663771208823,0.07721800651687294
53360,0.15871464250734574,6054.415968775537,13897.988013825385,10082.17814855371,3815.8098652716744,0.07713922369996207
53365,0.15872951456904993,6081.853244225267,13913.85131591217,10143.586491463324,3770.2648244488464,0.07708149300632193
53370,0.15874438663075416,6108.735520422371,13932.073895269452,10208.309490562675,3723.764404706777,0.0770119952795507
53375,0.15875925869245835,6135.367083343741,13952.83919104431,10275.757363703144,3677.081827341166,0.07693175776474986
53380,0.15877413075416258,6162.091558913426,13976.25420770281,10345.246629285095,3631.007578417715,0.0768418629648354
53385,0.15878900281586678,6189.270876447725,14002.344561212338,10416.015714987861,3586.3288462244764,0.07674342335718737
53390,0.158803874877571,6217.259277240166,14031.052205032167,10487.244023390183,3543.8081816419835,0.07667090038442394
53395,0.15881874693927522,6246.372544412331,14062.235901718077,10558.074739185715,3504.161162532362,0.0766061821711888
53400,0.15883361900097942,6276.853959193369,14095.674470281878,10627.641286870328,3468.0331834115495,0.07653037248534417
53405,0.15884849106268364,6308.839948986482,14131.072792774712,10695.096895816265,3435.9758969584473,0.07644473008707589
53410,0.15886336312438784,6342.32954754829,14168.070501194665,10759.64628079588,3408.424220398785,0.07635052407958993
53415,0.15887823518609206,6377.16230926141,14206.253188817967,10820.578064975673,3385.675123842295,0.0762490092857796
53420,0.15889310724779626,6413.009074770885,14245.165903271334,10877.29629513585,3367.8696081354847,0.07617010215969829
53425,0.15890797930950049,6449.379012132808,14284.328588518365,10929.349233916733,3354.9793546016317,0.07610002756469762
53430,0.15892285137120468,6485.6447722786415,14323.253055364183,10976.453557629258,3346.7994977349244,0.07602049049996328
53435,0.1589377234329089,6521.085527799851,14361.460978705025,11018.512143256383,3342.948835448642,0.07593285039836604
53440,0.1589525954946131,6554.94526194673,14398.502345018589,11055.623813995539,3342.8785310230505,0.0758384501069755
53445,0.15896746755631733,6586.501187430189,14433.973703250227,11088.083759959634,3345.889943290593,0.0757385913077127
53450,0.15898233961802155,6615.134991472317,14467.535503651197,11116.373882453307,3351.161621197891,0.07565623705802842
53455,0.15899721167972575,6640.398209171887,14498.927743268163,11141.143016882204,3357.7847263859585,0.07558718936395918
53460,0.15901208374142997,6662.062856850041,14527.983082280922,11163.177811631873,3364.805270649049,0.07551077140037857
53465,0.15902695580313417,6680.14972899264,14554.636570790255,11183.365871349948,3371.270699440307,0.07542834061622689
53470,0.1590418278648384,6694.929375336793,14578.931157860892,11202.65348185246,3376.2776760084325,0.07534119086934471
53475,0.1590566999265426,6706.8943198480765,14601.018272552019,11222.000700915498,3379.017571636521,0.07525052438739487
53480,0.1590715719882468,6716.704958158445,14621.152991770665,11242.336750649825,3378.8162411208395,0.07517153508363883
53485,0.159086444049951,6725.115131236191,14639.683645231433,11264.518473410008,3375.1651718214252,0.0751113295115764
53490,0.15910131611165523,6732.886074743616,14657.03613164206,11289.294165989591,3367.741965652469,0.07504539636162043
53495,0.15911618817335943,6740.698925891995,14673.693684701597,11317.274479747915,3356.4192049536814,0.07497485946120994
53500,0.15913106023506365,6749.07609106653,14690.173266916272,11348.91137601692,3341.261890899352,0.07490073370842944
53505,0.15914593229676788,6758.320604054503,14707.000114240214,11384.485456652174,3322.514657588041,0.07482390778111221
53510,0.15916080435847207,6768.48036354035,14724.682148416083,11424.101424398255,3300.5807240178274,0.07474804841434232
53515,0.1591756764201763,6779.341161490325,14743.685985500717,11467.691010339182,3275.994975161535,0.07469883908610249
53520,0.1591905484818805,6790.449078387896,14764.416098861344,11515.022446647896,3249.393652213448,0.07464397116151938
53525,0.15920542054358472,6801.159505097915,14787.198372468029,11565.715443889849,3221.48292857818,0.07458429861035092
53530,0.15922029260528892,6810.707103220033,14812.26885581426,11619.26061452264,3193.00824129162,0.0745205971325688
53535,0.15923516466699314,6818.28873707007,14839.768064616199,11675.04232137285,3164.725743243349,0.07445355973374936
53540,0.15925003672869734,6823.1500361153585,14869.740718630264,11732.363981248436,3137.376737381828,0.07438379533789256
53545,0.15926490879040156,6824.665924333303,14902.140415622223,11790.474896596776,3111.665519025448,0.07432737394629342
53550,0.15927978085210576,6822.406220208441,14936.838438536166,11848.597720959513,3088.240717576653,0.07427595291559352
53555,0.15929465291380998,6816.179180551323,14973.635694238857,11905.955701899988,3067.67999233887,0.07421904721465615
53560,0.1593095249755142,6806.04842775399,15012.276685779461,11961.798907283408,3050.4777784960534,0.07415755744419121
53565,0.1593243970372184,6792.321766407441,15052.464416090716,12015.428737361708,3037.0356787290075,0.0740923487017749
53570,0.15933926909892263,6775.513609681654,15093.875196088096,12066.22014933799,3027.6550467501056,0.07402424013383832
53575,0.15935414116062682,6756.2857265674265,15136.172470221949,12113.641150309206,3022.531319912743,0.0739539949366148
53580,0.15936901322233105,6735.373424382674,15179.018964126102,12157.269218595517,3021.7497455305856,0.07389186114195226
53585,0.15938388528403524,6713.505779737433,15222.086687647905,12196.804367957158,3025.2823196907466,0.07383337691165145
53590,0.15939875734573947,6691.328909893035,15265.064576264036,12232.078566468204,3032.9860097958317,0.073771540449496
53595,0.15941362940744366,6669.340490524441,15307.663806708168,12263.06117763324,3044.602629074927,0.07370750198439718
53600,0.1594285014691479,6647.841944351207,15349.621059110817,12289.860043573082,3059.761015537735,0.0736423062932005
53605,0.15944337353085208,6626.912310156899,15390.700197277443,12312.717828758026,3077.982368519417,0.07357686399343298
53610,0.1594582455925563,6606.405211041293,15430.692979198944,12332.003334166426,3098.6896450325185,0.07351192691525865
53615,0.15947311765426053,6585.9679882228065,15469.419470191773,12348.19770075407,3121.221769437703,0.07344806946574682
53620,0.15948798971596473,6565.080206485327,15506.728794122087,12361.875739015448,3144.8530551066397,0.07338567755352636
53625,0.15950286177766895,6543.107430183926,15542.50071750403,12373.683004366185,3168.817713137845,0.07332494600793789
53630,0.15951773383937315,6519.365333549599,15576.648327575542,12384.309619211645,3192.3387083638972,0.07327180147631453
53635,0.15953260590107737,6493.188722619871,15609.121770505113,12394.462151649095,3214.659618856018,0.07322037796987577
53640,0.15954747796278157,6463.999825392186,15639.912709168275,12404.835044434916,3235.0776647333587,0.07317051584713706
53645,0.1595623500244858,6431.370241165937,15669.058898940506,12416.083120976575,3252.9757779639313,0.07312227008718696
53650,0.15957722208619,6395.071271874054,15696.648114942704,12428.796581204742,3267.8515337379613,0.07307550246973274
53655,0.15959209414789421,6355.108046511989,15722.8206248998,12443.479664112325,3279.3409607874746,0.07302990837557309
53660,0.1596069662095984,6311.733937943621,15747.769489734263,12460.53383261201,3287.2356571222517,0.0729850496546379
53665,0.15962183827130264,6265.443270558594,15771.738164691533,12480.245972348685,3291.4921923428483,0.07294039218152772
53670,0.15963671033300686,6216.942187907243,15795.015126590823,12502.781732284739,3292.233394306084,0.07289534638399756
53675,0.15965158239471106,6167.099679081941,15817.925524415501,12528.183810359122,3289.7417140563794,0.07284930862106598
53680,0.15966645445641528,6116.882941027171,15840.820106290095,12556.374732807453,3284.445373482642,0.07281215905619702
53685,0.15968132651811948,6067.283174949349,15864.061895247698,12587.163508265628,3276.8983869820695,0.07277337043610836
53690,0.1596961985798237,6019.239218083153,15888.01126076444,12620.255461169914,3267.7557995945263,0.07273181957044501
53695,0.1597110706415279,5973.566771514049,15913.01016172728,12655.264555598837,3257.745606128443,0.072691997565272
53700,0.15972594270323212,5930.900219015214,15939.366418801594,12691.72759564785,3247.638823153744,0.07266306008348361
53705,0.15974081476493632,5891.652195101461,15967.338906847755,12729.119811586157,3238.2190952615983,0.07263184459543796
53710,0.15975568682664054,5855.99347087519,15997.124534932045,12766.871487058783,3230.2530478732624,0.07259815354970439
53715,0.15977055888834474,5823.8529043320195,16028.847796954276,12804.385420897133,3224.462376057143,0.07256189388122518
53720,0.15978543095004896,5794.934728465218,16062.553529336694,12841.055115187279,3221.498414149415,0.07252307282371943
53725,0.1598003030117532,5768.748790003377,16098.203311902378,12876.283611947596,3221.919699954782,0.07248178830403437
53730,0.15981517507345738,5744.648718122307,16135.675712257116,12909.50285003343,3226.172862223686,0.07243821593176795
53735,0.1598300471351616,5721.873324182423,16174.77032833757,12940.193285679847,3234.5770426577237,0.07239800348516028
53740,0.1598449191968658,5699.587529708,16215.215356015713,12967.903334751345,3247.312021264368,0.07237000266607296
53745,0.15985979125857003,5676.920433332201,16256.678221874738,12992.267982715886,3264.4102391588513,0.07234074986055089
53750,0.15987466332027422,5652.999443033397,16298.778689234096,13013.025702813755,3285.7529864203407,0.07231024621179205
53755,0.15988953538197845,5626.980491468228,16341.103770300071,13030.032655145349,3311.071115154722,0.07227851632941334
53760,0.15990440744368264,5598.075069500641,16383.22375150465,13043.273039093181,3339.95071241147,0.07224561349969448
53765,0.15991927950538687,5565.575056392854,16424.708649796048,13052.86446851568,3371.8441812803685,0.07221162358973816
53770,0.15993415156709107,5528.876054895294,16465.144451521468,13059.05736391423,3406.0870876072386,0.07217666729119125
53775,0.1599490236287953,5487.49921668716,16504.14853292817,13062.227633531636,3441.920899396535,0.07214090049135922
53780,0.1599638956904995,5441.110563373972,16541.38371774335,13062.862354053492,3478.521363689857,0.07212189429450547
53785,0.1599787677522037,5389.535874516352,16576.570492931212,13061.538737821213,3515.0317551099997,0.07210348572110298
53790,0.15999363981390793,5332.76865194018,16609.496981091834,13058.897323801908,3550.5996572899257,0.07208425117549111
53795,0.16000851187561213,5270.968713268698,16640.02635833084,13055.610954904741,3584.415403426099,0.07206421614942854
53800,0.16002338393731635,5204.449681081804,16668.101507436422,13052.351590804543,3615.7499166318794,0.07206761407391753
53805,0.16003825599902055,5133.65490010455,16693.74680054083,13049.757256691508,3643.989543849322,0.07208064607693682
53810,0.16005312806072478,5059.122884576995,16717.067002656895,13048.401395933452,3668.6656067234435,0.07209022787844988
53815,0.16006800012242897,4981.4449707293625,16738.24336753492,13048.766594963954,3689.476772570966,0.07209621114378238
53820,0.1600828721841332,4901.219144767538,16757.52705523242,13051.224155964577,3706.302899267841,0.07209839314566573
53825,0.1600977442458374,4819.004823135625,16775.230039913273,13056.020411889776,3719.2096280234964,0.0720965350981688
53830,0.16011261630754162,4735.2835547962095,16791.713708709987,13063.270109305251,3728.4435994047362,0.07209038076255439
53835,0.16012748836924584,4650.43015968088,16807.375395524938,13072.956695157474,3734.4187003674633,0.072079674520188
53840,0.16014236043095004,4564.697758689261,16822.63316439776,13084.938960215346,3737.694204182415,0.0720678217968163
53845,0.16015723249265426,4478.218604864556,16837.909265030303,13098.963208268748,3738.946056761555,0.07208207706737177
53850,0.16017210455435846,4391.020771457426,16853.612824093994,13114.679917280695,3738.9329068132993,0.07209148629621766
53855,0.16018697661606268,4303.058819271784,16870.12249018171,13131.663722657728,3738.4587675239836,0.07209583843498935
53860,0.16020184867776688,4214.254809913968,16887.769884681904,13149.435482672618,3738.3344020092864,0.0720949582338161
53865,0.1602167207394711,4124.5447004888865,16906.82478728411,13167.485189712523,3739.3395975715866,0.07208871815760284
53870,0.1602315928011753,4033.924439749966,16927.482970763092,13185.294574795966,3742.188395967127,0.07207704671065279
53875,0.16024646486287952,3942.4900790984993,16949.85747883741,13202.358411337042,3747.4990675003683,0.0720599324404
53880,0.16026133692458372,3850.4668930964544,16973.973919265416,13218.203736996173,3755.7701822692434,0.07204209897249292
53885,0.16027620898628794,3758.223754118151,16999.770049936666,13232.406448275788,3767.363601660878,0.07205275862700207
53890,0.16029108104799217,3666.270649093982,17027.09961193351,13244.604947703347,3782.494664230164,0.07205808720595885
53895,0.16030595310969636,3575.2390743891956,17055.740058076946,13254.51071124421,3801.229346832737,0.07205810344661057
53900,0.1603208251714006,3485.8469201269963,17085.4035790034,13261.915778944944,3823.487800058456,0.0720528486245009
53905,0.16033569723310478,3398.851185312511,17115.750665578955,13266.697251489175,3849.05341408978,0.07204237942099535
53910,0.160350569294809,3314.9932678925506,17146.40537064134,13268.818904816671,3877.5864658246683,0.07202676128142964
53915,0.1603654413565132,3234.942459967313,17176.971430813453,13268.330025419385,3908.641405394068,0.07200606309926906
53920,0.16038031341821743,3159.2434884063914,17207.048456530378,13265.361536509796,3941.686920020582,0.07198035371900961
53925,0.16039518547992163,3088.273409720092,17236.247472005543,13260.119452147062,3976.128019858481,0.07198930523122511
53930,0.16041005754162585,3022.211975408827,17264.20517275305,13252.875690812278,4011.329481940771,0.07199417476625053
53935,0.16042492960333005,2961.027957320681,17290.596365591817,13243.956331626176,4046.640033965641,0.071993464195238
53940,0.16043980166503427,2904.4821724869744,17315.144172932763,13233.727526619168,4081.4166463135953,0.0719915329551548
53945,0.1604546737267385,2852.1463629955033,17337.627727133517,13222.579491402634,4115.048235730883,0.07200409328295632
53950,0.1604695457884427,2803.435843643274,17357.88724856544,13210.90925477079,4146.97799379465,0.0720201744545913
53955,0.16048441785014692,2757.6529537356346,17375.82657430958,13199.103098262967,4176.723476046613,0.0720376384900822
53960,0.1604992899118511,2714.0377579284395,17391.41335343901,13187.519790118484,4203.893563320526,0.07205642899197691
53965,0.16051416197355534,2671.8220327053714,17404.6772200893,13176.475756009471,4228.201464079828,0.07207644745765181
53970,0.16052903403525953,2630.2823123557937,17415.706280740676,13166.233205709965,4249.473075030712,0.07209755749570726
53975,0.16054390609696376,2588.787704352175,17424.642212219893,13156.99196709264,4267.650245127254,0.07211958917486437
53980,0.16055877815866795,2546.8384289013648,17431.674187122564,13148.885418588101,4282.788768534463,0.07214234341574996
53985,0.16057365022037218,2504.091683304805,17437.031759531004,13141.980526283227,4295.051233247777,0.07216559655232038
53990,0.16058852228207637,2460.3724919618417,17440.976789697383,13136.281643779721,4304.695145917662,0.07218910531752115
53995,0.1606033943437806,2415.6685927603558,17443.79448211908,13131.737461555902,4312.0570205631775,0.07221261251319026
54000,0.16061826640548482,2370.1099747096905,17445.78365965481,13128.250312497377,4317.533347157434,0.07224023267072373
