step,time_s,vortex_signal_pa,p_upstream_pa,p_downstream_pa,pressure_drop_pa,max_lattice_velocity
30000,0.08923237022526934,-5738.735823039104,8227.241343329448,4356.2414766962565,3870.9998666331912,0.07426026366676174
30005,0.08924724228697355,-5645.114405217697,8241.99137266335,4374.940778593357,3867.0505940699923,0.0742660082932403
30010,0.08926211434867776,-5544.826975408979,8258.286214087922,4393.137432809743,3865.1487812781797,0.07426993376328742
30015,0.08927698641038197,-5437.620935285655,8276.518973583845,4410.235828804521,3866.283144779324,0.0742868305062691
30020,0.08929185847208619,-5323.389879582036,8296.986677514253,4425.651948978366,3871.334728535887,0.07430195755740959
30025,0.0893067305337904,-5202.227428970086,8319.875348111424,4438.833600305588,3881.0417478058353,0.07431420854510419
30030,0.08932160259549461,-5074.4629693826755,8345.249668105207,4449.280346156965,3895.9693219482424,0.07432359011923688
30035,0.08933647465719882,-4940.677652068701,8373.047840035188,4456.562608026927,3916.485232008261,0.07433014063220823
30040,0.08935134671890303,-4801.701300957816,8403.0820440993,4460.339299983414,3942.742744115885,0.07433392726722743
30045,0.08936621878060724,-4658.592533969797,8435.044627570513,4460.3732308224635,3974.671396748049,0.0743350427813862
30050,0.08938109084231145,-4512.605297068089,8468.519835415462,4456.543399234417,4011.976436181045,0.07433360186740279
30055,0.08939596290401566,-4365.145218515547,8503.000552283298,4448.85326874048,4054.1472835428176,0.074329737196182
30060,0.08941083496571987,-4217.718961556287,8537.909217734143,4437.434193202495,4100.475024531647,0.07432887451598684
30065,0.08942570702742408,-4071.879384306846,8572.621843360761,4422.54339888781,4150.078444472951,0.07433227844597423
30070,0.0894405790891283,-3929.1690412512085,8606.493929406857,4404.556302479083,4201.9376269277745,0.07433325168493313
30075,0.08945545115083252,-3791.064484466221,8638.887052348317,4383.9533969199365,4254.93365542838,0.07434271269930139
30080,0.08947032321253673,-3658.923907102363,8669.194953821063,4361.3023778733395,4307.892575947723,0.07435232746428345
30085,0.08948519527424094,-3533.9407897578662,8696.868073275296,4337.236521400374,4359.6315518749225,0.07436133522730093
30090,0.08950006733594515,-3417.1062143603494,8721.43560091018,4312.4305006697095,4409.00510024047,0.07436979531674544
30095,0.08951493939764936,-3309.1822859377553,8742.524264162379,4287.574843407918,4454.949420754461,0.07437774893726656
30100,0.08952981145935357,-3210.6885929774935,8759.873194383763,4263.350131927434,4496.523062456329,0.07438522018277002
30105,0.08954468352105778,-3121.9028376327296,8773.3443539415,4240.4019088247705,4532.94244511673,0.07439221659102997
30110,0.08955955558276199,-3042.8757161747308,8782.928144125008,4219.317137727612,4563.611006397396,0.07439872936589542
30115,0.0895744276444662,-2973.458905772365,8788.743965610145,4200.603004734983,4588.140960875162,0.07440473354207948
30120,0.08958929970617041,-2913.343738606345,8791.035668165607,4184.668812471037,4606.3668556945695,0.0744101883697448
30125,0.08960417176787462,-2862.1069885877478,8790.162006481434,4171.811667987023,4618.3503384944115,0.07442568297882042
30130,0.08961904382957885,-2819.259358120161,8786.582415017845,4162.206553805043,4624.375861212802,0.07444189435919693
30135,0.08963391589128306,-2784.2919156652847,8780.838623227637,4155.901181547202,4624.937441680435,0.07445819468027325
30140,0.08964878795298727,-2756.716006834795,8773.532841664894,4152.815779131236,4620.717062533658,0.07447443056243819
30145,0.08966366001469148,-2736.0930258542066,8765.30343872608,4152.747699716726,4612.555739009354,0.0744904248303737
30150,0.08967853207639569,-2722.0517402837245,8756.799171745062,4155.380511914962,4601.4186598301,0.0745059831148302
30155,0.0896934041380999,-2714.292365711437,8748.65311357047,4160.297069312008,4588.356044258462,0.07452090075437005
30160,0.08970827619980411,-2712.578025639218,8741.457416700167,4166.995971687969,4574.461445012197,0.07453496991842443
30165,0.08972314826150832,-2716.7154001436393,8735.739985551485,4174.910806333406,4560.829179218079,0.07454798675419898
30170,0.08973802032321253,-2726.527163421106,8731.943997837381,4183.431567959369,4548.512429878012,0.0745682780265994
30175,0.08975289238491674,-2741.8192358379483,8730.411046651792,4191.927669129799,4538.483377521993,0.07459378966357741
30180,0.08976776444662095,-2762.345995638234,8731.368482906895,4199.771944695815,4531.59653821108,0.07461825483177512
30185,0.08978263650832517,-2787.7764912752095,8734.921337815753,4206.3650090140845,4528.556328801668,0.0746414599684565
30190,0.08979750857002938,-2817.6644343980856,8741.049009458124,4211.159242772209,4529.889766685915,0.07466321814997376
30195,0.0898123806317336,-2851.42438287991,8749.606716391765,4213.681579064489,4535.925137327276,0.07468337030038005
30200,0.0898272526934378,-2888.3160797749556,8760.331560929933,4213.554147976057,4546.777412953877,0.07470178396825693
30205,0.08984212475514201,-2927.438435177247,8772.852905212887,4210.511753134963,4562.341152077924,0.07471835042485275
30210,0.08985699681684622,-2967.734155608109,8786.706638360532,4204.415121782047,4582.291516578485,0.07473589864753137
30215,0.08987186887855043,-3008.0055483991173,8801.35279426338,4195.258920478063,4606.093873785316,0.07476556944737074
30220,0.08988674094025464,-3046.9415259584903,8816.1958622266,4183.173686823699,4633.0221754029,0.07479362619879071
30225,0.08990161300195885,-3083.1552418864376,8830.607020677537,4168.42111111325,4662.185909564287,0.0748199818722237
30230,0.08991648506366307,-3115.23104513321,8843.947431485689,4151.382512160557,4692.564919325132,0.07484456687187156
30235,0.08993135712536728,-3141.7785329791727,8855.591678767667,4132.540864382432,4723.050814385235,0.07486732689714835
30240,0.0899462291870715,-3161.4905102416274,8864.95043975185,4112.4572924789745,4752.493147272876,0.07488822017955314
30245,0.08996110124877571,-3173.200808988278,8871.49154555914,4091.7434722181947,4779.748073340945,0.07490721414398954
30250,0.08997597331047992,-3175.937416551839,8874.758721505594,4071.0317659640705,4803.726955541523,0.07493545472446844
30255,0.08999084537218413,-3168.9663739840457,8874.387469267327,4050.9450992983802,4823.442369968947,0.07497053599497386
30260,0.09000571743388834,-3151.8224908266616,8870.117735033087,4032.0685104988734,4838.049224534214,0.07500407138149989
30265,0.09002058949559255,-3124.323982726981,8861.803163096494,4014.9239951990203,4846.879167897474,0.07503597074577179
30270,0.09003546155729676,-3086.5694945159203,8849.416834713142,3999.949798311169,4849.467036401973,0.07506613926227862
30275,0.09005033361900097,-3038.917433925927,8833.053425283435,3987.4847841227756,4845.568641160659,0.07509447712925767
30280,0.09006520568070518,-2981.9489743923414,8812.927689124446,3977.758055091705,4835.169634032742,0.07512088032786031
30285,0.09008007774240939,-2916.417413559165,8789.369131940832,3970.883667483927,4818.485464456904,0.07515910722811418
30290,0.0900949498041136,-2843.187746213665,8762.812702557985,3966.8601274670164,4795.952575090969,0.07520322042700262
30295,0.09010982186581783,-2763.1712568608823,8733.78537454096,3965.5743060823193,4768.2110684586405,0.07524517720800741
30300,0.09012469392752204,-2677.2605566229745,8702.88862843679,3966.8094117526325,4736.079216684158,0.07528479420017564
30305,0.09013956598922625,-2586.2706667258844,8670.777093250108,3970.256630663554,4700.520462586554,0.07532190391812738
30310,0.09015443805093046,-2490.8913966011596,8638.133935898193,3975.5299469367596,4662.603988961433,0.07535635603085553
30315,0.09016931011263467,-2391.6553435255046,8605.643945771953,3982.183492438208,4623.460453333746,0.07538801737196343
30320,0.09018418217433888,-2288.9243902701805,8573.965579138461,3989.730596802312,4584.234982336149,0.07543466652060478
30325,0.09019905423604309,-2182.8957149575967,8543.703439586976,3997.6635737780616,4546.039865808914,0.07548187393356354
30330,0.0902139262977473,-2073.6262505370546,8515.382732195572,4005.4732391398547,4509.909493055718,0.07552574773508611
30335,0.09022879835945151,-1961.072508610062,8489.427129090001,4012.667224933918,4476.759904156083,0.07556617639122801
30340,0.09024367042115572,-1845.141017717408,8466.141243846481,4018.7863177598997,4447.354926086582,0.07560307197750286
30345,0.09025854248285993,-1725.7435975010703,8445.698577013223,4023.4182671026465,4422.280309910577,0.07563636592682838
30350,0.09027341454456415,-1602.8514712874794,8428.135420057682,4026.2087426798366,4401.926677377845,0.0756773506619339
30355,0.09028828660626836,-1476.542819920899,8413.350840730482,4026.869337015262,4386.48150371522,0.07571573499018047
30360,0.09030315866797257,-1347.0396281848125,8401.11255457274,4025.1826938072063,4375.929860765533,0.07575063582237314
30365,0.09031803072967678,-1214.7312663356934,8391.068230239856,4021.0049844995915,4370.063245740264,0.07578433197979981
30370,0.090332902791381,-1080.1838353907378,8382.761577752484,4014.266046022067,4368.4955317304175,0.07582272997453411
30375,0.0903477748530852,-944.1356047270301,8375.652414634624,4004.96752338606,4370.684891248564,0.07586290330646858
30380,0.09036264691478942,-807.4797544871562,8369.139780122488,3993.1793300548006,4375.960450067688,0.0758993647182566
30385,0.09037751897649363,-671.2361479195624,8362.587065091047,3979.0346610825154,4383.552404008532,0.07593222169561703
30390,0.09039239103819784,-536.5141744399207,8355.348050646937,3962.723701784222,4392.624348862715,0.0759615680010704
30395,0.09040726309990205,-404.46902264065784,8346.792717817203,3944.486110530096,4402.306607287107,0.07598748016077449
30400,0.09042213516160626,-276.2541769317818,8336.331723678957,3924.6023515695965,4411.729372109361,0.07601001568025208
30405,0.09043700722331048,-152.97343798361135,8323.438547305012,3903.384018982421,4420.054528322591,0.07602921274188985
30410,0.09045187928501469,-35.63615555618071,8307.668488428186,3881.163398919161,4426.505089509024,0.07605862802459216
30415,0.0904667513467189,74.88061244567871,8288.673931977422,3858.282615083917,4430.391316893505,0.07608870825702797
30420,0.09048162340842311,177.85981338082183,8266.215540011346,3835.082744513635,4431.132795497711,0.07611561688249038
30425,0.09049649547012732,272.75984308465786,8240.169263906948,3811.89325635321,4428.276007553738,0.0761393681054175
30430,0.09051136753183153,359.21700445745773,8210.529255657137,3789.0220324592965,4421.50722319784,0.07615995021417842
30435,0.09052623959353574,437.0357721574919,8177.406882274952,3766.746121935406,4410.660760339546,0.07617732756490371
30440,0.09054111165523995,506.16893894959094,8141.026110134123,3745.303314131342,4395.722796002781,0.07619144330269922
30445,0.09055598371694416,566.6905833598389,8101.715537681776,3724.884617008828,4376.830920672948,0.07621383585447863
30450,0.09057085577864837,618.7651795765482,8059.897335807937,3705.627793934937,4354.269541873,0.07624185583613131
30455,0.09058572784035258,662.6161225383489,8016.0733316401365,3687.612202792064,4328.461128848072,0.07626644415594047
30460,0.09060059990205681,698.4965721526105,7970.808471309178,3670.855244604075,4299.953226705103,0.0762874650315133
30465,0.09061547196376102,726.664938323474,7924.71194212243,3655.3107253592716,4269.401216763158,0.07630476681345834
30470,0.09063034402546523,747.3666168378568,7878.416333888774,3640.8693550879416,4237.546978800832,0.07657516959282268
30475,0.09064521608716944,760.8228162539826,7832.555363919968,3627.3614749718536,4205.193888948114,0.07688730203410861
30480,0.09066008814887365,767.2265669661515,7787.740854969868,3614.56195672589,4173.178898243978,0.07718956877289883
30485,0.09067496021057786,766.7453693915763,7744.539805254804,3602.197097290244,4142.342707964561,0.0774812239444397
30490,0.09068983227228207,759.529505309019,7703.452492103564,3589.9532570497067,4113.499235053857,0.07776153000138986
30495,0.09070470433398628,745.7248456120169,7664.892585499257,3577.486959698113,4087.4056258011437,0.07802973123095507
30500,0.09071957639569049,725.4890043212436,7629.170210423578,3564.436168220117,4064.7340422034613,0.07828502980809984
30505,0.0907344484573947,699.009805893415,7596.47879653225,3550.432450455149,4046.046346077101,0.0785265670589455
30510,0.09074932051909891,666.5251157529965,7566.886405184011,3535.1137310241015,4031.7726741599095,0.0787534119727638
30515,0.09076419258080314,628.3430342745573,7540.332041617287,3518.1372867719006,4022.194754845387,0.07896455806189633
30520,0.09077906464250735,584.861261424609,7516.627254266011,3499.1925842655533,4017.4346700004576,0.07915892860178181
30525,0.09079393670421156,536.5841856869752,7495.46310011938,3478.0134917609294,4017.449608358451,0.07933538930423292
30530,0.09080880876591577,484.13606835671135,7476.422318860381,3454.3893386775585,4022.0329801828225,0.07949276678476912
30535,0.09082368082761998,428.2686941132615,7458.996314279234,3428.1742567535434,4030.8220575256905,0.07962987089961382
30540,0.09083855288932419,369.862078862981,7442.60629647804,3399.2942305874976,4043.3120658905427,0.07974551915453035
30545,0.0908534249510284,309.9172237711118,7426.627704313773,3367.751322081023,4058.8763822327505,0.07983856181480146
30550,0.09086829701273261,249.54039761383365,7410.416820676197,3333.6246238804,4076.792196795797,0.07990790688623368
30555,0.09088316907443682,189.9189516086508,7393.338333974371,3297.067650538759,4096.270683435612,0.07995254459288638
30560,0.09089804113614103,132.28920666355862,7374.792508483138,3258.302096582755,4116.490411900382,0.07997157120305035
30565,0.09091291319784524,77.89753041478798,7354.240620948767,3217.608169227554,4136.632451721213,0.07996421200043048
30570,0.09092778525954946,27.956366724100917,7331.22740914224,3175.312013104878,4155.9153960373615,0.07992984291255673
30575,0.09094265732125367,-16.40233191284733,7305.399456940434,3131.7710385012747,4173.628418439159,0.07986800991660241
30580,0.09095752938295788,-54.17318558302213,7276.518696542438,3087.3581853297715,4189.160511212667,0.07977844499506075
30585,0.0909724014446621,-84.51946664663319,7244.470519879988,3042.446249032672,4202.024270847316,0.07966107724145294
30590,0.0909872735063663,-106.80757381227932,7209.266330744394,2997.3933318640743,4211.872998880319,0.07951603780003497
30595,0.09100214556807051,-120.63063266011523,7171.0407052363,2952.530270715605,4218.510434520695,0.07934365768116645
30600,0.09101701762977472,-125.8187112698647,7130.043627418406,2908.1505766992486,4221.893050719157,0.07914445808840175
30605,0.09103188969147893,-122.43423385554297,7086.62849805382,2864.503074036746,4222.125424017075,0.07891913364845929
30610,0.09104676175318314,-110.75247636130916,7041.23675360436,2821.787122272142,4219.449631332218,0.07866852975237482
30615,0.09106163381488735,-91.2283876629449,6994.379972263097,2780.1501023844717,4214.229869878625,0.07839361598522772
30620,0.09107650587659157,-64.45225362758492,6946.620295642938,2739.686764760318,4206.933530882619,0.07809545822668244
30625,0.09109137793829579,-31.09777750093963,6898.549889532012,2700.4400589354923,4198.109830596519,0.07777519233092596
30630,0.09110625,8.133119170853206,6850.770046753684,2662.403149495457,4188.366897258227,0.0774340022448987
30635,0.09112112206170421,52.56413809189098,6803.870439996907,2625.522421332787,4178.348018664121,0.07707310494268695
30640,0.09113599412340842,101.59254429931843,6758.408989407685,2589.7013540554367,4168.707635352248,0.07669374365535142
30645,0.09115086618511263,154.72716416034382,6714.892823747708,2554.8051851215987,4160.087638626109,0.07659862519727288
30650,0.09116573824681684,211.6132653315617,6673.7608678632305,2520.6662902903868,4153.094577572843,0.07662178904735163
30655,0.09118061030852105,272.0423003295532,6635.368650099794,2487.0902044791264,4148.278445620667,0.0766378786895307
30660,0.09119548237022526,335.9458605820978,6599.9759536544525,2453.862200511887,4146.113753142566,0.07664694889305611
30665,0.09121035443192947,403.3746542397621,6567.73790555406,2420.7543415273753,4146.983564026685,0.07664908735615115
30670,0.09122522649363368,474.4647516473028,6538.69999193434,2387.5329186248227,4151.167073309517,0.07664441100696036
30675,0.09124009855533789,549.394573257804,6512.797314034073,2353.9661685586234,4158.831145475449,0.07663871353459364
30680,0.09125497061704212,628.3369577339681,6489.858177855952,2319.832131651668,4170.026046204284,0.07665183833554266
30685,0.09126984267874633,711.4110102897948,6469.611873537571,2284.9264624881257,4184.685411049446,0.07665721608054472
30690,0.09128471474045054,798.6382407686019,6451.700279844714,2249.069959188162,4202.630320656552,0.0766550328833371
30695,0.09129958680215475,889.9068131955655,6435.692748483158,2212.115547155287,4223.577201327871,0.07664550255821687
30700,0.09131445886385896,984.946700900819,6421.103592835789,2173.954449815102,4247.149143020686,0.07662886161841066
30705,0.09132933092556317,1083.317385982029,6407.411424223131,2134.521300491813,4272.890123731318,0.07660536402632788
30710,0.09134420298726738,1184.408652121952,6394.079535969063,2093.7979852171025,4300.281550751961,0.07660376840449025
30715,0.09135907504897159,1287.454101463146,6380.5765203627825,2051.816042754918,4328.760477607864,0.07659608083877624
30720,0.0913739471106758,1391.556268566484,6366.3963100691935,2008.6574795689014,4357.738830500292,0.07658105877068887
30725,0.09138881917238001,1495.7215123109108,6351.076864972287,1964.4538890984015,4386.6229758738855,0.07655899637116512
30730,0.09140369123408422,1598.902144842602,6334.216784669023,1919.3838101245606,4414.832974544463,0.07653019139759176
30735,0.09141856329578844,1700.042499611926,6315.489222881097,1873.6683302329031,4441.820892648194,0.07649494122498698
30740,0.09143343535749265,1798.1249780817861,6294.652614563241,1827.5650378890514,4467.087576674189,0.07647060855992865
30745,0.09144830741919686,1892.2117769883712,6271.557892527075,1781.360535140244,4490.197357386831,0.07645233608052446
30750,0.09146317948090107,1981.4782145519412,6246.152052850573,1735.3618161571146,4510.790236693459,0.07642728026857759
30755,0.09147805154260528,2065.2344549277614,6218.4781078247715,1689.8868691407204,4528.591238684051,0.07639572715979155
30760,0.0914929236043095,2142.933895776107,6188.671623197615,1645.2548583765106,4543.416764821104,0.07635796746504572
30765,0.0915077956660137,2214.16827481194,6156.954159456098,1601.776197237699,4555.1779622183985,0.0763142971608484
30770,0.09152266772771792,2278.651314993718,6123.624018346896,1559.742757196777,4563.88126115012,0.07627273977457216
30775,0.09153753978942213,2336.194132329309,6089.044736306092,1519.41840457969,4569.626331726402,0.07624788800157736
30780,0.09155241185112634,2386.6764547223306,6053.631772348616,1481.030040704873,4572.601731643743,0.07621685761884854
30785,0.09156728391283055,2430.0178707961327,6017.837820837653,1444.759349205993,4573.07847163166,0.07617998292723253
30790,0.09158215597453477,2466.152898474858,5982.13715445126,1410.7355134873678,4571.4016409638925,0.0761376164615678
30795,0.09159702803623898,2495.012768970924,5947.009385879887,1379.0292306313063,4567.980155248581,0.07609012773641625
30800,0.09161190009794319,2516.515634475597,5912.923041444468,1349.6483872690696,4563.274654175399,0.07604103974422784
30805,0.0916267721596474,2530.5656112368265,5880.319370953197,1322.5357587410645,4557.7836122121325,0.07601507511010346
30810,0.09164164422135161,2537.0598496350995,5849.596869339431,1297.5690403771341,4552.027828962297,0.07602449900586161
30815,0.09165651628305582,2535.901858451517,5821.09703967821,1274.5634257657275,4546.533613912483,0.07606954879716656
30820,0.09167138834476003,2527.0187459101294,5795.0919613424485,1253.2768237638975,4541.815137578551,0.07611236644304545
30825,0.09168626040646424,2510.3799479976587,5771.7742210382685,1233.4176655189012,4538.356555519367,0.07615652017508491
30830,0.09170113246816845,2486.01536114328,5751.249707605117,1214.6551043354773,4536.594603269639,0.07621386182566485
30835,0.09171600452987266,2454.031438643977,5733.53366601034,1196.63126352859,4536.90240248175,0.07628023256969403
30840,0.09173087659157687,2414.6245346391506,5718.550264934497,1178.9750510506012,4539.575213883896,0.07634399728207598
30845,0.0917457486532811,2368.0913734258984,5706.135773968182,1161.31694788403,4544.818826084152,0.07640479651184706
30850,0.09176062071498531,2314.836847754077,5696.045287479906,1143.3041030814059,4552.7411843985,0.07646222927670253
30855,0.09177549277668952,2255.3793851865626,5687.962783201473,1124.615041263296,4563.347741938177,0.07651589675354442
30860,0.09179036483839373,2190.3539506071243,5681.514167301449,1104.9733107031875,4576.540856598262,0.07656544453060381
30865,0.09180523690009794,2120.5125111755615,5676.282830947783,1084.1594674419562,4592.123363505827,0.07661059818645435
30870,0.09182010896180215,2046.721599391668,5671.827121626229,1062.0208944211695,4609.806227205059,0.07665118768174513
30875,0.09183498102350636,1969.9565323046145,5667.699014671984,1038.479085009437,4629.219929662547,0.07668715755387388
30880,0.09184985308521057,1891.2918797946163,5663.463163524962,1013.5341694393751,4649.928994085587,0.07672245007197559
30885,0.09186472514691478,1811.8878897652103,5658.71542640474,987.2666231418596,4671.448803262881,0.07676971484032663
30890,0.09187959720861899,1732.9727497006934,5653.099933024799,959.8362576639147,4693.263675360884,0.07681264114040233
30895,0.0918944692703232,1655.8207978883665,5646.323787015384,931.4787419278207,4714.845045087563,0.07685293575784775
30900,0.09190934133202742,1581.7271136418544,5638.168608680098,902.5000111257499,4735.668597554349,0.07690212468270169
30905,0.09192421339373164,1511.9793134875194,5628.49830640797,873.2689663908461,4755.229340017124,0.07694761814100068
30910,0.09193908545543585,1447.8278075855533,5617.262707865331,844.2088287903748,4773.053879074956,0.07698943178622793
30915,0.09195395751714006,1390.456126363002,5604.496959023602,815.7873785243436,4788.709580499259,0.07702750596415438
30920,0.09196882957884427,1340.9530960855673,5590.316881349563,788.5060996016418,4801.810781747921,0.07706170987208971
30925,0.09198370164054848,1300.2885459499635,5574.910737182385,762.8880024344514,4812.022734747933,0.07709185893205946
30930,0.09199857370225269,1269.2938633021654,5558.5280663257545,739.4636744296824,4819.064391896072,0.07712362527761307
30935,0.0920134457639569,1248.648148290536,5541.466403937096,718.7549853431266,4822.71141859397,0.07716525350536044
30940,0.09202831782566111,1238.870072848627,5524.056758289014,701.2559185245784,4822.800839764436,0.07720182470486459
30945,0.09204318988736532,1240.3149448526356,5506.648713111953,687.4102575761807,4819.238455535772,0.07723338903956944
30950,0.09205806194906954,1253.1760162237197,5489.595930400166,677.5863396948326,4812.009590705334,0.07726015638396748
30955,0.09207293401077375,1277.4888128003472,5473.242684557722,672.0497550238695,4801.192929533852,0.07729594887007347
30960,0.09208780607247796,1313.137223648243,5457.911884068006,670.9356417218468,4786.976242346159,0.07732974353492582
30965,0.09210267813418217,1359.8602507423966,5443.894860628265,674.2229760964676,4769.671884531797,0.07736047195136395
30970,0.09211755019588638,1417.258637355495,5431.443050493468,681.7138412433192,4749.729209250148,0.0773890297818886
30975,0.0921324222575906,1484.8009931536699,5420.761571631563,693.0209328665011,4727.740638765062,0.07741641996412851
30980,0.0921472943192948,1561.8294371777788,5412.004616254506,707.5664124528356,4704.43820380167,0.07745465208366231
30985,0.09216216638099901,1647.5651246865368,5405.272527975274,724.5945848100861,4680.677943165188,0.07750564894893072
30990,0.09217703844270322,1741.1142828926418,5400.610410413395,743.1997714766372,4657.410638936757,0.0775580056594708
30995,0.09219191050440743,1841.4755636900045,5398.008114272638,762.3692676004295,4635.638846672208,0.07761243043220091
31000,0.09220678256611164,1947.549655818198,5397.4014683228215,781.0395766707207,4616.361891652101,0.07766942099660644
31005,0.09222165462781587,2058.152193457379,5398.674651562329,798.1624371470376,4600.512214415291,0.07773259523328338
31010,0.09223652668952008,2172.0310122220326,5401.663642810867,812.7757276452031,4588.887915165664,0.07780680813294015
31015,0.09225139875122429,2287.888639506895,5406.160722113614,824.0733790632924,4582.087343050322,0.07788313506170995
31020,0.0922662708129285,2404.41044509819,5411.920027200626,831.4680860367155,4580.45194116391,0.0779611609161416
31025,0.09228114287463271,2520.298047531259,5418.664180381399,834.640959214264,4584.0232211671355,0.0780402961785291
31030,0.09229601493633692,2634.3064207204807,5426.0919912786985,833.5732577493256,4592.518733529373,0.07813642744401088
31035,0.09231088699804113,2745.2818827692795,5433.887206085714,828.5568635461261,4605.330342539588,0.07823784213300097
31040,0.09232575905974534,2852.197114562942,5441.72821499668,820.1820197637096,4621.546195232971,0.07833740478287618
31045,0.09234063112144955,2954.1789219322545,5449.298550441246,809.3028445809998,4639.995705860247,0.07843431579724006
31050,0.09235550318315376,3050.524889370601,5456.2979180633465,796.983043654109,4659.314874409238,0.07852780636105228
31055,0.09237037524485797,3140.706420855309,5462.453411698927,784.4259089044959,4678.027502794431,0.07861716262133292
31060,0.0923852473065622,3224.3577035972357,5467.530485408866,772.8939765588768,4694.63650884999,0.07870174346266398
31065,0.0924001193682664,3301.2524309528503,5471.343200062477,763.6245335904589,4707.718666472018,0.07878099322501646
31070,0.09241499142997062,3371.2721665563113,5473.763233631838,757.7474535317906,4716.015780100048,0.07885445109236688
31075,0.09242986349167483,3434.3715837185864,5474.727142043201,756.2115867748483,4718.515555268353,0.07892400514685727
31080,0.09244473555337904,3490.5462211228796,5474.241376403669,759.7251401191022,4714.516236284567,0.0790097636213875
31085,0.09245960761508325,3539.8078343162815,5472.384599645053,768.7142151876595,4703.670384457393,0.07910015026381405
31090,0.09247447967678746,3582.1710506882705,5469.306904280942,783.3020496499164,4686.004854631025,0.07918402550249751
31095,0.09248935173849167,3617.6531114391123,5465.225624566987,803.3096861381247,4661.915938428862,0.07926149589098522
31100,0.09250422380019588,3646.286285571706,5460.417577573561,828.2769835899761,4632.140593983585,0.07933277575838446
31105,0.09251909586190009,3668.140335086685,5455.20777293761,857.5012905896992,4597.70648234791,0.07939818623223162
31110,0.0925339679236043,3683.350464373752,5449.9549032934,890.0898916264555,4559.865011666945,0.07945815008562672
31115,0.09254883998530852,3692.144794327365,5445.034250551666,925.0216195873217,4520.012630964345,0.0795131811675489
31120,0.09256371204701273,3694.8648727816253,5440.818980462429,961.2128215256076,4479.606158936821,0.07956386738013523
31125,0.09257858410871694,3691.973320095265,5437.661095915189,997.5831100026352,4440.077985912554,0.07962164144910584
31130,0.09259345617042115,3684.0444882551387,5435.873518697965,1033.1169119848664,4402.756606713098,0.07970810108607301
31135,0.09260832823212536,3671.736796725515,5435.714816691813,1066.917601326391,4368.797215365423,0.07979142288652873
31140,0.09262320029382957,3655.748756909171,5437.37795433303,1098.2518401557872,4339.126114177243,0.07987207847530861
31145,0.09263807235553378,3636.7640158959425,5440.9841121584195,1126.582565609716,4314.401546548704,0.07995045413521173
31150,0.092652944417238,3615.3934224175255,5446.582122289363,1151.589792769834,4294.9923295195285,0.0800268149286004
31155,0.0926678164789422,3592.1235961958428,5454.153457791607,1173.1790530376827,4280.974404753924,0.08010127408423352
31160,0.09268268854064642,3567.2813637446034,5463.622075534681,1191.477863007211,4272.14421252747,0.08017377159567272
31165,0.09269756060235063,3541.0215477955794,5474.86783645568,1206.8211387375545,4268.046697718126,0.0802440653929105
31170,0.09271243266405485,3513.3421544106154,5487.741801985451,1219.7269378775968,4268.014864107854,0.08033249283953971
31175,0.09272730472575906,3484.1265686109537,5502.0815000013745,1230.8643107359453,4271.21718926543,0.08044061572239619
31180,0.09274217678746327,3453.207796330763,5517.724306426731,1241.015337948948,4276.708968477784,0.08054425866687707
31185,0.09275704884916748,3420.4459596751963,5534.517400094013,1251.0335889899986,4283.483811104014,0.08064273721907232
31190,0.09277192091087169,3385.807821258538,5552.323279833962,1261.8012259756852,4290.522053858277,0.08073532995784317
31195,0.0927867929725759,3349.4363677415386,5571.020509045574,1274.186799602352,4296.833709443222,0.08082131675457845
31200,0.09280166503428011,3311.6993608257335,5590.500072696466,1289.005468445728,4301.494604250738,0.08090001339379758
31205,0.09281653709598432,3273.2080010560803,5610.658381930356,1306.982978226635,4303.675403703721,0.08097079918360627
31210,0.09283140915768853,3234.800137494138,5631.388438356783,1328.7243402651027,4302.66409809168,0.08104826667900193
31215,0.09284628121939274,3197.4865178303,5652.570900338874,1354.6878244477489,4297.8830758911245,0.08114036405456543
31220,0.09286115328109695,3162.36313954297,5674.066750643049,1385.1646871073922,4288.902063535657,0.08122340746394417
31225,0.09287602534280118,3130.4974926497143,5695.712974767201,1420.2650063288056,4275.447968438395,0.08130722475539874
31230,0.09289089740450539,3102.8008994622473,5717.322192394281,1459.910068387709,4257.412124006572,0.08138149008889188
31235,0.0929057694662096,3079.9026386058576,5738.6866355333,1503.8318691718528,4234.854766361448,0.08144567604165193
31240,0.09292064152791381,3062.043408898459,5759.58632958307,1551.5803683005015,4208.005961282569,0.08149964257780931
31245,0.09293551358961802,3049.0053413924434,5779.800877950178,1602.5390677321307,4177.261810218048,0.08154330943568233
31250,0.09295038565132223,3040.0928348711927,5799.123911486959,1655.9492175748153,4143.174693912143,0.08159699060837079
31255,0.09296525771302644,3034.172969930407,5817.379040967248,1710.9424672260152,4106.436573741234,0.08166292114095934
31260,0.09298012977473065,3029.776615429374,5834.436022053195,1766.5811239416532,4067.854898111542,0.08171898461785086
31265,0.09299500183643486,3025.2525485880933,5850.225781298009,1821.904442934162,4028.3213383638467,0.08177560769557474
31270,0.09300987389813907,3018.9583596704115,5864.752944262656,1875.9786659811998,3988.7742782814557,0.08182480609164342
31275,0.09302474595984328,3009.46518242188,5878.104559624951,1927.947958858212,3950.1566007667398,0.08186467149148413
31280,0.0930396180215475,2995.7497811014982,5890.453852258062,1977.0830568824897,3913.370795375573,0.0818955884730416
31285,0.09305449008325171,2977.348080407569,5902.058096544184,2022.8243615256872,3879.233735018497,0.08191800942951977
31290,0.09306936214495592,2954.4488972006666,5913.250099621047,2064.8164516846537,3848.4336479363938,0.08195101183883306
31295,0.09308423420666014,2927.9146532736077,5924.4233148009425,2102.9314619932093,3821.4918528077333,0.08200453959243877
31300,0.09309910626836435,2899.2258108779342,5936.011222338548,2137.2794950298307,3798.731727308717,0.08206256325713411
31305,0.09311397833006856,2870.355960115762,5948.462238518286,2168.2051139327614,3780.2571245855243,0.08211380661623867
31310,0.09312885039177277,2843.5932401968985,5962.211946850839,2196.269932881175,3765.942013969664,0.08215851267128384
31315,0.09314372245347698,2821.329823048777,5977.654794320804,2222.222302694351,3755.432491626453,0.08219684822948725
31320,0.09315859451518119,2805.8438580194943,5995.117498804744,2246.9559926350353,3748.161506169709,0.08222888929649867
31325,0.0931734665768854,2799.0975537448007,6014.836256658855,2271.4605182787204,3743.3757383801344,0.08225461118566582
31330,0.09318833863858961,2802.5714860085372,6036.939460175499,2296.7662941965536,3740.1731659789457,0.08227388346447463
31335,0.09320321070029383,2817.1496377761614,6061.437111471196,2323.888057060247,3737.549054410949,0.08232849515700236
31340,0.09321808276199804,2843.0630922930513,6088.217547035746,2353.769996488119,3734.447550547627,0.08238660691036225
31345,0.09323295482370225,2879.8936461782896,6117.051550421699,2387.2357656391537,3729.8157847825455,0.08243728117413147
31350,0.09324782688540646,2926.632634678897,6147.603484460143,2424.9460683553543,3722.6574161047884,0.08248003858945888
31355,0.09326269894711067,2981.7854639303305,6179.4487361497895,2467.3659019225724,3712.082834227217,0.08251434592196037
31360,0.09327757100881488,3043.5089828363334,6212.096520151455,2514.7428488404353,3697.3536713110193,0.08253963108395772
31365,0.0932924430705191,3109.7669770693215,6245.016892799825,2567.0971231169533,3677.9197696828714,0.08255530102203161
31370,0.0933073151322233,3178.4886939539274,6277.670647581445,2624.2234316520803,3653.447215929365,0.08256076152622346
31375,0.09332218719392751,3247.716299112048,6309.540570866534,2685.70413069914,3623.836440167394,0.0825554375507134
31380,0.09333705925563172,3315.729338888903,6340.162338194864,2750.932646079053,3589.229692115811,0.0825477845924377
31385,0.09335193131733593,3381.137357611407,6369.15316303339,2819.145683881105,3550.007479152285,0.0825696163719059
31390,0.09336680337904016,3442.9354164425986,6396.236231729633,2889.462389142895,3506.773842586738,0.08258052892063034
31395,0.09338167544074437,3500.5209418525947,6421.2590367906605,2960.9283212526157,3460.330715538045,0.08258016549070242
31400,0.09339654750244858,3553.673692529223,6444.204007325609,3032.5619159727567,3411.6420913528527,0.08256822916290718
31405,0.09341141956415279,3602.503411451254,6465.190347507871,3103.401004900604,3361.7893426072665,0.08254448418149446
31410,0.093426291625857,3647.3718503411765,6484.466700250868,3172.5469751451324,3311.9197251057353,0.08250875499776542
31415,0.09344116368756121,3688.7973849999435,6502.39507386729,3239.2042886196487,3263.1907852476415,0.0824665745985586
31420,0.09345603574926542,3727.3514781130025,6519.427287660013,3302.7133548231327,3216.71393283688,0.08241397141252813
31425,0.09347090781096963,3763.5568063580604,6536.075880133951,3362.5751699237385,3173.500710210212,0.08234923591036904
31430,0.09348577987267384,3797.7968383375883,6552.881871288025,3418.466690003278,3134.4151812847467,0.08227239836703427
31435,0.09350065193437805,3830.2458285121875,6570.381914248297,3470.2465650655226,3100.1353491827745,0.08219872721777924
31440,0.09351552399608226,3860.826404517544,6589.077208280566,3517.9515613184094,3071.1256469621567,0.08214367390852195
31445,0.09353039605778649,3889.1991521321806,6609.406132212351,3561.78465653854,3047.621475673811,0.0820837421842497
31450,0.0935452681194907,3914.7850685746794,6631.721995991838,3602.0963146849726,3029.6256813068658,0.08201507173610269
31455,0.0935601401811949,3936.817918777522,6656.276717237159,3639.3607572768765,3016.915959960282,0.08193658252938847
31460,0.09357501224289912,3954.4199754742363,6683.210714960617,3674.1491159806883,3009.061598979929,0.08184839237080599
31465,0.09358988430460333,3966.691907171331,6712.548942857569,3707.1011880915094,3005.44775476606,0.08175061725790592
31470,0.09360475636630754,3972.8060928593636,6744.2027776911045,3738.897184390218,3005.3055933008864,0.08164336229543502
31475,0.09361962842801175,3972.0925570814916,6777.977403006196,3770.230447596881,3007.7469554093154,0.08152671272460073
31480,0.09363450048971596,3964.1079796723643,6813.584318535176,3801.781726735069,3011.802591800107,0.08140072586216757
31485,0.09364937255142017,3948.6806054940175,6850.658583123882,3834.195297640626,3016.4632854832557,0.08126542464632913
31490,0.09366424461312438,3925.926996332784,6888.780298667414,3868.0570656197465,3020.7232330476677,0.08112486110016594
31495,0.09367911667482859,3896.2399952604183,6927.499631235919,3903.874773884549,3023.62485735137,0.08097904066495865
31500,0.09369398873653281,3860.25057161996,6966.364350735972,3942.0605373791204,3024.3038133568516,0.0808615365099576
31505,0.09370886079823702,3818.768990893737,7004.948497336516,3982.91607253411,3022.0324248024062,0.08073554035672217
31510,0.09372373285994123,3772.7127114399873,7042.880422618342,4026.6211417400855,3016.2592808782565,0.08060086926251926
31515,0.09373860492164544,3723.0293788565714,7079.868186692522,4073.225827461724,3006.642359230798,0.0804573246177076
31520,0.09375347698334965,3670.623246313328,7115.720193250512,4122.647261120916,2993.0729321295967,0.08030469857501481
31525,0.09376834904505386,3616.292424462255,7150.359065619139,4174.6713404136235,2975.6877252055156,0.08014278064811316
31530,0.09378322110675807,3560.68280542939,7183.827131046021,4228.959775919427,2954.8673551265947,0.07997136407076018
31535,0.09379809316846228,3504.2626093522613,7216.282475505135,4285.062526786198,2931.2199487189373,0.07979203265470616
31540,0.0938129652301665,3447.319531773308,7247.985311464057,4342.43533989043,2905.549971573627,0.07960298499518162
31545,0.0938278372918707,3389.9805924712578,7279.275293240598,4400.461732364093,2878.813560876505,0.07940403531219932
31550,0.09384270935357492,3332.2530535926135,7310.541327445668,4458.478399903705,2852.0629275419624,0.0791950856355062
31555,0.09385758141527914,3274.083159348271,7342.186261002456,4515.802745452508,2826.3835155499482,0.07897605720369215
31560,0.09387245347698335,3215.427906662927,7374.5894900982,4571.761053101722,2802.8284369964786,0.07874689012813478
31565,0.09388732553868756,3156.3335926948853,7408.070935380551,4625.71581160056,2782.355123779991,0.07850754407912565
31570,0.09390219760039177,3097.013603383598,7442.859905547393,4677.090823782129,2765.7690817652647,0.07825800081359971
31575,0.09391706966209598,3037.917007171511,7479.072083457698,4725.392994000206,2753.6790894574915,0.07800614676427033
31580,0.09393194172380019,2979.7792606589305,7516.697210480572,4770.230010370513,2746.467200110059,0.07777722067878268
31585,0.0939468137855044,2923.646975125725,7555.599052021088,4811.3234653370455,2744.2755866840425,0.07753911243506918
31590,0.09396168584720861,2870.8704159298877,7595.52798150899,4848.517228295187,2747.0107532138027,0.07729209419180944
31595,0.09397655790891282,2823.0602458582166,7636.145146649189,4881.781066497718,2754.364080151471,0.07703816722139338
31600,0.09399142997061703,2782.008811889516,7677.055839237972,4911.209610781241,2765.8462284567304,0.07677557153004916
31605,0.09400630203232124,2749.5806182425545,7717.848553232829,4937.016817156603,2780.8317360762258,0.07650449469285706
31610,0.09402117409402547,2727.5809349705696,7758.135451529576,4959.526133673827,2798.6093178557494,0.07622518827005315
31615,0.09403604615572968,2717.615066606453,7797.58970009438,4979.15668506518,2818.4330150292,0.07593796535551345
31620,0.09405091821743389,2720.9529959303604,7835.97543600347,4996.405951531849,2839.5694844716218,0.07564319389344305
31625,0.0940657902791381,2738.4144577908337,7873.1669993495525,5011.829628154295,2861.337371195257,0.07534128605974029
31630,0.09408066234084231,2770.2878175885644,7909.155377208203,5026.019568170621,2883.1358090375825,0.07503268425408799
31635,0.09409553440254652,2816.2926027118156,7944.041404798264,5039.58088471128,2904.4605200869837,0.07471784442117775
31640,0.09411040646425073,2875.590657631617,7978.01692042541,5053.109362273175,2924.9075581522347,0.07439721754500231
31645,0.09412527852595494,2946.8453927433766,8011.336541771366,5067.170278464873,2944.1662633064925,0.07407123026508515
31650,0.09414015058765915,3028.3232903139956,8044.283816390146,5082.279551126594,2962.004265263552,0.07374026565629412
31655,0.09415502264936336,3118.0274534863106,8077.136057458437,5098.8878278499715,2978.2482296084654,0.07340464528349429
31660,0.09416989471106757,3213.8500389603514,8110.132150063183,5117.367773603776,2992.764376459407,0.07306461366795987
31665,0.0941847667727718,3313.729093609656,8143.447036203465,5138.004457563437,3005.442578640028,0.07273178250475472
31670,0.094199638834476,3415.7955270216835,8177.175569385559,5160.988470412993,3016.1870989725667,0.0724210723147966
31675,0.09421451089618021,3518.4974262550904,8211.32713903275,5186.411287026575,3024.9158520061746,0.07210651276349456
31680,0.09422938295788442,3620.6913464468043,8245.831092775179,5214.262464784082,3031.568627991097,0.07190329220706461
31685,0.09424425501958864,3721.6933376941356,8280.551715733025,5244.428523934338,3036.123191798687,0.0719081907859591
31690,0.09425912708129285,3821.2861156273666,8315.310508598088,5276.693724999637,3038.6167835984506,0.07206019479108468
31695,0.09427399914299706,3919.6827896357236,8349.912833729875,5310.743322837721,3039.169510892154,0.07214877041576671
31700,0.09428887120470127,4017.4517019965238,8384.175701981274,5346.170102410347,3038.005599570927,0.07216478848953428
31705,0.09430374326640548,4115.41084989482,8417.953530251689,5382.484975489415,3035.468554762274,0.07216816713289868
31710,0.09431861532810969,4214.503585409876,8451.159053016465,5419.132093227491,3032.0269597889737,0.07232100912857624
31715,0.0943334873898139,4315.669299474302,8483.777149251517,5455.508348784444,3028.2688004670727,0.07240430475513637
31720,0.09434835945151812,4419.723168685713,8515.87008267828,5490.986435385645,3024.883647292636,0.07240836142174986
31725,0.09436323151322233,4527.257583148552,8547.573493807788,5524.939969516586,3022.633524291202,0.07238501631885612
31730,0.09437810357492654,4638.574710002757,8579.083380740512,5556.768766850716,3022.3146138897964,0.07253198850385374
31735,0.09439297563663075,4753.655251245726,8610.63521272986,5585.922292671529,3024.7129200583304,0.07260414469382256
31740,0.09440784769833496,4872.1635515456655,8642.477171544237,5611.919623401385,3030.5575481428514,0.07259135340655684
31745,0.09442271976003917,4993.484619827549,8674.840226963239,5634.364868579623,3040.4753583836155,0.07260601110084079
31750,0.09443759182174338,5116.785072188623,8707.90822845684,5652.95774920591,3054.9504792509297,0.07266196965202262
31755,0.0944524638834476,5241.087958391582,8741.791345023013,5667.4997161114115,3074.291628911602,0.07272044988384323
31760,0.0944673359451518,5365.351050084861,8776.505948123524,5677.896459727892,3098.609488395632,0.07273779032039698
31765,0.09448220800685601,5488.539280446746,8811.963398105527,5684.157826648181,3127.8055714573456,0.07274760548540797
31770,0.09449708006856022,5609.684231565675,8847.969216727251,5686.396029505844,3161.5731872214074,0.07269775366532014
31775,0.09451195213026445,5727.926348340685,8884.232927040479,5684.822704306391,3199.410222734088,0.07275181182050632
31780,0.09452682419196866,5842.53839536746,8920.387586721496,5679.744962223678,3240.6426244978175,0.07281063442264396
31785,0.09454169625367287,5952.931136810714,8956.016922691906,5671.560223273708,3284.456699418198,0.07278413030286437
31790,0.09455656831537708,6058.644027750687,8990.687166933852,5660.749388323778,3329.937778610075,0.07266202507878047
31795,0.09457144037708129,6159.324747332304,9023.980314537754,5647.8678301774435,3376.11248436031,0.07276299149849462
31800,0.0945863124387855,6254.701725178878,9055.525612465843,5633.533744923933,3421.9918675419094,0.07279933753385087
31805,0.09460118450048971,6344.55357617867,9085.026588773528,5618.4135588976105,3466.613029875917,0.07274661881304992
31810,0.09461605656219392,6428.678784785978,9112.281718692704,5603.204291736497,3509.077426956207,0.072618000757732
31815,0.09463092862389813,6506.868280565278,9137.197723834674,5588.6130040104445,3548.584719824229,0.07272415962234849
31820,0.09464580068560234,6578.882875543553,9159.795340442992,5575.3336978862835,3584.4616425567083,0.07274953375349671
31825,0.09466067274730655,6644.436966950778,9180.208038190412,5564.022291165219,3616.1857470251935,0.07268309558901093
31830,0.09467554480901078,6703.189456604901,9198.67455625501,5555.2705477591635,3643.404008495846,0.07258309474373348
31835,0.09469041687071499,6754.742475436922,9215.526257940583,5549.5801082616645,3665.946149678918,0.0726723168601478
31840,0.0947052889324192,6798.648195399593,9231.170261416933,5547.337991839552,3683.8322695773813,0.0726971153743257
31845,0.0947201609941234,6834.423730348812,9246.069188048554,5548.795088353485,3697.274099695069,0.07262825445032052
31850,0.09473503305582762,6861.573838389747,9260.718283943726,5554.049175299606,3706.6691086441206,0.07256815283031733
31855,0.09474990511753183,6879.620798532983,9275.62068205947,5563.033837921551,3712.58684413792,0.07262657134939261
31860,0.09476477717923604,6888.140397740522,9291.261695013545,5575.514333386489,3715.7473616270563,0.0726569975890318
31865,0.09477964924094025,6886.802400719333,9308.083223208248,5591.090955723909,3716.992267484339,0.07264446795234925
31870,0.09479452130264446,6875.413198673998,9326.459554448504,5609.2099052492795,3717.249649199224,0.07256156734320979
31875,0.09480939336434867,6853.957627329568,9346.675938881795,5629.1811489470565,3717.494789934739,0.07258557877048565
31880,0.09482426542605288,6822.636360518904,9368.911287166105,5650.202376217687,3718.7089109484186,0.07266228094505689
31885,0.0948391374877571,6781.8950127078715,9393.226140582989,5671.38796640669,3721.8381741762987,0.07265793203592841
31890,0.09485400954946131,6732.441286152571,9419.556722508429,5691.801884149708,3727.754838358721,0.07255482090202608
31895,0.09486888161116552,6675.247245783392,9447.715455780502,5710.493531999582,3737.2219237809204,0.07259926869069472
31900,0.09488375367286973,6611.535027678605,9477.397886198321,5726.535701313607,3750.862184884714,0.07267282278468999
31905,0.09489862573457394,6542.745785809625,9508.195546450532,5739.063758058816,3769.1317883917154,0.07265439410790578
31910,0.09491349779627815,6470.4931918971115,9539.61396449484,5747.315013902075,3792.2989505927644,0.0725337712366979
31915,0.09492836985798236,6396.504089085593,9571.094779769162,5750.666875559654,3820.4279042095086,0.07259773424231655
31920,0.09494324191968657,6322.5498318307145,9602.040775993215,5748.671925580542,3853.368850412673,0.07266325678849027
31925,0.09495811398139078,6250.372423450811,9631.842558575257,5741.087704471985,3890.754854103273,0.07263422466305909
31930,0.094972986043095,6181.609883030799,9659.905585138538,5727.898781975574,3932.0068031629644,0.07252621958812372
31935,0.0949878581047992,6117.725442888484,9685.676290872645,5709.328829996694,3976.3474608759507,0.07257427738445048
31940,0.09500273016650343,6059.945242270138,9708.666132207682,5685.840878607651,4022.825253600031,0.07263681582982233
31945,0.09501760222820764,6009.209090897629,9728.472500637143,5658.12471224469,4070.3477883924525,0.07260339096239665
31950,0.09503247428991185,5966.138500370379,9744.795630109431,5627.071347495842,4117.724282613589,0.07257681070071625
31955,0.09504734635161606,5931.0253805851335,9757.45082935096,5593.735594261855,4163.715235089106,0.07260896261530408
31960,0.09506221841332027,5903.843484269692,9766.375603981636,5559.288700084406,4207.0869038972305,0.07264326713535617
31965,0.09507709047502448,5884.282866583241,9771.631478928864,5524.963891712886,4246.6675872159785,0.07267946893091332
31970,0.09509196253672869,5871.805434291753,9773.400576135726,5491.998168376313,4281.402407759413,0.07271726553880017
31975,0.0951068345984329,5865.717321763576,9771.977235006469,5461.573916426005,4310.403318580464,0.0727563014901174
31980,0.09512170666013711,5865.251660341021,9767.755175516157,5434.763794959247,4332.9913805569095,0.07279616464346665
31985,0.09513657872184132,5869.653653679695,9761.210890542045,5412.481918785308,4348.728971756736,0.07283638638129897
31990,0.09515145078354553,5878.259060900853,9752.884107457312,5395.4437102185075,4357.4403972388045,0.07287644678583778
31995,0.09516632284524976,5890.557449575623,9743.356268694644,5384.136007832437,4359.220260862207,0.07291578515348555
32000,0.09518119490695397,5906.232974093862,9733.228033026428,5378.7982270170205,4354.429806009407,0.07295381537737755
32005,0.09519606696865818,5925.177825837621,9723.096781206463,5379.4146742602925,4343.68210694617,0.07298994498052024
32010,0.09521093903036239,5947.476577164342,9713.53501692389,5385.717601458701,4327.817415465189,0.07302359604435667
32015,0.0952258110920666,5973.362980706336,9705.070396188294,5397.200272986353,4307.87012320194,0.07305422602449575
32020,0.09524068315377081,6003.1539510147,9698.167919958365,5413.139175839953,4285.028744118412,0.07308134648830565
32025,0.09525555521547502,6037.168076148499,9693.21462125809,5432.624458494567,4260.590162763523,0.07310453810414703
32030,0.09527042727717923,6075.6378232462885,9690.50690579922,5454.597647241634,4235.909258557586,0.07312346068119797
32035,0.09528529933888344,6118.625471208354,9690.240591985414,5477.895582675821,4212.345009309593,0.07313785761592857
32040,0.09530017140058765,6165.95266426163,9692.503653395139,5501.299301531695,4191.204351863444,0.07314755467176741
32045,0.09531504346229186,6217.152316146554,9697.271687189499,5523.586263220349,4173.68542396915,0.07315245354843702
32050,0.09532991552399608,6271.449422383971,9704.406193125471,5543.583930905599,4160.822262219872,0.07315252115104913
32055,0.0953447875857003,6327.774239251572,9713.65582045689,5560.222338149162,4153.433482307728,0.07314777582137029
32060,0.0953596596474045,6384.807480240305,9724.660795872744,5572.582991395467,4152.077804477277,0.07313827202357198
32065,0.09537453170910871,6441.053076553493,9736.960764565474,5579.94135846453,4157.019406100944,0.07312408506531934
32070,0.09538940377081292,6494.9302562681,9750.00624874364,5581.800335561103,4168.205913182538,0.07310529736971152
32075,0.09540427583251714,6544.8739201645,9763.173852251055,5577.912496718213,4185.261355532842,0.07308198759389711
32080,0.09541914789422135,6589.431146994202,9775.785219455429,5568.289592711584,4207.495626743845,0.07305422353253893
32085,0.09543401995592556,6627.342472047643,9787.129593966918,5553.198618086386,4233.930975880532,0.07302205928179692
32090,0.09544889201762977,6657.5992491541265,9796.489617587704,5533.144705335816,4263.344912251888,0.07298553661861767
32095,0.09546376407933398,6679.472394545933,9803.169760320085,5508.842018479867,4294.327741840218,0.0729446900263915
32100,0.09547863614103819,6692.512293461154,9806.52648005514,5481.174598568231,4325.3518814869085,0.07289955433236861
32105,0.09549350820274241,6696.523730227713,9805.998889154822,5451.149688984733,4354.849200170089,0.07285017357808088
32110,0.09550838026444662,6691.5226459677615,9801.13838586583,5419.84641226767,4381.29197359816,0.07279660958182298
32115,0.09552325232615083,6677.6829245173785,9791.635441870076,5388.362795454313,4403.272646415763,0.07273894871919137
32120,0.09553812438785504,6655.281222772945,9777.341586433206,5357.764082161514,4419.577504271691,0.07267730576227653
32125,0.09555299644955925,6624.64639184451,9758.284654959336,5329.035060602952,4429.249594356384,0.07261182415518366
32130,0.09556786851126346,6586.117794044686,9734.675619598553,5303.038797531268,4431.636822067285,0.07254267278593675
32135,0.09558274057296767,6540.014399463662,9706.905802739375,5280.483705028454,4426.422097710921,0.07247004002100062
32140,0.09559761263467188,6486.614477828068,9675.533959089478,5261.900285895206,4413.633673194272,0.07239412635488228
32145,0.0956124846963761,6426.1443491045675,9641.263525526128,5247.62822566054,4393.635299865588,0.07231513736268685
32150,0.0956273567580803,6358.774147924938,9604.911176885787,5237.813771953184,4367.097404932603,0.07223327864390622
32155,0.09564222881978451,6284.61878142735,9567.368576778796,5232.416634529867,4334.951942248928,0.07214875409855422
32160,0.09565710088148874,6203.742928169871,9529.559773381283,5231.2250278372785,4298.334745544004,0.07206176824530736
32165,0.09567197294319295,6116.169674849001,9492.396991126958,5233.877027069977,4258.519964056981,0.07197253250101764
32170,0.09568684500489716,6021.892900460941,9456.737584951836,5239.886156644802,4216.8514283070335,0.07188127454838594
32175,0.09570171706660137,5920.893615653226,9423.344676307252,5248.669086016439,4174.675590290813,0.07188114198723622
32180,0.09571658912830558,5813.160143945042,9392.853540320357,5259.573457334113,4133.2800829862435,0.07191464424460273
32185,0.09573146119000979,5698.7114333941545,9365.74524421318,5271.9041834963255,4093.8410607168544,0.07193378031874914
32190,0.095746333251714,5577.62212473538,9342.328433360193,5284.9469962920275,4057.3814370681657,0.07193832345418896
32195,0.09576120531341821,5450.047472004303,9322.729592804913,5297.98854771224,4024.7410450926736,0.07193006755076765
32200,0.09577607737512242,5316.245936910142,9306.89162313954,5310.332919121345,3996.5587040181945,0.07194735240839384
32205,0.09579094943682663,5176.597296824961,9294.58017925591,5321.314909374755,3973.2652698811553,0.07196172766815064
32210,0.09580582149853084,5031.614399512363,9285.396928651599,5330.310886858701,3955.086041792897,0.07197289954497875
32215,0.09582069356023507,4881.94722618261,9278.798684080984,5336.748241899447,3942.0504421815376,0.07198419879714114
32220,0.09583556562193928,4728.378641979447,9274.121243953165,5340.114525414837,3934.0067185383277,0.07200111509185676
32225,0.09585043768364349,4571.812052368496,9270.606726557726,5339.967197152297,3930.639529405429,0.07201399453230573
32230,0.0958653097453477,4413.252035707868,9267.433206254296,5335.944554706692,3931.4886515476046,0.07202277716594964
32235,0.0958801818070519,4253.779734103933,9263.745544283407,5327.777922729621,3935.9676215537856,0.07202746026374066
32240,0.09589505386875612,4094.5251983195267,9258.686440643689,5315.304620024862,3943.381820618827,0.07202809423375957
32245,0.09590992593046033,3936.6388918780135,9251.426894897142,5298.480671256431,3952.9462236407107,0.07202477350238316
32250,0.09592479799216454,3781.2641594261677,9241.195423988625,5277.391773822837,3963.803650165788,0.07201781500328946
32255,0.09593967005386875,3629.511765847419,9227.30551246135,5252.260748397663,3975.0447640636867,0.07202037705297362
32260,0.09595454211557296,3482.4368144174155,9209.180837152717,5223.449658666806,3985.731178485911,0.07201959543705207
32265,0.09596941417727717,3341.0176865497347,9186.37779871415,5191.455020785706,3994.922777928443,0.07201567526600858
32270,0.09598428623898139,3206.1363148784735,9158.60480874439,5156.895037166072,4001.7097715783184,0.07200879456596765
32275,0.0959991583006856,3078.5592236111847,9125.737648199645,5120.488538484325,4005.2491097153206,0.07199909817253262
32280,0.09601403036238981,2958.919345260502,9087.83007364209,5083.026213256819,4004.803860385271,0.07198669641469808
32285,0.09602890242409402,2847.6995205507733,9045.1187577871,5045.335621927308,3999.7831358597923,0.07197377974804306
32290,0.09604377448579823,2745.2195687530498,8998.02166330538,5008.242291863867,3989.779371441514,0.07197119602146168
32295,0.09605864654750244,2651.6295763955386,8947.129102137073,4972.5297386111415,3974.599363525931,0.07196627017317489
32300,0.09607351860920665,2566.9123021085416,8893.1870383356,4938.901458234408,3954.285580101192,0.07195904091728172
32305,0.09608839067091086,2490.8971331042676,8837.072631293295,4907.947741423001,3929.1248898702934,0.07194954219637055
32310,0.09610326273261507,2423.2868098931826,8779.762541579337,4880.11959638019,3899.642945199147,0.07193781159982122
32315,0.09611813479431928,2363.6962994414794,8722.295070705522,4855.711228191567,3866.5838425139555,0.07192389555286813
32320,0.0961330068560235,2311.7010509410393,8665.727713866563,4834.851556635341,3830.8761572312224,0.07191717807626721
32325,0.09614787891772772,2266.88982463081,8611.092115808791,4817.504337371226,3793.5877784375652,0.07191445905648416
32330,0.09616275097943193,2228.9157686422286,8559.348695895744,4803.475743560659,3755.872952335085,0.07190968515900203
32335,0.09617762304113614,2197.5387705932935,8511.343327849405,4792.427871931577,3718.915455917828,0.07190291569243112
32340,0.09619249510284035,2172.6525059093515,8467.768415368346,4783.8965831274145,3683.8718322409313,0.0718941936730498
32345,0.09620736716454456,2154.291023942543,8429.130500249044,4777.3123109202925,3651.818189328752,0.07188353761153522
32350,0.09622223922624877,2142.611966151012,8395.726187187574,4772.022857170915,3623.7033300166595,0.07187093525362624
32355,0.09623711128795298,2137.8562995022944,8367.627691920907,4767.317586470631,3600.310105450276,0.071868023597364
32360,0.09625198334965719,2140.2874366542133,8344.67875168478,4762.4527226725295,3582.2260290122504,0.07186591544058896
32365,0.0962668554113614,2150.1154713437213,8326.501026238315,4756.677553831939,3569.823472406376,0.0718615754258508
32370,0.09628172747306561,2167.4146632702673,8312.510519373865,4749.261255499329,3563.249263874536,0.07185491636336774
32375,0.09629659953476982,2192.0439426879657,8301.943020382396,4739.519780617774,3562.423239764622,0.07184583816398218
32380,0.09631147159647405,2223.5807580567125,8293.887147409077,4726.841911004642,3567.045236404436,0.07183423660071597
32385,0.09632634365817826,2261.2778075273736,8287.323295096332,4710.713214875144,3576.6100802211877,0.07182001173017756
32390,0.09634121571988247,2304.049983242051,8281.1666471121,4690.736405537298,3590.4302415748025,0.07181122647420336
32395,0.09635608778158668,2350.4953816957027,8274.31238669168,4666.646534483687,3607.6658522079924,0.07180621327436897
32400,0.09637095984329089,2398.9499620354513,8265.681287471136,4638.31963458567,3627.3616528854654,0.07179856703414741
32405,0.0963858319049951,2447.571070659348,8254.263954030568,4605.773868154283,3648.490085876285,0.07178831253403255
32410,0.09640070396669931,2494.4413679511895,8239.162080245373,4569.162887853373,3669.9991923919997,0.07185204240348189
32415,0.09641557602840352,2537.6823204059237,8219.625197503472,4528.761891156154,3690.863306347318,0.07204125900753304
32420,0.09643044809010773,2575.5656766999878,8195.081507251502,4484.947610872786,3710.1338963787157,0.07229958803481626
32425,0.09644532015181194,2606.612176545998,8165.161557841051,4438.174098794465,3726.987459046586,0.07256299111516293
32430,0.09646019221351615,2629.668791639014,8129.713757025987,4388.946517517395,3740.767239508593,0.07278917114450034
32435,0.09647506427522037,2643.9585615309925,8088.811017735352,4337.7952024995475,3751.0158152358044,0.07297735243691693
32440,0.09648993633692458,2649.1000654228837,8042.748204331731,4285.25200323978,3757.4962010919517,0.07312747960019718
32445,0.0965048083986288,2645.096384653253,7992.030449336801,4231.830427730416,3760.2000216063852,0.07335405806215661
32450,0.096519680460333,2632.29583623832,7937.3528070018165,4178.010500564708,3759.342306437108,0.07361504947732898
32455,0.09653455252203721,2611.3287040082205,7879.572065086845,4124.228610156938,3755.3434549299072,0.0738391604812236
32460,0.09654942458374142,2583.025655565186,7819.671830802652,4070.87205320637,3748.799777596282,0.07402641723776804
32465,0.09656429664544564,2548.3245472930435,7758.722243576404,4018.277541610974,3740.4447019654303,0.07417742842911453
32470,0.09657916870714985,2508.1729345795798,7697.835865167326,3966.732642853466,3731.10322231386,0.07429908196308084
32475,0.09659404076885406,2463.4338572919173,7638.121479452694,3916.478978970501,3721.642500482193,0.07455624452735213
32480,0.09660891283055827,2414.80236635293,7580.637709958256,3867.7159968196765,3712.9217131385794,0.07477936566946955
32485,0.09662378489226248,2362.7397548602708,7526.348517964607,3820.6042229025616,3705.7442950620452,0.07496901562412717
32490,0.0966386569539667,2307.4314786116825,7476.082735550321,3775.267108034284,3700.815627516037,0.07512612662417686
32495,0.09665352901567091,2248.7732155435174,7430.499757098741,3731.7908305514698,3698.708926547271,0.07525185033423322
32500,0.09666840107737512,2186.3873962385087,7390.063303769701,3690.2217427984824,3699.8415609712183,0.07540046404614935
32505,0.09668327313907933,2119.6699189272917,7355.024758900689,3650.5614963134562,3704.463262587233,0.07562925790005968
32510,0.09669814520078354,2047.8638532986743,7325.416962219459,3612.7602468522364,3712.656715367222,0.07582883017343521
32515,0.09671301726248775,1970.1540570008815,7301.0586085347295,3576.7086971051826,3724.349911429547,0.07600004538104513
32520,0.09672788932419196,1885.774146153953,7281.568619468135,3542.2300518147745,3739.3385676533603,0.07614381956509891
32525,0.09674276138589617,1794.1155181862073,7266.389155092395,3509.0731990130794,3757.315956079316,0.07626106313520056
32530,0.09675763344760038,1694.8273733184005,7254.815402246263,3476.9085508337716,3777.9068514124915,0.07642469138750502
32535,0.0967725055093046,1587.8970525300228,7246.029978780765,3445.3279400718848,3800.7020387088805,0.07663930063334841
32540,0.0967873775710088,1473.7015224450242,7239.139743275689,3413.849749969213,3825.2899933064764,0.07682877486034488
32545,0.09680224963271303,1353.0234102803965,7233.212970511319,3381.930053072727,3851.2829174385924,0.07699351983220386
32550,0.09681712169441724,1227.0284447837607,7227.315186449767,3348.9799781143056,3878.335208335461,0.07713388814317458
32555,0.09683199375612145,1097.2051996585546,7220.542380910646,3314.3888699286463,3906.1535109819997,0.07725021525056139
32560,0.09684686581782566,965.2722478855394,7212.05076050466,3277.552139065853,3934.4986214388064,0.07739788594664183
32565,0.09686173787952987,833.0617053219985,7201.082608869826,3237.902109010533,3963.180499859293,0.07758368961499497
32570,0.09687660994123408,702.3911265326806,7186.988142488261,3194.9397467924778,3992.048395695783,0.07776151646711962
32575,0.09689148200293829,574.9373416887092,7169.243463635905,3148.264967792021,4020.978495843884,0.0779151903427692
32580,0.0969063540646425,452.1257835236065,7147.4648102308365,3097.6032577950996,4049.861552435737,0.07804469123532473
32585,0.09692122612634671,335.04707935907936,7121.419294329342,3042.826631833222,4078.59266249612,0.07815017369417726
32590,0.09693609818805092,224.40937411798313,7091.032227900583,2983.9673944362553,4107.064833464328,0.07832363883354385
32595,0.09695097024975513,120.53045309543359,7056.390986181695,2921.2237114347517,4135.167274746943,0.07847453775906545
32600,0.09696584231145935,23.368879605163784,7017.745189865293,2854.956588593049,4162.788601272243,0.07860308257355322
32605,0.09698071437316357,-67.41123214313848,6975.5028338827615,2785.6784346817803,4189.824399200981,0.0787094706254816
32610,0.09699558643486778,-152.35084984395053,6930.221887755058,2714.0339392103097,4216.187948544748,0.07879393089958478
32615,0.09701045849657199,-232.09332411261494,6882.596872401758,2640.7744937174393,4241.822378684319,0.07894975996688579
32620,0.0970253305582762,-307.28016748818254,6833.440005995654,2566.72779540877,4266.712210586884,0.0790870253127168
32625,0.0970402026199804,-378.45607877041584,6783.656720620985,2492.764543901317,4290.892176719668,0.07920327170934655
32630,0.09705507468168462,-445.99172204865226,6734.215679352373,2419.764223998979,4314.451455353394,0.07929900454609097
32635,0.09706994674338883,-510.0298554789256,6686.113847154073,2348.5818280691187,4337.532019084954,0.0793748170300124
32640,0.09708481880509304,-570.4574283520942,6640.337646443237,2280.017022482223,4360.320623961014,0.07945020912398565
32645,0.09709969086679725,-626.9037045484329,6597.821702799889,2214.7867701831005,4383.034932616789,0.07957382453067052
32650,0.09711456292850146,-678.7625837701889,6559.407096579956,2153.501896861553,4405.905199718402,0.07967934067052959
32655,0.09712943499020568,-725.2360878799004,6525.801326151225,2096.647657396281,4429.153668754944,0.07976750864029998
32660,0.09714430705190989,-765.3952705705924,6497.542316444003,2044.5681236360742,4452.974192807928,0.07983914312484577
32665,0.0971591791136141,-798.2543247330909,6474.96874994427,1997.4542169052759,4477.514533038994,0.07989515633990611
32670,0.09717405117531831,-822.8531788045057,6458.198753685889,1955.3354180356514,4502.863335650238,0.07998766062020611
32675,0.09718892323702252,-838.3433059260692,6447.118560976583,1918.0755095719985,4529.043051404584,0.08008813817100105
32680,0.09720379529872673,-844.0708961181899,6441.382211785335,1885.3730114462076,4556.009200339127,0.08017436451480495
32685,0.09721866736043094,-839.6511571490851,6440.422704503345,1856.7671413361063,4583.655563167238,0.0802470245937747
32690,0.09723353942213515,-825.0275412213705,6443.474316332322,1831.6500830796174,4611.824233252704,0.08030684588499784
32695,0.09724841148383936,-800.5103163369745,6449.605125819227,1809.2860579506487,4640.319067868579,0.0803546133028364
32700,0.09726328354554357,-766.7901872822831,6457.758152820561,1788.8372001457842,4668.920952674776,0.08044776435894321
32705,0.09727815560724778,-724.9245859079765,6466.799023814915,1769.3956197058053,4697.40340410911,0.0805318197611699
32710,0.09729302766895201,-676.296659984002,6475.567705916898,1750.0203973476482,4725.54730856925,0.0806036535577765
32715,0.09730789973065622,-622.5496725384787,6482.9316467717235,1729.7777019601008,4753.153944811623,0.08066372812167487
32720,0.09732277179236043,-565.5021709907351,6487.837609743082,1707.781840687621,4780.055769055461,0.08071256480612556
32725,0.09733764385406464,-507.05151693296466,6489.359592488626,1683.234899648733,4806.124692839892,0.0807620077289592
32730,0.09735251591576885,-449.0747804498078,6486.740443743033,1655.462726575104,4831.277717167929,0.08083668686076052
32735,0.09736738797747306,-393.3362688660668,6479.425128581902,1623.9453207616118,4855.47980782029,0.08089928799066677
32740,0.09738226003917727,-341.4099414772286,6467.084019713324,1588.3401723580564,4878.7438473552675,0.08095011586751723
32745,0.09739713210088148,-294.6227957171118,6449.625097482241,1548.4976525152,4901.127444967041,0.08098952897397069
32750,0.09741200416258569,-254.02240715162907,6427.194510391166,1504.4681141203118,4922.726396270854,0.08101791218987713
32755,0.0974268762242899,-220.36874836300967,6400.1655633121045,1456.5008494378371,4943.664713874267,0.08105732531658706
32760,0.09744174828599411,-194.1477824256308,6369.11683594308,1405.0354229695356,4964.0814129735445,0.08110146436893736
32765,0.09745662034769834,-175.6025363489125,6334.800753109882,1350.6861452423807,4984.114607867501,0.08113329338165254
32770,0.09747149240940255,-164.7765456372931,6298.104485619701,1294.2205934424169,5003.883892177284,0.08115308974415444
32775,0.09748636447110676,-161.56459256179778,6260.005505731892,1236.5331494587194,5023.472356273172,0.08116116635944673
32780,0.09750123653281097,-165.7662350101741,6221.524407871521,1178.6145455527958,5042.909862318726,0.08115784174263134
32785,0.09751610859451518,-177.13839871936625,6183.677697491334,1121.5184019703281,5062.159295521005,0.08117449321240919
32790,0.09753098065621939,-195.44401639211355,6147.433132551082,1066.3257168349862,5081.107415716096,0.08118062525726907
32795,0.0975458527179236,-220.4942045963885,6113.6698818329,1014.1082289734971,5099.561652859403,0.08117459795981799
32800,0.09756072477962781,-252.18176148698194,6083.145278124053,965.8915260741147,5117.253752049938,0.08115690067649979
32805,0.09757559684133202,-290.50392604738363,6056.4693521782165,922.6187304340393,5133.850621744177,0.08112803195539658
32810,0.09759046890303623,-335.5724977232603,6034.087710192175,885.1155853411298,5148.972124851045,0.08110984582899408
32815,0.09760534096474044,-387.6097355477168,6016.272739410915,854.0578046591683,5162.214934751747,0.08109063791440901
32820,0.09762021302644466,-446.9290958100705,6003.122654998102,829.9416375039708,5173.181017494131,0.0810604571145436
32825,0.09763508508814887,-513.9009371116972,5994.567570637942,813.058717921359,5181.508852716583,0.08102774358502955
32830,0.09764995714985308,-588.9048252709622,5990.381586614852,803.4763780493541,5186.905208565498,0.08101091784934202
32835,0.0976648292115573,-672.2718569683343,5990.199814192641,801.0246596656391,5189.175154527002,0.0809834887724289
32840,0.0976797012732615,-764.2221822268662,5993.539249705831,805.2912295954378,5188.248020110394,0.08094595494809911
32845,0.09769457333496571,-864.8042404293187,5999.8224328513725,815.6252714816213,5184.1971613697515,0.08092531748948939
32850,0.09770944539666993,-973.8427587011224,6008.402844607346,831.1511866537387,5177.251657953608,0.08090564644875958
32855,0.09772431745837414,-1090.9020759127338,6018.5910181744985,850.7925939961247,5167.798424178374,0.08087574571269401
32860,0.09773918952007835,-1215.2698641966704,6029.680368715821,873.3066764199987,5156.373692295822,0.08083580533712709
32865,0.09775406158178256,-1345.9640633113108,6040.971820157379,897.3283825772154,5143.643437580164,0.08080875842532739
32870,0.09776893364348677,-1481.7632072507718,6051.796439465225,921.4233657117646,5130.373073753461,0.08080637066217966
32875,0.09778380570519099,-1621.2577254058342,6061.5354824499855,944.147853563371,5117.387628886614,0.08081902983704535
32880,0.0977986777668952,-1762.9175986868622,6069.6374913217605,964.1129468577125,5105.524544464048,0.08082613412021342
32885,0.09781354982859941,-1905.170187818369,6075.632327341167,980.0502186897077,5095.58210865146,0.08082711555005864
32890,0.09782842189030362,-2046.481244855734,6079.142230254615,990.875027624253,5088.267202630363,0.0808213410770587
32895,0.09784329395200783,-2185.4320721257122,6079.890133296834,995.743753027385,5084.14638026945,0.08080814094580573
32900,0.09785816601371204,-2320.7864135536124,6077.705506662105,994.1012728200658,5083.604233842039,0.08078683353438518
32905,0.09787303807541625,-2451.5417984119886,6072.527951833204,985.7154462793028,5086.8125055539,0.08079104289722086
32910,0.09788791013712046,-2576.961537890741,6064.408642857107,970.6961004908195,5093.712542366287,0.08078947954238568
32915,0.09790278219882467,-2696.5852557028134,6053.509544134474,949.4969687568566,5104.012575377617,0.08077809259541163
32920,0.09791765426052888,-2810.217613976508,6040.1001727433895,922.9000909094143,5117.200081833975,0.0807562007278707
32925,0.0979325263222331,-2917.8967042639056,6024.551562207553,891.9832593889657,5132.568302818587,0.08072319198564777
32930,0.09794739838393732,-3019.845333236506,6007.327060262169,858.0721016418694,5149.2549586202995,0.08071686979561936
32935,0.09796227044564153,-3116.41002795145,5988.969674787291,822.6792754755536,5166.290399311738,0.08070541630031071
32940,0.09797714250734574,-3207.993851620423,5970.085867896376,787.4339860612899,5182.651881835086,0.08068183869976367
32945,0.09799201456904995,-3294.98986873463,5951.325965436925,754.0055856461631,5197.320379790762,0.0806456591368772
32950,0.09800688663075416,-3377.722160174878,5933.361659180666,724.025361503155,5209.336297677511,0.08060622787588972
32955,0.09802175869245837,-3456.400568838519,5916.861384686025,699.0107215899243,5217.850663096101,0.0805977787649354
32960,0.09803663075416258,-3531.0938653601243,5902.464613286505,680.2958219952199,5222.168791291285,0.08057600944936862
32965,0.09805150281586679,-3601.723893129968,5890.75626566992,668.9722356967872,5221.784029973133,0.08054043183097777
32970,0.098066374877571,-3668.080717510676,5882.242517080505,665.842561787325,5216.39995529318,0.0804906218282155
32975,0.09808124693927521,-3729.856175166168,5877.329219086511,671.3889808010649,5205.940238285446,0.08042622421464998
32980,0.09809611900097942,-3786.6908365469094,5876.304026004482,685.7577696219488,5190.546256382533,0.08040189545824929
32985,0.09811099106268364,-3838.2275896193078,5879.323112829621,708.7598063812685,5170.563306448353,0.08036977207656679
32990,0.09812586312438785,-3884.164112564275,5886.403136668988,739.8862183101043,5146.516918358883,0.08032177922826522
32995,0.09814073518609207,-3924.2966301604656,5897.418851298259,778.3376187994417,5119.081232498817,0.0802575649550571
33000,0.09815560724779628,-3958.548619814638,5912.106550422028,823.0648691074523,5089.041681314576,0.0801768994859838
33005,0.09817047930950049,-3986.9804555008427,5930.073293718195,872.8189755253408,5057.254318192854,0.08014486759861748
33010,0.0981853513712047,-4009.7790578987974,5950.811655975261,926.2075646614758,5024.604091313785,0.08009863404097811
33015,0.0982002234329089,-4027.2299726273845,5973.719525633742,981.7553344835618,4991.96419115018,0.08003480739708359
33020,0.09821509549461312,-4039.677321862933,5998.124259357201,1037.9659299964533,4960.158329360747,0.07995331913106445
33025,0.09822996755631733,-4047.479172122861,6023.310275929886,1093.3828208921693,4929.927455037717,0.07989486469135565
33030,0.09824483961802154,-4050.966600833325,6048.548956938711,1146.6469486101967,4901.902008328514,0.07985229396724194
33035,0.09825971167972575,-4050.413982339923,6073.129532890646,1196.5491454071198,4876.5803874835265,0.07979147412783373
33040,0.09827458374142997,-4046.0259344949873,6096.3894964078345,1242.0755905915703,4854.313905816264,0.07971240052651843
33045,0.09828945580313418,-4037.9434226782932,6117.743024096643,1282.4448445375508,4835.298179559092,0.0796151823605106
33050,0.09830432786483839,-4026.2682920077923,6136.7059256567745,1317.1352836079052,4819.57064204887,0.07955454579314787
33055,0.0983191999265426,-4011.1025504189306,6152.915782561336,1345.9020537161782,4807.013728845157,0.07950288257388184
33060,0.09833407198824681,-3992.59647736883,6166.146185321859,1368.782979413807,4797.363205908052,0.07943248647097444
33065,0.09834894404995102,-3970.9983243538304,6176.314309735385,1386.0932214151217,4790.221088320263,0.07934334455055397
33070,0.09836381611165523,-3946.698076811797,6183.481459495896,1398.408871806666,4785.07258768923,0.07923558065947511
33075,0.09837868817335944,-3920.25840978368,6187.84661055378,1406.5401023498803,4781.306508203899,0.07912644488438303
33080,0.09839356023506365,-3892.427454676946,6189.733388742931,1411.4949137800795,4778.238474962852,0.07907114489495017
33085,0.09840843229676786,-3864.1301018865083,6189.571270450876,1414.434941957838,4775.136328493038,0.07899626905502836
33090,0.09842330435847207,-3836.4370472876003,6187.872099642308,1416.6251300304325,4771.246969611875,0.07890188514700056
33095,0.0984381764201763,-3810.51337430055,6185.203254534139,1419.3793510967052,4765.823903437434,0.07878827494152404
33100,0.09845304848188051,-3787.5508703316264,6182.158969017972,1424.0042494580114,4758.1547195599605,0.07868864888852334
33105,0.09846792054358472,-3768.690260220917,6179.331412730357,1431.7436547354316,4747.587757994926,0.0786157162374708
33110,0.09848279260528893,-3754.9409090741888,6177.283151634125,1443.72591175348,4733.557239880645,0.07853623339084978
33115,0.09849766466699314,-3747.106180455238,6176.52253683601,1460.9163624113114,4715.606174424698,0.07844072016777506
33120,0.09851253672869735,-3745.7224772984505,6177.483391853181,1484.077017975072,4693.40637387811,0.0783700891581178
33125,0.09852740879040156,-3751.019040266825,6180.510081700347,1513.7351775555373,4666.77490414481,0.07830806069788153
33130,0.09854228085210577,-3762.9038699589873,6185.848656842193,1550.1623901003438,4635.686266741849,0.078227700925394
33135,0.09855715291380998,-3780.978754619503,6193.644293726068,1593.3647343382356,4600.279559387833,0.07812944032175306
33140,0.09857202497551419,-3804.5834617766805,6203.944741771047,1643.0849154065593,4560.859826364488,0.07805507078544924
33145,0.0985868970372184,-3832.8659194714564,6216.708989947622,1698.816159089386,4517.892830858236,0.07800881387287824
33150,0.09860176909892263,-3864.8720105817993,6231.819947181482,1759.8273350949796,4471.992612086503,0.07794383310673234
33155,0.09861664116062684,-3899.645867405334,6249.0996485728465,1825.198174210872,4423.901474361975,0.07786043278245945
33160,0.09863151322233105,-3936.329744047996,6268.325395902134,1893.8628851697588,4374.462510732375,0.07775906595428343
33165,0.09864638528403526,-3974.252040252772,6289.245331088112,1964.6599650812775,4324.585366006834,0.07769083085699872
33170,0.09866125734573947,-4012.9930404768943,6311.592207541713,2036.3855851545056,4275.206622387207,0.07764445015358643
33175,0.09867612940744368,-4052.420351956903,6335.094519272638,2107.847679005334,4227.246840267304,0.07757838968197053
33180,0.09869100146914789,-4092.689564323547,6359.484603364302,2177.917812393924,4181.566790970377,0.0774929329684851
33185,0.0987058735308521,-4134.20982558467,6384.503775037747,2245.5780944214957,4138.925680616251,0.07738856688388153
33190,0.09872074559255631,-4177.57827093107,6409.904922722996,2309.9607899672924,4099.944132755703,0.07729516494212377
33195,0.09873561765426052,-4223.490999217895,6435.453241610114,2370.378865276201,4065.074376333913,0.07724661856453022
33200,0.09875048971596473,-4272.641088801642,6460.925902863368,2426.3463715745584,4034.5795312888094,0.07717719789614212
33205,0.09876536177766895,-4325.615621466625,6486.111451695109,2477.588265368826,4008.5231863262834,0.077087486109947
33210,0.09878023383937316,-4382.80364478946,6510.809628339077,2524.0399081954824,3986.7697201435944,0.07697834580493619
33215,0.09879510590107737,-4444.3254550264255,6534.832146999968,2565.8370355189118,3968.9951114810565,0.0768730320597656
33220,0.09880997796278158,-4509.990750416758,6558.0047825476,2603.297414327353,3954.707368220247,0.07682133380452967
33225,0.0988248500244858,-4579.289509746617,6580.1709270172205,2636.89572433118,3943.2752026860403,0.07674890863269768
33230,0.09883972208619,-4651.41543886557,6601.196598894234,2667.233411975757,3933.963186918477,0.07665677048040438
33235,0.09885459414789421,-4725.318065501134,6620.976717936953,2695.005391126604,3925.9713268103487,0.07654618074345186
33240,0.09886946620959843,-4799.7765393585305,6639.442292035653,2720.965500746287,3918.476791289366,0.0764490069070389
33245,0.09888433827130264,-4873.4862481166465,6656.567998951315,2745.892569922376,3910.6754290289387,0.07640032356695996
33250,0.09889921033300685,-4945.148643476595,6672.379493129181,2770.5587736709717,3901.8207194582096,0.07633207714237884
33255,0.09891408239471106,-5013.555150982608,6686.9596465614895,2795.7016863350987,3891.257960226391,0.07624536689002721
33260,0.09892895445641528,-5077.657517922438,6700.452871254906,2822.0010654674625,3878.451805787444,0.07617725962308906
33265,0.09894382651811949,-5136.619124078233,6713.066697072516,2850.0609564625006,3863.0057406100154,0.07610617572354735
33270,0.0989586985798237,-5189.844274156916,6725.069910064223,2880.3972371876466,3844.6726728765766,0.07601807541986672
33275,0.09897357064152791,-5236.984954099216,6736.78679296361,2913.4302675007075,3823.356525462903,0.07594527554776909
33280,0.09898844270323212,-5277.926683222101,6748.58733170731,2949.481914685909,3799.105417021401,0.07591251954555808
33285,0.09900331476493633,-5312.756756225784,6760.87362370664,2988.7759317739046,3772.097691932735,0.0758610648054282
33290,0.09901818682664054,-5341.719283441848,6774.063099411689,3031.4405043189736,3742.6225950927155,0.07579156441953991
33295,0.09903305888834475,-5365.162034004438,6788.569501115769,3077.511776500439,3711.05772461533,0.07570486671289765
33300,0.09904793095004896,-5383.480241052441,6804.782809880321,3126.93732974784,3677.845480132481,0.07562200897727009
33305,0.09906280301175317,-5397.06231801753,6823.0494422657375,3179.578907010352,3643.4705352553856,0.07559075508685832
33310,0.09907767507345738,-5406.241911501207,6843.654037700987,3235.2141190753446,3608.4399186256423,0.07554010465734641
33315,0.09909254713516161,-5411.259904590461,6866.804027055947,3293.5373759041167,3573.26665115183,0.07547091922865484
33320,0.09910741919686582,-5412.238911709278,6892.61793326562,3354.1607754709134,3538.4571577947067,0.0753842901405895
33325,0.09912229125857003,-5409.171539979327,6921.11804066051,3416.6160664916742,3504.5019741688357,0.07531147264130807
33330,0.09913716332027424,-5401.922362195416,6952.227725398968,3480.359000408076,3471.8687249908917,0.07527926513837198
33335,0.09915203538197845,-5390.242330289001,6985.773410869457,3544.777350548504,3440.996060320953,0.07522750034396518
33340,0.09916690744368266,-5373.79342689553,7021.490838322057,3609.203593297873,3412.2872450241844,0.07515729823726018
33345,0.09918177950538687,-5352.180809192431,7059.035149581446,3672.9327551382034,3386.1023944432422,0.07506997820866206
33350,0.09919665156709108,-5324.989539021681,7097.994173051116,3735.245307401479,3362.7488656496375,0.07499868334222093
33355,0.09921152362879529,-5291.8231197274745,7137.904275631221,3795.4343350418126,3342.4699405894085,0.07496536065527022
33360,0.0992263956904995,-5252.341340345245,7178.268166313366,3852.8356118592365,3325.43255445413,0.07491280684021259
33365,0.09924126775220371,-5206.295256556379,7218.574078973274,3906.8587563384517,3311.715322634822,0.07484228960508336
33370,0.09925613981390793,-5153.557469460534,7258.315789758008,3957.0173628489274,3301.2984269090803,0.0747552641369378
33375,0.09927101187561214,-5094.1461972195775,7297.012915196249,4002.9559170374005,3294.0569981588487,0.07465398012292285
33380,0.09928588393731635,-5028.241977036826,7334.2308822921295,4044.4714071895514,3289.759475102578,0.07462139297541372
33385,0.09930075599902057,-4956.196172878585,7369.599869660344,4081.5278218045673,3288.0720478557764,0.07457022698082263
33390,0.09931562806072478,-4878.530772025323,7402.831911812773,4114.262160983719,3288.569750829054,0.07450187974190257
33395,0.09933050012242899,-4795.929226701965,7433.735267971665,4142.981163783696,3290.7541041879695,0.07441792249729745
33400,0.0993453721841332,-4709.218377526934,7462.22511508094,4168.148631467812,3294.0764836131275,0.0743200603216638
33405,0.0993602442458374,-4619.341864389703,7488.3296603523095,4190.3639547354205,3297.965705616889,0.07425203632700386
33410,0.09937511630754162,-4527.325961662733,7512.190901394933,4210.333158998829,3301.8577423961033,0.07420607691478123
33415,0.09938998836924583,-4434.239481309981,7534.059500225696,4228.834382279255,3305.225117946441,0.07414385828480213
33420,0.09940486043095004,-4341.150186086828,7554.283577099215,4246.68011693902,3307.603460160195,0.07406696096741795
33425,0.09941973249265426,-4249.080877956871,7573.291653373932,4264.678724405553,3308.6129289683786,0.0739770761439727
33430,0.09943460455435847,-4158.96877029866,7591.570447874806,4283.597653062262,3307.9727948125437,0.07402230503623118
33435,0.09944947661606268,-4071.6317446437242,7609.6387138215905,4304.130476548145,3305.508237273445,0.07411144880724942
33440,0.09946434867776689,-3987.7445511847072,7628.0187386596235,4326.869380665459,3301.1493579941643,0.07418829398336485
33445,0.0994792207394711,-3907.826975458872,7647.207458580654,4352.284141248754,3294.9233173319,0.07425285752072862
33450,0.09949409280117531,-3832.24461441545,7667.649308546913,4380.708036639753,3286.9412719071597,0.07430516066437722
33455,0.09950896486287952,-3761.2214143055908,7689.712896402922,4412.330600687444,3277.382295715478,0.07436553612465024
33460,0.09952383692458373,-3694.8617714171696,7713.673337119045,4447.196698471654,3266.476638647391,0.07445065513976339
33465,0.09953870898628794,-3633.1789970773843,7739.701619095407,4485.2111250820235,3254.490494013384,0.07452289985320709
33470,0.09955358104799215,-3576.1264307600086,7767.861737008902,4526.147790880512,3241.7139461283905,0.0745823455288156
33475,0.09956845310969636,-3523.6274799617536,7798.115580098054,4569.662547589973,3228.4530325080814,0.07462915831459675
33480,0.09958332517140059,-3475.601313125568,7830.334796837849,4615.308797044384,3215.0259997934654,0.0746636024428899
33485,0.0995981972331048,-3431.9817104491403,7864.318162235669,4662.555170042862,3201.7629921928065,0.07470650643666837
33490,0.09961306929480901,-3392.727538850604,7899.812445159672,4710.804726696049,3189.007718463623,0.07477062475134509
33495,0.09962794135651322,-3357.8243192130367,7936.534484606649,4759.415276452911,3177.1192081537383,0.0748223100308522
33500,0.09964281341821743,-3327.2772834594175,7974.192178671805,4807.720518128801,3166.471660543004,0.07486209733946392
33505,0.09965768547992164,-3301.097105538019,8012.502370100889,4855.051741019385,3157.4506290815034,0.07489078646631143
33510,0.09967255754162585,-3279.2801070528894,8051.204136539865,4900.759802454147,3150.4443340857188,0.07496703040883695
33515,0.09968742960333006,-3261.785190176473,8090.066683454292,4944.237010962022,3145.8296724922693,0.07503297115014179
33520,0.09970230166503427,-3248.510051972627,8128.891791282526,4984.93841308301,3143.953378199516,0.07508915170085192
33525,0.09971717372673848,-3239.2693828627166,8167.511477752816,5022.4018284983085,3145.1096492545075,0.07513608152089372
33530,0.09973204578844269,-3233.777713213684,8205.78210629054,5056.265829996576,3149.5162762939644,0.07517422793992622
33535,0.09974691785014692,-3231.6392873107484,8243.576533953581,5086.284751769442,3157.2917821841393,0.07524237379736692
33540,0.09976178991185113,-3232.346764251398,8280.776015463363,5112.339762039564,3168.436253423799,0.0753032973518412
33545,0.09977666197355534,-3235.289673367004,8317.26346859001,5134.445082118674,3182.8183864713365,0.07535504475511912
33550,0.09979153403525955,-3239.77247119916,8352.919397127811,5152.748595218754,3200.1708019090565,0.07539801907077284
33555,0.09980640609696376,-3245.040914968966,8387.621318299534,5167.526373230488,3220.094945069046,0.07543259907486786
33560,0.09982127815866797,-3250.314474139098,8421.24701776419,5179.171046731471,3242.0759710327193,0.07545913993770931
33565,0.09983615022037218,-3254.8218143588624,8453.681420843703,5188.174416198384,3265.5070046453184,0.07547952664021834
33570,0.09985102228207639,-3257.8361055794876,8484.826376983781,5195.105190746192,3289.721186237589,0.07552834964477304
33575,0.0998658943437806,-3258.707044107069,8514.612247816913,5200.583170721897,3314.029077095016,0.0755688889137825
33580,0.09988076640548481,-3256.8869794875754,8543.009899574266,5205.25149048846,3337.7584090858063,0.07560155894331586
33585,0.09989563846718902,-3251.949297586647,8570.041552769077,5209.748656791175,3360.292895977902,0.07562674890477357
33590,0.09991051052889324,-3243.598104033242,8595.788955024918,5214.6820391197225,3381.106915905196,0.07564481438593429
33595,0.09992538259059745,-3231.669146161169,8620.397527103996,5220.604212641317,3399.7933144626795,0.07565607067116682
33600,0.09994025465230166,-3216.1226871253953,8644.075484159432,5227.993174179734,3416.082309979698,0.07566078835097954
33605,0.09995512671400587,-3197.0296132491967,8667.087430243433,5237.237017819176,3429.8504124242572,0.07566996866733589
33610,0.09996999877571008,-3174.552372506977,8689.742516953283,5248.623240384256,3441.1192765690275,0.07569767491583292
33615,0.0999848708374143,-3148.92242269853,8712.377878370542,5262.332506165976,3450.045372204566,0.07571878658142522
33620,0.0999997428991185,-3120.415776315803,8735.338623433163,5278.436469524955,3456.9021539082078,0.07573347586092014
33625,0.10001461496082271,-3089.3280544255267,8758.956103816396,5296.899141905954,3462.0569619104417,0.07574184842866057
33630,0.10002948702252693,-3055.9502848744596,8783.526416048528,5317.581281829538,3465.9451342189896,0.07574395105188848
33635,0.10004435908423114,-3020.5465437081175,8809.291103967762,5340.247353018942,3469.04375094882,0.07573978308551249
33640,0.10005923114593535,-2983.334435295357,8836.421798556978,5364.574702180078,3471.8470963768996,0.07572931084176301
33645,0.10007410320763957,-2944.469289186637,8865.010098014183,5390.164722496664,3474.8453755175196,0.07571248364535335
33650,0.10008897526934378,-2904.0327648149964,8895.06341194015,5416.555867331643,3478.5075446085066,0.07572335320262537
33655,0.10010384733104799,-2862.026272459348,8926.506849872645,5443.238443542852,3483.268406329793,0.0757282311182369
33660,0.1001187193927522,-2818.3692683470294,8959.190613553605,5469.671131959531,3489.519481594074,0.07572618510985647
33665,0.10013359145445641,-2772.9021393718226,8992.901835972258,5495.299142804643,3497.6026931676142,0.0757172218378569
33670,0.10014846351616062,-2725.393148337933,9027.379461931772,5519.57380891282,3507.8056530189524,0.07570139086975033
33675,0.10016333557786483,-2675.54881796867,9062.330620104844,5541.9732503949945,3520.357369709849,0.07567879425821214
33680,0.10017820763956904,-2623.0271770462014,9097.44699794598,5562.02352485527,3535.423473090709,0.07564959138964757
33685,0.10019307970127325,-2567.4533992165507,9132.419968316937,5579.3194359169365,3553.1005324000007,0.07561399912445611
33690,0.10020795176297746,-2508.43743728982,9166.953574513147,5593.543949360659,3573.409625152488,0.07558229341344393
33695,0.10022282382468167,-2445.593228965638,9200.774888253223,5604.485004362209,3596.289883891014,0.07558019850271763
33700,0.1002376958863859,-2378.5589205324018,9233.641642600907,5612.048446059082,3621.593196541825,0.07557030958547852
33705,0.10025256794809011,-2307.017374137974,9265.347351324426,5616.265872333974,3649.0814789904525,0.07555304441538796
33710,0.10026744000979432,-2230.7160587799895,9295.724323337428,5617.296394300989,3678.4279290364393,0.07552883499657345
33715,0.10028231207149853,-2149.485324466218,9324.645057898122,5615.421652179863,3709.2234057182595,0.07549811187889552
33720,0.10029718413320274,-2063.254039499099,9352.022479625357,5611.033885788767,3740.9885938365896,0.07548381170653684
33725,0.10031205619490695,-1972.061629233609,9377.809375278242,5604.617395602546,3773.1919796756965,0.07548756638962723
33730,0.10032692825661116,-1876.0656863995919,9401.997265989423,5596.724294709626,3805.2729712797973,0.07548555095712074
33735,0.10034180031831537,-1775.5445326129948,9424.614825015527,5587.945979689894,3836.668845325634,0.07547801254757697
33740,0.10035667238001958,-1670.894403353037,9445.725856831608,5578.882169202232,3866.8436876293763,0.07546513772692
33745,0.10037154444172379,-1562.6212961810124,9465.426799120867,5570.109609262995,3895.317189857872,0.07544705278618634
33750,0.100386416503428,-1451.3279325341891,9483.843692066159,5562.152581971893,3921.691110094266,0.07542382744380265
33755,0.10040128856513222,-1337.696684452564,9501.128567498674,5555.457172563156,3945.671394935518,0.07539548126005481
33760,0.10041616062683643,-1222.4696490602328,9517.455228958957,5550.370879864575,3967.0843490943826,0.07536199196719903
33765,0.10043103268854064,-1106.4272622943627,9533.0144108981,5547.128660586072,3985.885750312028,0.07534097380571943
33770,0.10044590475024485,-990.36689471713,9548.008316960395,5545.84595489318,4002.1623620672153,0.07534575604659316
33775,0.10046077681194907,-875.0827551732991,9562.644548345028,5546.518718879631,4016.125829465397,0.07534477215457071
33780,0.10047564887365328,-761.3481588374307,9577.129455173847,5549.0300353093935,4028.099419864453,0.07533785948826385
33785,0.10049052093535749,-649.9008367314391,9591.660989597101,5553.16250660777,4038.498482989331,0.07532486598460249
33790,0.1005053929970617,-541.4315391691234,9606.421216846707,5558.615352502572,4047.8058643441354,0.0753056605139036
33795,0.1005202650587659,-436.5757940226549,9621.568746655663,5565.024930829826,4056.5438158258366,0.07528014059107782
33800,0.10053513712047012,-335.9083995253777,9637.231465907998,5571.987270702224,4065.2441952057743,0.07524823709845573
33805,0.10055000918217433,-239.94011431341823,9653.500056147723,5579.081159316245,4074.4188968314775,0.07520991594855861
33810,0.10056488124387855,-149.11606641678645,9670.422834138299,5585.890369994731,4084.5324641435673,0.07517182019556548
33815,0.10057975330558276,-63.81559386564186,9688.002432660343,5592.02376896676,4095.9786636935833,0.07517090584985846
33820,0.10059462536728697,15.646541127403907,9706.19472994257,5597.132287753461,4109.062442189109,0.07516329369270533
33825,0.10060949742899118,89.01747088561387,9724.910248229737,5600.922074119402,4123.9881741103345,0.07514903616546366
33830,0.10062436949069539,156.10200212796553,9744.018004824504,5603.16349801944,4140.8545068050635,0.07512820590336512
33835,0.1006392415523996,216.75701072681932,9763.351556223006,5603.696042165049,4159.655514057957,0.07510088457190608
33840,0.10065411361410381,270.88497985152026,9782.716774055618,5602.429404232776,4180.287369822842,0.07506715092667608
33845,0.10066898567580802,318.4276057929801,9801.900766730183,5599.3413458792975,4202.5594208508855,0.07502706906795305
33850,0.10068385773751223,359.3606603017315,9820.681329659013,5594.472926633704,4226.208403025309,0.0749806778386359
33855,0.10069872979921644,393.6913135328059,9838.836363093515,5587.9217615659345,4250.91460152758,0.07497645405800799
33860,0.10071360186092065,421.45884848285914,9856.15281287439,5579.833860407179,4276.318952467212,0.07496416995052507
33865,0.10072847392262488,442.7391858149649,9872.434827304289,5570.3944752297475,4302.040352074541,0.07494346794058078
33870,0.10074334598432909,457.65299662111465,9887.51094453475,5559.818243826625,4327.692700708125,0.07491429338777351
33875,0.1007582180460333,466.37653680424137,9901.240202373507,5548.3388072291045,4352.901395144402,0.07487654668723519
33880,0.10077309010773751,469.1537952038034,9913.517087749608,5536.198036068794,4377.319051680814,0.07483008683481086
33885,0.10078796216944172,466.3081794784621,9924.275226999773,5523.635040023685,4400.6401869760875,0.07477473813943526
33890,0.10080283423114593,458.25181150321623,9933.489685098757,5510.875253363306,4422.614431735451,0.07474464410951966
33895,0.10081770629285014,445.49059640491123,9941.177720344976,5498.120058109248,4443.0576622357285,0.07473897429290134
33900,0.10083257835455435,428.6235809425134,9947.397852926062,5485.537574167509,4461.860278758553,0.07472432713228316
33905,0.10084745041625856,408.33571613593176,9952.24716019796,5473.255353537923,4478.991806660037,0.07470046628153887
33910,0.10086232247796277,385.3839257653681,9955.856802974018,5461.355712107947,4494.5010908660715,0.07466715628286492
33915,0.10087719453966698,360.5772412736387,9958.385899829445,5449.874290827067,4508.5116090023785,0.07462417040740149
33920,0.1008920666013712,334.7525414722304,9960.013981045899,5438.802165168034,4521.211815877865,0.07457129679558255
33925,0.10090693866307542,308.7479836682505,9960.932354096642,5428.091456970577,4532.840897126064,0.07450834273893385
33930,0.10092181072477963,283.3764354758896,9961.334789114902,5417.664006362784,4543.670782752119,0.07443513722413242
33935,0.10093668278648384,259.4011009142332,9961.407983292973,5407.422298955025,4553.9856843379475,0.07435587451667386
33940,0.10095155484818805,237.51514694627986,9961.322290102871,5397.26157062742,4564.060719475451,0.07433626698143006
33945,0.10096642690989226,218.32658926141175,9961.223206394301,5387.081865804082,4574.141340590219,0.07430701446864027
33950,0.10098129897159647,202.34909963327664,9961.224100162348,5376.798819880283,4584.425280282065,0.07426791927281182
33955,0.10099617103330068,189.99882771695047,9961.400633111443,5366.352067334147,4595.048565777296,0.07421878298381736
33960,0.10101104309500489,181.59682264804724,9961.787280777,5355.710423313419,4606.076857463581,0.07415940789958386
33965,0.1010259151567091,177.37620796014562,9962.376271912242,5344.873317230997,4617.502954681246,0.07408959982767645
33970,0.10104078721841331,177.49292604560196,9963.119150890778,5333.86833621275,4629.250814678027,0.07400917240290522
33975,0.10105565928011753,182.03866612580714,9963.931007374278,5322.74512726183,4641.185880112448,0.07391795288617246
33980,0.10107053134182174,191.05457253334225,9964.697218368143,5311.566275350693,4653.13094301745,0.07381578924032131
33985,0.10108540340352595,204.544526164329,9965.282320585164,5300.396089087669,4664.886231497495,0.07377778804899231
33990,0.10110027546523016,222.48717223120002,9965.540398482748,5289.288458655047,4676.251939827701,0.07373725360012802
33995,0.10111514752693437,244.8463331493349,9965.326167792748,5278.275078352396,4687.0510894403515,0.07368629651130562
34000,0.10113001958863858,271.57985185965936,9964.50579270185,5267.355329561962,4697.1504631398875,0.07362467373630005
34005,0.1011448916503428,302.6471221994552,9962.966430811668,5256.488989192921,4706.477441618747,0.07355217591784403
34010,0.101159763712047,338.01551123201534,9960.623575781536,5245.5926668085995,4715.030908972936,0.07346863411507254
34015,0.10117463577375121,377.665596821269,9957.425466863951,5234.540500567756,4722.884966296196,0.07337392491412617
34020,0.10118950783545543,421.594756798615,9953.354139766103,5223.1691950941195,4730.184944671983,0.07326797378181107
34025,0.10120437989715964,469.81831902230897,9948.42306708026,5211.287014644634,4737.136052435627,0.07318385957626307
34030,0.10121925195886386,522.3673607224619,9942.67172813695,5198.685910624424,4743.9858175125255,0.0731901337623088
34035,0.10123412402056807,579.2824084560325,9936.157802180982,5185.1556195996,4751.002182581382,0.07320605780532902
34040,0.10124899608227228,640.6027299067282,9928.947945081813,5170.49836133505,4758.449583746763,0.073223285587663
34045,0.10126386814397649,706.3515416108503,9921.108251839432,5154.5427224999785,4766.565529339454,0.07324195740009354
34050,0.1012787402056807,776.5181471483484,9912.695507562938,5137.155434685967,4775.540072876971,0.07326220462114917
34055,0.10129361226738491,851.0386138500799,9903.750192251786,5118.250026016844,4785.500166234942,0.07328415626462503
34060,0.10130848432908912,929.7769520479078,9894.291953044785,5097.791704409538,4796.500248635247,0.07333227180238337
34065,0.10132335639079333,1012.5087906835915,9884.317930097624,5075.798262775461,4808.5196673221635,0.07340155459978942
34070,0.10133822845249754,1098.9092349695338,9873.803965659374,5052.337221205675,4821.466744453699,0.0734680159285496
34075,0.10135310051420175,1188.5460219838296,9862.708388123581,5027.519780959649,4835.188607163932,0.07353132690637129
34080,0.10136797257590596,1280.8784021045585,9850.977785306379,5001.49241629578,4849.485369010599,0.073593595837824
34085,0.10138284463761019,1375.2615363347804,9838.553994073787,4974.427051144188,4864.126942929599,0.07366632169487897
34090,0.1013977166993144,1470.955750292599,9825.381451490866,4946.510761240324,4878.870690250542,0.07373570010667817
34095,0.10141258876101861,1567.1397921305006,9811.41407539668,4917.935832912019,4893.478242484662,0.07380146206556329
34100,0.10142746082272282,1662.927283968028,9796.620955761131,4888.890833693911,4907.73012206722,0.07386336736080867
34105,0.10144233288442703,1757.385742933424,9780.990319360244,4859.553144614993,4921.4371747452515,0.07392121172282703
34110,0.10145720494613124,1849.5577528089325,9764.531452214427,4830.083198054876,4934.448254159551,0.07397483092810707
34115,0.10147207700783545,1938.4839746620291,9747.274500697393,4800.620474737066,4946.654025960327,0.07403459068157668
34120,0.10148694906953966,2023.2276232807772,9729.26830073185,4771.281145185833,4957.987155546017,0.07409832300095821
34125,0.10150182113124387,2102.8997966100624,9710.576587047994,4742.157098247627,4968.419488800367,0.07415818213083776
34130,0.10151669319294808,2176.68467893646,9691.273096434996,4713.315989301535,4977.95710713346,0.07421412443252007
34135,0.10153156525465229,2243.863243038214,9671.436186977877,4684.801877118532,4986.634309859345,0.07426612347383917
34140,0.10154643731635651,2303.8337732177215,9651.143636723016,4656.636017577043,4994.507619145973,0.07431416369560552
34145,0.10156130937806072,2356.1274392675377,9630.468249358819,4628.817456410576,5001.650792948243,0.07436365985054784
34150,0.10157618143976493,2400.417359906851,9609.47477626346,4601.323210141197,5008.151566122263,0.07442345681901172
34155,0.10159105350146914,2436.5201344106144,9588.218469560185,4574.108024381974,5014.11044517821,0.07447963070651523
34160,0.10160592556317335,2464.3896448536416,9566.74532991806,4547.103915058687,5019.641414859373,0.07453213522302514
34165,0.10162079762487757,2484.10390651099,9545.093840938083,4520.21988533168,5024.873955606403,0.07458091423859936
34170,0.10163566968658178,2495.84667512176,9523.297734317734,4493.3423265612355,5029.955407756498,0.07462590116595262
34175,0.10165054174828599,2499.8861957967974,9501.389152930027,4466.336626685357,5035.05252624467,0.07466701873241165
34180,0.1016654138099902,2496.5537355074985,9479.401508726989,4439.050415429015,5040.351093297974,0.07472280723931339
34185,0.1016802858716944,2486.2243180017085,9457.371385285373,4411.318685745565,5046.052699539808,0.07477621113631862
34190,0.10169515793339862,2469.3014410924943,9435.33900199225,4382.970774847949,5052.368227144301,0.07482571828081401
34195,0.10171002999510284,2446.206670678259,9413.347005510806,4353.838907155912,5059.508098354894,0.07487122359443515
34200,0.10172490205680705,2417.3740905212208,9391.43763535723,4323.767740257891,5067.669895099339,0.07491323586128627
34205,0.10173977411851126,2383.2488364147894,9369.64857130886,4292.624156266588,5077.024415042272,0.07497772411815319
34210,0.10175464618021547,2344.2884789851632,9348.00796682588,4260.30643943384,5087.701527392041,0.0750397224073806
34215,0.10176951824191968,2300.9658725198824,9326.529278953236,4226.751997464202,5099.777281489034,0.07509912957845334
34220,0.10178439030362389,2253.772215587068,9305.20651740305,4191.942920384436,5113.263597018615,0.07515588258095476
34225,0.1017992623653281,2203.219392228936,9284.010468606855,4155.908906632233,5128.101561974622,0.07520994586656433
34230,0.10181413442703231,2149.841088467697,9262.886330471893,4118.727380203036,5144.158950268857,0.07526129954301901
34235,0.10182900648873652,2094.1926192559586,9241.753048194416,4080.5209215069526,5161.232126687463,0.07530992726525729
34240,0.10184387855044073,2036.849771534472,9220.504493150402,4041.452384071843,5179.052109078559,0.07535580485644865
34245,0.10185875061214494,1978.4071907802263,9199.01248940809,4001.7182289825078,5197.294260425581,0.0753988905715277
34250,0.10187362267384917,1919.476850245307,9177.13157152897,3961.540662160998,5215.590909367971,0.07543911776399778
34255,0.10188849473555338,1860.6869225379078,9154.705253765498,3921.159115836032,5233.546137929467,0.07547639051448904
34260,0.10190336679725759,1802.680961508141,9131.573503609903,3880.821505355703,5250.7519982542,0.0755105825484854
34265,0.1019182388589618,1746.1168025988318,9107.58104137662,3840.775556583331,5266.805484793289,0.07554153952874335
34270,0.10193311092066601,1691.664149873378,9082.586032939753,3801.260376237486,5281.325656702267,0.07556908456852564
34275,0.10194798298237022,1639.9995863724089,9056.468706878384,3762.4983552044255,5293.970351673959,0.07559302658414714
34280,0.10196285504407443,1591.7978229356204,9029.13941293351,3724.6874651223898,5304.45194781112,0.07561317089748446
34285,0.10197772710577864,1547.7184090777346,9000.545648847079,3687.9940287517434,5312.551620095335,0.07562933132048885
34290,0.10199259916748285,1508.3878019531849,8970.677619908904,3652.5461015124874,5318.131518396416,0.07564134281687054
34295,0.10200747122918706,1474.377497259562,8939.571960901882,3618.4276763025,5321.1442845993815,0.07564907375665056
34300,0.10202234329089127,1446.1797215503366,8907.313341509083,3585.673997133076,5321.639344376007,0.07566805542300072
34305,0.1020372153525955,1424.1828412972454,8874.033787907834,3554.268322735762,5319.765465172072,0.0757482471981607
34310,0.1020520874142997,1408.6490752206983,8839.909675544024,3524.1405070417295,5315.769168502295,0.07582463131787592
34315,0.10206695947600392,1399.6972585963422,8805.156469231373,3495.1677512340557,5309.9887179973175,0.07589709372527645
34320,0.10208183153770813,1397.29328003898,8770.021395514994,3467.1778267257887,5302.843568789205,0.07596558553207727
34325,0.10209670359941234,1401.2503783405855,8734.774321051145,3439.9549664716315,5294.819354579514,0.07603011270179919
34330,0.10211157566111655,1411.2407408891213,8699.697177730934,3413.248472088539,5286.448705642395,0.07609072276266564
34335,0.10212644772282076,1426.8188020979615,8665.072324881292,3386.783889119582,5278.2884357617095,0.07614748986627082
34340,0.10214131978452497,1447.4553665325293,8631.17027995671,3360.2763724394263,5270.893907517284,0.07620049964703067
34345,0.10215619184622918,1472.5803082529483,8598.237291572928,3333.445618095036,5264.791673477892,0.07624983533607589
34350,0.10217106390793339,1501.6303116461158,8566.483278595992,3306.031506170742,5260.451772425249,0.07629556643714352
34355,0.1021859359696376,1534.097126936953,8536.070715012875,3277.809417138063,5258.261297874811,0.0763377409888352
34360,0.10220080803134182,1569.571296902077,8507.105091681191,3248.6040865267855,5258.501005154405,0.07637638203828619
34365,0.10221568009304603,1607.7763876437393,8479.627613550767,3218.300876670564,5261.326736880203,0.07641148847100439
34370,0.10223055215475024,1648.5894565429398,8453.610770981395,3186.8534821738995,5266.757288807496,0.0764430398304117
34375,0.10224542421645445,1692.0447558045325,8428.957334778512,3154.287342559924,5274.669992218587,0.07647100428104962
34380,0.10226029627815866,1738.3193598308872,8405.503153984258,3120.6983884235633,5284.804765560695,0.07649534848898526
34385,0.10227516833986287,1787.7013148656997,8383.023885691002,3086.2471592154866,5296.776726475515,0.0765160479713518
34390,0.10229004040156708,1840.5428001758992,8361.24547701719,3051.148754258171,5310.096722759019,0.07653309644244416
34395,0.1023049124632713,1897.202424877437,8339.857886605585,3015.6594628293356,5324.19842377625,0.07654651286188167
34400,0.1023197845249755,1957.9819719499064,8318.53122206544,2980.061215421442,5338.470006643998,0.07655634524071915
34405,0.10233465658667971,2023.0635278580703,8296.933227144029,2944.645167695263,5352.288059448766,0.07656267072435805
34410,0.10234952864838393,2092.452977971856,8274.7469159131,2909.6957488241374,5365.051167088963,0.07656559197044373
34415,0.10236440071008815,2165.9353523031423,8251.687141942837,2875.476376243448,5376.2107656993885,0.07656523030046382
34420,0.10237927277179236,2243.0465604219116,8227.515008574646,2842.2177820400484,5385.297226534598,0.07656171646510174
34425,0.10239414483349657,2323.064753620405,8202.049251674112,2810.109554588568,5391.939697085545,0.0765551800896424
34430,0.10240901689520078,2405.0229824465614,8175.174022602299,2779.295126430632,5395.878896171667,0.07654573894666872
34435,0.10242388895690499,2487.7430603256817,8146.84282295933,2749.8700897832186,5396.972733176111,0.07653348915048766
34440,0.1024387610186092,2569.8886953348524,8117.078651431134,2721.8834383972235,5395.1952130339105,0.07651849720638625
34445,0.10245363308031341,2650.03414054073,8085.970683760337,2695.341145078343,5390.629538681995,0.07650079460862876
34450,0.10246850514201762,2726.7430044713647,8053.668000327753,2670.211394891635,5383.4566054361185,0.07648037539358443
34455,0.10248337720372183,2798.650644209441,8020.370997774305,2646.4307949349845,5373.94020283932,0.07645719674425994
34460,0.10249824926542604,2864.5429126923214,7986.3211786273805,2623.9109523678353,5362.410226259545,0.07643118243195941
34465,0.10251312132713025,2923.424081792896,7951.790018623479,2602.5449296578663,5349.245088965613,0.0764022285911667
34470,0.10252799338883448,2974.567571436735,7917.067577179433,2582.2132286572896,5334.8543485221435,0.07637021107774376
34475,0.10254286545053869,3017.5446478234144,7882.451448996759,2562.789106611155,5319.662342385604,0.07633499348268621
34480,0.1025577375122429,3052.228382903643,7848.23655537304,2544.1431748405635,5304.093380532477,0.07629643478789705
34485,0.10257260957394711,3078.7726796791662,7814.706141433048,2526.147362698035,5288.558778735013,0.07632399850929847
34490,0.10258748163565132,3097.5687861060746,7782.124182790752,2508.6784324238574,5273.445750366895,0.07645413399208803
34495,0.10260235369735553,3109.1841292780437,7750.7292235032,2491.6212903454657,5259.107933157735,0.07658113034292995
34500,0.10261722575905974,3114.29018882199,7720.729489045324,2474.8723437631843,5245.85714528214,0.07669937128065753
34505,0.10263209782076395,3113.5872345479197,7692.298974188334,2458.343094573709,5233.955879614625,0.07680863659892669
34510,0.10264696988246816,3107.7339228237147,7665.574127849622,2441.964044426195,5223.610083423427,0.07690877852716994
34515,0.10266184194417237,3097.2889654455494,7640.650768466109,2425.688828643173,5214.961939822936,0.07699971230044006
34520,0.10267671400587658,3082.6704892668176,7617.5809701462185,2409.498324091439,5208.08264605478,0.07708140406304004
34525,0.1026915860675808,3064.13654840765,7596.3698463629125,2393.404322291979,5202.9655240709335,0.07715385722312754
34530,0.10270645812928501,3041.7878446792356,7576.9723888712,2377.45225477317,5199.520134098029,0.07721709840635631
34535,0.10272133019098922,3015.591356780705,7559.290747340799,2361.722427931741,5197.568319409058,0.07727116406469411
34540,0.10273620225269343,2985.421513898137,7543.17251123315,2346.3292827523915,5196.843228480759,0.07731608860449854
34545,0.10275107431439764,2951.11393397005,7528.410641525114,2331.418339954138,5196.992301570976,0.07735189463768358
34550,0.10276594637610185,2912.525672772443,7514.745676574215,2317.160707737701,5197.584968836514,0.07737858566694858
34555,0.10278081843780607,2869.595447053243,7501.870706201855,2303.745287832399,5198.125418369456,0.07739614122385685
34560,0.10279569049951028,2822.397427169979,7489.439392413369,2291.369077022182,5198.070315391187,0.07740451421596294
34565,0.10281056256121449,2771.182937338531,7477.077047740834,2280.2261843911183,5196.850863349716,0.07740363002920829
34570,0.1028254346229187,2716.4057016003308,7464.394499931575,2270.496335064263,5193.8981648673125,0.07740403676295556
34575,0.1028403066846229,2658.728012095598,7451.004207514719,2262.333691470087,5188.670516044633,0.0774124851816071
34580,0.10285517874632713,2599.007188000363,7436.537868917163,2255.856797027781,5180.681071889382,0.07740852031240397
34585,0.10287005080803134,2538.2637111948893,7420.664602532666,2251.140358294937,5169.524244237729,0.07739208327790809
34590,0.10288492286973555,2477.6342373608672,7403.1086726504545,2248.2094642256648,5154.899208424789,0.07744248475962344
34595,0.10289979493143976,2418.314094506773,7383.665697016814,2247.0367258032493,5136.628971213565,0.07752447568108489
34600,0.10291466699314397,2361.4947621558817,7362.216294522529,2247.5427195400725,5114.673574982457,0.07760421288042653
34605,0.10292953905484818,2308.3021109895685,7338.736214579721,2249.6000238213364,5089.136190758384,0.07767742506916588
34610,0.10294441111655239,2259.7408773788416,7313.302132684859,2253.0410165180283,5060.261116166831,0.07774402312136512
34615,0.1029592831782566,2216.650007185943,7286.092499361722,2257.669415961923,5028.423083399799,0.07780393773785017
34620,0.10297415523996081,2179.6722326975296,7257.383090126492,2263.275264614731,4994.107825511761,0.0778571182128367
34625,0.10298902730166502,2149.2396894461567,7227.537215075036,2269.6526704375615,4957.884544637474,0.0779190879772506
34630,0.10300389936336925,2125.5757115352644,7196.990892816089,2276.619164652147,4920.371728163942,0.07799524777695135
34635,0.10301877142507346,2108.7113581308126,7166.233649876882,2284.0350698258694,4882.198580051012,0.07806505728435514
34640,0.10303364348677767,2098.5139073271353,7135.785940382408,2291.8208861362937,4843.965054246114,0.07814278468887331
34645,0.10304851554848188,2094.723658599198,7106.174455293505,2299.970490249324,4806.203965044181,0.0782208999480749
34650,0.10306338761018609,2096.9949958890725,7077.906772161267,2308.5579830697434,4769.348789091524,0.07829303886502557
34655,0.1030782596718903,2104.9377744708067,7051.446861561723,2317.7363740412384,4733.710487520485,0.07835940907775368
34660,0.10309313173359451,2118.1556066572175,7027.192905982826,2327.7269645499423,4699.4659414328835,0.07842032722520689
34665,0.10310800379529872,2136.2783657379714,7005.458708557001,2338.7992565531404,4666.659452003861,0.07847621797555394
34670,0.10312287585700293,2158.9870172662363,6986.459694565433,2351.242378798773,4635.21731576666,0.07853565481510931
34675,0.10313774791870714,2186.0295785631806,6970.304170266294,2365.3302578169496,4604.973912449344,0.07860355044993654
34680,0.10315261998041135,2217.227548441487,6956.990137490668,2381.2838934774645,4575.706244013203,0.07866764896126084
34685,0.10316749204211557,2252.4725872025324,6946.407603676412,2399.234942308987,4547.1726613674255,0.07872848048776607
34690,0.10318236410381978,2291.713674561589,6938.346005224979,2419.195192731139,4519.150812493841,0.07881413179599757
34695,0.103197236165524,2334.9355462442463,6932.506098993965,2441.036309837192,4491.469789156772,0.07891114960537951
34700,0.1032121082272282,2382.1299698865123,6928.515485119303,2464.483388971919,4464.032096147384,0.07900608785196905
34705,0.10322698028893242,2433.2623417266486,6925.9468075774075,2489.12444375121,4436.822363826197,0.07909903796729854
34710,0.10324185235063663,2488.237051991235,6924.337632249556,2514.4361247119155,4409.901507537641,0.07918996464503505
34715,0.10325672441234084,2546.86588721523,6923.211014619586,2539.823960773134,4383.387053846453,0.07929521928454537
34720,0.10327159647404505,2608.844170816334,6922.095826303818,2564.6735212431036,4357.422305060714,0.07939895351751969
34725,0.10328646853574926,2673.7391391279584,6920.545997452975,2588.407388619077,4332.138608833898,0.07949940453046946
34730,0.10330134059745347,2740.9940167113477,6918.157940156026,2610.541934574253,4307.616005581773,0.07959616035727571
34735,0.10331621265915768,2809.9493375452334,6914.585541077705,2630.737734186445,4283.84780689126,0.07968876508723044
34740,0.1033310847208619,2879.8804087773333,6909.552249032186,2648.8380571153475,4260.714191916839,0.07977674673287441
34745,0.10334595678256611,2950.0468112972444,6902.859936411531,2664.891150285519,4237.968786126012,0.07985964509101746
34750,0.10336082884427032,3019.7470512310333,6894.394381584051,2679.1537959605917,4215.24058562346,0.07994534465951052
34755,0.10337570090597453,3088.3695924862827,6884.127396280098,2692.0756553286706,4192.051740951427,0.08005890986946154
34760,0.10339057296767874,3155.431134199816,6872.1157938595525,2704.265934658769,4167.849859200784,0.08016915040323587
34765,0.10340544502938295,3220.5945285905486,6858.497541506333,2716.4457000097445,4142.051841496588,0.08028911966259915
34770,0.10342031709108716,3283.662121085016,6843.485540404209,2729.3905256528155,4114.095014751394,0.0804032194538741
34775,0.10343518915279137,3344.544983521877,6827.359515745262,2743.8689642789213,4083.4905514663405,0.08051131390651171
34780,0.10345006121449558,3403.2135199492154,6810.456466340947,2760.5825184572377,4049.8739478837097,0.08061332150490509
34785,0.1034649332761998,3459.6390935666864,6793.160029347908,2780.112386324375,4013.0476430235326,0.08070920885579506
34790,0.103479805337904,3513.7386510349475,6775.888981554982,2802.8773247498016,3973.0116568051803,0.08079898390309301
34795,0.10349467739960823,3565.3342427978127,6759.084958391753,2829.105647286921,3929.9793111048325,0.08088364749170099
34800,0.10350954946131244,3614.1368486592014,6743.199363310711,2858.822820565439,3884.376542745272,0.08097865390373783
34805,0.10352442152301665,3659.759514448761,6728.679397707195,2891.854537062532,3836.8248606446627,0.08106758122185194
34810,0.10353929358472086,3701.7593223174968,6715.95318755343,2927.84372485627,3788.1094626971603,0.0811504999897983
34815,0.10355416564642507,3739.702125424522,6705.414122386146,2966.27888141567,3739.135240970476,0.08126202149255296
34820,0.10356903770812928,3773.239214947012,6697.404740150793,3006.5305055584777,3690.8742345923156,0.08138228358255609
34825,0.10358390976983349,3802.181940327269,6692.200754426213,3047.8922799400393,3644.308474486174,0.08149765438841106
34830,0.1035987818315377,3826.5593416074785,6689.996082291929,3089.623960017767,3600.3721222741624,0.08160810988464184
34835,0.10361365389324191,3846.6453877585127,6690.889940125915,3130.9935059469217,3559.8964341789933,0.08171361068389382
34840,0.10362852595494612,3862.9464556746207,6694.877183076538,3171.3166586525513,3523.560524423987,0.08181409664607388
34845,0.10364339801665033,3876.1458723271044,6701.843035958574,3209.9927252457596,3491.850310712814,0.08192395544051972
34850,0.10365827007835456,3887.009892174885,6711.563181815666,3246.535675288952,3465.027506526714,0.08203067164307562
34855,0.10367314214005877,3896.267193386183,6723.7098449843625,3280.599723980487,3443.1101210038755,0.0821318040796913
34860,0.10368801420176298,3904.480372134225,6737.864057038166,3311.9984567445977,3425.865600293568,0.08222715187208228
34865,0.10370288626346719,3911.9315250695845,6753.5337741450285,3340.716374796271,3412.8173993487576,0.08231648809287939
34870,0.1037177583251714,3918.5437471565797,6770.176981627722,3366.9116861512634,3403.2652954764585,0.08243665381342279
34875,0.10373263038687561,3923.8558785273594,6787.228435461662,3390.9093763043006,3396.3190591573616,0.0825645877560348
34880,0.10374750244857982,3927.059681051363,6804.128303592911,3413.1841324311226,3390.9441711617883,0.08268684880152681
34885,0.10376237451028403,3927.098258654132,6820.350724013152,3434.333522299299,3386.017201713853,0.08280299882092
34890,0.10377724657198824,3922.81395584726,6835.430221867614,3455.042802912288,3380.3874189553258,0.08292022392392699
34895,0.10379211863369245,3913.125238127297,6848.984044231708,3476.0436561591723,3372.940388072536,0.08303799702677878
34900,0.10380699069539666,3897.2067901065443,6860.728785471857,3498.0698255378293,3362.6589599340277,0.08314808246340293
34905,0.10382186275710088,3874.6460824539267,6870.49017584959,3521.8129269515957,3348.677248897994,0.08324986361704784
34910,0.1038367348188051,3845.5528909109053,6878.205550936693,3547.881589978955,3330.3239609577377,0.08334268866055052
34915,0.1038516068805093,3810.6048978752297,6883.919236569687,3576.766611715422,3307.152624854265,0.08342588110045905
34920,0.10386647894221351,3771.021321913053,6887.771772906238,3608.814097500229,3278.957675406009,0.08351406535980992
34925,0.10388135100391772,3728.466116862937,6889.984451307277,3644.207769604527,3245.7766817027496,0.08363037135426737
34930,0.10389622306562193,3684.89137460103,6890.840956896753,3682.960875735953,3207.8800811608,0.08373691976825812
34935,0.10391109512732614,3642.339113162594,6890.667951656857,3724.9175071610794,3165.750444495778,0.08384047333856814
34940,0.10392596718903035,3602.724894224629,6889.816215708175,3769.7626691078776,3120.0535466002975,0.08394100831097052
34945,0.10394083925073457,3567.6292486771026,6888.643566630862,3817.0401157642905,3071.603450866571,0.08403031824985166
34950,0.10395571131243878,3538.1225160750364,6887.500313394421,3866.176726506067,3021.323586888354,0.0841079452204572
34955,0.10397058337414299,3514.645465810536,6886.7175851475595,3916.5120187522402,2970.2055663953192,0.0841735541784729
34960,0.10398545543584721,3496.9622092919394,6886.598579117369,3967.3312471706836,2919.2673319466853,0.08422701137343555
34965,0.10400032749755142,3484.1938926368766,6887.412609371682,4017.900436820233,2869.512172551449,0.08428514398268387
34970,0.10401519955925563,3474.932190759481,6889.391767347013,4067.501664158575,2821.8901031884384,0.08433138319862103
34975,0.10403007162095984,3467.4217000212248,6892.729955974527,4115.46695745072,2777.2629985238073,0.08439715985776641
34980,0.10404494368266405,3459.7911878355835,6897.583970771615,4161.209340234582,2736.374630537033,0.08447507429700572
34985,0.10405981574436826,3450.306647947904,6904.076151405475,4204.249765780697,2699.8263856247777,0.08454354295878869
34990,0.10407468780607247,3437.615424592194,6912.297943272659,4244.238947223733,2668.058996048926,0.08460266468733846
34995,0.10408955986777668,3420.9510530719012,6922.313555300459,4280.973337329242,2641.3402179712166,0.08465255404283652
35000,0.10410443192948089,3400.2729824708717,6934.162850390504,4314.404730445389,2619.758119945115,0.08470081119274082
35005,0.1041193039911851,3376.323326369544,6947.862708368346,4344.643147978663,2603.2195603896826,0.08474819654296814
35010,0.10413417605288931,3350.5929853233124,6963.40636279811,4371.952848228041,2591.4535145700693,0.08478665308132254
35015,0.10414904811459354,3325.200398823363,6980.760590159656,4396.741498179396,2584.01909198026,0.08481607313551706
35020,0.10416392017629775,3302.6963833618647,6999.861048330291,4419.54277683645,2580.318271493841,0.08483629124235652
35025,0.10417879223800196,3285.8168561622006,7020.606440709905,4440.992947820897,2579.613492889008,0.08486000177968264
35030,0.10419366429970617,3277.210947345999,7042.852460232053,4461.802228523183,2581.0502317088703,0.08489986859790792
35035,0.10420853636141038,3279.174606341774,7066.4066131209665,4482.722071171663,2583.684541949304,0.08494013734710205
35040,0.10422340842311459,3293.4191250772337,7091.025035319267,4504.50973528994,2586.5153000293267,0.08497990199340005
35045,0.1042382804848188,3320.90010720169,7116.412313727549,4527.891752404156,2588.520561323393,0.08501378146614524
35050,0.10425315254652301,3361.7256758733574,7142.225131946359,4553.528045692305,2588.6970862540547,0.08503819170536561
35055,0.10426802460822722,3415.153803201467,7168.080291459189,4581.978550520466,2586.1017409387223,0.08505260265074363
35060,0.10428289666993143,3479.678505783118,7193.567321071415,4613.674164732588,2579.893156338827,0.08505650818465664
35065,0.10429776873163564,3553.1944089656163,7218.265486716293,4648.893720091477,2569.371766624816,0.08505744681278689
35070,0.10431264079333986,3633.2200289137477,7241.764568234477,4687.748399415618,2554.016168818859,0.08505006972866486
35075,0.10432751285504407,3717.153191841928,7263.688316665161,4730.174637546504,2533.513679118658,0.08503121753107228
35080,0.10434238491674828,3802.5282647069766,7283.719100013031,4775.936069957014,2507.7830300560163,0.08500057542449786
35085,0.1043572569784525,3887.2449627369874,7301.621948822414,4824.634577756265,2476.9873710661495,0.08495790246725773
35090,0.1043721290401567,3969.74261112904,7317.266076074589,4875.729971719864,2441.5361043547255,0.0849090359480277
35095,0.10438700110186092,4049.1014455098675,7330.641995020911,4928.567397130085,2402.074597890826,0.08486168912675071
35100,0.10440187316356513,4125.062752770298,7341.872589810389,4982.41113788092,2359.461451929469,0.08482544300769104
35105,0.10441674522526934,4197.970756453298,7351.216879161644,5036.483141224068,2314.733737937576,0.08477882092151338
35110,0.10443161728697355,4268.649289157505,7359.065712150777,5090.004252508983,2269.0614596417936,0.08472702915968461
35115,0.10444648934867776,4338.2338140481115,7365.929204687287,5142.235834506102,2223.693370181185,0.08466659520281924
35120,0.10446136141038197,4407.983191453477,7372.4163244212095,5192.519176024557,2179.8971483966525,0.0845960147820531
35125,0.10447623347208619,4479.095472113974,7379.20761877259,5240.309943044331,2138.897675728259,0.08451532914189222
35130,0.1044911055337904,4552.548463183613,7387.0226076994595,5285.205000277106,2101.817607422354,0.08442461595199305
35135,0.10450597759549461,4628.979955016977,7396.58377595606,5326.959339394747,2069.624436561313,0.08432946205060106
35140,0.10452084965719882,4708.615656297805,7408.579347543472,5365.491649665244,2043.087697878228,0.08422751635212783
35145,0.10453572171890303,4791.246311714076,7423.62707384461,5400.878218885553,2022.748854959057,0.08411604488562986
35150,0.10455059378060724,4876.250078439093,7442.241114764165,5433.336202672002,2008.9049120921627,0.08399514020195023
35155,0.10456546584231145,4962.652467701485,7464.803775230574,5463.198599768123,2001.6051754624505,0.08386489251082002
35160,0.10458033790401566,5049.2140460700575,7491.54344463328,5490.884240623733,2000.6592040095475,0.08372538186946084
35165,0.10459520996571987,5134.535386153477,7522.519653032488,5516.866509807277,2005.6531432252114,0.0835766709501275
35170,0.10461008202742408,5217.169098250868,7557.615772663791,5541.6442794320255,2015.9714932317656,0.08341879890044991
35175,0.1046249540891283,5295.729820312601,7596.539593806337,5565.717689691924,2030.821904114413,0.08326779616281502
35180,0.10463982615083252,5368.9945109856535,7638.831789390139,5589.570174361156,2049.261615028983,0.08312495248806473
35185,0.10465469821253673,5435.987045296765,7683.882118876426,5613.656776546696,2070.2253423297298,0.08297409960259272
35190,0.10466957027424094,5496.042752397548,7730.95305676917,5638.397619614919,2092.555437154251,0.08281503768585842
35195,0.10468444233594515,5548.850008825488,7779.210314632616,5664.17460955732,2115.0357050752964,0.08264754496823078
35200,0.10469931439764936,5594.4672493247745,7827.759427485899,5691.329156751281,2136.4302707346187,0.08247138899585746
35205,0.10471418645935357,5633.3148330563,7875.6871957994745,5720.158906466305,2155.5282893331696,0.0822863401456108
35210,0.10472905852105778,5666.142242820217,7922.106343057918,5750.912052590783,2171.194290467135,0.08209218629960252
35215,0.10474393058276199,5693.972249614954,7966.201316938075,5783.778620891648,2182.4226960464275,0.08188874731718475
35220,0.1047588026444662,5718.0250367848075,8007.272788620958,5818.878985544897,2188.393803076061,0.08167588783487868
35225,0.10477367470617041,5739.626835997128,8044.778145448513,5856.250694080405,2188.527451368108,0.08145352702491904
35230,0.10478854676787462,5760.109261063717,8078.365174662951,5895.835329444194,2182.529845218757,0.08122164426239176
35235,0.10480341882957885,5780.70702409616,8107.896240169919,5937.467571458859,2170.42866871106,0.08098028016077322
35240,0.10481829089128306,5802.462811582204,8133.460593902588,5980.868783106371,2152.591810796217,0.08072953306700288
35245,0.10483316295298727,5826.1484982127495,8155.373062928969,6025.647292195272,2129.7257707336976,0.08046955175725776
35250,0.10484803501469148,5852.211336521898,8174.158217680985,6071.307031265095,2102.85118641589,0.0802005256227983
35255,0.10486290707639569,5880.752141342587,8190.520224896474,6117.265342605193,2073.2548822912813,0.07992732359100053
35260,0.1048777791380999,5911.539816162452,8205.29984188258,6162.879623355326,2042.4202185272534,0.07967393026790645
35265,0.10489265119980411,5944.063058550742,8219.421287098527,6207.4812301393795,2011.9400569591471,0.07941258123602705
35270,0.10490752326150832,5977.616111444694,8233.832860282093,6250.413899510628,1983.4189607714652,0.07914339300734474
35275,0.10492239532321253,6011.411471518324,8249.446011015023,6291.073104730292,1958.3729062847315,0.07886648552066852
35280,0.10493726738491674,6044.709015829225,8267.077923566818,6328.942454099977,1938.1354694668407,0.07858198597094702
35285,0.10495213944662095,6076.9484981386895,8287.40251310491,6363.623535224407,1923.7789778805027,0.07829003485296382
35290,0.10496701150832517,6107.871126778511,8310.914005109427,6394.856482856961,1916.0575222524667,0.07799079269274188
35295,0.10498188357002938,6137.616170993384,8337.906063611983,6422.529822531227,1915.3762410807558,0.077684445950645
35300,0.1049967556317336,6166.78032175909,8368.467874747026,6446.6795534783305,1921.7883212686957,0.07737121090376067
35305,0.1050116276934378,6196.43078155016,8402.496852054428,6467.478697267245,1935.0181547871834,0.07705133483429084
35310,0.10502649975514201,6228.06753623853,8439.725902584214,6485.219426385793,1954.5064761984213,0.07697491921933387
35315,0.10504137181684622,6263.535550578545,8479.761676006945,6500.2902899962155,1979.4713860107295,0.07690727109485794
35320,0.10505624387855043,6304.893136104951,8522.129099028172,6513.150997087512,2008.97810194066,0.07678313875935364
35325,0.10507111594025464,6354.247780827155,8566.316930473313,6524.306830080231,2042.0101003930822,0.07674959838504329
35330,0.10508598800195885,6413.574645409509,8611.819160088271,6534.284219553595,2077.534940534676,0.07677721613130736
35335,0.10510086006366307,6484.535225423116,8658.167836889656,6543.608470006702,2114.5593668829533,0.07667005622135158
35340,0.10511573212536728,6568.314102258647,8704.954270212535,6552.784184370941,2152.1700858415934,0.0765458898303262
35345,0.1051306041870715,6665.490250764635,8751.837314321698,6562.278620417634,2189.558693904064,0.07651082461740871
35350,0.10514547624877571,6775.956230131282,8798.539360456678,6572.508004864981,2226.0313555916973,0.07651686695544707
35355,0.10516034831047992,6898.894092054146,8844.83241857528,6583.826692524814,2261.0057260504673,0.07642526731189145
35360,0.10517522037218413,7032.811457886359,8890.517999397502,6596.51895779039,2293.9990416071114,0.07624123118815768
35365,0.10519009243388834,7175.635509756436,8935.405209642042,6610.7931347108615,2324.6120749311804,0.0762445111660874
35370,0.10520496449559255,7324.857219499828,8979.291469812275,6626.7777888097635,2352.5136810025115,0.07624486828080192
35375,0.10521983655729676,7477.713544017068,9021.949598669678,6644.519625208523,2377.429973461155,0.07614341246772698
35380,0.10523470861900097,7631.391907397249,9063.123831210263,6663.982924265637,2399.1409069446263,0.07590935696381343
35385,0.10524958068070518,7783.239214925237,9102.535863852674,6685.050443832877,2417.485420019797,0.0759776589394873
35390,0.10526445274240939,7930.956908256568,9139.900489440484,6707.5259143638,2432.374575076684,0.07598203073292012
35395,0.1052793248041136,8072.764174215952,9174.949013227239,6731.138441314272,2443.810571912966,0.07584271605158865
35400,0.10529419686581783,8207.513450792265,9207.45759635774,6755.549269821085,2451.908326536656,0.07559879018341588
35405,0.10530906892752204,8334.745988223565,9237.277055620176,6780.361408474431,2456.9156471457445,0.07570489581188551
35410,0.10532394098922625,8454.680499749064,9264.360486809761,6805.132509882721,2459.22797692704,0.07571380749124772
35415,0.10533881305093046,8568.134686834863,9288.78533984903,6829.391144815665,2459.3941950333647,0.07557704626127708
35420,0.10535368511263467,8676.387057421603,9310.767174514542,6852.656195932029,2458.110978582513,0.07533937835506388
35425,0.10536855717433888,8780.993980916946,9330.663157993857,6874.458586614596,2456.2045713792604,0.07542535662384925
35430,0.10538342923604309,8883.583103575336,9348.964318576165,6894.364035502891,2454.600283073274,0.07541501942501126
35435,0.1053983012977473,8985.647875992287,9366.276549994687,6911.9950954207325,2454.2814545739548,0.07528196916711849
35440,0.10541317335945151,9088.368161169159,9383.291301526431,6927.050505688935,2456.240795837496,0.07502268891270199
35445,0.10542804542115572,9192.478441407546,9400.747746045734,6939.319944194402,2461.4278018513323,0.07509007501088984
35450,0.10544291748285993,9298.198481634605,9419.388957519595,6948.692645756828,2470.6963117627674,0.07505816668212352
35455,0.10545778954456415,9405.232514823703,9439.91521097083,6955.159024162066,2484.756186808764,0.07493154096275599
35460,0.10547266160626836,9512.833541779528,9462.937889165023,6958.805293703736,2504.1325954612867,0.07468077191383403
35465,0.10548753366797257,9619.9206830326,9488.937582320528,6959.801975940005,2529.1356063805233,0.0746821184979037
35470,0.10550240572967678,9725.230962743899,9518.229752437237,6958.387925536122,2559.8418269011154,0.07462365391413249
35475,0.105517277791381,9827.483326202368,9550.940787147869,6954.851971541082,2596.0888156067867,0.07450733850735249
35480,0.1055321498530852,9925.53249329705,9586.99642164812,6949.514371166689,2637.4820504814315,0.07425840906068602
35485,0.10554702191478942,10018.493300851462,9626.123443871627,6942.710021160843,2683.4134227107843,0.07420423984158726
35490,0.10556189397649363,10105.821830340092,9667.864439666453,6934.77485157888,2733.0895880875732,0.07412270299012162
35495,0.10557676603819784,10187.346777932305,9711.604221865598,6926.036165899183,2785.568055966415,0.07401321396936626
35500,0.10559163809990205,10263.25193229098,9756.60565344347,6916.80702097099,2839.7986324724798,0.07376442882023794
35505,0.10560651016160626,10334.017091145171,9802.05192446785,6907.384161405956,2894.667763061895,0.07366413810686459
35510,0.10562138222331048,10400.329353628471,9847.092033587689,6898.048591566876,2949.043442020813,0.07358455541465211
35515,0.10563625428501469,10462.978923891333,9890.886264033019,6889.06759846616,3001.8186655668587,0.07346559280207052
35520,0.1056511263467189,10522.753245323296,9932.64878918646,6880.696920890237,3051.9518682962225,0.07324722871552344
35525,0.10566599840842311,10580.340870754271,9971.685112619072,6873.181781220979,3098.503331398093,0.07307367614932178
35530,0.10568087047012732,10636.252881514389,10007.42273644434,6866.755655606257,3140.6670808380823,0.07300587558021113
35535,0.10569574253183153,10690.766045819215,10039.434147696078,6861.635966585878,3177.7981811102,0.07287686793293081
35540,0.10571061459353574,10743.88915885038,10067.4518159236,6858.016349594932,3209.4354663286676,0.07269718622284482
35545,0.10572548665523995,10795.352412773635,10091.375339303593,6856.055755366935,3235.319583936658,0.07247184227354309
35550,0.10574035871694416,10844.618858143167,10111.271140918505,6855.865341324625,3255.40579959388,0.0724061990893334
35555,0.10575523077864837,10890.916431818938,10127.365230824158,6857.494758553674,3269.8704722704842,0.07225816314705343
35560,0.10577010284035258,10933.288219170277,10140.02958091124,6860.919900082843,3279.1096808283964,0.0723517865113544
35565,0.10578497490205681,10970.657569514808,10149.762690097865,6866.034285993006,3283.728404104859,0.0724831860942059
35570,0.10579984696376102,11001.903676647904,10157.165012897707,6872.6459231665585,3284.5190897311486,0.07258439543591773
35575,0.10581471902546523,11025.942593003974,10162.910111300438,6880.480700074137,3282.4294112263015,0.0726548872234399
35580,0.10582959108716944,11041.808510138126,10167.712647246208,6889.192296151204,3278.520351095004,0.07269423137592748
35585,0.10584446314887365,11048.73042543993,10172.294603503284,6898.377447912182,3273.9171555911016,0.07270210582860755
35590,0.10585933521057786,11046.199809249412,10177.351335612384,6907.594517458856,3269.756818153528,0.07267831778064647
35595,0.10587420727228207,11034.025385865638,10183.519162607801,6916.382913945704,3267.1362486620974,0.07262808474920168
35600,0.10588907933398628,11012.371563917834,10191.346176721772,6924.281158147002,3267.06501857477,0.07272632116618594
35605,0.10590395139569049,10981.777469615672,10201.267800645903,6930.842201495249,3270.4255991506534,0.0727892841940865
35610,0.1059188234573947,10943.15413763811,10213.588371141195,6935.645772827102,3277.9425983140936,0.0728163584089399
35615,0.10593369551909891,10897.75840045898,10228.469705455385,6938.308665645501,3290.1610398098846,0.07280718273064292
35620,0.10594856758080314,10847.143478507498,10245.927226504702,6938.494625836378,3307.432600668324,0.07276169524903789
35625,0.10596343964250735,10793.088123595047,10265.833788586582,6935.925602072065,3329.908186514517,0.07292437500495373
35630,0.10597831170421156,10737.508168013988,10287.93086429554,6930.3955306597845,3357.5353336357557,0.07322238895135409
35635,0.10599318376591577,10682.35618828917,10311.84624844508,6921.786715519727,3390.059532925352,0.07350941775731412
35640,0.10600805582761998,10629.516431663582,10337.116953586054,6910.087561961428,3427.0293916246255,0.07378485823112423
35645,0.10602292788932419,10580.702946476335,10363.215581929113,6895.409303573603,3467.8062783555097,0.0740718847368022
35650,0.1060377999510284,10537.368842323649,10389.578232412157,6877.998724250751,3511.579508161406,0.07436965092260989
35655,0.10605267201273261,10500.633744873985,10415.631993878615,6858.2438693628255,3557.388124515789,0.07465442186914885
35660,0.10606754407443682,10471.234947175026,10440.82030134649,6836.670338478538,3604.149962867952,0.07492577222481545
35665,0.10608241613614103,10449.505790167625,10464.624856839022,6813.926801176429,3650.698055662593,0.0751837605316724
35670,0.10609728819784524,10435.382752418103,10486.583356538122,6790.759655713246,3695.823700824876,0.07542878771686329
35675,0.10611216025954946,10428.440793224323,10506.302812133856,6767.978038077746,3738.32477405611,0.07566138536732776
35680,0.10612703232125367,10427.954685414576,10523.46869996518,6746.411512903959,3777.057187061221,0.07588198744832747
35685,0.10614190438295788,10432.98226363818,10537.850445368564,6726.863622092186,3810.9868232763774,0.07609074036138593
35690,0.1061567764446621,10442.463577217419,10549.303834522596,6710.064962351684,3839.238872170912,0.07628739421030019
35695,0.1061716485063663,10455.32793393365,10557.770879364769,6696.629570793085,3861.141308571684,0.07648708299985944
35700,0.10618652056807051,10470.59910045349,10563.277515743956,6687.018106517676,3876.25940922628,0.07677286838860468
35705,0.10620139262977472,10487.488047160448,10565.929369475201,6681.510649852549,3884.418719622652,0.07705919743093442
35710,0.10621626469147893,10505.463113936547,10565.905735267243,6680.1909733407565,3885.714761926486,0.07733596110416921
35715,0.10623113675318314,10524.289533047726,10563.451897522496,6682.943000118825,3880.5088974036717,0.07760355596287334
35720,0.10624600881488735,10544.033631187289,10558.869961436227,6689.45902855013,3869.410932886097,0.07786213228632478
35725,0.10626088087659157,10565.031147013311,10552.50841912487,6699.258343098384,3853.2500760264857,0.07811144995265226
35730,0.10627575293829579,10587.823223754,10544.750710989585,6711.714180474025,3833.03653051556,0.07835083941704728
35735,0.106290625,10613.067152097587,10536.003036931195,6726.086725325602,3809.9163116055934,0.07857927370298445
35740,0.10630549706170421,10641.43145970142,10526.681629328812,6741.559834051108,3785.121795277704,0.07879552722980691
35745,0.10632036912340842,10673.486328495994,10517.199643760408,6757.279433280674,3759.920210479734,0.07899837506410513
35750,0.10633524118511263,10709.600612091854,10507.953786646473,6772.391897745267,3735.5618889012057,0.07920681540519768
35755,0.10635011324681684,10749.856049779728,10499.310808493554,6786.081081810278,3713.2297266832757,0.07942144618841161
35760,0.10636498530852105,10793.987751021035,10491.594059088968,6797.602990154307,3693.9910689346607,0.0796219027906954
35765,0.10637985737022526,10841.35772357622,10485.070420344238,6806.317282530343,3678.7531378138956,0.0798068405685669
35770,0.10639472943192947,10890.965175217996,10479.938082759776,6811.714890636313,3668.2231921234634,0.07997502326837641
35775,0.10640960149363368,10941.49361388196,10476.315784429287,6813.440976888525,3662.874807540762,0.08012542941397116
35780,0.10642447355533789,10991.390638382982,10474.234258046648,6811.312312373878,3662.9219456727706,0.08033132338661961
35785,0.10643934561704212,11038.972223528843,10473.630704074065,6805.327966044156,3668.302738029909,0.0806051095520901
35790,0.10645421767874633,11082.539952258881,10474.34710252114,6795.672091198564,3678.675011322576,0.08086570836262269
35795,0.10646908974045054,11120.497789470377,10476.13307006025,6782.707692522733,3693.4253775375173,0.08111220991650571
35800,0.10648396180215475,11151.455185855184,10478.653747845,6766.960647291766,3711.693100553235,0.08134377334636865
35805,0.10649883386385896,11174.30565970625,10481.502864629234,6749.0939505243305,3732.4089141049035,0.08159029479909517
35810,0.10651370592556317,11188.274094407394,10484.220676605197,6729.873071736242,3754.3476048689545,0.08183712772692774
35815,0.10652857798726738,11192.930914542654,10486.315984786595,6710.124287655193,3776.191697131402,0.08206497909605313
35820,0.10654345004897159,11188.175967713678,10487.290944615355,6690.688700458593,3796.602244156762,0.08227291848716872
35825,0.1065583221106758,11174.198372265237,10486.666996865753,6672.375207448445,3814.291789417309,0.08246006206749698
35830,0.10657319417238001,11151.420229174648,10484.010042103395,6655.915872817452,3828.0941692859433,0.08262547434424024
35835,0.10658806623408422,11120.43191663839,10478.953001097872,6641.926962485779,3837.0260386120935,0.0827844708571007
35840,0.10660293829578844,11081.92516097924,10471.214154691235,6630.878392211818,3840.335762479417,0.08295703957049569
35845,0.10661781035749265,11036.627981753032,10460.610096782388,6623.0735840154275,3837.53651276696,0.083104728374102
35850,0.10663268241919686,10985.243758357683,10447.062686113777,6618.640805618883,3828.421880494894,0.08322678901753026
35855,0.10664755448090107,10928.395663393334,10430.599953278872,6617.53606080292,3813.0638924759523,0.08332239820834676
35860,0.10666242654260528,10866.577764701704,10411.351422635347,6619.556592146729,3791.7948304886186,0.08343234388036048
35865,0.1066772986043095,10800.114977653018,10389.538684469257,6624.363154337905,3765.1755301313515,0.08353653804713371
35870,0.1066921706660137,10729.135166592312,10365.462275310314,6631.508529734055,3733.9537455762593,0.0836540346155155
35875,0.10670704272771792,10653.557334822519,10339.485998901173,6640.469389820836,3699.016609080337,0.08388601092470475
35880,0.10672191478942213,10573.099420110833,10312.019771808667,6650.678611794638,3661.34116001403,0.08409495489906114
35885,0.10673678685112634,10487.307487884356,10283.501939389307,6661.555518854007,3621.9464205353006,0.08427930372336999
35890,0.10675165891283055,10395.605307497815,10254.381815661935,6672.532128500798,3581.849687161137,0.08443759943214224
35895,0.10676653097453477,10297.360054329863,10225.102990125773,6683.074220727283,3542.02876939849,0.08459683674638982
35900,0.10678140303623898,10191.957076466511,10196.087749453936,6692.696735292736,3503.3910141612005,0.08477979659688217
35905,0.10679627509794319,10078.875087884388,10167.722811409363,6700.973577773722,3466.749233635641,0.08493423193160617
35910,0.1068111471596474,9957.753206173966,10140.346483427622,6707.542325157237,3432.8041582703845,0.08505880783199139
35915,0.10682601922135161,9828.4428327911,10114.237347853688,6712.104596030373,3402.1327518233156,0.0851524114385537
35920,0.10684089128305582,9691.039946759707,10089.604632288785,6714.423038483909,3375.181593804876,0.0852963048747586
35925,0.10685576334476003,9545.89624817028,10066.580521534968,6714.316035506861,3352.264486028107,0.08541545290849249
35930,0.10687063540646424,9393.610146951738,10045.214768263246,6711.651344438881,3333.5634238243647,0.08550099253696146
35935,0.10688550746816845,9235.000511840533,10025.472020762978,6706.339944216186,3319.1320765467917,0.08555211466530094
35940,0.10690037952987266,9071.067305898128,10007.232275319873,6698.331306987087,3308.900968332786,0.08566489935140956
35945,0.10691525159157687,8902.943810590823,9990.294764292195,6687.611091480631,3302.683672811564,0.0857457596065175
35950,0.1069301236532811,8731.845151801987,9974.38541663603,6674.20186106213,3300.183555573901,0.08578981880336037
35955,0.10694499571498531,8559.017317173879,9959.167801355357,6658.166891717309,3301.000909638048,0.0858254725792299
35960,0.10695986777668952,8385.689856043813,9944.257222460434,6639.616525350234,3304.6406971101997,0.08590755386713558
35965,0.10697473983839373,8213.034169154944,9929.23741325249,6618.715937807281,3310.521475445208,0.08595078690032021
35970,0.10698961190009794,8042.128037695407,9913.67910565692,6595.692730945564,3317.986374711356,0.08595495030366063
35975,0.10700448396180215,7873.926124653508,9897.159639241943,6570.842509679859,3326.317129562084,0.0860040165079436
35980,0.10701935602350636,7709.235787952898,9879.282722070775,6544.530618659884,3334.7521034108913,0.08611917746549876
35985,0.10703422808521057,7548.697674602728,9859.697450162763,6517.188497349367,3342.508952813396,0.0862287969909014
35990,0.10704910014691478,7392.771087605547,9838.115720451806,6489.30363933019,3348.812081121616,0.08630496254034217
35995,0.10706397220861899,7241.724844257344,9814.327222875108,6461.402858036722,3352.9243648383863,0.0863475844090505
36000,0.1070788442703232,7095.635071669662,9788.211265028782,6434.029389989751,3354.181875039031,0.08644389163326467
36005,0.10709371633202742,6954.391906434601,9759.744768675546,6407.715208401604,3352.0295602739416,0.08652693832340996
36010,0.10710858839373164,6817.717184193999,9729.005888326892,6382.950659116558,3346.055229210334,0.08657516427778943
36015,0.10712346045543585,6685.194759564593,9696.172848664826,6360.154051121535,3336.018797543291,0.08658884607473476
36020,0.10713833251714006,6556.313991455494,9661.517788800053,6339.644037518271,3321.8737512817816,0.08666059422517593
36025,0.10715320457884427,6430.525184830655,9625.395640632953,6321.617449697743,3303.7781909352098,0.08672075684624245
36030,0.10716807664054848,6307.303595489713,9588.228350625872,6306.134696377468,3282.093654248404,0.08674539302151453
36035,0.10718294870225269,6186.216372959058,9550.485064293725,6293.113986205988,3257.3710780877373,0.08673512782260231
36040,0.1071978207639569,6066.9850578421465,9512.659206295206,6282.334628697654,3230.324577597552,0.08679248498161135
36045,0.10721269282566111,5949.5354598022495,9475.243673520958,6273.448705191303,3201.7949683296547,0.08683413127491253
36050,0.10722756488736532,5834.02723636562,9438.705576365637,6265.999655877483,3172.7059204881543,0.08684000488310052
36055,0.10724243694906953,5720.857310613943,9403.462077776441,6259.445910600693,3144.016167175748,0.08681103037116787
36060,0.10725730901077375,5610.634158419748,9369.858862008601,6253.187619222765,3116.6712427858365,0.08684557442666466
36065,0.10727218107247796,5504.12348967084,9338.152602134061,6246.594746562976,3091.5578555710854,0.08687300152006458
36070,0.10728705313418217,5402.169373252494,9308.498495577513,6239.035167373335,3069.4633282041777,0.08686482611775781
36075,0.10730192519588638,5305.59790803354,9280.94353280564,6229.901794695806,3051.041738109835,0.08682216457702853
36080,0.1073167972575906,5215.112800116104,9255.425709558936,6218.638091795749,3036.787617763188,0.08682511580146018
36085,0.1073316693192948,5131.19354099074,9231.778952749695,6204.761492947802,3027.017459801893,0.0868432125395143
36090,0.10734654138099901,5054.007251787181,9209.743166147824,6187.884278969287,3021.858887178537,0.08682616630880903
36095,0.10736141344270322,4983.344598846921,9188.978557063847,6167.7313429243995,3021.2472141394474,0.08677511726235924
36100,0.10737628550440743,4918.588371757128,9169.08329197645,6144.15409116129,3024.9292008151606,0.086719971305823
36105,0.10739115756611164,4858.72027125742,9149.613526681987,6117.139532223223,3032.4739944587645,0.08673455701549972
36110,0.10740602962781585,4802.367325685654,9130.104918138582,6086.813507364375,3043.291410774207,0.08671460626951276
36115,0.10742090168952008,4747.88462986216,9110.094794532222,6053.437103404204,3056.657691128018,0.08666116060485606
36120,0.10743577375122429,4693.466575954422,9089.144192214844,6017.39561756914,3071.748574645704,0.08657540931596434
36125,0.1074506458129285,4637.275307919002,9066.85894571225,5979.180010374016,3087.6789353382346,0.08654680251223612
36130,0.10746551787463271,4577.573442233732,9042.908955500097,5939.36151517987,3103.547440320227,0.08653060027854778
36135,0.10748038993633692,4512.848347183621,9017.044699220703,5898.560846218655,3118.483853002049,0.08648133302928197
36140,0.10749526199804113,4441.917127252847,8989.1100472693,5857.4141109123875,3131.695936356912,0.08639996795371024
36145,0.10751013405974534,4364.004234885165,8959.050537490975,5816.53795546606,3142.512582024915,0.08628762406580297
36150,0.10752500612144955,4278.78660133908,8926.916477095618,5776.496581354784,3150.4198957408335,0.08627066361736935
36155,0.10753987818315376,4186.4038433624655,8892.860561709926,5737.773067835983,3155.0874938739425,0.08623281126863425
36160,0.10755475024485797,4087.4333168916,8857.130089283724,5700.746987955593,3156.3831013281315,0.08616282054743893
36165,0.10756962230656218,3982.8316966008756,8820.054238551502,5665.679705037565,3154.3745335139365,0.0860615678448282
36170,0.1075844943682664,3873.846619723998,8782.027215613849,5632.708066489469,3149.3191491243797,0.08593015369266695
36175,0.10759936642997062,3761.903932160227,8743.48830482871,5601.846529090065,3141.6417757386453,0.08590829049738323
36180,0.10761423849167483,3648.4782221039054,8704.89997926705,5572.99709005927,3131.9028892077795,0.08585681943462306
36185,0.10762911055337904,3534.9564296646145,8666.725250524489,5545.96579023832,3120.759460286169,0.0857735886799115
36190,0.10764398261508325,3422.5060389068467,8629.405406441569,5520.484038101926,3108.921368339643,0.08565947189504144
36195,0.10765885467678746,3311.9602792618202,8593.33923728102,5496.232629956827,3097.1066073241927,0.0855156566655632
36200,0.10767372673849167,3203.7324949750423,8558.8648053568,5472.866171691258,3085.998633665541,0.08547301021517952
36205,0.10768859880019588,3097.7701040147904,8526.244757876526,5450.035682579154,3076.209075297372,0.08541471711966572
36210,0.10770347086190009,2993.5552827277047,8495.656078533335,5427.407483381125,3068.2485951522103,0.08532459275111327
36215,0.1077183429236043,2890.1548722943635,8467.184972405963,5404.676993651697,3062.5079787542663,0.08520361617112972
36220,0.10773321498530851,2786.3165046610293,8440.827250234357,5381.57670793641,3059.2505422979475,0.08505318273236748
36225,0.10774808704701273,2680.6023500037,8416.494128493232,5357.8783012806325,3058.6158272125995,0.08498827041545612
36230,0.10776295910871694,2571.5470851152095,8394.022841465758,5333.389458754443,3060.633382711315,0.0849290280526586
36235,0.10777783117042115,2457.823481165663,8373.190957168461,5307.946579222514,3065.2443779459472,0.08483765136544114
36240,0.10779270323212536,2338.39792243885,8353.732901555113,5281.4049309957245,3072.3279705593886,0.08471536414710698
36245,0.10780757529382957,2212.6592884850784,8335.357012293174,5253.628099768488,3081.728912524686,0.0845638988129054
36250,0.10782244735553378,2080.507662605094,8317.761511515093,5224.478630041615,3093.2828814734776,0.08447909238179632
36255,0.107837319417238,1942.3937299192294,8300.648097697525,5193.811589798344,3106.836507899181,0.0844062165049323
36260,0.1078521914789422,1799.3048986855765,8283.732348262429,5161.472377655468,3122.2599706069605,0.08432032565839878
36265,0.10786706354064642,1652.69957450219,8266.750699780723,5127.29947516456,3139.451224616163,0.0842064715945171
36270,0.10788193560235063,1504.3961658442258,8249.464326144265,5091.132104408773,3158.3322217354926,0.0841564806925901
36275,0.10789680766405484,1356.427860050664,8231.660675565352,5052.822000353238,3178.838675212114,0.08407677575921613
36280,0.10791167972575906,1210.8775541633631,8213.153693542848,5012.247879548679,3200.90581399417,0.0839692435387002
36285,0.10792655178746327,1069.709192813677,8193.783825095064,4969.330792713255,3224.45303238181,0.08383624447315906
36290,0.10794142384916748,934.6119539697102,8173.418762882099,4924.048448972669,3249.3703139094305,0.08379282623993711
36295,0.10795629591087169,806.8722533838509,8151.955622286339,4876.446787901965,3275.5088343843745,0.08374120572408539
36300,0.1079711679725759,687.2856317304004,8129.3248317825055,4826.647482878208,3302.677348904297,0.08366018533331153
36305,0.10798604003428011,576.1165803171298,8105.4955889918365,4774.850578656037,3330.6450103357993,0.08355229567064858
36310,0.10800091209598432,473.1096209915786,8080.482314687174,4721.331989043106,3359.1503256440683,0.08342050678466043
36315,0.10801578415768853,377.54986983736035,8054.351199634467,4666.436031194888,3387.9151684395792,0.08338949834521937
36320,0.10803065621939274,288.366322224927,8027.225731001886,4610.563525251567,3416.662205750319,0.08334035017096852
36325,0.10804552828109695,204.2667193978923,7999.290034700352,4554.156257979518,3445.1337767208342,0.08326267340683277
36330,0.10806040034280116,123.88965491586168,7970.788982288902,4497.678827792561,3473.1101544963412,0.08315950933843413
36335,0.10807527240450539,45.95803340814928,7942.024268452264,4441.599069865387,3500.425198586877,0.08304729727693516
36340,0.1080901444662096,-30.581645418051266,7913.346032310209,4386.368380891176,3526.9776514190335,0.08303429004447441
36345,0.10810501652791381,-106.44752673092535,7885.14002614721,4332.403268675044,3552.7367574721657,0.08299045608704349
36350,0.10811988858961802,-181.94794938622363,7857.810776952637,4280.069284324794,3577.7414926278425,0.0829187408969206
36355,0.10813476065132223,-256.94979361935475,7831.761590328332,4229.66813292613,3602.093457402202,0.08282247314754541
36360,0.10814963271302644,-330.89077694371554,7807.3725737960995,4181.428247797165,3625.944325998935,0.08274475338680141
36365,0.10816450477473065,-402.83297865509667,7784.978083194562,4135.498569650771,3649.4795135437907,0.0826940236186908
36370,0.10817937683643486,-471.5517172985983,7764.845112381627,4091.9448506522563,3672.9002617293704,0.08265364584364984
36375,0.10819424889813907,-535.6514489164492,7747.1541542023915,4050.7476431364516,3696.40651106594,0.08258965424991715
36380,0.10820912095984328,-593.6984657559906,7731.9839648988855,4011.801296438078,3720.1826684608072,0.08253703060125617
36385,0.10822399302154749,-644.358785914731,7719.301469993274,3974.9137271254003,3744.3877428678734,0.08245895460207325
36390,0.10823886508325171,-686.5288474609388,7708.95776149115,3939.807303233524,3769.1504582576263,0.08235863342723823
36395,0.10825373714495592,-719.4467441441857,7700.690762108421,3906.1216995446957,3794.5690625637253,0.08231485623485632
36400,0.10826860920666014,-742.7730832460929,7694.134689702145,3873.419867261646,3820.714822440499,0.0822790120454973
36405,0.10828348126836435,-756.633258255798,7688.835976475658,3841.1982236314147,3847.637752844243,0.08221718602188528
36410,0.10829835333006856,-761.6168427237981,7684.274828804271,3808.9018100539965,3875.3730187502747,0.08213284906514993
36415,0.10831322539177277,-758.7344391871493,7679.891207146626,3775.94457784298,3903.9466293036458,0.0820296183367279
36420,0.10832809745347698,-749.3369875421486,7675.113707956025,3741.734267741085,3933.3794402149397,0.08200956399417977
36425,0.10834296951518119,-735.0065900723157,7669.389668686156,3705.700680899899,3963.6889877862573,0.08196743913772021
36430,0.1083578415768854,-717.4308460296606,7662.214795011684,3667.3255961121886,3994.8891988994956,0.08190293874616587
36435,0.10837271363858961,-698.2742128772852,7653.160703457391,3626.1722362596815,4026.9884671977093,0.0818197042497551
36440,0.10838758570029382,-679.0598918851847,7641.898944181952,3581.912062632826,4059.9868815491263,0.08172404817747196
36445,0.10840245776199804,-661.0741503400768,7628.220277590126,3534.346794253311,4093.873483336815,0.08170759632976962
36450,0.10841732982370225,-645.3019331441783,7612.048196506768,3483.423906241286,4128.624290265482,0.08166845806907061
36455,0.10843220188540646,-632.3983706402305,7593.445904743293,3429.2444259910353,4164.201478752258,0.08161000320754401
36460,0.10844707394711067,-622.6959203983306,7572.616195030779,3372.062552721864,4200.553642308914,0.08153560193895351
36465,0.10846194600881488,-616.242207663011,7549.893938637249,3312.277374018376,4237.616564618873,0.08144852524199278
36470,0.1084768180705191,-612.8600508599757,7525.7312300799085,3250.417621584508,4275.3136084954,0.08139031040671575
36475,0.1084916901322233,-612.2193737309099,7500.675635669072,3187.1208863815637,4313.5547492875085,0.08135853875574169
36480,0.10850656219392751,-613.910960404417,7475.342465309719,3123.108931396383,4352.233533913336,0.08130861944264321
36485,0.10852143425563172,-617.5140056666069,7450.382488337236,3059.160692125594,4391.221796211643,0.08124362888934664
36490,0.10853630631733593,-622.6524178316804,7426.446987303214,2996.0842970850927,4430.362690218121,0.08116656535656051
36495,0.10855117837904014,-629.0379465106398,7404.152413655996,2934.6890722089665,4469.463341447029,0.08108027202982149
36500,0.10856605044074437,-636.5006627890343,7384.047099248333,2875.7581243398363,4508.288974908497,0.08102303756322221
36505,0.10858092250244858,-645.0086854615283,7366.5824259309475,2820.0218230963937,4546.560602834554,0.08097603089087851
36510,0.10859579456415279,-654.6792878877113,7352.090533469621,2768.1323757097307,4583.95815775989,0.0809145214988133
36515,0.108610666625857,-665.7829002719654,7340.770071389203,2720.6397357666506,4620.130335622553,0.08084163207869498
36520,0.10862553868756121,-678.7404500142702,7332.680740980366,2677.9692892979856,4654.71145168238,0.08076031405270326
36525,0.10864041074926542,-694.1133728006998,7327.74653856099,2640.402075354802,4687.344463206188,0.08072253379912696
36530,0.10865528281096963,-712.5848355238122,7325.766827962122,2608.05865049261,4717.7081774695125,0.08067414442709293
36535,0.10867015487267384,-734.930518947478,7326.43375656869,2580.8880009084783,4745.545755660212,0.0806127716737508
36540,0.10868502693437805,-761.977899985518,7329.354164793054,2558.663034268982,4770.691130524072,0.08054156334692128
36545,0.10869989899608226,-794.5543890630242,7334.074047911698,2540.9840520358935,4793.089995875804,0.08046338226764234
36550,0.10871477105778647,-833.4267388826929,7340.103777823846,2527.291166473152,4812.812611350694,0.08040584171098114
36555,0.1087296431194907,-879.2364222104661,7346.942601156991,2516.885913043395,4830.0566881135965,0.08035758438272866
36560,0.1087445151811949,-932.4375816725869,7354.101299954491,2508.9614253138507,4845.13987464064,0.08029776070941608
36565,0.10875938724289912,-993.2450917899714,7361.122243067699,2502.639645851503,4858.482597216196,0.0802292849787057
36570,0.10877425930460333,-1061.5998671642674,7367.5963170948535,2497.0133102846607,4870.583006810193,0.08015475943696884
36575,0.10878913136630754,-1137.156785135904,7373.1763975865915,2491.189988521544,4881.986409065048,0.08007641831259872
36580,0.10880400342801175,-1219.2978034926864,7377.587134151156,2484.3353488196653,4893.25178533149,0.0799960914570895
36585,0.10881887548971596,-1307.1695928925283,7380.630923877496,2475.7130003219986,4904.917923555497,0.07991518699652889
36590,0.10883374755142017,-1399.7418447233995,7382.190076126873,2464.7186840726777,4917.471392054194,0.07983469181280373
36595,0.10884861961312438,-1495.879831132369,7382.225344926157,2450.9071168506384,4931.318228075519,0.07975518831698088
36600,0.10886349167482859,-1594.4231209293766,7380.771211228411,2434.010356495645,4946.760854732765,0.07967908134866705
36605,0.1088783637365328,-1694.2618013748015,7377.928502217179,2413.9470987432046,4963.981403473974,0.079606258600218
36610,0.10889323579823702,-1794.4021916303336,7373.855095339864,2390.822820968521,4983.032274371344,0.07953406504518203
36615,0.10890810785994123,-1894.0157427741788,7368.755532317602,2364.921169374123,5003.8343629434785,0.0794634535777255
36620,0.10892297992164544,-1992.4672710855857,7362.870340033098,2336.6874534683316,5026.182886564766,0.07939493780530212
36625,0.10893785198334965,-2089.321375851091,7356.465719443754,2306.705550093723,5049.760169350031,0.07932862323941528
36630,0.10895272404505386,-2184.328348287716,7349.8240417522165,2275.669879154336,5074.154162597881,0.07926425711480398
36635,0.10896759610675807,-2277.392735298199,7343.235324471307,2244.354323738946,5098.881000732361,0.07920129331865115
36640,0.10898246816846228,-2368.5288753317523,7336.989603795324,2213.579967382884,5123.40963641244,0.07913896768156457
36645,0.1089973402301665,-2457.808278697504,7331.369930839662,2184.1832931270274,5147.186637712634,0.07907637810196251
36650,0.1090122122918707,-2545.3038789707875,7326.645641696208,2156.9860774649587,5169.6595642312495,0.07901256377555209
36655,0.10902708435357492,-2631.0360977555265,7323.065601541977,2132.7677173735933,5190.2978841683835,0.07894657820627082
36660,0.10904195641527913,-2714.9254017170374,7320.8512840075,2112.240275702339,5208.611008305161,0.07887755160344266
36665,0.10905682847698335,-2796.7555544043653,7320.189770945443,2096.0262283014727,5224.163542643971,0.07883182901688937
36670,0.10907170053868756,-2876.151008976355,7321.226980323679,2084.6388025331776,5236.5881777905015,0.07879341918557577
36675,0.10908657260039177,-2952.570818634882,7324.061588874992,2078.4649007524404,5245.596688122551,0.07875024127968214
36680,0.10910144466209598,-3025.320101069606,7328.740169674667,2077.750835391605,5250.989334283062,0.0787012981059972
36685,0.10911631672380019,-3093.5785959105283,7335.254004283424,2082.5913670076875,5252.662637275736,0.07864940954369501
36690,0.1091311887855044,-3156.44435400263,7343.537880960116,2092.9227418513433,5250.615139108773,0.07863100360094209
36695,0.10914606084720861,-3212.989239514258,7353.471006610518,2108.52051220807,5244.950494402448,0.07860762586534976
36700,0.10916093290891282,-3262.321815249169,7364.879998912392,2129.0028715768,5235.877127335592,0.0785781502258062
36705,0.10917580497061703,-3303.6523821827004,7377.543829609433,2153.840057881664,5223.703771727769,0.07854170689905327
36710,0.10919067703232124,-3336.354510445727,7391.200572302634,2182.370093798792,5208.830478503842,0.0785164460753854
36715,0.10920554909402545,-3360.0174114332476,7405.555845385811,2213.820766328802,5191.735079057009,0.07850603022450534
36720,0.10922042115572968,-3374.484066403657,7420.292884817619,2247.337321392185,5172.955563425434,0.07848961269798556
36725,0.10923529321743389,-3379.8712266330745,7435.084177794528,2282.0148985039727,5153.069279290556,0.0784663407823399
36730,0.1092501652791381,-3376.569200569411,7449.604498410718,2316.9343110440973,5132.670187366621,0.07843559708080165
36735,0.10926503734084231,-3365.2215360457826,7463.545003343048,2351.1994599059776,5112.34554343707,0.07839702412897791
36740,0.10927990940254652,-3346.686930231439,7476.627800045879,2383.9745163230705,5092.653283722808,0.0783505310384252
36745,0.10929478146425073,-3321.9875631890986,7488.620151966826,2414.5190527057957,5074.10109926103,0.0783049164489981
36750,0.10930965352595494,-3292.249276629923,7499.347306378448,2442.219515859853,5057.127790518594,0.07828664827573238
36755,0.10932452558765915,-3258.63954111923,7508.702882426219,2466.6157551595243,5042.087127266695,0.07826125483566122
36760,0.10933939764936336,-3222.309082663289,7516.65587306912,2487.4216485581137,5029.234224511007,0.07822843961267617
36765,0.10935426971106757,-3184.34252998658,7523.253589543217,2504.5391368160695,5018.714452727147,0.07818813612176906
36770,0.10936914177277178,-3145.7225614907265,7528.620267045557,2518.0651513642238,5010.555115681333,0.07814050363732242
36775,0.109384013834476,-3107.3107084197213,7532.951483717616,2528.29102901671,5004.660454700906,0.07808590855343119
36780,0.10939888589618021,-3069.8461027107055,7536.504939450798,2535.6941123382167,5000.810827112581,0.07802489416908122
36785,0.10941375795788442,-3033.961070648439,7539.588424666156,2540.9214109781155,4998.66701368804,0.07797351228714755
36790,0.10942863001958864,-3000.209857481475,7542.545938692629,2544.765493508106,4997.780445184522,0.07794208140611583
36795,0.10944350208129285,-2969.1044649055425,7545.742888804308,2548.1331914233547,4997.609697380953,0.07790377335356234
36800,0.10945837414299706,-2941.1502161941835,7549.551149423302,2552.0081803089693,4997.542969114333,0.07785885162646501
36805,0.10947324620470127,-2916.8736904977964,7554.334549276056,2557.4089828115857,4996.925566464471,0.07780775184490633
36810,0.10948811826640548,-2896.8371826000835,7560.435153568569,2565.3443362611274,4995.090817307442,0.07775104846465983
36815,0.10950299032810969,-2881.6365255680944,7568.160576551742,2576.7681259549154,4991.392450596827,0.07768941627867489
36820,0.1095178623898139,-2871.882332535953,7577.772524711388,2592.5361741862675,4985.23635052512,0.07764499681367963
36825,0.10953273445151811,-2868.1677468096013,7589.476821757703,2613.367095159694,4976.109726598009,0.07761002927341011
36830,0.10954760651322233,-2871.028036981558,7603.4152602954955,2639.809198219193,4963.606062076302,0.07756897978401626
36835,0.10956247857492654,-2880.8985024255194,7619.659701865423,2672.215079802779,4947.444622062643,0.07752234071335662
36840,0.10957735063663075,-2898.077123767708,7638.2088532162115,2710.7251264056895,4927.483726810522,0.0774707102255291
36845,0.10959222269833496,-2922.6973817349945,7658.988053655402,2755.260694006181,4903.727359649221,0.07741475155660325
36850,0.10960709476003917,-2954.714963024223,7681.852222513335,2805.5272652119147,4876.32495730142,0.0773662243073627
36855,0.10962196682174338,-2993.909977817448,7706.591874297754,2861.0274334539763,4845.564440843777,0.07733497427484047
36860,0.1096368388834476,-3039.904120621069,7732.941866236498,2921.08312844773,4811.858737788768,0.07729802871484569
36865,0.1096517109451518,-3092.190197636189,7760.59235090592,2984.866071276956,4775.726279628964,0.07725589569174064
36870,0.10966658300685601,-3150.1699008619585,7789.2013003509355,3051.4350227017903,4737.766277649145,0.07720914868425585
36875,0.10968145506856022,-3213.194872418968,7818.407955635987,3119.7779729906856,4698.629982645301,0.07715838947691438
36880,0.10969632713026443,-3280.6060988734384,7847.846618403762,3188.857054188741,4658.98956421502,0.07710421491649216
36885,0.10971119919196866,-3351.767451312157,7877.160300545234,3257.65370428022,4619.506596265014,0.07704718955190601
36890,0.10972607125367287,-3426.09050665042,7906.013840071801,3325.211555338046,4580.802284733754,0.07699642841615804
36895,0.10974094331537708,-3503.049308946866,7934.106140078926,3390.67471036238,4543.431429716546,0.07695915217883997
36900,0.10975581537708129,-3582.1851364514337,7961.181179191148,3453.31951899002,4507.861660201128,0.07691741756528876
36905,0.1097706874387855,-3663.102428034801,7987.037389425626,3512.578598510661,4474.458790914965,0.07687183107489962
36910,0.10978555950048971,-3745.4577269172623,8011.534937752339,3568.0565601066396,4443.478377645699,0.07682300705053648
36915,0.10980043156219392,-3828.943843758066,8034.600428621508,3619.537560336779,4415.062868284729,0.0767715477724219
36920,0.10981530362389813,-3913.271475300697,8056.228608134548,3666.985297218462,4389.243310916087,0.07671802665583953
36925,0.10983017568560234,-3998.1502965265554,8076.480816631684,3710.536354708085,4365.944461923599,0.07666297417883831
36930,0.10984504774730655,-4083.2711619682823,8095.480195496604,3750.4878783317013,4344.9923171649025,0.07660686622260385
36935,0.10985991980901076,-4168.290640674251,8113.40396637648,3787.28049974552,4326.123466630959,0.07655011465044129
36940,0.10987479187071499,-4252.81881411827,8130.473406877913,3821.477307000639,4308.996099877273,0.07650381393782915
36945,0.1098896639324192,-4336.411160784612,8146.942380121843,3853.739562727415,4293.202817394427,0.07646322065324826
36950,0.1099045359941234,-4418.565374779515,8163.085381332106,3884.7998559517323,4278.285525380374,0.0764218416533861
36955,0.10991940805582762,-4498.723942507862,8179.186013156249,3915.4334427782755,4263.752570377974,0.0763801458299155
36960,0.10993428011753183,-4576.283038264239,8195.526598398925,3946.4286556436664,4249.097942755258,0.07633848868066688
36965,0.10994915217923604,-4650.607709435111,8212.379327069826,3978.5573871546694,4233.821939915157,0.07629710758931715
36970,0.10996402424094025,-4721.052484470042,8229.998986265166,4012.5467310671047,4217.452255198061,0.07625612313701331
36975,0.10997889630264446,-4786.98566666742,8248.61702073189,4049.052857302368,4199.5641634295225,0.07621554568326772
36980,0.10999376836434867,-4847.814920463888,8268.436492115317,4088.63810437114,4179.7983877441775,0.07617765290357285
36985,0.11000864042605288,-4903.011487678306,8289.627486571599,4131.752106889735,4157.875379681864,0.07615490463805774
36990,0.11002351248775709,-4952.1305366591905,8312.322659343556,4178.717563407611,4133.6050959359445,0.07613183287590596
36995,0.11003838454946131,-4994.825683913461,8336.612853524955,4229.721013738733,4106.891839786223,0.07610833067894758
37000,0.11005325661116552,-5030.856515379688,8362.543013457094,4284.808751222593,4077.7342622345013,0.07608421898836447
37005,0.11006812867286973,-5060.088848285221,8390.10885063492,4343.8877539241375,4046.221096710783,0.07605926828701896
37010,0.11008300073457394,-5082.488404998436,8419.254849245564,4406.731289952936,4012.5235592926283,0.07603322129061138
37015,0.11009787279627815,-5098.109410787008,8449.87418989275,4472.988651521844,3976.885538370905,0.0760126647152784
37020,0.11011274485798236,-5107.080254580331,8481.811030877809,4542.198322541779,3939.6127083360298,0.07600181523888733
37025,0.11012761691968657,-5109.588623729083,8514.865354100566,4613.8038099751175,3901.0615441254486,0.07598878678013102
37030,0.11014248898139078,-5105.868318993444,8548.80031083832,4687.171387612929,3861.628923225391,0.07597350577392373
37035,0.110157361043095,-5096.189237822835,8583.351745560512,4761.60911231268,3821.7426332478326,0.0759559209110701
37040,0.1101722331047992,-5080.850894484999,8618.239375197689,4836.38665185797,3781.852723339719,0.07593600600051731
37045,0.11018710516650342,-5060.178601616963,8653.178978589474,4910.755661094546,3742.4233174949286,0.07593726772779957
37050,0.11020197722820764,-5034.520448622439,8687.89490703885,4983.970597554564,3703.924309484286,0.0759378195117141
37055,0.11021684928991185,-5004.24282722596,8722.132246833358,5055.309927221353,3666.8223196120052,0.07593686857843573
37060,0.11023172135161606,-4969.722642988393,8755.668025357283,5124.097612652511,3631.570412704772,0.0759343743643679
37065,0.11024659341332027,-4931.335420024953,8788.320932023791,5189.724615987824,3598.596316035967,0.0759303020837272
37070,0.11026146547502448,-4889.439931728815,8819.959109189847,5251.669936539578,3568.2891726502694,0.0759246141119046
37075,0.11027633753672869,-4844.3613629977735,8850.50565191738,5309.52049518315,3540.9851567342293,0.07591726312099371
37080,0.1102912095984329,-4796.375997433701,8879.941543321285,5362.989019877409,3516.952523443876,0.07590818773972571
37085,0.11030608166013711,-4745.700865661852,8908.305854078326,5411.928994709668,3496.376859368658,0.07589731112860962
37090,0.11032095372184132,-4692.491676039548,8935.69316034149,5456.34570043118,3479.34745991031,0.07589022601902409
37095,0.11033582578354553,-4636.851715786057,8962.24828858596,5496.4023820379525,3465.8459065480083,0.07588728968672283
37100,0.11035069784524974,-4578.853269053919,8988.158673552034,5532.420627101523,3455.7380464505113,0.07588262441047383
37105,0.11036556990695397,-4518.571440808135,9013.644798916706,5564.8741508917,3448.7706480250063,0.07587611204143692
37110,0.11038044196865818,-4456.128171559447,9038.949351442194,5594.375403688046,3444.5739477541474,0.07586764217743085
37115,0.11039531403036239,-4391.741927999141,9064.3258252318,5621.65478115918,3442.671044072619,0.07585712230723494
37120,0.1104101860920666,-4325.776509931287,9090.027334989856,5647.532738634198,3442.4945963556584,0.07584448620828997
37125,0.11042505815377081,-4258.781173734816,9116.29632167578,5672.885743268222,3443.410578407558,0.07582969984161297
37130,0.11043993021547502,-4191.514298382675,9143.355667606054,5698.6076555864765,3444.748012019578,0.0758127642417251
37135,0.11045480227717923,-4124.944310067791,9171.401510237087,5725.568698770031,3445.8328114670558,0.0757937152489265
37140,0.11046967433888344,-4060.2243836507873,9200.597800788619,5754.574542661246,3446.023258127373,0.07577262032726402
37145,0.11048454640058765,-3998.641087669587,9231.072446993914,5786.328129064856,3444.7443179290585,0.07576218551008067
37150,0.11049941846229186,-3941.5409823683503,9262.914750709671,5821.39667769883,3441.5180730108414,0.0757513415696939
37155,0.11051429052399607,-3890.2425433334297,9296.173821294047,5860.185871947984,3435.987949346063,0.07573882601527641
37160,0.1105291625857003,-3845.943114815489,9330.857707263609,5902.922602189379,3427.93510507423,0.07572472605134072
37165,0.1105440346474045,-3809.6315588168277,9366.933110552509,5949.646933927073,3417.2861766254355,0.07570913317345862
37170,0.11055890670910871,-3782.0167634744703,9404.325685796075,6000.2132635654025,3404.1124222306726,0.07569214053663005
37175,0.11057377877081292,-3763.480334108999,9442.921039747618,6054.300011614544,3388.621028133074,0.07567384223648856
37180,0.11058865083251714,-3754.0589110292435,9482.566606035953,6111.426744493882,3371.1398615420703,0.0756543343240958
37185,0.11060352289422135,-3753.458051881195,9523.07457109857,6170.977342582162,3352.097228516408,0.07563371703281588
37190,0.11061839495592556,-3761.095953265469,9564.225979410345,6232.227735851732,3331.9982435586126,0.07561919588060417
37195,0.11063326701762977,-3776.1719379039605,9605.776071470418,6294.3767660508465,3311.3993054195716,0.07561350130127768
37200,0.11064813907933398,-3797.752009893592,9647.460828088639,6356.578841937634,3290.8819861510046,0.07561271987308182
37205,0.11066301114103819,-3824.8621665235105,9689.004623674555,6417.9771702780035,3271.027453396551,0.07561150550726933
37210,0.1106778832027424,-3856.5796674022477,9730.128833017618,6477.736433901618,3252.392399116,0.0756100036043277
37215,0.11069275526444662,-3892.1130460747627,9770.561184996375,6535.073848394342,3235.487336602033,0.0756083643844072
37220,0.11070762732615083,-3930.863126347721,9810.045603417762,6589.2875889165125,3220.75801450125,0.07560673771013729
37225,0.11072249938785504,-3972.459440390742,9848.352212926062,6639.781674043532,3208.57053888253,0.07560526736624211
37230,0.11073737144955925,-4016.7690071892875,9885.2871169175,6686.086545421719,3199.2005714957804,0.07560408555619011
37235,0.11075224351126346,-4063.877205581016,9920.701483386832,6727.874783685114,3192.826699701718,0.0756033082786855
37240,0.11076711557296767,-4114.043248859323,9954.499418362386,6764.971620757166,3189.5277976052193,0.07560898120854816
37245,0.11078198763467188,-4167.635284779456,9986.644081244522,6797.36010510664,3189.283976137882,0.0756166365772236
37250,0.1107968596963761,-4225.052126207768,10017.161515208918,6825.180918164659,3191.9805970442594,0.07562505847083155
37255,0.1108117317580803,-4286.639818910291,10046.141736827645,6848.72691895774,3197.414817869905,0.07563439265269804
37260,0.11082660381978451,-4352.6115477116255,10073.736754350404,6868.43252941477,3205.304224935634,0.075644761652606
37265,0.11084147588148872,-4422.978810354936,10100.155360309915,6884.858104552897,3215.2972557570174,0.07565626155776221
37270,0.11085634794319295,-4497.500528322739,10125.654761853832,6898.669505584065,3226.985256269767,0.07566895903812802
37275,0.11087122000489716,-4575.655043673817,10150.529354214315,6910.613244592335,3239.9161096219805,0.07568288857607841
37280,0.11088609206660137,-4656.637955270142,10175.097183527296,6921.4878061262825,3253.6093774010133,0.07569804986365036
37285,0.11090096412830558,-4739.3865806816875,10199.68485298316,6932.112051444519,3267.572801538641,0.07571440531217821
37290,0.11091583619000979,-4822.629551264097,10224.611769506113,6943.291926002887,3281.3198435032264,0.07573187763395883
37295,0.110930708251714,-4904.9577461509725,10250.174684109108,6955.78695833446,3294.387725774648,0.07575737523469746
37300,0.11094558031341821,-4984.910617807243,10276.633441859738,6970.27820317709,3306.3552386826477,0.075788961297832
37305,0.11096045237512242,-5061.0702076049365,10304.198740210657,6987.339309149966,3316.8594310606913,0.07582192567997537
37310,0.11097532443682663,-5132.15406368465,10333.022524877058,7007.412273961221,3325.6102509158372,0.07585602297522462
37315,0.11099019649853084,-5197.098066854507,10363.191462155759,7030.789203112818,3332.4022590429413,0.07589095355823697
37320,0.11100506856023505,-5255.120940622789,10394.72373979605,7057.601039749244,3337.122700046807,0.07592636832580366
37325,0.11101994062193928,-5305.763935500174,10427.569275369517,7087.813816327672,3339.755459041845,0.07596187608734395
37330,0.11103481268364349,-5348.901685828227,10461.613248403915,7121.232526056064,3340.3807223478516,0.07599705368501102
37335,0.1110496847453477,-5384.723298270202,10496.682711774449,7157.512256195888,3339.170455578561,0.07603605897906561
37340,0.1110645568070519,-5413.68602985596,10532.555874940017,7196.175799415834,3336.3800755241828,0.07608587877019503
37345,0.11107942886875612,-5436.44707427257,10568.973494234699,7236.636596056102,3332.336898178597,0.07613463542754467
37350,0.11109430093046033,-5453.781580017678,10605.651672933926,7278.225588914204,3327.426084019721,0.07618187718084421
37355,0.11110917299216454,-5466.496658714283,10642.295291150316,7320.220416344419,3322.074874805897,0.07622718497171181
37360,0.11112404505386875,-5475.351473771043,10678.61127318126,7361.875343369784,3316.735929811475,0.07627018249432879
37365,0.11113891711557296,-5480.992377431651,10714.32096505816,7402.450436589189,3311.8705284689704,0.07631054152677576
37370,0.11115378917727717,-5483.909605238235,10749.171028158884,7441.238714399929,3307.9323137589545,0.07634798202245421
37375,0.11116866123898138,-5484.418652970522,10782.942431304627,7477.590319243654,3305.352112060973,0.07639434925168644
37380,0.1111835333006856,-5482.665792220762,10815.457311460208,7510.933116836915,3304.5241946232927,0.07644511145497467
37385,0.11119840536238981,-5478.653934821041,10846.583640750157,7540.789472696908,3305.7941680532495,0.07649284943895844
37390,0.11121327742409402,-5472.282810216084,10876.237763105739,7566.7892357874325,3309.4485273183063,0.07653737195871493
37395,0.11122814948579823,-5463.396462808492,10904.38493963515,7588.679135836256,3315.7058037988945,0.07657847759668499
37400,0.11124302154750244,-5451.831365564067,10931.038074158438,7606.328862574867,3324.7092115835703,0.07661594166890637
37405,0.11125789360920665,-5437.459685942367,10956.254795925992,7619.734054693436,3336.5207412325562,0.07664950673972792
37410,0.11127276567091086,-5420.224027451648,10980.133075405764,7629.016314271397,3351.1167611343662,0.0766914490879941
37415,0.11128763773261507,-5400.161923008323,11002.805558008167,7634.420217204748,3368.3853408034192,0.07673986119106306
37420,0.11130250979431928,-5377.420166787095,11024.43282818678,7636.307149806413,3388.1256783803674,0.07678402824133457
37425,0.1113173818560235,-5352.260492963463,11045.19586087375,7635.14570151939,3410.0501593543595,0.07682351647468631
37430,0.1113322539177277,-5325.0589390793575,11065.28796843846,7631.498316390017,3433.7896520484437,0.07685787895722343
37435,0.11134712597943193,-5296.301331955534,11084.90659434916,7626.003981778443,3458.902612570718,0.07688667459883412
37440,0.11136199804113614,-5266.576708211726,11104.245325499649,7619.35693378119,3484.8883917184594,0.07691471558807204
37445,0.11137687010284035,-5236.569328154031,11123.486484928537,7612.281687790227,3511.20479713831,0.07695938255543314
37450,0.11139174216454456,-5207.0486414636725,11142.794624893113,7605.505131490667,3537.289493402446,0.0769980034387624
37455,0.11140661422624877,-5178.855564066265,11162.31117328982,7599.726882396212,3562.5842908936074,0.077030222631607
37460,0.11142148628795298,-5152.8830855604665,11182.150404430617,7595.589521463832,3586.5608829667844,0.07705575902938563
37465,0.11143635834965719,-5130.049681546931,11202.396817727147,7593.650571906126,3608.746245821021,0.07707441064848745
37470,0.1114512304113614,-5111.265134739093,11223.103920978103,7594.358125897475,3628.7457950806283,0.07709327642533623
37475,0.11146610247306561,-5097.389860990738,11244.29433092136,7598.031807418016,3646.2625235033447,0.07713107747538836
37480,0.11148097453476982,-5089.190314366038,11265.961023435035,7604.850329509383,3661.1106939256515,0.0771621090529619
37485,0.11149584659647403,-5087.294189440391,11288.069492122771,7614.846335941265,3673.223156181506,0.07718624065824563
37490,0.11151071865817826,-5092.149755771869,11310.560514512501,7627.908607604511,3682.6519069079895,0.07720337398646948
37495,0.11152559071988247,-5103.993690605985,11333.353191770413,7643.791151886953,3689.56203988346,0.0772134318718486
37500,0.11154046278158668,-5122.831256930089,11356.347934185753,7662.128241704774,3694.2196924809787,0.07723685765723547
37505,0.11155533484329089,-5148.4316887410005,11379.429121225807,7682.454161280528,3696.974959945279,0.0772699961434265
37510,0.1115702069049951,-5180.340295583181,11402.467273186243,7704.2262536075605,3698.2410195786824,0.07729571626251475
37515,0.11158507896669931,-5217.907204133373,11425.32072106431,7726.84983827069,3698.47088279362,0.07731375718282128
37520,0.11159995102840352,-5260.330966030999,11447.836928840317,7749.703655909473,3698.133272930844,0.07732387489930742
37525,0.11161482309010773,-5306.713663896951,11469.853775418005,7772.164668412042,3697.689107005963,0.07733172255685206
37530,0.11162969515181194,-5356.122840588139,11491.201207083843,7793.631268667466,3697.5699384163763,0.07736651757057166
37535,0.11164456721351615,-5407.654733448653,11511.703696883185,7813.544196569749,3698.159500313436,0.07739248673934956
37540,0.11165943927522036,-5460.493022019778,11531.183880334931,7831.404689928396,3699.7791904065352,0.07740932377686678
37545,0.11167431133692458,-5513.957618792938,11549.46758177489,7846.789599910098,3702.677981864792,0.07741680020414363
37550,0.1116891833986288,-5567.538904010546,11566.390225613774,7859.363360733186,3707.0268648805877,0.07742833202155423
37555,0.111704055460333,-5620.914144320228,11581.804379708119,7868.886819663839,3712.9175600442804,0.0774469459850301
37560,0.11171892752203721,-5673.944540204857,11595.587947945449,7875.223006374596,3720.3649415708533,0.07748550837080426
37565,0.11173379958374142,-5726.653290433102,11607.652356855448,7878.339951260706,3729.312405594742,0.07751521981522164
37570,0.11174867164544564,-5779.187065860026,11617.949994786863,7878.310652835399,3739.6393419514634,0.07753585946704634
37575,0.11176354370714985,-5831.765110113034,11626.480171697312,7875.310251557634,3751.1699201396787,0.0775472778289101
37580,0.11177841576885406,-5884.62155946244,11633.292963364842,7869.610406177804,3763.6825571870377,0.07754939607067189
37585,0.11179328783055827,-5937.947265558199,11638.49046238798,7861.570812753774,3776.9196496342056,0.07757904065631084
37590,0.11180815989226248,-5991.8373010395735,11642.225151413519,7851.627786686021,3790.5973647274977,0.07760701176264041
37595,0.11182303195396669,-6046.249483958916,11644.69531786006,7840.279875325323,3804.415442534737,0.0776254497826569
37600,0.11183790401567091,-6100.97787320231,11646.137630126443,7828.070603935467,3818.0670261909754,0.07763430597220732
37605,0.11185277607737512,-6155.643531839492,11646.817187669147,7815.568681453693,3831.2485062154537,0.07763359806214845
37610,0.11186764813907933,-6209.703166745584,11647.015538787158,7803.346277636402,3843.669261150756,0.07765312134245221
37615,0.11188252020078354,-6262.474677232232,11647.017323202144,7791.95627684638,3855.061046355764,0.07768144630659628
37620,0.11189739226248775,-6313.177234654,11647.09632609957,7781.909649387229,3865.186676712341,0.07769983524790942
37625,0.11191226432419196,-6360.982278260254,11647.501805155778,7773.654198648241,3873.8476065075374,0.07770827716505557
37630,0.11192713638589617,-6405.070780952877,11648.44595359036,7767.555908344792,3880.890045245568,0.07770683610339368
37635,0.11194200844760038,-6444.691401203664,11650.09328291802,7763.883934584497,3886.209348333523,0.07772797800955303
37640,0.1119568805093046,-6479.213827864235,11652.552557629706,7762.80000438915,3889.752553240556,0.07775767896602694
37645,0.1119717525710088,-6508.171868254116,11655.87171356578,7764.352657104803,3891.5190564609775,0.07777674919070272
37650,0.11198662463271301,-6531.291685508536,11660.03597243991,7768.476456377777,3891.5595160621324,0.07778523017772306
37655,0.11200149669441724,-6548.502015275952,11664.969154476192,7774.996044944146,3889.973109532046,0.07778325235055038
37660,0.11201636875612145,-6559.925045317808,11670.538007790243,7783.634720623537,3886.903287166706,0.0778079384662264
37665,0.11203124081782566,-6565.848719898136,11676.559224705557,7794.0270643763515,3882.532160329206,0.07783749947149933
37670,0.11204611287952987,-6566.683305434473,11682.80870150263,7805.735024592433,3877.0736769101977,0.07785552523537556
37675,0.11206098494123408,-6562.9068963509635,11689.032516419245,7818.266735351833,3870.7657810674127,0.0778621783709458
37680,0.11207585700293829,-6555.005932754925,11694.95904915305,7831.0972157037895,3863.861833449261,0.07785773638962686
37685,0.1120907290646425,-6543.417541345654,11700.311643261413,7843.689977428742,3856.621665832671,0.07788007824697288
37690,0.11210560112634671,-6528.480428268107,11704.821219961841,7855.518491099619,3849.3027288622225,0.07790639419255621
37695,0.11212047318805092,-6510.400053987742,11708.238284683799,7866.086459310054,3842.151825373745,0.07792059875311658
37700,0.11213534524975513,-6489.231949150575,11710.343819875747,7874.945945181521,3835.3978746942257,0.07792312894802453
37705,0.11215021731145934,-6464.884512696963,11710.958621149413,7881.712603743379,3829.2460174060343,0.07791454706759146
37710,0.11216508937316357,-6437.139874866173,11709.95070232852,7886.077535486563,3823.8731668419578,0.07792773708509755
37715,0.11217996143486778,-6405.688917163639,11707.240466042564,7887.815576313284,3819.42488972928,0.07794987475062437
37720,0.11219483349657199,-6370.174798621982,11702.803412613015,7886.7901010285605,3816.0133115844546,0.07796030443069035
37725,0.1122097055582762,-6330.238653219842,11696.670247424716,7882.954604665925,3813.7156427587906,0.0779596837657273
37730,0.1122245776199804,-6285.561552866568,11688.924352620274,7876.351416697544,3812.57293592273,0.07794873355691698
37735,0.11223944968168462,-6235.8981790211,11679.696716826349,7867.107903416497,3812.5888134098523,0.07794912189499215
37740,0.11225432174338883,-6181.099552529122,11669.158564654581,7855.430450062036,3813.7281145925454,0.07796991335973436
37745,0.11226919380509304,-6121.124221369526,11657.51208564967,7841.596423961428,3815.915661688243,0.07797967094904178
37750,0.11228406586679725,-6056.039125530442,11644.979812040918,7825.9442410709835,3819.0355709699343,0.07797900429473457
37755,0.11229893792850146,-5986.012665372413,11631.793312306125,7808.86162192914,3822.931690376985,0.0779685449853702
37760,0.11231380999020567,-5911.303125466071,11618.181928799391,7790.772149031138,3827.4097797682534,0.07795367681834697
37765,0.11232868205190989,-5832.2455091385455,11604.362274050292,7772.120331716045,3832.241942334247,0.07797531358191469
37770,0.1123435541136141,-5749.239120170685,11590.529105464937,7753.355537129907,3837.17356833503,0.07798594238845134
37775,0.11235842617531831,-5662.737122712011,11576.848032312226,7734.915331454749,3841.9327008574764,0.07798609232147588
37780,0.11237329823702252,-5573.238142377194,11563.450298436606,7717.208956075535,3846.2413423610715,0.07797633778090507
37785,0.11238817029872673,-5481.279061704895,11550.42966681565,7700.6017941595355,3849.827872656114,0.07795729102131395
37790,0.11240304236043094,-5387.4277295009315,11537.841247425735,7685.401723433844,3852.4395239918904,0.07796686304453704
37795,0.11241791442213515,-5292.274391956803,11525.701988846926,7671.848175437714,3853.8538134092114,0.07797731390751973
37800,0.11243278648383936,-5196.42113759076,11513.992510086047,7660.1045295247095,3853.887980561338,0.07797707946788693
37805,0.11244765854554357,-5100.469296607856,11502.659974831293,7650.254188119688,3852.4057867116053,0.07796684922521621
37810,0.11246253060724778,-5005.005311572177,11491.621780391259,7642.300356723857,3849.321423667402,0.07794736163919411
37815,0.112477402668952,-4910.5859490904295,11480.76991316093,7636.169245132765,3844.6006680281644,0.0779397901942145
37820,0.11249227473065622,-4817.723824822808,11469.97587870051,7631.71616533411,3838.2597133664003,0.07794908833856157
37825,0.11250714679236043,-4726.874145300673,11459.096126676175,7628.7338563542,3830.3622703219753,0.07794787738105557
37830,0.11252201885406464,-4638.423449950192,11447.97785630627,7626.962321173279,3821.0155351329913,0.07793697157329839
37835,0.11253689091576885,-4552.681056755806,11436.465022312472,7626.099498442688,3810.365523869784,0.07791720400645838
37840,0.11255176297747306,-4469.873892180085,11424.404293109792,7625.812183946423,3798.592109163369,0.07788994246090622
37845,0.11256663503917727,-4390.1453646843975,11411.65067345683,7625.746736300636,3785.903937156194,0.07789800729704553
37850,0.11258150710088148,-4313.558830137364,11398.072516262893,7625.539229967684,3772.533286295209,0.0778959857666411
37855,0.11259637916258569,-4240.105923386497,11383.55571895007,7624.824848256411,3758.730870693659,0.07788475391096986
37860,0.1126112512242899,-4169.719575298952,11368.007014235698,7623.2464374988485,3744.7605767368495,0.07786518404851053
37865,0.11262612328599411,-4102.290947291761,11351.356391906527,7620.462268135004,3730.8941237715235,0.07783812739696148
37870,0.11264099534769832,-4037.6888943260637,11333.558788405397,7616.153159721727,3717.4056286836694,0.07782002234084125
37875,0.11265586740940255,-3975.780034909544,11314.595222102143,7610.029208117128,3704.566013985015,0.0778177822476832
37880,0.11267073947110676,-3916.4471836572484,11294.473519272899,7601.836383495308,3692.6371357775906,0.07780707220120152
37885,0.11268561153281097,-3859.603888455248,11273.228678714448,7591.363229719085,3681.8654489953624,0.07778880901831875
37890,0.11270048359451518,-3805.203168504161,11250.922793869115,7578.447781942292,3672.475011926823,0.0777638684491006
37895,0.11271535565621939,-3753.23926267548,11227.644335529923,7562.984638780221,3664.6596967497026,0.07773307185980521
37900,0.1127302277179236,-3703.7421721917754,11203.50653898685,7544.931902431016,3658.5746365558343,0.07771618334898588
37905,0.11274509977962781,-3656.7658320489627,11178.64466365315,7524.317470866074,3654.3271927870755,0.07770867539367902
37910,0.11275997184133202,-3612.3716388586736,11153.212001489088,7501.243971362715,3651.9680301263734,0.0776946849545557
37915,0.11277484390303623,-3570.609595273032,11127.374676951045,7475.891503063402,3651.4831738876437,0.07767502474718734
37920,0.11278971596474044,-3531.499409535085,11101.305461976906,7448.517339388929,3652.7881225879773,0.0776504217900831
37925,0.11280458802644465,-3495.0135730362035,11075.176978038775,7419.451849360292,3655.725128678483,0.07762151612299023
37930,0.11281946008814887,-3461.063914458081,11049.154739341755,7389.0901354308135,3660.0646039109415,0.07760530768337663
37935,0.11283433214985308,-3429.492617707261,11023.390494971718,7357.879239731903,3665.511255239815,0.07759923291406627
37940,0.1128492042115573,-3400.068341326655,10998.016264470221,7326.301203690408,3671.715060779813,0.07758818353346594
37945,0.1128640762732615,-3372.4878984839015,10973.139358176093,7294.852719476416,3678.2866386996775,0.07757271802881464
37950,0.11287894833496571,-3346.3838275818835,10948.83856198808,7264.022515523215,3684.8160464648645,0.07755332289707688
37955,0.11289382039666992,-3321.337932843514,10925.161571039784,7234.267905813905,3690.893665225879,0.07753042862346539
37960,0.11290869245837414,-3296.9003843972905,10902.123690705768,7205.992058262591,3696.1316324431773,0.07751590228234047
37965,0.11292356452007835,-3272.61324626809,10879.707786579493,7179.523489199784,3700.1842973797084,0.07751486422384311
37970,0.11293843658178256,-3248.036485834833,10857.865448906048,7155.099091270582,3702.766357635466,0.0775095513936398
37975,0.11295330864348677,-3222.773819378329,10836.519328702478,7132.851698641006,3703.6676300614718,0.07750037917542438
37980,0.11296818070519098,-3196.4953639336354,10815.566590073786,7112.802842064543,3702.7637480092426,0.07748772886993494
37985,0.1129830527668952,-3168.954118552746,10794.883396736588,7094.86099510962,3700.0224016269685,0.07747196013400062
37990,0.11299792482859941,-3139.993810683549,10774.330306590398,7078.825291721048,3695.50501486935,0.07745580561133619
37995,0.11301279689030362,-3109.5465557536118,10753.758389043882,7064.394415313273,3689.3639737306084,0.07746014638963691
38000,0.11302766895200783,-3077.619980887721,10733.015815134488,7051.180118454223,3681.835696680265,0.0774605333214103
38005,0.11304254101371204,-3044.2748233520088,10711.954614668015,7038.724623297337,3673.2299913706784,0.07745730505874432
38010,0.11305741307541625,-3009.5953777706764,10690.437262707283,7026.520974100317,3663.9162886069653,0.07745079699963334
38015,0.11307228513712046,-2973.656353029729,10668.342760522557,7014.035271602145,3654.3074889204117,0.07744135450425159
38020,0.11308715719882467,-2936.4905031637036,10645.571915445369,7000.729631566836,3644.8422838785327,0.07742934144598264
38025,0.11310202926052888,-2898.061612733577,10622.051591434285,6986.084697133574,3635.966894300711,0.0774220971214712
38030,0.1131169013222331,-2858.246905103424,10597.737781121741,6969.620612077005,3628.1171690447363,0.07742650340972493
38035,0.1131317733839373,-2816.8316935289467,10572.617422031335,6950.9155298390515,3621.7018921922836,0.07742761066935204
38040,0.11314664544564153,-2773.5172784309716,10546.708930468832,6929.62097101492,3617.087959453913,0.07742583043376709
38045,0.11316151750734574,-2727.941040264267,10520.06145247116,6905.473611530068,3614.5878409410916,0.07742159194840291
38050,0.11317638956904995,-2679.7058000459383,10492.752839617122,6878.303338763141,3614.4495008539807,0.07741533518689306
38055,0.11319126163075416,-2628.414199731259,10464.886364716729,6848.037612993149,3616.84875172358,0.07740749957191148
38060,0.11320613369245837,-2573.7033332114006,10436.586216949694,6814.702294427547,3621.8839225221473,0.0773985095996418
38065,0.11322100575416258,-2515.27518370255,10407.991871555007,6778.419142992468,3629.572728562539,0.07739773327548008
38070,0.11323587781586679,-2452.9194607507025,10379.25151863807,6739.400191378593,3639.8513272594764,0.0774018942077473
38075,0.113250749877571,-2386.526924107018,10350.514848856987,6697.939165869484,3652.5756829875027,0.07740432504249467
38080,0.11326562193927521,-2316.0929243566334,10321.925608788977,6654.400119916941,3667.5254888720365,0.07740539837051227
38085,0.11328049400097942,-2241.712381068618,10293.61442739624,6609.203479326814,3684.410948069426,0.0774054534935496
38090,0.11329536606268363,-2163.568508931002,10265.69244989851,6562.809788694809,3702.882661203701,0.07740478352442696
38095,0.11331023812438785,-2081.918129077696,10238.246278086286,6515.701594051972,3722.544684034314,0.07740362339404228
38100,0.11332511018609207,-1997.0763250527843,10211.334603250009,6468.36407970083,3742.9705235491783,0.07740214002823767
38105,0.11333998224779628,-1909.4026137577766,10184.986743542833,6421.265268918587,3763.721474624246,0.07740042561711913
38110,0.11335485430950049,-1819.2899086659963,10159.20309121316,6374.836760796727,3784.366330416433,0.07740294231847836
38115,0.1133697263712047,-1727.156616503802,10133.957274858409,6329.456068211925,3804.5012066464833,0.07741106066013119
38120,0.1133845984329089,-1633.4414612545315,10109.199685118818,6285.431608842133,3823.768076276685,0.0774182747905585
38125,0.11339947049461312,-1538.6002032039887,10084.861926104355,6242.991261612291,3841.870664492064,0.07742467119388094
38130,0.11341434255631733,-1443.1033209810857,10060.861749381478,6202.275138514334,3858.5866108671444,0.07743027400674506
38135,0.11342921461802154,-1347.4338549038994,10037.108093282834,6163.332868514469,3873.7752247683648,0.07743504313038256
38140,0.11344408667972575,-1252.0848311210666,10013.505962390189,6126.12530224942,3887.3806601407687,0.07743887538857977
38145,0.11345895874142996,-1157.5558838239303,9989.961006073407,6090.530190376277,3899.43081569713,0.0774416085269087
38150,0.11347383080313418,-1064.3488179079432,9966.383757045201,6056.351124108589,3910.0326329366126,0.07744302761867063
38155,0.11348870286483839,-972.9619268894776,9942.693546154373,6023.3288890699305,3919.364657084442,0.07744287328417179
38160,0.1135035749265426,-883.8829599183982,9918.82210831705,5991.154375829761,3927.667732487289,0.0774502654295832
38165,0.11351844698824681,-797.5807721371311,9894.716844259432,5959.48228505495,3935.234559204482,0.07745828669618342
38170,0.11353331904995102,-714.4959109309266,9870.343626342936,5927.945017074694,3942.3986092682417,0.07746462042819849
38175,0.11354819111165523,-635.0306540739075,9845.688965373278,5896.166298431885,3949.5226669413933,0.07746909065612781
38180,0.11356306317335944,-559.5392581896676,9820.761319362431,5863.774237789964,3956.987081572467,0.07747149047909098
38185,0.11357793523506365,-488.31932413261165,9795.591344714558,5830.41360570031,3965.177739014248,0.07747158990791396
38190,0.11359280729676786,-421.6051874481427,9770.230967640722,5795.757199460186,3974.4737681805364,0.07746914279030645
38195,0.11360767935847207,-359.56407829433374,9744.751272370764,5759.516196901332,3985.2350754694326,0.07748361446999937
38200,0.11362255142017628,-302.2954846252924,9719.239332274632,5721.449432046453,3997.7899002281792,0.07750121266646261
38205,0.11363742348188051,-249.83374539274428,9693.794215769347,5681.371544938536,4012.4226708308106,0.07752249194742755
38210,0.11365229554358472,-202.15347329283668,9668.522454244037,5639.1599628844215,4029.362491359616,0.07754254270188439
38215,0.11366716760528893,-159.17705143818785,9643.533254910028,5594.760651617551,4048.7726032924766,0.07756109515809835
38220,0.11368203966699314,-120.78325388295161,9618.933688845696,5548.192524765866,4070.74116407983,0.07759699738622412
38225,0.11369691172869735,-86.81606110024768,9594.824011285315,5499.550318652099,4095.2736926332154,0.07770513853448703
38230,0.11371178379040156,-57.09296792615987,9571.293211203474,5449.005639115749,4122.2875720877255,0.07780888454554612
38235,0.11372665585210577,-31.412423687999762,9548.414867586587,5396.8057928750495,4151.609074711538,0.07792232472991865
38240,0.11374152791380998,-9.560355475503457,9526.243420382307,5343.269962915964,4182.973457466343,0.0780317428847306
38245,0.11375639997551419,8.6841399128607,9504.811033085101,5288.782313328453,4216.028719756649,0.07813495151553929
38250,0.1137712720372184,23.543964271188997,9484.125301208087,5233.7817445196115,4250.3435566884755,0.07823144379313943
38255,0.11378614409892263,35.2403886866814,9464.168108114804,5178.748277372075,4285.419830742729,0.07832074203917425
38260,0.11380101616062684,43.991314957070244,9444.895914200568,5124.186409537291,4320.709504663277,0.07840241788921974
38265,0.11381588822233105,50.0122808960823,9426.241672169464,5070.606211502953,4355.635460666512,0.07848354346322119
38270,0.11383076028403526,53.520884528193164,9408.118398780944,5018.503338791663,4389.615059989281,0.07857978407029087
38275,0.11384563234573947,54.744753762736764,9390.424232166717,4968.339438575823,4422.084793590894,0.07868377546583952
38280,0.11386050440744368,53.93240003527171,9373.0486060181,4920.524538869181,4452.524067148918,0.0787817989621836
38285,0.11387537646914789,51.36550295328652,9355.879019476093,4875.402870739026,4480.476148737067,0.0788715365220173
38290,0.1138902485308521,47.37062463454913,9338.807804475146,4833.243182671234,4505.564621803912,0.07895294545214897
38295,0.11390512059255631,42.32821002932451,9321.738302284779,4794.234012392359,4527.50428989242,0.07902605317738337
38300,0.11391999265426052,36.677024501660526,9304.589950913456,4758.4836853848965,4546.10626552856,0.07909096615588539
38305,0.11393486471596473,30.912823630017556,9287.301933030803,4726.024138899563,4561.277794131241,0.07914788282750769
38310,0.11394973677766895,25.58088495913944,9269.83521022947,4696.817153086504,4573.018057142966,0.07919794864829058
38315,0.11396460883937316,21.262888547778857,9252.172943075133,4670.761308464131,4581.411634611002,0.07925931461462957
38320,0.11397948090107737,18.55937030446603,9234.319441961397,4647.6980393390695,4586.621402622328,0.07933734537309677
38325,0.11399435296278158,18.06948513514726,9216.297895807553,4627.415522669359,4588.8823731381935,0.07942566855889595
38330,0.1140092250244858,20.370037101725757,9198.14718031173,4609.649785664338,4588.497394647391,0.07950879555004824
38335,0.11402409708619,25.995629189123065,9179.91806225921,4594.083239458046,4585.834822801165,0.0795874545162942
38340,0.11403896914789421,35.42137169623766,9161.669105667692,4580.341716860435,4581.327388807257,0.07966241589498246
38345,0.11405384120959842,49.0489474149681,9143.462564601097,4567.991851508316,4575.470713092781,0.07975345258008369
38350,0.11406871327130264,67.1961148192313,9125.360526335931,4556.5411259297425,4568.819400406189,0.0798435410458578
38355,0.11408358533300685,90.08913862707595,9107.42154804551,4545.44301067663,4561.978537368879,0.07993139584773598
38360,0.11409845739471106,117.85736853518029,9089.698002330768,4534.1092518622045,4555.588750468563,0.08001744792451966
38365,0.11411332945641528,150.52936881749065,9072.23429970708,4521.930558450392,4550.303741256687,0.08010198052633223
38370,0.11412820151811949,188.0306280898667,9055.066080429178,4508.305794952833,4546.760285476345,0.08018511227268817
38375,0.1141430735798237,230.18378591450528,9038.220364270102,4492.678465388416,4545.541898881686,0.08028307882267068
38380,0.11415794564152791,276.7132052323868,9021.71652818428,4474.577977045035,4547.1385511392455,0.08041617458609718
38385,0.11417281770323212,327.2562431313763,9005.567871689696,4453.662090512452,4551.9057811772445,0.08055339315707209
38390,0.11418768976493633,381.38341635312827,8989.783455625357,4429.756256261113,4560.027199364244,0.08068769827035273
38395,0.11420256182664054,438.6286509028332,8974.369883466547,4402.885319984753,4571.484563481794,0.08081859810074779
38400,0.11421743388834475,498.5289850801046,8959.332744372297,4373.293405030527,4586.039339341771,0.08094556385713822
38405,0.11423230595004896,560.6707371791199,8944.67754533681,4341.448646079471,4603.228899257339,0.08106805686949288
38410,0.11424717801175317,624.7367421028421,8930.410102742579,4308.0307848444445,4622.379317898134,0.08118555213714122
38415,0.11426205007345738,690.5474299213884,8916.536508709047,4273.90131074033,4642.635197968717,0.08130238668514211
38420,0.11427692213516161,758.0878843839973,8903.062901726445,4240.057642904616,4663.00525882183,0.08142517702046446
38425,0.11429179419686582,827.5140178232323,8889.995328403957,4207.574572430389,4682.420755973568,0.08154138360882329
38430,0.11430666625857003,899.133711933795,8877.33997077456,4177.537580819861,4699.802389954698,0.08165064525340689
38435,0.11432153832027424,973.3628333787246,8865.10393354941,4150.973528336515,4714.130405212894,0.08178258150117182
38440,0.11433641038197845,1050.6606652499122,8853.296653610325,4128.7844478737725,4724.5122057365525,0.08192545099702019
38445,0.11435128244368266,1131.4535076196635,8841.93183568213,4111.689769103654,4730.242066578476,0.08206148292990766
38450,0.11436615450538687,1216.05805233122,8831.029664039857,4100.181316433874,4730.848347605984,0.08219034083055296
38455,0.11438102656709108,1304.6169896466117,8820.618920188512,4094.494034835935,4726.124885352577,0.08232342916991008
38460,0.11439589862879529,1397.0579583876643,8810.738574611407,4094.593809563785,4716.144765047622,0.08245535457968775
38465,0.1144107706904995,1493.0836401231027,8801.438430974202,4100.182179449463,4701.256251524739,0.08257908369271258
38470,0.11442564275220371,1592.196072634918,8792.778485789438,4110.716395248035,4682.062090541403,0.08269432717390536
38475,0.11444051481390793,1693.75283658619,8784.82681554078,4125.442289103653,4659.3845264371275,0.08280082666323331
38480,0.11445538687561214,1797.0474208257283,8777.655996646094,4143.436872012933,4634.21912463316,0.08289835984944752
38485,0.11447025893731635,1901.4015547933477,8771.338274613083,4163.657456695882,4607.680817917201,0.08298674420193412
38490,0.11448513099902057,2006.2543291994489,8765.939898172308,4184.994330995485,4580.945567176823,0.08312468446574162
38495,0.11450000306072478,2111.2321382895725,8761.515194643376,4206.324442172315,4555.190752471061,0.08326862066152804
38500,0.11451487512242899,2216.1853060682106,8758.101062265321,4226.564031485967,4531.537030779355,0.08340419506041709
38505,0.1145297471841332,2321.181794591571,8755.712578657796,4244.71853533046,4510.994043327336,0.08353119350758581
38510,0.1145446192458374,2426.4552249930184,8754.340364646878,4259.928256026584,4494.412108620294,0.08364943360361798
38515,0.11455949130754162,2532.3125951646343,8753.950199252937,4271.508297674931,4482.441901578006,0.08375876628502218
38520,0.11457436336924583,2639.015105582109,8754.485161876863,4278.98113970194,4475.504022174922,0.08386326534701462
38525,0.11458923543095004,2746.65176085671,8755.870296701909,4282.100119700156,4473.770177001753,0.0839734673065454
38530,0.11460410749265426,2855.028447306954,8758.019476521473,4280.862166084845,4477.157310436628,0.08407426747799394
38535,0.11461897955435847,2963.594126848193,8760.84382287579,4275.508468898759,4485.3353539770305,0.08416555101317327
38540,0.11463385161606268,3071.4206051621213,8764.260759699693,4266.5124351619415,4497.748324537752,0.08427517648057785
38545,0.11464872367776689,3177.243874834,8768.202585879983,4254.555182628487,4513.647403251495,0.08440330474556156
38550,0.1146635957394711,3279.5648349318963,8772.623392624531,4240.4898437414,4532.133548883131,0.08452291115869642
38555,0.11467846780117531,3376.7971181241473,8777.503256444234,4225.296900368356,4552.206356075878,0.08464218167013526
38560,0.11469333986287952,3467.4416185026785,8782.84891837497,4210.033479516542,4572.815438858428,0.08476118156781003
38565,0.11470821192458373,3550.262492695544,8788.6905959419,4195.779896224852,4592.910699717048,0.08487032233898811
38570,0.11472308398628794,3624.4386383994206,8795.07511521792,4183.58670203822,4611.4884131797,0.08496901765657873
38575,0.11473795604799215,3689.667941863997,8802.056115729549,4174.425141198494,4627.630974531055,0.08505660702776745
38580,0.11475282810969636,3746.208264523139,8809.682573085971,4169.143348749224,4640.539224336747,0.08513488474012161
38585,0.11476770017140059,3794.848050010568,8817.987206434029,4168.4299834496915,4649.557222984337,0.0852147979709393
38590,0.1147825722331048,3836.809161626015,8826.976417706726,4172.786392779473,4654.190024927253,0.08528131996288447
38595,0.11479744429480901,3873.5936942887465,8836.623219786296,4182.507928165099,4654.115291621197,0.08535766320919386
38600,0.11481231635651322,3906.7938547423214,8846.864180301474,4197.674678266212,4649.189502035262,0.08545209626418829
38605,0.11482718841821743,3937.888752365028,8857.60081953038,4218.151629968734,4639.449189561647,0.08553349570735402
38610,0.11484206047992164,3968.0536931569623,8868.705271609071,4243.598038017109,4625.1072335919625,0.08560123670216752
38615,0.11485693254162585,3998.0063016140543,8880.02946875316,4273.48552618923,4606.543942563931,0.08565817394354241
38620,0.11487180460333006,4027.9097666185835,8891.416731024616,4307.124126429739,4584.292604594877,0.08571334015519258
38625,0.11488667666503427,4057.347156910454,8902.714481266908,4343.695100967203,4559.0193802997055,0.08575418837027733
38630,0.11490154872673848,4085.372649995837,8913.786842416084,4382.289037274633,4531.497805141451,0.08578063833129738
38635,0.11491642078844269,4110.636386129787,8924.52605559382,4421.947423946702,4502.5786316471185,0.08579275219231652
38640,0.11493129285014692,4131.570409592429,8934.861907007738,4461.705761791234,4473.156145216504,0.08580541827140946
38645,0.11494616491185113,4146.614902779615,8944.768602196682,4500.636258265743,4444.132343930939,0.08580643359800612
38650,0.11496103697355534,4154.457855570116,8954.26873553928,4537.888273496764,4416.380462042517,0.08579413301558854
38655,0.11497590903525955,4154.258509324563,8963.434160456938,4572.724883229582,4390.709277227356,0.08581677671909976
38660,0.11499078109696376,4145.82601531308,8972.383685343522,4604.554145229494,4367.8295401140285,0.0858320995225776
38665,0.11500565315866797,4129.729743351676,8981.277628287653,4632.9538681969425,4348.3237600907105,0.08583696201586864
38670,0.11502052522037218,4107.3258564685875,8990.309385352359,4657.688885131978,4332.620500220381,0.08584079394565297
38675,0.11503539728207639,4080.6948827481933,8999.694317796948,4678.720052745605,4320.974265051343,0.08583731203090006
38680,0.1150502693437806,4052.495602967335,9009.656444521692,4696.204471445162,4313.45197307653,0.0858236201140843
38685,0.11506514140548481,4025.7502865329675,9020.41362617635,4710.4867722534,4309.926853922951,0.08579962670357554
38690,0.11508001346718902,4003.5841272797807,9032.162126458186,4722.081746693119,4310.080379765067,0.08576520046602702
38695,0.11509488552889324,3988.946986569511,9045.061608048009,4731.649071389267,4313.412536658741,0.08572979579283076
38700,0.11510975759059745,3984.3478384579125,9059.221735899675,4739.961346206911,4319.260389692764,0.08568479375418905
38705,0.11512462965230166,3991.63139757794,9074.691588411317,4747.867061728462,4326.824526682854,0.08562878368383992
38710,0.11513950171400587,4011.822237207402,9091.452989245112,4756.250388010744,4335.202601234368,0.08556184228034376
38715,0.11515437377571008,4045.054489528829,9109.418649868026,4765.9898044541505,4343.428845413876,0.08549161256682404
38720,0.1151692458374143,4090.5955720855677,9128.435653198227,4777.917570065779,4350.518083132448,0.08540975913856734
38725,0.1151841178991185,4146.96134129601,9148.294334190508,4792.78188768108,4355.512446509429,0.08531606155907494
38730,0.11519898996082271,4212.109002301853,9168.742073282483,4811.213381950882,4357.528691331601,0.08524506101508056
38735,0.11521386202252692,4283.684493495298,9189.500985498462,4833.697230243565,4355.803755254897,0.08516897165227234
38740,0.11522873408423114,4359.294282125849,9210.288044635994,4860.551994601693,4349.736050034301,0.0850824700108893
38745,0.11524360614593535,4436.768583051153,9230.835904411575,4891.915927622422,4338.919976789153,0.08498666083942068
38750,0.11525847820763957,4514.384465765927,9250.912616988837,4927.741276792932,4323.171340195905,0.0848803504792771
38755,0.11527335026934378,4591.023042391465,9270.338614628377,4967.796883670248,4302.54173095813,0.08476305040306424
38760,0.11528822233104799,4666.244162110737,9288.999678621803,5011.679140537964,4277.32053808384,0.08463458509777096
38765,0.1153030943927522,4740.273407877883,9306.855101467998,5058.8310878704615,4248.024013597536,0.08449480825251719
38770,0.11531796645445641,4813.907936401491,9323.940765471862,5108.569069479047,4215.371695992814,0.08434360726998504
38775,0.11533283851616062,4888.357987581144,9340.367330180352,5160.115885904802,4180.25144427555,0.08418090721844765
38780,0.11534771057786483,4965.048167566424,9356.314082574878,5212.638818740312,4143.675263834566,0.08400667402441682
38785,0.11536258263956904,5045.40591856301,9372.019230828393,5265.290312766966,4106.728918061427,0.08382091667447553
38790,0.11537745470127325,5130.663709042774,9387.767518491626,5317.24862380706,4070.5188946845665,0.08362368817623507
38795,0.11539232676297746,5221.696926360785,9403.876025058767,5367.755516366755,4036.1205086920127,0.08341508503987614
38800,0.11540719882468167,5318.912334135641,9420.678932873316,5416.1482519115225,4004.530680961793,0.08319524509667667
38805,0.1154220708863859,5422.193712738438,9438.511911404796,5461.883697926704,3976.6282134780913,0.08296434357435534
38810,0.11543694294809011,5530.903412160021,9457.696628850574,5504.553353360592,3953.1432754899815,0.08272282033436756
38815,0.11545181500979432,5643.932226318966,9478.525778431136,5543.889261018057,3934.6365174130788,0.08250854493689788
38820,0.11546668707149853,5759.785966426563,9501.248932104612,5579.761921886664,3921.4870102179484,0.08228463544067273
38825,0.11548155913320274,5876.695510012453,9526.059530269333,5612.172192004482,3913.8873382648508,0.08205119910832126
38830,0.11549643119490695,5992.737574014528,9553.083388308132,5641.239545713296,3911.843842594836,0.08180834261929153
38835,0.11551130325661116,6105.955346711604,9582.369231576367,5667.1889642118695,3915.180267364498,0.08155616728629042
38840,0.11552617531831537,6214.470678614138,9613.881917387576,5690.338124269686,3923.5437931178903,0.08129476597303913
38845,0.11554104738001958,6316.582131916341,9647.499107925065,5711.085697029599,3936.413410895466,0.08102422217102664
38850,0.11555591944172379,6410.845353261987,9683.012163955498,5729.900652749414,3953.1115112060843,0.08074461145837751
38855,0.115570791503428,6496.133709083144,9720.13189507001,5747.311722710672,3972.8201723593374,0.0804560052643473
38860,0.11558566356513222,6571.6778770059955,9758.499516879465,5763.895745706053,3994.6037711734116,0.08015847653336816
38865,0.11560053562683643,6637.083316649689,9797.702752814648,5780.263580702077,4017.439172112571,0.07985210656876271
38870,0.11561540768854064,6692.324620958594,9837.296530971502,5797.042567532191,4040.2539634393106,0.07953699208862196
38875,0.11563027975024485,6737.716108587912,9876.827234351194,5814.855071947177,4061.9721624040176,0.07921325139309798
38880,0.11564515181194907,6773.858999823605,9915.859034993888,5834.293346201134,4081.5656887927535,0.07888102856173596
38885,0.11566002387365328,6801.567236815976,9954.000532186017,5855.891666475712,4098.1088657103055,0.07854049479236003
38890,0.11567489593535749,6821.776298982686,9990.92975165282,5880.097390016077,4110.832361636743,0.07819184635660503
38895,0.1156897679970617,6835.441824994203,10026.415553518531,5907.243139566396,4119.172413952135,0.07783529915057798
38900,0.1157046400587659,6843.436958830551,10060.333635623654,5937.5227026620305,4122.810932961624,0.07747108040207966
38905,0.11571951212047012,6846.458574939773,10092.67559718614,5970.973351389456,4121.702245796684,0.07711108144886987
38910,0.11573438418217433,6844.952526613156,10123.549941840627,6007.46706490037,4116.082876940257,0.07676440399577376
38915,0.11574925624387855,6839.066649092338,10153.174446866404,6046.7125165324205,4106.461930333983,0.07641067188831395
38920,0.11576412830558276,6828.637553823025,10181.85999634758,6088.268674083294,4093.5913222642866,0.0760499967253101
38925,0.11577900036728697,6813.213648660601,10209.986737609393,6131.569549328897,4078.4171882804967,0.0759341275407264
38930,0.11579387242899118,6792.112859228571,10237.974209077334,6175.958210811422,4062.0159982659125,0.07591984914491569
38935,0.11580874449069539,6764.509792810335,10266.247810932817,6220.726901008124,4045.520909924693,0.0759134132642918
38940,0.1158236165523996,6729.544056977474,10295.20453879072,6265.159246138785,4030.0452926519347,0.0759163703927283
38945,0.11583848861410381,6686.43940214105,10325.18117187805,6308.570323614483,4016.6108482635673,0.07591271191266108
38950,0.11585336067580802,6634.622371328306,10356.428026560205,6350.340839314344,4006.087187245861,0.07590230157643256
38955,0.11586823273751223,6573.829134991356,10389.090926473742,6389.942779447245,3999.148147026497,0.07588506041852465
38960,0.11588310479921644,6504.190032757397,10423.203230605262,6426.955399154657,3996.247831450605,0.07586097725437539
38965,0.11589797686092065,6426.282934867818,10458.68868313052,6461.071956050743,3997.616727079777,0.07585892665458775
38970,0.11591284892262488,6341.148826475275,10495.374629559634,6492.098853644993,4003.2757759146407,0.07584988493547377
38975,0.11592772098432909,6250.265985395107,10533.013935710773,6519.949583028328,4013.064352682445,0.07583359675156766
38980,0.1159425930460333,6155.4826933358545,10571.312909405602,6544.635954971779,4026.676954433823,0.07581034042463124
38985,0.11595746510773751,6058.912387813472,10609.961806361309,6566.258679188141,4043.7031271731676,0.0757804625497382
38990,0.11597233716944172,5962.79915784142,10648.664213277541,6584.998574972472,4063.6656383050695,0.0757443655694387
38995,0.11598720923114593,5869.365015658894,10687.161800087466,6601.108834138372,4086.052965949094,0.07572133097043651
39000,0.11600208129285014,5780.652913952878,10725.251608181212,6614.908017033049,4110.343591148163,0.07570410258625469
39005,0.11601695335455435,5698.380589192716,10762.79410666835,6626.772977878668,4136.021128789683,0.07568113729811161
39010,0.11603182541625856,5623.819749698406,10799.711553379224,6637.130727286435,4162.580826092789,0.07565286339853006
39015,0.11604669747796277,5557.712882952208,10835.977546875845,6646.448317138802,4189.529229737043,0.07561969548451014
39020,0.11606156953966698,5500.236269112655,10871.599845873901,6655.2201091582265,4216.379736715675,0.07558202205959573
39025,0.1160764416013712,5451.0131121941795,10906.599385232392,6663.952190053423,4242.647195178969,0.07555246444669825
39030,0.11609131366307542,5409.17563965433,10940.988814118218,6673.144158695469,4267.844655422749,0.07553815449472492
39035,0.11610618572477963,5373.470210649425,10974.753782145594,6683.268979109644,4291.48480303595,0.07551930026327593
39040,0.11612105778648384,5342.395446473421,11007.839646701941,6694.752014030305,4313.087632671636,0.07549608318379682
39045,0.11613592984818805,5314.360484346833,11040.145384206318,6707.950671175143,4332.1947130311755,0.07547366950184152
39050,0.11615080190989226,5287.848766508383,11071.525420713831,6723.136253241723,4348.389167472108,0.07548582179798524
39055,0.11616567397159647,5261.572270071481,11101.799027730878,6740.479562232579,4361.319465498299,0.07549368315442925
39060,0.11618054603330068,5234.601689665184,11130.766011871838,6760.041558828699,4370.724453043139,0.07549695665451689
39065,0.11619541809500489,5206.459796054018,11158.226770466741,6781.769947700467,4376.456822766274,0.07549530234790655
39070,0.1162102901567091,5177.168068327053,11184.004436591558,6805.50201535318,4378.502421238379,0.0754883514781291
39075,0.11622516221841331,5147.240773275496,11207.966782911348,6830.973473161565,4376.993309749782,0.0754984719672629
39080,0.11624003428011753,5117.625826022993,11230.045734188152,6857.832536712203,4372.213197475949,0.07551230222617814
39085,0.11625490634182174,5089.59762209445,11250.252670658492,6885.658064223032,4364.59460643546,0.07551962186044243
39090,0.11626977840352595,5064.612893054276,11268.688109695222,6913.980313924321,4354.707795770901,0.07552005176474226
39095,0.11628465046523016,5044.145595660286,11285.544777877782,6942.302770191119,4343.242007686663,0.07551326183977194
39100,0.11629952252693437,5029.519961125385,11301.103511978637,6970.123523646911,4330.979988331726,0.07550852116403162
39105,0.11631439458863858,5021.761382379875,11315.72186846949,6996.9548594698435,4318.767008999647,0.07552222122307506
39110,0.1163292666503428,5021.48251377623,11329.815802896224,7022.339996997101,4307.475805899124,0.07552781320033085
39115,0.116344138712047,5028.817059649788,11343.835317228282,7045.866312623615,4297.969004604667,0.07552514487997304
39120,0.11635901077375121,5043.4070154673545,11358.235547650185,7067.174832090785,4291.060715559401,0.07551413189511208
39125,0.11637388283545542,5064.441728752681,11373.445319888064,7085.966242276188,4287.479077611876,0.07549475256833582
39130,0.11638875489715964,5090.740303881912,11389.835645838906,7102.004074804098,4287.831571034808,0.07548699464592587
39135,0.11640362695886386,5120.863680352059,11407.690877003786,7115.115981795376,4292.57489520841,0.07548941394162062
39140,0.11641849902056807,5153.239928140023,11427.18518870524,7125.194106496876,4301.991082208364,0.0754832559306003
39145,0.11643337108227228,5186.286230991511,11448.366707570482,7132.195435961754,4316.171271608728,0.07546862059571689
39150,0.11644824314397649,5218.513480639438,11471.150930122587,7136.142740891488,4335.008189231099,0.07544565490027412
39155,0.1164631152056807,5248.603743495473,11495.324182845065,7137.126323603433,4358.197859241632,0.07542204710360045
39160,0.11647798726738491,5275.456131071811,11520.55685701761,7135.30638467851,4385.250472339099,0.0754246601095805
39165,0.11649285932908912,5298.201740516572,11546.425154225019,7130.915448259627,4415.509705965392,0.07541912400013588
39170,0.11650773139079333,5316.1924019344715,11572.439243426837,7124.259998755954,4448.179244670883,0.07542331889143293
39175,0.11652260345249754,5328.970389860739,11598.075179661862,7115.720299671697,4482.3548799901655,0.07549786861905669
39180,0.11653747551420175,5336.226904208119,11622.8077439223,7105.747297637652,4517.060446284648,0.0755633687646995
39185,0.11655234757590596,5337.756314159509,11646.141546158897,7094.855570375149,4551.285975783748,0.0756202317135537
39190,0.11656721963761019,5333.411487744501,11667.638232151534,7083.611471084494,4584.02676106704,0.07566885791910387
39195,0.1165820916993144,5323.063667172428,11686.938335117955,7072.615971408873,4614.322363709082,0.07570962607536921
39200,0.11659696376101861,5306.568819729164,11703.777067469357,7062.482218535941,4641.294848933416,0.07574876642484223
39205,0.11661183582272282,5283.741451237325,11717.994013640448,7053.808479314587,4664.18553432586,0.07581175973338186
39210,0.11662670788442703,5254.336487567337,11729.53715613267,7047.14788233283,4682.38927379984,0.07586757823813697
39215,0.11664157994613124,5218.039789612272,11738.461899899243,7042.977077496084,4695.484822403158,0.07591653313558316
39220,0.11665645200783545,5174.4678884410205,11744.925777279224,7041.66646765063,4703.259309628595,0.07595888652633409
39225,0.11667132406953966,5123.177390077073,11749.179391381145,7043.454881841367,4705.724509539778,0.0759948542170103
39230,0.11668619613124387,5063.684108804106,11751.55398877889,7048.431349168516,4703.122639610373,0.07602461123974094
39235,0.11670106819294808,4995.491374390237,11752.44593425764,7056.525971697026,4695.919962560613,0.07605076644849101
39240,0.11671594025465229,4918.126227352677,11752.29835046573,7067.510865839899,4684.78748462583,0.0761043324923618
39245,0.11673081231635651,4831.181482337484,11751.580299632955,7081.010926147755,4670.5693734852,0.07615177902689195
39250,0.11674568437806072,4734.360980836849,11750.764099250571,7096.523009214531,4654.24109003604,0.0761931428939905
39255,0.11676055643976493,4627.524807131478,11750.301629836496,7113.441287029664,4636.860342806833,0.07622842284320401
39260,0.11677542850146914,4510.730835402078,11750.600754275818,7131.086159709059,4619.514594566759,0.07625759250842482
39265,0.11679030056317335,4384.268778196042,11752.003174400781,7148.734304747418,4603.268869653363,0.0762806153073446
39270,0.11680517262487757,4248.683032825026,11754.765162385584,7165.648083366665,4589.117079018919,0.07629745953278241
39275,0.11682004468658178,4104.7811941093205,11759.042592900832,7181.1034060665625,4577.93918683427,0.07633640281771423
39280,0.11683491674828599,3953.626162804432,11764.88154443033,7194.415995688923,4570.4655487414075,0.07637611827955741
39285,0.1168497888099902,3796.511230699738,11772.215421093728,7204.966515117224,4567.248905976504,0.07640937270428634
39290,0.1168646608716944,3634.9191315274757,11780.869072818787,7212.225090362412,4568.643982456375,0.0764362049763097
39295,0.11687953293339862,3470.467528242988,11790.569792797374,7215.775353263553,4574.794439533821,0.0764567042876496
39300,0.11689440499510284,3304.844550362899,11800.96441201079,7215.337395921854,4585.627016088935,0.07647101159089954
39305,0.11690927705680705,3139.738736438828,11811.641086221529,7210.788212340305,4600.852873881224,0.07647931411838609
39310,0.11692414911851126,2976.7681456590944,11822.153888772395,7202.177558106602,4619.976330665792,0.07649437928329292
39315,0.11693902118021547,2817.4135857544097,11832.048077288595,7189.736881956,4642.311195332595,0.0765279288719414
39320,0.11695389324191968,2662.960899660322,11840.883949253732,7173.879161999488,4667.004787254244,0.07655589957311355
39325,0.11696876530362389,2514.4569828819867,11848.257538109288,7155.188090905121,4693.069447204168,0.07657845649293747
39330,0.1169836373653281,2372.6835159452485,11853.816963710702,7134.395991094862,4719.42097261584,0.07659573396477723
39335,0.11699850942703231,2238.1511668557723,11857.273924227617,7112.350953943438,4744.9229702841785,0.07660782193208875
39340,0.11701338148873652,2111.1152431297924,11858.410463018052,7089.974831775723,4768.435631242329,0.07661475580175962
39345,0.11702825355044073,1991.6116036596604,11857.081637542535,7068.214729676172,4788.866907866362,0.0766183518458499
39350,0.11704312561214494,1879.5093546718554,11853.214977664216,7047.9914293023285,4805.223548361888,0.0766532868402859
39355,0.11705799767384917,1774.5747840781933,11846.807634323164,7030.148633841172,4816.659000481992,0.0766822567892662
39360,0.11707286973555338,1676.5394576953267,11837.921940583205,7015.406980074948,4822.514960508257,0.07672253283751237
39365,0.11708774179725759,1585.164674035963,11826.67983536918,7004.326381970514,4822.353453398665,0.0767579257042186
39370,0.1171026138589618,1500.2947226496153,11813.256345763253,6997.279463526384,4815.97688223687,0.07678662266182468
39375,0.11711748592066601,1421.8926514405985,11797.872169651502,6994.437688172014,4803.434481479489,0.0768204182996017
39380,0.11713235798237022,1350.054392137491,11780.78537872424,6995.770451230334,4785.014927493906,0.07687548726827406
39385,0.11714723004407443,1284.999822529282,11762.28234937227,7001.056077258543,4761.226272113727,0.07692207698172313
39390,0.11716210210577864,1227.0422432732585,11742.668164432893,7009.902573044408,4732.765591388485,0.07696009762895202
39395,0.11717697416748285,1176.5403740596494,11722.256840021344,7021.7753048716995,4700.4815351496445,0.07698954990494711
39400,0.11719184622918706,1133.8389606653118,11701.361764773097,7036.028582840144,4665.333181932953,0.07701052708042308
39405,0.11720671829089127,1099.2052102539183,11680.286675257095,7051.93842544124,4628.3482498158555,0.07702321037570001
39410,0.1172215903525955,1072.7684850478236,11659.317351524167,7068.734428759847,4590.58292276432,0.07702785793711799
39415,0.1172364624142997,1054.4700783746039,11638.714049084052,7085.629501456793,4553.084547627259,0.07706257319887719
39420,0.11725133447600392,1044.0286545787403,11618.70454540907,7101.847057810379,4516.857487598691,0.07708956273796637
39425,0.11726620653770813,1040.9252569224,11599.477617139019,7116.645916047303,4482.831701091715,0.07710799476740217
39430,0.11728107859941234,1044.4098343637788,11581.176801044972,7129.343503255435,4451.833297789537,0.07711826589702932
39435,0.11729595066111655,1053.529103152434,11563.894421551668,7139.337958483362,4424.556463068306,0.07712078433959012
39440,0.11731082272282076,1067.1733048182568,11547.66606086502,7146.129362398393,4401.536698466627,0.07711595745568589
39445,0.11732569478452497,1084.1371623575615,11532.465862319508,7149.339694134981,4383.126168184527,0.07710418162383788
39450,0.11734056684622918,1103.1883204516516,11518.203248751382,7148.730385421241,4369.472863330141,0.07708583422986812
39455,0.11735543890793339,1123.1351875099072,11504.721765075901,7144.215716473399,4360.506048602502,0.077082360610234
39460,0.1173703109696376,1142.885843116026,11491.800784094134,7135.869982951814,4355.93080114232,0.07708613660677012
39465,0.11738518303134182,1161.4908709176452,11479.160721757702,7123.926502000861,4355.234219756841,0.07708317365244853
39470,0.11740005509304603,1178.1656251101786,11466.472180693652,7108.767149550443,4357.705031143209,0.07707383466661934
39475,0.11741492715475024,1192.291093757245,11453.369087639194,7090.902132620027,4362.466955019167,0.07705844879586295
39480,0.11742979921645445,1203.396360126656,11439.465447797797,7070.94089745656,4368.524550341236,0.0770373059829925
39485,0.11744467127815866,1211.1287184839812,11424.374870880854,7049.556212014005,4374.81865886685,0.07701065347301521
39490,0.11745954333986287,1215.218989517739,11407.731610703073,7027.444322782481,4380.287287920592,0.07697869453783072
39495,0.11747441540156708,1215.449170200528,11389.211582081043,7005.284535702053,4383.92704637899,0.07694158934767067
39500,0.1174892874632713,1211.6274774039675,11368.551732473788,6983.7015717125805,4384.850160761208,0.07691779066444195
39505,0.1175041595249755,1203.572817331099,11345.56627001079,6963.233644809618,4382.332625201171,0.07690475902845796
39510,0.11751903158667971,1191.107685473814,11320.158560227264,6944.308498312696,4375.850061914568,0.07688636373600606
39515,0.11753390364838393,1174.0563571662578,11292.327940744459,6927.2287250958925,4365.099215648566,0.07686267270274175
39520,0.11754877571008815,1152.2445151831735,11262.171185965026,6912.1667020959785,4350.004483869047,0.07683372024555071
39525,0.11756364777179236,1125.4972497800118,11229.878802179539,6899.168498093881,4330.710304085658,0.07679951017109991
39530,0.11757851983349657,1093.6342619983252,11195.72668497246,6888.165274475178,4307.561410497282,0.07676001906109432
39535,0.11759339189520078,1056.463386606143,11160.063893585173,6878.990091482702,4281.073802102471,0.07671520036966882
39540,0.11760826395690499,1013.7754211761721,11123.297392328706,6871.397733830146,4251.899658498561,0.07666498995764837
39545,0.1176231360186092,965.3440513518763,11085.874605934267,6865.085210069637,4220.78939586463,0.07663283914425241
39550,0.11763800808031341,910.9340996670926,11048.264576812197,6859.710930241823,4188.5536465703735,0.0766077924527474
39555,0.11765288014201762,850.3195369810701,11010.938440198206,6854.911138073888,4156.027302124318,0.07657684089156445
39560,0.11766775220372183,783.3102211823343,10974.349878416224,6850.3128433820575,4124.037035034166,0.07653992274689031
39565,0.11768262426542604,709.7839326102503,10938.916190641175,6845.543141464307,4093.3730491768683,0.07649699548329285
39570,0.11769749632713025,629.7186941482096,10905.000616262072,6840.2353233116255,4064.7652929504466,0.07644804601248756
39575,0.11771236838883448,543.2200493252885,10872.896564379718,6834.032525372217,4038.8640390075016,0.07639309954363578
39580,0.11772724045053869,450.5389480430158,10842.814411613217,6826.589838841132,4016.2245727720847,0.07633222622249979
39585,0.1177421125122429,352.07777492807327,10814.87151754125,6817.575825570261,3997.2956919709895,0.07626873870297882
39590,0.11775698457394711,248.3842442389896,10789.086055261329,6806.6743110311845,3982.411744230144,0.07622175042258633
39595,0.11777185663565132,140.13479528603148,10765.375148520106,6793.587179630715,3971.787968889392,0.07618266747043882
39600,0.11778672869735553,28.110386051845126,10743.557635249119,6778.038706917183,3965.518928331936,0.07613817251511136
39605,0.11780160075905974,-86.83190163063864,10723.361537806362,6759.7817383154925,3963.57979949087,0.07608851483297772
39610,0.11781647282076395,-203.7881704393967,10704.436025739513,6738.605770669715,3965.830255069798,0.07603396086632037
39615,0.11783134488246816,-321.83527460635196,10686.367338687032,6714.3467172475275,3972.020621439505,0.07597478228314632
39620,0.11784621694417237,-440.05491202287976,10668.697840615416,6686.897850353956,3981.79999026146,0.07591526115454043
39625,0.11786108900587658,-557.5535489951972,10650.947150620721,6656.2211365116,3994.726014109121,0.07587521089260578
39630,0.1178759610675808,-673.4784489565236,10632.634177289905,6622.357931984934,4010.276245304971,0.07582974449399625
39635,0.11789083312928501,-787.0307620423064,10613.298886908682,6585.437820160696,4027.861066747986,0.07577901191863136
39640,0.11790570519098922,-897.4768965217927,10592.522746929293,6545.684277735283,4046.83846919401,0.07572310154213797
39645,0.11792057725269343,-1004.1592065488685,10569.946969125702,6503.41588379001,4066.5310853356914,0.07567148932560476
39650,0.11793544931439764,-1106.5064905343297,10545.28788653719,6459.041961220841,4086.245925316349,0.07562733520539934
39655,0.11795032137610185,-1204.0440719038497,10518.348994203274,6413.0518825533545,4105.297111649919,0.07559738574528792
39660,0.11796519343780607,-1296.4025007451119,10489.029341404506,6365.997785936853,4123.031555467654,0.07557906591439373
39665,0.11798006549951028,-1383.3233000442597,10457.328077897191,6318.4711106664645,4138.856967230727,0.07555478231909203
39670,0.11799493756121449,-1464.659777593145,10423.345040591217,6271.074117909909,4152.270922681309,0.07552415719468228
39675,0.1180098096229187,-1540.3708300280014,10387.27734110192,6224.3883140558255,4162.889027046095,0.07548679919349555
39680,0.1180246816846229,-1610.5059911306062,10349.411999434238,6178.942311473479,4170.469687960759,0.07544232195696342
39685,0.11803955374632713,-1675.1808205425568,10310.114778186302,6135.182005172867,4174.932773013435,0.07539036279171764
39690,0.11805442580803134,-1734.5431062935522,10269.815508529493,6093.445900501184,4176.369608028309,0.07534433876992927
39695,0.11806929786973555,-1788.732131666381,10228.990358188035,6053.947948139054,4175.042410048982,0.07533854952226858
39700,0.11808416993143976,-1837.835134382547,10188.141661615295,6016.769373111277,4171.372288504018,0.07532396303262337
39705,0.11809904199314397,-1881.8466425023162,10147.776100365452,5981.859867590571,4165.916232774881,0.0753002960771602
39710,0.11811391405484818,-1920.6371678528212,10108.382173379361,5949.047367293541,4159.33480608582,0.07526735582718107
39715,0.11812878611655239,-1953.937445465981,10070.408017352887,5918.054679389652,4152.353337963235,0.07522504130295582
39720,0.1181436581782566,-1981.3429224993552,10034.240708937337,5888.520658022895,4145.720050914442,0.07517333980118628
39725,0.11815853023996081,-2002.3406979806578,10000.18818394373,5860.023512613867,4140.164671329863,0.07511231863762594
39730,0.11817340230166502,-2016.3580183523964,9968.464826250467,5832.104145904658,4136.360680345809,0.07504239505053328
39735,0.11818827436336923,-2022.8282977759518,9939.181600911943,5804.288017547145,4134.893583364798,0.0750257161760714
39740,0.11820314642507346,-2021.2679856778832,9912.341335994604,5776.1047310760805,4136.236604918524,0.07499953411663958
39745,0.11821801848677767,-2011.3558194259658,9887.839418347445,5747.105170303028,4140.734248044417,0.07496397732038719
39750,0.11823289054848188,-1993.0052455434607,9865.46979938427,5716.876436683867,4148.593362700402,0.07491919027352917
39755,0.11824776261018609,-1966.421078521731,9844.935857512743,5685.055001470318,4159.880856042425,0.0748653211381443
39760,0.1182626346718903,-1932.1327345444179,9825.865381167552,5651.338393943373,4174.526987224179,0.07480251333787936
39765,0.11827750673359451,-1890.9985645886254,9807.828751311346,5615.495466416254,4192.333284895092,0.07473090169099694
39770,0.11829237879529872,-1844.1788217795374,9790.35932078453,5577.374914174327,4212.984406610202,0.07465061292479186
39775,0.11830725085700293,-1793.078412537784,9772.974990607749,5536.911406086815,4236.063584520934,0.07460741790934834
39780,0.11832212291870714,-1739.2643711610726,9755.200035261823,5494.1285088175855,4261.071526444238,0.0745721718294264
39785,0.11833699498041135,-1684.3663395357962,9736.586294014118,5449.137634105781,4287.448659908337,0.07452810143991537
39790,0.11835186704211556,-1629.970555705746,9716.732901115132,5402.132514727361,4314.600386387771,0.07447527042547387
39795,0.11836673910381978,-1577.5184722007598,9695.30377268558,5353.379167536396,4341.924605149184,0.07441375311109034
39800,0.118381611165524,-1528.2200432224554,9672.042120196329,5303.20183118041,4368.840289015919,0.07434363295081596
39805,0.1183964832272282,-1482.9892967350188,9646.781346557731,5251.965855116309,4394.815491441422,0.07432448275042913
39810,0.11841135528893242,-1442.4067247656958,9619.451823330224,5200.058868354935,4419.392954975289,0.07433711585720623
39815,0.11842622735063663,-1406.7100225190816,9590.08325249827,5147.8717195159425,4442.211532982328,0.07434676346986721
39820,0.11844109941234084,-1375.8123110474507,9558.802567922648,5095.780655177641,4463.021912745007,0.07435347422191377
39825,0.11845597147404505,-1349.3453477957855,9525.827595363138,5044.132030018276,4481.695565344862,0.07435734690377764
39830,0.11847084353574926,-1326.7241817994136,9491.4569226433,4993.230570700873,4498.226351942427,0.07435851918327122
39835,0.11848571559745347,-1307.2288899260193,9456.056595980515,4943.331884545094,4512.724711435421,0.07435715397742879
39840,0.11850058765915768,-1290.098123491166,9420.044337689915,4894.639530380239,4525.404807309676,0.07435342481788901
39845,0.11851545972086189,-1274.6280806783625,9383.871985473206,4847.306555553727,4536.565429919479,0.0743475018490616
39850,0.11853033178256611,-1260.2693173355365,9348.006820518494,4801.44095856658,4546.5658619519145,0.0743395402145438
39855,0.11854520384427032,-1246.7128157132875,9312.91242764473,4757.114094849143,4555.798332795586,0.07432967246673956
39860,0.11856007590597453,-1233.9563241158157,9279.029752313416,4714.370666854721,4564.659085458695,0.07431800625182093
39865,0.11857494796767874,-1222.3425095098073,9246.75909340198,4673.238707801514,4573.520385600467,0.07430462789373454
39870,0.11858982002938295,-1212.5621669149587,9216.443866951842,4633.737947730308,4582.705919221534,0.07428961169092042
39875,0.11860469209108716,-1205.6186618940965,9188.357035913137,4595.885168540474,4592.471867372663,0.07427303385601433
39880,0.11861956415279137,-1202.7537717514542,9162.691059633782,4559.695586580444,4602.995473053338,0.07425498921008009
39885,0.11863443621449558,-1205.3397096988538,9139.552031085183,4525.179878648533,4614.372152436649,0.07423560813244554
39890,0.1186493082761998,-1214.7467145903584,9118.958338104538,4492.3371005486115,4626.621237555926,0.07422796053395721
39895,0.118664180337904,-1232.199402981977,9100.843753508361,4461.144351258845,4639.699402249516,0.07427973045147465
39900,0.11867905239960821,-1258.6373998239342,9085.064410783902,4431.544543212735,4653.519867571166,0.07433003821464523
39905,0.11869392446131244,-1294.5961133746996,9071.408753040636,4403.434001812878,4667.974751227758,0.07437892406896866
39910,0.11870879652301665,-1340.1217801477906,9059.609333553408,4376.651798787028,4682.9575347663795,0.07442650650838369
39915,0.11872366858472086,-1394.7313281910237,9049.35533801281,4350.972695223971,4698.38264278884,0.07447296320314004
39920,0.11873854064642507,-1457.422717415573,9040.304882681556,4326.105313027632,4714.199569653923,0.07451850489228867
39925,0.11875341270812928,-1526.7358689338153,9032.096463839936,4301.696671824403,4730.399792015533,0.07456334529393191
39930,0.11876828476983349,-1600.8587522900434,9024.359308443007,4277.343559511771,4747.015748931236,0.07460767058954157
39935,0.1187831568315377,-1677.768268370486,9016.722715960883,4252.610424527278,4764.112291433605,0.07465161207915182
39940,0.11879802889324191,-1755.3917841190842,9008.824718439459,4227.052693520075,4781.7720249193835,0.07469522520304825
39945,0.11881290095494612,-1831.7729787874641,9000.320484472562,4200.243747697133,4800.07673677543,0.07473847736329808
39950,0.11882777301665033,-1905.225313974025,8990.890853215395,4171.803337112855,4819.08751610254,0.07478124596657512
39955,0.11884264507835454,-1974.4579515798678,8980.251234241678,4141.425035170319,4838.826199071359,0.07482332696374643
39960,0.11885751714005877,-2038.6620478023087,8968.160890160401,4108.900439647259,4859.260450513142,0.07486445298755905
39965,0.11887238920176298,-2097.54957380857,8954.432376220957,4074.13816240872,4880.294213812237,0.07490431908709037
39970,0.11888726126346719,-2151.3416134325525,8938.940684243964,4037.1761357000455,4901.764548543919,0.07494261313026906
39975,0.1189021333251714,-2200.707981069033,8921.631458303777,3998.1863149335168,4923.44514337026,0.07497904730617737
39980,0.11891700538687561,-2246.664607066715,8902.52753881313,3957.47141682381,4945.056121989321,0.07501338691459361
39985,0.11893187744857982,-2290.439131519147,8881.733063483101,3915.453873121804,4966.279190361298,0.07504547285778214
39990,0.11894674951028403,-2333.318203331107,8859.434412833058,3872.657703456766,4986.776709376292,0.07507523496209442
39995,0.11896162157198824,-2376.4917514747567,8835.897430874364,3829.684514921222,5006.212915953141,0.07510269438793085
40000,0.11897649363369245,-2420.9096807549977,8811.46056663797,3787.185295057449,5024.275271580522,0.07512795479033695
40005,0.11899136569539666,-2467.1649213104647,8786.523851143464,3745.830018179523,5040.693832963941,0.07515118336916612
40010,0.11900623775710087,-2515.4136847426544,8761.533923910296,3706.2772495538907,5055.256674356406,0.07517258427806553
40015,0.1190211098188051,-2565.339600774083,8736.965626679616,3669.1458333127093,5067.819793366906,0.07519236784681273
40020,0.1190359818805093,-2616.1637722816567,8713.30096268533,3634.990359332326,5078.310603353005,0.07521071956579763
40025,0.11905085394221351,-2666.6983592449724,8691.006452858397,3604.2814665092933,5086.724986349103,0.07522777271495439
40030,0.11906572600391772,-2715.437591561499,8670.510086818955,3577.3912777996516,5093.118809019303,0.0752435879076875
40035,0.11908059806562193,-2760.6773645511767,8652.179154764008,3554.583552054536,5097.595602709472,0.07525814176185235
40040,0.11909547012732614,-2800.6527851366727,8636.300252020013,3536.007658083329,5100.292593936685,0.07527132557003485
40045,0.11911034218903035,-2833.6820628180303,8623.062672008136,3521.695350167883,5101.367321840253,0.07528295342727137
40050,0.11912521425073457,-2858.3048306526425,8612.546249748355,3511.5595714800666,5100.986678268288,0.07529277800102656
40055,0.11914008631243878,-2873.4033059870435,8604.71449359594,3505.395036450186,5099.319457145754,0.07530051118434124
40060,0.11915495837414299,-2878.295763327683,8599.413558145336,3502.8809611567394,5096.532596988596,0.0753058463890076
40065,0.1191698304358472,-2872.7937516901175,8596.377282438078,3503.58681081476,5092.790471623317,0.07530847926300631
40070,0.11918470249755142,-2857.2174194975987,8595.238167267216,3506.9821462444884,5088.2560210227275,0.07530812412052788
40075,0.11919957455925563,-2832.367078562189,8595.543820818317,3512.4515013254018,5083.092319492915,0.07530452424234702
40080,0.11921444662095984,-2799.4533789745474,8596.778090791051,3519.314744782349,5077.4633460087025,0.07529745527366741
40085,0.11922931868266405,-2759.9926613569833,8598.38584654151,3526.8526922134597,5071.533154328051,0.0752867220286572
40090,0.11924419074436826,-2715.6776704790072,8599.800190118607,3534.3369976610024,5065.463192457604,0.07527214993179267
40095,0.11925906280607247,-2668.2364254079857,8600.470762288394,3541.0627173528005,5059.408044935593,0.07525357295574445
40100,0.11927393486777668,-2619.293358259677,8599.891760310664,3546.3815059971457,5053.510254313518,0.0752308201894164
40105,0.11928880692948089,-2570.246687419988,8597.628284206789,3549.7332267178863,5047.895057488902,0.07520370309471973
40110,0.1193036789911851,-2522.174306707948,8593.339664668127,3550.6738297387556,5042.665834929371,0.0751720051560531
40115,0.11931855105288931,-2475.777292161494,8586.798493571489,3548.89765049401,5037.900843077478,0.07513547509914868
40120,0.11933342311459352,-2431.3656926394115,8577.904185102514,3544.2527446374984,5033.651440465015,0.0751491393544031
40125,0.11934829517629775,-2388.886087160181,8566.690061960697,3536.7484537102096,5029.941608250487,0.0752290553071933
40130,0.11936316723800196,-2347.9852305227387,8553.323213904006,3526.5550101655463,5026.76820373846,0.0753052924015501
40135,0.11937803929970617,-2308.0998661753283,8538.096737663927,3513.9955686636263,5024.1011690003015,0.07538974961590858
40140,0.11939291136141038,-2268.5602541264398,8521.414443604455,3499.5315220137377,5021.882921590717,0.07548688414433166
40145,0.11940778342311459,-2228.69458292911,8503.7686840657,3483.7422748861663,5020.026409179534,0.07557784182076117
40150,0.1194226554848188,-2187.923141176224,8485.712568923196,3467.300789145881,5018.411779777315,0.0756622183546549
40155,0.11943752754652301,-2145.834347592201,8467.828407489107,3450.9462007084785,5016.882206780629,0.07573958806958989
40160,0.11945239960822722,-2102.2385876203753,8450.694661058269,3435.454687458849,5015.23997359942,0.07580951215151079
40165,0.11946727166993143,-2057.199345253365,8434.853920795691,3421.6096017353643,5013.244319060326,0.07587154623234345
40170,0.11948214373163564,-2011.0436537295345,8420.784379777951,3410.1717250881607,5010.61265468979,0.07592524699880784
40175,0.11949701579333985,-1964.355123586125,8408.876926935136,3401.85039647205,5007.026530463087,0.07597017782932168
40180,0.11951188785504407,-1917.9528590079508,8399.41938763207,3397.276226667668,5002.143160964401,0.07600591370946144
40185,0.11952675991674828,-1872.8588464029845,8392.588654602703,3396.976142641386,4995.612511961317,0.07603204580026941
40190,0.1195416319784525,-1830.2554000386162,8388.450613859497,3401.35159121047,4987.099022649027,0.07604818600575758
40195,0.1195565040401567,-1791.4334377482128,8386.967003944043,3410.6608406579207,4976.306163286122,0.0760539717162473
40200,0.11957137610186092,-1757.732065312869,8388.007766840494,3425.0064017691234,4963.00136507137,0.07604907063562802
40205,0.11958624816356513,-1730.470346319291,8391.367126003559,3444.3285809642193,4947.03854503934,0.07603318529890599
40210,0.11960112022526934,-1710.8732342236544,8396.781576825633,3468.4060130003304,4928.375563825302,0.07600605662449983
40215,0.11961599228697355,-1699.995270664038,8403.948158897394,3496.8636607594385,4907.084498137956,0.07596746568943201
40220,0.11963086434867776,-1698.6474435468108,8412.541720039624,3529.188228096227,4883.353491943397,0.07591723291179153
40225,0.11964573641038197,-1707.3340438446376,8422.230286293689,3564.7502834731094,4857.480002820579,0.07587916505341531
40230,0.11966060847208618,-1726.2069410979338,8432.688036400637,3602.8317588657046,4829.856277534933,0.07583231100287909
40235,0.1196754805337904,-1755.0440499834758,8443.6056888473,3642.6570034300057,4800.948685417294,0.07577134114015494
40240,0.11969035259549461,-1793.2568110124412,8454.69832550067,3683.425336418702,4771.272989081968,0.07569609929171958
40245,0.11970522465719882,-1839.9284986659877,8465.710811242901,3724.343097327011,4741.36771391589,0.07560642140884488
40250,0.11972009671890303,-1893.8815656241723,8476.421054178953,3764.6534990636424,4711.76755511531,0.07550212281227445
40255,0.11973496878060724,-1953.7685782207327,8486.641416874669,3803.6630605261166,4682.978356348553,0.07542710517772733
40260,0.11974984084231145,-2018.178115095333,8496.21865319315,3840.763911151361,4655.454742041788,0.07534390130829971
40265,0.11976471290401566,-2085.7447410835975,8505.032806272104,3875.4517152053363,4629.581091066768,0.07524293882820837
40270,0.11977958496571987,-2155.2512077969504,8512.995544308527,3907.3392893002238,4605.656255008304,0.07520777186165697
40275,0.11979445702742408,-2225.711625733942,8520.04840908722,3936.1661639038916,4583.8822451833275,0.07515534377002817
40280,0.1198093290891283,-2296.4265355243997,8526.161389257848,3961.804391762345,4564.356997495503,0.07508151630749023
40285,0.1198242011508325,-2367.004305465759,8531.332100938716,3984.260878270718,4547.071222667999,0.07498563337713422
40290,0.11983907321253673,-2437.3475236368895,8535.585673606003,4003.6764436653093,4531.909229940694,0.07508269757046597
40295,0.11985394527424094,-2507.607296524123,8538.975226587794,4020.321748770439,4518.653477817355,0.07517742253419055
40300,0.11986881733594515,-2578.111923848948,8541.582618597151,4034.590129399168,4506.992489197983,0.07528449074917636
40305,0.11988368939764936,-2649.2788374325182,8543.519000027589,4046.9872870746553,4496.531712952934,0.07539967142253533
40310,0.11989856145935357,-2721.519820411253,8544.924628852803,4058.1176846128938,4486.806944239909,0.07550262329963828
40315,0.11991343352105778,-2795.1494596683724,8545.967443784675,4068.667426081252,4477.300017703423,0.0755925199579438
40320,0.11992830558276199,-2870.3057574485983,8546.840019267722,4079.383412337587,4467.4566069301345,0.07566860075860472
40325,0.1199431776444662,-2946.8900916129533,8547.75473033345,4091.0487058012723,4456.706024532178,0.07573017672539213
40330,0.11995804970617041,-3024.531500381292,8548.937189344304,4104.454335263102,4444.482854081202,0.07577663001708514
40335,0.11997292176787462,-3102.5777916898196,8550.618233394083,4120.368202343019,4430.250031051064,0.0758074076379304
40340,0.11998779382957883,-3180.113460078963,8553.024899802038,4139.502247125595,4413.522652676443,0.07582201061779335
40345,0.12000266589128306,-3256.0020642747795,8556.370904777847,4162.479491978483,4393.891412799364,0.075819980297041
40350,0.12001753795298727,-3328.9487877915553,8560.847138235938,4189.802907559331,4371.044230676607,0.075800883548634
40355,0.12003241001469148,-3397.5775184393724,8566.612629973346,4221.828158702703,4344.784471270643,0.07581613586937808
40360,0.12004728207639569,-3460.515986058952,8573.786367727293,4258.7421614707755,4315.044206256517,0.0758149853644469
40365,0.1200621541380999,-3516.4822336988555,8582.440294910017,4300.549036648763,4281.891258261254,0.07579306085205209
40370,0.12007702619980411,-3564.3658522772585,8592.593809394666,4347.064537079596,4245.52927231507,0.07574967292243166
40375,0.12009189826150832,-3603.2978823252142,8604.210122750757,4397.919431844766,4206.290690905991,0.07575549548942882
40380,0.12010677032321253,-3632.704051901702,8617.194892414274,4452.571723755007,4164.623168659267,0.07574348874198866
40385,0.12012164238491674,-3652.3371316657667,8631.39755925744,4510.327019856076,4121.070539401365,0.07570550709476057
40390,0.12013651444662095,-3662.28572263605,8646.615761255092,4570.365913715889,4076.249847539203,0.07574199441112961
40395,0.12015138650832516,-3662.958750523545,8662.603020617978,4631.776904498798,4030.8261161191804,0.0756671016117334
40400,0.12016625857002938,-3655.047171351742,8679.079620284478,4693.593188387276,3985.4864318972013,0.07552063716891173
40405,0.1201811306317336,-3639.4665970966125,8695.746235037885,4754.831613019661,3940.914622018224,0.07547098305183131
40410,0.1201960026934378,-3617.2863755424924,8712.299527950987,4814.5321642622575,3897.7673636887293,0.07538931139148596
40415,0.12021087475514201,-3589.651839718904,8728.44863780696,4871.796513878045,3856.652123928915,0.07527493824685243
40420,0.12022574681684622,-3557.706890542191,8743.931329440386,4925.824338477662,3818.106990962723,0.07537126110390434
40425,0.12024061887855043,-3522.5238681965366,8758.528590553871,4975.946267736654,3782.5823228172176,0.07551347110423871
40430,0.12025549094025464,-3485.046936516337,8772.076633285129,5021.652397408795,3750.424235876334,0.07557553317271452
40435,0.12027036300195885,-3446.0540205123916,8784.475559023096,5062.615311027009,3721.8602479960873,0.07550619811450138
40440,0.12028523506366307,-3406.1406663770285,8795.694306896623,5098.706533939559,3696.9877729570635,0.0752979337355591
40445,0.12030010712536728,-3365.726976144596,8805.771856654128,5130.005362232527,3675.7664944216012,0.07494717953844676
40450,0.12031497918707149,-3325.0860688665534,8814.814931378807,5156.799137835237,3658.01579354357,0.07464621282181906
40455,0.12032985124877571,-3284.3896357476597,8822.992607810784,5179.574326763471,3643.418281047313,0.07477252509638467
40460,0.12034472331047992,-3243.7636142453794,8830.528291756775,5198.998205612663,3631.530086144112,0.07491754847876372
40465,0.12035959537218413,-3203.3454098563225,8837.68948754423,5215.891533246081,3621.7979542981493,0.07493729565402826
40470,0.12037446743388834,-3163.3339087606428,8844.775739463814,5231.193209155797,3613.5825303080164,0.07482291367637578
40475,0.12038933949559255,-3124.0248930857306,8852.105105855117,5245.918514780729,3606.1865910743873,0.07479136688582495
40480,0.12040421155729676,-3085.827149716971,8859.999579461242,5261.113025419884,3598.886554041358,0.07478220761805766
40485,0.12041908361900097,-3049.2579918632973,8868.769994127404,5277.80461635729,3590.965377770114,0.07480479062767678
40490,0.12043395568070518,-3014.9203738938077,8878.701126476612,5296.956140764271,3581.74498571234,0.0748005948784544
40495,0.12044882774240939,-2983.466596373719,8890.037855507177,5319.42132436765,3570.616531139526,0.07476860928505884
40500,0.1204636998041136,-2955.5552876360653,8902.973320723633,5345.906214709891,3557.067106013742,0.07474108638036893
40505,0.12047857186581781,-2931.8087072499757,8917.639972093595,5376.938165147462,3540.701806946133,0.07479772554003872
40510,0.12049344392752204,-2912.7765206997137,8934.104215416668,5412.843859021524,3521.2603563951443,0.07484847808059902
40515,0.12050831598922625,-2898.910334654378,8952.365044171136,5453.737328754777,3498.627715416359,0.07489330745075717
40520,0.12052318805093046,-2890.5508783090354,8972.356665815416,5499.518342207487,3472.838323607929,0.0749321502256143
40525,0.12053806011263467,-2887.9272362971724,8993.954746298445,5549.880955636499,3444.073790661946,0.07497495837723761
40530,0.12055293217433888,-2891.165433985372,9016.985578988983,5604.331500031002,3412.6540789579803,0.07504296413844468
40535,0.12056780423604309,-2900.302324796896,9041.23728154879,5662.214794192639,3379.022487356152,0.0751084880441878
40540,0.1205826762977473,-2915.3003697585364,9066.472054622374,5722.746974571797,3343.725080050577,0.07516648296921784
40545,0.12059754835945151,-2936.059565229294,9092.438587177348,5785.053012220901,3307.3855749564473,0.0752167638598486
40550,0.12061242042115572,-2962.424259437028,9118.883829571723,5848.206775703888,3270.6770538678356,0.07525916107541987
40555,0.12062729248285993,-2994.184490943403,9145.563532926735,5911.27142987401,3234.292103052725,0.07529353349368592
40560,0.12064216454456414,-3031.0732802533357,9172.251133317062,5973.338064981968,3198.913068335094,0.07531977950315977
40565,0.12065703660626836,-3072.762570001425,9198.744718036203,6033.560736441965,3165.1839815942385,0.07533784452888022
40570,0.12067190866797257,-3118.8609892626437,9224.871943152879,6091.186532807064,3133.6854103458145,0.07537533836610649
40575,0.12068678072967678,-3168.916291871249,9250.492884078218,6145.5798106688,3104.913073409418,0.07542445131224731
40580,0.120701652791381,-3222.424344613916,9275.500906171432,6196.240251869048,3079.260654302384,0.07546540593877839
40585,0.1207165248530852,-3278.8451657757423,9299.821748936998,6242.814827732961,3057.006921204037,0.0754974919770809
40590,0.12073139691478942,-3337.6250075270955,9323.41112549873,6285.104043639008,3038.3070818597216,0.07552089124581705
40595,0.12074626897649363,-3398.222107885541,9346.251240633272,6323.062974116847,3023.188266516425,0.07553579944713308
40600,0.12076114103819784,-3460.1327777613615,9368.346711180771,6356.797611959463,3011.549099221308,0.07554240851960473
40605,0.12077601309990205,-3522.91416663954,9389.72041434391,6386.55699716215,3003.1634171817605,0.07554089056648605
40610,0.12079088516160626,-3586.2004828309027,9410.409773971416,6412.721519645633,2997.6882543257834,0.07553138482275605
40615,0.12080575722331047,-3649.710555503543,9430.463907857424,6435.78774778593,2994.6761600714935,0.07554603286973915
40620,0.12082062928501469,-3713.2461356500708,9449.941895418335,6456.350144908706,2993.5917505096286,0.07557065850943143
40625,0.1208355013467189,-3776.681841774379,9468.912196329451,6475.080097928706,2993.832098400745,0.07558668771673101
40630,0.12085037340842311,-3839.9487892163816,9487.452989317368,6492.702780397843,2994.750208919525,0.07559411003041669
40635,0.12086524547012732,-3903.0144875506758,9505.652958084795,6509.972483289526,2995.6804747952683,0.07559289639654738
40640,0.12088011753183153,-3965.8615499489506,9523.611888909923,6527.647148851111,2995.964740058813,0.07558300865656341
40645,0.12089498959353574,-4028.4673052326953,9541.440413782455,6546.462918666819,2994.977495115636,0.0755644100784125
40650,0.12090986165523995,-4090.785778348837,9559.258358564308,6567.109545886173,2992.148812678135,0.07553707550973604
40655,0.12092473371694416,-4152.732915256126,9577.191421912888,6590.2075173359035,2986.983904576985,0.0755069015812103
40660,0.12093960577864837,-4214.175489731369,9595.366261641393,6616.287680822638,2979.0785808187547,0.07546819915535133
40665,0.12095447784035258,-4274.923871005735,9613.904418268468,6645.774075564919,2968.130342703549,0.07546073649211568
40670,0.1209693499020568,-4334.728729716519,9632.9157753726,6678.9705216369075,2953.945253735692,0.07544824710040005
40675,0.12098422196376102,-4393.281779915537,9652.492379800722,6716.051345709716,2936.4410340910063,0.07542657795423155
40680,0.12099909402546523,-4450.220756442205,9672.703398476891,6757.056420974716,2915.646977502175,0.075395842925562
40685,0.12101396608716944,-4505.13894680238,9693.591793325722,6801.8905019549775,2891.701291370745,0.07544229337744172
40690,0.12102883814887365,-4557.599625041496,9715.173007247351,6850.326666133612,2864.846341113739,0.07555240318191613
40695,0.12104371021057786,-4607.155527100405,9737.435643843186,6902.013555964331,2835.4220878788547,0.0756105596739789
40700,0.12105858227228207,-4653.372940737681,9760.34385876066,6956.486057835548,2803.8578009251114,0.075612929232062
40705,0.12107345433398628,-4695.859051077882,9783.841007199038,7013.179054552826,2770.6619526462127,0.07560619329224917
40710,0.12108832639569049,-4734.2900609122535,9807.85402748968,7071.443926139742,2736.4101013499385,0.07572108665058462
40715,0.1211031984573947,-4768.436640355657,9832.298074106566,7130.567522920886,2701.7305511856794,0.07578075196956356
40720,0.12111807051909891,-4798.182858269317,9857.081014970152,7189.793366920292,2667.28764804986,0.0757805650172393
40725,0.12113294258080312,-4823.535195853897,9882.107539458792,7248.344831230079,2633.7627082287127,0.0757423122194684
40730,0.12114781464250735,-4844.619564304193,9907.28275052065,7305.449991367362,2601.832759153288,0.07586577958415315
40735,0.12116268670421156,-4861.6661732552175,9932.515212839526,7360.367736740955,2572.147476098571,0.07593103717114952
40740,0.12117755876591577,-4874.984167866125,9957.71948905574,7412.414579738753,2545.3049093169875,0.07593241777088178
40745,0.12119243082761998,-4884.929712844534,9982.818219738114,7460.991413068059,2521.826806670055,0.0758650776955353
40750,0.12120730288932419,-4891.872347073008,10007.74380109071,7505.609253929149,2502.1345471615605,0.07600332859581965
40755,0.1212221749510284,-4896.164853239031,10032.439702388592,7545.912793679826,2486.5269087087663,0.07608057547691974
40760,0.12123704701273261,-4898.12159758459,10056.861457619809,7581.70037315565,2475.161084464159,0.0760898342036206
40765,0.12125191907443682,-4898.009333144828,10080.977372869513,7612.938871929855,2468.0385009396578,0.07602396665943037
40770,0.12126679113614103,-4896.052843120731,10104.7690136765,7639.771991811204,2464.997021865295,0.07608742356455586
40775,0.12128166319784524,-4892.455584477539,10128.231565128368,7662.520587709836,2465.710977418532,0.0761827593431898
40780,0.12129653525954945,-4887.432875930147,10151.374172759477,7681.6740885256295,2469.7000842338475,0.07620584345565666
40785,0.12131140732125367,-4881.252572354653,10174.220352830682,7697.872651867309,2476.3477009633725,0.07614799007822994
40790,0.12132627938295788,-4874.276154089674,10196.808492216362,7711.880452088722,2484.928040127639,0.07612219210651493
40795,0.1213411514446621,-4866.992303259976,10219.192344092193,7724.551308766727,2494.641035325466,0.07623985796359278
40800,0.1213560235063663,-4860.035691974669,10241.441290234623,7736.788597147525,2504.6526930870978,0.07628106472836384
40805,0.12137089556807051,-4854.185853386201,10263.640025115263,7749.5019278125765,2514.138097302686,0.07623570002759383
40810,0.12138576762977472,-4850.3442446675635,10285.887266457676,7763.5633627367515,2522.323903720924,0.07617550683630932
40815,0.12140063969147893,-4849.491269812405,10308.293144577367,7779.765924888576,2528.527219688791,0.07628935930642339
40820,0.12141551175318314,-4852.62836755034,10330.975075938964,7798.78688462299,2532.188191315974,0.07635168986889704
40825,0.12143038381488735,-4860.712669884198,10354.052160897985,7821.157829320608,2532.8943315773777,0.07632266514727423
40830,0.12144525587659157,-4874.592842184615,10377.638411760192,7847.242919422957,2530.395492337235,0.07631649787498165
40835,0.12146012793829578,-4894.954459299944,10401.835353974437,7877.226080960807,2524.6092730136297,0.07631664146450594
40840,0.121475,-4922.281826381384,10426.724696247167,7911.107250236008,2515.617446011159,0.0764017111032748
40845,0.12148987206170421,-4956.840835767287,10452.3618027443,7948.707227080518,2503.6545756637825,0.07639214793160322
40850,0.12150474412340842,-4998.684637152697,10478.770620158251,7989.680251168192,2489.0903689900597,0.07638649665069128
40855,0.12151961618511263,-5047.680962898648,10505.940539697183,8033.5331144938855,2472.407425203298,0.0763516382822805
40860,0.12153448824681684,-5103.557247320254,10533.825451985163,8079.649462903387,2454.1759890817766,0.07639019384158509
40865,0.12154936030852105,-5165.957526107124,10562.345028117988,8127.317897913427,2435.027130204561,0.07640316901848333
40870,0.12156423237022526,-5234.503757115756,10591.388070116145,8175.762528604941,2415.6255415112046,0.07639765252362549
40875,0.12157910443192947,-5308.853824759873,10620.817638521234,8224.17470152268,2396.6429369985544,0.07634506466253345
40880,0.12159397649363368,-5388.749100228796,10650.47758428203,8271.744725740205,2378.7328585418254,0.07630109095146956
40885,0.12160884855533789,-5474.045910345169,10680.200072335427,8317.692501543137,2362.5075707922897,0.07634008724236986
40890,0.1216237206170421,-5564.727388258126,10709.813666057948,8361.296061979967,2348.5176040779806,0.07635444341781908
40895,0.12163859267874633,-5660.8946488634765,10739.151530348588,8401.91715889081,2337.2343714577783,0.07628991813844188
40900,0.12165346474045054,-5762.738745549763,10768.05930230531,8439.023173144335,2329.036129160975,0.07613262971183106
40905,0.12166833680215475,-5870.49712765559,10796.402178896948,8472.20479220251,2324.1973866944372,0.07620105970881222
40910,0.12168320886385896,-5984.400058131163,10824.070792995277,8501.189055211362,2322.881737783915,0.07623209468039417
40915,0.12169808092556317,-6104.613445182411,10850.985503356736,8525.847494746977,2325.1380086097597,0.07616185762425876
40920,0.12171295298726738,-6231.1846665258245,10877.098814735436,8546.199195546618,2330.899619188818,0.07597454221179271
40925,0.12172782504897159,-6363.997246442032,10902.395767434238,8562.408654626186,2339.987112808052,0.07598413988355174
40930,0.1217426971106758,-6502.738874717925,10926.892281759167,8574.778393486333,2352.1138882728337,0.07602141609212494
40935,0.12175756917238001,-6646.885533267888,10950.631599917051,8583.736379212403,2366.8952207046477,0.07595266894390683
40940,0.12177244123408422,-6795.702729385966,10973.679122632133,8589.818486963586,2383.860635668547,0.07576565512274842
40945,0.12178731329578843,-6948.2632409110765,10996.116075582884,8593.646488422763,2402.4695871601216,0.07568455811108223
40950,0.12180218535749265,-7103.479443682996,11018.03254502038,8595.902355737644,2422.130189282736,0.07573119867053804
40955,0.12181705741919686,-7260.147205058482,11039.520475650153,8597.299978816673,2442.220496833481,0.07567254370876958
40960,0.12183192948090107,-7416.997462226142,11060.66721374065,8598.555645229193,2462.1115685114564,0.07549624094683613
40965,0.12184680154260528,-7572.750984484368,11081.550100962691,8600.358774560655,2481.191326402037,0.07530655901861795
40970,0.1218616736043095,-7726.171533000706,11102.232489567463,8603.344405333579,2498.888084233884,0.07536953776847337
40975,0.1218765456660137,-7876.1127914342205,11122.761380077212,8608.068804415729,2514.6925756614837,0.07532935009234001
40980,0.12189141772771792,-8021.5551138802,11143.166708420908,8614.989331837873,2528.177376583035,0.07517349382916963
40985,0.12190628978942213,-8161.629293413271,11163.462157925078,8624.44938521871,2539.012772706368,0.0749011313555138
40990,0.12192116185112634,-8295.626053692646,11183.647259752099,8636.668903784876,2546.9783559672233,0.07493801436036851
40995,0.12193603391283055,-8422.99158427676,11203.710476046354,8651.740561052782,2551.9699149935714,0.07492249418147666
41000,0.12195090597453476,-8543.310934143818,11223.632924549413,8669.631438691713,2554.0014858576997,0.07479437007239037
41005,0.12196577803623898,-8656.282255315162,11243.392388888875,8690.189669364674,2553.202719524201,0.07454281418391812
41010,0.12198065009794319,-8761.685659104676,11262.967256204223,8713.155281512829,2549.8119746913944,0.07443182680688246
41015,0.1219955221596474,-8859.350827071983,11282.340032974565,8738.174294438199,2544.165738536367,0.07444465349267138
41020,0.12201039422135161,-8949.12758152518,11301.500118323254,8764.815017748942,2536.685100574312,0.07434923893478045
41025,0.12202526628305582,-9030.86342026666,11320.445571184167,8792.585520041961,2527.8600511422064,0.07413467810716133
41030,0.12204013834476003,-9104.391527472453,11339.183697857094,8820.95134980049,2518.232348056603,0.07384655333121962
41035,0.12205501040646424,-9169.531867161144,11357.73040403374,8849.352801757035,2508.377602276705,0.0738901897777979
41040,0.12206988246816845,-9226.106506831886,11376.108384696778,8877.221290117935,2498.887094578842,0.07383148056161773
41045,0.12208475452987266,-9273.968268752404,11394.344345234513,8903.994668011808,2490.3496772227045,0.07365941532738476
41050,0.12209962659157687,-9313.039355379171,11412.465538040056,8929.131568617377,2483.3339694226797,0.07340092246852767
41055,0.12211449865328108,-9343.354212260205,11430.49594890336,8952.124995436237,2478.3709534671234,0.07325951160557313
41060,0.12212937071498531,-9365.099235442778,11448.452475736936,8972.515433953822,2475.937041783114,0.07324112202614613
41065,0.12214424277668952,-9378.64162466161,11466.341417586282,8989.903693454045,2476.4377241322363,0.07311642634309094
41070,0.12215911483839373,-9384.541044433592,11484.155548806044,9003.963532635837,2480.1920161702074,0.07287643366567037
41075,0.12217398690009794,-9383.540626098234,11501.87200536345,9014.453901995714,2487.418103367736,0.07261231079410115
41080,0.12218885896180215,-9376.537629929198,11519.45116515697,9021.230378935534,2498.2207862214364,0.07258949639491509
41085,0.12220373102350636,-9364.53794810082,11536.836661806923,9024.255109562799,2512.5815522441244,0.07250861723104766
41090,0.12221860308521057,-9348.60169790991,11553.956624799126,9023.60434102359,2530.3522837755354,0.0723273644447966
41095,0.12223347514691478,-9329.788687118094,11570.726179482424,9019.472475618504,2551.2537038639202,0.0720822159168618
41100,0.12224834720861899,-9309.112052600767,11587.051162774791,9012.171554386192,2574.879608388599,0.071941504547209
41105,0.1222632192703232,-9287.505861949254,11602.832916152296,9002.125228990326,2600.70768716197,0.0718611279930829
41110,0.12227809133202741,-9265.808538597797,11617.973915907818,8989.856628274,2628.1172876338187,0.07172751166969703
41115,0.12229296339373164,-9244.759809954989,11632.383906258461,8975.970050960203,2656.4138552982586,0.07150102498336533
41120,0.12230783545543585,-9225.005833293933,11645.986128941198,8961.127052653565,2684.859076287634,0.0712727202992519
41125,0.12232270751714006,-9207.10614624372,11658.723204860813,8946.018140083528,2712.705064777285,0.07121846407232071
41130,0.12233757957884427,-9191.537209281783,11670.562224332441,8931.331821829648,2739.2304025027934,0.07108973950778245
41135,0.12235245164054848,-9178.68986219323,11681.498640476608,8917.72309465741,2763.7755458191987,0.07104290556072428
41140,0.12236732370225269,-9168.860944683847,11691.558628357807,8905.783515322642,2785.7751130351644,0.07105512834926671
41145,0.1223821957639569,-9162.241690520728,11700.799660737392,8896.014823230022,2804.78483750737,0.07106486171275862
41150,0.12239706782566111,-9158.906758981626,11709.309150705247,8888.807692868877,2820.50145783637,0.0710795488165021
41155,0.12241193988736532,-9158.807820426626,11717.20111581963,8884.426687660798,2832.774428158831,0.07109991130171238
41160,0.12242681194906953,-9161.774695054697,11724.61092604904,8883.001942751507,2841.608983297532,0.07111837210136412
41165,0.12244168401077374,-9167.525562305023,11731.688311141366,8884.527591954566,2847.1607191868006,0.0711350317216975
41170,0.12245655607247796,-9175.686161643856,11738.58892565462,8888.866518759081,2849.7224068955384,0.07114995941894584
41175,0.12247142813418217,-9185.816563698078,11745.46490213702,8895.760677213055,2849.7042249239657,0.07116318563770134
41180,0.12248630019588638,-9197.443216240805,11752.454957161157,8904.846004096542,2847.608953064615,0.0711746973163393
41185,0.1225011722575906,-9210.093589460766,11759.674733116462,8915.670827385215,2844.003905731248,0.07118443654888292
41190,0.1225160443192948,-9223.33074306684,11767.208134514398,8927.716657934197,2839.4914765802005,0.07120647769744758
41195,0.12253091638099901,-9236.785333949327,11775.100423147544,8940.420314574438,2834.680108573106,0.07128912400387293
41200,0.12254578844270322,-9250.182821252209,11783.353751306007,8953.196454060317,2830.1572972456906,0.07154637098443112
41205,0.12256066050440743,-9263.363831768324,11791.925631836211,8965.459729259139,2826.4659025770725,0.07179398657590987
41210,0.12257553256611164,-9276.295846451641,11800.730583432949,8976.645954820142,2824.084628612807,0.07203261345472735
41215,0.12259040462781585,-9289.074653857855,11809.644882587094,8986.23179677738,2823.413085809714,0.07226292992811986
41220,0.12260527668952007,-9301.914507885007,11818.514044993639,8993.752605913556,2824.7614390800827,0.07248550167110016
41225,0.12262014875122429,-9315.126716880906,11827.162394938436,8998.818077063619,2828.3443178748166,0.07270066082451741
41230,0.1226350208129285,-9329.087501604612,11835.403898841647,9001.125439281188,2834.278459560459,0.07290843587422657
41235,0.12264989287463271,-9344.197307559883,11843.053359610825,9000.469874361497,2842.583485249328,0.07310854407859729
41240,0.12266476493633692,-9360.835138433786,11849.937093063438,8996.75183975764,2853.1852533057972,0.07333045597870684
41245,0.12267963699804113,-9379.312585927995,11855.90231935577,8989.980956382786,2865.921362972984,0.07359210068704015
41250,0.12269450905974534,-9399.832744432653,11860.824672588002,8980.276132385112,2880.54854020289,0.0738458388216051
41255,0.12270938112144955,-9422.458900078254,11864.613429071955,8967.861648802529,2896.7517802694256,0.07409234861942696
41260,0.12272425318315376,-9447.096769564143,11867.214254059667,8953.059046206723,2914.155207852944,0.07433218771431899
41265,0.12273912524485797,-9473.49236218427,11868.6094538591,8936.274831153769,2932.3346227053316,0.07456564348131484
41270,0.12275399730656218,-9501.245618743578,11868.815891787472,8917.98426508994,2950.8316266975307,0.07479265060745983
41275,0.12276886936826639,-9529.838208840003,11867.88088324963,8898.711788396049,2969.1690948535816,0.07501278874228344
41280,0.12278374142997062,-9558.67248584124,11865.876524922767,8879.00893275946,2986.8675921633076,0.07522535492013104
41285,0.12279861349167483,-9587.1176914819,11862.893024184603,8859.430836604779,3003.462187579824,0.07545288857307561
41290,0.12281348555337904,-9614.559037311703,11859.031658097401,8840.512649442864,3018.519008654537,0.07569112621888319
41295,0.12282835761508325,-9640.445192960393,11854.3979864443,8822.747154143464,3031.6508323008366,0.07592230202530961
41300,0.12284322967678746,-9664.329915396671,11849.095860190922,8806.564840933313,3042.531019257609,0.07614584391936102
41305,0.12285810173849167,-9685.904023914767,11843.222612771042,8792.317454579501,3050.905158191541,0.07636095482882349
41310,0.12287297380019588,-9705.014649801667,11836.86562323354,8780.26575101552,3056.5998722180193,0.07656675842173037
41315,0.12288784586190009,-9721.669658162617,11830.100236742532,8770.5718918791,3059.528344863431,0.07676244554940984
41320,0.1229027179236043,-9736.026323080478,11822.988859704557,8763.296613429702,3059.6922462748553,0.07694738963457114
41325,0.12291758998530851,-9748.364676927471,11815.580944120537,8758.401047669018,3057.1798964515183,0.0771212091043602
41330,0.12293246204701272,-9759.047363690448,11807.91355059352,8755.752847813204,3052.1607027803148,0.07730382791563174
41335,0.12294733410871694,-9768.469206735372,11800.01222387493,8755.136069968468,3044.8761539064617,0.0775080593258535
41340,0.12296220617042115,-9777.000949277966,11791.892005295711,8756.264085142537,3035.6279201531743,0.0777016532391261
41345,0.12297707823212536,-9784.93261851095,11783.558511258965,8758.794649166703,3024.7638620922626,0.07788409815023116
41350,0.12299195029382957,-9792.422540168163,11775.009095269388,8762.34616255875,3012.6629327106384,0.07805509963565666
41355,0.12300682235553378,-9799.457991688803,11766.234159293026,8766.514132381668,2999.720026911358,0.07821454148265852
41360,0.123021694417238,-9805.832649334634,11757.218677587687,8770.886922533122,2986.3317550545653,0.0783624069504552
41365,0.1230365664789422,-9811.144287433257,11747.943945220752,8775.060050265849,2972.8838949549026,0.07849868100288318
41370,0.12305143854064642,-9814.813751298225,11738.389480211206,8778.648534865266,2959.7409453459404,0.07865941790037309
41375,0.12306631060235063,-9816.123395211365,11728.5349176053,8781.297088305782,2947.237829299518,0.07882541775228093
41380,0.12308118266405484,-9814.270457250237,11718.36166397957,8782.688205425127,2935.673458554442,0.0789792058162422
41385,0.12309605472575905,-9808.428766929148,11707.854055500931,8782.54841451192,2925.3056409890105,0.07912050137562567
41390,0.12311092678746327,-9797.811160212392,11696.99979440614,8780.653056883733,2916.3467375224063,0.07924895889876561
41395,0.12312579884916748,-9781.72518670723,11685.789526185674,8776.829968680682,2908.9595575049916,0.07936410986940201
41400,0.12314067091087169,-9759.61604563599,11674.215548437911,8770.962355456448,2903.253192981463,0.07947380903995047
41405,0.1231555429725759,-9731.092874626629,11662.26978939304,8762.991011546268,2899.278777846772,0.07961840214649067
41410,0.12317041503428011,-9695.937118190383,11649.941333682007,8752.915877665275,2897.0254560167323,0.07974879820213832
41415,0.12318528709598432,-9654.094286226358,11637.213880952584,8740.796782547746,2896.417098404838,0.07986435338607487
41420,0.12320015915768853,-9605.652590178435,11624.06358001706,8726.75309872624,2897.3104812908205,0.07996434513243078
41425,0.12321503121939274,-9550.81340289062,11610.457674598723,8710.961972011508,2899.4957025872154,0.08004796003386938
41430,0.12322990328109695,-9489.85901479771,11596.354321766787,8693.654769814335,2902.6995519524517,0.08016247242521989
41435,0.12324477534280116,-9423.122689375314,11581.70380605028,8675.111446432802,2906.592359617478,0.08028667154387582
41440,0.12325964740450537,-9350.964690173118,11566.451187065853,8655.652651727356,2910.7985353384975,0.08043709649229165
41445,0.1232745194662096,-9273.756102318857,11550.540212396876,8635.629608858568,2914.9106035383084,0.08057299053841825
41450,0.12328939152791381,-9191.870371960924,11533.918133333247,8615.412033057537,2918.50610027571,0.08069299478971324
41455,0.12330426358961802,-9105.680988598462,11516.540912484052,8595.37461400928,2921.166298474771,0.08079571625000316
41460,0.12331913565132223,-9015.562924466012,11498.378236095929,8575.882787843091,2922.4954482528374,0.08094044630436363
41465,0.12333400771302644,-8921.89537306259,11479.417753995302,8557.27863629878,2922.1391176965208,0.08108145959111816
41470,0.12334887977473065,-8825.063835529962,11459.668063628827,8539.867746790786,2919.800316838042,0.08120499373215054
41475,0.12336375183643486,-8725.460416063788,11439.160112783145,8523.90775238083,2915.2523604023154,0.08130961454394328
41480,0.12337862389813907,-8623.482030805675,11417.94688774317,8509.599075339407,2908.347812403763,0.08139390627724818
41485,0.12339349595984328,-8519.526914672628,11396.10144468271,8497.078167496984,2899.0232771857263,0.08147839481759407
41490,0.12340836802154749,-8413.99024223549,11373.713500546544,8486.413321217145,2887.300179329399,0.0816048853923642
41495,0.1234232400832517,-8307.25986834952,11350.884905040868,8477.602951161247,2873.281953879621,0.08171049942968003
41500,0.12343811214495592,-8199.71319024898,11327.724362985102,8470.57613595263,2857.1482270324723,0.08179377593147648
41505,0.12345298420666014,-8091.715978583841,11304.341777239037,8465.195160385656,2839.1466168533807,0.08185333202277768
41510,0.12346785626836435,-7983.62373857326,11280.84255831874,8461.259801769993,2819.582756548747,0.08190232435624635
41515,0.12348272833006856,-7875.785754065156,11257.322220178354,8458.513142113392,2798.809078064962,0.0820068458843903
41520,0.12349760039177277,-7768.5514706330105,11233.861565918647,8456.648743589481,2777.2128223291656,0.08208658373421575
41525,0.12351247245347698,-7662.278363309978,11210.522760659398,8455.31908107927,2755.2036795801287,0.08214017318800201
41530,0.12352734451518119,-7557.340007957398,11187.346575344527,8454.14516758071,2733.2014077638178,0.08216642634792373
41535,0.1235422165768854,-7454.132815844496,11164.351042154593,8452.72732511965,2711.623717034943,0.08219268084764278
41540,0.12355708863858961,-7353.079841561344,11141.531671689072,8450.657040953707,2690.874630735365,0.0822645974567198
41545,0.12357196070029382,-7254.6302365826705,11118.863241565698,8447.529807303812,2671.3334342618855,0.08230764015465596
41550,0.12358683276199803,-7159.25327935214,11096.302992813942,8442.958775847645,2653.3442169662976,0.08232079978009295
41555,0.12360170482370225,-7067.4264532435445,11073.794898385913,8436.588967598396,2637.205930787517,0.08230337327849781
41560,0.12361657688540646,-6979.617751268876,11051.274537989308,8428.11166460136,2623.162873387948,0.08230223210687904
41565,0.12363144894711067,-6896.263220013994,11028.674059372046,8417.278474086082,2611.3955852859635,0.08232850684905332
41570,0.12364632100881488,-6817.741618253825,11005.926743643566,8403.914407734166,2602.0123359093996,0.08239512755068297
41575,0.1236611930705191,-6744.348796759294,10982.970812079973,8387.929178911174,2595.0416331687993,0.08244520368791836
41580,0.1236760651322233,-6676.274810437377,10959.752282509036,8369.32581885218,2590.426463656857,0.08246500363021361
41585,0.12369093719392751,-6613.586696366584,10936.226860595383,8348.205683923381,2588.021176672002,0.08245971841967004
41590,0.12370580925563172,-6556.219254330433,10912.360991991476,8324.769003462521,2587.591988528955,0.08254229682223908
41595,0.12372068131733593,-6503.97516937189,10888.132276473109,8299.310324924334,2588.8219515487745,0.08259297428608868
41600,0.12373555337904014,-6456.5346571794835,10863.529447726012,8272.208554122217,2591.3208936037954,0.08261098546517483
41605,0.12375042544074435,-6413.473750349284,10838.552067555895,8243.911739148058,2594.640328407837,0.08259585230856471
41610,0.12376529750244858,-6374.289550229015,10813.210001442892,8214.91725202082,2598.292749422073,0.08254740596918979
41615,0.12378016956415279,-6338.430285662649,10787.522668237223,8185.748504622363,2601.7741636148603,0.08258343933166856
41620,0.123795041625857,-6305.327782754965,10761.518017654458,8156.929712794074,2604.5883048603846,0.0825920603768193
41625,0.12380991368756121,-6274.429862756084,10735.231196938023,8128.960429594573,2606.2707673434497,0.08256490837598211
41630,0.12382478574926542,-6245.230185886616,10708.702916929227,8102.291574753094,2606.411342176133,0.08250217436598985
41635,0.12383965781096963,-6217.293145463413,10681.97759845481,8077.304502035446,2604.673096419365,0.08240447082994104
41640,0.12385452987267384,-6190.2716336083295,10655.101446819455,8054.294314734385,2600.8071320850704,0.08232395152391067
41645,0.12386940193437805,-6163.915901992401,10628.120641831116,8033.458228127307,2594.662413703809,0.08227275569357383
41650,0.12388427399608226,-6138.0723582416385,10601.079828355807,8014.889354224382,2586.1904741314247,0.08218426478455942
41655,0.12389914605778647,-6112.671953864664,10574.021045577476,7998.575900223821,2575.445145353655,0.0820598502788512
41660,0.12391401811949068,-6087.708772597218,10546.9831527198,7984.405454354579,2562.5776983652213,0.08190136075028687
41665,0.1239288901811949,-6063.210434120248,10520.00171618687,7972.173785089514,2547.8279310973567,0.08171107223050865
41670,0.12394376224289912,-6039.202898824275,10493.109243878996,7961.597394587994,2531.5118492910024,0.08161680148075473
41675,0.12395863430460333,-6015.673104189938,10466.335609468148,7952.328936894463,2514.006672573684,0.08160137713846286
41680,0.12397350636630754,-5992.53347570729,10439.708513953212,7943.974534411108,2495.733979542104,0.08154641197276553
41685,0.12398837842801175,-5969.592598054101,10413.253879064569,7936.112005752144,2477.1418733124247,0.08145278182873043
41690,0.12400325048971596,-5946.53605789012,10386.996136683536,7928.309058767246,2458.68707791629,0.0813218649895298
41695,0.12401812255142017,-5922.920574038249,10360.958441506496,7920.14060527386,2440.817836232636,0.08117310844681895
41700,0.12403299461312438,-5898.183025308713,10335.162863686195,7911.204512990598,2423.958350695597,0.08109126704528183
41705,0.12404786667482859,-5871.664043991165,10309.630599867693,7901.13530962963,2408.495290238063,0.08097061584687644
41710,0.1240627387365328,-5842.643787564969,10284.382179685956,7889.615568272282,2394.7666114136737,0.08081356363665176
41715,0.12407761079823701,-5810.385731527555,10259.437563785981,7876.384900073058,2383.0526637129233,0.08062300589244402
41720,0.12409248285994123,-5774.183204514789,10234.815962852746,7861.2466301134855,2373.569332739261,0.08040223272986367
41725,0.12410735492164544,-5733.403130765201,10210.535187677331,7844.07231564868,2366.462872028651,0.0801548232452875
41730,0.12412222698334965,-5687.522072513471,10186.61038695666,7824.804279484694,2361.8061074719653,0.07988453232214618
41735,0.12413709904505386,-5636.151007369928,10163.052140622729,7803.456286568953,2359.595854053776,0.07977472866210793
41740,0.12415197110675807,-5579.047048425391,10139.864029746415,7780.112412428765,2359.75161731765,0.07966804383657372
41745,0.12416684316846228,-5516.112200199326,10117.039963503354,7754.92406776194,2362.1158957414136,0.07952537238965567
41750,0.1241817152301665,-5447.380952424093,10094.561670324749,7728.105085314324,2366.4565850104245,0.0793494646846881
41755,0.1241965872918707,-5372.999809629775,10072.396821832253,7699.924769002591,2372.472052829662,0.07914341332302043
41760,0.12421145935357492,-5293.202565087153,10050.49823627708,7670.698865991281,2379.7993702857993,0.07891055818053525
41765,0.12422633141527913,-5208.285166776022,10028.80450177714,7640.778550069743,2388.0259517073973,0.07865438545311276
41770,0.12424120347698334,-5118.583423914733,10007.242184492654,7610.537683831919,2396.704500660735,0.07837842602571175
41775,0.12425607553868756,-5024.455735635861,9985.729572396118,7580.358829478348,2405.3707429177703,0.07808732627024326
41780,0.12427094760039177,-4926.271763629419,9964.181688653876,7550.618665995965,2413.5630226579115,0.07785548141408413
41785,0.12428581966209598,-4824.406816718198,9942.516127459987,7521.673603086305,2420.842524373682,0.07771526799687017
41790,0.12430069172380019,-4719.240891746944,9920.65914981658,7493.8464236592345,2426.8127261573454,0.0775447194613531
41795,0.1243155637855044,-4611.160909196044,9898.5514447752,7467.4147168903655,2431.136727884834,0.07734676452685452
41800,0.12433043584720861,-4500.564642511699,9876.153014568708,7442.601687896458,2433.55132667225,0.07712449242603323
41805,0.12434530790891282,-4387.865031159574,9853.446765954846,7419.569680402725,2433.8770855521216,0.07688107008176977
41810,0.12436017997061703,-4273.493844681155,9830.44055868778,7398.416477325807,2432.024081361973,0.076619658928309
41815,0.12437505203232124,-4157.903935298615,9807.167642412089,7379.174206946919,2427.9934354651696,0.07634333466265351
41820,0.12438992409402545,-4041.569559517515,9783.68557311382,7361.810522283002,2421.8750508308185,0.07605501317960364
41825,0.12440479615572966,-3924.98449450718,9760.07381511925,7346.231656694008,2413.842158425243,0.07575738568487911
41830,0.12441966821743389,-3808.657956493114,9736.43029376227,7332.286981079256,2404.1433126830143,0.07553312536432866
41835,0.1244345402791381,-3693.1086403493837,9712.867172311873,7319.774768024003,2393.0924042878705,0.07535332127869555
41840,0.12444941234084231,-3578.8574858499705,9689.506102853118,7308.4489685413055,2381.0571343118127,0.07515095535620019
41845,0.12446428440254652,-3466.419955385776,9666.473169214663,7298.026894434069,2368.4462747805946,0.07492911560999105
41850,0.12447915646425073,-3356.2986203198616,9643.893722377923,7288.19775298277,2355.695969395153,0.07469078957607984
41855,0.12449402852595494,-3248.976693124103,9621.887314981263,7278.631993480212,2343.2553215010503,0.07443880332409648
41860,0.12450890058765915,-3144.912860938599,9600.562965322042,7268.9913996691275,2331.5715656529146,0.0741757760576411
41865,0.12452377264936336,-3044.5374520065247,9580.015002296692,7258.939805624324,2321.0751966723674,0.07390408900347414
41870,0.12453864471106757,-2948.2496722727105,9560.319735247036,7248.154234345227,2312.1655009018086,0.07393179662158463
41875,0.12455351677277178,-2856.415432927958,9541.533137874374,7236.336169392649,2305.196968481725,0.07396793492221344
41880,0.124568388834476,-2769.3651772810117,9523.689631589094,7223.222583514067,2300.4670480750265,0.07400993526632577
41885,0.12458326089618021,-2687.3911247635588,9506.801920261518,7208.596278270758,2298.2056419907594,0.07405760414679219
41890,0.12459813295788442,-2610.7434961259532,9490.861700518717,7192.295047230696,2298.5666532880214,0.07410695090218772
41895,0.12461300501958864,-2539.625565456606,9475.840988188142,7174.219170855992,2301.6218173321495,0.07415210742215027
41900,0.12462787708129285,-2474.1877621716303,9461.693789919564,7154.336788747134,2307.3570011724296,0.07419319142751328
41905,0.12464274914299706,-2414.5214282183842,9448.357914817314,7132.686777102823,2315.671137714491,0.07423037249442203
41910,0.12465762120470127,-2360.6530973219355,9435.756843901478,7109.378886486582,2326.3779574148957,0.0742638652952669
41915,0.12467249326640548,-2312.540195475293,9423.801715026138,7084.591063819867,2339.210651206272,0.0742939149861721
41920,0.12468736532810969,-2270.068833524793,9412.39359037356,7058.564082315281,2353.8295080582793,0.07432077540498662
41925,0.1247022373898139,-2233.0539526525095,9401.426214095107,7031.593813343581,2369.8324007515257,0.07434468210382003
41930,0.12471710945151811,-2201.2416582576525,9390.789421843436,7004.0216635306215,2386.7677583128143,0.07437430828225547
41935,0.12473198151322233,-2174.3133147804683,9380.373241009964,6976.223828827974,2404.1494121819896,0.0744092406988336
41940,0.12474685357492654,-2151.890974105798,9370.072552547259,6948.600044116537,2421.472508430722,0.07444151619731545
41945,0.12476172563663075,-2133.5439458263213,9359.792016642936,6921.56240248252,2438.2296141604156,0.07447101987020381
41950,0.12477659769833496,-2118.796649067858,9349.450839038122,6895.524578195525,2453.926260842597,0.07449753633449599
41955,0.12479146976003917,-2107.138132474215,9338.986903942281,6870.891443729721,2468.0954602125603,0.07452076359464738
41960,0.12480634182174338,-2098.033677238521,9328.35983620151,6848.048695289881,2480.311140911628,0.07454286246305852
41965,0.1248212138834476,-2090.938673612059,9317.552671946652,6827.3517947939645,2490.200877152688,0.07459186578835865
41970,0.1248360859451518,-2085.3145529831313,9306.571988476104,6809.113409936376,2497.4585785397276,0.07463647253163294
41975,0.12485095800685601,-2080.64609233124,9295.446534949891,6793.588678291553,2501.8578566583383,0.07467641356400724
41980,0.12486583006856022,-2076.459013451777,9284.224577679923,6780.958075619766,2503.266502060157,0.07471153608442344
41985,0.12488070213026443,-2072.336560395174,9272.97029592055,6771.308397042372,2501.6618988781775,0.07474183722633743
41990,0.12489557419196866,-2067.933684194749,9261.759618541648,6764.61324556799,2497.146372973658,0.07477393952096285
41995,0.12491044625367287,-2062.9875814513007,9250.675878707649,6760.715283551028,2489.960595156621,0.07481394542537036
42000,0.12492531831537708,-2057.3235895677803,9239.805599397052,6759.3131300565765,2480.4924693404755,0.0748499919893251
42005,0.12494019037708129,-2050.8557979841567,9229.234634645543,6759.955996533522,2469.2786381120213,0.07488264112322102
42010,0.1249550624387855,-2043.582146853933,9219.044808542738,6762.048834085278,2456.99597445746,0.07491253704037935
42015,0.12496993450048971,-2035.5741951181476,9209.311136424265,6764.869912644567,2444.441223779698,0.07494035719628633
42020,0.12498480656219392,-2026.9620804645815,9200.099685430727,6767.601468534754,2432.498216895973,0.07496676007697393
42025,0.12499967862389813,-2017.915404864258,9191.46612381503,6769.3725287894895,2422.09359502554,0.07499233552620758
42030,0.12501455068560235,-2008.6208460896019,9183.45499922829,6769.311474058303,2414.143525169987,0.07502678740939366
42035,0.12502942274730655,-1999.257281151834,9176.099754743836,6766.604555020303,2409.495199723533,0.07506768335259835
42040,0.12504429480901078,-1989.9692513397586,9169.423427039399,6760.5556036191,2408.867823420299,0.07512654203777593
42045,0.12505916687071497,-1980.8398684913204,9163.43988014524,6750.641691958769,2412.7981881864716,0.07518647683133271
42050,0.1250740389324192,-1971.8648581982916,9158.155333533365,6736.559537715265,2421.5957958180998,0.07524606182267941
42055,0.1250889109941234,-1962.9302939798627,9153.569877716198,6718.258030819076,2435.3118468971215,0.07532037556617122
42060,0.12510378305582762,-1953.7974256578154,9149.678664404779,6695.953311855118,2453.725352549661,0.07539328933806422
42065,0.1251186551175318,-1944.0984234271154,9146.472527717444,6670.124277099829,2476.348250617615,0.0754644412835695
42070,0.12513352717923604,-1933.3464244976076,9143.937931873443,6641.488089214388,2502.4498426590544,0.07553343351699265
42075,0.12514839924094026,-1920.961751289009,9142.0563208049,6610.9570745365445,2531.099246268356,0.07559985678942008
42080,0.12516327130264446,-1906.3136718556234,9140.803122755215,6579.580106537593,2561.223016217622,0.07566331258989137
42085,0.12517814336434868,-1888.7740490579554,9140.146791950356,6548.473028840258,2591.6737631100978,0.0757234311111166
42090,0.12519301542605288,-1867.7763621169324,9140.048313457122,6518.743700876088,2621.3046125810342,0.07577988418593118
42095,0.1252078874877571,-1842.871592999375,9140.461539180451,6491.4177376414145,2649.0438015390364,0.07583239306091918
42100,0.1252227595494613,-1813.7718762392988,9141.334568894621,6467.370902418694,2673.9636664759273,0.07589008547646597
42105,0.12523763161116552,-1780.3738306816358,9142.61216882706,6447.2734052582655,2695.338763568794,0.07594828922316915
42110,0.12525250367286972,-1742.7560182152674,9144.238976826915,6431.550138497603,2712.6888383293117,0.07601213173453288
42115,0.12526737573457394,-1701.1486515839506,9146.163030700332,6420.359288693144,2725.8037420071887,0.0760839530319722
42120,0.12528224779627814,-1655.8779961132077,9148.339025721609,6413.590000562371,2734.749025159238,0.0761523954635038
42125,0.12529711985798236,-1607.2923048136545,9150.7306966408,6410.878059057874,2739.852637582925,0.0762313732107885
42130,0.1253119919196866,-1555.6799894303122,9153.311844859083,6411.63711711322,2741.6747277458635,0.07630589266457026
42135,0.12532686398139078,-1501.1934449779956,9156.065781043237,6415.101993775362,2740.963787267875,0.07637599124758687
42140,0.125341736043095,-1443.792916438767,9158.983286448078,6420.380078575936,2738.603207872142,0.07644174887048033
42145,0.1253566081047992,-1383.2235303318412,9162.05954782172,6426.506878990266,2735.552668831454,0.07650328817801343
42150,0.12537148016650343,-1319.0348610418641,9165.290814156937,6432.502124029496,2732.7886901274405,0.07656077265579234
42155,0.12538635222820763,-1250.6463235902875,9168.671686121996,6437.423419740326,2731.24826638167,0.07661440189594357
42160,0.12540122428991185,-1177.4539799073436,9172.193929989722,6440.415069854879,2731.778860134843,0.07666440359110568
42165,0.12541609635161605,-1098.966254916716,9175.84749215522,6440.75020087649,2735.09729127873,0.07671980526593172
42170,0.12543096841332027,-1014.949182003119,9179.624004745052,6437.864716483186,2741.7592882618655,0.07677839217788061
42175,0.12544584047502447,-925.5577407781011,9183.522582701436,6431.3818835414895,2752.140699159947,0.07685819746642665
42180,0.1254607125367287,-831.429785436052,9187.557208642558,6421.12661095812,2766.430597684438,0.0769351087478157
42185,0.12547558459843292,-733.7233534971328,9191.764580025278,6407.128826119842,2784.635753905435,0.07701443650955282
42190,0.1254904566601371,-634.0861837789298,9196.211034393418,6389.615850507734,2806.5951838856845,0.07710134797451836
42195,0.12550532872184134,-534.5565935403856,9200.997122325645,6368.994326420662,2832.002795904983,0.07718521315371916
42200,0.12552020078354553,-437.40551398998286,9206.25857509983,6345.822975891118,2860.435599208711,0.0772659472219421
42205,0.12553507284524976,-344.93851434264343,9212.162790697872,6320.778154526267,2891.384636171605,0.07734339874210025
42210,0.12554994490695395,-259.2825788111486,9218.900486775958,6294.614662477063,2924.285824298895,0.07741735113112434
42215,0.12556481696865818,-182.18451326732702,9226.67277599598,6268.124494155761,2958.548281840219,0.07748753000836275
42220,0.12557968903036237,-114.84620923831153,9235.674534009393,6242.09611592849,2993.5784180809032,0.07755361633466523
42225,0.1255945610920666,-57.81723910647543,9246.075478599794,6217.276496140198,3028.798982459596,0.07761526436006257
42230,0.1256094331537708,-10.95834443142212,9258.000789212101,6194.337567857164,3063.6632213549374,0.0776965330719514
42235,0.12562430521547502,26.518735351519354,9271.513309202388,6173.848199639832,3097.6651095625557,0.07778935751356252
42240,0.12563917727717924,55.93815237779745,9286.599348248168,6156.252196529336,3130.347151718832,0.07787704538382435
42245,0.12565404933888344,78.98484441288292,9303.159828965434,6141.852436661914,3161.30739230352,0.07795931696069003
42250,0.12566892140058766,97.48604933152819,9321.00802706283,6130.801010276116,3190.207016786713,0.0780394482413423
42255,0.12568379346229186,113.1738189814696,9339.874503494266,6123.095161744405,3216.7793417498606,0.07812511179272899
42260,0.12569866552399608,127.45638165071341,9359.419113721186,6118.578893569968,3240.840220151217,0.07820482592134598
42265,0.12571353758570028,141.22669079293246,9379.249306003314,6116.95019748315,3262.299108520164,0.07827849608461218
42270,0.1257284096474045,154.73353370729455,9398.943375082557,6117.773948125771,3281.169426956786,0.07834606131465716
42275,0.1257432817091087,167.5340976319858,9418.076971305136,6120.500461198804,3297.5765101063316,0.07840748571774751
42280,0.12575815377081292,178.53739140994367,9436.2509841573,6124.489545607799,3311.7614385495,0.07846275052799906
42285,0.12577302583251712,186.1364611519757,9453.118890216845,6129.039573124632,3324.0793170922134,0.07854156622786791
42290,0.12578789789422135,188.41545127765312,9468.411726354145,6133.420688868456,3334.991037485689,0.0786282756216641
42295,0.12580276995592557,183.40702544758733,9481.95897507635,6136.910850778856,3345.048124297494,0.07870896787328585
42300,0.12581764201762977,169.36818749817576,9493.703815385405,6138.83298029802,3354.870835087385,0.07878368314284301
42305,0.125832514079334,145.03944030430375,9503.711420739803,6138.591187307257,3365.1202334325453,0.07885250042362298
42310,0.1258473861410382,109.85410246316769,9512.169319757286,6135.703848061055,3376.4654716962305,0.07892783876612362
42315,0.1258622582027424,64.07121378555166,9519.379313336474,6129.831304175192,3389.5480091612826,0.07900156466510237
42320,0.1258771302644466,8.81569498943827,9525.741066188255,6120.796142470968,3404.9449237172867,0.07906980796555027
42325,0.12589200232615083,-53.97844115899716,9531.728211416097,6108.594422047174,3423.1337893689233,0.07913277284148625
42330,0.12590687438785503,-121.71395274961651,9537.858528314595,6093.396821776626,3444.461706537969,0.07919068562416222
42335,0.12592174644955925,-191.3471416809689,9544.660361962746,6075.539438415222,3469.1209235475235,0.07926292416821312
42340,0.12593661851126345,-259.65004274591047,9552.637850302282,6055.504788219583,3497.1330620826993,0.07935619725791568
42345,0.12595149057296767,-323.4886500967759,9562.237654916516,6033.8943483000785,3528.343306616438,0.07944505659938364
42350,0.1259663626346719,-380.08727359837394,9573.819752705876,6011.394615910701,3562.4251367951756,0.0795295761634357
42355,0.1259812346963761,-427.25153540379415,9587.634477839152,5988.73908909602,3598.8953887431326,0.07960978174044628
42360,0.12599610675808032,-463.5273962285237,9603.80747055071,5966.668747159451,3637.1387233912583,0.0796924108186001
42365,0.1260109788197845,-488.280492316414,9622.333556818136,5945.8935438667195,3676.440012951416,0.079778507064081
42370,0.12602585088148874,-501.6885081727178,9643.079902472211,5927.057161664696,3716.022740807515,0.07985974223619595
42375,0.12604072294319293,-504.64870344379233,9665.798093559075,5910.706868483799,3755.0912250752763,0.07993592976817825
42380,0.12605559500489716,-498.6122056685863,9690.144122243246,5897.269827095544,3792.8742951477016,0.08000684276584646
42385,0.12607046706660135,-485.36519110196423,9715.704642110537,5887.036681167711,3828.6679609428256,0.08008045608769503
42390,0.12608533912830558,-466.78343038925414,9742.02735196994,5880.152725865123,3861.8746261048173,0.080183317817691
42395,0.12610021119000978,-444.5898379237615,9768.653037895723,5876.616505184216,3892.036532711507,0.08028011714079139
42400,0.126115083251714,-420.143975023293,9795.14670817537,5876.285302448949,3918.861405726422,0.08037054351754291
42405,0.12612995531341822,-394.2878358017597,9821.125424834425,5878.8867359088445,3942.2386889255804,0.08045429382273757
42410,0.12614482737512242,-367.26428306537764,9846.280852658983,5884.035548780253,3962.2453038787307,0.08053328621285478
42415,0.12615969943682664,-338.71442295455563,9870.395149246586,5891.254669214753,3979.1404800318323,0.08061651237127135
42420,0.12617457149853084,-307.7496530446142,9893.349513524801,5899.999650811893,3993.3498627129084,0.08069218584463926
42425,0.12618944356023507,-273.08479991308104,9915.125396537953,5909.685606645999,4005.439789891954,0.08076006220655692
42430,0.12620431562193926,-233.2120697344153,9935.798977840133,5919.715648007687,4016.083329832446,0.08081991717295103
42435,0.12621918768364349,-186.59225028815126,9955.529976590631,5929.509611079761,4026.02036551087,0.08087154774864584
42440,0.12623405974534768,-131.83980185397104,9974.54618113829,5938.531554198345,4036.0146269399456,0.08095254112417201
42445,0.1262489318070519,-67.88164347847214,9993.125244572055,5946.314261157837,4046.810983414218,0.0810308313770239
42450,0.1262638038687561,5.925293452957703,10011.575311140086,5952.478949668739,4059.0963614713473,0.08110055128269328
42455,0.12627867593046033,89.72630289840163,10030.215914899642,5956.74868265423,4073.4672322454117,0.08116245447211003
42460,0.12629354799216455,183.1529611929227,10049.36033903068,5958.954640721866,4090.405698308814,0.08122815117611892
42465,0.12630842005386875,285.3551439414832,10069.300270264752,5959.035336781848,4110.264933482904,0.08128497037896884
42470,0.12632329211557297,395.07251800321774,10090.293179148877,5957.029831211761,4133.263347937116,0.08133288694461682
42475,0.12633816417727717,510.73406116359183,10112.55247284773,5953.066788943254,4159.485683904476,0.08137191668613604
42480,0.1263530362389814,630.5730100730998,10136.240175261642,5947.351600852115,4188.888574409528,0.08140211336761027
42485,0.1263679083006856,752.7451764169928,10161.461743947304,5940.153673125852,4221.308070821452,0.08142438982539936
42490,0.1263827803623898,875.4404396708542,10188.262654895596,5931.795409204324,4256.467245691272,0.08145344452660401
42495,0.126397652424094,996.9798837381077,10216.626553931908,5922.643527318847,4293.983026613061,0.08150032648675032
42500,0.12641252448579823,1115.8938876584825,10246.475030868218,5913.10239726866,4333.372633599558,0.08155100202451696
42505,0.12642739654750243,1230.9789597764793,10277.66934196968,5903.608271518744,4374.061070450936,0.08159321059595259
42510,0.12644226860920665,1341.3328577350176,10310.01460733749,5894.622806111182,4415.391801226308,0.08162702628278742
42515,0.12645714067091088,1446.3684707550228,10343.26707621296,5886.624209553619,4456.642866659341,0.08165253991183263
42520,0.12647201273261507,1545.807243242618,10377.14494503497,5880.094720298262,4497.0502247367085,0.08166985417759906
42525,0.1264868847943193,1639.652972287051,10411.342922817596,5875.503808450463,4535.839114367132,0.08168133571955234
42530,0.1265017568560235,1728.1470360737476,10445.550291183521,5873.287380166434,4572.262911017087,0.0816929247211285
42535,0.12651662891772772,1811.7067968174179,10479.471656479262,5873.8241671970745,4605.647489282187,0.08169628871392506
42540,0.12653150097943192,1890.8501263554062,10512.8490157267,5877.411254080893,4635.437761645808,0.08169147245333382
42545,0.12654637304113614,1966.1105459750797,10545.483248163668,5884.241210853479,4661.242037310189,0.08167903456052925
42550,0.12656124510284034,2037.949028045391,10577.252795655564,5894.383483426875,4682.8693122286895,0.0816711446691691
42555,0.12657611716454456,2106.6697295865333,10608.127196148458,5907.772515182608,4700.35468096585,0.08168008921686908
42560,0.12659098922624876,2172.3475537549766,10638.173349704062,5924.204543252938,4713.968806451125,0.08168057693843069
42565,0.12660586128795298,2234.775331150019,10667.552953367289,5943.344186124506,4724.208767242782,0.08167331428493421
42570,0.1266207333496572,2293.4375644103047,10696.510414251448,5964.740912855241,4731.7695013962075,0.08166380747928143
42575,0.1266356054113614,2347.516142395394,10725.35165617845,5987.854390719111,4737.49726545934,0.08164511670135555
42580,0.12665047747306563,2395.931272653238,10754.415435528046,6012.086697352192,4742.328738175855,0.0816170086908378
42585,0.12666534953476982,2437.418145534668,10784.039899818783,6036.8185986953895,4747.2213011233935,0.08158397303186929
42590,0.12668022159647405,2470.6365556761757,10814.527971676273,6061.446648518219,4753.081323158053,0.08154213052491638
42595,0.12669509365817824,2494.306935968538,10846.115560660648,6085.417825920714,4760.697734739934,0.08149018920904896
42600,0.12670996571988247,2507.3622194865275,10878.946495097329,6108.258804556477,4770.687690540852,0.08142801512534718
42605,0.12672483778158666,2509.1010877527024,10913.057407891894,6129.5976903975225,4783.459717494372,0.08135553845433083
42610,0.1267397098432909,2499.325204254331,10948.374675566507,6149.177060701386,4799.197614865121,0.08127520417059148
42615,0.12675458190499508,2478.441854220927,10984.724046166984,6166.858221491182,4817.865824675802,0.08118683442723518
42620,0.1267694539666993,2447.514839415837,11021.85199699998,6182.6175881287545,4839.234408871225,0.08108842058903805
42625,0.12678432602840353,2408.2509596685286,11059.456353690444,6196.536819056745,4862.919534633699,0.08100338582315608
42630,0.12679919809010773,2362.916744751041,11097.222482398109,6208.788698809994,4888.433783588115,0.08091787708850177
42635,0.12681407015181195,2314.1893060385346,11134.860605883532,6219.620766724086,4915.239839159446,0.08082378897432774
42640,0.12682894221351615,2264.954668477739,11172.139603149142,6229.338399641631,4942.801203507511,0.08072076143890569
42645,0.12684381427522037,2218.0749079808147,11208.913070274075,6238.288604107739,4970.624466166336,0.08060922119918025
42650,0.12685868633692457,2176.1503161157943,11245.134401593921,6246.8452794180075,4998.289122175914,0.08048962207726486
42655,0.1268735583986288,2141.3037752660466,11280.859067368447,6255.396266483524,5025.462800884922,0.08036242651421156
42660,0.126888430460333,2115.011535548517,11316.233921339692,6264.332143265211,5051.901778074481,0.08022808855874165
42665,0.12690330252203721,2097.998392484693,11351.47503774122,6274.036476946841,5077.43856079438,0.08008703904578773
42670,0.1269181745837414,2090.2071245950237,11386.837023297201,6284.877092941775,5101.959930355426,0.07993967320971367
42675,0.12693304664544564,2090.8433702619195,11422.577785410213,6297.197867036444,5125.379918373768,0.07978634060382056
42680,0.12694791870714986,2098.4891493169926,11458.923238561381,6311.310586635088,5147.612651926293,0.079627337001054
42685,0.12696279076885406,2111.271836320041,11496.036350784088,6327.4865539856455,5168.549796798443,0.07946289794922666
42690,0.12697766283055828,2127.070983330337,11533.99430362026,6345.947804157332,5188.046499462928,0.0792931938073253
42695,0.12699253489226248,2143.742976970282,11572.77646376348,6366.858060531064,5205.918403232415,0.07911832632283364
42700,0.1270074069539667,2159.3428434971775,11612.264496240405,6390.313822647254,5221.950673593151,0.07893832704484761
42705,0.1270222790156709,2172.3232606831534,11652.254470515461,6416.3362450768445,5235.918225438617,0.07875315804154638
42710,0.12703715107737512,2181.6927698085938,11692.479408796296,6444.864687862398,5247.614720933899,0.07856924665717248
42715,0.12705202313907932,2187.118267602754,11732.639564099023,6475.752959297415,5256.886604801608,0.07839691041260734
42720,0.12706689520078354,2188.9612126988177,11772.436914920116,6508.76928540639,5263.667629513726,0.07844197840502544
42725,0.12708176726248774,2188.2427138680623,11811.609988934864,6543.600886461898,5268.009102472966,0.07846523335056804
42730,0.12709663932419196,2186.5396549139623,11849.965188824837,6579.863698187731,5270.1014906371065,0.07845580626266085
42735,0.1271115113858962,2185.8217078695243,11887.401249395587,6617.1172589977405,5270.2839903978465,0.07836739931928018
42740,0.12712638344760038,2188.24648492955,11923.924231713048,6654.884153139645,5269.040078573404,0.07843420973290431
42745,0.1271412555093046,2195.9358762817,11959.651462042399,6692.672749396312,5266.978712646087,0.07843741606385085
42750,0.1271561275710088,2210.7595563000878,11994.803948728835,6730.0014236147,5264.802525114135,0.07842118121748583
42755,0.12717099963271303,2234.1508940639815,12029.687958279272,6766.422116055532,5263.26584222374,0.07850651570558884
42760,0.12718587169441722,2266.975989240822,12064.667507728424,6801.541039550274,5263.1264681781495,0.07851690359758001
42765,0.12720074375612145,2309.468990876272,12100.130444188957,6835.0346596546015,5265.0957845343555,0.07862863550488275
42770,0.12721561581782564,2361.237599006199,12136.451450535922,6866.659684925627,5269.791765610295,0.07871871528404084
42775,0.12723048787952987,2421.333339185947,12173.955664118228,6896.256635098931,5277.699029019297,0.07873411273398356
42780,0.12724535994123407,2488.373373173832,12212.886569116825,6923.74744308645,5289.139126030374,0.07874185620939277
42785,0.1272602320029383,2560.695368811068,12253.381401634851,6949.128318524385,5304.253083110467,0.07884458462906731
42790,0.1272751040646425,2636.5247946863465,12295.456514276071,6972.4596070735515,5322.99690720252,0.07887391580990512
42795,0.1272899761263467,2714.134811659038,12339.0040589846,6993.854538978317,5345.149520006283,0.07882287228719496
42800,0.12730484818805093,2791.982113723365,12383.800085403427,7013.468577505107,5370.3315078983205,0.07868585345297412
42805,0.12731972024975513,2868.8067882009855,12429.522874164426,7031.4906342985705,5398.032239865855,0.07864754814454508
42810,0.12733459231145935,2943.689661663783,12475.779203060089,7048.136837631215,5427.642365428874,0.0786219384312394
42815,0.12734946437316355,3016.0659442186225,12522.13544188878,7063.646943623709,5458.488498265071,0.07851217105821794
42820,0.12736433643486778,3085.698733637153,12568.15001234738,7078.282960082037,5489.867052265343,0.07845430714785685
42825,0.12737920849657197,3152.6197122577214,12613.403888367784,7092.329156411976,5521.074731955808,0.07845249051165672
42830,0.1273940805582762,3217.0469187166445,12657.526418497375,7106.092378423449,5551.434040073926,0.07843084758067224
42835,0.1274089526199804,3279.29068020237,12700.214705924127,7119.901478776495,5580.313227147632,0.07852771043600858
42840,0.12742382468168462,3339.658653734319,12741.24589654688,7134.104717866277,5607.141178680603,0.07855156396119149
42845,0.12743869674338884,3398.3695905331197,12780.482785231734,7149.064192832943,5631.418592398791,0.07849593554967654
42850,0.12745356880509304,3455.483187812264,12817.873957314177,7165.146711546198,5652.727245767979,0.07858027970540818
42855,0.12746844086679726,3510.850626875492,12853.450100304397,7182.7110191901065,5670.7390811142905,0.07863575614565319
42860,0.12748331292850146,3564.0875849690274,12887.318104231244,7202.091853893491,5685.226250337753,0.07861410276549356
42865,0.12749818499020568,3614.569105843444,12919.65417214851,7223.581874262133,5696.072297886377,0.07850978833687018
42870,0.12751305705190988,3661.4440543023566,12950.696524567256,7247.412969243678,5703.283555323578,0.078491052486828
42875,0.1275279291136141,3703.6660787521114,12980.737593269341,7273.738734573602,5706.998858695739,0.07850888549479225
42880,0.1275428011753183,3740.0379275215982,13010.11505468848,7302.6199089358815,5707.495145752599,0.0784453192767972
42885,0.12755767323702252,3769.2662834376597,13039.200798461396,7334.0142831270105,5705.186515334385,0.0783721513950738
42890,0.12757254529872672,3790.024616356881,13068.387028180543,7367.772069020093,5700.61495916045,0.07842646406130861
42895,0.12758741736043094,3801.0216200152236,13098.069118568365,7403.637051301334,5694.43206726703,0.07840002597195662
42900,0.12760228942213517,3801.072501497153,13128.625495139717,7441.253198554833,5687.372296584884,0.07838257456110737
42905,0.12761716148383936,3789.1698246732203,13160.395503346708,7480.175937183491,5680.219566163217,0.07846478874227313
42910,0.1276320335455436,3764.5499955688983,13193.65683878219,7519.887096571927,5673.769742210263,0.07846667134090757
42915,0.12764690560724778,3726.7510747439537,13228.604500229043,7559.812631275423,5668.79186895362,0.07838250135122107
42920,0.127661777668952,3675.657623703797,13265.333341295604,7599.342531231782,5665.990810063821,0.07843603028277599
42925,0.1276766497306562,3611.5288528092424,13303.82612719887,7637.852688286485,5665.973438912385,0.07846134173710835
42930,0.12769152179236043,3535.0074147936666,13343.94858565515,7674.728724040985,5669.219861614164,0.0784017689553204
42935,0.12770639385406463,3447.10761410923,13385.452334854803,7709.391771267758,5676.060563587045,0.07826368625585196
42940,0.12772126591576885,3349.1833076798084,13427.985850599389,7741.325897278259,5686.65995332113,0.07827102428961584
42945,0.12773613797747305,3242.8770785145707,13471.11287890665,7770.106319792431,5701.006559114218,0.07823711360329014
42950,0.12775101003917727,3130.053203794937,13514.336991424369,7795.426928145313,5718.910063279056,0.07811775588749195
42955,0.1277658821008815,3012.717541037372,13557.130396537936,7817.125052446878,5740.005344091058,0.07804922888495512
42960,0.1277807541625857,2892.927927425979,13598.964725192887,7835.201074466835,5763.763650726052,0.07803252568361399
42965,0.12779562622428992,2772.699296252209,13639.341353282274,7849.830452417477,5789.510900864797,0.0779438572864251
42970,0.1278104982859941,2653.908620359005,13677.818920620628,7861.366078802546,5816.452841818082,0.07784860789001927
42975,0.12782537034769834,2538.205919108749,13714.03604608921,7870.329582874111,5843.706463215099,0.07785149350650111
42980,0.12784024240940253,2426.938578362993,13747.7277723164,7877.39114849005,5870.336623826351,0.07778961419343654
42985,0.12785511447110676,2321.0966385810643,13778.734926329791,7883.3385243081,5895.396402021691,0.0776607940713691
42990,0.12786998653281095,2221.2860237050218,13807.006264872123,7889.037011642268,5917.969253229855,0.0775868081821631
42995,0.12788485859451518,2127.7346298721777,13832.593896694103,7895.383175558018,5937.210721136085,0.07756061479333483
43000,0.12789973065621937,2040.332819309102,13855.642971277764,7903.255701766237,5952.387269511528,0.07747255664554686
43005,0.1279146027179236,1958.7056000140701,13876.376957840588,7913.467116161908,5962.90984167868,0.07730738510700005
43010,0.12792947477962782,1882.3093521339133,13895.080007134964,7926.719949116539,5968.360058018425,0.07725452637226465
43015,0.12794434684133202,1810.5422511513798,13912.07791276578,7943.570381670697,5968.507531095083,0.07719811856396362
43020,0.12795921890303624,1742.855292673541,13927.719099478441,7964.401541934927,5963.317557543514,0.0770803523330592
43025,0.12797409096474044,1678.8504870914667,13942.35689015113,7989.407571712401,5952.949318438729,0.07695671181493531
43030,0.12798896302644466,1618.35439573856,13956.334057909751,8018.588532113504,5937.745525796247,0.07693507927570041
43035,0.12800383508814886,1561.4583833240358,13969.9703641954,8051.755333411762,5918.215030783638,0.07685438198516155
43040,0.12801870714985308,1508.5211945499068,13983.553428895835,8088.543280650867,5895.010148244968,0.0767128174238659
43045,0.12803357921155728,1460.1340935909311,13997.33289762873,8128.432566125877,5868.900331502853,0.07666170688293857
43050,0.1280484512732615,1417.053257972294,14011.5175035027,8170.774071781762,5840.743431720938,0.07661650258822741
43055,0.1280633233349657,1380.1079238166558,14026.274319221611,8214.819064758998,5811.455254462613,0.0765140123365305
43060,0.12807819539666992,1350.09556969824,14041.729315259005,8259.751649835962,5781.977665423043,0.07635123735345856
43065,0.12809306745837415,1327.6769232684492,14057.96832081712,8304.723070804539,5753.24525001258,0.07630761274809815
43070,0.12810793952007835,1313.283595271003,14075.037634653669,8348.887056897698,5726.1505777559705,0.07624204873629689
43075,0.12812281158178257,1307.0496276267859,14092.943820381995,8391.435365789182,5701.508454592813,0.07612692769602653
43080,0.12813768364348677,1308.775275438924,14111.65257839455,8431.632498006475,5680.020080388076,0.07594897051585008
43085,0.128152555705191,1317.9271913055582,14131.086931874028,8468.848296330332,5662.238635543696,0.07600403235962344
43090,0.1281674277668952,1333.6742980498066,14151.125227329914,8502.58686790833,5648.538359421584,0.07610991749688606
43095,0.1281822998285994,1354.953667343717,14171.599594715048,8532.510062927979,5639.089531787069,0.07631815813841958
43100,0.1281971718903036,1380.5564622723896,14192.29554227788,8558.453704693831,5633.841837584048,0.07651158719053883
43105,0.12821204395200783,1409.2212806676025,14212.953308216034,8580.43497284668,5632.518335369354,0.07669012455216585
43110,0.12822691601371203,1439.7217096507657,14233.271490698471,8598.649835946611,5634.62165475186,0.0768537224730646
43115,0.12824178807541625,1470.9368137135061,14252.913350602126,8613.460187882945,5639.453162719181,0.07700230831342501
43120,0.12825666013712048,1501.8972908646601,14271.516026138237,8625.371265369742,5646.144760768495,0.07713574366762559
43125,0.12827153219882467,1531.805232642164,14288.702700280406,8635.000854573933,5653.701845706473,0.07725745057552891
43130,0.1282864042605289,1560.030552327722,14304.09750755427,8643.04256488988,5661.05494266439,0.07740205082097772
43135,0.1283012763222331,1586.0909594747563,14317.342660329849,8650.225929711767,5667.116730618081,0.07752998633091827
43140,0.12831614838393732,1609.624017380872,14328.116944054947,8657.276239841773,5670.840704213175,0.0776413902265039
43145,0.1283310204456415,1630.3591293654008,14336.15442480299,8664.87685913619,5671.2775656668,0.07773635287907614
43150,0.12834589250734574,1648.0947393176875,14341.261990431218,8673.63639987415,5667.625590557067,0.07781493458333823
43155,0.12836076456904993,1662.6825659515407,14343.334263877743,8684.062637524738,5659.271626353006,0.07789866022946408
43160,0.12837563663075416,1674.0174451114563,14342.364519539902,8696.544480099723,5645.820039440179,0.07798698608275736
43165,0.12839050869245835,1682.0292764962578,14338.450506350451,8711.342695074043,5627.107811276408,0.07805910890388426
43170,0.12840538075416258,1686.6731641439337,14331.794503211884,8728.589434799926,5603.205068411959,0.0781265978143098
43175,0.1284202528158668,1687.9150541586778,14322.697441655111,8748.295898681281,5574.40154297383,0.0782832123577299
43180,0.128435124877571,1685.7124603644625,14311.547446620609,8770.366772624262,5541.180673996347,0.0784246351959686
43185,0.12844999693927522,1679.9923797445254,14298.80358933052,8794.619479276045,5504.184110054475,0.07855091252113142
43190,0.12846486900097942,1670.6303647181603,14284.975956221335,8820.805862609435,5464.1700936119,0.0786620548371729
43195,0.12847974106268364,1657.4353267551078,14270.603287287891,8848.633810368825,5421.969476919066,0.07876497701842125
43200,0.12849461312438784,1640.1438334084423,14256.229435093574,8877.78653321898,5378.442901874594,0.07889553256421472
43205,0.12850948518609207,1618.4257563862193,14242.379781399219,8907.937749311282,5334.442032087936,0.07901045308051632
43210,0.12852435724779626,1591.900812309481,14229.538577155767,8938.761781523066,5290.776795632701,0.0791098261794554
43215,0.12853922930950049,1560.1635790224373,14218.12799830087,8969.938431809316,5248.189566491554,0.07919375648006588
43220,0.12855410137120468,1522.8135258150523,14208.489573948527,9001.153309953119,5207.336263995408,0.07928391447541584
43225,0.1285689734329089,1479.4866085051472,14200.868561482623,9032.094938678025,5168.773622804598,0.07938723669551853
43230,0.12858384549461313,1429.8857585193937,14195.401806607702,9062.450352306485,5132.951454301217,0.0794746226751948
43235,0.12859871755631733,1373.8085912364304,14192.109608222352,9091.90102250367,5100.208585718681,0.07954622726288987
43240,0.12861358961802155,1311.1713603983417,14190.89207133639,9120.120799582337,5070.771271754053,0.07960224431458297
43245,0.12862846167972575,1242.0283678061805,14191.530341397833,9146.777200539247,5044.7531408585855,0.07968228855151474
43250,0.12864333374142997,1166.585845222393,14193.692948869299,9171.536869209323,5022.156079659975,0.07975670688208077
43255,0.12865820580313417,1085.2091397670256,14196.94725342573,9194.075445431703,5002.871807994026,0.07981470371584147
43260,0.1286730778648384,998.4222123355939,14200.775686095642,9214.09147073842,4986.684215357222,0.07985650503825041
43265,0.1286879499265426,906.8991090476084,14204.596186830664,9231.323385639449,4973.272801191215,0.07989820190102473
43270,0.1287028219882468,811.4479856732232,14207.785972884398,9245.568192277566,4962.217780606832,0.07995782700355276
43275,0.128717694049951,712.9890688167434,14209.707589695767,9256.7000148236,4953.0075748721665,0.08000043701643403
43280,0.12873256611165523,612.5282771569582,14209.736108478035,9264.686625940163,4945.049482537872,0.08008206135673523
43285,0.12874743817335946,511.12797355528164,14207.286333193619,9269.602040131445,4937.684293062173,0.08018133852703276
43290,0.12876231023506365,409.8756220573723,14201.83893068753,9271.633500719261,4930.2054299682695,0.08026430806646265
43295,0.12877718229676788,309.85033560267766,14192.96445874293,9271.081584003126,4921.882874739804,0.08033127622211307
43300,0.12879205435847207,212.08684049491785,14180.34430416771,9268.352678548707,4911.991625619003,0.08038513006550099
43305,0.1288069264201763,117.53659545931441,14163.78754863031,9263.943733258247,4899.843815372062,0.08047228326192707
43310,0.1288217984818805,27.02683396460816,14143.242778436765,9258.419866769791,4884.822911666974,0.08054335809179793
43315,0.12883667054358472,-58.779983249671204,14118.803897619055,9252.386144108284,4866.41775351077,0.08059892813448717
43320,0.12885154260528892,-139.4218480721138,14090.709152592619,9246.455484299668,4844.253668292951,0.08063964592876496
43325,0.12886641466699314,-214.6620033638228,14059.332876233766,9241.215170454483,4818.117705779283,0.0806728379185531
43330,0.12888128672869734,-284.49641198218524,14025.16991577857,9237.19468683756,4787.97522894101,0.0807371842565334
43335,0.12889615879040156,-349.13863431196114,13988.813279261798,9234.837520848225,4753.975758413573,0.08078684941355146
43340,0.12891103085210578,-408.9797174723899,13950.926134202635,9234.47911329347,4716.447020909165,0.0808224814757114
43345,0.12892590291380998,-464.5247882137246,13912.209816559836,9236.332372418488,4675.877444141348,0.08084471846060048
43350,0.1289407749755142,-516.3124873327761,13873.36986684205,9240.481224720757,4632.888642121292,0.08087500773415439
43355,0.1289556470372184,-564.8271638823717,13835.082251081714,9246.88175096999,4588.200500111725,0.08092303557909858
43360,0.12897051909892263,-610.4159785040756,13797.961843239369,9255.369739182894,4542.592104056475,0.08095712935571422
43365,0.12898539116062682,-653.2232257446049,13762.53497964123,9265.673105127524,4496.861874513706,0.08097777536501251
43370,0.12900026322233105,-693.1522124647945,13729.217504472144,9277.427611219722,4451.789893252422,0.0809854482546676
43375,0.12901513528403524,-729.8612891561861,13698.299267433715,9290.194580867472,4408.104686566243,0.08102788495215883
43380,0.12903000734573947,-762.7958043193557,13669.935556109207,9303.47971832265,4366.455837786558,0.08106051930096857
43385,0.12904487940744366,-791.2526781092947,13644.145476543681,9316.752556285546,4327.392920258135,0.08107896247945344
43390,0.1290597514691479,-814.4697944769669,13620.816858672493,9329.466353340713,4291.35050533178,0.08108371847329851
43395,0.1290746235308521,-831.7291377999627,13599.716883826979,9341.078392775007,4258.638491051972,0.08109490996495895
43400,0.1290894955925563,-842.4609100945581,13580.507341997833,9351.070581945172,4229.43676005266,0.08112428980152533
43405,0.12910436765426053,-846.335819316253,13562.763260586968,9358.970037703615,4203.793222883352,0.08117985047750459
43410,0.12911923971596473,-843.3341768032496,13545.993625577501,9364.369013070942,4181.624612506559,0.08122259332088037
43415,0.12913411177766895,-833.7831450357553,13529.663036362585,9366.943143912364,4162.719892450221,0.08125097529703547
43420,0.12914898383937315,-818.357180166864,13513.213361962868,9366.466668164876,4146.746693797992,0.08128498020351117
43425,0.12916385590107737,-798.0411042597552,13496.084740047318,9362.82310403853,4133.261636008787,0.08133807185005523
43430,0.12917872796278157,-774.0598489140084,13477.735514600769,9356.009962557795,4121.7255520429735,0.0813763415408561
43435,0.1291936000244858,-747.7830643266898,13457.660888355811,9346.1364593533,4111.524429002511,0.08140033154416347
43440,0.12920847208619,-720.6157327790679,13435.410143557217,9333.413851921707,4101.996291635511,0.08141063894033655
43445,0.12922334414789421,-693.8870867007663,13410.60226252269,9318.138855713067,4092.463406809624,0.08143123470466991
43450,0.12923821620959844,-668.7493663768491,13382.939689088444,9300.671427464917,4082.268261623527,0.08146745025970405
43455,0.12925308827130264,-646.0956396535985,13352.219861214966,9281.408881684734,4070.8109795302316,0.08148947792710004
43460,0.12926796033300686,-626.5027925040686,13318.344062639782,9260.758701816141,4057.585360823641,0.08149784365046649
43465,0.12928283239471106,-610.2026880302765,13281.323121802183,9239.112472365983,4042.2106494361997,0.08149309689757042
43470,0.12929770445641528,-597.0819454199045,13241.279539142131,9216.823123490223,4024.456415651908,0.08151601760597067
43475,0.12931257651811948,-586.708995795334,13198.445733406797,9194.18723387675,4004.2584995300476,0.08153787059570956
43480,0.1293274485798237,-578.3858887076367,13153.158232281721,9171.433586017763,3981.7246462639578,0.08154572029607045
43485,0.1293423206415279,-571.2214475239616,13105.847762851301,9148.718592503092,3957.1291703482093,0.08154014497378723
43490,0.12935719270323212,-564.2215035634563,13057.025312690084,9126.128652519192,3930.8966601708926,0.08152429507480903
43495,0.12937206476493632,-556.3908860285228,13007.264349747778,9103.688956263284,3903.5753934844943,0.0815469398105631
43500,0.12938693682664054,-546.8405639222383,12957.17954576075,9081.377719999644,3875.8018257611056,0.08155533316527902
43505,0.12940180888834477,-534.8919400131126,12907.402580053556,9059.144310333477,3848.2582697200796,0.08155021926715178
43510,0.12941668095004896,-520.169051026598,12858.555918331003,9036.929242017324,3821.626676313679,0.08153240945514209
43515,0.1294315530117532,-502.66873553303594,12811.225829934445,9014.683682901314,3796.542147033131,0.08151819593520077
43520,0.12944642507345738,-482.7991683578257,12765.936247562897,8992.385962480268,3773.5502850826288,0.08152916027429981
43525,0.1294612971351616,-461.3789514121945,12723.125280646549,8970.05273559521,3753.0725450513382,0.08152819179840612
43530,0.1294761691968658,-439.5923902271188,12683.126171253845,8947.742940827118,3735.383230426727,0.08154463473525045
43535,0.12949104125857003,-418.90148153907285,12646.154178544675,8925.553498418674,3720.600680126001,0.08154838194095114
43540,0.12950591332027422,-400.9208536149363,12612.300312727872,8903.606737168711,3708.6935755591603,0.08155831182900791
43545,0.12952078538197845,-387.26745406898226,12581.53210216348,8882.030690328911,3699.50141183457,0.08159215591610726
43550,0.12953565744368264,-379.4010811655262,12553.700807594072,8860.93448721811,3692.766320375962,0.08161295882284691
43555,0.12955052950538687,-378.47401722302493,12528.553846963458,8840.381912840214,3688.171934123244,0.08162134039122053
43560,0.1295654015670911,-385.2076038742216,12505.750784877335,8820.366662089567,3685.3841227877674,0.08161790483064701
43565,0.1295802736287953,-399.8106855046426,12484.881134083273,8800.792787032233,3684.08834705104,0.08162830794553869
43570,0.1295951456904995,-421.9499636631608,12465.482402932117,8781.463313982053,3684.0190889500645,0.08165421858657199
43575,0.1296100177522037,-450.7762196470012,12447.057231902061,8762.079063236022,3684.978168666039,0.08166729775324288
43580,0.12962488981390793,-485.00389809969784,12429.088986938,8742.248478359437,3686.8405085785635,0.08166805997848856
43585,0.12963976187561213,-523.0354656845429,12411.055703720855,8721.507944139896,3689.547759580959,0.08165702650086332
43590,0.12965463393731635,-563.1169328673659,12392.44270901871,8699.350831011005,3693.0918780077045,0.08165725978064424
43595,0.12966950599902055,-603.5075018897951,12372.75451878095,8675.262514184245,3697.4920045967046,0.08167383360877781
43600,0.12968437806072478,-642.6448647606376,12351.526698611375,8648.757997278843,3702.768701332532,0.08167758379761796
43605,0.12969925012242897,-679.2883728725719,12328.338272707897,8619.418582213215,3708.919690494682,0.08166910213797593
43610,0.1297141221841332,-712.6250113291244,12302.825008839218,8586.92426459916,3715.900744240058,0.08164898424429891
43615,0.12972899424583742,-742.3274576164458,12274.69353491043,8551.079131961045,3723.6144029493844,0.08163814954009133
43620,0.12974386630754162,-768.5589338457467,12243.735816283257,8511.82788871127,3731.907927571987,0.08164535182822712
43625,0.12975873836924584,-791.9254436370848,12209.84310920518,8469.262589683321,3740.580519521858,0.08164023322139656
43630,0.12977361043095004,-813.3816794282229,12173.018170266007,8423.619599369376,3749.39857089663,0.08162344043929462
43635,0.12978848249265426,-834.1017814190909,12133.384300092213,8375.267604205263,3758.1166958869508,0.08159559231764624
43640,0.12980335455435846,-855.3296748180637,12091.189769006125,8324.688134326807,3766.501634679318,0.08158077381093135
43645,0.12981822661606268,-878.225478852436,12046.80632962935,8272.45048462917,3774.35584500018,0.08158142045999962
43650,0.12983309867776688,-903.7242507439933,12000.720862377193,8219.18316746523,3781.5376949119636,0.08157893684645473
43655,0.1298479707394711,-932.4211717069948,11953.519700939947,8165.54408035649,3787.9756205834574,0.08158085263903367
43660,0.1298628428011753,-964.4935861873973,11905.865803663659,8112.191416692181,3793.6743869714783,0.08157177115298718
43665,0.12987771486287952,-999.6657105564709,11858.469612617382,8059.756972252158,3798.7126403652237,0.08158041907510748
43670,0.12989258692458375,-1037.2170913152522,11812.055100257436,8008.822926788232,3803.232173469204,0.08160136693820391
43675,0.12990745898628794,-1076.0317103529342,11767.323063542392,7959.902493360084,3807.4205701823075,0.08161079122736946
43680,0.12992233104799217,-1114.681470935424,11724.914113134708,7913.42417969722,3811.4899334374877,0.08160919692677725
43685,0.12993720310969636,-1151.5357901922707,11685.373965379065,7869.7189742923965,3815.654991086669,0.08159703504642886
43690,0.1299520751714006,-1184.8879958358139,11649.123549133685,7829.009694176245,3820.11385495744,0.08159980252776831
43695,0.12996694723310478,-1213.0888147084615,11616.436092475216,7791.402043648453,3825.034048826763,0.08161750916697723
43700,0.129981819294809,-1234.6770990959794,11587.422792331343,7756.877528581452,3830.545263749891,0.08162359093203392
43705,0.1299966913565132,-1248.4979092699732,11562.027957931863,7725.289034976279,3836.738922955584,0.08161835995733663
43710,0.13001156341821743,-1253.798280190742,11540.033741493136,7696.360367417651,3843.6733740754853,0.08160208029188382
43715,0.13002643547992163,-1250.2917848055977,11521.073819746818,7669.691168719898,3851.38265102692,0.0816002996753965
43720,0.13004130754162585,-1238.1847400161778,11504.654754843894,7644.768346946672,3859.886407897222,0.08161243558632737
43725,0.13005617960333007,-1218.1597863317093,11490.183309402375,7620.984492905382,3869.1988164969935,0.08161224250900853
43730,0.13007105166503427,-1191.3165010131625,11476.997753144718,7597.662940769699,3879.3348123750193,0.08160002020053196
43735,0.1300859237267385,-1159.0732521814607,11464.401175394443,7574.088288906188,3890.3128864882556,0.08157606012202974
43740,0.1301007957884427,-1123.0390317525953,11451.694971184426,7549.540505857489,3902.1544653269375,0.08156937359151048
43745,0.13011566785014692,-1084.8678315547522,11438.21093554906,7523.3302886226365,3914.8806469264227,0.08157288947560176
43750,0.1301305399118511,-1046.1106522748123,11423.340708044972,7494.833154409663,3928.5075536353097,0.0815639026533708
43755,0.13014541197355534,-1008.0810341371771,11406.561593728293,7463.519835080372,3943.0417586479207,0.08154286146917325
43760,0.13016028403525953,-971.7488469896625,11387.458008125672,7428.980886984578,3958.4771211410934,0.08151017456343725
43765,0.13017515609696376,-937.6739689328715,11365.737944433495,7390.9439911740665,3974.7939532594282,0.08150291788692382
43770,0.13019002815866795,-905.9866643283567,11341.243962582723,7349.28313986629,3991.9608227164326,0.08151972776850817
43775,0.13020490022037218,-876.4155018560859,11313.958290782582,7304.019695845684,4009.938594936899,0.08152506715833911
43780,0.1302197722820764,-848.3574120607655,11284.00175172991,7255.316060864483,4028.6856908654263,0.08151941127087603
43785,0.1302346443437806,-820.979064327661,11251.626407777032,7203.463282062722,4048.16312571431,0.08150314239558787
43790,0.13024951640548482,-793.3351948173713,11217.202073524395,7148.864271352955,4068.3378021714398,0.08152090686786255
43795,0.13026438846718902,-764.4885131081601,11181.197163183457,7092.014371144251,4089.182792039206,0.08153474588972087
43800,0.13027926052889324,-733.6174046697588,11144.154700540827,7033.480792808767,4110.67390773206,0.08153736261526426
43805,0.13029413259059744,-700.101224439114,11106.664686678258,6973.882060191291,4132.782626486966,0.08152890686890318
43810,0.13030900465230166,-663.5775140980986,11069.334351213325,6913.8681207976815,4155.466230415644,0.08150943939145103
43815,0.13032387671400586,-623.9698918573395,11032.758057950405,6854.101356874422,4178.656701075983,0.08153133551363882
43820,0.13033874877571008,-581.4888651043011,10997.488747133586,6795.2384282032435,4202.2503189303425,0.08154228285050139
43825,0.13035362083741428,-536.6100521537574,10964.012735603377,6737.912756925479,4226.099978677898,0.08154108125415391
43830,0.1303684928991185,-490.03530733814205,10932.729445879828,6682.717523288619,4250.0119225912085,0.0815276950906856
43835,0.13038336496082273,-442.64228003833705,10903.937209120742,6630.189237870102,4273.74797125064,0.08151465722246662
43840,0.13039823702252692,-395.42731351909515,10877.825732625894,6580.792217818489,4297.033514807405,0.08153196831776656
43845,0.13041310908423115,-349.44559148339704,10854.47521579697,6534.904535737077,4319.570680059894,0.08153576367524225
43850,0.13042798114593535,-305.75133986749915,10833.86152818699,6492.806150368292,4341.055377818698,0.08152596496689628
43855,0.13044285320763957,-265.3399643635121,10815.86641120378,6454.669914958568,4361.196496245212,0.08152880219772209
43860,0.13045772526934377,-229.09350846177495,10800.29138556057,6420.555980148753,4379.735405411816,0.08165588531894906
43865,0.130472597331048,-197.73090754004534,10786.873954723449,6390.409799018232,4396.464155705217,0.08177744883289775
43870,0.1304874693927522,-171.76514578218848,10775.304765527837,6364.0635783703665,4411.24118715747,0.08189364066238503
43875,0.1305023414544564,-151.47031053110913,10765.24456864763,6341.240699926138,4424.003868721491,0.08200473471307691
43880,0.1305172135161606,-136.86223456979042,10756.340054183294,6321.562449567414,4434.777604615881,0.08213297415379947
43885,0.13053208557786483,-127.6964673230741,10748.23787449611,6304.556401290374,4443.6814732057355,0.08225653056964817
43890,0.13054695763956906,-123.48643296325372,10740.596384708477,6289.666012518559,4450.930372189918,0.08237563824215736
43895,0.13056182970127325,-123.54279038421646,10733.094832071178,6276.261349495542,4456.833482575636,0.08249052966483243
43900,0.13057670176297748,-127.03243866631055,10725.439922132511,6263.651280590442,4461.788641542069,0.08262726397321023
43905,0.13059157382468167,-133.05273391763512,10717.369893407567,6251.09783444955,4466.272058958018,0.08277198327092679
43910,0.1306064458863859,-140.71382828476817,10708.65643945771,6237.833609979068,4470.822829478643,0.08292588123824518
43915,0.1306213179480901,-149.2201665853163,10699.105006607093,6223.083072537209,4476.021934069884,0.08308574928077112
43920,0.13063619000979432,-157.9415666955083,10688.554133125304,6206.088254951198,4482.465878174106,0.08324203183202732
43925,0.1306510620714985,-166.46524998140194,10676.874547171617,6186.138838824957,4490.73570834666,0.08339455735145956
43930,0.13066593413320274,-174.62263059297584,10663.968683450492,6162.6059020997445,4501.362781350747,0.08354308688702708
43935,0.13068080619490693,-182.48819544281923,10649.771110353407,6134.977887977967,4514.793222375441,0.08369704478806513
43940,0.13069567825661116,-190.35170722731618,10634.250102113507,6102.896683751741,4531.353418361766,0.08385750758501646
43945,0.13071055031831538,-198.66846695191907,10617.41028610942,6066.191183540924,4551.219102568496,0.08401283717154294
43950,0.13072542238001958,-207.99486220321432,10599.295997864716,6024.905408558078,4574.390589306638,0.08416263655768057
43955,0.1307402944417238,-218.91758349391148,10579.994739962696,5979.31821148829,4600.676528474406,0.08430650607447991
43960,0.130755166503428,-231.98470877894488,10559.640009378147,5929.951821956186,4629.688187421961,0.08445668952933066
43965,0.13077003856513222,-247.64557154094564,10538.412752871049,5877.5670116093515,4660.845741261697,0.08462093030696186
43970,0.13078491062683642,-266.2043187743602,10516.540827999228,5823.1434692233925,4693.3973587758355,0.08480133160660797
43975,0.13079978268854064,-287.7897717046653,10494.296058032964,5767.845049460911,4726.451008572053,0.08497656864419918
43980,0.13081465475024484,-312.34205975054374,10471.988724237302,5712.970821258763,4759.0179029785395,0.08514492701279036
43985,0.13082952681194907,-339.61486382181283,10449.959584638222,5659.894170162175,4790.0654144760465,0.08530613767515849
43990,0.13084439887365326,-369.19117377490966,10428.569700034903,5609.993439062903,4818.576260972,0.08546531817507558
43995,0.13085927093535749,-400.5102121320833,10408.188463685006,5564.578546200239,4843.609917484768,0.08563134747146586
44000,0.1308741429970617,-432.90336770441536,10389.180277471141,5524.818547955105,4864.361729516037,0.08578961552242557
44005,0.1308890150587659,-465.63727194631883,10371.890326299352,5491.6751343773485,4880.215191922003,0.08593995155309452
44010,0.13090388712047013,-497.9622249115,10356.629918034989,5465.846566299038,4890.78335173595,0.08608221096003275
44015,0.13091875918217433,-529.1638864095912,10343.661915733966,5447.725681062576,4895.936234671391,0.08622201767094888
44020,0.13093363124387855,-558.6155529296439,10333.186905338518,5437.374462535587,4895.812442802931,0.0863671771015678
44025,0.13094850330558275,-585.8276672904431,10325.330894767068,5434.516453707078,4890.814441059991,0.08653335128296574
44030,0.13096337536728697,-610.4907333481578,10320.135479114002,5438.547118312622,4881.58836080138,0.08669739967857734
44035,0.13097824742899117,-632.5077437405616,10317.55146680796,5448.561211911736,4868.990254896224,0.0868539740022874
44040,0.1309931194906954,-652.0126407932103,10317.436886469686,5463.395339152237,4854.041547317449,0.08700295285028342
44045,0.1310079915523996,-669.3721291213187,10319.560055405802,5481.683169054628,4837.876886351174,0.08715560979018971
44050,0.1310228636141038,-685.1691533365611,10323.608000158507,5501.920270566402,4821.687729592105,0.08730647370858556
44055,0.13103773567580804,-700.1673662512485,10329.200029120813,5522.535234384149,4806.664794736665,0.08744925578344474
44060,0.13105260773751223,-715.2568914814156,10335.905747419443,5541.963666695585,4793.942080723858,0.08758367130457793
44065,0.13106747979921646,-731.3827699011981,10343.266363615981,5558.721742993882,4784.5446206220995,0.0877129804178166
44070,0.13108235186092065,-749.4589486304549,10350.817840503418,5571.476223527253,4779.341616976165,0.0878465384641811
44075,0.13109722392262488,-770.2727565576897,10358.114328452546,5579.108068296883,4779.006260155663,0.08797068752122694
44080,0.13111209598432907,-794.3874656577191,10364.750386463436,5580.766985490544,4783.983400972892,0.08809064565919822
44085,0.1311269680460333,-822.0532819698601,10370.380701165643,5575.91440126678,4794.466299898862,0.08822506339291307
44090,0.1311418401077375,-853.1390681264065,10374.736293684658,5564.352521109252,4810.3837725754065,0.08835241264141672
44095,0.13115671216944172,-887.0972647956578,10377.636495826864,5546.237479578802,4831.399016248062,0.08848163564826719
44100,0.13117158423114592,-922.9721145635467,10378.99623915387,5522.075155300304,4856.921083853566,0.08860084876295575
44105,0.13118645629285014,-959.4562911306084,10378.828421431774,5492.699107787086,4886.1293136446875,0.08870967762498244
44110,0.13120132835455436,-994.994075209338,10377.241307924165,5459.231223923863,4918.010084000302,0.08880840007574418
44115,0.13121620041625856,-1027.921624094677,10374.431113813773,5423.026907048767,4951.404206765006,0.08890841225454102
44120,0.13123107247796278,-1056.6282674363392,10370.670118026708,5385.607814409112,4985.062303617597,0.08899738621613998
44125,0.13124594453966698,-1079.718564216053,10366.29088265506,5348.586070491101,5017.704812163958,0.08907515363339376
44130,0.1312608166013712,-1096.1539530095752,10361.667384704684,5313.584431425256,5048.082953279428,0.08914159384617075
44135,0.1312756886630754,-1105.355351266273,10357.194084319486,5282.157007084288,5075.037077235198,0.08920206070437448
44140,0.13129056072477963,-1107.2534402118845,10353.264126653177,5255.714897318172,5097.549229335005,0.08925761518545143
44145,0.13130543278648382,-1102.2805627582948,10350.247974229836,5235.460555676102,5114.787418553735,0.08932094587824344
44150,0.13132030484818805,-1091.3059323320313,10348.473770363258,5222.333968280665,5126.139802082593,0.08937532232575353
44155,0.13133517690989224,-1075.523050705554,10348.210630783804,5216.972930280739,5131.237700503065,0.08941962216662634
44160,0.13135004897159647,-1056.3039552472883,10349.655854567536,5219.688892043065,5129.9669625244715,0.08946097869673375
44165,0.1313649210333007,-1035.0385557789878,10352.926757815147,5230.459069000381,5122.467688814766,0.08949215486526631
44170,0.1313797930950049,-1012.9785704369333,10358.057498331857,5248.934765289987,5109.12273304187,0.08951309916175064
44175,0.1313946651567091,-991.1044006394523,10365.00091579757,5274.465134648753,5090.535781148817,0.08952374965843714
44180,0.1314095372184133,-970.0299404022244,10373.635093830415,5306.134877250123,5067.500216580292,0.08952890890294933
44185,0.13142440928011753,-949.9552977329749,10383.774080422929,5342.813657366207,5040.960423056722,0.08952466021460856
44190,0.13143928134182173,-930.6714267717125,10395.181989514173,5383.214370307442,5011.967619206731,0.08951008848692427
44195,0.13145415340352595,-911.6145403998898,10407.589546429375,5425.95686819742,4981.632678231956,0.08948514123708173
44200,0.13146902546523015,-891.9626593913317,10420.712026394167,5469.633465412746,4951.078560981421,0.08945161005797905
44205,0.13148389752693437,-870.7623505165748,10434.267463823377,5512.872559506975,4921.394904316401,0.08941164625441993
44210,0.13149876958863857,-847.0709756307579,10447.99398231445,5554.397046546114,4893.596935768336,0.08936302008688564
44215,0.1315136416503428,-820.098766266502,10461.665119642748,5593.074841582651,4868.590278060097,0.08930412849204467
44220,0.13152851371204702,-789.3357313206006,10475.102110194583,5627.959637710458,4847.1424724841245,0.08923498549964996
44225,0.13154338577375121,-754.6506261782242,10488.182249893815,5658.320919546837,4829.861330346977,0.08915563141807294
44230,0.13155825783545544,-716.3526246882911,10500.842711254765,5683.663056582981,4817.179654671784,0.08906613587095134
44235,0.13157312989715964,-675.2104505644711,10513.07949657698,5703.73393567845,4809.3455608985305,0.08896659999691796
44240,0.13158800195886386,-632.4279796268247,10524.941603551606,5718.523994970844,4806.417608580762,0.0888571575261563
44245,0.13160287402056806,-589.5792322245588,10536.520906292779,5728.256693293199,4808.26421299958,0.0887379743768127
44250,0.13161774608227228,-548.5089610047762,10547.938689158793,5733.371438819536,4814.567250339257,0.088609246418102
44255,0.13163261814397648,-511.20765511448644,10559.330160114618,5734.499892818254,4824.830267296364,0.08847395976121879
44260,0.1316474902056807,-479.67178998871077,10570.828554623164,5732.436458050804,4838.39209657236,0.08834247956964485
44265,0.1316623622673849,-455.7615486910636,10582.550560260652,5728.103742567305,4854.446817693347,0.08820297628692379
44270,0.13167723432908912,-441.0688576654147,10594.584701954347,5722.513905131588,4872.070796822759,0.08805569743105143
44275,0.13169210639079335,-436.8081276393632,10606.984014356565,5716.727028238027,4890.256986118538,0.08790088195640734
44280,0.13170697845249754,-443.7403169159461,10619.763819258731,5711.807964990166,4907.955854268565,0.08773874994654322
44285,0.13172185051420177,-462.13778857560465,10632.904791543324,5708.783372774607,4924.1214187687165,0.08756949355562398
44290,0.13173672257590596,-491.79314723880907,10646.360835982416,5708.60079129171,4937.760044690705,0.08739327011831484
44295,0.1317515946376102,-532.0703057654027,10660.070716296284,5712.091594510225,4947.979121786059,0.08721019809847813
44300,0.13176646669931438,-581.9911019584615,10673.971967141395,5719.9394464557,4954.032520685695,0.08702035619999454
44305,0.1317813387610186,-640.3465650187954,10688.015431087233,5732.655563029845,4955.359868057388,0.08682378558326964
44310,0.1317962108227228,-705.8190707046015,10702.17880031776,5750.56168806949,4951.617112248271,0.0866204947901106
44315,0.13181108288442703,-777.1006158400069,10716.477767018938,5773.78128560986,4942.696481409078,0.08641046673649766
44320,0.13182595494613122,-852.9935232197067,10730.973729663929,5802.239062206899,4928.73466745703,0.08619366701571962
44325,0.13184082700783545,-932.4829502745542,10745.777391305159,5835.668568854756,4910.108822450403,0.08597005275363866
44330,0.13185569906953967,-1014.7751329957391,10761.047961732122,5873.627283304939,4887.420678427183,0.08573958133283499
44335,0.13187057113124387,-1099.3005414669788,10776.988005815356,5915.51823401182,4861.469771803536,0.08550221840176023
44340,0.1318854431929481,-1185.6860820334268,10793.83426079094,5960.616905587275,4833.217355203665,0.08525794467133077
44345,0.1319003152546523,-1273.7042534899147,10811.844988724632,6008.101892701166,4803.743096023465,0.08500676106760965
44350,0.1319151873163565,-1363.2091610335965,10831.284652561382,6057.087592004828,4774.197060556554,0.08474869187883052
44355,0.1319300593780607,-1454.0693903105366,10852.406909326153,6106.657189564769,4745.749719761384,0.08448378564524595
44360,0.13194493143976493,-1546.1062988866006,10875.43708747682,6155.894347852995,4719.542739623824,0.08421211371795732
44365,0.13195980350146913,-1639.043973873485,10900.555426102503,6203.912320991487,4696.643105111016,0.08393376665501623
44370,0.13197467556317335,-1732.4746730908682,10927.88236491087,6249.879687032458,4678.002677878413,0.08364884889281843
44375,0.13198954762487755,-1825.8415459999324,10957.467058119317,6293.0424018130025,4664.424656306314,0.08335747236969714
44380,0.13200441968658178,-1918.438981724842,10989.280036326118,6332.742350582318,4656.5376857438,0.08305974992873318
44385,0.132019291748286,-2009.4298728230942,11023.210579466768,6368.432905377782,4654.777674088986,0.08277163741269766
44390,0.1320341638099902,-2097.87808609295,11059.06893762447,6399.692119547911,4659.376818076559,0.08248201075038362
44395,0.13204903587169442,-2182.7932817645387,11096.593108378878,6426.234080832284,4670.359027546594,0.08218665750022823
44400,0.13206390793339862,-2263.183992165048,11135.459517062025,6447.918624854427,4687.540892207598,0.08188562104223192
44405,0.13207877999510284,-2338.1138983375104,11175.29670658146,6464.759149908273,4710.537556673186,0.0815789293030044
44410,0.13209365205680704,-2406.7559287264194,11215.701058091969,6476.927771619881,4738.773286472087,0.08126659804637763
44415,0.13210852411851126,-2468.4393525341384,11256.253628850698,6484.756628184246,4771.497000666452,0.08094863604587221
44420,0.13212339618021546,-2522.68630464309,11296.537367590361,6488.733905687383,4807.803461902978,0.08062505154586025
44425,0.13213826824191968,-2569.235710251508,11336.154180837088,6489.493186668266,4846.660994168821,0.08029585928147662
44430,0.13215314030362388,-2608.0538529248706,11374.741497016506,6487.795076705046,4886.94642031146,0.07996108725133154
44435,0.1321680123653281,-2639.3315262833794,11411.988045463162,6484.500715356084,4927.487330107078,0.07962078243627722
44440,0.13218288442703233,-2663.467862681773,11447.6485064143,6480.537645619308,4967.110860794992,0.07927501474284099
44445,0.13219775648873652,-2681.0408927752187,11481.55651198108,6476.85946370632,5004.69704827476,0.07892387862136369
44450,0.13221262855044075,-2692.7651166232044,11513.63524324794,6474.4015386157525,5039.233704632187,0.07856749205251097
44455,0.13222750061214494,-2699.4371796629002,11543.904656112334,6474.035732796419,5069.868923315915,0.07852239101639356
44460,0.13224237267384917,-2701.872176533293,11572.484263420763,6476.527370454827,5095.956892965936,0.07849300619841386
44465,0.13225724473555336,-2700.8348975924146,11599.59047194161,6482.497647896003,5117.092824045607,0.07846147783447692
44470,0.1322721167972576,-2696.9720681717145,11625.527754991233,6492.394276493416,5133.133478497817,0.07842819155341804
44475,0.13228698885896178,-2690.7528758711032,11650.673427320451,6506.472451095516,5144.200976224935,0.07839353617953417
44480,0.132301860920666,-2682.4254920127114,11675.456426069539,6524.787330127989,5150.66909594155,0.07835790870841747
44485,0.1323167329823702,-2671.9966528341747,11700.331202193125,6547.198201866077,5153.133000327048,0.07832171277798033
44490,0.13233160504407443,-2659.239587958735,11725.748483190731,6573.383510619048,5152.364972571683,0.07829794507036472
44495,0.13234647710577865,-2643.732724078068,11752.125174250179,6602.865046649924,5149.260127600255,0.07827396432846268
44500,0.13236134916748285,-2624.927879535282,11779.815936971107,6635.038970545565,5144.776966425542,0.07824957235340364
44505,0.13237622122918707,-2602.242528707696,11809.088974995842,6669.211016142645,5139.877958853197,0.07822532551259505
44510,0.13239109329089127,-2575.1667649989295,11840.10825844742,6704.633211546766,5135.475046900655,0.07820171081290883
44515,0.1324059653525955,-2543.3725364255324,11872.923866537136,6740.539733581126,5132.38413295601,0.07817912009849791
44520,0.1324208374142997,-2506.8112313647534,11907.471380827777,6776.179982481992,5131.291398345786,0.07815782916946135
44525,0.13243570947600392,-2465.7862019480954,11943.580398166374,6810.847529761975,5132.732868404399,0.07813798426998612
44530,0.1324505815377081,-2420.98942353481,11980.99133814605,6843.904161418273,5137.087176727777,0.07811959756783253
44535,0.13246545359941234,-2373.4958815944156,12019.378884875303,6874.798745405074,5144.5801394702285,0.07810255224169939
44540,0.13248032566111653,-2324.71476918774,12058.379717138045,6903.081058797625,5155.29865834042,0.07809368534085848
44545,0.13249519772282076,-2276.302271960126,12097.621729858434,6928.410999661928,5169.210730196506,0.07808961008740305
44550,0.13251006978452498,-2230.045701847035,12136.751801307164,6950.563776773495,5186.188024533669,0.07808662299643107
44555,0.13252494184622918,-2187.7322716555736,12175.459350637728,6969.431720241696,5206.027630396032,0.07808443662448564
44560,0.1325398139079334,-2151.0174197297674,12213.493449593254,6985.023299459678,5228.470150133576,0.0780827189032853
44565,0.1325546859696376,-2121.3071596319196,12250.672041972768,6997.45979446223,5253.212247510538,0.07808112139780429
44570,0.13256955803134182,-2099.666620807732,12286.882785156818,7006.969876791409,5279.91290836541,0.07807930332681698
44575,0.13258443009304602,-2086.763210558285,12322.076036563694,7013.882157741693,5308.193878822001,0.07807694935132486
44580,0.13259930215475024,-2082.8483129073074,12356.251437313525,7018.615596663403,5337.635840650122,0.07807378008956789
44585,0.13261417421645444,-2087.7768730279695,12389.44028059854,7021.667564455064,5367.772716143475,0.07807720487791246
44590,0.13262904627815866,-2101.0602505857523,12421.686301454669,7023.599350574481,5398.086950880188,0.07808728499263713
44595,0.13264391833986286,-2121.9448004757724,12453.02762779457,7025.018995469107,5428.008632325464,0.07809678627771979
44600,0.13265879040156708,-2149.506910131602,12483.482370289757,7026.56151939043,5456.920850899328,0.07810557013132957
44605,0.1326736624632713,-2182.754597480034,12513.03973159069,7028.86688371513,5484.17284787556,0.07811836333215325
44610,0.1326885345249755,-2220.726028525626,12541.657667689924,7032.556329328934,5509.10133836099,0.07813952925011775
44615,0.13270340658667973,-2262.5762200324407,12569.267167542117,7038.208045723239,5531.059121818878,0.07815948669151028
44620,0.13271827864838392,-2307.6445953027605,12595.782288682964,7046.333387294628,5549.448901388336,0.07818345314981515
44625,0.13273315071008815,-2355.4978836657338,12621.114347272496,7057.355024772123,5563.759322500373,0.07821625614226546
44630,0.13274802277179235,-2405.9450540800926,12645.188219638354,7071.588462091459,5573.599757546895,0.07824793353817543
44635,0.13276289483349657,-2459.0234805235914,12667.958610702113,7089.228237243969,5578.730373458145,0.07827812543299112
44640,0.13277776689520077,-2514.9582151711256,12689.42435004925,7110.339852450369,5579.084497598881,0.07830642907699399
44645,0.132792638956905,-2574.0988835792077,12709.639197374858,7134.85806039853,5574.781136976328,0.07833240466091543
44650,0.1328075110186092,-2636.8410504928897,12728.718156330557,7162.591611264439,5566.126545066118,0.07835558528351796
44655,0.1328223830803134,-2703.5406580988783,12746.83879940359,7193.234005461192,5553.604793942397,0.0783754906627329
44660,0.13283725514201764,-2774.431059928149,12764.23752415591,7226.379279575203,5537.858244580706,0.0784067700992127
44665,0.13285212720372183,-2849.5520765869687,12781.20097105882,7261.541457713641,5519.65951334518,0.07843904957485358
44670,0.13286699926542606,-2928.699292408731,12798.053057073535,7298.176091163575,5499.876965909961,0.07846759667862582
44675,0.13288187132713025,-3011.3995278867988,12815.138262451355,7335.702319471987,5479.4359429793685,0.07849198955238695
44680,0.13289674338883448,-3096.9152513266454,12832.801995127918,7373.524110126723,5459.2778850011955,0.07851187284662403
44685,0.13291161545053867,-3184.27700337596,12851.369070170113,7411.049725174189,5440.3193449959235,0.07852697022617881
44690,0.1329264875122429,-3272.3392399305967,12871.121572258155,7447.708939913486,5423.412632344669,0.07853709160452584
44695,0.1329413595739471,-3359.851991021358,12892.277579238373,7482.968002211437,5409.309577026936,0.07856196228452322
44700,0.13295623163565132,-3445.5389784100726,12914.97235924016,7516.3426780670625,5398.629681173098,0.07858508489348368
44705,0.1329711036973555,-3528.172690506951,12939.243657348914,7547.409917320124,5391.83374002879,0.07860367173332372
44710,0.13298597575905974,-3606.6383550178825,12965.022521121002,7575.818674941544,5389.203846179458,0.0786177438521858
44715,0.13300084782076396,-3679.9813473305876,12992.13076628467,7601.300263498396,5390.830502786274,0.07862736948010765
44720,0.13301571988246816,-3747.4356335635184,13020.285676704258,7623.678343542351,5396.607333161906,0.07863264332907828
44725,0.13303059194417238,-3808.433667214558,13049.111919090858,7642.878339536883,5406.233579553975,0.07863815458145396
44730,0.13304546400587658,-3862.6002536966307,13078.160008512277,7658.935748797717,5419.2242597145605,0.07865889963069744
44735,0.1330603360675808,-3909.734102411897,13106.930071114677,7672.0025262943645,5434.9275448203125,0.07867588813500787
44740,0.133075208129285,-3949.781189423491,13134.89919529679,7682.350509014391,5452.548686282399,0.07868909546229709
44745,0.13309008019098922,-3982.803840288426,13161.550399898375,7690.370722962107,5471.179676936268,0.07869844482549854
44750,0.13310495225269342,-4008.948771053876,13186.401201476423,7696.567433956962,5489.833767519461,0.07870379843498605
44755,0.13311982431439764,-4028.416312354506,13209.029916740892,7701.546001822554,5507.483914918338,0.07870495500555655
44760,0.13313469637610184,-4041.431836705855,13229.098141390828,7705.994003902452,5523.104137488376,0.07871388223907319
44765,0.13314956843780607,-4048.2192676508967,13246.368235136508,7710.655701098865,5535.712534037642,0.07873172656883393
44770,0.1331644404995103,-4048.975812266175,13260.715048206719,7716.300669876848,5544.414378329871,0.07874506548652237
44775,0.13317931256121449,-4043.8470286536776,13272.13149952753,7723.688205623794,5548.443293903736,0.07875352772542026
44780,0.1331941846229187,-4032.9021234493157,13280.727940154162,7733.529770131208,5547.1981700229535,0.0787567379340429
44785,0.1332090566846229,-4016.110786981414,13286.72551088529,7746.452164924662,5540.273345960628,0.07875433645983143
44790,0.13322392874632713,-3993.324471370962,13290.443946909976,7762.964166091065,5527.479780818911,0.07874962139020125
44795,0.13323880080803133,-3964.266235282401,13292.284511183974,7783.429039311211,5508.855471872763,0.0787635813736208
44800,0.13325367286973555,-3928.5336217140793,13292.708957933233,7808.044738491926,5484.664219441307,0.07877150259996496
44805,0.13326854493143975,-3885.6182388073175,13292.215630088554,7836.832815443867,5455.382814644688,0.07878374164174641
44810,0.13328341699314397,-3834.943833371438,13291.31395998543,7869.63629125021,5421.677668735219,0.07896697951200662
44815,0.13329828905484817,-3775.922037084344,13290.498747709045,7906.1260974170145,5384.372650292031,0.0791623388671051
44820,0.1333131611165524,-3708.022161787184,13290.22561570142,7945.815264207036,5344.410351494384,0.0793342483329361
44825,0.13332803317825662,-3630.8489715090964,13290.888970316812,7988.079823398126,5302.809146918686,0.07948232634447984
44830,0.1333429052399608,-3544.2206781600016,13292.803640875147,8032.1853516621695,5260.618289212977,0.07960598615365438
44835,0.13335777730166504,-3448.2387038158713,13296.191125007474,8077.318120509208,5218.873004498266,0.07980391690483779
44840,0.13337264936336923,-3343.341049411717,13301.17106503501,8122.619843727324,5178.551221307686,0.08002258731325249
44845,0.13338752142507346,-3230.332315649007,13307.758239093393,8167.2249499918,5140.533289101593,0.08021847786551091
44850,0.13340239348677765,-3110.3853913676885,13315.8650009444,8210.29912845334,5105.565872491061,0.0803900574052771
44855,0.13341726554848188,-2985.0123822099895,13325.30877195847,8251.077624864474,5074.231147093995,0.08054265461298454
44860,0.13343213761018607,-2856.005288199667,13335.823902178958,8288.901478745756,5046.922423433201,0.08075955178629864
44865,0.1334470096718903,-2725.3500000789545,13347.07699396613,8323.24968603431,5023.827307931819,0.08095350127810028
44870,0.1334618817335945,-2595.120082735716,13358.684635041285,8353.765237699059,5004.919397342226,0.08112300015511299
44875,0.13347675379529872,-2467.3592456490587,13370.23242573108,8380.273179423566,4989.959246307513,0.08126657239312976
44880,0.13349162585700294,-2343.9630723811433,13381.294209612379,8402.789267079672,4978.504942532707,0.0814253548061183
44885,0.13350649791870714,-2226.5712413536266,13391.450520533826,8421.51841388878,4969.932106645047,0.08162018993528086
44890,0.13352136998041136,-2116.480942352766,13400.305423935799,8436.842858392003,4963.462565543796,0.0817903020247175
44895,0.13353624204211556,-2014.590415400101,13407.501127777556,8449.300733019914,4958.200394757641,0.08193396560063182
44900,0.13355111410381978,-1921.378600773246,13412.729935600848,8459.55639270932,4953.173542891527,0.08204949066550896
44905,0.13356598616552398,-1836.9230558789723,13415.74328605777,8468.364405316597,4947.378880741173,0.08222111984865217
44910,0.1335808582272282,-1760.9540064728371,13416.35776226413,8476.529473115526,4939.828289148603,0.08239227481370949
44915,0.1335957302889324,-1692.9382234352524,13414.458073412423,8484.864736181344,4929.593337231079,0.08253485253441606
44920,0.13361060235063663,-1632.1829513278308,13409.99713414449,8494.150910096732,4915.846224047758,0.0826468951233022
44925,0.13362547441234082,-1577.9478634229645,13402.993511424133,8505.098546072722,4897.89496535141,0.0828492735352038
44930,0.13364034647404505,-1529.5522753568257,13393.526668318045,8518.315388663817,4875.211279654228,0.08304365679339258
44935,0.13365521853574927,-1486.4656564985553,13381.730575558404,8534.280367533749,4847.450208024655,0.08320735347910133
44940,0.13367009059745347,-1448.3716491773812,13367.786335598234,8553.325230419861,4814.461105178372,0.08333943737707927
44945,0.1336849626591577,-1415.1990071334712,13351.914428644019,8575.624256479281,4776.290172164738,0.08355170621170412
44950,0.1336998347208619,-1387.1166967124946,13334.367036253137,8601.191948465455,4733.175087787682,0.08373178785138127
44955,0.1337147067825661,-1364.4944549509992,13315.420658739034,8629.888154967852,4685.532503771183,0.08387803923999827
44960,0.1337295788442703,-1347.8339605198744,13295.368985520072,8661.429767900003,4633.939217620069,0.08398923902996684
44965,0.13374445090597453,-1337.6790491178617,13274.515780293732,8695.407987713104,4579.107792580628,0.08411561024309004
44970,0.13375932296767873,-1334.515722979182,13253.167464340846,8731.310121380482,4521.857342960364,0.08427359543882947
44975,0.13377419502938295,-1338.6737659149803,13231.625140559263,8768.544917627427,4463.080222931836,0.08439526362223501
44980,0.13378906709108715,-1350.2414212116237,13210.175973360534,8806.470482649998,4403.705490710536,0.08448005357608511
44985,0.13380393915279137,-1369.002855041951,13189.084069084769,8844.423803941161,4344.660265143608,0.08455429753376757
44990,0.1338188112144956,-1394.4052538471133,13168.581222084666,8881.750816279,4286.830405805666,0.08470457637474972
44995,0.1338336832761998,-1425.5587933735223,13148.85804924616,8917.835785465892,4231.022263780269,0.08481999568803761
45000,0.13384855533790402,-1461.268849006502,13130.056103180803,8952.128608166115,4177.927495014688,0.08494014140371547
45005,0.13386342739960821,-1500.0961651230773,13112.261533281162,8984.168498974877,4128.093034306285,0.08510295914847558
45010,0.13387829946131244,-1540.4376755575458,13095.50077722415,9013.602533642674,4081.898243581476,0.08522964839561721
45015,0.13389317152301664,-1580.6185949315277,13079.738643815685,9040.197699925733,4039.5409438899514,0.0853200509457835
45020,0.13390804358472086,-1618.9855166894195,13064.879016405632,9063.845499042653,4001.033517362979,0.08537437594617966
45025,0.13392291564642506,-1653.9906819166026,13050.768276426441,9084.558716022597,3966.209560403844,0.08539316779526326
45030,0.13393778770812928,-1684.259294117086,13037.201417914195,9102.460664213977,3934.740753700218,0.08547935832603748
45035,0.13395265976983348,-1708.634521330434,13023.930688567962,9117.767906174331,3906.1627823936306,0.08554345631774446
45040,0.1339675318315377,-1726.198211406313,13010.676446061118,9130.768056107858,3879.9083899532598,0.08559579723182256
45045,0.13398240389324192,-1736.2687637701101,12997.139765257043,9141.794696332352,3855.345068924691,0.08572356177312614
45050,0.13399727595494612,-1738.3804496281264,12983.01619046711,9151.20164575354,3831.8145447135703,0.08581510048242322
45055,0.13401214801665035,-1732.2502981837251,12968.009922770558,9159.338789839068,3808.6711329314894,0.08587062631435456
45060,0.13402702007835454,-1717.7392819041752,12951.847690405692,9166.5314310652,3785.3162593404923,0.08589069151217454
45065,0.13404189214005877,-1694.8140384596854,12934.291583633893,9173.064672732591,3761.2269109013014,0.08587612748915796
45070,0.13405676420176296,-1663.5140569104224,12915.150239860359,9179.173746266857,3735.976493593502,0.08594836011215662
45075,0.1340716362634672,-1623.9274841280603,12894.287917705475,9185.040489080922,3709.2474286245524,0.0859868039536409
45080,0.13408650832517138,-1576.1767792814917,12871.631166140183,9190.795456161455,3680.835709978728,0.08598921444756102
45085,0.1341013803868756,-1520.41359363628,12847.172941457196,9196.524502823264,3650.6484386339325,0.0860430224279642
45090,0.1341162524485798,-1456.820687071926,12820.974125213992,9202.278210930346,3618.695914283646,0.08611277755188464
45095,0.13413112451028403,-1385.617630222312,12793.162442603063,9208.08232632373,3585.0801162793323,0.08614696124253489
45100,0.13414599657198825,-1307.0666856815933,12763.928785768387,9213.947463227056,3549.981322541331,0.086146045680104
45105,0.13416086863369245,-1221.475714210561,12733.520939833441,9219.876682374284,3513.6442574591565,0.08611071208379946
45110,0.13417574069539667,-1129.1961247964573,12702.23472766473,9225.870077101908,3476.364650562822,0.08608511351791377
45115,0.13419061275710087,-1030.6154910628884,12670.402664092786,9231.926086928364,3438.4765771644215,0.08611614945984523
45120,0.1342054848188051,-926.1460800697587,12638.380356131296,9238.03978533319,3400.3405707981055,0.08611124706702841
45125,0.1342203568805093,-816.2117826519661,12606.53109357682,9244.19877792478,3362.33231565204,0.086142139802673
45130,0.1342352289422135,-701.2365254606175,12575.209311778082,9250.377572465015,3324.8317393130674,0.08621240796752037
45135,0.1342501010039177,-581.6370977382194,12544.74382726535,9256.531364768623,3288.2124624967273,0.08624629235479729
45140,0.13426497306562193,-457.8225314856372,12515.421896280111,9262.590170568785,3252.8317257113267,0.08624414640132323
45145,0.13427984512732613,-330.2009506061204,12487.475185738536,9268.454165922289,3219.0210198162476,0.08620657744164399
45150,0.13429471718903035,-199.19343462767574,12461.068656572266,9273.990998164716,3187.07765840755,0.08613441369755233
45155,0.13430958925073458,-65.25320742635631,12436.293147262504,9279.035690989134,3157.25745627337,0.08616855347221053
45160,0.13432446131243878,71.11241693199554,12413.162140208982,9283.393572634624,3129.768567574358,0.08617271876374963
45165,0.134339333374143,209.32030528548603,12391.612840186393,9286.846391928642,3104.766448257751,0.08614119746260339
45170,0.1343542054358472,348.6929181980904,12371.51134257463,9289.161459877017,3082.349882697612,0.08607434311119687
45175,0.13436907749755142,488.44541520725215,12352.66136506034,9290.103297891303,3062.558067169037,0.08608633546964814
45180,0.13438394955925562,627.6804896247922,12334.815794588245,9289.446941825978,3045.368852762267,0.08610973842142798
45185,0.13439882162095984,765.3924725011348,12317.690179966361,9286.991804467545,3030.698375498816,0.08609772333480903
45190,0.13441369368266404,900.4818196877368,12300.977280193641,9282.57488692492,3018.4023932687214,0.08605099628839391
45195,0.13442856574436826,1031.7806739840034,12284.361842148917,9276.082174194484,3008.2796679544335,0.08609923447790369
45200,0.13444343780607246,1158.0896197230322,12267.53489868625,9267.457242187185,3000.0776564990647,0.08614506135853661
45205,0.13445830986777668,1278.2248540436394,12250.207014646463,9256.706405758818,2993.5006088876453,0.08615391338452602
45210,0.1344731819294809,1391.0737058606055,12232.120034789938,9243.900097739064,2988.2199370508733,0.08612604845156113
45215,0.1344880539911851,1495.6548182923852,12213.05698914908,9229.170533745782,2983.886455403297,0.08606190935632474
45220,0.13450292605288933,1591.1776394771032,12192.849889412539,9212.706039945151,2980.1438494673876,0.08607529813941449
45225,0.13451779811459352,1677.0945560558612,12171.385218132327,9194.742664360021,2976.642553772306,0.08610981874377568
45230,0.13453267017629775,1753.1385103916346,12148.606986378503,9175.5538323463,2973.0531540322027,0.08610528376480836
45235,0.13454754223800194,1819.339614197087,12124.51732340198,9155.438833532824,2969.0784898691563,0.08606186973927277
45240,0.13456241429970617,1876.0162080976688,12099.174660441156,9134.710850270663,2964.463810170493,0.08597991379528605
45245,0.13457728636141036,1923.7388085909615,12072.689667659002,9113.68508674241,2959.004580916593,0.085954653952555
45250,0.1345921584231146,1963.2689552365264,12045.219184516243,9092.66737994945,2952.551804566794,0.08597819756871848
45255,0.13460703048481878,1995.4785105802657,12016.958442456462,9071.943519480015,2945.0149229764465,0.08596038652687318
45260,0.134621902546523,2021.2578868083428,11988.13191714703,9051.769411400703,2936.362505746327,0.08590134060734449
45265,0.13463677460822723,2041.4235357465413,11958.983175103467,9032.362208421215,2926.6209666822524,0.08580131391666378
45270,0.13465164666993143,2056.6355983326894,11929.764105627137,9013.892581720605,2915.8715239065314,0.08568913465002884
45275,0.13466651873163565,2067.3358090392912,11900.723956658954,8996.478396834009,2904.2455598249453,0.08570243980276311
45280,0.13468139079333985,2073.713684146579,11872.098617268415,8980.180135939605,2891.9184813288102,0.08567219439310417
45285,0.13469626285504407,2075.705909780363,11844.10060007564,8964.998447379921,2879.1021526957193,0.085598531901998
45290,0.13471113491674827,2073.030020118571,11816.910164521145,8950.874180652036,2866.0359838691093,0.08548172901898451
45295,0.1347260069784525,2065.249355297041,11790.667982433033,8937.691177770183,2852.9768046628506,0.08532218844576582
45300,0.1347408790401567,2051.8624196886612,11765.469683220861,8925.281946660805,2840.187736560056,0.08519948523846299
45305,0.13475575110186092,2032.4066326266684,11741.362534628317,8913.436149871904,2827.9263847564125,0.08516013213151534
45310,0.1347706231635651,2006.5644986303087,11718.344425615694,8901.911614150436,2816.432811465258,0.08507607185903336
45315,0.13478549522526934,1974.2596842148514,11696.365227924362,8890.447317533513,2805.917910390848,0.08494770601166823
45320,0.13480036728697356,1935.731437825113,11675.330525223046,8878.777561263054,2796.5529639599918,0.0847755566614357
45325,0.13481523934867776,1891.5781038771675,11655.107610439212,8866.646314353562,2788.4612960856502,0.0845602450606832
45330,0.13483011141038198,1842.76388755269,11635.53355525093,8853.820568771846,2781.712986479084,0.08432233825872723
45335,0.13484498347208618,1790.58714432328,11616.425042584202,8840.101507437912,2776.32353514629,0.08423717652052519
45340,0.1348598555337904,1736.612843934804,11597.589520722242,8825.332404966486,2772.257115755756,0.08410808212281463
45345,0.1348747275954946,1682.575991950359,11578.837094911694,8809.402472333668,2769.4346225780264,0.0839357273277366
45350,0.13488959965719882,1630.2661699368964,11559.992440751515,8792.246307563642,2767.746133187873,0.08372086908243379
45355,0.13490447171890302,1581.4055144071835,11540.90593336728,8773.839169363515,2767.0667640037645,0.08346433277909639
45360,0.13491934378060724,1537.5330683588836,11521.463167363923,8754.188857160494,2767.274310203429,0.08316700573344203
45365,0.13493421584231144,1499.907408706942,11501.59211419968,8733.325452115296,2768.2666620843847,0.08286960237389224
45370,0.13494908790401566,1469.4369602296947,11481.267327669784,8711.290456776205,2769.976870893579,0.08271790290004902
45375,0.1349639599657199,1446.643893436043,11460.510847625093,8688.126915222325,2772.3839324027686,0.08252674877484772
45380,0.13497883202742408,1431.6635633086025,11439.38973592054,8663.871903345756,2775.517832574784,0.08229697803352917
45385,0.1349937040891283,1424.2776629024802,11418.010470471525,8638.552399675682,2779.458070795843,0.0820293931978915
45390,0.1350085761508325,1423.9760736755725,11396.5106893861,8612.18505612329,2784.32563326281,0.08172475302769802
45395,0.13502344821253673,1430.0400142720728,11375.048991934767,8584.779861930156,2790.2691300046117,0.08138378003924997
45400,0.13503832027424092,1441.6375713558036,11353.793650548483,8556.3471938009,2797.4464567475825,0.08108654781900006
45405,0.13505319233594515,1457.9220185141876,11332.911159990685,8526.907311517096,2806.0038484735887,0.0807626557396406
45410,0.13506806439764935,1478.1234773914357,11312.555543081051,8496.501019572888,2816.0545235081627,0.0805448639351119
45415,0.13508293645935357,1501.625446273687,11292.85924675558,8465.199998971977,2827.659247783604,0.08030491222785552
45420,0.13509780852105777,1528.0194645591419,11273.92630098528,8433.115250917084,2840.811050068196,0.08003635898284912
45425,0.135112680582762,1557.133536282975,11255.828184849968,8400.402214971025,2855.425969878943,0.07980821397289234
45430,0.13512755264446621,1589.0326281512098,11238.602566123176,8367.261437977588,2871.3411281455883,0.0795492914863856
45435,0.1351424247061704,1623.9922645890065,11222.25478033123,8333.934150900719,2888.320629430511,0.07925911176414417
45440,0.13515729676787464,1662.4486819404065,11206.761628913951,8300.692693386654,2906.068935527297,0.07893735285972978
45445,0.13517216882957883,1704.9309911421988,11192.076844293188,8267.82631948966,2924.250524803527,0.0786397425947203
45450,0.13518704089128306,1751.982241894283,11178.13742884523,8235.623432555825,2942.5139962894045,0.07836711085769352
45455,0.13520191295298725,1804.0771405260384,11164.87004826496,8204.351669876452,2960.5183783885077,0.07807757769048107
45460,0.13521678501469148,1861.5444126778148,11152.196750207648,8174.237465635602,2977.9592845720454,0.07787851013999246
45465,0.13523165707639567,1924.501379795346,11140.039466188295,8145.446776456893,2994.592689731402,0.07768919735574782
45470,0.1352465291380999,1992.807214329464,11128.322999706716,8118.068586425819,3010.254413280896,0.07752400957616895
45475,0.1352614011998041,2066.0395916435227,11116.97645885683,8092.102642641153,3024.873816215678,0.07732689455771709
45480,0.13527627326150832,2143.4971930593256,11105.933313941072,8067.452617204102,3038.4806967369695,0.07713341117406779
45485,0.13529114532321254,2224.2279429568916,11095.130421112457,8043.925542972018,3051.204878140439,0.07698240978077515
45490,0.13530601738491674,2307.080247196667,11084.506442828659,8021.237924961201,3063.2685178674574,0.07679951738685822
45495,0.13532088944662096,2390.7721220302074,11074.00012256975,7999.028400778308,3074.971721791442,0.0766383839538751
45500,0.13533576150832516,2473.9712296140206,11063.548850574693,7976.876253068879,3086.6725975058134,0.07651137919207178
45505,0.13535063357002938,2555.3776990261413,11053.087902960313,7954.324532033885,3098.7633709264283,0.07635394934773246
45510,0.13536550563173358,2633.801379160992,11042.550654249897,7930.90610654699,3111.6445477029074,0.0762124275284817
45515,0.1353803776934378,2708.225922457609,11031.869951758976,7906.170700240478,3125.6992515184975,0.07611786819486961
45520,0.135395249755142,2777.8537939415983,11020.980697601786,7879.710927172349,3141.269770429437,0.07606697498465509
45525,0.13541012181684622,2842.128748915966,11009.823515988388,7851.185521449709,3158.637994538679,0.07604806678302349
45530,0.13542499387855042,2900.7351847768405,10998.349207417594,7820.338314904474,3178.01089251312,0.07604510090296733
45535,0.13543986594025464,2953.5765962799105,10986.523534607824,7787.011985087591,3199.5115495202335,0.07603470214673737
45540,0.13545473800195887,3000.7376721626397,10974.331777335487,7751.156091682303,3223.175685653184,0.07601736158043192
45545,0.13546961006366307,3042.435979376868,10961.782457973752,7712.82937329701,3248.953084676742,0.07599513511432823
45550,0.1354844821253673,3078.9695095466923,10948.909686326833,7672.196642692801,3276.713043634032,0.07602555330117182
45555,0.13549935418707149,3110.6656941258734,10935.773695778411,7629.520876492502,3306.252819285909,0.07604654669581343
45560,0.1355142262487757,3137.8361490204124,10922.459323819898,7585.151244382387,3337.308079437511,0.07605847695197301
45565,0.1355290983104799,3160.7398274119114,10909.072401595326,7539.507873954667,3369.5645276406585,0.07608007285735863
45570,0.13554397037218413,3179.5558523772397,10895.734229251095,7493.0641201565595,3402.6701090945353,0.07610234501588373
45575,0.13555884243388833,3194.366319737107,10882.574499525084,7446.327030876762,3436.247468648322,0.07611521694168202
45580,0.13557371449559255,3205.148847775824,10869.723170719077,7399.816609413566,3469.906561305511,0.07611910101695597
45585,0.13558858655729675,3211.7784728936213,10857.301871058226,7354.044411599777,3503.2574594584485,0.07611440300872517
45590,0.13560345861900097,3214.038441551398,10845.415438538872,7309.492015413658,3535.923423125214,0.07610900188182053
45595,0.1356183306807052,3211.6393423361587,10834.144171426442,7266.589979699129,3567.554191727313,0.07611389777960603
45600,0.1356332027424094,3204.2457516430804,10823.537297770654,7225.6980524413375,3597.8392453293163,0.07610996640103691
45605,0.13564807480411362,3191.509118875775,10813.608082485487,7187.0875544292785,3626.5205280562086,0.07609769052861125
45610,0.1356629468658178,3173.1050526116296,10804.33089087077,7150.926988790525,3653.4039020802447,0.07607754425195663
45615,0.13567781892752204,3148.772591715988,10795.640427133176,7117.271949262186,3678.3684778709894,0.07605208706406862
45620,0.13569269098922623,3118.352574432467,10787.433269563558,7086.060279086081,3701.3729904774773,0.07604087241712211
45625,0.13570756305093046,3081.821963540523,10779.571729572961,7057.113160324702,3722.4585692482588,0.07602166122647992
45630,0.13572243511263465,3039.3210253641755,10771.889964627291,7030.1424173201885,3741.7475473071026,0.0759950001212419
45635,0.13573730717433888,2991.17062846686,10764.202168760592,7004.763850740157,3759.438318020435,0.07596141878573018
45640,0.13575217923604307,2937.8776072718274,10756.312544622742,6980.515944052028,3775.796600570714,0.07593381060067218
45645,0.1357670512977473,2880.1270647740075,10748.026630334147,6956.882862054853,3791.143768279294,0.07591451479410767
45650,0.13578192335945152,2818.7615733069706,10739.163423767863,6933.320336355075,3805.843087412788,0.07591987953159486
45655,0.13579679542115572,2754.7483622055242,10729.567634194376,6909.282831307672,3820.2848028867047,0.07598583121837865
45660,0.13581166748285994,2689.136642840941,10719.121315920827,6884.250314740173,3834.8710011806543,0.07605157564312652
45665,0.13582653954456414,2623.00811235102,10707.754114351552,6857.7530179824,3850.001096369152,0.07609640737495467
45670,0.13584141160626836,2557.424316949213,10695.451385249195,6829.392750967677,3866.0586342815177,0.07611898296290126
45675,0.13585628366797256,2493.3748952220894,10682.259526497852,6798.859629048082,3883.39989744977,0.0761180539666525
45680,0.13587115572967678,2431.73074335375,10668.287978187001,6765.943451587375,3902.344526599626,0.07609248474833623
45685,0.13588602779138098,2373.2058519570965,10653.707494559096,6730.539420199584,3923.1680743595116,0.07604126763102208
45690,0.1359008998530852,2318.330970143339,10638.744471757716,6692.64835306603,3946.0961186916866,0.07597911295243631
45695,0.1359157719147894,2267.4413729303933,10623.671335912137,6652.371983995091,3971.299351917046,0.07608038180396763
45700,0.13593064397649363,2220.6798757029183,10608.793262982927,6609.904269746072,3998.8889932368547,0.07616091390393953
45705,0.13594551603819785,2178.01492776731,10594.431809322903,6565.519816753153,4028.9119925697505,0.0762192122737823
45710,0.13596038809990205,2139.2722546074247,10580.906355632756,6519.560554940555,4061.345800692201,0.07625381291680162
45715,0.13597526016160627,2104.177270472337,10568.514563852897,6472.421642333172,4096.092921519726,0.07626330654542807
45720,0.13599013222331047,2072.404503719107,10557.513263050765,6424.537323595189,4132.975939455576,0.0762463635146875
45725,0.1360050042850147,2043.6296608302164,10548.101266972251,6376.367154645381,4171.734112326871,0.07620176134072225
45730,0.1360198763467189,2017.5797196163967,10540.405551142147,6328.3827159476705,4212.022835194476,0.07616553010752772
45735,0.1360347484084231,1994.0765611403413,10534.471977745303,6281.054728952742,4253.417248792561,0.07621415853088388
45740,0.1360496204701273,1973.070099043176,10530.261377760296,6234.840399053996,4295.4209787063,0.07631478732129743
45745,0.13606449253183153,1954.6576438484653,10527.651330798828,6190.170840608586,4337.480490190242,0.07638970205215327
45750,0.13607936459353573,1939.087348624742,10526.443483911653,6147.438574915529,4379.004908996124,0.07643708611311052
45755,0.13609423665523995,1926.7449751015092,10526.375780684795,6106.985291875785,4419.39048880901,0.07645530108264377
45760,0.13610910871694418,1918.1247761723262,10527.138580401528,6069.090282219844,4458.048298181684,0.07644292814710553
45765,0.13612398077864837,1913.7868402410368,10528.393367916235,6033.960130166428,4494.433237749807,0.07645676320679554
45770,0.1361388528403526,1914.3046136843268,10529.79260649255,6001.720362813936,4528.0722436786145,0.07650830698520383
45775,0.1361537249020568,1920.2073828960474,10530.999272545034,5972.4097524272365,4558.589520117797,0.07652471552735224
45780,0.13616859696376102,1931.9231791416396,10531.704725671669,5945.977852230167,4585.726873441502,0.07662667373458616
45785,0.13618346902546521,1949.7278092245042,10531.643792377716,5922.286132296212,4609.357660081504,0.07670120889996172
45790,0.13619834108716944,1973.7054476602252,10530.606250753879,5901.1128109254,4629.4934398284795,0.07674478156377383
45795,0.13621321314887364,2003.7253868160988,10528.444260934768,5882.161203864132,4646.283057070636,0.0767562038296611
45800,0.13622808521057786,2039.438109378295,10525.075651129555,5865.071191697849,4660.004459431706,0.07673451859173906
45805,0.13624295727228206,2080.2918952204645,10520.483299131689,5849.433267706761,4671.0500314249275,0.07678464249242652
45810,0.13625782933398628,2125.56889205095,10514.711108581047,5834.804576869013,4679.906531712034,0.07685210188647905
45815,0.1362727013956905,2174.4372516576277,10507.857245819489,5820.726363980523,4687.130881838965,0.07688280669270632
45820,0.1362875734573947,2226.0138884567814,10500.065373598281,5806.742270510749,4693.323103087532,0.07692468880048334
45825,0.13630244551909892,2279.430958452279,10491.514607392117,5792.416913854634,4699.097693537483,0.0769893181962197
45830,0.13631731758080312,2333.898512270458,10482.408856232554,5777.354129289004,4705.05472694355,0.0770213053032157
45835,0.13633218964250735,2388.756063614681,10472.96612278934,5761.214166296123,4711.751956493216,0.07701939989392508
45840,0.13634706170421154,2443.5070296917847,10463.408248821665,5743.72904774824,4719.679201073424,0.07698253767914415
45845,0.13636193376591577,2497.8320172277345,10453.95151010187,5724.715275027037,4729.236235074833,0.07705032955972538
45850,0.13637680582761996,2551.5795151668963,10444.79838406826,5704.083135713692,4740.715248354567,0.07712704144220459
45855,0.1363916778893242,2604.7353982440945,10436.130722660952,5681.842053770957,4754.288668889994,0.07716521432854667
45860,0.13640654995102838,2657.3753737094094,10428.10445482561,5658.101689160947,4770.0027656646635,0.0771631330222585
45865,0.1364214220127326,2709.606728814284,10420.845822870779,5633.068791206567,4787.777031664212,0.07714005910663592
45870,0.13643629407443683,2761.5071051571413,10414.449041979891,5607.04007724066,4807.408964739231,0.07715295842701475
45875,0.13645116613614103,2813.0682897254574,10408.97518728005,5580.391599683932,4828.5835875961175,0.07712887989929317
45880,0.13646603819784525,2864.1521043803305,10404.452078337083,5553.565163408197,4850.886914928886,0.0770886912909923
45885,0.13648091025954945,2914.4635554212036,10400.874952799795,5527.052372736863,4873.8225800629325,0.07720368353758171
45890,0.13649578232125367,2963.543842854965,10398.20778626128,5501.376854257433,4896.830932003848,0.0772794446628787
45895,0.13651065438295787,3010.78311260388,10396.385196220042,5477.075153435982,4919.31004278406,0.07731377061313947
45900,0.1365255264446621,3055.4504339273335,10395.31493170517,5454.676769752843,4940.638161952327,0.07730470330670487
45905,0.1365403985063663,3096.7367254982537,10394.8809728067,5434.683796300855,4960.197176505846,0.07725055911708033
45910,0.1365552705680705,3133.8053630845016,10394.947240685357,5417.550674911546,4977.396565773811,0.07717777010334441
45915,0.1365701426297747,3165.844929502161,10395.361863959353,5403.6646668577205,4991.697197101633,0.077118350072434
45920,0.13658501469147893,3192.1188702187965,10395.961890618639,5393.327761311903,5002.634129306736,0.07714414101217978
45925,0.13659988675318316,3212.0075455122324,10396.578304611923,5386.740874211377,5009.8374304005465,0.07724849064186563
45930,0.13661475881488735,3225.0392146198883,10397.04121818501,5383.991290021887,5013.049928163123,0.07730900978857573
45935,0.13662963087659158,3230.9077792456737,10397.185158692548,5385.044321536261,5012.140837156287,0.07732294523130448
45940,0.13664450293829578,3229.476587422734,10396.854427103584,5389.740068361871,5007.114358741714,0.07728782650996247
45945,0.136659375,3220.769154012045,10395.908542244235,5397.7959264844085,4998.112615759826,0.07720153027043469
45950,0.1366742470617042,3204.949140600059,10394.227774543528,5408.81515627974,4985.412618263787,0.0770666615217667
45955,0.13668911912340842,3182.293163405626,10391.718707786265,5422.301403424225,4969.41730436204,0.07699088444115643
45960,0.13670399118511262,3153.1607625113893,10388.31965962365,5437.678652141668,4950.641007481982,0.07710982873607476
45965,0.13671886324681684,3117.9660085529213,10384.005668597032,5454.315733763805,4929.689934833227,0.07718118448647765
45970,0.13673373530852104,3077.15467475441,10378.792649343399,5471.554251887851,4907.238397455548,0.0772016138168934
45975,0.13674860737022526,3031.189725692936,10372.740256683845,5488.738622193342,4884.0016344905025,0.07716815252529712
45980,0.13676347943192949,2980.5462697404464,10365.953002103772,5505.246837528484,4860.706164575287,0.07707831277086148
45985,0.13677835149363368,2925.7153887587747,10358.579240275742,5520.520524891805,4838.058715383937,0.07693019192811322
45990,0.1367932235553379,2867.2147171783745,10350.807785399724,5534.092837694521,4816.714947705203,0.07673326394793377
45995,0.1368080956170421,2805.6025527957427,10342.862113159652,5545.612723960587,4797.249389199065,0.0768558930717287
46000,0.13682296767874633,2741.4917861573667,10334.992330020987,5554.864153286772,4780.128176734214,0.07692714747157213
46005,0.13683783974045052,2675.5600542179545,10327.465315240646,5561.779011340739,4765.686303899907,0.07694318611431071
46010,0.13685271180215475,2608.55318413437,10320.55362669884,5566.442617692983,4754.111009005857,0.07690066767847284
46015,0.13686758386385894,2541.280071547617,10314.523877687421,5569.091208488848,4745.432669198573,0.07679690347985617
46020,0.13688245592556317,2474.5984826438653,10309.625318323693,5570.101236441431,4739.524081882262,0.0766717000710862
46025,0.13689732798726736,2409.3927026175625,10306.079290910964,5569.970930143946,4736.108360767018,0.07650212772525337
46030,0.1369122000489716,2346.5452679241907,10304.070091635174,5569.295151160262,4734.774940474912,0.07654046948005243
46035,0.1369270721106758,2286.906000262218,10303.737595052375,5568.735110192833,4735.002484859541,0.07660434728711091
46040,0.13694194417238,2231.262028966885,10305.171821972772,5568.984881579832,4736.1869403929395,0.076606722367449
46045,0.13695681623408423,2180.312360586171,10308.409489146215,5570.7368419121085,4737.672647234107,0.07658276069311856
46050,0.13697168829578843,2134.649868489666,10313.432489361912,5574.648139975396,4738.784349386517,0.07655253235657235
46055,0.13698656035749265,2094.752481085956,10320.168214042935,5581.310100578145,4738.85811346479,0.07645154629002669
46060,0.13700143241919685,2060.9840583131754,10328.491632604051,5591.22211865102,4737.2695139530315,0.07631068588348659
46065,0.13701630448090107,2033.6041827074787,10338.229061576698,5604.7711706259515,4733.457890950746,0.07624044577700526
46070,0.13703117654260527,2012.7850349161508,10349.163570126537,5622.217616929379,4726.945953197158,0.07627125446206093
46075,0.1370460486043095,1998.6327931285741,10361.041962400373,5643.687542014471,4717.354420385903,0.07635181519666485
46080,0.1370609206660137,1991.210638514517,10373.583245300315,5669.171509242661,4704.411736057654,0.07637290216662979
46085,0.13707579272771792,1990.560445262785,10386.488434455854,5698.529310524003,4687.959123931851,0.07631615839687071
46090,0.13709066478942214,1996.7205174350129,10399.451477133656,5731.5000624690865,4667.95141466457,0.07622214746980355
46095,0.13710553685112634,2009.7372265174936,10412.170985606403,5767.716830854692,4644.454154751711,0.07621466563681921
46100,0.13712040891283056,2029.669047435007,10424.362385160359,5806.724842407472,4617.6375427528865,0.07612139284483613
46105,0.13713528097453476,2056.582269445473,10435.769994830873,5848.002262902056,4587.767731928817,0.07602078987490672
46110,0.13715015303623898,2090.5385723398413,10446.178485174461,5890.982487313844,4555.195997860617,0.07605702128069002
46115,0.13716502509794318,2131.5756803079803,10455.423106876395,5935.076909783511,4520.346197092884,0.07600823173611655
46120,0.1371798971596474,2179.683338637694,10463.39806888334,5979.6972240957075,4483.700844787632,0.07597364476580798
46125,0.1371947692213516,2234.7777337015377,10470.062475711833,6024.2764448605685,4445.7860308512645,0.0759899244346189
46130,0.13720964128305582,2296.6779974619867,10475.44331718188,6068.288018216282,4407.155298965598,0.0759140022823744
46135,0.13722451334476002,2365.088446411077,10479.635140499631,6111.262580710056,4368.3725597895755,0.07574481146262915
46140,0.13723938540646424,2439.589640153117,10482.796218334039,6152.802094789641,4329.994123544398,0.07568759688393212
46145,0.13725425746816847,2519.640262059974,10485.141245921637,6192.591212567804,4292.550033353833,0.07563729817103568
46150,0.13726912952987266,2604.5903781548213,10486.930840147017,6230.405781364303,4256.525058782714,0.07548904383953509
46155,0.1372840015915769,2693.70503778528,10488.45835610105,6266.118405534017,4222.339950567032,0.07548787737541363
46160,0.13729887365328108,2786.1956792711026,10490.034761401963,6299.700936627409,4190.333824774554,0.07565022559767687
46165,0.1373137457149853,2881.255622813562,10491.972492693661,6331.2237102541,4160.748782439561,0.07613690299198579
46170,0.1373286177766895,2978.095257671782,10494.569337692203,6360.851325344976,4133.718012347226,0.07653278904921515
46175,0.13734348983839373,3075.9724821054197,10498.093417265687,6388.8348115539675,4109.25860571172,0.07683287635818586
46180,0.13735836190009793,3174.2145694564106,10502.770269102968,6415.500180829858,4087.2700882731096,0.07703332387113883
46185,0.13737323396180215,3272.2288513976328,10508.772854382209,6441.233609669275,4067.5392447129334,0.07728378205351923
46190,0.13738810602350635,3369.5012687920034,10516.215035551984,6466.4638153004735,4049.751220251511,0.0777601007334488
46195,0.13740297808521057,3465.5836871719503,10525.148739900786,6491.642510123545,4033.50622977724,0.0781443041175999
46200,0.1374178501469148,3560.0725868029003,10535.564677785018,6517.2240712695,4018.3406065155177,0.0784311236999658
46205,0.137432722208619,3652.582985490739,10547.396180147716,6543.6456851621115,4003.7504949856047,0.07861632519300377
46210,0.13744759427032321,3742.72197909247,10560.525505221549,6571.309189586386,3989.2163156351626,0.07887489972258131
46215,0.1374624663320274,3830.065995387341,10574.791868726395,6600.565643934304,3974.2262247920917,0.07929480793919418
46220,0.13747733839373164,3914.144868693488,10590.00047889047,6631.703348835361,3958.297130055109,0.07961828786028613
46225,0.13749221045543583,3994.4344556310343,10605.931982713406,6664.939662732006,3940.9923199814,0.07983994866823894
46230,0.13750708251714006,4070.3581063455413,10622.351907485292,6700.416580932893,3921.9353265523987,0.0800112606049487
46235,0.13752195457884425,4141.296198904837,10639.019857942374,6738.19970150951,3900.8201564328638,0.08042671956416471
46240,0.13753682664054848,4206.60228798317,10655.698358555153,6778.2799423495435,3877.41841620561,0.08074427698628481
46245,0.13755169870225267,4265.62417129809,10672.161286929304,6820.5772262117325,3851.5840607175714,0.08095752903274946
46250,0.1375665707639569,4317.728166763435,10688.201829404417,6864.945337134089,3823.2564922703286,0.08109883251199033
46255,0.13758144282566112,4362.32492462146,10703.639827966064,6911.177277395914,3792.4625505701506,0.08147585589479439
46260,0.13759631488736532,4398.895045611623,10718.328314853145,6959.010701297609,3759.317613555536,0.08175040395964608
46265,0.13761118694906954,4427.012626050091,10732.158981695,7008.133324878827,3724.025656816173,0.0819151017064284
46270,0.13762605901077374,4446.364699119099,10745.066323789677,7058.188541495754,3686.877782293923,0.08197238986612176
46275,0.13764093107247796,4456.764555702604,10757.030239034093,7108.781737220923,3648.24850181317,0.08227644010402296
46280,0.13765580313418216,4458.157293073247,10768.076931888963,7159.487935897505,3608.5889959914584,0.08247003945480591
46285,0.13767067519588638,4450.616784428708,10778.27805585203,7209.861380949221,3568.416674902809,0.08254505598084264
46290,0.13768554725759058,4434.3345704005005,10787.748106129127,7259.447486348008,3528.300619781119,0.08251483714380738
46295,0.1377004193192948,4409.602716759797,10796.640138576351,7307.79729946096,3488.842839115391,0.08273309507729416
46300,0.137715291380999,4376.7940442394,10805.139941961548,7354.484265164463,3450.655676797085,0.08301198965355783
46305,0.13773016344270322,4336.343855826433,10813.458835160238,7399.122713353572,3414.3361218066657,0.08319192509702424
46310,0.13774503550440745,4288.737071048607,10821.82530832149,7441.387149444313,3380.4381588771766,0.08343080311850609
46315,0.13775990756611164,4234.503545693223,10830.475784670381,7481.031138536179,3349.4446461342022,0.08372435880541189
46320,0.13777477962781587,4174.22262428053,10839.644849559569,7517.904363981962,3321.7404855776067,0.08391227996501772
46325,0.13778965168952007,4108.536085392901,10849.555370522085,7551.966339307144,3297.5890312149404,0.08398850974247259
46330,0.1378045237512243,4038.166983857429,10860.40900316052,7583.295291327699,3277.1137118328206,0.08426549643344876
46335,0.13781939581292849,3963.940707247082,10872.377623334283,7612.090940033742,3260.286683300541,0.08443130796133143
46340,0.1378342678746327,3886.8039457446457,10885.596224782657,7638.670287802367,3246.9259369802903,0.08447538583233687
46345,0.1378491399363369,3807.8372298323447,10900.157756151291,7663.45607745547,3236.701678695821,0.08452049550597694
46350,0.13786401199804113,3728.257167110819,10916.110236716546,7686.95823179484,3229.152004921706,0.08462928633996838
46355,0.13787888405974533,3649.405434492818,10933.456296112665,7709.7492639668135,3223.7070321458514,0.08460474115837888
46360,0.13789375612144955,3572.72289821733,10952.15505615967,7732.435252372657,3219.719803787014,0.08443938168280744
46365,0.13790862818315378,3499.7088996277726,10972.12604946716,7755.624417206899,3216.5016322602614,0.0843976015869027
46370,0.13792350024485797,3431.8676611536557,10993.254689044792,7779.895556003881,3213.359133040911,0.08426271817020776
46375,0.1379383723065622,3370.6457023997737,11015.398696727227,7805.768569108681,3209.630127618546,0.08448058627538592
46380,0.1379532443682664,3317.3657509705445,11038.39488102248,7833.679049005749,3204.71583201673,0.08477169414989087
46385,0.13796811642997062,3273.163515971474,11062.065722949541,7863.95846765495,3198.1072552945907,0.08494383644311657
46390,0.1379829884916748,3238.9336166783532,11086.22536082358,7896.82094006504,3189.4044207585403,0.08505155161143435
46395,0.13799786055337904,3215.289871642105,11110.684731586052,7932.356943081618,3178.3277885044345,0.08522576403739983
46400,0.13801273261508323,3202.5432034203486,11135.2557961353,7970.53379566258,3164.7220004727196,0.08525872547992067
46405,0.13802760467678746,3200.697941084395,11159.754924505174,8011.2022215819115,3148.5527029232626,0.08514186091841427
46410,0.13804247673849165,3209.464810519924,11184.005628830766,8054.107963929755,3129.897664901011,0.08499227858117811
46415,0.13805734880019588,3228.286968713932,11207.840901853668,8098.907229430165,3108.9336724235027,0.08482297471917513
46420,0.1380722208619001,3256.3745458457634,11231.105446106147,8145.184710256785,3085.9207358493613,0.08448632175545667
46425,0.1380870929236043,3292.743512322786,11253.658065358923,8192.473035392168,3061.185029966755,0.0847330672966075
46430,0.13810196498530852,3336.256103157363,11275.374436725448,8240.272694189518,3035.1017425359296,0.08489721109527942
46435,0.13811683704701272,3385.661969724474,11296.150390411722,8288.071694454413,3008.078695957309,0.08512706135265587
46440,0.13813170910871694,3439.6409673487733,11315.905698988692,8335.364416254619,2980.5412827340733,0.085204619620671
46445,0.13814658117042114,3496.8493678235527,11334.588230058494,8381.669271241064,2952.9189588174304,0.08512013403823243
46450,0.13816145323212536,3555.9709330443093,11352.178163647308,8426.544869695883,2925.633293951425,0.08486843771474527
46455,0.13817632529382956,3615.7727184061905,11368.691842496386,8469.604446006695,2899.087396489691,0.08452319334332328
46460,0.13819119735553378,3675.1630982797315,11384.184733835405,8510.528316693788,2873.6564171416176,0.08417322345077628
46465,0.13820606941723798,3733.247008039194,11398.752954065867,8549.074158777361,2849.678795288506,0.08444018269256894
46470,0.1382209414789422,3789.371570367588,11412.532852053419,8585.084906369266,2827.4479456841527,0.08455694253752481
46475,0.13823581354064643,3843.154796740657,11425.698260553141,8618.494068497685,2807.2041920554566,0.0845762349941536
46480,0.13825068560235063,3894.491282920154,11438.455197844747,8649.328268825875,2789.126929018872,0.08452595811497622
46485,0.13826555766405485,3943.531657181966,11451.034016462909,8677.706801227127,2773.327215235782,0.08429912488794311
46490,0.13828042972575905,3990.6364644450923,11463.67923454603,8703.837996355072,2759.8412381909584,0.08389534455418557
46495,0.13829530178746327,4036.3093556372605,11476.637528441268,8728.012223335887,2748.625305105381,0.08352731611120001
46500,0.13831017384916747,4081.1179857674215,11490.144591867873,8750.591430018556,2739.553161849317,0.08375899522789139
46505,0.1383250459108717,4125.613114153864,11504.411752783235,8771.995273241979,2732.416479541256,0.08382674483449912
46510,0.1383399179725759,4170.25655788918,11519.613356536716,8792.684113477155,2726.9292430595615,0.08372250070486602
46515,0.1383547900342801,4215.366817624516,11535.87594645909,8813.139433215612,2722.736513243477,0.08344413049504144
46520,0.1383696620959843,4261.087779017281,11553.27018267696,8833.842550446308,2719.4276322306523,0.08299580818967217
46525,0.13838453415768853,4307.381671739429,11571.806235334805,8855.252783940681,2716.553451394124,0.08253077456663094
46530,0.13839940621939276,4354.0433851070575,11591.4330888984,8877.786424994358,2713.6466639040427,0.08266886333892831
46535,0.13841427828109695,4400.730149084499,11612.041838573981,8901.797928439615,2710.243910134366,0.08263998022676054
46540,0.13842915034280118,4446.999037946845,11633.472698332213,8927.564625463974,2705.9080728682384,0.08244175755042336
46545,0.13844402240450537,4492.344870603238,11655.525123691747,8955.275986121442,2700.249137570305,0.08207787928558795
46550,0.1384588944662096,4536.232602806752,11677.970221040645,8985.028056897696,2692.942164142949,0.08155789416865179
46555,0.1384737665279138,4578.120706668163,11700.564489358152,9016.823227684046,2683.7412616741058,0.08120620997851254
46560,0.13848863858961802,4617.474699757579,11723.063918023672,9050.57501015751,2672.4889078661618,0.08121089699846552
46565,0.13850351065132221,4653.772370185235,11745.237526715306,9086.117096325876,2659.12043038943,0.0810520166973973
46570,0.13851838271302644,4686.503941423039,11766.879552515531,9123.215657106966,2643.6638954085647,0.0807337506139132
46575,0.13853325477473064,4715.171199054924,11787.819639351745,9161.583664686475,2626.235974665269,0.08026572924133406
46580,0.13854812683643486,4739.2894020789845,11807.930548324672,9200.895991992667,2607.0345563320043,0.0796623312599862
46585,0.13856299889813908,4758.394735895703,11827.133076517595,9240.804156560025,2586.32891995757,0.07953998082187858
46590,0.13857787095984328,4772.058401366507,11845.398045394655,9280.949816653258,2564.4482287413975,0.07938799315172973
46595,0.1385927430215475,4779.906556097121,11862.74539778875,9320.976459335989,2541.768938452762,0.07908369484379689
46600,0.1386076150832517,4781.643652593527,11879.240620726136,9360.539090883034,2518.7015298431015,0.07863749409733221
46605,0.13862248714495592,4777.075624666323,11894.988879032964,9399.312087225826,2495.676791807138,0.07806406286218923
46610,0.13863735920666012,4766.129093924449,11910.127384819423,9436.995625299971,2473.1317595194523,0.0776742967485846
46615,0.13865223126836435,4748.86334125101,11924.816621374683,9473.321250650268,2451.495370724415,0.0775067998453591
46620,0.13866710333006854,4725.473052527221,11939.231072002305,9508.057125927397,2431.1739460749086,0.07719535643524764
46625,0.13868197539177277,4696.2814921746285,11953.55006953696,9541.013365097479,2412.5367044394807,0.07675156395371892
46630,0.13869684745347696,4661.725412101173,11967.949287794314,9572.047631232928,2395.9016565613856,0.07619070693147775
46635,0.1387117195151812,4622.334329236315,11982.59326004052,9601.070914189122,2381.5223458513974,0.07564195753564036
46640,0.1387265915768854,4578.707564925112,11997.62915704834,9628.053155517651,2369.5760015306896,0.07544785598506154
46645,0.1387414636385896,4531.4925337508175,12013.181915361893,9653.028184783096,2360.153730578797,0.07511968950837518
46650,0.13875633570029383,4481.367234064171,12029.350697657093,9676.09729411054,2353.253403546554,0.07467004447604567
46655,0.13877120776199803,4429.0288677122235,12046.206604495517,9697.430719445052,2348.775885050465,0.07411453022660353
46660,0.13878607982370225,4375.189199051436,12063.791540414246,9717.266328615906,2346.52521179834,0.07357632574665769
46665,0.13880095188540645,4320.575866812593,12082.118154982598,9735.90494671662,2346.2132082659773,0.0736510399211606
46670,0.13881582394711067,4265.9375997107845,12101.170810626982,9753.701980621427,2347.468830005555,0.07369243071793394
46675,0.13883069600881487,4212.050361179521,12120.907551615786,9771.055325999361,2349.852225616425,0.07373398425688533
46680,0.1388455680705191,4159.72103430256,12141.263045712505,9788.389922151131,2352.873123561374,0.07380999564827424
46685,0.1388604401322233,4109.785463770944,12162.152434551605,9806.139712458857,2356.012722092748,0.0738489303383065
46690,0.1388753121939275,4063.0985061620004,12183.47596493715,9824.728107057746,2358.7478578794035,0.07386178968952609
46695,0.13889018425563174,4020.5150989318354,12205.124194260598,9844.54826670737,2360.5759275532273,0.07394482796164967
46700,0.13890505631733593,3982.8630353574736,12226.983486871528,9865.944589264147,2361.038897607381,0.07398775020946245
46705,0.13891992837904016,3950.909847115471,12248.94146225768,9889.196672206952,2359.7447900507286,0.07398732411471969
46710,0.13893480044074435,3925.3276358054354,12270.892032959275,9914.506770972426,2356.3852619868485,0.07407214902519951
46715,0.13894967250244858,3906.660571089634,12292.739686254536,9941.99142462683,2350.748261627705,0.07412759502354385
46720,0.13896454456415278,3895.299882830109,12314.402717251158,9971.677539800385,2342.725177450773,0.07413722390944169
46725,0.138979416625857,3891.470449753645,12335.81520549709,10003.502868141584,2332.3123373555063,0.07420623126087983
46730,0.1389942886875612,3895.2316172632927,12356.927633327168,10037.320522091739,2319.6071112354293,0.07428274245555569
46735,0.13900916074926542,3906.4929005707263,12377.706162436483,10072.906968282063,2304.7991941544205,0.07431186128583218
46740,0.13902403281096962,3925.0430913271957,12398.130706687405,10109.972819421251,2288.157887266154,0.07433315008683436
46745,0.13903890487267384,3950.5893687078124,12418.19205484865,10148.175705534011,2270.0163493146392,0.07443805185487386
46750,0.13905377693437806,3982.8016497385397,12437.888396586868,10187.134529351115,2250.753867235753,0.0744948711832753
46755,0.13906864899608226,4021.3567977229313,12457.22167709477,10226.444480024607,2230.7771970701633,0.07449910086885782
46760,0.13908352105778649,4065.9774742258305,12476.194238254433,10265.692271673694,2210.5019665807395,0.07458035784987035
46765,0.13909839311949068,4116.461254878984,12494.806187358983,10304.471164557528,2190.335022801455,0.07467292451025662
46770,0.1391132651811949,4172.696930274024,12513.053862975174,10342.395396205653,2170.6584667695206,0.07476371555132338
46775,0.1391281372428991,4234.666457541,12530.929643553865,10379.113686101193,2151.8159574526726,0.0748404718416336
46780,0.13914300930460333,4302.432618159056,12548.423178695593,10414.321481738183,2134.1016969574102,0.07490416096697931
46785,0.13915788136630752,4376.1139241036035,12565.523934519291,10447.77159966832,2117.7523348509712,0.07503413856613321
46790,0.13917275342801175,4455.849594730227,12582.224758529837,10479.282903189414,2102.941855340423,0.07511880585527202
46795,0.13918762548971594,4541.758429954619,12598.52601289584,10508.746668416145,2089.7793444796953,0.07515271835402298
46800,0.13920249755142017,4633.896071062526,12614.439722585728,10536.130333807248,2078.30938877848,0.07527212545326399
46805,0.1392173696131244,4732.21540820516,12629.993153378195,10561.47840420924,2068.514749168955,0.0753699546477448
46810,0.1392322416748286,4836.534707009098,12645.231280569002,10584.910379357723,2060.3209012112784,0.07541381620549414
46815,0.1392471137365328,4946.517356187612,12660.217726679124,10606.615686038695,2053.6020406404295,0.07546025336263441
46820,0.139261985798237,5061.66600534367,12675.033919648411,10626.845703924822,2048.1882157235887,0.07557693970172354
46825,0.13927685785994123,5181.332354611155,12689.776428582612,10645.90308574307,2043.8733428395426,0.07563739637604297
46830,0.13929172992164543,5304.742126307995,12704.552645555113,10664.1286871346,2040.4239584205134,0.07563442566706559
46835,0.13930660198334965,5431.032990243005,12719.475172696959,10681.886546355243,2037.588626341716,0.07575947697156778
46840,0.13932147404505385,5559.301649203478,12734.655420663157,10699.547490307572,2035.1079303555853,0.07584325355930867
46845,0.13933634610675807,5688.655132388863,12750.1970100415,10717.472082805732,2032.7249272357676,0.0758618747385778
46850,0.13935121816846227,5818.26076809259,12766.189582113368,10735.993753396524,2030.1958287168436,0.07590171955905103
46855,0.1393660902301665,5947.389415929982,12782.703569794137,10755.403022330445,2027.300547463692,0.07601482236628797
46860,0.13938096229187072,6075.447337888994,12799.786363282241,10775.933741790639,2023.852621491602,0.0760625484150395
46865,0.13939583435357492,6201.9934706411095,12817.460145615136,10797.752187791732,2019.7079578234043,0.07603599277870289
46870,0.13941070641527914,6326.740627902689,12835.721493678851,10820.949661083154,2014.7718325956976,0.07611588652526916
46875,0.13942557847698334,6449.541056589774,12854.542664289438,10845.539007245618,2009.0036570438206,0.07619928070431026
46880,0.13944045053868756,6570.358544078979,12873.874334644352,10871.455177780077,2002.4191568642746,0.076209194922761
46885,0.13945532260039176,6689.230729946435,12893.64945798011,10898.559662249509,1995.0897957306006,0.07622422116116599
46890,0.13947019466209598,6806.226294679401,12913.78783745571,10926.6483598771,1987.1394775786102,0.07632117870049566
46895,0.13948506672380018,6921.402220690247,12934.201014518843,10955.462251506888,1978.7387630119556,0.07634873918659806
46900,0.1394999387855044,7034.766313210422,12954.797105398397,10984.70009242104,1970.097012977356,0.0763400760114303
46905,0.1395148108472086,7146.249596387515,12975.485288319771,11014.032276421103,1961.4530118986677,0.07645250286718983
46910,0.13952968290891282,7255.692042187764,12996.17972939997,11043.115018850716,1953.0647105492535,0.07649357595639783
46915,0.13954455497061705,7362.843387586543,13016.802822221734,11071.604065654044,1945.19875656769,0.07645210787327371
46920,0.13955942703232124,7467.378705343075,13037.2876934243,11099.16725126332,1938.12044216098,0.07652814711085605
46925,0.13957429909402547,7568.926204159874,13057.579987746245,11125.495392477007,1932.084595269238,0.0765914941848813
46930,0.13958917115572966,7667.1028270206825,13077.638988910338,11150.311205001313,1927.3277839090242,0.0765712557172298
46935,0.1396040432174339,7761.551975584187,13097.438158685238,11173.376141528677,1924.0620171565606,0.07653516090881102
46940,0.13961891527913808,7851.977393438446,13116.965187751537,11194.495244633239,1922.469943118298,0.07662915380395327
46945,0.1396337873408423,7938.167981227776,13136.221650610609,11213.520252728797,1922.7013978818122,0.07664039296001054
46950,0.1396486594025465,8020.009960620906,13155.222343970374,11230.351269958937,1924.8710740114366,0.07655605447075954
46955,0.13966353146425073,8097.485030087606,13173.994364835933,11244.937305452411,1929.0570593835218,0.07661349231156828
46960,0.13967840352595493,8170.6555367480405,13192.575952899057,11257.27591782459,1935.300035074466,0.07666497109219306
46965,0.13969327558765915,8239.639796762884,13211.015086295114,11267.412095694204,1943.6029906009098,0.07662312602870015
46970,0.13970814764936337,8304.582194073311,13229.367788300631,11275.43639736286,1953.9313909377706,0.07660157485254768
46975,0.13972301971106757,8365.623376652911,13247.696085701537,11281.48228971388,1966.2137959876563,0.0766411881554166
46980,0.1397378917727718,8422.875702937381,13266.065567819016,11285.722582487499,1980.3429853315174,0.07665083644599947
46985,0.139752763834476,8476.408144311055,13284.542534799042,11288.364851558019,1996.1776832410233,0.07662983183961043
46990,0.13976763589618021,8526.243290524228,13303.19079259722,11289.64577801378,2013.5450145834384,0.07664155217094053
46995,0.1397825079578844,8572.367166978362,13322.068238258042,11289.824391122589,2032.2438471354526,0.07662333462364455
47000,0.13979738001958864,8614.750537850152,13341.223462289763,11289.174286537349,2052.049175752414,0.07662256822103937
47005,0.13981225208129283,8653.378542873552,13360.692652039826,11287.974991308916,2072.71766073091,0.07666322029139216
47010,0.13982712414299706,8688.284186320676,13380.49709214257,11286.502756941134,2093.994335201436,0.07660281018797754
47015,0.13984199620470125,8719.580580367467,13400.641517412176,11285.021167414581,2115.6203499975945,0.07657834130276503
47020,0.13985686826640548,8747.487035714485,13421.11348628072,11283.77203078173,2137.3414554989886,0.0766551423910751
47025,0.1398717403281097,8772.345042237688,13441.883827553467,11282.96705812697,2158.916769426498,0.0766361018974823
47030,0.1398866123898139,8794.621713372444,13462.908094581613,11282.780805173828,2180.1272894077847,0.07650774775874719
47035,0.13990148445151812,8814.900112943194,13484.128861717914,11283.34525561087,2200.7836061070448,0.07660547398674604
47040,0.13991635651322232,8833.857737948883,13505.478632737037,11284.746274452775,2220.732358284262,0.07663670731294757
47045,0.13993122857492654,8852.236004887975,13526.883102894126,11287.021982972567,2239.8611199215593,0.07655846245513419
47050,0.13994610063663074,8870.804649728288,13548.26451899823,11290.16293925638,2258.1015797418513,0.07651454501414058
47055,0.13996097269833496,8890.325363759024,13569.544903666798,11294.113882039233,2275.4310216275644,0.07660203323447091
47060,0.13997584476003916,8911.518725923492,13590.648940347053,11298.776728952134,2291.872211394919,0.07658541170966852
47065,0.13999071682174338,8935.037652330853,13611.506349826908,11304.014516086969,2307.4918337399395,0.07644937403235644
47070,0.14000558888344758,8961.449362130405,13632.053628784392,11309.656012397909,2322.3976163864827,0.07652708890448329
47075,0.1400204609451518,8991.226507805703,13652.23507201059,11315.500820981402,2336.7342510291874,0.07657705931923856
47080,0.14003533300685603,9024.74688213622,13672.003066117622,11321.324869495607,2350.678196622015,0.07651405308064683
47085,0.14005020506856022,9062.300167821475,13691.317720964824,11326.886275922032,2364.431445042792,0.07640939440820757
47090,0.14006507713026445,9104.099608270168,13710.145984692172,11331.931638782025,2378.214345910146,0.07651216333484535
47095,0.14007994919196864,9150.29622046733,13728.46045315218,11336.202830983184,2392.257622168996,0.07652628380983972
47100,0.14009482125367287,9200.993162375162,13746.238119313603,11339.444365702386,2406.7937536112167,0.07641983130240412
47105,0.14010969331537707,9256.258035641169,13763.459304522617,11341.411348555841,2422.0479559667765,0.07637268029164694
47110,0.1401245653770813,9316.131227378484,13780.10697241032,11341.877937819816,2438.229034590504,0.07646474128219535
47115,0.14013943743878549,9380.628901927777,13796.166557660865,11340.646116780927,2455.520440879938,0.07644534601568533
47120,0.1401543095004897,9449.739984869551,13811.626359758191,11337.554458567858,2474.071901190333,0.07633109192088026
47125,0.1401691815621939,9523.417424321131,13826.478469808198,11332.486454653144,2493.992015155054,0.07631794988925966
47130,0.14018405362389813,9601.565058031008,13840.72012621866,11325.377900609621,2515.34222560904,0.076384449046826
47135,0.14019892568560235,9684.022351990754,13854.355337900455,11316.222796858028,2538.132541042427,0.07633370417952974
47140,0.14021379774730655,9770.549866839056,13867.396574655984,11305.07723175071,2562.3193429052735,0.07619574437038802
47145,0.14022866980901078,9860.818371458896,13879.86630528795,11292.060769197438,2587.805536090511,0.07622406270671131
47150,0.14024354187071497,9954.404019083611,13891.798166474659,11277.354962125184,2614.4432043494744,0.07626615367973177
47155,0.1402584139324192,10050.791050996337,13903.237569829078,11261.19875557933,2642.0388142497486,0.07618614723145938
47160,0.1402732859941234,10149.382330291883,13914.241598466271,11243.880727453117,2670.360871013154,0.07600333237921286
47165,0.14028815805582762,10249.516887462856,13924.87810174019,11225.728334539082,2699.1497672011083,0.07608499860335408
47170,0.1403030301175318,10350.49277188573,13935.223958931276,11207.094572827029,2728.129386104247,0.0761041953960001
47175,0.14031790217923604,10451.592937461814,13945.362541101806,11188.342700035351,2757.0198410664543,0.0759975892572104
47180,0.14033277424094023,10552.111649169545,13955.380450148728,11169.829873450939,2785.5505766977894,0.07582823176318634
47185,0.14034764630264446,10651.378938861608,13965.363655734105,11151.890693367013,2813.472962367092,0.07591395446642378
47190,0.14036251836434868,10748.780915218576,13975.393189516193,11134.821684951692,2840.571504564501,0.07589730365132161
47195,0.14037739042605288,10843.774201343465,13985.540597941397,11118.86768822924,2866.672909712157,0.07576751941635157
47200,0.1403922624877571,10935.893388827071,13995.86340211014,11104.210966497614,2891.6524356125265,0.07564282007664892
47205,0.1404071345494613,11024.751100396039,14006.40086091352,11090.96361540351,2915.4372455100092,0.07569496500470606
47210,0.14042200661116552,11110.030972445918,14017.170369120273,11079.163594987389,2938.006774132884,0.0756417510503057
47215,0.14043687867286972,11191.474528719818,14028.164829152729,11068.77445065902,2959.3903784937083,0.07549266855054024
47220,0.14045175073457394,11268.86345709353,14039.351300240744,11059.688561434263,2979.662738806481,0.07539141214551778
47225,0.14046662279627814,11341.999193202393,14050.671146706003,11051.733566647437,2998.937580058566,0.07541300094071628
47230,0.14048149485798236,11410.681962654506,14062.041785438001,11044.68147710244,3017.360308335561,0.07533297386771474
47235,0.14049636691968656,11474.69155826404,14073.359988736342,11038.259870260968,3035.100118475373,0.07516899298520623
47240,0.14051123898139078,11533.772128617802,14084.506555341808,11032.164500487203,3052.3420548546055,0.07508158290736629
47245,0.140526111043095,11587.62307499407,14095.352040949641,11026.072628631955,3069.2794123176864,0.07507687895073115
47250,0.1405409831047992,11635.897700386251,14105.763154725439,11019.656397573923,3086.106757151516,0.07497349417032241
47255,0.14055585516650343,11678.210453821703,14115.60938650867,11012.595656658998,3103.013729849672,0.07480009089870909
47260,0.14057072722820763,11714.152492278094,14124.769429050997,11004.589763924394,3120.179665126603,0.07472062389615959
47265,0.14058559928991185,11743.314006508333,14133.13699417106,10995.368052320542,3137.768941850518,0.07469530546074436
47270,0.14060047135161605,11765.310594299892,14140.625682607479,10984.698804713784,3155.926877893695,0.07457088213760835
47275,0.14061534341332027,11779.81019427126,14147.172646446163,10972.396707615739,3174.775938830424,0.07439452830553908
47280,0.14063021547502447,11786.556908184479,14152.740873452542,10958.328817621996,3194.412055830546,0.07431207670777318
47285,0.1406450875367287,11785.388490157826,14157.320018367722,10942.419067104018,3214.900951263704,0.07427270328604678
47290,0.1406599595984329,11776.24527763252,14160.925801091456,10924.651268768852,3236.2745323226045,0.07413136223735095
47295,0.1406748316601371,11759.169693714546,14163.59807905343,10905.070484141019,3258.5275949124116,0.0739590417090951
47300,0.14068970372184134,11734.296928663563,14165.397774632575,10883.78254096776,3281.615233664814,0.07386761013657703
47305,0.14070457578354553,11701.838763607297,14166.40289354104,10860.951457771753,3305.451435769288,0.0738212433915766
47310,0.14071944784524976,11662.063500697512,14166.703904692873,10836.794583338859,3329.9093213540145,0.07366857174856069
47315,0.14073431990695395,11615.27542620795,14166.398767175548,10811.575385430584,3354.8233817449636,0.07350769439636909
47320,0.14074919196865818,11561.797064021654,14165.587888081072,10785.594005613071,3379.993882468001,0.0734082443385606
47325,0.14076406403036237,11501.956717619096,14164.369278709702,10759.175901305878,3405.1933774038243,0.07336242586514424
47330,0.1407789360920666,11436.082626984879,14162.834147521238,10732.659084776149,3430.1750627450892,0.0732096951745678
47335,0.1407938081537708,11364.503748805377,14161.063126329882,10706.380611658216,3454.6825146716656,0.07305984460476787
47340,0.14080868021547502,11287.555973562106,14159.12327206846,10680.663051560477,3478.4602205079827,0.07312432238576862
47345,0.14082355227717924,11205.591721099561,14157.065922277046,10655.801686375695,3501.2642359013516,0.07315406820008476
47350,0.14083842433888344,11118.990404191774,14154.925414119238,10632.053133400266,3522.8722807189715,0.07336978137479486
47355,0.14085329640058766,11028.16722771058,14152.718613106219,10609.625989583892,3543.092623522327,0.07366897781684896
47360,0.14086816846229186,10933.578159186185,14150.445148854898,10588.67394974427,3561.771199110628,0.07395383845254597
47365,0.14088304052399608,10835.719599534912,14148.088229086727,10569.29167455461,3578.7965545321167,0.0742235344633226
47370,0.14089791258570028,10735.122212925644,14145.615902364285,10551.51348406531,3594.102418298975,0.0744776325119659
47375,0.1409127846474045,10632.339414528222,14142.982660897545,10535.314744301744,3607.667916595801,0.0747160975876309
47380,0.1409276567091087,10527.931993764907,14140.131307090563,10520.615618926686,3619.5156881638777,0.07493923025293975
47385,0.14094252877081292,10422.451077060301,14136.9950383271,10507.286700617764,3629.708337709337,0.07518710713611636
47390,0.14095740083251712,10316.421945355818,14133.499722114708,10495.155942450063,3638.343779664645,0.07543391483000873
47395,0.14097227289422135,10210.331037082078,14129.566331853915,10484.016295124382,3645.5500367295335,0.07568392194155005
47400,0.14098714495592557,10104.617819483026,14125.113494152747,10473.63352405024,3651.4799701025077,0.07598469255764875
47405,0.14100201701762977,9999.672243356341,14120.060071085212,10463.75381751523,3656.306253569983,0.07627124990959144
47410,0.141016889079334,9895.83742822008,14114.327678494436,10454.110975268984,3660.216703225451,0.07654263644112816
47415,0.1410317611410382,9793.416297090731,14107.843036040003,10444.433148778468,3663.409887261536,0.07679852031370889
47420,0.1410466332027424,9692.68029261999,14100.540061047326,10434.449252726465,3666.0908083208615,0.07703911983867359
47425,0.1410615052644466,9593.87816503382,14092.361651908317,10423.895253657493,3668.4663982508246,0.07728211060079983
47430,0.14107637732615083,9497.24311155731,14083.261145955248,10412.520553663931,3670.7405922913167,0.0775431298227027
47435,0.14109124938785503,9402.997138643026,14073.203467208568,10400.094629801848,3673.1088374067203,0.07778568903103597
47440,0.14110612144955925,9311.352216638901,14062.165991508462,10386.413981459824,3675.752010048638,0.07801005324520677
47445,0.14112099351126345,9222.508405767538,14050.13914893727,10371.309301443644,3678.8298474936273,0.07821689898223763
47450,0.14113586557296767,9136.649517973303,14037.126763759354,10354.652643373958,3682.4741203853955,0.07840704917771592
47455,0.1411507376346719,9053.937004645868,14023.146112272441,10336.364223390907,3686.7818888815345,0.07858121200005694
47460,0.1411656096963761,8974.502680203332,14008.227669753285,10316.418378625849,3691.809291127436,0.07873978460466621
47465,0.14118048175808032,8898.440719601907,13992.41452378716,10294.848118902257,3697.566404884903,0.07892142139686532
47470,0.1411953538197845,8825.799225919282,13975.761449772373,10271.747667504425,3704.013782267948,0.07917706039137462
47475,0.14121022588148874,8756.571643055202,13958.333667279407,10247.272412976254,3711.061254303153,0.07944828905214561
47480,0.14122509794319293,8690.688421504252,13940.205313702934,10221.635807090877,3718.569506612057,0.0797031972839507
47485,0.14123997000489716,8628.009602553306,13921.457678470688,10195.10295194529,3726.3547265253983,0.07994162252906588
47490,0.14125484206660135,8568.319285356793,13902.177236241232,10167.980906642564,3734.196329598668,0.08016340759809804
47495,0.14126971412830558,8511.323167318138,13882.453505809683,10140.606071187036,3741.8474346226467,0.08036828513620876
47500,0.14128458619000978,8456.650381643614,13862.376749545803,10113.329315159357,3749.047434386446,0.08055580624727378
47505,0.141299458251714,8403.86060656715,13842.0355222725,10086.499753761049,3755.5357685114504,0.08072533809946457
47510,0.14131433031341822,8352.456858430483,13821.514081751906,10060.448194238965,3761.065887512941,0.08088983245333035
47515,0.14132920237512242,8301.903560146176,13800.889685876562,10035.471271969436,3765.418413907126,0.08105998036378846
47520,0.14134407443682664,8251.648536768347,13780.22982286945,10011.817189211823,3768.4126336576282,0.08120970646368576
47525,0.14135894649853084,8201.146728188198,13759.589448187404,9989.673801450777,3769.9156467366265,0.08133849309477974
47530,0.14137381856023506,8149.882829003111,13739.008333427031,9969.159607709058,3769.848725717973,0.08144575722526393
47535,0.14138869062193926,8097.389921277138,13718.508665993822,9950.318018721657,3768.1906472721657,0.08153097772212292
47540,0.14140356268364349,8043.26151948959,13698.093070038554,9933.115106445433,3764.977963593121,0.0816097883758474
47545,0.14141843474534768,7987.155255216988,13677.743242972232,9917.440871881041,3760.302371091191,0.08182786270607291
47550,0.1414333068070519,7928.787564045343,13657.41940920907,9903.11389552052,3754.3055136885487,0.08202626036338935
47555,0.1414481788687561,7867.920021696253,13637.06077472727,9889.889056123813,3747.1717186034566,0.08220448943842613
47560,0.14146305093046033,7804.339221727724,13616.587117379751,9877.467834453297,3739.1192829264546,0.08236848754887012
47565,0.14147792299216455,7737.833115897835,13595.901569734875,9865.510585711607,3730.390984023268,0.08255986951381693
47570,0.14149279505386875,7668.167395408467,13574.894551748666,9853.650093462182,3721.2444582864846,0.08272833870545895
47575,0.14150766711557297,7595.065657564322,13553.448702851458,9841.505719903404,3711.942982948054,0.08287339808942269
47580,0.14152253917727717,7518.19671435602,13531.444562068265,9828.69753236756,3702.7470297007058,0.08299483615370293
47585,0.1415374112389814,7437.171474987857,13508.766664530216,9814.85988673196,3693.9067777982564,0.08309271610528457
47590,0.1415522833006856,7351.5504879077835,13485.30967303973,9799.654053928565,3685.655619111165,0.08320813276167767
47595,0.1415671553623898,7260.861665999586,13460.984148924295,9782.779563845532,3678.2045850787636,0.08331148556171258
47600,0.141582027424094,7164.626204677761,13435.72158659326,9763.984005590686,3671.7375810025733,0.08338765673277454
47605,0.14159689948579823,7062.389504698572,13409.478387180212,9743.071071564404,3666.4073156158083,0.083436817402562
47610,0.14161177154750243,6953.753241358681,13382.238523244743,9719.906677950665,3662.3318452940784,0.08349186931324379
47615,0.14162664360920665,6838.404686603517,13354.014742733822,9694.423044637166,3659.591698096656,0.0835469390240828
47620,0.14164151567091088,6716.139970279048,13324.848268513155,9666.62067160511,3658.2275969080456,0.08357133305139641
47625,0.14165638773261507,6586.879023533995,13294.80705955947,9636.568194820273,3658.238864739198,0.08356548462226532
47630,0.1416712597943193,6450.671265330878,13263.982799779847,9604.40012894,3659.582670839847,0.08370518554870295
47635,0.1416861318560235,6307.6924299309985,13232.486859181035,9570.31250276736,3662.174356413676,0.08385179337611097
47640,0.14170100391772772,6158.23406615901,13200.445521526488,9534.556379744643,3665.889141781845,0.08397474866513634
47645,0.14171587597943192,6002.687995685814,13167.994788782868,9497.429258561917,3670.5655302209507,0.08407384141909735
47650,0.14173074804113614,5841.528301086151,13135.27505745328,9459.264399630185,3676.0106578230952,0.08414986381918561
47655,0.14174562010284034,5675.293221489146,13102.425922640283,9420.418241087204,3682.0076815530792,0.08426066665274935
47660,0.14176049216454456,5504.568757986757,13069.581313182282,9381.256249931936,3688.325063250346,0.08434439517395406
47665,0.14177536422624876,5329.974999640595,13036.86510648029,9342.137771209736,3694.7273352705542,0.08440121598839494
47670,0.14179023628795298,5152.155371489006,13004.38732287662,9303.40064273089,3700.98668014573,0.08443160407714524
47675,0.1418051083496572,4971.768359931009,12972.240961487825,9265.346480214712,3706.8944812731133,0.08449269581586714
47680,0.1418199804113614,4789.480915030246,12940.499514163535,9228.22756604283,3712.271948120706,0.08453505691298281
47685,0.14183485247306563,4605.962706702836,12909.21518165279,9192.23618000698,3716.97900164581,0.08454815427124188
47690,0.14184972453476982,4421.880670200452,12878.417814098526,9157.497010996976,3720.9208031015496,0.084553172035794
47695,0.14186459659647405,4237.893687370044,12848.114602367883,9124.063026446518,3724.051575921365,0.08458729279075167
47700,0.14187946865817824,4054.6476598706377,12818.290551630063,9091.914900916176,3726.375650713888,0.08458926021760073
47705,0.14189434071988247,3872.7715114926523,12788.90976735309,9060.963858515506,3727.9459088375843,0.08456044789871277
47710,0.14190921278158666,3692.874734253469,12759.917570199794,9031.057590547563,3728.8599796522303,0.08457940074171312
47715,0.1419240848432909,3515.546942984278,12731.243425548468,9001.98877340901,3729.254652139458,0.08465869381325467
47720,0.14193895690499508,3341.359544833469,12702.804624160051,8973.505619265217,3729.299004894834,0.08476878176477666
47725,0.1419538289666993,3170.869128971046,12674.51058644823,8945.323826440865,3729.1867600073656,0.08486462039243534
47730,0.14196870102840353,3004.6216464617573,12646.267592911732,8917.13925140925,3729.1283415024827,0.08493722523207943
47735,0.14198357309010773,2843.1560167689604,12617.983680452506,8888.6406097421,3729.3430707104053,0.08498808898314832
47740,0.14199844515181195,2687.005595127379,12589.573402406839,8859.521549033157,3730.0518533736813,0.08503948389516709
47745,0.14201331721351615,2536.6960607029205,12560.962140275851,8829.491537832855,3731.470602442996,0.08510765480276536
47750,0.14202818927522037,2392.7387728029335,12532.089682821827,8798.285180635417,3733.804502186409,0.08515222858593008
47755,0.14204306133692457,2255.6194368999586,12502.912851148341,8765.669778801663,3737.2430723466787,0.0851752956805374
47760,0.1420579333986288,2125.7828671179695,12473.407036531857,8731.451171063678,3741.9558654681787,0.08519896232534642
47765,0.142072805460333,2003.6154993049959,12443.566615907519,8695.478055303636,3748.088560603883,0.08524139599222387
47770,0.14208767752203721,1889.4278758970095,12413.404302015135,8657.645073251868,3755.759228763267,0.08526069391715
47775,0.1421025495837414,1783.4394520518,12382.949559075274,8617.894915010864,3765.0546440644102,0.08525953897871158
47780,0.14211742164544564,1685.767746775071,12352.246264819456,8576.219588422297,3776.0266763971595,0.08526604056299558
47785,0.14213229370714986,1596.423176444663,12321.349826304677,8532.660843483955,3788.6889828207222,0.08528664557575802
47790,0.14214716576885406,1515.31002144197,12290.32396483328,8487.309597127209,3803.0143677060714,0.0852853618411973
47795,0.14216203783055828,1442.2330738813425,12259.23738030692,8440.304113949265,3818.933266357655,0.08526537796171231
47800,0.14217690989226248,1376.9087622035177,12228.160491756553,8391.826691365844,3836.3338003907083,0.08531566255854527
47805,0.1421917819539667,1318.9790631564047,12197.16243042687,8342.098677742859,3855.063752684011,0.08539993967951677
47810,0.1422066540156709,1268.026345614744,12166.3084339597,8291.37380067533,3874.9346332843706,0.08547153415140188
47815,0.14222152607737512,1223.5874446295338,12135.657753823049,8239.929963916584,3895.7277899064647,0.085532035601684
47820,0.14223639813907932,1185.1657020285365,12105.26214343189,8188.05984545042,3917.20229798147,0.08561710210310632
47825,0.14225127020078354,1152.2403602757586,12075.164943835664,8136.060762344866,3939.1041814907976,0.0856911245207266
47830,0.14226614226248774,1124.2734355316443,12045.400732099244,8084.224336362433,3961.176395736811,0.08575343472121522
47835,0.14228101432419196,1100.7148575217107,12015.995450151298,8032.826482135538,3983.1689680157606,0.0858056377006448
47840,0.1422958863858962,1081.0070745916291,11986.96689459903,7982.118141943501,4004.84875265553,0.08584918124062565
47845,0.14231075844760038,1064.5903604663254,11958.325425297086,7932.3170205199385,4026.008404777147,0.08589283412102837
47850,0.1423256305093046,1050.909695697761,11930.07474472866,7883.600365205062,4046.4743795235972,0.0859480279169254
47855,0.1423405025710088,1039.4234091076123,11902.212611550707,7836.098644648383,4066.113966902324,0.08599388067862469
47860,0.14235537463271303,1029.6129217649868,11874.731377815486,7789.889864284228,4084.841513531258,0.08603175946829654
47865,0.14237024669441722,1020.9921588857833,11847.618277164247,7744.994274333145,4102.624002831102,0.08606280562600528
47870,0.14238511875612145,1013.1146993196107,11820.855436469194,7701.369409976249,4119.486026492945,0.08610321903060295
47875,0.14239999081782564,1005.576671418472,11794.419631535346,7658.90574746818,4135.513884067165,0.08626367920532882
47880,0.14241486287952987,998.0138295828983,11768.281853735678,7617.423704861035,4150.858148874643,0.08641436244537436
47885,0.14242973494123407,990.0921016229349,11742.406794684504,7576.673152591736,4165.733642092769,0.0865549872076437
47890,0.1424446070029383,981.4920353491725,11716.75238675451,7536.336891236412,4180.4154955180975,0.08669323555850572
47895,0.1424594790646425,971.8887836318463,11691.269556089399,7496.03957169272,4195.229984396679,0.0868431048205733
47900,0.1424743511263467,960.930314680365,11665.902349779008,7455.363186924907,4210.539162854101,0.08698264840549012
47905,0.14248922318805093,948.2171974170924,11640.588588482264,7413.869531885607,4226.719056596657,0.08711178519769014
47910,0.14250409524975513,933.287432606643,11615.261168605783,7371.128973970857,4244.132194634925,0.08724598047569233
47915,0.14251896731145935,915.6093267927172,11589.850093352012,7326.753655433242,4263.09643791877,0.08741782671333675
47920,0.14253383937316355,894.5844125401654,11564.285249832375,7280.4320864781275,4283.853163354248,0.08758096035157734
47925,0.14254871143486778,869.5610920818945,11538.499872275896,7231.961234278464,4306.538637997432,0.08773554994814539
47930,0.14256358349657197,839.8582736867374,11512.434544945278,7181.27188980454,4331.162655140738,0.08788185419074308
47935,0.1425784555582762,804.7970332181121,11486.041512604743,7128.4434378576025,4357.59807474714,0.08803877106724092
47940,0.1425933276199804,763.7374634341013,11459.28899428708,7073.705177940667,4385.583816346413,0.08820362371336107
47945,0.14260819968168462,716.1174715281231,11432.165151019813,7017.422917495011,4414.742233524803,0.08836144396554148
47950,0.14262307174338884,661.4903472051683,11404.68135001027,6960.071438934777,4444.609911075494,0.08851247755379273
47955,0.14263794380509304,599.5583566838377,11376.874400743216,6902.195318459631,4474.679082283585,0.08865692139239123
47960,0.14265281586679726,530.2002801238978,11348.807509506492,6844.36214578668,4504.445363719812,0.08882570979677787
47965,0.14266768792850146,453.49154954004734,11320.569798927796,6787.113227975238,4533.456570952558,0.08899116983050043
47970,0.14268255999020568,369.71632293940274,11292.274354578321,6730.917232058569,4561.357122519752,0.08914994680723705
47975,0.14269743205190988,279.37132711967206,11264.054877087372,6676.131916751044,4587.922960336328,0.08930183019218124
47980,0.1427123041136141,183.1615216190894,11236.06112321633,6622.9782030933275,4613.082920123003,0.08945443013282955
47985,0.1427271761753183,81.98754061055479,11208.45340504681,6571.529477702558,4636.923927344252,0.08965333097497326
47990,0.14274204823702252,-23.07548093233163,11181.396478916307,6521.717375002231,4659.679103914076,0.08985040176232868
47995,0.14275692029872672,-130.80850720053422,11155.053193305823,6473.353509643752,4681.699683662071,0.0900403879850685
48000,0.14277179236043094,-239.88962170853665,11129.578276244412,6426.164880419265,4703.413395825148,0.0902363270531767
48005,0.14278666442213517,-348.94607450580406,11105.112626768345,6379.839092686513,4725.273534081832,0.09044349659391483
48010,0.14280153648383936,-456.6167511689091,11081.778430868537,6334.074305314945,4747.704125553591,0.09064243841772017
48015,0.1428164085455436,-561.6223926098501,11059.675351709559,6288.628064074778,4771.04728763478,0.09083269575796014
48020,0.14283128060724778,-662.8382772849291,11038.877951240374,6243.359085299814,4795.51886594056,0.09101385933050062
48025,0.142846152668952,-759.3615407013931,11019.434394813698,6198.256697471565,4821.177697342133,0.09121156651207595
48030,0.1428610247306562,-850.5636743119467,11001.36638543872,6153.454032622809,4847.912352815911,0.09140781070823444
48035,0.14287589679236043,-936.1187775241724,10984.670185720388,6109.223052924466,4875.447132795922,0.09159430806606694
48040,0.14289076885406463,-1016.0002583194273,10969.318527788937,6065.951837465489,4903.366690323448,0.09177074474214991
48045,0.14290564091576885,-1090.4427926950066,10955.263193501109,6024.1068827199915,4931.156310781117,0.0919435267270814
48050,0.14292051297747305,-1159.8718181191307,10942.438068550377,5984.185106689414,4958.252961860962,0.09213415496512849
48055,0.14293538503917727,-1224.8086150991567,10930.762524286798,5946.661471058065,4984.101053228733,0.0923140997709555
48060,0.1429502571008815,-1285.7639661212734,10920.145040030975,5911.9384598747,5008.206580156275,0.09251738496982714
48065,0.1429651291625857,-1343.1364817013236,10910.487021589812,5880.3030603313355,5030.183961258476,0.09274576086900295
48070,0.14298000122428992,-1397.1323232544773,10901.686775768689,5851.895533267558,5049.791242501131,0.09296746488017542
48075,0.1429948732859941,-1447.7210347686996,10893.643554145554,5826.692420876183,5066.951133269371,0.09317937024454377
48080,0.14300974534769834,-1494.6377050056144,10886.261488567177,5804.504268109053,5081.757220458125,0.09338095039731914
48085,0.14302461740940253,-1537.4352056018806,10879.453132496501,5784.98678203741,5094.466350459091,0.09358972263167104
48090,0.14303948947110676,-1575.582514108747,10873.14223903789,5767.662901365753,5105.479337672137,0.09380459904840721
48095,0.14305436153281095,-1608.5970751135264,10867.265395082914,5751.952655820724,5115.312739262189,0.0940082183609439
48100,0.14306923359451518,-1636.191909009809,10861.772226382313,5737.207765645244,5124.564460737069,0.09420008798047705
48105,0.14308410565621937,-1658.4130113452484,10856.624097264526,5722.748509300388,5133.8755879641385,0.09439866081313253
48110,0.1430989777179236,-1675.7407492411903,10851.79152021178,5707.901195571644,5143.890324640136,0.09460201077808861
48115,0.14311384977962782,-1689.1314519466105,10847.250798487268,5692.0352942279615,5155.215504259307,0.09479266342718273
48120,0.14312872184133202,-1699.9826239199301,10842.98066523041,5674.599643121776,5168.381022108634,0.09498190347487746
48125,0.14314359390303624,-1710.0166963972297,10838.959778570998,5655.157038303491,5183.802740267506,0.09521818722150678
48130,0.14315846596474044,-1721.092422194628,10835.165841968945,5633.415990416859,5201.749851552086,0.09544348723451912
48135,0.14317333802644466,-1734.967395895529,10831.57684878779,5609.257720914906,5222.319127872885,0.09565717193452764
48140,0.14318821008814886,-1753.0467280404791,10828.174553646468,5582.7558879456965,5245.418665700771,0.09588364472949658
48145,0.14320308214985308,-1776.1588153034,10824.94983322482,5554.186369862875,5270.7634633619455,0.09610586649078681
48150,0.14321795421155728,-1804.3976371414874,10821.909202518777,5524.024875342152,5297.8843271766245,0.09631523861779268
48155,0.1432328262732615,-1837.0618834309098,10819.081467141956,5492.931196282053,5326.150270859903,0.0965226064859499
48160,0.1432476983349657,-1872.706051359297,10816.523356838916,5461.720389302412,5354.802967536504,0.09674526741438876
48165,0.14326257039666992,-1909.3004305331615,10814.323010764861,5431.322741401419,5383.000269363442,0.09695878699302127
48170,0.14327744245837415,-1944.4792536576242,10812.600362945705,5402.7356784930425,5409.864684452662,0.09716283328729296
48175,0.14329231452007835,-1975.8425612101983,10811.503787033515,5376.971513358247,5434.532273675268,0.09735706227920053
48180,0.14330718658178257,-2001.2697472417576,10811.202774544401,5355.004966526764,5456.197808017637,0.09754112292771702
48185,0.14332205864348677,-2019.2020472358918,10811.876900537436,5337.723801768784,5474.153098768652,0.09771466220514222
48190,0.143336930705191,-2028.8567100008222,10813.701821567234,5325.884950515855,5487.816871051379,0.09788301338495838
48195,0.1433518027668952,-2030.3456427422707,10816.833487223024,5320.07750032045,5496.7559869025745,0.09808499609521139
48200,0.1433666748285994,-2024.6839856076558,10821.392060513064,5320.693201674419,5500.698858838646,0.09827229011927777
48205,0.1433815468903036,-2013.6875584098398,10827.447178102688,5327.904872865485,5499.5423052372025,0.09845341455485682
48210,0.14339641895200783,-1999.770982798018,10835.006111482426,5341.653225770406,5493.35288571202,0.09863558025011156
48215,0.14341129101371203,-1985.6694266432114,10844.006124804464,5361.6429931283665,5482.3631316760975,0.0988012443327936
48220,0.14342616307541625,-1974.115521782789,10854.311910893066,5387.34951373109,5466.962397161976,0.09894954981655206
48225,0.14344103513712048,-1967.5084509367198,10865.718494005721,5418.036849817935,5447.681644187786,0.09910102338274766
48230,0.14345590719882467,-1967.6140444222583,10877.959492005592,5452.78791673513,5425.171575270461,0.0992386161532167
48235,0.1434707792605289,-1975.3327163124277,10890.720195827873,5490.546027896141,5400.174167931732,0.09935734193431521
48240,0.1434856513222331,-1990.566142593313,10903.6545924951,5530.165910546748,5373.488681948353,0.09947157970298065
48245,0.14350052338393732,-2012.2039043528684,10916.40524565014,5570.470961730698,5345.934283919441,0.09959822301966925
48250,0.1435153954456415,-2038.238354558347,10928.624845452412,5610.312632830924,5318.3122126214885,0.09972402268031455
48255,0.14353026750734574,-2066.0006322540257,10939.998217469525,5648.6275925096215,5291.370624959904,0.09983375272123633
48260,0.14354513956904993,-2092.4945679126213,10950.263594012828,5684.488770395457,5265.77482361737,0.09992705833837287
48265,0.14356001163075416,-2114.7903792026973,10959.231958619574,5717.147372977398,5242.084585642176,0.10000598827254005
48270,0.14357488369245835,-2130.4291635957525,10966.80325300675,5746.064194040534,5220.739058966216,0.100081570009975
48275,0.14358975575416258,-2137.7847371639746,10972.978202341184,5770.9296922387675,5202.048510102417,0.10014055811802444
48280,0.1436046278158668,-2136.3329213338793,10977.864528191743,5791.6731425985045,5186.191385593239,0.10018272399498708
48285,0.143619499877571,-2126.789927755648,10981.676463645459,5808.461606333952,5173.214857311507,0.10021638233907126
48290,0.14363437193927522,-2111.099228331047,10984.726835821042,5821.689576141685,5163.037259679357,0.10023703006485854
48295,0.14364924400097942,-2092.267051796891,10987.411561980809,5831.960104617009,5155.4514573638,0.10024053900926472
48300,0.14366411606268364,-2074.0667929488563,10990.187168215707,5840.058180090015,5150.128988125692,0.10022787921849956
48305,0.14367898812438784,-2060.649043881951,10993.542767917337,5846.917185242049,5146.625582675289,0.10020630609982437
48310,0.14369386018609207,-2056.1046809524005,10997.96867667561,5853.579482426015,5144.389194249595,0.10017072694157227
48315,0.14370873224779626,-2064.03272226996,11003.924342388358,5861.152469657415,5142.771872730943,0.10011783295262469
48320,0.14372360430950049,-2087.1627114824205,11011.808431007723,5870.761764302016,5141.046666705707,0.1000467065074388
48325,0.14373847637120468,-2127.0739570769747,11021.933696994285,5883.503421624649,5138.430275369637,0.09995708242813359
48330,0.1437533484329089,-2184.042162555451,11034.508725338193,5900.397228615647,5134.111496722547,0.09984873754314984
48335,0.14376822049461313,-2257.0291744309325,11049.627859544467,5922.343101648709,5127.284757895758,0.09972632914958848
48340,0.14378309255631733,-2343.815331002992,11067.269755857431,5950.082454138264,5117.1873017191665,0.09960414780046212
48345,0.14379796461802155,-2441.2579170696317,11087.304152240798,5984.166102549975,5103.138049690823,0.09946508706395638
48350,0.14381283667972575,-2545.6451564097624,11109.505708765257,6024.929883576175,5084.575825189082,0.09930905887588412
48355,0.14382770874142997,-2653.1044151689985,11133.573230457663,6072.4787231819155,5061.094507275748,0.09913602917588366
48360,0.14384258080313417,-2760.016965249484,11159.1522657981,6126.679507606648,5032.472758191452,0.09894601468174954
48365,0.1438574528648384,-2863.39060495763,11185.859007562469,6187.162833244787,4998.696174317682,0.09873907721766063
48370,0.1438723249265426,-2961.1461529946773,11213.303609582139,6253.333601712506,4959.970007869633,0.09851531666647628
48375,0.1438871969882468,-3052.284266430318,11241.111441637897,6324.390462279157,4916.72097935874,0.09827486369473021
48380,0.143902069049951,-3136.914284920077,11268.941358595479,6399.35419191627,4869.587166679209,0.09801787331060641
48385,0.14391694111165523,-3216.144979655829,11296.500642118213,6477.105081234712,4819.395560883501,0.0977445200930685
48390,0.14393181317335946,-3291.85549467726,11323.556751345062,6556.429078578433,4767.127672766629,0.09745499561903562
48395,0.14394668523506365,-3366.3804633445816,11349.946285119207,6636.071705068293,4713.874580050914,0.09714950826258656
48400,0.14396155729676788,-3442.1537449193556,11375.581566169578,6714.797597817235,4660.7839683523425,0.09682828519003146
48405,0.14397642935847207,-3521.3589084114556,11400.455037389886,6791.452162317511,4609.002875072375,0.09649157606560031
48410,0.1439913014201763,-3605.6311603805543,11424.641304149092,6865.0205854591,4559.620718689992,0.09613965774508203
48415,0.1440061734818805,-3695.8457081282777,11448.296283885671,6934.678818805268,4513.617465080403,0.09577283909115974
48420,0.14402104554358472,-3792.013359919436,11471.652647125455,6999.831444634419,4471.821202491035,0.09539146500790163
48425,0.14403591760528892,-3893.2879175922026,11495.010638892569,7060.132700209231,4434.877938683338,0.09499591886729734
48430,0.14405078966699314,-3998.0742818581057,11518.723514903017,7115.489148826743,4403.234366076274,0.09458662268229102
48435,0.14406566172869734,-4104.213605390148,11543.177244683557,7166.045055132467,4377.13218955109,0.09416403465281524
48440,0.14408053379040156,-4209.214055003841,11568.764818572321,7212.153826778713,4356.610991793608,0.09372864404814225
48445,0.14409540585210578,-4310.493568041748,11595.856385104755,7254.340389998968,4341.515995105787,0.09330009168172224
48450,0.14411027791380998,-4405.604162617812,11624.76740625905,7293.2597955698875,4331.507610689163,0.09286951822527335
48455,0.1441251499755142,-4492.414757844166,11655.727856573109,7329.656746739949,4326.071109833159,0.09242800172496109
48460,0.1441400220372184,-4569.239330833869,11688.855994985453,7364.329407162471,4324.526587822982,0.09197596456329513
48465,0.14415489409892263,-4634.907524906275,11724.140232973166,7398.099213634097,4326.041019339069,0.0915138224693379
48470,0.14416976616062682,-4688.783516795931,11761.432032361889,7431.786887527114,4329.645144834774,0.09104198004613766
48475,0.14418463822233105,-4730.744502189905,11800.451639272103,7466.193678013433,4334.257961258671,0.09056082951461447
48480,0.14419951028403524,-4761.1318809053555,11840.806963500288,7502.086177922564,4338.720785577724,0.09007075293607406
48485,0.14421438234573947,-4780.686496013913,11882.024291370883,7540.182789835907,4341.841501534976,0.089572127590706
48490,0.14422925440744366,-4790.475416027325,11923.58804294146,7581.139980597111,4342.448062344348,0.08906533357934986
48495,0.1442441264691479,-4791.813506588778,11964.98568076852,7625.536752607189,4339.4489281613305,0.08855076218495347
48500,0.1442589985308521,-4786.179995663381,12005.753290085584,7673.856244124891,4331.897045960693,0.08802882318785775
48505,0.1442738705925563,-4775.129283149453,12045.517314352386,7726.464068327811,4319.053246024575,0.08749994926687912
48510,0.14428874265426053,-4760.196399144538,12084.028383833009,7783.583938696749,4300.44444513626,0.08696459588613832
48515,0.14430361471596473,-4742.800080078656,12121.183997553828,7845.272268981506,4275.911728572321,0.08642323565690986
48520,0.14431848677766895,-4724.149359724689,12157.037879320738,7911.394625972702,4245.6432533480365,0.08587634700344468
48525,0.14433335883937315,-4705.16184306732,12191.795021079179,7981.607882665342,4210.187138413837,0.08532439793024268
48530,0.14434823090107737,-4686.402726336729,12225.792681804833,8055.352345065062,4170.440336739771,0.08476782663809125
48535,0.14436310296278157,-4668.052852144945,12259.468874155285,8131.8577381408695,4127.611136014416,0.08420702151877459
48540,0.1443779750244858,-4649.911758269746,12293.321076621522,8210.165629206962,4083.1554474145596,0.08364230354211959
48545,0.14439284708619,-4631.438205777942,12327.858951703027,8289.168767983141,4038.6901837198857,0.08307391412709104
48550,0.14440771914789421,-4611.826617052677,12363.555593872266,8367.665294475144,3995.8902993971224,0.08250201118538496
48555,0.14442259120959844,-4590.113794674587,12400.802136407421,8444.423332358618,3956.3788040488034,0.08192667511587769
48560,0.14443746327130264,-4565.306742997566,12439.8703175085,8518.249700828837,3921.620616679662,0.08140728743060811
48565,0.14445233533300686,-4536.519798711407,12480.88682701368,8588.055772455256,3892.8310545584245,0.08137173633624821
48570,0.14446720739471106,-4503.107912630574,12523.822002722667,8652.914054458863,3870.9079482638044,0.0813315734680992
48575,0.14448207945641528,-4464.7829924789985,12568.493878831361,8712.100732850324,3856.3931459810374,0.0812866559163336
48580,0.14449695151811948,-4421.701711328222,12614.586917000473,8765.121764646086,3849.465152354387,0.0812558643265972
48585,0.1445118235798237,-4374.515890623304,12661.68319049936,8811.722550542025,3849.960639957335,0.08123055359602475
48590,0.1445266956415279,-4324.380069211516,12709.302531072151,8851.883218815641,3857.4193122565102,0.08120042896686311
48595,0.14454156770323212,-4272.914653735967,12756.947316417734,8885.802750802339,3871.1445656153955,0.0811655555014952
48600,0.14455643976493632,-4222.126623793819,12804.147234505795,8913.875509438969,3890.2717250668265,0.0811261668999068
48605,0.14457131182664054,-4174.2928256534115,12850.499508255065,8936.663371279306,3913.8361369757586,0.08108265202267999
48610,0.14458618388834477,-4131.813391158659,12895.700654581706,8954.865912734993,3940.834741846713,0.08103553029617273
48615,0.14460105595004896,-4097.044971541118,12939.566813023539,8969.290257670988,3970.2765553525514,0.08098541842624084
48620,0.1446159280117532,-4072.125548312013,12982.04092106494,8980.821451931213,4001.2194691337263,0.08095814742336886
48625,0.14463080007345738,-4058.8046171107935,13023.186426882816,8990.39367025896,4032.792756623856,0.08093314464009903
48630,0.1446456721351616,-4058.2941358678463,13063.168682084372,8998.962183427644,4064.2064986567275,0.08090586538372954
48635,0.1446605441968658,-4071.156004934566,13102.226490618234,9007.475795862234,4094.7506947559996,0.08087676757191054
48640,0.14467541625857003,-4097.240212817724,13140.637340713252,9016.849397858028,4123.787942855224,0.08084630684625368
48645,0.14469028832027422,-4135.683817666327,13178.68046930035,9027.936371932108,4150.744097368242,0.080814907204253
48650,0.14470516038197845,-4184.9750481287965,13216.6020101545,9041.500859213309,4175.101150941191,0.0807829347689583
48655,0.14472003244368264,-4243.079964944728,13254.586043971032,9058.190311228609,4196.395732742423,0.08075806254322071
48660,0.14473490450538687,-4307.6223918317355,13292.734475744752,9078.509264539693,4214.225211205059,0.0807537158526129
48665,0.1447497765670911,-4376.101947472276,13331.057463881138,9102.795782497391,4228.261681383747,0.08074792762508065
48670,0.1447646486287953,-4446.130333563935,13369.474813324243,9131.202398352047,4238.272414972196,0.08074070057042511
48675,0.1447795206904995,-4515.6627425333145,13407.827519725312,9163.683571481197,4244.143948244115,0.08073198918920425
48680,0.1447943927522037,-4583.199685127116,13445.897669807287,9199.991575482525,4245.906094324762,0.08072169489489117
48685,0.14480926481390793,-4647.935302993899,13483.434249686223,9239.682357459216,4243.7518922270065,0.08070966627296397
48690,0.14482413687561213,-4709.831968505708,13520.182093939793,9282.13226029532,4238.0498336444725,0.08070235115691793
48695,0.14483900893731635,-4769.607975809997,13555.911167161943,9326.565626461304,4229.345540700639,0.0807136500919977
48700,0.14485388099902055,-4828.634996081969,13590.443522338126,9372.092267055907,4218.351255282219,0.08072112609224201
48705,0.14486875306072478,-4888.75352991239,13623.675553068548,9417.752676916463,4205.922876152084,0.08072457150644881
48710,0.14488362512242897,-4952.026083236103,13655.593512825417,9462.56783927084,4193.025673554577,0.08072381550097228
48715,0.1448984971841332,-5020.457275892615,13686.280717650887,9505.58966633631,4180.691051314578,0.0807187252246024
48720,0.14491336924583742,-5095.715863792492,13715.915405024858,9545.947761435735,4169.967643589123,0.08070920484897591
48725,0.14492824130754162,-5178.894594612822,13744.758912310219,9582.888433363822,4161.870478946397,0.08070475996871239
48730,0.14494311336924584,-5270.339556536816,13773.134657080069,9615.802820869842,4157.331836210227,0.08071270165328476
48735,0.14495798543095004,-5369.571644754583,13801.399305036222,9644.242513188787,4157.156791847436,0.08071482876700013
48740,0.14497285749265426,-5475.310128812716,13829.908419414187,9667.92291822835,4161.985501185836,0.08071133609602216
48745,0.14498772955435846,-5585.593861911276,13858.979691225246,9686.716429950722,4172.263261274524,0.08070245501624908
48750,0.14500260161606268,-5697.981692496913,13888.857427734663,9700.638746816081,4188.218680918582,0.08068843491033438
48755,0.14501747367776688,-5809.802512250658,13919.682199617237,9709.832173586183,4209.850026031054,0.08066952768675695
48760,0.1450323457394711,-5918.419152721349,13951.469305480305,9714.549310029948,4236.9199954503565,0.0806485463614766
48765,0.1450472178011753,-6021.470202331965,13984.09894424318,9715.139371878224,4268.959572364956,0.08064718753929966
48770,0.14506208986287952,-6117.0596729397,14017.319712329467,9712.037886175922,4305.281826153545,0.08064085537152346
48775,0.14507696192458375,-6203.874903391928,14050.765395202083,9705.759105416992,4345.006289785091,0.08062994810816343
48780,0.14509183398628794,-6281.225787586587,14083.983246075082,9696.889552759427,4387.093693315655,0.08061483530327261
48785,0.14510670604799217,-6349.0106808197015,14116.470361409352,9686.080806928523,4430.389554480829,0.08059584960615822
48790,0.14512157810969636,-6407.623890615527,14147.71370156586,9674.03990210977,4473.673799456092,0.08057328091275752
48795,0.1451364501714006,-6457.825135771691,14177.229008457998,9661.51633660467,4515.712671853327,0.08055778872748454
48800,0.14515132223310478,-6500.592508601395,14204.594417506061,9649.28538282751,4555.309034678552,0.08055615002153761
48805,0.145166194294809,-6536.9780094409425,14229.475824332749,9638.12795293081,4591.347871401938,0.0805518163944934
48810,0.1451810663565132,-6567.979942354306,14251.64274464159,9628.807603766883,4622.835140874706,0.08054902471643961
48815,0.14519593841821743,-6594.4408404468095,14270.975096759508,9622.04539968059,4648.929697078918,0.08055984934271462
48820,0.14521081047992163,-6616.974418884002,14287.462649221021,9618.493420243154,4668.969228977867,0.08056922068505779
48825,0.14522568254162585,-6635.921209185768,14301.199537810962,9618.707846604073,4682.491691206889,0.08057702790293929
48830,0.14524055460333007,-6651.330364733696,14312.376183787217,9623.122865990243,4689.253317796974,0.08058310603078654
48835,0.14525542666503427,-6662.964493593677,14321.27025687991,9632.02706544177,4689.24319143814,0.08058724676080282
48840,0.1452702987267385,-6670.3247355395115,14328.237298903809,9645.544391461453,4682.692907442355,0.08059172419852359
48845,0.1452851707884427,-6672.693949971938,14333.700599565029,9663.621913261855,4670.0786863031735,0.08061216202025792
48850,0.14530004285014692,-6669.19618616624,14338.139201964203,9686.026346837543,4652.112855126659,0.08062997014279887
48855,0.1453149149118511,-6658.870205948369,14342.07269867215,9712.350493631991,4629.722205040158,0.08064492747018057
48860,0.14532978697355534,-6640.753716176391,14346.041789161882,9742.029513909241,4604.01227525264,0.08065675015188703
48865,0.14534465903525953,-6613.973444398858,14350.584292129235,9774.365557812582,4576.218734316653,0.08066509918888906
48870,0.14535953109696376,-6577.834711529043,14356.207241667214,9808.558090346478,4547.649151320737,0.08066959134539003
48875,0.14537440315866795,-6531.903165458754,14363.356630013419,9843.736636165393,4519.619993848026,0.08067634948685073
48880,0.14538927522037218,-6476.071166125759,14372.387119552484,9878.992864370139,4493.394255182346,0.08069310886027417
48885,0.1454041472820764,-6410.6021319757565,14383.534525629842,9913.40992214915,4470.124603480692,0.08070506660742251
48890,0.1454190193437806,-6336.147993578324,14396.894015879101,9946.088430768486,4450.805585110615,0.08071192960992714
48895,0.14543389140548482,-6253.737600333645,14412.406757039746,9976.170099525738,4436.236657514008,0.08071340635785888
48900,0.14544876346718902,-6164.737117890997,14429.857158174025,10002.860967952907,4426.996190221118,0.08070922395996037
48905,0.14546363552889324,-6070.786553397128,14448.881927243357,10025.456470816614,4423.425456426743,0.08069914395867889
48910,0.14547850759059744,-5973.718896949453,14468.990943751616,10043.369737264658,4425.621206486958,0.08068525677809217
48915,0.14549337965230166,-5875.469492852335,14489.598590072968,10056.163008889225,4433.435581183743,0.08068602077483576
48920,0.14550825171400586,-5777.983084442166,14510.06287560134,10063.580248791523,4446.482626809817,0.08068101277875521
48925,0.14552312377571008,-5683.124891079949,14529.728653927077,10065.57743874757,4464.151215179507,0.08067023649536334
48930,0.14553799583741428,-5592.600698920032,14547.970669995631,10062.346146446436,4485.624523549195,0.0806537281374737
48935,0.1455528678991185,-5507.889808456365,14564.23220267921,10054.325905385862,4509.906297293348,0.08063155914834157
48940,0.14556773996082273,-5430.193974894797,14578.055703803906,10042.201778693852,4535.853925110054,0.08060383590632693
48945,0.14558261202252692,-5360.405042846638,14589.102979559513,10026.884992848172,4562.217986711341,0.08057942244394116
48950,0.14559748408423115,-5299.0934878032585,14597.163919600205,10009.476447378684,4587.687472221522,0.0805659707342229
48955,0.14561235614593535,-5246.519247602197,14602.154297829558,9991.214921344535,4610.939376485023,0.08054769934420833
48960,0.14562722820763957,-5202.6649118553805,14604.10448453857,9973.413612640114,4630.690871898456,0.08052476666134759
48965,0.14564210026934377,-5167.289512385107,14603.141811092302,9957.390014325372,4645.75179676693,0.08049733496819338
48970,0.145656972331048,-5139.998900668825,14599.469702661188,9944.394872611989,4655.0748300492,0.08046557353379
48975,0.1456718443927522,-5120.326236823931,14593.346545947768,9935.545987496262,4657.800558451507,0.08042966133522769
48980,0.1456867164544564,-5107.813904842269,14585.066693781444,9931.771911231275,4653.294782550169,0.0804115455988561
48985,0.1457015885161606,-5102.086862336317,14574.945192084819,9933.76928010952,4641.175911975299,0.08039328243122193
48990,0.14571646057786483,-5102.907661105564,14563.30692000466,9941.97579344641,4621.331126558249,0.08037156062114964
48995,0.14573133263956906,-5110.2054271044935,14550.480002333028,9956.55902480431,4593.920977528718,0.080346555013277
49000,0.14574620470127325,-5124.074694144744,14536.792678805079,9977.419642301002,4559.373036504077,0.080318426221961
49005,0.14576107676297748,-5144.7443571731055,14522.572349807506,10004.206511685157,4518.365838122349,0.08028731710855054
49010,0.14577594882468167,-5172.521141425295,14508.145285625718,10036.340714130152,4471.804571495566,0.08025851308706332
49015,0.1457908208863859,-5207.715034390463,14493.835489299587,10073.04570502143,4420.789784278157,0.08024720087435015
49020,0.1458056929480901,-5250.555698964499,14479.961423487022,10113.381475289452,4366.57994819757,0.08023315860819544
49025,0.14582056500979432,-5301.1090744506755,14466.829709422056,10156.28136957202,4310.548339850036,0.08021637160467805
49030,0.1458354370714985,-5359.202622011777,14454.72542343768,10200.590905889081,4254.1345175485985,0.0801967995997845
49035,0.14585030913320274,-5424.3665226236435,14443.899189848004,10245.108377223902,4198.790812624102,0.08017438846730689
49040,0.14586518119490693,-5495.7969566287975,14434.551839166583,10288.627164926389,4145.924674240194,0.08014908115819601
49045,0.14588005325661116,-5572.34639837406,14426.817914994586,10329.979594981907,4096.838320012679,0.08012931601980754
49050,0.14589492531831538,-5652.544293714318,14420.74971889654,10368.081858678803,4052.667860217738,0.08012258401962379
49055,0.14590979738001958,-5734.649041225702,14416.303822666803,10401.979005041796,4014.324817625007,0.0801126690069786
49060,0.1459246694417238,-5816.728578754349,14413.331995921957,10430.888300150888,3982.4436957710695,0.0800995386437853
49065,0.145939541503428,-5896.762381795496,14411.578258741263,10454.238416824654,3957.3398419166097,0.08008316594825313
49070,0.14595441356513222,-5972.75331127857,14410.683278193215,10471.701170076014,3938.9821081172013,0.08006352082766194
49075,0.14596928562683642,-6042.834945178324,14410.196633281288,10483.212151530126,3926.984481751162,0.08004056161913631
49080,0.14598415768854064,-6105.3600859119915,14409.59665917099,10488.976929371378,3920.6197297996114,0.08002275799152597
49085,0.14599902975024484,-6158.959574621777,14408.316747938918,10489.460597422774,3918.8561505161433,0.08001752538919059
49090,0.14601390181194907,-6202.566756813726,14405.776229312072,10485.360244181094,3920.415985130978,0.08000892323601026
49095,0.14602877387365326,-6235.41030305694,14401.41337498222,10477.561992361423,3923.8513826207964,0.07999685943019032
49100,0.14604364593535749,-6256.9844810170325,14394.717750137712,10467.086146105969,3927.6316040317433,0.07998123476636883
49105,0.1460585179970617,-6267.009537111456,14385.25914535852,10455.025268699721,3930.233876658798,0.07996195466407004
49110,0.1460733900587659,-6265.394601799618,14372.71069397695,10442.48050701684,3930.2301869601088,0.07993893940496159
49115,0.14608826212047013,-6252.211712078079,14356.864486426906,10430.501230566517,3926.3632558603895,0.07992961569916864
49120,0.14610313418217433,-6227.683488719012,14337.638931745774,10420.03227283615,3917.6066589096245,0.07992571863527773
49125,0.14611800624387855,-6192.18071019238,14315.078121643115,10411.871990957172,3903.206130685943,0.07991822396352696
49130,0.14613287830558275,-6146.221484701238,14289.344333466519,10406.643169076158,3882.7011643903606,0.07990706284153878
49135,0.14614775036728697,-6090.462298178136,14260.70540107626,10404.777563014177,3855.9278380620835,0.07989216626377939
49140,0.14616262242899117,-6025.673244251982,14229.518896080071,10406.513656300756,3823.005239779315,0.07987891225550685
49145,0.1461774944906954,-5952.694491076288,14196.214899924982,10411.906032399205,3784.308867525777,0.07987206121037765
49150,0.1461923665523996,-5872.377009878742,14161.278699474293,10420.843790282921,3740.434909191372,0.079865121389283
49155,0.1462072386141038,-5785.516004219781,14125.23414711624,10433.074808087451,3692.159339028789,0.07987981292611976
49160,0.14622211067580804,-5692.788794872078,14088.627844466944,10448.232532021118,3640.3953124458258,0.07989009552814683
49165,0.14623698273751223,-5594.709222145594,14052.013864584433,10465.862368782029,3586.1514958024036,0.07989578325483991
49170,0.14625185479921646,-5491.607857536779,14015.93850221746,10485.445579439069,3530.4929227783905,0.0798967096767649
49175,0.14626672686092065,-5383.642244385583,13980.924560086922,10506.419584068555,3474.5049760183665,0.07989273712248023
49180,0.14628159892262488,-5270.835412884743,13947.454913545562,10528.19452537325,3419.2603881723117,0.07988376567844707
49185,0.14629647098432907,-5153.135650823586,13915.95547602965,10550.1665986361,3365.78887739355,0.0798808878026706
49190,0.1463113430460333,-5030.487272753259,13886.778118683074,10571.728949598753,3315.049169084321,0.07988721578376207
49195,0.1463262151077375,-4902.901497074666,13860.184482126735,10592.28092168362,3267.9035604431156,0.07988738911156935
49200,0.14634108716944172,-4770.518199009926,13836.331877816663,10611.236247117109,3225.095630699554,0.07988148427060672
49205,0.14635595923114592,-4633.652273021974,13815.262564740337,10628.030598478104,3187.231966262232,0.07986966655394766
49210,0.14637083129285014,-4492.821465157223,13796.897593623442,10642.128877238696,3154.768716384746,0.07985218412147388
49215,0.14638570335455436,-4348.755034373704,13781.036153290328,10653.032744328544,3128.003408961784,0.07982935744660655
49220,0.14640057541625856,-4202.384269028834,13767.360968507955,10660.289112645753,3107.071855862203,0.07980156462433356
49225,0.14641544747796278,-4054.816952116019,13755.449831856198,10663.500461022883,3091.9493708333157,0.07979123006909382
49230,0.14643031953966698,-3907.2986409383893,13744.792856897606,10662.33772066667,3082.4551362309358,0.07977633789112859
49235,0.1464451916013712,-3761.1642082954813,13734.814574111548,10656.556025613425,3078.2585484981228,0.07975692925994352
49240,0.1464600636630754,-3617.7833859865978,13724.899613048327,10646.012833570168,3078.886779478158,0.07973345611659258
49245,0.14647493572477963,-3478.503959188447,13714.420472963735,10630.686974811855,3083.7334981518798,0.07970634408163813
49250,0.14648980778648382,-3344.5958559980654,13702.765807046448,10610.696323260401,3092.0694837860465,0.07967597730543617
49255,0.14650467984818805,-3217.1988863777424,13689.367728296622,10586.311252373847,3103.0564759227746,0.07964268838582998
49260,0.14651955190989224,-3097.276511797043,13673.726852788495,10557.960997026079,3115.7658557624163,0.07973323719533137
49265,0.14653442397159647,-2985.577802048355,13655.43407135256,10526.230514850951,3129.2035565016085,0.07989350158929646
49270,0.1465492960333007,-2882.609537377215,13634.188321738297,10491.846329158045,3142.341992580252,0.08005072182914395
49275,0.1465641680950049,-2788.6201211366542,13609.8098705977,10455.650978505257,3154.158892092444,0.0802067306758372
49280,0.1465790401567091,-2703.59658908084,13582.24878366468,10418.566932086083,3163.6818515785963,0.08038038908839172
49285,0.1465939122184133,-2627.2756505562365,13551.588367875003,10381.552025770088,3170.036342104915,0.0805493863669848
49290,0.14660878428011753,-2559.1694400864344,13518.043439850404,10345.549530306127,3172.493909544277,0.08071310300065422
49295,0.14662365634182173,-2498.606369541916,13481.95335226429,10311.436780180975,3170.5165720833156,0.08087095705697767
49300,0.14663852840352595,-2444.7868418892094,13443.769830406138,10279.976745512293,3163.793084893845,0.08103509423697525
49305,0.14665340046523015,-2396.8523003105556,13404.039855474966,10251.776884112049,3152.2629713629176,0.08119709562518056
49310,0.14666827252693437,-2353.9640524261968,13363.384074167801,10227.258966148003,3136.125108019798,0.08135208080049255
49315,0.14668314458863857,-2315.3858108456043,13322.471490340908,10206.642323446964,3115.8291668939437,0.08149979110190429
49320,0.1466980166503428,-2280.561544671251,13281.991466962696,10189.941298779691,3092.0501681830046,0.08164008676540227
49325,0.14671288871204702,-2249.1787924874843,13242.624297991042,10176.975869751124,3065.648428239918,0.08177294844800836
49330,0.14672776077375121,-2221.207664474805,13205.01176953161,10167.392887516882,3037.618882014727,0.0819127850622532
49335,0.14674263283545544,-2196.9076244746666,13169.729196006921,10160.69444483942,3009.034751167501,0.08204928121106146
49340,0.14675750489715964,-2176.7976080920616,13137.260377164217,10156.269741928707,2980.99063523551,0.08217910530495244
49345,0.14677237695886386,-2161.589523228591,13107.976771828226,10153.42739188217,2954.5493799460564,0.08230255460845086
49350,0.14678724902056806,-2152.0899162839887,13082.121930830996,10151.426143231083,2930.6957875999124,0.08241994043330893
49355,0.14680212108227228,-2149.0788342514716,13059.801892832522,10149.503148133132,2910.29874469939,0.08253374593703604
49360,0.14681699314397648,-2153.1781653167254,13040.98185394156,10146.899857889164,2894.081996052395,0.08266226840191417
49365,0.1468318652056807,-2164.723756780062,13025.489018889564,10142.886187294598,2882.602831594966,0.0827885937351749
49370,0.1468467372673849,-2183.6562823193417,13013.0211805746,10136.783700310432,2876.237480264168,0.08291651183540673
49375,0.14686160932908912,-2209.4450042402514,13003.160308168279,10127.988289472023,2875.1720186962557,0.08305400709966489
49380,0.14687648139079335,-2241.0559872569174,12995.39028809439,10115.992277017007,2879.3980110773828,0.08318775767512317
49385,0.14689135345249754,-2276.971767642408,12989.117962000788,10100.405213547452,2888.7127484533357,0.08331771435359556
49390,0.14690622551420177,-2315.2631585891395,12983.696706491404,10080.972051490293,2902.7246550011114,0.08344380528404657
49395,0.14692109757590596,-2353.706630988301,12978.45193189093,10057.58697320592,2920.8649586850097,0.08356658885722709
49400,0.1469359696376102,-2389.9340190280673,12972.70795989816,10030.301071475651,2942.406888422509,0.08370531418559607
49405,0.14695084169931438,-2421.596821364501,12965.815707004134,9999.32236994678,2966.4933370573544,0.08384030157211371
49410,0.1469657137610186,-2446.5262924660346,12957.180429555105,9965.007309555716,2992.1731199993883,0.08397147808734462
49415,0.1469805858227228,-2462.8730145036534,12946.288510536437,9927.843703694967,3018.4448068414695,0.08409878402834933
49420,0.14699545788442703,-2469.214726241358,12932.731970333578,9888.426103774706,3044.3058665588724,0.08422326950494073
49425,0.14701032994613122,-2464.627122066271,12916.229171412411,9847.425326389739,3068.8038450226722,0.08436774162414368
49430,0.14702520200783545,-2448.717354204515,12896.640157853459,9805.554429368372,3091.0857284850863,0.08451077178513398
49435,0.14704007406953967,-2421.6229701282864,12873.975279621405,9763.53363509794,3110.4416445234656,0.08467039835628574
49440,0.14705494613124387,-2383.979882703832,12848.396189554116,9722.056629944063,3126.3395596100527,0.08482830019656924
49445,0.1470698181929481,-2336.862441007237,12820.208896472308,9681.760416835803,3138.448479636505,0.08498308473111502
49450,0.1470846902546523,-2281.6978719183408,12789.84919842908,9643.200554655667,3146.648643773413,0.08513459933978276
49455,0.1470995623163565,-2220.157291460364,12757.86139120697,9606.833219069124,3151.028172137847,0.08528638731805716
49460,0.1471144343780607,-2154.026655930551,12724.871570159059,9573.005041002414,3151.866529156645,0.08545251983370261
49465,0.14712930643976493,-2085.0633845919238,12691.557098685296,9541.951074597046,3149.6060240882507,0.08561510851422022
49470,0.14714417850146913,-2014.84744102683,12658.613939553064,9513.800501751624,3144.81343780144,0.08577392548710877
49475,0.14715905056317335,-1944.638677498997,12626.723597452772,9488.588853613934,3138.1347438388384,0.08594112910374196
49480,0.14717392262487755,-1875.254452348685,12596.521450202257,9466.274752111709,3130.2466980905483,0.08611582911087588
49485,0.14718879468658178,-1806.9822386603264,12568.56825473083,9446.758611607653,3121.809643123177,0.08628910051181546
49490,0.147203666748286,-1739.540638879289,12543.326554990495,9429.900529429331,3113.4260255611644,0.08647759862320017
49495,0.1472185388099902,-1672.098640545697,12521.143517111543,9415.534795764355,3105.6087213471874,0.08666255709675207
49500,0.14723341087169442,-1603.35717374279,12502.241309211997,9403.479039710224,3098.7622695017726,0.08684380537630701
49505,0.14724828293339862,-1531.6895847011838,12486.715515671644,9393.536902276403,3093.178613395241,0.08702119053402153
49510,0.14726315499510284,-1455.3295224802769,12474.541284567715,9385.49416200268,3089.0471225650344,0.08721127234312022
49515,0.14727802705680704,-1372.587318233749,12465.58607222517,9379.109306354401,3086.476765870768,0.0874097205647723
49520,0.14729289911851126,-1282.0706768019572,12459.62712554468,9374.100521205008,3085.526604339673,0.08761468578676179
49525,0.14730777118021546,-1182.8835397570328,12456.371380260476,9370.131841697426,3086.23953856305,0.08781577100916832
49530,0.14732264324191968,-1074.7787921432555,12455.475354790573,9366.801649848883,3088.6737049416897,0.08801287253028905
49535,0.14733751530362388,-958.2457625742063,12456.562914356806,9363.636710287317,3092.9262040694884,0.08821981190068158
49540,0.1473523873653281,-834.5212811817746,12459.23941606526,9360.094442539506,3099.144973525754,0.08843314849386447
49545,0.14736725942703233,-705.5221950908926,12463.10160081423,9355.575152062027,3107.5264487522036,0.08865351829612765
49550,0.14738213148873652,-573.7064641813777,12467.743509967911,9349.444596401898,3118.2989135660137,0.088868649129324
49555,0.14739700355044075,-441.8781427208687,12472.759507282432,9341.065752306631,3131.6937549758004,0.08908002414482462
49560,0.14741187561214494,-312.9577021578607,12477.74604214422,9329.837233174303,3147.908808969916,0.08930233141867258
49565,0.14742674767384917,-189.74250037646925,12482.30401305097,9315.234739089366,3167.0692739616043,0.0895188510462507
49570,0.14744161973555336,-74.68240038962358,12486.04345550114,9296.851392786584,3189.1920627145555,0.08972941322958132
49575,0.1474564917972576,30.307203008269425,12488.591819374153,9274.432899084502,3214.1589202896503,0.08995116027790885
49580,0.14747136385896178,123.97766310315637,12489.606399034159,9247.90410649857,3241.7022925355886,0.09017689575702761
49585,0.147486235920666,205.81365729151003,12488.79064981078,9217.38458226735,3271.4060675434303,0.09040392599046218
49590,0.1475011079823702,276.029824113999,12485.913298416079,9183.192015594437,3302.7212828216416,0.09062292101451942
49595,0.14751598004407443,335.49997508625165,12480.828459536047,9145.833431545889,3334.9950279901586,0.09083688071256221
49600,0.14753085210577865,385.62775969116956,12473.494510083267,9105.985190534318,3367.509319548948,0.09105621368264577
49605,0.14754572416748285,428.1732254308972,12463.989310998795,9064.463512392125,3399.52579860667,0.09126666564979712
49610,0.14756059622918707,465.05388945119375,12452.519523039009,9022.187809804664,3430.3317132343454,0.09146803343415134
49615,0.14757546829089127,498.14108518493595,12439.422213806802,8980.139470090106,3459.282743716696,0.0916778118273172
49620,0.1475903403525955,529.0720585503313,12425.157641026186,8939.318887898176,3485.8387531280096,0.09189896968307515
49625,0.1476052124142997,559.0956280534083,12410.29294063602,8900.70348497032,3509.5894556657004,0.09210948159391472
49630,0.14762008447600392,588.9647666505989,12395.477350077681,8865.209099229442,3530.2682508482394,0.09231004566404281
49635,0.1476349565377081,618.8840959438676,12381.410450196343,8833.656457575837,3547.7539926205063,0.0925144870394414
49640,0.14764982859941234,648.5148772245975,12368.805608036828,8806.74352283756,3562.062085199268,0.09270799185674074
49645,0.14766470066111653,677.0352176461965,12358.351260564248,8785.023497154814,3573.327763409434,0.09289938124742599
49650,0.14767957272282076,703.2490619206364,12350.672845592066,8768.887437528803,3581.7854080632624,0.09308529815523194
49655,0.14769444478452498,725.7339896778522,12346.29805757021,8758.550077319886,3587.747980250324,0.09326039631450748
49660,0.14770931684622918,743.0147098322977,12345.627723764408,8754.03773561187,3591.5899881525384,0.09343071132526762
49665,0.1477241889079334,753.7464647777342,12348.914032189976,8755.178119017033,3593.7359131729427,0.09359710505236953
49670,0.1477390609696376,756.8906987858954,12356.247179925538,8761.59312399721,3594.6540559283276,0.09375654903164163
49675,0.14775393303134182,751.8649382916756,12367.550830043592,8772.697003139663,3594.853826903929,0.09391765647628861
49680,0.14776880509304602,738.6504805539753,12382.58613845599,8787.7030064047,3594.883132051291,0.09407883222765555
49685,0.14778367715475024,717.8454097125414,12400.963596818601,8805.641524972274,3595.322071846327,0.09422999932396119
49690,0.14779854921645444,690.6562652754437,12422.16157609369,8825.391778647132,3596.7697974465573,0.09437268650690249
49695,0.14781342127815866,658.8284543489281,12445.550266501661,8845.727393336587,3599.8228731650743,0.094510100010355
49700,0.14782829333986286,624.5221160170258,12470.419682767762,8865.374196797793,3605.0454859699694,0.09463679407612549
49705,0.14784316540156708,590.1457338399123,12496.010496500598,8883.07665845618,3612.933838044417,0.09475276594584521
49710,0.1478580374632713,558.1639200037134,12521.54660339064,8897.667979509055,3623.8786238815846,0.09486199972887906
49715,0.1478729095249755,530.8983858741813,12546.268456290858,8908.13811727544,3638.130339015417,0.0949622820802247
49720,0.14788778158667973,510.3421434471675,12569.466233594929,8913.694051623575,3655.7721819713533,0.09505179739610728
49725,0.14790265364838392,498.00622693302466,12590.511834902849,8913.807293606993,3676.704541295856,0.09513056410783019
49730,0.14791752571008815,494.81529008525285,12608.888515466317,8908.244851936168,3700.643663530149,0.0951986091241863
49735,0.14793239777179235,501.0630824542877,12624.21674267682,8897.081443919882,3727.135298756937,0.09525596505388105
49740,0.14794726983349657,516.4313625351733,12636.274667573838,8880.692489034325,3755.582178539513,0.09530266703069953
49745,0.14796214189520077,540.067360649773,12645.011545684245,8859.729167341176,3785.2823783430686,0.09534084773702664
49750,0.147977013956905,570.707122691314,12650.55259139157,8835.078358003246,3815.474233388324,0.09536885607554679
49755,0.1479918860186092,606.8266412110788,12653.1941476032,8807.811396960999,3845.382750642202,0.09538628142932976
49760,0.1480067580803134,646.8007206976454,12653.388688442792,8779.126158963232,3874.26252947956,0.09539314405265206
49765,0.14802163014201764,689.0511683091172,12651.719990440763,8750.286925836635,3901.433064604127,0.09538946075335952
49770,0.14803650220372183,732.1703357933784,12648.869713558277,8722.565917233775,3926.3037963245024,0.0953752481913271
49775,0.14805137426542606,775.0118649826036,12645.577511635363,8697.189401970954,3948.388109664409,0.09535052734012119
49780,0.14806624632713025,816.7462435060697,12642.597520687796,8675.290200711497,3967.3073199762985,0.09531532857962982
49785,0.14808111838883448,856.8833657565647,12640.654541967013,8657.867352687294,3982.7871892797193,0.0952696968258064
49790,0.14809599045053867,895.2671996418521,12640.403362182655,8645.752918598377,3994.650443584278,0.09521369611791645
49795,0.1481108625122429,932.0488997271659,12642.394397794136,8639.585426910695,4002.8089708834414,0.09514741315301069
49800,0.1481257345739471,967.6446327259291,12647.048231415994,8639.78937048209,4007.2588609339036,0.09507095936963463
49805,0.14814060663565132,1002.6834543699606,12654.640700173702,8646.560393531148,4008.080306642554,0.0949844713407773
49810,0.1481554786973555,1037.9492328904453,12665.299118573928,8659.856288764782,4005.442829809146,0.09488810944788527
49815,0.14817035075905974,1074.3192336949487,12679.009118362763,8679.394510386217,3999.614607976546,0.09478205506674163
49820,0.14818522282076396,1112.7009101246222,12695.630612721146,8704.657415475878,3990.9731972452682,0.09466650676439126
49825,0.14820009488246816,1153.9680017026458,12714.920665342197,8734.90667537856,3980.013989963638,0.09454167621598983
49830,0.14821496694417238,1198.8974261053972,12736.560643081446,8769.208092950104,3967.3525501313416,0.09440778462353575
49835,0.14822983900587658,1248.1096229792583,12760.18497042497,8806.467364976952,3953.7176054480187,0.09426506030008289
49840,0.1482447110675808,1302.0165911343229,12785.409040811448,8845.476224065635,3939.9328167458134,0.09411373777161391
49845,0.148259583129285,1360.7832015676559,12811.854285466394,8884.967091268389,3926.887194198005,0.09395405830850002
49850,0.14827445519098922,1424.3077652400698,12839.1689498653,8923.67315076532,3915.495799099979,0.09378627134668936
49855,0.14828932725269342,1492.2268444236506,12867.043689648357,8960.389888685004,3906.653800963353,0.09361063592965206
49860,0.14830419931439764,1563.9469409907797,12895.221613620695,8994.033797203028,3901.187816417667,0.09343339282261795
49865,0.14831907137610184,1638.7024199557218,12923.502849901799,9023.694176459603,3899.808673442196,0.09324999343313839
49870,0.14833394343780607,1715.6354617102843,12951.744095313046,9048.674682967443,3903.0694123456033,0.09305939739807387
49875,0.1483488154995103,1793.8905423473516,12979.853936347617,9068.522294825678,3911.3316415219397,0.09286185975696135
49880,0.14836368756121449,1872.7133269963288,13007.78500146348,9083.042483108966,3924.7425183545147,0.09265763350930685
49885,0.1483785596229187,1951.5422763155475,13035.524202818831,9092.300421359034,3943.2237814597975,0.09244696133230824
49890,0.1483934316846229,2030.081094388941,13063.082424346547,9096.608934448226,3966.4734898983206,0.09223006724645738
49895,0.14840830374632713,2108.341721796576,13090.484985453664,9096.504572604264,3993.9804128493997,0.09200714930787314
49900,0.14842317580803133,2186.650941002952,13117.764038907915,9092.713739619414,4025.0502992885013,0.09177837430538223
49905,0.14843804786973555,2265.6183588589793,13144.953749220042,9086.1112520521,4058.8424971679415,0.09154387526706753
49910,0.14845291993143975,2346.0686664170935,13172.088668502965,9077.674058381368,4094.4146101215974,0.09130375235086015
49915,0.14846779199314397,2428.9456306889097,13199.20522952849,9068.433042672445,4130.772186856046,0.09105807739426557
49920,0.14848266405484817,2515.198489765793,13226.345781724282,9059.425785547419,4166.919996176863,0.09080690200982695
49925,0.1484975361165524,2605.6630114662294,13253.564188817432,9051.65279636455,4201.911392452883,0.09055026863791157
49930,0.14851240817825662,2700.949543703002,13280.931765691348,9046.039091100718,4234.89267459063,0.09028822345392683
49935,0.1485272802399608,2801.349211482844,13308.542308592587,9043.402197266758,4265.140111325829,0.09002082956836857
49940,0.14854215230166504,2906.7672642678153,13336.515172192734,9044.426907681402,4292.088264511332,0.08974817867889187
49945,0.14855702436336923,3016.689662765679,13364.99571951664,9049.646553219503,4315.349166297137,0.08947039934872811
49950,0.14857189642507346,3130.1855657794313,13394.152922007583,9059.430311644917,4334.722610362665,0.08918766045778947
49955,0.14858676848677765,3245.9448025381716,13424.174304824453,9073.976091795217,4350.198213029236,0.08890016908005123
49960,0.14860164054848188,3362.346156229227,13455.258721818798,9093.308711162432,4361.950010656366,0.08860816296858146
49965,0.14861651261018607,3477.5497708782877,13487.607559067337,9117.283265148833,4370.324293918504,0.08831189879004618
49970,0.1486313846718903,3589.605470523813,13521.414922188078,9145.593643660724,4375.821278527354,0.08801163802732478
49975,0.1486462567335945,3696.5682192472013,13556.857234381217,9177.786039200357,4379.071195180861,0.08770763287377739
49980,0.14866112879529872,3796.6120918762444,13594.082560557412,9213.277050697152,4380.80550986026,0.08740011436886666
49985,0.14867600085700294,3888.1346237476046,13633.19996674072,9251.375714022766,4381.824252717954,0.08708928448058774
49990,0.14869087291870714,3969.8440331478087,13674.26936037008,9291.308579340994,4382.960781029087,0.08677531295127988
49995,0.14870574498041136,4040.822591405151,13717.292501464543,9332.246855973794,4385.045645490749,0.0864583387015915
50000,0.14872061704211556,4100.560648583181,13762.206127606736,9373.334643772741,4388.871483833995,0.08613847467270365
50005,0.14873548910381978,4148.957893038061,13808.878269193421,9413.717313849293,4395.1609553441285,0.0858158143828958
50010,0.14875036116552398,4186.291512096383,13857.108737923612,9452.569145315027,4404.539592608586,0.08549043829691745
50015,0.1487652332272282,4213.154752959736,13906.634408761982,9489.119364429782,4417.5150443322,0.08516241836138365
50020,0.1487801052889324,4230.373198247629,13957.13932736756,9522.675806380283,4434.463520987278,0.0848318196531292
50025,0.14879497735063663,4238.908901080649,14008.26898120087,9552.64557411883,4455.623407082041,0.08449869886220167
50030,0.14880984941234082,4239.763642725755,14059.647434206403,9578.552313731037,4481.095120475366,0.0841631001093375
50035,0.14882472147404505,4233.891851533299,14110.895596985498,9600.050012031661,4510.845584953837,0.08382504922294297
50040,0.14883959353574927,4222.131648922885,14161.648792286784,9616.933452184168,4544.715340102615,0.08348454796637199
50045,0.14885446559745347,4205.159855840069,14211.572007077672,9629.145536127076,4582.426470950595,0.0831415697686558
50050,0.1488693376591577,4183.474215029173,14260.371740246663,9636.781546441349,4623.590193805314,0.08279605828691408
50055,0.1488842097208619,4157.403701440291,14307.80403188475,9640.090107576394,4667.713924308357,0.08244792967918103
50060,0.1488990817825661,4127.145343519976,14353.678932451117,9639.470232887645,4714.208699563473,0.08209707888196857
50065,0.1489139538442703,4092.823173225328,14397.8621820976,9635.463569883597,4762.398612214003,0.0817433895641051
50070,0.14892882590597453,4054.5618519626987,14440.27511603234,9628.740923473348,4811.534192558993,0.08138674685537053
50075,0.14894369796767873,4012.5647897724175,14480.893762015457,9620.082413005894,4860.811349009564,0.08102705149699914
50080,0.14895857002938295,3967.1850771839836,14519.747801302206,9610.351169423528,4909.396631878679,0.08066423378530968
50085,0.14897344209108715,3918.9780053288123,14556.919632865187,9600.461185192777,4956.45844767241,0.08029826561609608
50090,0.14898831415279137,3868.72652539356,14592.54334128876,9591.340636506673,5001.202704782087,0.07992916910203429
50095,0.1490031862144956,3817.4351950864148,14626.803032559592,9583.892567402583,5042.910465157009,0.07955702061554136
50100,0.1490180582761998,3766.293023021428,14659.929835688183,9578.955175218516,5080.974660469667,0.07918194965715321
50105,0.14903293033790402,3716.6101182139064,14692.196885424946,9577.264042414201,5114.932843010745,0.07880413258358135
50110,0.14904780239960821,3669.7364194223137,14723.911772146244,9579.418541161976,5144.493230984268,0.07842378185349241
50115,0.14906267446131244,3626.972698593834,14755.406215356457,9585.854337515311,5169.551877841146,0.07804113197522916
50120,0.14907754652301664,3589.484575891989,14787.023031378683,9596.823494348791,5190.199537029892,0.07765642370976675
50125,0.14909241858472086,3558.2296998770944,14819.100781834397,9612.383175057501,5206.717606776896,0.07726988826599944
50130,0.14910729064642506,3533.906732907293,14851.95678387323,9632.393443221754,5219.563340651475,0.0768817332164138
50135,0.14912216270812928,3516.9323793352796,14885.869424515913,9656.524187906087,5229.345236609826,0.0764921316611818
50140,0.14913703476983348,3507.4493737032662,14921.060939357369,9684.270805031509,5236.79013432586,0.07610121578818285
50145,0.1491519068315377,3505.364226006348,14957.681970869884,9714.97791965294,5242.704051216944,0.07570907544477366
50150,0.14916677889324192,3510.4090596478527,14995.799283565195,9747.870098590676,5247.929184974519,0.07532108915084218
50155,0.14918165095494612,3522.217889806483,15035.387947498857,9782.088133242049,5253.2998142568085,0.07533385040665548
50160,0.14919652301665035,3540.405132095222,15076.329079425099,9816.729063358312,5259.600016066786,0.07534362095976313
50165,0.14921139507835454,3564.63374516409,15118.41384125199,9850.887724009732,5267.526117242258,0.075350584740701
50170,0.14922626714005877,3594.662406073143,15161.353853654595,9883.697345039896,5277.656508614698,0.07535493586301568
50175,0.14924113920176296,3630.365070432945,15204.79753589234,9914.366737807917,5290.430798084422,0.07535686487583756
50180,0.1492560112634672,3671.721284210298,15248.351209663968,9942.211936182508,5306.13927348146,0.07535654534444355
50185,0.14927088332517138,3718.7806452017358,15291.603206853344,9966.6807883253,5324.922418528044,0.07536945952252454
50190,0.1492857553868756,3771.608961737049,15334.148804726707,9987.369796529812,5346.779008196894,0.07538645890071166
50195,0.1493006274485798,3830.226310695951,15375.613664181608,10004.03329497689,5371.5803692047175,0.0754010547209833
50200,0.14931549951028403,3894.548013619833,15415.673610262802,10016.58567155094,5399.087938711862,0.07541328341808728
50205,0.14933037157198825,3964.3384199090015,15454.06905648032,10025.09767828472,5428.971378195602,0.0754231395567767
50210,0.14934524363369245,4039.18448157694,15490.61306859841,10029.787925250363,5460.825143348047,0.07543058405844191
50215,0.14936011569539667,4118.491975007899,15525.192883885273,10031.01048705795,5494.182396827322,0.07543555560388072
50220,0.14937498775710087,4201.502799335518,15557.76552458305,10029.239289389612,5528.526235193438,0.07545253790284552
50225,0.1493898598188051,4287.328146900227,15588.348846850053,10025.049708737946,5563.299138112106,0.07547256399495945
50230,0.1494047318805093,4374.9903634698,15617.009842582298,10019.097698845866,5597.912143736432,0.07548936124961855
50235,0.1494196039422135,4463.4662946991775,15643.852185491607,10012.096779627414,5631.755405864193,0.07550290367323452
50240,0.1494344760039177,4551.726504570248,15669.00485317558,10004.793355489137,5664.211497686443,0.07551319534959383
50245,0.14944934806562193,4638.767179725821,15692.613189281645,9997.94099886001,5694.672190421636,0.07552027059444648
50250,0.14946422012732613,4723.6339759666025,15714.833081695402,9992.274469093009,5722.558612602394,0.07552418963378928
50255,0.14947909218903035,4805.438937611832,15735.828163574139,9988.484297095014,5747.343866479125,0.07552722437357046
50260,0.14949396425073458,4883.372675678924,15755.769257883869,9987.192759286387,5768.576498597482,0.07554367523597656
50265,0.14950883631243878,4956.714224645515,15774.834831585136,9988.932031209735,5785.902800375401,0.07555672907677698
50270,0.149523708374143,5024.840528798355,15793.211095882383,9994.125292432956,5799.085803449427,0.07556652262351407
50275,0.1495385804358472,5087.236518813345,15811.090595351525,10003.071560202754,5808.019035148771,0.0755731815423459
50280,0.14955345249755142,5143.505478898547,15828.668598347198,10015.935026848769,5812.733571498429,0.07557681466048155
50285,0.14956832455925562,5193.378215382929,15846.137199245399,10032.73960438927,5813.397594856129,0.07557751153465174
50290,0.14958319662095984,5236.7188014600215,15863.677613646278,10053.369182683346,5810.308430962932,0.07557534329591205
50295,0.14959806868266404,5273.524691001993,15881.4515568989,10077.57376502041,5803.877791878491,0.0755707043870058
50300,0.14961294074436826,5303.919840336645,15899.592766616537,10104.981191683808,5794.611574932729,0.07558141589762181
50305,0.14962781280607246,5328.140909623459,15918.19965462297,10135.113682361238,5783.0859722617315,0.07558930009750779
50310,0.14964268486777668,5346.518120728093,15937.32981046535,10167.408033112946,5769.921777352403,0.0755944368026046
50315,0.1496575569294809,5359.453314431614,15956.996724921517,10201.238092815704,5755.758632105813,0.07559962761929652
50320,0.1496724289911851,5367.397729149389,15977.16876318881,10235.938168405944,5741.230594782866,0.07560075656815557
50325,0.14968730105288933,5370.830965633465,15997.770175509406,10270.82624533079,5726.943930178615,0.07559407957807672
50330,0.14970217311459352,5370.240938032904,16018.68382559801,10305.226268082413,5713.457557515596,0.07558892263694815
50335,0.14971704517629775,5366.103105947668,16039.755332945926,10338.489081812746,5701.26625113318,0.07558901184549652
50340,0.14973191723800194,5358.85669803261,16060.798414673309,10370.011887141742,5690.786527531567,0.07559876518446172
50345,0.14974678929970617,5348.87637011512,16081.601310833314,10399.256167577032,5682.3451432562815,0.07560594522921048
50350,0.14976166136141036,5336.43962594511,16101.934226903328,10425.764044236508,5676.1701826668195,0.07561054921543522
50355,0.1497765334231146,5321.692741219085,16121.557697880353,10449.17296580912,5672.384732071232,0.07561255817997241
50360,0.14979140548481878,5304.620098796906,16140.231673157301,10469.228609706963,5671.003063450338,0.07561193614195451
50365,0.149806277546523,5285.02316931844,16157.724973956882,10485.795859087653,5671.929114869228,0.07560862992149807
50370,0.14982114960822723,5262.515575354921,16173.824638049593,10498.867683090044,5674.956954959549,0.07560595198339526
50375,0.14983602166993143,5236.5397163293255,16188.344593866892,10508.571619455011,5679.772974411881,0.07561706912709991
50380,0.14985089373163565,5206.408343813562,16201.133135211501,10515.173307224692,5685.95982798681,0.07562504992167003
50385,0.14986576579333985,5171.371325720985,16212.078803798764,10519.076180021966,5693.002623776798,0.07562985583253433
50390,0.14988063785504407,5130.703820082542,16221.11449697536,10520.816120235773,5700.298376739587,0.0756314533479185
50395,0.14989550991674827,5083.807695975381,16228.219838748422,10521.049746313382,5707.170092435041,0.0756298173541685
50400,0.1499103819784525,5030.314147473478,16233.422010514994,10520.535198698642,5712.886811816352,0.07562493391393639
50405,0.1499252540401567,4970.173080861375,16236.795278698797,10520.104868578537,5716.69041012026,0.07562057997382048
50410,0.14994012610186092,4903.714879390103,16238.459367008592,10520.63042941569,5717.828937592902,0.07563050798676627
50415,0.1499549981635651,4831.672913933883,16238.576639348206,10522.981627929235,5715.595011418971,0.07563725055477233
50420,0.14996987022526934,4755.160345810133,16237.347863945017,10527.981347460778,5709.366516484239,0.07564086047747753
50425,0.14998474228697356,4675.601430745659,16235.006211049857,10536.360251032553,5698.645960017304,0.07564137452083365
50430,0.14999961434867776,4594.624410451614,16231.809165665562,10548.714682708796,5683.094482956765,0.07563880493710218
50435,0.15001448641038198,4513.928891313059,16228.028234754316,10565.471386853691,5662.556847900625,0.07563313310344483
50440,0.15002935847208618,4435.144369525255,16223.936658333883,10586.862024660002,5637.074633673881,0.07564114434434634
50445,0.1500442305337904,4359.697755478082,16219.795711587327,10612.909529626182,5606.886181961145,0.0756523428344985
50450,0.1500591025954946,4288.7063749307035,16215.840507807387,10643.427197459108,5572.413310348278,0.07566013970559743
50455,0.15007397465719882,4222.9093881813515,16212.266393882239,10678.030217420974,5534.236176461265,0.07566438985440174
50460,0.15008884671890302,4162.645514973148,16209.217030032707,10716.158281897819,5493.058748134888,0.07566510869254237
50465,0.15010371878060724,4107.879101990384,16206.775077402708,10757.107090742238,5449.66798666047,0.07567632604711134
50470,0.15011859084231144,4058.2706241165633,16204.956138416293,10800.066077783002,5404.890060633292,0.0756842553295413
50475,0.15013346290401566,4013.2823257080163,16203.706282447527,10844.15954276227,5359.546739685256,0.0756888070946349
50480,0.1501483349657199,3972.305482175727,16202.903211625153,10888.488520337889,5314.414691287264,0.07571108835481419
50485,0.15016320702742408,3934.7931958811278,16202.36091865033,10932.171062016097,5270.189856634233,0.07572942559281727
50490,0.1501780790891283,3900.3820623690663,16201.837564699747,10974.379044235067,5227.458520464679,0.07574384737535711
50495,0.1501929511508325,3868.9875267459684,16201.04623439479,11014.370072445592,5186.676161949197,0.07575451057666129
50500,0.15020782321253673,3840.8610769305324,16199.66816374833,11051.513495894693,5148.154667853638,0.07576163293124123
50505,0.15022269527424092,3816.6021163580535,16197.36794612944,11085.309980346296,5112.057965783144,0.07576547901263286
50510,0.15023756733594515,3797.1228014169974,16193.810082238653,11115.404507919658,5078.405574318995,0.07577966507028026
50515,0.15025243939764935,3783.5696707520983,16188.676066489514,11141.59306568074,5047.083000808774,0.07579723949168332
50520,0.15026731145935357,3777.210941628575,16181.681037252622,11163.823603889296,5017.857433363326,0.07581170686689445
50525,0.15028218352105777,3779.302374179304,16172.588918663672,11182.192038563986,4990.396880099686,0.07582337674766729
50530,0.150297055582762,3790.9471252063013,16161.22499453902,11196.93410534601,4964.290889193009,0.07583253364023688
50535,0.15031192764446621,3812.965621194926,16147.484999456652,11208.41374355271,4939.071255903942,0.07583942702479134
50540,0.1503267997061704,3845.7899625299233,16131.340073840032,11217.10844531731,4914.2316285227225,0.0758442642595069
50545,0.15034167176787464,3889.393872873148,16112.837269219785,11223.591725073451,4889.2455441463335,0.07585881948120003
50550,0.15035654382957883,3943.2643221378094,16092.095658209968,11228.512646233066,4863.583011976902,0.07587728031375073
50555,0.15037141589128306,4006.4156194567186,16069.29845717698,11232.572273025029,4836.72618415195,0.07589336574222634
50560,0.15038628795298725,4077.442000900868,16044.681873711179,11236.497050141214,4808.184823569965,0.07590714866824547
50565,0.15040116001469148,4154.601258251612,16018.521618206782,11241.009451035454,4777.512167171328,0.07591867269332464
50570,0.15041603207639567,4235.92001943739,15991.11814519934,11246.796717566298,4744.321427633042,0.07592795895285574
50575,0.1504309041380999,4319.310690779332,15962.781697712308,11254.479033069156,4708.302664643152,0.07593501290405949
50580,0.1504457761998041,4402.69036581955,15933.818113926267,11264.578906334715,4669.239207591552,0.07593983034341133
50585,0.15046064826150832,4484.092787236272,15904.516141023782,11277.493794514976,4627.022346508806,0.0759551698758187
50590,0.15047552032321254,4561.765497336302,15875.136732184636,11293.474004274332,4581.662727910303,0.0759712582289406
50595,0.15049039238491674,4634.245593018041,15845.904539462073,11312.60767985698,4533.296859605094,0.0759847431546673
50600,0.15050526444662096,4700.409059676407,15817.001612100148,11334.814249963054,4482.187362137094,0.07599567405285051
50605,0.15052013650832516,4759.49052821183,15788.563196390447,11359.847116716075,4428.716079674372,0.07600409638243256
50610,0.15053500857002938,4811.0724652356475,15760.675505329098,11387.305688603476,4373.3698167256225,0.07601004790477305
50615,0.15054988063173358,4855.045216320623,15733.37535163461,11416.656143934215,4316.719207700395,0.07601355451424131
50620,0.1505647526934378,4891.541892585687,15706.65157199985,11447.259622263018,4259.3919497368315,0.07601462631040024
50625,0.150579624755142,4920.854672725351,15680.448177139708,11478.405939205222,4202.0422379344855,0.0760254884192679
50630,0.15059449681684622,4943.341419350155,15654.66912553798,11509.350463386721,4145.318662151258,0.07603833228895987
50635,0.15060936887855042,4959.333174737487,15629.184545821794,11539.351533728483,4089.8330120933115,0.07604856283758887
50640,0.15062424094025464,4969.053621448225,15603.838146005972,11567.705770891422,4036.13237511455,0.07605612652369602
50645,0.15063911300195887,4972.56055022005,15578.455473505528,11593.778872625835,3984.676600879693,0.07606094792392737
50650,0.15065398506366307,4969.716613575467,15552.85264693479,11617.02997718874,3935.8226697460505,0.07606293510731867
50655,0.1506688571253673,4960.1924208543705,15526.845175896296,11637.028389857971,3889.8167860383255,0.07606198598583591
50660,0.15068372918707149,4943.500063191983,15500.256512576683,11653.462304360717,3846.794208215966,0.0760640258199704
50665,0.1506986012487757,4919.050467018146,15472.926025527207,11666.13998409723,3806.7860414299776,0.07607500227945424
50670,0.1507134733104799,4886.224591316006,15444.7161363062,11674.98455977609,3769.73157653011,0.076082500051153
50675,0.15072834537218413,4844.447109629305,15415.518402380374,11680.02404630291,3735.4943560774645,0.07608642853989997
50680,0.15074321743388833,4793.2520121295465,15385.258360894928,11681.378343133243,3703.880017761685,0.07608671906888283
50685,0.15075808949559255,4732.332150300469,15353.898971425977,11679.244888607162,3674.6540828188154,0.07608332710445034
50690,0.15077296155729675,4661.568418205541,15321.442520744922,11673.88436497166,3647.558155773262,0.07607623216125602
50695,0.15078783361900097,4581.038240748037,15287.930889070507,11665.607479138644,3622.3234099318634,0.07607156967057381
50700,0.1508027056807052,4491.006642814362,15253.44413222067,11654.763434246714,3598.680697973956,0.07607559850798833
50705,0.1508175777424094,4391.9058647968795,15218.097408252599,11641.730288269217,3576.3671199833825,0.07607574290247399
50710,0.15083244980411362,4284.310845331125,15182.036364980331,11626.906983795123,3555.1293811852083,0.07607210015378632
50715,0.1508473218658178,4168.917629077248,15145.431195914924,11610.706455132675,3534.724740782249,0.07606478026678692
50720,0.15086219392752204,4046.529851765361,15108.46965465933,11593.548930829686,3514.920723829644,0.0760539011643323
50725,0.15087706598922623,3918.0552643064602,15071.34938109125,11575.854429610754,3495.4949514804957,0.07603958528002877
50730,0.15089193805093046,3784.5105290492393,15034.26992977997,11558.033565962596,3476.236363817374,0.07603243143727174
50735,0.15090681011263465,3647.0292173168364,14997.42489974283,11540.476161309605,3456.948738433224,0.07603135925837474
50740,0.15092168217433888,3506.865943378405,14960.994546971922,11523.537744680101,3437.456802291821,0.07602719670882482
50745,0.15093655423604307,3365.3894179935887,14925.139222194595,11507.524693826583,3417.6145283680125,0.07602009478420894
50750,0.1509514262977473,3224.058931961148,14889.99392128876,11492.679343453268,3397.314577835492,0.07601019160756581
50755,0.15096629835945152,3084.381960440118,14855.664168204026,11479.166716324291,3376.4974518797353,0.07599760764206533
50760,0.15098117042115572,2947.8544785730483,14822.223370890566,11467.064529814568,3355.1588410759978,0.07598648513730423
50765,0.15099604248285994,2815.8893612686716,14789.711699102925,11456.357805059066,3333.3538940438593,0.07599039267433846
50770,0.15101091454456414,2689.741156868853,14758.136429678741,11446.93885298719,3311.197576691551,0.07599172276854553
50775,0.15102578660626836,2570.4370544533504,14727.473595080286,11438.61276945301,3288.8608256272764,0.07599046673261754
50780,0.15104065866797256,2458.7237820692353,14697.670665989544,11431.107972990281,3266.562692999263,0.07598658070693953
50785,0.15105553072967678,2355.038540829375,14668.649916270942,11424.090855337967,3244.5590609329756,0.07597999117193675
50790,0.15107040279138098,2259.5091875328053,14640.31208061447,11417.18332692567,3223.128753688801,0.07597426916875748
50795,0.1510852748530852,2171.985158956142,14612.539941699375,11409.98192457474,3202.5580171246347,0.07598446605391047
50800,0.1511001469147894,2092.096591078065,14585.201585340828,11402.077179860215,3183.124405480614,0.0759913217944856
50805,0.15111501897649363,2019.3352629302826,14558.153231393975,11393.07208765443,3165.081143739546,0.07599472729257956
50810,0.15112989103819785,1953.1479158648144,14531.24175626379,11382.598728752186,3148.6430275116036,0.0759946016893279
50815,0.15114476309990205,1893.0306263795446,14504.307222410524,11370.332354997026,3133.974867413497,0.0759908987025095
50820,0.15115963516160627,1838.612548834455,14477.18586722061,11356.002512077279,3121.183355143332,0.07598540584409869
50825,0.15117450722331047,1789.718556758704,14449.714032253903,11339.401032507723,3110.31299974618,0.07599666644538901
50830,0.1511893792850147,1746.4028884825057,14421.733411081717,11320.386963445664,3101.346447636053,0.07600394878211895
50835,0.1512042513467189,1708.9494203460763,14393.097767386562,11298.8886888256,3094.2090785609616,0.07600733557004336
50840,0.1512191234084231,1677.8381351833814,14363.680963204632,11274.903652110834,3088.777311093798,0.07600692103602545
50845,0.1512339954701273,1653.6812497809406,14333.38580133048,11248.496173838892,3084.889627491588,0.07600971531865834
50850,0.15124886753183153,1637.1359374167205,14302.152895116482,11219.793876884325,3082.359018232157,0.07601266193341201
50855,0.15126373959353573,1628.8033364268922,14269.968593448664,11188.9831748626,3080.985418586064,0.0760133634500723
50860,0.15127861165523995,1629.125302946246,14236.870944722154,11156.304145400774,3080.566799321379,0.0760287124457285
50865,0.15129348371694418,1638.2908835759972,14202.952786103524,11122.044912427315,3080.9078736762094,0.07604006754826993
50870,0.15130835577864837,1656.1635608481865,14168.361269921916,11086.535429638625,3081.8258402832907,0.07604747682880807
50875,0.1513232278403526,1682.2379618135765,14133.293448573097,11050.140339069656,3083.1531095034406,0.076050956047208
50880,0.1513380999020568,1715.6312039420882,14097.987893201316,11013.250435830361,3084.737457370955,0.07605049319951618
50885,0.15135297196376102,1755.109940442706,14062.712689421249,10976.27226284418,3086.440426577068,0.0760460559729374
50890,0.15136784402546521,1799.150146409831,14027.750513933323,10939.61552509802,3088.1349888353034,0.07603760133276677
50895,0.15138271608716944,1846.023361788586,13993.381826693823,10903.678345269425,3089.703481424398,0.07604268849089967
50900,0.15139758814887364,1893.900825714467,13959.867480203284,10868.83082296006,3091.036657243223,0.07604371206361375
50905,0.15141246021057786,1940.9657452778974,13927.432203296894,10835.397808114181,3092.0343951827126,0.07604005040559268
50910,0.15142733227228206,1985.5236798009992,13896.250412757943,10803.642144107649,3092.608268650294,0.0760317556713192
50915,0.15144220433398628,2026.1014843131215,13866.435613044152,10773.749792353361,3092.685820690791,0.07601891841424342
50920,0.1514570763956905,2061.5263207170938,13838.034271944578,10745.818186891465,3092.2160850531127,0.07600167052353159
50925,0.1514719484573947,2090.977893507654,13811.024561942371,10719.848912830625,3091.1756491117467,0.07598018443861194
50930,0.15148682051909892,2114.00930844542,13785.319819525477,10695.745426200177,3089.5743933252998,0.0759645485636446
50935,0.15150169258080312,2130.534722254717,13760.776091435802,10673.316114912715,3087.459976523087,0.07595258242821624
50940,0.15151656464250735,2140.785053239664,13737.202783648294,10652.282604423579,3084.920179224715,0.07593659778697891
50945,0.15153143670421154,2145.2361523681157,13714.375247294287,10632.292870087966,3082.0823772063213,0.07591688325418096
50950,0.15154630876591577,2144.516653537983,13692.048130606492,10612.938434826117,3079.1096957803748,0.07589371687065513
50955,0.15156118082761996,2139.3049316963825,13669.968472609622,10593.77469157684,3076.1937810327818,0.0758673525008086
50960,0.1515760528893242,2130.2259682524073,13647.887769207628,10574.343178739364,3073.544590468264,0.07583800851181915
50965,0.15159092495102838,2117.759280070155,13625.57255199959,10554.194449757897,3071.3781022416933,0.07580817057551387
50970,0.1516057970127326,2102.168267799225,13602.81332697291,10532.910035639841,3069.9032913330684,0.07579101791044787
50975,0.15162066907443683,2083.4592833473,13579.431969031499,10510.12194785889,3069.3100211726087,0.07577086027003696
50980,0.15163554113614103,2061.375425035654,13555.287814624584,10485.528268729011,3069.759545895573,0.07574776129328031
50985,0.15165041319784525,2035.4257845950196,13530.282715283263,10458.903674314546,3071.379040968717,0.07572175330850642
50990,0.15166528525954945,2004.9461283826913,13504.365214815129,10430.104236237925,3074.260978577204,0.07569284862540739
50995,0.15168015732125367,1969.1825852073252,13477.533827784438,10399.066498200806,3078.467329583633,0.07566105130302542
51000,0.15169502938295787,1927.3867020756534,13449.839184143917,10365.801511241789,3084.037672902128,0.07562636774719425
51005,0.1517099014446621,1878.9088987203759,13421.38462935944,10330.385104940322,3090.9995244191177,0.07560511996014178
51010,0.1517247735063663,1823.2781691816344,13392.324785736822,10292.946051731657,3099.378734005166,0.07558237646502311
51015,0.1517396455680705,1760.2586147998863,13362.861619773035,10253.653879164645,3109.20774060839,0.07555648257715142
51020,0.1517545176297747,1689.8774227503582,13333.237722903217,10212.707894006659,3120.5298288965587,0.07552754309600472
51025,0.15176938969147893,1612.4234240475598,13303.726772186072,10170.328552303394,3133.398219882678,0.07549567682330455
51030,0.15178426175318316,1528.4196004304522,13274.621447558142,10126.751726860615,3147.8697206975266,0.0754610082909328
51035,0.15179913381488735,1438.5762382581397,13246.21939018878,10082.225788866279,3163.9936013225015,0.07542365848545951
51040,0.15181400587659158,1343.7334189088906,13218.808042109664,10037.010833081613,3181.797209028051,0.07540047713540289
51045,0.15182887793829578,1244.801967553536,13192.64937174137,9991.378925742065,3201.2704459993056,0.07537665146587645
51050,0.15184375,1142.7108832381964,13167.96554024253,9945.614014108372,3222.351526134158,0.07535024612386342
51055,0.1518586220617042,1038.3669498875606,13144.926495582986,9900.01015481077,3244.9163407722153,0.07532134437503325
51060,0.15187349412340842,932.6292340628261,13123.640309341892,9854.867005635782,3268.77330370611,0.07528999740476336
51065,0.15188836618511262,826.2981766419998,13104.146826053617,9810.482043388514,3293.6647826651024,0.07525622586321419
51070,0.15190323824681684,720.1165710482419,13086.414917255035,9767.13962670141,3319.2752905536254,0.07522646111531416
51075,0.15191811030852104,614.778246916103,13070.343364747137,9725.09768441655,3345.2456803305868,0.075208301030579
51080,0.15193298237022526,510.93981812837046,13055.765174690718,9684.573335262714,3371.1918394280037,0.07518748568145094
51085,0.15194785443192949,409.23125705599523,13042.454964896597,9645.729022310114,3396.725942586483,0.0751639547734194
51090,0.15196272649363368,310.2620634382092,13030.138971945811,9608.660731175863,3421.4782407699477,0.0751376276926128
51095,0.1519775985553379,214.6211452173684,13018.507175577832,9573.389586929097,3445.1175886487345,0.07516548039240412
51100,0.1519924706170421,122.87000835352228,13007.227008753001,9539.857684293827,3467.369324459174,0.07532849459256477
51105,0.15200734267874633,35.530299671960165,12995.958087349876,9507.92851369234,3488.0295736575354,0.07549482202805052
51110,0.15202221474045052,-46.93198803601081,12984.36733818286,9477.391896534456,3506.975441648403,0.0756634307798907
51115,0.15203708680215475,-124.12242114101173,12972.143829839055,9447.972986120274,3524.170843718781,0.07583315091746617
51120,0.15205195886385894,-195.7305191444484,12959.012538341301,9419.344629488985,3539.667908852316,0.07600269818687261
51125,0.15206683092556317,-261.5352948553591,12944.74624411505,9391.14220059397,3553.60404352108,0.07617069957224726
51130,0.15208170298726736,-321.40159771699473,12929.174797517278,9362.979889665205,3566.194907852074,0.0763357193069969
51135,0.1520965750489716,-375.2665266185595,12912.191135794716,9334.467371775358,3577.723764019358,0.07649628377045996
51140,0.1521114471106758,-423.11711627821023,12893.75368851157,9305.225803837817,3588.527884673753,0.07665090360694342
51145,0.15212631917238,-464.9623716510978,12873.885142535757,9274.902240455123,3598.9829020806337,0.07679809143525576
51150,0.15214119123408423,-500.8041259514812,12852.667894458731,9243.181821667415,3609.4860727913165,0.07693637378537141
51155,0.15215606329578843,-530.6118364886188,12830.236827094071,9209.797439155029,3620.4393879390427,0.0770642964813923
51160,0.15217093535749265,-554.3061921171502,12806.770244537289,9174.53696508772,3632.2332794495687,0.07718042357871284
51165,0.15218580741919685,-571.7553450004125,12782.479851465252,9137.248444602345,3645.2314068629075,0.07728333103937236
51170,0.15220067948090107,-582.7858716078172,12757.600568856436,9097.84383391256,3659.756734943876,0.07737159737732172
51175,0.15221555154260527,-587.2084401040684,12732.380777698787,9056.301870834372,3676.0789068644153,0.07754592517772389
51180,0.1522304236043095,-584.855866259868,12707.073334650615,9012.670498012985,3694.4028366376297,0.07771687363569006
51185,0.1522452956660137,-575.6290750949556,12681.927472683712,8967.068965084518,3714.858507599194,0.0778764049263257
51190,0.15226016772771792,-559.5448101493912,12657.181534105357,8919.689379803141,3737.4921543022156,0.07802281671223832
51195,0.15227503978942214,-536.7781288083879,12633.056404495972,8870.797129269808,3762.2592752261644,0.07815438102652109
51200,0.15228991185112634,-507.69307824552925,12609.749516403297,8820.729314430188,3789.0202019731096,0.0782693607378112
51205,0.15230478391283056,-472.8565094442765,12587.429342310188,8769.89019046107,3817.539151849118,0.07836602685429651
51210,0.15231965597453476,-433.03247459088925,12566.230362985609,8718.742632074793,3847.487730910816,0.07844267606745432
51215,0.15233452803623898,-389.15750298087914,12546.248554907062,8667.794882946911,3878.453671960151,0.07849764862989413
51220,0.15234940009794318,-342.29960339384525,12527.537482665792,8617.582311322867,3909.9551713429246,0.0785293473730317
51225,0.1523642721596474,-293.6055834459221,12510.10511952944,8568.644541595508,3941.4605779339327,0.07853625913871917
51230,0.1523791442213516,-244.24202080214673,12493.91156757551,8521.499070254875,3972.4124973206344,0.07851697993324383
51235,0.15239401628305582,-195.33512938828244,12478.867915212,8476.613164122255,4002.2547510897457,0.07847024464383527
51240,0.15240888834476002,-147.91421314516265,12464.83654399088,8434.376326600915,4030.460217389964,0.07839496125481832
51245,0.15242376040646424,-102.86276668375467,12451.633251458346,8395.075784588322,4056.5574668700247,0.07829024834082512
51250,0.15243863246816847,-60.880762600205344,12439.031559067214,8358.87724819208,4080.154310875134,0.07815547343780085
51255,0.15245350452987266,-22.46121494453837,12426.76949800001,8325.812669981478,4100.956828018532,0.0779902889431075
51260,0.1524683765915769,12.1164824493153,12414.559002532898,8295.77599591419,4118.783006618709,0.07779466167187916
51265,0.15248324865328108,42.774904371850425,12402.09780183977,8268.527106567477,4133.570695272294,0.07756889221362182
51270,0.1524981207149853,69.60852939493816,12389.083415223555,8243.703433587958,4145.379981635597,0.07731362080932727
51275,0.1525129927766895,92.83700439994573,12375.228561570497,8220.838194540613,4154.390367029884,0.07702981753274737
51280,0.15252786483839373,112.74549286498586,12360.277035405195,8199.38385123523,4160.893184169965,0.07671875597155857
51285,0.15254273690009792,129.61772837233002,12344.018923516069,8178.739240810464,4165.2796827056045,0.07638197119223909
51290,0.15255760896180215,143.66880858314835,12326.303976498004,8158.27880279265,4168.025173705354,0.07602120435737483
51295,0.15257248102350635,154.98547616848555,12307.052033932478,8137.382371515947,4169.669662416531,0.07563833777450328
51300,0.15258735308521057,163.48146486570113,12286.259632659563,8115.464081024004,4170.795551635559,0.07523532523344903
51305,0.1526022251469148,168.87433349614366,12264.002277385649,8091.99902622464,4172.003251161009,0.07481412309427536
51310,0.152617097208619,170.6880478264884,12240.432266124102,8066.546452813713,4173.8858133103895,0.07437662761319241
51315,0.15263196927032321,168.2825175347807,12215.772366092646,8038.768434782638,4177.003931310008,0.07392462338923028
51320,0.1526468413320274,160.9076747622821,12190.305956410695,8008.443261339323,4181.862695071372,0.0739164574614248
51325,0.15266171339373164,147.77603610404913,12164.364441709931,7975.473091516494,4188.891350193438,0.0739418088958512
51330,0.15267658545543583,128.14471094839428,12138.312781923716,7939.885814013384,4198.426967910332,0.07393408291326209
51335,0.15269145751714006,101.39616085092712,12112.533904047435,7901.831420368528,4210.702483678908,0.07389564237613576
51340,0.15270632957884425,67.10708320591948,12087.412617781822,7861.573505279739,4225.839112502083,0.07382916051660371
51345,0.15272120164054848,25.096602259112842,12063.31951524127,7819.4767054271515,4243.8428098141185,0.07373746607188533
51350,0.15273607370225267,-24.55187528373608,12040.595251068507,7775.990959891865,4264.604291176643,0.07362339124301918
51355,0.1527509457639569,-81.4968735019138,12019.535600973992,7731.633432840073,4287.902168133919,0.07348963745762327
51360,0.15276581782566112,-145.17091180227544,12000.377776660413,7686.968818594212,4313.4089580662,0.07357924265896776
51365,0.15278068988736532,-214.83281789337343,11983.28859520212,7642.5886000211085,4340.699995181012,0.07377334754517596
51370,0.15279556194906954,-289.63231860957603,11968.355205287407,7599.089703726093,4369.2655015613145,0.07392487597546986
51375,0.15281043401077374,-368.67786333679214,11955.579105011318,7557.052930180682,4398.526174830637,0.07403642210475482
51380,0.15282530607247796,-451.09893509308495,11944.874106184789,7517.021556046056,4427.852550138733,0.07411091251972063
51385,0.15284017813418216,-536.0956459680765,11936.068696068058,7479.480609756011,4456.5880863120465,0.07415149870136574
51390,0.15285505019588638,-622.9708531452543,11928.91293786607,7444.837486070648,4484.075451795421,0.07416145156342921
51395,0.15286992225759058,-711.1428856272505,11923.08968102335,7413.404745065804,4509.684935957546,0.07414405903901386
51400,0.1528847943192948,-800.1397408055454,11918.229480568561,7385.386074889915,4532.843405678646,0.07410252798302873
51405,0.152899666380999,-889.5779050922847,11913.92831063781,7360.866423223342,4553.0618874144675,0.07403989268033269
51410,0.15291453844270322,-979.130558959554,11909.76694650141,7339.807174372322,4569.9597721290875,0.07395893338713469
51415,0.15292941050440745,-1068.490789986212,11905.330805469417,7322.046957917599,4583.283847551818,0.07386210901911365
51420,0.15294428256611164,-1157.3355979476437,11900.22907890708,7307.308256768207,4592.920822138873,0.07375150797268826
51425,0.15295915462781587,-1245.2960028241232,11894.112133174529,7295.209512407573,4598.902620766956,0.07362882004471245
51430,0.15297402668952007,-1331.937529367624,11886.686370755437,7285.281995246064,4601.404375509373,0.07349533068015747
51435,0.1529888987512243,-1416.7538230899318,11877.725983465492,7276.990396701383,4600.735586764109,0.07335193668365812
51440,0.15300377081292849,-1499.1742843730572,11867.081260378469,7269.755945821638,4597.325314556831,0.07334310549434196
51445,0.1530186428746327,-1578.5845978428515,11854.683307643993,7262.980846049547,4591.702461594446,0.07341229987043749
51450,0.1530335149363369,-1654.3571631204995,11840.545184955561,7256.072916597414,4584.472268358147,0.07345686528676469
51455,0.15304838699804113,-1725.8870084918562,11824.759570329194,7248.4694427155055,4576.290127613688,0.07347834934509989
51460,0.15306325905974533,-1792.628050415873,11807.493151131448,7239.6593395856125,4567.8338115458355,0.07347798030557788
51465,0.15307813112144955,-1854.124683578515,11788.978030137798,7229.202800118553,4559.775230019245,0.07345669817203954
51470,0.15309300318315378,-1910.0346103381326,11769.500549338767,7216.747650311703,4552.752899027064,0.07341518791342357
51475,0.15310787524485797,-1960.140343660516,11749.388072018313,7202.041722863645,4547.346349154668,0.07335391162570741
51480,0.1531227473065622,-2004.348642779898,11728.994403946721,7184.940723909505,4544.053680037216,0.07327313842673044
51485,0.1531376193682664,-2042.6789502153606,11708.684639458226,7165.41132535289,4543.273314105336,0.07317297248304495
51490,0.15315249142997062,-2075.2434288482764,11688.820248127382,7143.529543570436,4545.290704556946,0.07305338058782954
51495,0.1531673634916748,-2102.222257828682,11669.745149373994,7119.4748076577325,4550.270341716261,0.07291422106250234
51500,0.15318223555337904,-2123.8383055969152,11651.773361139169,7093.520406497053,4558.252954642116,0.07275527547317395
51505,0.15319710761508323,-2140.335075950352,11635.178590613341,7066.0211744539065,4569.157416159434,0.072748424989992
51510,0.15321197967678746,-2151.9609139694803,11620.185914253072,7037.39930175574,4582.786612497332,0.07273891144843507
51515,0.15322685173849165,-2158.96099069087,11606.965525082396,7008.129046407063,4598.836478675334,0.0726997512253214
51520,0.15324172380019588,-2161.5768581017182,11595.628442120551,6978.7209204442825,4616.9075216762685,0.07263138438123071
51525,0.1532565958619001,-2160.0518124458977,11586.224083373983,6949.705682572671,4636.518400801312,0.07253415637573377
51530,0.1532714679236043,-2154.6393566516217,11578.73967290006,6921.618251818632,4657.121421081427,0.0724083409301205
51535,0.15328633998530852,-2145.611965193455,11573.101536367576,6894.98151290152,4678.120023466056,0.07225417138841699
51540,0.15330121204701272,-2133.2680718159972,11569.17838758461,6870.289947401885,4698.888440182725,0.0721701265367792
51545,0.15331608410871694,-2117.936361195696,11566.78668488364,6847.9931095855645,4718.793575298076,0.07212857095384498
51550,0.15333095617042114,-2099.977538270972,11565.698032349725,6828.479163930131,4737.2188684195935,0.07208359320702892
51555,0.15334582823212536,-2079.7843413462106,11565.648437631791,6812.058979362174,4753.589458269617,0.07204508274730975
51560,0.15336070029382956,-2057.7804969361896,11566.349057465626,6798.951573865635,4767.397483599992,0.07201380388966562
51565,0.15337557235553378,-2034.4187480603196,11567.497911394845,6789.271945178479,4778.225966216366,0.07197834861056997
51570,0.15339044441723798,-2010.1774030300294,11568.79195992068,6783.022431129079,4785.7695287916,0.07193917037037133
51575,0.1534053164789422,-1985.5544479439086,11569.938940276978,6780.088663052223,4789.850277224755,0.07189672593618676
51580,0.15342018854064643,-1961.0583823510933,11570.668423524969,6780.240898931904,4790.427524593065,0.07185146388697972
51585,0.15343506060235063,-1937.1955728401208,11570.741676525047,6783.141093021294,4787.600583503753,0.07180381249545462
51590,0.15344993266405485,-1914.45486830128,11569.960050787264,6788.355559742818,4781.604491044446,0.07175736159088761
51595,0.15346480472575905,-1893.2911803401676,11568.171747586419,6795.372618752398,4772.799128834021,0.07172522620317512
51600,0.15347967678746327,-1874.110415457195,11565.2769018723,6803.624244204905,4761.652657667394,0.07169096645676559
51605,0.15349454884916747,-1857.258354586298,11561.230972613495,6812.510523566441,4748.720449047054,0.07165483745116563
51610,0.1535094209108717,-1843.0157298603717,11556.046422585943,6821.425654025171,4734.620768560772,0.07169196100870585
51615,0.1535242929725759,-1831.600879810172,11549.792628984107,6829.7842294874345,4720.008399496673,0.07172434282038126
51620,0.1535391650342801,-1823.1801008874718,11542.593914620138,6837.0466485507095,4705.547266069429,0.07174618631770217
51625,0.1535540370959843,-1817.8843615052829,11534.625563320174,6842.742563648695,4691.882999671479,0.07181727443733074
51630,0.15356890915768853,-1815.8296672997512,11526.107715849621,6846.49137573445,4679.616340115171,0.0719209076531766
51635,0.15358378121939276,-1817.1373483227217,11517.297151938214,6848.018864092607,4669.278287845606,0.07197175176681973
51640,0.15359865328109695,-1821.9501413090475,11508.477142252783,6847.169151326617,4661.307990926166,0.07197181807782298
51645,0.15361352534280118,-1830.440338310431,11499.945767717101,6843.911368677251,4656.0343990398505,0.07192333618454687
51650,0.15362839740450537,-1842.8074950636783,11492.00330183494,6838.340626831939,4653.662675003002,0.07214036859400007
51655,0.1536432694662096,-1859.2650775813945,11484.93938402393,6830.673212003979,4654.266172019951,0.07236253605846635
51660,0.1536581415279138,-1880.0176273816778,11479.02074505491,6821.236290309314,4657.784454745595,0.07259750814238772
51665,0.15367301358961802,-1905.2320769746966,11474.480174720697,6810.452767159626,4664.0274075610705,0.07286230380523175
51670,0.15368788565132221,-1935.0082750349666,11471.507270350281,6798.822254429596,4672.685015920685,0.07306421388222295
51675,0.15370275771302644,-1969.3542352251297,11470.241314880115,6786.899295426688,4683.342019453427,0.0732051181662521
51680,0.15371762977473064,-2008.1709721073148,11470.766449837827,6775.270057865877,4695.49639197195,0.07348606622858152
51685,0.15373250183643486,-2051.250143198389,11473.109165089527,6764.528631499932,4708.580533589595,0.07387601933697033
51690,0.15374737389813908,-2098.285396094583,11477.238037213696,6755.25389315449,4721.984144059206,0.07420114694984166
51695,0.15376224595984328,-2148.895772141943,11483.06560565896,6747.987680467795,4735.0779251911645,0.0744623535630054
51700,0.1537771180215475,-2202.6572364777385,11490.452260725227,6743.21480290968,4747.237457815548,0.07466095913261377
51705,0.1537919900832517,-2259.136840602793,11499.212005568994,6741.345259530715,4757.8667460382785,0.07480660244869308
51710,0.15380686214495592,-2317.9235037787257,11509.11992543419,6742.698951168366,4766.420974265824,0.07521338182364115
51715,0.15382173420666012,-2378.6500463344946,11519.921140480536,6747.493170329229,4772.427970151307,0.07555518252166164
51720,0.15383660626836435,-2441.0027996371346,11531.34093570454,6755.833203319558,4775.507732384982,0.07583255733829644
51725,0.15385147833006854,-2504.717506006338,11543.095666711642,6767.706450182623,4775.38921652902,0.07604662317766676
51730,0.15386635039177277,-2569.562817069569,11554.903956320184,6782.980515544048,4771.923440776136,0.07619910259056566
51735,0.15388122245347696,-2635.3149880731635,11566.497649988129,6801.405706982893,4765.091943005235,0.0765035097262701
51740,0.1538960945151812,-2701.7289227293304,11577.63200846048,6822.622268403907,4755.009740056573,0.07682988601436942
51745,0.1539109665768854,-2768.5112823830905,11588.094692183637,6846.172466370062,4741.922225813575,0.07709206367696385
51750,0.1539258386385896,-2835.300863145768,11597.713224792571,6871.517354508363,4726.1958702842085,0.07729133141132727
51755,0.15394071070029383,-2901.659999513042,11606.360786165495,6898.057704271806,4708.303081893689,0.07742962661823163
51760,0.15395558276199803,-2967.078700512672,11613.960341369968,6925.158261506977,4688.8020798629905,0.07775363384031558
51765,0.15397045482370225,-3030.991023879251,11620.487221651038,6952.174217878083,4668.313003772954,0.07804139850407209
51770,0.15398532688540645,-3092.8013186968647,11625.970309783193,6978.47861008155,4647.4916997016435,0.07826600107395235
51775,0.15400019894711067,-3151.9167649945593,11630.491938239687,7003.489291657283,4627.002646582405,0.07842893965319753
51780,0.15401507100881487,-3207.782242156981,11634.186503069139,7026.694153166108,4607.492349903031,0.07862382790797734
51785,0.1540299430705191,-3259.9138825087757,11637.237668555876,7047.673372803751,4589.564295752125,0.07891752333574878
51790,0.1540448151322233,-3307.928475662713,11639.87393706586,7066.1176339345175,4573.756303131343,0.07914825997004216
51795,0.1540596871939275,-3351.566868227673,11642.362329853895,7081.841429717477,4560.520900136418,0.07931692330443166
51800,0.15407455925563174,-3390.7103297406584,11644.999994857557,7094.790784446232,4550.209210411325,0.07942488403017647
51805,0.15408943131733593,-3425.3892926508497,11648.10372668129,7105.044966393914,4543.058760287375,0.07964475841893823
51810,0.15410430337904016,-3455.7838826106463,11651.997624699245,7112.81206101093,4539.185563688315,0.07986427566460183
51815,0.15411917544074435,-3482.215445481733,11656.999379634655,7118.418618076562,4538.580761558093,0.08002057023415018
51820,0.15413404750244858,-3505.128234947758,11663.405912040209,7122.293961069823,4541.111950970386,0.08011414712495178
51825,0.15414891956415278,-3525.060916743213,11671.479240462171,7124.95010761236,4546.5291328498115,0.0801593601125909
51830,0.154163791625857,-3542.6087073489007,11681.433505129055,7126.958539932442,4554.474965196612,0.08034756957339241
51835,0.1541786636875612,-3558.3785866628004,11693.424012382202,7128.925233137019,4564.498779245183,0.08046965916433857
51840,0.15419353574926542,-3572.941604770138,11707.539015353896,7131.465368604287,4576.073646749609,0.08052528182324624
51845,0.15420840781096962,-3586.7872659950017,11723.794740192277,7135.179033405706,4588.6157067865715,0.0806223643232052
51850,0.15422327987267384,-3600.284938428057,11742.133938422863,7140.628966714428,4601.504971708435,0.0808140153259324
51855,0.15423815193437806,-3613.6562012568993,11762.428021446714,7148.32111067418,4614.106910772534,0.0810653711614198
51860,0.15425302399608226,-3626.96036194686,11784.482627786725,7158.688408689592,4625.7942190971335,0.08134780992498072
51865,0.15426789605778649,-3640.0935626981136,11808.046292497524,7172.07801215384,4635.968280343684,0.08157072423840048
51870,0.15428276811949068,-3652.800365607699,11832.821730890168,7188.741837127978,4644.079893762189,0.08173412496086102
51875,0.1542976401811949,-3664.6956280369686,11858.479115678261,7208.830272418328,4649.6488432599335,0.08186666661287435
51880,0.1543125122428991,-3675.2938078630114,11884.670622957192,7232.388786748064,4652.2818362091275,0.08210441603082931
51885,0.15432738430460333,-3684.0424545336546,11911.045458281278,7259.357212770932,4651.688245510346,0.08227730784203376
51890,0.15434225636630752,-3690.356492499747,11937.264561862128,7289.571585316037,4647.692976546091,0.08238451550873031
51895,0.15435712842801175,-3693.650037245111,11963.014240065115,7322.768551009873,4640.245689055242,0.08242554556239726
51900,0.15437200048971594,-3693.3629891702867,11988.018078384679,7358.592501655432,4629.425576729247,0.0824557928482748
51905,0.15438687255142017,-3688.980557177356,12012.046646390276,7396.6056628981305,4615.440983492145,0.08254009624775158
51910,0.1544017446131244,-3680.045078969152,12034.924685453061,7436.301350113793,4598.623335339268,0.08255055095261933
51915,0.1544166166748286,-3666.1608202067046,12056.535649496042,7477.120467481957,4579.415182014084,0.0824866795485705
51920,0.1544314887365328,-3646.993592730205,12076.823625591014,7518.471088765086,4558.352536825928,0.08234875102027614
51925,0.154446360798237,-3622.267816976586,12095.792781629256,7559.750661626857,4536.042120002398,0.08253791510750659
51930,0.15446123285994123,-3591.7639493035995,12113.504568394132,7600.370075696798,4513.134492697333,0.08273993927233075
51935,0.15447610492164543,-3555.3189919974375,12130.07294526245,7639.7785775847915,4490.294367677658,0.08287532248706854
51940,0.15449097698334965,-3512.832168028968,12145.657908691417,7677.488336484625,4468.1695722067925,0.08299134036956235
51945,0.15450584904505385,-3464.2768721075836,12160.457590336156,7713.097375307156,4447.360215029001,0.08316255744404141
51950,0.15452072110675807,-3409.7188114370783,12174.699171225739,7746.309583305251,4428.389587920487,0.08325842397934512
51955,0.15453559316846227,-3349.338943112627,12188.628847250726,7776.950609107126,4411.6782381436,0.08327765440746582
51960,0.1545504652301665,-3283.458552254653,12202.501096024476,7804.978590033462,4397.522505991014,0.08321996398663101
51965,0.15456533729187072,-3212.5627866513987,12216.567546024824,7830.488898509238,4386.0786475155855,0.08308615896763712
51970,0.15458020935357492,-3137.318379414126,12231.065833159473,7853.7123750662595,4377.353458093214,0.08287821490888363
51975,0.15459508141527914,-3058.581328270786,12246.208929564566,7875.006864662761,4371.202064901805,0.08299220241025732
51980,0.15460995347698334,-2977.3910545570316,12262.175513463151,7894.842269131601,4367.33324433155,0.08314737124318113
51985,0.15462482553868756,-2894.9490132994897,12279.101981846106,7913.779753545473,4365.3222283006335,0.08335725011267274
51990,0.15463969760039176,-2812.581705672227,12297.076661758209,7932.446163483335,4364.630498274873,0.08348707046713066
51995,0.15465456966209598,-2731.69025432925,12316.136641673165,7951.505075321147,4364.631566352018,0.08353448144347157
52000,0.15466944172380018,-2653.690740173697,12336.267435594667,7971.62615953278,4364.641276061888,0.08349856586587774
52005,0.1546843137855044,-2579.950958793662,12357.40544214358,7993.4546434419535,4363.950798701626,0.08337998565819814
52010,0.1546991858472086,-2511.729833485916,12379.442911931807,8017.5825931077325,4361.860318824074,0.08318104383079064
52015,0.15471405790891282,-2450.125307699236,12402.234929879043,8044.523502660011,4357.711427219032,0.08331115931696045
52020,0.15472892997061705,-2396.035236430769,12425.607784917349,8074.691322797226,4350.916462120123,0.08344270968922782
52025,0.15474380203232124,-2350.133889388071,12449.368051650768,8108.384640368725,4340.983411282044,0.08349223046228187
52030,0.15475867409402547,-2312.864560194702,12473.31174507007,8145.776307887602,4327.535437182468,0.08345934276430865
52035,0.15477354615572966,-2284.446846312233,12497.233014877691,8186.908475532064,4310.324539345627,0.08337442366268775
52040,0.1547884182174339,-2264.8957386095353,12520.931996692216,8231.692734986938,4289.239261705277,0.08327493101788329
52045,0.15480329027913808,-2254.0489042878608,12544.221605755674,8279.914951280985,4264.306654474689,0.08311469309504912
52050,0.1548181623408423,-2251.5984590869675,12566.933217211577,8331.244316266779,4235.688900944799,0.08333904948104486
52055,0.1548330344025465,-2257.12395614687,12588.921301564702,8385.246168580055,4203.675132984647,0.08347180337640737
52060,0.15484790646425073,-2270.1240352833183,12610.067157577478,8441.398147048048,4168.669010529429,0.08350984189598325
52065,0.15486277852595492,-2290.044940539332,12630.28190120039,8499.109241321794,4131.172659878595,0.08345198754626498
52070,0.15487765058765915,-2316.3047611412558,12649.508834159167,8557.741256092035,4091.7675780671325,0.08329926562872074
52075,0.15489252264936337,-2348.312728870971,12667.725246457167,8616.632115848764,4051.093130608402,0.0830961072493016
52080,0.15490739471106757,-2385.483253919985,12684.943626415004,8675.120324072132,4009.823302342873,0.08323730218194732
52085,0.1549222667727718,-2427.2446792975607,12701.21218221399,8732.5697777007,3968.64240451329,0.08328344048331583
52090,0.154937138834476,-2473.043040125319,12716.61453522508,8788.39404438487,3928.220490840211,0.08323359158922573
52095,0.15495201089618021,-2522.3414435316245,12731.268432331975,8842.079149314897,3889.189283017078,0.08308894909284982
52100,0.1549668829578844,-2574.6160122118345,12745.323337415824,8893.203898403863,3852.1194390119617,0.08285294852657571
52105,0.15498175501958864,-2629.3496130881313,12758.956793120346,8941.456791586139,3817.5000015342066,0.08279726354072499
52110,0.15499662708129283,-2686.0247715955584,12772.36948743093,8986.64865923595,3785.720828194979,0.08282624997341498
52115,0.15501149914299706,-2744.1172112671056,12785.779016450047,9028.720290528554,3757.0587259214935,0.08276077646545289
52120,0.15502637120470125,-2803.0913335104797,12799.412410989518,9067.744516453044,3731.6678945364747,0.0826023951439576
52125,0.15504124326640548,-2862.398654986073,12813.497595866394,9103.922459129377,3709.5751367370176,0.08235466339207587
52130,0.1550561153281097,-2921.4797523809984,12828.254075594334,9137.57395333035,3690.6801222639842,0.08218908818130283
52135,0.1550709873898139,-2979.769649042687,12843.883275752254,9169.122469546295,3674.760806205959,0.08218188983192065
52140,0.15508585945151812,-3036.7058802393076,12860.559092026671,9199.07519962845,3661.4838923982206,0.08208209354508314
52145,0.15510073151322232,-3091.737820238007,12878.419279690646,9227.999281781029,3650.4199979096175,0.08189189119689723
52150,0.15511560357492654,-3144.335419065961,12897.558329276115,9256.495413421373,3641.0629158547417,0.08161523405165011
52155,0.15513047563663074,-3193.9954507905777,12918.022405639851,9285.170296655944,3632.852108983907,0.08136363598760894
52160,0.15514534769833496,-3240.2438128845815,12939.806781384119,9314.609450982098,3625.197330402021,0.08130177024576486
52165,0.15516021976003916,-3282.633296430943,12962.855993124957,9345.351889453379,3617.5041036715775,0.08114976177395865
52170,0.15517509182174338,-3320.737376861569,12987.066723464794,9377.867984181545,3609.198739283249,0.08091106088184863
52175,0.15518996388344758,-3354.141656065456,13012.293197972422,9412.541562790879,3599.751635181543,0.08059056612624374
52180,0.1552048359451518,-3382.4353186053913,13038.354713217717,9449.656916480482,3588.697796737235,0.08019455929238231
52185,0.15521970800685603,-3405.2051569140986,13065.044794001873,9489.39101005518,3575.653783946693,0.0800634098595907
52190,0.15523458006856022,-3422.034357423593,13092.141415916265,9531.810812167609,3560.3306037486564,0.07984852201552267
52195,0.15524945213026445,-3432.507461677271,13119.417712466331,9576.875348271702,3542.542364194629,0.07955283503669126
52200,0.15526432419196864,-3436.2219333677476,13146.65259833891,9624.441843895876,3522.210754443033,0.0791823416977685
52205,0.15527919625367287,-3432.80576354148,13173.640768288064,9674.275182932184,3499.3655853558794,0.07901102766413728
52210,0.15529406831537707,-3421.9396566170562,13200.201568489047,9726.059856929951,3474.1417115590957,0.07903183610547851
52215,0.1553089403770813,-3403.3816311613164,13226.186287526032,9779.413622720538,3446.772664805494,0.07905946856368666
52220,0.15532381243878549,-3376.9913981194286,13251.483487571746,9833.902205546001,3417.581282025745,0.07907276916908675
52225,0.1553386845004897,-3342.751706355478,13276.022103458914,9889.054559713642,3386.9675437452715,0.07907164372789106
52230,0.1553535565621939,-3300.7840245217867,13299.772181777784,9944.378391305037,3355.3937904727463,0.07906141629173444
52235,0.15536842862389813,-3251.3564700242705,13322.743305193348,9999.37581096934,3323.367494224007,0.07904643497131217
52240,0.15538330068560235,-3194.882739688336,13344.980927386612,10053.55907447632,3291.4218529102927,0.07901718008543712
52245,0.15539817274730655,-3131.911810961383,13366.561002769624,10106.466355884106,3260.094646885518,0.07901144954522754
52250,0.15541304480901078,-3063.109198918364,13387.583405452953,10157.677381854679,3229.9060235982743,0.07900782395479063
52255,0.15542791687071497,-2989.2314198305958,13408.164677672963,10206.828565716129,3201.3361119568344,0.07899939440474064
52260,0.1554427889324192,-2911.0959306605473,13428.430628002861,10253.627069612297,3174.803558390564,0.07897784581092547
52265,0.1554576609941234,-2829.5491590431157,13448.50922759689,10297.863053188592,3150.646174408297,0.07894352696344137
52270,0.15547253305582762,-2745.4353354441555,13468.524150546744,10339.419287183877,3129.104863362867,0.07890047312676138
52275,0.1554874051175318,-2659.5687324443716,13488.589195777318,10378.277345445069,3110.3118503322494,0.07884818371829784
52280,0.15550227717923604,-2572.7116381462292,13508.803731522094,10414.519736973385,3094.2839945487085,0.07878562681520776
52285,0.15551714924094023,-2485.5599478001877,13529.249229731176,10448.327576680671,3080.9216530505055,0.07871302831779972
52290,0.15553202130264446,-2398.7376348220387,13549.98690844136,10479.973684411652,3070.013224029708,0.07862898596304402
52295,0.15554689336434868,-2312.800546902625,13571.056469814512,10509.811310812513,3061.245159001999,0.0785337250655981
52300,0.15556176542605288,-2228.2489874206713,13592.475900772457,10538.258986110624,3054.2169146618326,0.0784274394442831
52305,0.1555766374877571,-2145.5474673820863,13614.242282040655,10565.78225175062,3048.4600302900362,0.07831029258546994
52310,0.1555915095494613,-2065.148990536629,13636.33352293297,10592.873248184733,3043.4602747482368,0.07819147419870864
52315,0.15560638161116552,-1987.5204436712993,13658.710901886778,10620.02927992522,3038.6816219615575,0.07808071905066119
52320,0.15562125367286972,-1913.1652831320007,13681.322251282678,10647.731546454395,3033.5907048282825,0.07795945648277176
52325,0.15563612573457394,-1842.639866133808,13704.105588649447,10676.42520167553,3027.680386973916,0.07782786844567126
52330,0.15565099779627814,-1776.5605115796134,13726.992974678207,10706.501778669452,3020.4911960087557,0.07768612061630645
52335,0.15566586985798236,-1715.5996178610367,13749.914377953499,10738.284796272415,3011.6295816810834,0.07753436394852073
52340,0.15568074191968656,-1660.470731987436,13772.801347046568,10772.019071332425,3000.782275714144,0.07737273627160306
52345,0.15569561398139078,-1611.904090666214,13795.590326624395,10807.863932999928,2987.726393624467,0.07720136389589854
52350,0.155710486043095,-1570.6155449015932,13818.225495933097,10845.890219553115,2972.335276379981,0.07702036319477884
52355,0.1557253581047992,-1537.2726768451103,13840.661046142875,10886.080679112456,2954.5803670304194,0.07682984215385204
52360,0.15574023016650343,-1512.4621613382933,13862.862842680643,10928.33322620464,2934.529616476002,0.07662990190929161
52365,0.15575510222820763,-1496.661996480514,13884.809440970395,10972.466441593007,2912.342999377388,0.07642063833100947
52370,0.15576997428991185,-1490.2212561049273,13906.492445746386,11018.226739145499,2888.265706600887,0.07620214373409336
52375,0.15578484635161605,-1493.3487389189486,13927.916233480137,11065.296741018954,2862.6194924611827,0.0759745088138818
52380,0.15579971841332027,-1506.1105786478129,13949.097098706354,11113.304569503163,2835.7925292031905,0.07573782488590555
52385,0.15581459047502447,-1528.4357712980782,13970.061933945344,11161.833941631174,2808.2279923141705,0.0754921864630316
52390,0.1558294625367287,-1560.1278098000948,13990.846596497178,11210.435099838245,2780.411496658933,0.07523769411614646
52395,0.1558443345984329,-1600.8802286674145,14011.494136772537,11258.636692202399,2752.857444570138,0.07497445745044277
52400,0.1558592066601371,-1650.2938092501427,14032.053049099017,11305.958706176061,2726.0943429229555,0.07470259790827202
52405,0.15587407872184134,-1707.8934018268792,14052.575655842778,11351.926457941127,2700.649197901652,0.0744273863021726
52410,0.15588895078354553,-1773.1427046265144,14073.116662182885,11396.085466084827,2677.031196098058,0.07416815713077882
52415,0.15590382284524976,-1845.4558360063747,14093.731845537242,11438.016831274968,2655.715014262274,0.07405818220830887
52420,0.15591869490695395,-1924.2050906812874,14114.476795465553,11477.352547320526,2637.1242481450263,0.07409266268547586
52425,0.15593356696865818,-2008.724835175748,14135.405613067374,11513.79002090055,2621.615592166825,0.0741227265233583
52430,0.15594843903036237,-2098.312023118304,14156.569514317822,11547.104999011879,2609.4645153059428,0.07414797985750524
52435,0.1559633110920666,-2192.224252215776,14178.0153451246,11577.162098719265,2600.853246405335,0.07416804750700308
52440,0.1559781831537708,-2289.6766031763927,14199.784084109124,11603.922194883498,2595.8618892256254,0.07418257724374475
52445,0.15599305521547502,-2389.8386698386803,14221.90945995113,11627.446036440533,2594.463423510597,0.07419124516347055
52450,0.15600792727717921,-2491.833190988151,14244.416829918631,11647.893622212176,2596.5232077064557,0.07419376208943722
52455,0.15602279933888344,-2594.737517804797,14267.322453411256,11665.519069928232,2601.803383483024,0.07418988065766645
52460,0.15603767140058766,-2697.588794060366,14290.633257505018,11680.660955121604,2609.972302383414,0.07417940248628654
52465,0.15605254346229186,-2799.393204861668,14314.347143701641,11693.728373513044,2620.6187701885974,0.07416218468192576
52470,0.15606741552399608,-2899.1390112763784,14338.453837845434,11705.18327599662,2633.2705618488144,0.07413814492405553
52475,0.15608228758570028,-2995.8124231445727,14362.93624397196,11715.519913590915,2647.4163303810456,0.07410726450371892
52480,0.1560971596474045,-3088.4147985704003,14387.7722272393,11725.242476725673,2662.5297505136277,0.07406958895461463
52485,0.1561120317091087,-3175.979334936137,14412.936717235696,11734.842182198312,2678.094535037384,0.07402522625376777
52490,0.15612690377081292,-3257.5854387643394,14438.403988380298,11744.77512104981,2693.628867330488,0.07397434292159524
52495,0.15614177583251712,-3332.369360882796,14464.149940779354,11755.442115585627,2708.7078251937273,0.07391715864840309
52500,0.15615664789422135,-3399.530390555281,14490.154179717028,11767.171650120046,2722.982529596982,0.07385394025605706
52505,0.15617151995592554,-3458.332762064392,14516.401684657945,11780.206667404958,2736.195017252987,0.07378499582965124
52510,0.15618639201762977,-3508.104243835154,14542.883877478214,11794.695706881446,2748.188170596768,0.07371066971459175
52515,0.156201264079334,-3548.232981470266,14569.598947635808,11810.688550960174,2758.910396675634,0.07363133879480857
52520,0.1562161361410382,-3578.164454069796,14596.551364451674,11828.13627971717,2768.4150847345045,0.07354741010699953
52525,0.1562310082027424,-3597.4003678187655,14623.75059171159,11846.895431242643,2776.8551604689474,0.07345931948460101
52530,0.1562458802644466,-3605.5010026420587,14651.209101536999,11866.735822720988,2784.473278816011,0.07336753064770812
52535,0.15626075232615083,-3602.0920143056883,14678.939848065647,11887.351491960788,2791.5883561048595,0.07327253402504005
52540,0.15627562438785503,-3586.8760331216527,14706.953398059431,11908.374155289945,2798.579242769487,0.0731748446370713
52545,0.15629049644955925,-3559.648641075326,14735.25492524837,11929.388538026102,2805.866387222268,0.07307499856647923
52550,0.15630536851126345,-3520.317518580092,14763.841266563082,11949.948920570165,2813.8923459929174,0.07297354783584308
52555,0.15632024057296767,-3468.9228317365505,14792.69822456239,11969.596263347603,2823.1019612147866,0.07287105382718573
52560,0.15633511263467187,-3405.656408219984,14821.798292824526,11987.875329291704,2833.922963532821,0.07276807964144553
52565,0.1563499846963761,-3330.877042326607,14851.098984338334,12004.351303468655,2846.7476808696792,0.07266518195980753
52570,0.15636485675808032,-3245.1194450682688,14880.541951317904,12018.625494042055,2861.916457275849,0.07256290301716174
52575,0.1563797288197845,-3149.0949062208147,14910.05308431006,12030.349761436946,2879.7033228731143,0.07246176324429485
52580,0.15639460088148874,-3043.6825827238026,14939.54375167486,12039.239345509675,2900.3044061651854,0.07236225501173622
52585,0.15640947294319293,-2929.9113445328167,14968.913274162753,12045.083743753303,2923.82953040945,0.07226483774934604
52590,0.15642434500489716,-2808.933151475945,14998.05262033711,12047.755256732502,2950.297363604608,0.07216993454967004
52595,0.15643921706660135,-2681.9898699147434,15026.849166996992,12047.214792473233,2979.634374523759,0.07218609164330378
52600,0.15645408912830558,-2550.3761580157898,15055.192216725864,12043.514541880393,3011.6776748454704,0.0722085987375219
52605,0.15646896119000978,-2415.4014772475566,15082.978831818235,12036.797222172067,3046.181609646168,0.07222622145217901
52610,0.156483833251714,-2278.354383822938,15110.119460037487,12027.291734846367,3082.8277251911204,0.07225257913121226
52615,0.1564987053134182,-2140.4720102433002,15136.54281559704,12015.305279954484,3121.2375356425564,0.0722729016053142
52620,0.15651357737512242,-2002.917092486403,15162.199547297774,12001.212179487486,3160.9873678102886,0.07228670220467409
52625,0.15652844943682664,-1866.7640904364744,15187.06436632049,11985.439859364518,3201.624506955972,0.07229347393351271
52630,0.15654332149853084,-1732.9949694743973,15211.136493383281,11968.452600615263,3242.6838927680183,0.07229269443187368
52635,0.15655819356023506,-1602.5041558504363,15234.438482170412,11950.733787654517,3283.7046945158945,0.07228383183802735
52640,0.15657306562193926,-1476.1111513914275,15257.013644563507,11932.767456706342,3324.246187857165,0.07226635129880386
52645,0.15658793768364349,-1354.5784006334943,15278.92241412178,11915.019985392104,3363.902428729676,0.07225884515451585
52650,0.15660280974534768,-1238.6313500106899,15300.23802599907,11897.922766048421,3402.3152599506484,0.07228610159249577
52655,0.1566176818070519,-1128.9773219490107,15321.041873025259,11881.856664316058,3439.185208709201,0.07230494383611287
52660,0.1566325538687561,-1026.3199251183141,15341.418842947116,11867.138970779684,3474.2798721674317,0.07231473329250816
52665,0.15664742593046033,-931.3662758683022,15361.452878916429,11854.013400444957,3507.4394784714714,0.07231482881911136
52670,0.15666229799216452,-844.8252891240936,15381.222955125313,11842.64348820461,3538.5794669207025,0.07230459362219034
52675,0.15667717005386875,-767.396595879416,15400.79962799887,11833.109489433615,3567.6901385652545,0.07228340262853684
52680,0.15669204211557297,-699.7510567828576,15420.242301956332,11825.408657250158,3594.833644706174,0.0722506504365663
52685,0.15670691417727717,-642.5051086197709,15439.597320226127,11819.45856820264,3620.1387520234857,0.07220575988695907
52690,0.1567217862389814,-596.1920533434786,15458.896939788816,11815.103034101414,3643.793905687402,0.07214990870931677
52695,0.1567366583006856,-561.2337121675391,15478.15916989898,11812.12008097527,3666.0390889237096,0.07216775012759491
52700,0.1567515303623898,-537.9155930972156,15497.388355411453,11810.23149090896,3687.1568645024927,0.0721739829316291
52705,0.156766402424094,-526.3679779158592,15516.576292068923,11809.113470214117,3707.462821854806,0.07216790046057775
52710,0.15678127448579823,-526.554342109097,15535.703599097431,11808.408102997413,3727.2954961000178,0.07214883254380647
52715,0.15679614654750243,-538.2675170461425,15554.74106766437,11807.735347164884,3747.0057204994864,0.07211615695436185
52720,0.15681101860920665,-561.1331710783288,15573.650759764501,11806.70540718229,3766.945352582212,0.0720693104989932
52725,0.15682589067091085,-594.6196118741354,15592.386739680802,11804.931356649864,3787.455383030938,0.07203364932612837
52730,0.15684076273261507,-638.0525925538677,15610.895451931705,11802.041873628654,3808.853578303051,0.07206923317819532
52735,0.1568556347943193,-690.6336820735451,15629.115881164664,11797.693893210317,3831.421987954347,0.07209198384976541
52740,0.1568705068560235,-751.4607706942534,15646.97971106013,11791.584888096406,3855.3948229637244,0.07214688992214743
52745,0.15688537891772772,-819.5493777998272,15664.41172496451,11783.464383071603,3880.9473418929065,0.07270219844641058
52750,0.15690025097943192,-893.8535898881673,15681.33066186519,11773.144222679199,3908.186439185991,0.07320539576337197
52755,0.15691512304113614,-973.2856702829667,15697.650672820051,11760.507069134062,3937.1436036859886,0.07365569606052388
52760,0.15692999510284034,-1056.7336355759344,15713.283436752366,11745.51262405766,3967.7708126947073,0.07405315712432625
52765,0.15694486716454456,-1143.0763651188718,15728.14091094974,11728.201142316171,3999.9397686335687,0.074398658495906
52770,0.15695973922624876,-1231.196074176034,15742.138623650519,11708.693925489388,4033.444698161131,0.07469385104064118
52775,0.15697461128795298,-1319.9882214940735,15755.199368038371,11687.190626686142,4068.0087413522288,0.07494107954152249
52780,0.15698948334965718,-1408.3691329143876,15767.257125712938,11663.963349685817,4103.293776027122,0.07514328158772002
52785,0.1570043554113614,-1495.2818050374353,15778.26102642251,11639.347672944547,4138.913353477963,0.07530386763423198
52790,0.15701922747306563,-1579.70050043202,15788.179132592168,11613.730869792724,4174.448262799444,0.0754265884869334
52795,0.15703409953476982,-1660.6348345771275,15797.001817903789,11587.537731688588,4209.464086215201,0.0755153974503027
52800,0.15704897159647405,-1737.1340469937713,15804.74448992229,11561.214532737324,4243.529957184966,0.07557431481924749
52805,0.15706384365817824,-1808.292012699927,15811.449393570721,11535.211796570193,4276.237597000529,0.07560730220847738
52810,0.15707871571988247,-1873.2532829364118,15817.186235233521,11509.966629242686,4307.219605990835,0.07561815336797534
52815,0.15709358778158666,-1931.2200910003357,15822.051397445612,11485.88544588349,4336.165951562121,0.07561040668541785
52820,0.1571084598432909,-1981.459905196849,15826.16557948862,11463.327925211272,4362.837654277348,0.07558728266011619
52825,0.15712333190499508,-2023.3128537070988,15829.669801106651,11442.592962072353,4387.076839034298,0.07555164745202726
52830,0.1571382039666993,-2056.1982567581417,15832.719837343158,11423.907255291406,4408.8125820517525,0.07550600141384849
52835,0.1571530760284035,-2079.6195973778194,15835.47929615412,11407.416984651576,4428.062311502545,0.07545248956505754
52840,0.15716794809010773,-2093.167505521891,15838.111686051008,11393.18282835302,4444.928857697989,0.07539292949187229
52845,0.15718282015181195,-2096.520651957764,15840.771928152091,11381.178385460662,4459.593542691429,0.07532885130951819
52850,0.15719769221351615,-2089.444779724139,15843.597830867458,11371.29192208641,4472.305908781049,0.07526154415104298
52855,0.15721256427522037,-2071.7903946419992,15846.70206022606,11363.33126267857,4483.37079754749,0.07519210408762615
52860,0.15722743633692457,-2043.4898654268036,15850.165107689905,11357.031586637184,4493.133521052721,0.0751214792847165
52865,0.1572423083986288,-2004.5548244626898,15854.029689495417,11352.065841452473,4501.963848042944,0.07505050935087582
52870,0.157257180460333,-1955.0747779749581,15858.296918741316,11348.057423072623,4510.239495668693,0.07497995703287837
52875,0.15727205252203721,-1895.2176892715397,15862.924483985638,11344.59469123537,4518.329792750268,0.07491053147985537
52880,0.1572869245837414,-1825.2329682346426,15867.826953875312,11341.24678968477,4526.580164190542,0.07484290313186386
52885,0.15730179664544564,-1745.4568055121108,15872.87821209605,11337.580151342503,4535.298060753546,0.07477771084261074
52890,0.15731666870714983,-1656.3192067815435,15877.915915831309,11333.175014010581,4544.740901820727,0.07471556214026862
52895,0.15733154076885406,-1558.3515265202568,15882.74776954635,11327.6412716965,4555.106497849849,0.07465702762460594
52900,0.15734641283055828,-1452.1928950589754,15887.159319998966,11320.633041381701,4566.526278617264,0.07460263047723346
52905,0.15736128489226248,-1338.5937718684527,15890.922912486076,11311.86141853861,4579.061493947465,0.07455283201286682
52910,0.1573761569539667,-1218.4149877442014,15893.807404259429,11301.105001359778,4592.702402899651,0.07450801419726119
52915,0.1573910290156709,-1092.6210502282192,15895.588207118626,11288.217860896646,4607.37034622198,0.07446846014576251
52920,0.15740590107737512,-962.2671274410495,15896.057222851343,11273.134712266774,4622.922510584569,0.0744343337981755
52925,0.15742077313907932,-828.4799107946346,15895.032237081881,11255.873106403731,4639.15913067815,0.07440566020082061
52930,0.15743564520078354,-692.4333806816994,15892.365345521595,11236.532528208345,4655.83281731325,0.07438230804181181
52935,0.15745051726248774,-555.3212433428307,15887.950001898476,11215.29037178304,4672.659630115437,0.07436397619213272
52940,0.15746538932419196,-418.32835358860757,15881.726304238517,11192.39487448865,4689.331429749867,0.07435018592494824
52945,0.15748026138589616,-282.6036876334965,15873.68418483461,11168.155224158963,4705.528960675647,0.07434028017338895
52950,0.15749513344760038,-149.2373244039427,15863.864249038723,11142.929192979684,4720.935056059039,0.0743334306461704
52955,0.1575100055093046,-19.243433026056664,15852.356125001363,11117.108778883545,4735.247346117818,0.07432865290449303
52960,0.1575248775710088,106.44948623936398,15839.29433829554,11091.104436456602,4748.189901838938,0.07432482870736536
52965,0.15753974963271303,227.00078537461195,15824.85189901283,11065.328548250494,4759.523350762336,0.07432073417185651
52970,0.15755462169441722,341.65291365750454,15809.231962152702,11040.178825668896,4769.053136483806,0.07431507168532378
52975,0.15756949375612145,449.72122251429937,15792.658068668965,11016.02234085769,4776.6357278112755,0.07430650314102286
52980,0.15758436581782564,550.5804840487799,15775.36357162771,10993.18087917378,4782.182692453929,0.07429368199990428
52985,0.15759923787952987,643.6506568184432,15757.580887060227,10971.918261882607,4785.66262517762,0.07427528191372697
52990,0.15761410994123407,728.3844962375315,15739.531183161036,10952.430212159017,4787.100971002019,0.07425002013229551
52995,0.1576289820029383,804.2593416589334,15721.415047114388,10934.837216735581,4786.5778303788065,0.07421667457634809
53000,0.15764385406464249,870.7748329570659,15703.404564555922,10919.180670570959,4784.223893984963,0.07417409418231817
53005,0.1576587261263467,927.4574716419374,15685.63713005509,10905.422394641699,4780.214735413392,0.07412120281363994
53010,0.15767359818805093,973.871951646137,15668.211189420656,10893.447410080365,4774.76377934029,0.07419295054630994
53015,0.15768847024975513,1009.6381966614117,15651.183999862307,10883.069663044087,4768.11433681822,0.07426451079645295
53020,0.15770334231145935,1034.4522288239787,15634.571380962498,10874.040248185926,4760.531132776572,0.07433202609011501
53025,0.15771821437316355,1048.108504998756,15618.349316801718,10866.057588562087,4752.29172823963,0.07439538761020491
53030,0.15773308643486778,1050.5212633209976,15602.45716104022,10858.778997852382,4743.678163187838,0.07445450333884188
53035,0.15774795849657197,1041.7426935628628,15586.802102807482,10851.833068314389,4734.969034493093,0.07450929825882492
53040,0.1577628305582762,1021.9762600055437,15571.264487818476,10844.832380900656,4726.43210691782,0.0745597121986102
53045,0.1577777026199804,991.5841046728783,15555.703572378306,10837.386107449276,4718.31746492903,0.0746241630602484
53050,0.15779257468168462,951.088006301663,15539.963327598321,10829.112155539977,4710.851172058345,0.07469024997820752
53055,0.1578074467433888,901.1638014317996,15523.878004952316,10819.648583352258,4704.229421600057,0.07475221188103472
53060,0.15782231880509304,842.6295050080644,15507.277305879743,10808.66407595041,4698.613229929333,0.0748099739862129
53065,0.15783719086679726,776.4276633252284,15489.991140073744,10795.867320012856,4694.123820060888,0.07486344979155017
53070,0.15785206292850146,703.6027932903653,15471.854077736116,10781.015139720932,4690.838938015184,0.07491715745071502
53075,0.15786693499020568,625.2751225099037,15452.709673306932,10763.919265883931,4688.790407423001,0.07498050908013906
53080,0.15788180705190988,542.6121991614764,15432.414846517757,10744.451611466051,4687.963235051706,0.07503955413836635
53085,0.1578966791136141,456.8002043328852,15410.844450588282,10722.547929164379,4688.296521423903,0.0750941655456661
53090,0.1579115511753183,369.01688927299983,15387.89605052139,10698.20973843859,4689.6863120828,0.07516160771322966
53095,0.15792642323702252,280.4079306327658,15363.494799920025,10671.50443392601,4691.9903659940155,0.07523358534997789
53100,0.15794129529872672,192.06815450816066,15337.598170094367,10642.563523564078,4695.034646530288,0.07530102426360183
53105,0.15795616736043094,105.02857517674238,15310.200176830156,10611.578989873513,4698.621186956643,0.07536377771049775
53110,0.15797103942213514,20.249594619896016,15281.33468909206,10578.797819099775,4702.536869992286,0.07542169186785476
53115,0.15798591148383936,-61.37992080076765,15251.07740238159,10544.514799615894,4706.562602765696,0.07547459897344737
53120,0.1580007835455436,-139.03857660375797,15219.546118623295,10509.063753214166,4710.482365409129,0.07553170519571697
53125,0.15801565560724778,-211.96482269779153,15186.89908465681,10472.807428696855,4714.0916559599555,0.07560066359254222
53130,0.158030527668952,-279.44758666174675,15153.331283984027,10436.126350255297,4717.20493372873,0.07566394553497476
53135,0.1580453997306562,-340.8171916600477,15119.068729153707,10399.406963347155,4719.661765806552,0.07572121835079476
53140,0.15806027179236043,-395.438515347314,15084.36094465201,10363.029447351664,4721.331497300345,0.0757721511040911
53145,0.15807514385406463,-442.7079822573178,15049.471949214145,10327.355561176868,4722.116388037277,0.07581644739148531
53150,0.15809001591576885,-482.05535306821366,15014.670137758803,10292.716858587104,4721.953279171699,0.07585388823198631
53155,0.15810488797747305,-512.9504778381252,14980.217529398233,10259.403568222497,4720.813961175736,0.07590853275400604
53160,0.15811976003917727,-534.9143595124133,14946.358894558714,10227.65440022017,4718.7044943385445,0.07595684678930321
53165,0.15813463210088147,-547.5331747340715,14913.311303725784,10197.647536933284,4715.663766792501,0.07599844525711533
53170,0.1581495041625857,-550.4734315292408,14881.254649903398,10169.493098900546,4711.761551002852,0.0760339369506948
53175,0.15816437622428992,-543.4962623921456,14850.323678333103,10143.227440456443,4707.09623787666,0.07606419970478691
53180,0.1581792482859941,-526.4689588234814,14820.60200099428,10118.80969510195,4701.79230589233,0.07609035402093307
53185,0.15819412034769834,-499.3722184341441,14792.11847443362,10096.121020478633,4695.997453954988,0.07611707038091173
53190,0.15820899240940253,-462.3021464465128,14764.846180432332,10074.966949520389,4689.8792309119435,0.07616271551957478
53195,0.15822386447110676,-415.46675946457435,14738.704082493632,10055.0831177304,4683.620964763231,0.07620851182437019
53200,0.15823873653281095,-359.17748487845347,14713.561256755947,10036.144412453628,4677.416844302319,0.07625575579355809
53205,0.15825360859451518,-293.83681436972074,14689.243435372351,10017.777311720729,4671.466123651622,0.07630550616636533
53210,0.15826848065621937,-219.92373173442866,14665.54147129506,9999.574898343137,4665.966572951924,0.07635849553077971
53215,0.1582833527179236,-137.97870200723992,14642.221245550903,9981.113800814288,4661.107444736615,0.07641507038382415
53220,0.1582982247796278,-48.58985381573984,14619.034492376859,9961.972161919144,4657.062330457715,0.07647848783388712
53225,0.15831309684133202,47.61844010682216,14595.730008439303,9941.747679682081,4653.982328757222,0.07656442048053176
53230,0.15832796890303624,149.9939671278771,14572.064731492315,9920.074791491463,4651.989940000853,0.076652383859604
53235,0.15834284096474044,257.8620590775354,14547.814214036374,9896.640157092972,4651.174056943402,0.07674127138258355
53240,0.15835771302644466,370.5284676591582,14522.782074319106,9871.19571730972,4651.586357009386,0.07682983358465324
53245,0.15837258508814886,487.28057938877646,14496.80807810619,9843.568750922435,4653.239327183755,0.07691679017147933
53250,0.15838745714985308,607.3879473492452,14469.774587688777,9813.668520341645,4656.106067347131,0.07700173180363476
53255,0.15840232921155728,730.1030493009512,14441.611205058867,9781.489287997856,4660.121917061011,0.07710903695856741
53260,0.1584172012732615,854.6629588900578,14412.297526298156,9747.109692512955,4665.187833785201,0.07721169494460366
53265,0.1584320733349657,980.2922993091233,14381.864004296167,9710.688676996902,4671.175327299265,0.07730924490611547
53270,0.15844694539666992,1106.2075053457756,14350.390978286532,9672.45833319583,4677.932645090703,0.07740145745362241
53275,0.15846181745837412,1231.6221193095498,14318.00596697044,9632.71413970414,4685.291827266301,0.07748829353210664
53280,0.15847668952007835,1355.7526476486473,14284.879339600857,9591.80311963488,4693.076219965977,0.07758608776600072
53285,0.15849156158178257,1477.8244436135246,14251.218485310872,9550.11043284689,4701.108052463982,0.07768539908947775
53290,0.15850643364348677,1597.0771614589976,14217.260608276274,9508.044876165732,4709.215732110542,0.07777986788921543
53295,0.158521305705191,1712.769520285352,14183.264297925123,9466.023724078359,4717.240573846764,0.0778696019797986
53300,0.1585361777668952,1824.1833682616125,14149.500067400457,9424.457327320975,4725.0427400794815,0.07795464885398792
53305,0.1585510498285994,1930.6272907694092,14116.240120108818,9383.733907530552,4732.506212578266,0.07803499064142101
53310,0.1585659218903036,2031.4402079250794,14083.74768536426,9344.20503491806,4739.542650446199,0.07811055278482097
53315,0.15858079395200783,2125.995525056549,14052.266345561402,9306.172331853963,4746.094013707439,0.07818692014899015
53320,0.15859566601371203,2213.7064163804025,14022.009842419871,9269.875982711215,4752.133859708656,0.07827509085940443
53325,0.15861053807541625,2294.032728873184,13993.152883782202,9235.48562738711,4757.667256395092,0.07835791819633708
53330,0.15862541013712045,2366.489786075812,13965.823465139792,9203.094160464361,4762.729304675431,0.078435226951301
53335,0.15864028219882467,2430.6590565549996,13940.097167667147,9172.71484890461,4767.382318762537,0.07850684908509026
53340,0.1586551542605289,2486.200258432076,13915.993799282147,9144.282026585213,4771.711772696934,0.07857262009025275
53345,0.1586700263222331,2532.864062962799,13893.476614414636,9117.655436522702,4775.821177891934,0.07863237317167131
53350,0.15868489838393732,2570.5042284190804,13872.454192885138,9092.62808372938,4779.826109155758,0.07868593492264987
53355,0.1586997704456415,2599.087837709316,13852.784892039475,9068.93724277464,4783.847649264835,0.07874560256791259
53360,0.15871464250734574,2618.702393044854,13834.283623854937,9046.278041863317,4788.00558199162,0.07880687321327967
53365,0.15872951456904993,2629.5588356211338,13816.73056488633,9024.318830515738,4792.411734370591,0.07886118203155328
53370,0.15874438663075416,2631.9900287946657,13799.8812950965,9002.717351370751,4797.163943725749,0.07890843445175975
53375,0.15875925869245835,2626.444742656038,13783.477792154508,8981.136611985332,4802.341180169176,0.07896260240835565
53380,0.15877413075416258,2613.477582854235,13767.259686361365,8959.259332579106,4808.0003537822595,0.07903438278069888
53385,0.15878900281586678,2593.735550362051,13750.975207482574,8936.79997069508,4814.175236787494,0.0790997522006791
53390,0.158803874877571,2567.942013018541,13734.391321681318,8913.513614435598,4820.87770724572,0.07915891086601234
53395,0.15881874693927522,2536.8788862240654,13717.302652434762,8889.201478808054,4828.101173626708,0.07921210020246963
53400,0.15883361900097942,2501.367846516745,13699.538889164818,8863.713279679518,4835.8256094853,0.07925957304849657
53405,0.15884849106268364,2462.251491242674,13680.970497336748,8836.947304733263,4844.023192603485,0.07930155955106874
53410,0.15886336312438784,2420.3755024456223,13661.512643186987,8808.849437611305,4852.663205575682,0.07934013189285745
53415,0.15887823518609206,2376.5730056416996,13641.12732869271,8779.412610371424,4861.7147183212855,0.07939523708761571
53420,0.15889310724779626,2331.652338822403,13619.823795718328,8748.678079749749,4871.14571596858,0.0794452917586134
53425,0.15890797930950049,2286.3892809739355,13597.65730314536,8716.739514115163,4880.917789030198,0.07949012509038011
53430,0.15892285137120468,2241.5244003559474,13574.726409762558,8683.750171544201,4890.976238218356,0.0795294496963797
53435,0.1589377234329089,2197.765601158144,13551.16891262711,8649.932537250308,4901.236375376802,0.0795628813504736
53440,0.1589525954946131,2155.7952560659596,13527.156600623366,8615.588812409158,4911.567788214208,0.07958997113526689
53445,0.15896746755631733,2116.280621365231,13502.888991869244,8581.109778186594,4921.77921368265,0.07962137349419422
53450,0.15898233961802155,2079.885649203732,13478.586237061016,8546.978977057222,4931.607260003793,0.0796596410763118
53455,0.15899721167972575,2047.281924082723,13454.481392118254,8513.769018209035,4940.7123739092185,0.07969032038421468
53460,0.15901208374142997,2019.156309260772,13430.812292314651,8482.127239256904,4948.685053057747,0.07972520100220953
53465,0.15902695580313417,1996.2130099183832,13407.813291996603,8452.748984450904,4955.064307545699,0.0797870752311993
53470,0.1590418278648384,1979.1681359540598,13385.707161467366,8426.338333971547,4959.368827495819,0.07984153338565543
53475,0.1590566999265426,1968.7354597798094,13364.697447633289,8403.55807098514,4961.139376648149,0.07988881850822045
53480,0.1590715719882468,1965.6028923367958,13344.96160147789,8384.97272661572,4959.988874862169,0.0799293547067365
53485,0.159086444049951,1970.4002121732592,13326.64515101957,8370.990348020157,4955.654802999412,0.0799637143797637
53490,0.15910131611165523,1983.6597195342856,13309.85715477062,8361.80983053248,4948.0473242381395,0.0799940394766024
53495,0.15911618817335943,2005.7726529951233,13294.66711219839,8357.380947944248,4937.286164254143,0.08004436011426697
53500,0.15913106023506365,2036.9452698919886,13281.103440097047,8357.383452793794,4923.719987303253,0.08009014452591864
53505,0.15914593229676788,2077.1593084152883,13269.153552517431,8361.229834190905,4907.923718326527,0.08013194425025782
53510,0.15916080435847207,2126.141982924575,13258.765511299282,8368.093734275268,4890.671777024014,0.08017021117577175
53515,0.1591756764201763,2183.3506042765857,13249.851147276528,8376.962999521835,4872.888147754693,0.0802052703493214
53520,0.1591905484818805,2247.9762807486077,13242.290490931855,8386.713313308916,4855.577177622939,0.08023730700586978
53525,0.15920542054358472,2318.9698816724886,13235.937297507211,8396.195744587058,4839.7415529201535,0.0802876526819579
53530,0.15922029260528892,2395.091496727282,13230.625407659873,8404.329702261119,4826.295705398754,0.08033665641016347
53535,0.15923516466699314,2474.982006695709,13226.175653577378,8410.191941171097,4815.9837124062815,0.0803818465947098
53540,0.15925003672869734,2557.2522139697394,13222.403005020498,8413.092530472437,4809.310474548061,0.08042477026611967
53545,0.15926490879040156,2640.581574715814,13219.1236524359,8412.630044987676,4806.493607448223,0.08050383080920127
53550,0.15927978085210576,2723.8154984292414,13216.161746191217,8408.720520026356,4807.441226164861,0.08058292589868848
53555,0.15929465291380998,2806.048228193318,13213.355551790055,8401.597641646405,4811.7579101436495,0.08065745148314536
53560,0.1593095249755142,2886.6783344934865,13210.562838651997,8391.784848826635,4818.777989825361,0.0807271648639276
53565,0.1593243970372184,2965.426448741571,13207.665390808694,8380.043073446363,4827.622317362331,0.08079186620133212
53570,0.15933926909892263,3042.3100657258638,13204.572605030819,8367.300332122823,4837.272272907996,0.08085140405734847
53575,0.15935414116062682,3117.5773350392938,13201.224215486955,8354.570999581367,4846.653215905588,0.08090569270022203
53580,0.15936901322233105,3191.609336432013,13197.592240390559,8342.873171817946,4854.719068572613,0.08097613703107986
53585,0.15938388528403524,3264.806665991953,13193.682269736622,8333.15206672134,4860.530203015282,0.08104097055541974
53590,0.15939875734573947,3337.4797193166123,13189.53419043399,8326.216051865302,4863.318138568688,0.08110016303099327
53595,0.15941362940744366,3409.7619754624175,13185.222369396468,8322.689881096294,4862.532488300174,0.08115369975081341
53600,0.1594285014691479,3481.561867951348,13180.855192808449,8322.987373495645,4857.8678193128035,0.08120157573379606
53605,0.15944337353085208,3552.562263870779,13176.573713031128,8327.303414115415,4849.270298915713,0.08124379281783034
53610,0.1594582455925563,3622.268415082148,13172.549020697974,8335.623115636861,4836.925905061113,0.0812831853160934
53615,0.15947311765426053,3690.0968652994416,13168.97788399484,8347.744518300487,4821.233365694352,0.0813401094915977
53620,0.15948798971596473,3755.490429012638,13166.076223532315,8363.31048577991,4802.765737752405,0.08141523206843794
53625,0.15950286177766895,3818.0390176489536,13164.070148769524,8381.84550249707,4782.224646272454,0.08148540665525808
53630,0.15951773383937315,3877.5835850684825,13163.18457444203,8402.793767384812,4760.390807057218,0.08155063421728635
53635,0.15953260590107737,3934.281408867797,13163.629834744424,8425.556058068074,4738.0737766763505,0.08162805409345443
53640,0.15954747796278157,3988.615630161832,13165.587159222685,8449.523989772553,4716.063169450132,0.08170332232233064
53645,0.1595623500244858,4041.3402544500823,13169.19428402743,8474.111212624772,4695.083071402658,0.08177353800842141
53650,0.15957722208619,4093.3627573515278,13174.532753774314,8498.781571973535,4675.751181800779,0.08183874171262158
53655,0.15959209414789421,4145.5783291249445,13181.618543639737,8523.074240606564,4658.5443030331735,0.08189897671029538
53660,0.1596069662095984,4198.680326325892,13190.397451123308,8546.625423953094,4643.772027170215,0.0819542801269756
53665,0.15962183827130264,4252.978288993126,13200.746270312711,8569.185673362286,4631.560596950425,0.08200467350058119
53670,0.15963671033300686,4308.25612661318,13212.48011481673,8590.631406394059,4621.848708422671,0.08206495260489027
53675,0.15965158239471106,4363.698146621055,13225.365485436983,8610.96917216909,4614.396313267893,0.08212364351543518
53680,0.15966645445641528,4417.900294242753,13239.137896945787,8630.331628889751,4608.806268056036,0.08217687234480602
53685,0.15968132651811948,4468.9703287173315,13253.522205050422,8648.96505818502,4604.557146865402,0.08223042226582979
53690,0.1596961985798237,4514.706382824689,13268.25332231721,8667.20930786546,4601.044014451751,0.08231811838010232
53695,0.1597110706415279,4552.8310728959805,13283.094870859804,8685.472033747961,4597.622837111843,0.08240951549384833
53700,0.15972594270323212,4581.249977422728,13297.853541894097,8704.199736737997,4593.6538051561,0.08249558684635852
53705,0.15974081476493632,4598.299802292851,13312.387514198605,8723.848222618437,4588.539291580168,0.08257597081900164
53710,0.15975568682664054,4602.952866233683,13326.608153262792,8744.85477177003,4581.753381492763,0.08265028035714868
53715,0.15977055888834474,4594.950001756566,13340.475231027945,8767.613652946478,4572.861578081467,0.0827181123336685
53720,0.15978543095004896,4574.842623976463,13353.98688648848,8792.455870684522,4561.531015803957,0.08277905833183372
53725,0.1598003030117532,4543.93555978168,13367.166296802337,8819.63340237314,4547.532894429198,0.08283271586002125
53730,0.15981517507345738,4504.1342162051105,13380.04739662442,8849.307784740462,4530.739611883959,0.08289383238712877
53735,0.1598300471351616,4457.7116767021325,13392.661906133986,8881.542780010881,4511.119126123105,0.08294860554271592
53740,0.1598449191968658,4407.022100623753,13405.029450646864,8916.300933196411,4488.728517450452,0.0829950024604778
53745,0.15985979125857003,4354.195054282023,13417.15182047905,8953.444013783908,4463.707806695142,0.08305298118431191
53750,0.15987466332027422,4300.849904166471,13429.011628739434,8992.737493393377,4436.274135346057,0.08314157438404443
53755,0.15988953538197845,4247.86922554362,13440.57496966453,9033.85924835985,4406.715721304681,0.08322312414398526
53760,0.15990440744368264,4195.2648638810315,13451.797284984152,9076.412552354275,4375.384732629876,0.08329641853241408
53765,0.15991927950538687,4142.159987039794,13462.631529850256,9119.94316503432,4342.688364815936,0.08336115203105947
53770,0.15993415156709107,4086.8960536933664,13473.037812019671,9163.960003185583,4309.0778088340885,0.08341707127073643
53775,0.1599490236287953,4027.2567327967463,13482.993819277051,9207.958587151232,4275.03523212582,0.08346398408775277
53780,0.1599638956904995,3960.783766177873,13492.505416153717,9251.446246051051,4241.059170102666,0.08350431701863409
53785,0.1599787677522037,3885.1453137422386,13501.6167086566,9293.96794950932,4207.64875914728,0.08355136470851984
53790,0.15999363981390793,3798.5081062607924,13510.41866253592,9335.131578180173,4175.287084355747,0.08358933707622869
53795,0.16000851187561213,3699.8626555921965,13519.055117318652,9374.631404827793,4144.4237124908595,0.08361827910313846
53800,0.16002338393731635,3589.2564269652576,13527.724909043109,9412.2685094191,4115.456399624009,0.08367718001079288
53805,0.16003825599902055,3467.902321847798,13536.678929287671,9447.966815639498,4088.712113648173,0.08375087053109509
53810,0.16005312806072478,3338.146828283232,13546.211369057819,9481.783468800744,4064.4279002570747,0.0838169984383091
53815,0.16006800012242897,3203.3008777556115,13556.645088292582,9513.912439643487,4042.7326486490947,0.08387562048685165
53820,0.1600828721841332,3067.353961712164,13568.311888432503,9544.680570962704,4023.631317469799,0.08392680303472917
53825,0.1600977442458374,2934.606145830692,13581.529267634362,9574.53577071308,4006.993496921281,0.08397060764945431
53830,0.16011261630754162,2809.26181519031,13596.57583102777,9604.027635317856,3992.5481957099146,0.08401811720464479
53835,0.16012748836924584,2695.032594526321,13613.667793399236,9633.7813737274,3979.886419671837,0.08406433248743955
53840,0.16014236043095004,2594.7948562896236,13632.93891549955,9664.466412675765,3968.4725028237845,0.08410302940126724
53845,0.16015723249265426,2510.340032093951,13654.425808397205,9696.761437522418,3957.664370874787,0.08413412267259734
53850,0.16017210455435846,2442.2445406528714,13678.059930941681,9731.317834926733,3946.7420960149484,0.08415750584805881
53855,0.16018697661606268,2389.871919178946,13703.666920227543,9768.72355703863,3934.9433631889133,0.08422580865042725
53860,0.16020184867776688,2351.5043629175325,13730.973242726719,9809.469347357863,3921.5038953688563,0.0842931750493095
53865,0.1602167207394711,2324.5860895522565,13759.619602895064,9853.919093914763,3905.7005089803006,0.08435318816425648
53870,0.1602315928011753,2306.04838285798,13789.180121230713,9902.285847959227,3886.894273271486,0.08440555475746227
53875,0.16024646486287952,2292.677206842298,13819.185988410865,9954.61480283752,3864.571185573346,0.08444999305890934
53880,0.16026133692458372,2281.479958656777,13849.152097430677,10010.77429073978,3838.3778066908963,0.08449866300395349
53885,0.16027620898628794,2270.008873824878,13878.605035329603,10070.455626209556,3808.1494091200475,0.08454118058234962
53890,0.16029108104799217,2256.6048848681694,13907.11077185665,10133.182383089334,3773.9283887673173,0.08457503852158556
53895,0.16030595310969636,2240.5367059103755,13934.300411639,10198.329393992884,3735.971017646116,0.08460001412888574
53900,0.1603208251714006,2222.0240915278755,13959.892478214224,10265.151353884654,3694.74112432957,0.08461591565262341
53905,0.16033569723310478,2202.1494315135424,13983.710372704649,10332.82033792758,3650.8900347770686,0.0846225824109429
53910,0.160350569294809,2182.67565261203,14005.693900543774,10400.470777009014,3605.223123534761,0.08465726842702259
53915,0.1603654413565132,2165.798655274866,14025.904093991325,10467.24949376489,3558.654600226435,0.08470279822384459
53920,0.16038031341821743,2153.867877978628,14044.520980866488,10532.367393094522,3512.1535877719652,0.08473959861092205
53925,0.16039518547992163,2149.1087747571837,14061.834448055548,10595.148526208035,3466.685921847513,0.0847674539756514
53930,0.16041005754162585,2153.376724191361,14078.22887651921,10655.071778479789,3423.157098039421,0.0847969919559554
53935,0.16042492960333005,2167.9645357322916,14094.162702417976,10711.800636837805,3382.3620655801715,0.08481934453478111
53940,0.16043980166503427,2193.476903000643,14110.144389994988,10765.197530956097,3344.9468590388915,0.08483232386261971
53945,0.1604546737267385,2229.776363365716,14126.706409810931,10815.321069561187,3311.3853402497443,0.08483579802060025
53950,0.1604695457884427,2275.997664140681,14144.378682783557,10862.406825603639,3281.9718571799185,0.08482967047511863
53955,0.16048441785014692,2330.621533840671,14163.662634583116,10906.834693088991,3256.8279414941244,0.08481494654461622
53960,0.1604992899118511,2391.594910603708,14185.00662688269,10949.087719273464,3235.918907609226,0.08480149159220879
53965,0.16051416197355534,2456.4826163809757,14208.783233519243,10989.708286392493,3219.07494712675,0.08477822827046247
53970,0.16052903403525953,2522.635099780664,14235.268722212988,11029.25738161379,3206.011340599198,0.08476216769878742
53975,0.16054390609696376,2587.3579747434596,14264.625227405888,11068.28152868988,3196.3436987160076,0.08476368425304492
53980,0.16055877815866795,2648.071336591898,14296.886413050133,11107.290066779755,3189.5963462703785,0.08476164340548935
53985,0.16057365022037218,2702.449749400992,14331.947809427578,11146.743288061876,3185.204521365702,0.0847559477585414
53990,0.16058852228207637,2748.5367269478047,14369.563311314325,11187.049935350511,3182.513375963814,0.08474107433998941
53995,0.1606033943437806,2784.8298681343003,14409.349399018907,11228.57107559287,3180.778323426037,0.08471689849548619
54000,0.16061826640548482,2810.33425448291,14450.798390785414,11271.626616174672,3179.1717746107424,0.08468331612889726
